<?xml version="1.0" encoding="UTF-8"?>
<kml xmlns="http://www.opengis.net/kml/2.2"><Document><name>MCM Ward Boundaries (20 wards)</name>
<Placemark><name>Ward 1</name><ExtendedData><Data name="ward"><value>1</value></Data><Data name="labelLat"><value>28.456921</value></Data><Data name="labelLng"><value>76.944330</value></Data></ExtendedData><Polygon><outerBoundaryIs><LinearRing><coordinates>76.9497459,28.4722718 76.9430551,28.4723521 76.9427839,28.4723554 76.9382808,28.4724092 76.9352004,28.4724054 76.9350906,28.4724008 76.9349871,28.4723114 76.9349351,28.4722665 76.9349194,28.4722497 76.9346141,28.4719217 76.9346021,28.4719109 76.9345944,28.4719042 76.9341564,28.4715287 76.9340159,28.4713829 76.9340049,28.4713672 76.9338625,28.4711623 76.9336066,28.4710132 76.9335482,28.4709791 76.9333364,28.4708310 76.9330379,28.4706223 76.9329162,28.4704365 76.9328302,28.4703052 76.9328215,28.4702930 76.9326775,28.4700898 76.9325025,28.4698431 76.9324921,28.4698245 76.9324757,28.4698330 76.9321532,28.4700432 76.9321429,28.4700431 76.9321358,28.4700352 76.9321152,28.4700015 76.9319545,28.4697378 76.9315366,28.4693233 76.9315025,28.4692894 76.9314658,28.4692268 76.9314609,28.4692184 76.9314497,28.4691992 76.9309540,28.4686881 76.9309277,28.4686609 76.9308994,28.4686230 76.9305459,28.4681485 76.9305253,28.4681208 76.9303072,28.4678776 76.9302766,28.4678348 76.9301156,28.4676095 76.9301060,28.4675960 76.9300886,28.4675810 76.9300782,28.4675692 76.9300090,28.4674908 76.9298816,28.4673463 76.9298055,28.4672600 76.9297095,28.4671512 76.9296916,28.4671171 76.9296675,28.4670709 76.9296519,28.4670412 76.9293612,28.4666510 76.9292726,28.4665321 76.9292493,28.4665009 76.9292095,28.4664516 76.9291654,28.4663966 76.9288393,28.4659940 76.9288125,28.4659609 76.9288022,28.4659495 76.9285889,28.4657139 76.9285770,28.4657008 76.9285712,28.4656943 76.9285492,28.4657106 76.9282869,28.4654221 76.9282038,28.4653307 76.9281673,28.4652905 76.9279794,28.4650838 76.9273293,28.4652713 76.9272018,28.4653081 76.9271664,28.4653182 76.9271162,28.4653327 76.9271006,28.4653372 76.9270991,28.4653377 76.9270088,28.4653610 76.9266465,28.4653742 76.9266155,28.4653753 76.9259829,28.4653982 76.9259624,28.4653990 76.9259314,28.4654001 76.9253116,28.4653752 76.9252773,28.4653738 76.9252564,28.4653730 76.9252464,28.4653726 76.9251061,28.4653669 76.9250767,28.4653657 76.9250797,28.4653191 76.9250642,28.4653196 76.9250880,28.4649828 76.9250990,28.4648473 76.9251138,28.4646646 76.9251139,28.4644376 76.9251142,28.4644073 76.9252768,28.4638907 76.9253445,28.4636635 76.9254309,28.4633731 76.9254363,28.4633553 76.9254397,28.4633439 76.9254463,28.4633350 76.9258500,28.4627940 76.9258549,28.4627848 76.9258601,28.4627750 76.9258835,28.4627524 76.9260150,28.4626253 76.9260326,28.4626083 76.9263560,28.4622959 76.9263925,28.4622606 76.9264162,28.4622423 76.9264272,28.4622323 76.9264460,28.4622152 76.9265513,28.4621196 76.9265565,28.4621144 76.9266472,28.4620223 76.9266788,28.4619901 76.9266800,28.4619889 76.9266880,28.4619663 76.9267647,28.4617492 76.9267771,28.4617142 76.9267882,28.4616828 76.9268545,28.4614581 76.9269474,28.4611461 76.9269504,28.4611360 76.9269957,28.4609805 76.9269953,28.4609801 76.9269968,28.4609750 76.9269195,28.4608849 76.9268844,28.4608440 76.9267518,28.4606895 76.9267884,28.4606206 76.9268003,28.4606030 76.9268052,28.4605936 76.9268999,28.4604110 76.9270848,28.4600547 76.9271483,28.4599421 76.9271660,28.4599107 76.9272000,28.4598506 76.9272045,28.4598427 76.9272108,28.4598366 76.9272504,28.4597989 76.9274540,28.4596046 76.9275730,28.4595039 76.9275836,28.4594937 76.9281441,28.4589547 76.9281468,28.4589521 76.9281575,28.4589412 76.9286622,28.4584255 76.9286864,28.4584007 76.9286964,28.4583891 76.9287877,28.4582823 76.9291575,28.4578501 76.9291683,28.4578380 76.9293054,28.4576833 76.9295844,28.4573652 76.9296389,28.4572994 76.9296494,28.4572867 76.9298864,28.4570013 76.9298978,28.4569875 76.9299758,28.4569184 76.9300099,28.4568147 76.9300119,28.4568086 76.9300312,28.4567498 76.9302600,28.4564374 76.9303244,28.4563494 76.9304338,28.4562001 76.9304434,28.4561866 76.9305018,28.4561053 76.9308706,28.4556499 76.9308817,28.4556359 76.9310189,28.4554639 76.9310784,28.4553893 76.9311300,28.4553245 76.9312021,28.4551087 76.9312047,28.4551010 76.9312098,28.4550869 76.9312279,28.4550365 76.9314018,28.4545537 76.9314068,28.4545396 76.9314576,28.4543974 76.9318859,28.4540213 76.9319071,28.4540027 76.9319281,28.4539878 76.9321465,28.4538330 76.9322448,28.4537745 76.9323484,28.4537129 76.9325201,28.4536239 76.9325627,28.4536018 76.9326928,28.4535344 76.9327448,28.4535075 76.9327527,28.4534806 76.9327625,28.4534475 76.9327665,28.4534391 76.9327701,28.4534314 76.9329569,28.4530344 76.9330204,28.4528995 76.9330252,28.4528834 76.9330456,28.4528156 76.9330756,28.4527154 76.9331098,28.4526016 76.9331675,28.4524059 76.9331832,28.4523526 76.9332222,28.4522255 76.9332316,28.4521949 76.9332485,28.4521399 76.9332945,28.4519881 76.9333391,28.4518411 76.9333555,28.4517898 76.9334634,28.4514537 76.9335260,28.4512587 76.9335302,28.4512429 76.9335433,28.4511937 76.9336069,28.4509550 76.9336117,28.4509370 76.9336231,28.4508942 76.9336533,28.4508165 76.9336587,28.4508026 76.9336583,28.4507647 76.9336650,28.4507419 76.9336577,28.4506976 76.9336568,28.4506170 76.9336553,28.4504636 76.9336123,28.4504233 76.9333285,28.4501568 76.9332242,28.4500590 76.9332162,28.4500515 76.9331822,28.4500211 76.9328787,28.4497505 76.9327474,28.4496333 76.9327430,28.4496294 76.9327162,28.4496050 76.9323628,28.4492831 76.9321568,28.4490955 76.9321445,28.4490848 76.9320845,28.4490320 76.9319381,28.4489035 76.9316005,28.4485573 76.9315927,28.4485481 76.9315826,28.4485362 76.9315209,28.4484635 76.9314755,28.4484100 76.9312805,28.4481803 76.9311562,28.4480099 76.9311291,28.4479727 76.9311125,28.4479468 76.9310905,28.4479122 76.9309476,28.4476880 76.9308463,28.4475290 76.9308132,28.4474770 76.9308085,28.4474704 76.9308017,28.4474608 76.9307082,28.4473279 76.9306380,28.4471579 76.9305666,28.4469846 76.9305439,28.4469297 76.9304232,28.4466369 76.9304159,28.4466167 76.9303909,28.4464328 76.9303854,28.4463923 76.9303664,28.4461499 76.9303621,28.4460947 76.9303428,28.4458479 76.9303348,28.4457875 76.9303343,28.4457834 76.9302854,28.4454112 76.9302708,28.4453002 76.9302572,28.4451967 76.9302545,28.4451561 76.9302543,28.4451523 76.9302523,28.4451227 76.9302459,28.4450253 76.9302423,28.4449700 76.9302235,28.4449166 76.9301685,28.4447602 76.9299858,28.4442894 76.9299581,28.4442178 76.9299572,28.4442158 76.9297834,28.4437764 76.9297512,28.4436952 76.9297464,28.4436887 76.9297358,28.4436745 76.9297074,28.4436363 76.9296919,28.4436156 76.9296423,28.4435368 76.9296107,28.4434865 76.9294276,28.4431344 76.9294276,28.4431344 76.9292839,28.4429567 76.9289923,28.4425961 76.9289912,28.4425947 76.9289396,28.4425248 76.9286209,28.4420926 76.9287194,28.4420555 76.9287260,28.4420530 76.9289298,28.4419860 76.9289507,28.4419792 76.9289291,28.4419467 76.9288913,28.4418897 76.9288714,28.4418597 76.9288134,28.4417723 76.9286409,28.4415122 76.9286388,28.4415092 76.9282323,28.4409735 76.9281065,28.4408077 76.9280894,28.4407852 76.9280607,28.4407462 76.9280167,28.4406862 76.9279816,28.4406420 76.9278167,28.4404350 76.9273881,28.4398966 76.9273210,28.4398123 76.9271517,28.4393555 76.9270278,28.4390213 76.9270137,28.4388130 76.9270036,28.4386619 76.9269960,28.4385503 76.9268095,28.4382714 76.9268094,28.4382713 76.9264486,28.4377321 76.9261856,28.4373389 76.9261065,28.4372471 76.9260829,28.4372197 76.9258714,28.4368199 76.9257830,28.4366393 76.9257282,28.4365639 76.9256077,28.4363985 76.9253622,28.4361174 76.9251950,28.4359259 76.9250212,28.4357618 76.9249658,28.4357095 76.9248865,28.4356346 76.9248656,28.4356149 76.9248441,28.4355946 76.9248438,28.4355943 76.9248435,28.4355946 76.9247326,28.4356789 76.9246244,28.4357611 76.9240975,28.4361615 76.9240113,28.4362210 76.9232465,28.4367722 76.9231363,28.4368516 76.9230248,28.4369319 76.9227422,28.4371147 76.9225370,28.4372545 76.9221146,28.4375422 76.9212709,28.4381074 76.9212484,28.4381226 76.9204220,28.4386328 76.9204005,28.4386460 76.9200214,28.4388739 76.9200067,28.4388828 76.9194094,28.4392418 76.9193176,28.4392864 76.9192334,28.4393272 76.9186295,28.4396201 76.9183886,28.4397370 76.9182979,28.4397974 76.9182075,28.4398576 76.9179402,28.4400356 76.9174996,28.4403289 76.9173820,28.4403905 76.9166601,28.4407688 76.9165613,28.4408716 76.9165564,28.4408767 76.9165426,28.4408911 76.9163880,28.4410404 76.9163275,28.4410987 76.9160080,28.4414452 76.9159911,28.4414595 76.9159239,28.4415164 76.9154048,28.4419559 76.9151622,28.4421614 76.9143726,28.4428110 76.9139286,28.4431819 76.9137752,28.4433100 76.9136154,28.4434643 76.9132548,28.4438123 76.9127824,28.4438075 76.9125697,28.4438053 76.9124183,28.4437897 76.9121943,28.4437666 76.9117892,28.4438824 76.9117340,28.4438810 76.9116809,28.4438815 76.9115525,28.4438828 76.9113671,28.4438846 76.9112835,28.4438589 76.9111090,28.4438053 76.9110529,28.4437767 76.9108820,28.4436896 76.9105111,28.4435725 76.9104790,28.4435636 76.9103740,28.4435345 76.9100331,28.4434402 76.9098728,28.4433958 76.9098232,28.4433839 76.9097545,28.4433695 76.9094877,28.4433400 76.9091370,28.4433012 76.9090123,28.4432904 76.9087567,28.4432681 76.9084509,28.4432337 76.9083308,28.4432086 76.9077915,28.4430962 76.9077637,28.4430905 76.9077393,28.4430940 76.9070802,28.4431894 76.9070448,28.4431917 76.9069654,28.4431968 76.9067186,28.4432128 76.9067641,28.4429741 76.9068581,28.4424322 76.9068943,28.4422234 76.9069521,28.4418902 76.9069793,28.4417737 76.9070288,28.4415619 76.9070606,28.4414568 76.9070943,28.4413456 76.9070966,28.4413381 76.9071266,28.4412432 76.9071542,28.4411556 76.9071658,28.4411187 76.9072885,28.4408081 76.9073301,28.4407028 76.9073532,28.4405917 76.9073735,28.4404942 76.9074560,28.4402670 76.9075510,28.4400732 76.9077207,28.4397272 76.9079582,28.4392427 76.9079853,28.4391873 76.9082500,28.4386475 76.9083246,28.4384952 76.9085146,28.4381076 76.9085367,28.4380627 76.9087793,28.4375678 76.9087911,28.4375412 76.9088888,28.4373283 76.9089493,28.4372411 76.9090963,28.4370286 76.9092009,28.4368775 76.9092354,28.4368016 76.9093169,28.4366766 76.9091422,28.4364860 76.9090929,28.4364322 76.9090655,28.4362974 76.9089845,28.4359409 76.9089731,28.4358805 76.9089409,28.4357093 76.9089399,28.4357000 76.9089132,28.4354703 76.9090336,28.4354150 76.9090243,28.4353983 76.9090198,28.4353901 76.9090042,28.4353622 76.9089351,28.4352385 76.9088363,28.4350615 76.9088335,28.4350565 76.9087865,28.4349723 76.9087190,28.4348513 76.9086454,28.4347195 76.9086302,28.4346923 76.9084259,28.4343045 76.9083424,28.4341461 76.9081561,28.4338123 76.9081255,28.4337576 76.9080375,28.4335999 76.9080096,28.4335629 76.9080065,28.4335588 76.9076259,28.4330537 76.9074773,28.4328564 76.9071715,28.4325075 76.9067976,28.4321131 76.9065592,28.4319614 76.9061162,28.4317361 76.9054924,28.4314155 76.9054772,28.4314077 76.9054347,28.4313687 76.9049379,28.4309129 76.9048905,28.4308694 76.9047778,28.4307551 76.9047545,28.4307316 76.9047006,28.4306769 76.9044798,28.4304532 76.9044388,28.4304116 76.9043515,28.4303232 76.9042319,28.4302019 76.9040746,28.4300426 76.9039590,28.4299035 76.9038538,28.4297771 76.9037676,28.4296916 76.9035767,28.4295024 76.9034764,28.4294029 76.9033948,28.4293219 76.9033269,28.4292309 76.9031400,28.4290642 76.9030956,28.4290246 76.9030020,28.4289411 76.9029490,28.4288938 76.9027146,28.4286848 76.9026333,28.4286087 76.9023497,28.4283435 76.9022630,28.4282624 76.9022665,28.4282600 76.9022768,28.4282530 76.9024049,28.4281663 76.9025364,28.4280773 76.9028886,28.4278483 76.9029098,28.4278345 76.9029067,28.4278296 76.9028045,28.4276702 76.9028478,28.4276358 76.9031213,28.4274187 76.9034153,28.4271810 76.9035550,28.4270718 76.9035389,28.4270416 76.9035154,28.4269979 76.9033216,28.4266367 76.9031400,28.4262512 76.9029282,28.4258235 76.9028261,28.4256174 76.9028264,28.4255929 76.9028271,28.4255442 76.9027954,28.4253431 76.9027798,28.4252441 76.9027541,28.4250810 76.9027811,28.4250650 76.9031627,28.4248393 76.9032865,28.4247536 76.9036589,28.4245247 76.9044819,28.4249361 76.9096590,28.4275339 76.9117599,28.4285833 76.9123524,28.4288793 76.9140218,28.4297131 76.9209166,28.4331744 76.9223482,28.4338754 76.9237909,28.4345817 76.9250697,28.4352079 76.9253870,28.4353632 76.9287918,28.4370513 76.9317162,28.4385140 76.9334046,28.4392091 76.9344918,28.4396096 76.9361632,28.4402253 76.9362502,28.4402574 76.9390172,28.4412580 76.9418205,28.4422778 76.9432006,28.4427798 76.9453587,28.4436286 76.9470733,28.4445093 76.9475512,28.4447547 76.9503944,28.4463671 76.9532728,28.4479446 76.9551372,28.4489806 76.9563285,28.4496426 76.9584543,28.4508326 76.9604318,28.4519336 76.9608589,28.4519938 76.9610412,28.4521426 76.9610430,28.4521290 76.9610706,28.4521493 76.9611129,28.4521818 76.9610664,28.4521888 76.9610232,28.4522629 76.9603427,28.4534328 76.9599603,28.4540902 76.9597566,28.4544404 76.9597180,28.4545068 76.9584272,28.4567256 76.9582867,28.4569671 76.9572389,28.4587683 76.9567630,28.4595863 76.9566504,28.4597798 76.9539560,28.4641678 76.9537437,28.4646120 76.9538166,28.4646969 76.9537327,28.4646330 76.9523825,28.4672202 76.9497459,28.4722718</coordinates></LinearRing></outerBoundaryIs></Polygon></Placemark>
<Placemark><name>Ward 2</name><ExtendedData><Data name="ward"><value>2</value></Data><Data name="labelLat"><value>28.440066</value></Data><Data name="labelLng"><value>76.953305</value></Data></ExtendedData><Polygon><outerBoundaryIs><LinearRing><coordinates>76.9501680,28.4249207 76.9503485,28.4248752 76.9503525,28.4248741 76.9503635,28.4248714 76.9510415,28.4247004 76.9510459,28.4246993 76.9510667,28.4246918 76.9510853,28.4246852 76.9516492,28.4244827 76.9517272,28.4244368 76.9517327,28.4244339 76.9520977,28.4242445 76.9522430,28.4241691 76.9524072,28.4240839 76.9524261,28.4240754 76.9525898,28.4240014 76.9530879,28.4237762 76.9531184,28.4237615 76.9533593,28.4236453 76.9534648,28.4235943 76.9534984,28.4235781 76.9537688,28.4234836 76.9538102,28.4234713 76.9544510,28.4232813 76.9544997,28.4232750 76.9547058,28.4232485 76.9547581,28.4232418 76.9548801,28.4232261 76.9550050,28.4232056 76.9550853,28.4231925 76.9551347,28.4231844 76.9553925,28.4231478 76.9556249,28.4231149 76.9556528,28.4231109 76.9558184,28.4230875 76.9558740,28.4230759 76.9559687,28.4230562 76.9562908,28.4229892 76.9563800,28.4229651 76.9565110,28.4229296 76.9565630,28.4229033 76.9570032,28.4227476 76.9571582,28.4226927 76.9572536,28.4226590 76.9573751,28.4226016 76.9577856,28.4222741 76.9578095,28.4222550 76.9579509,28.4221371 76.9581012,28.4220117 76.9582625,28.4218542 76.9583129,28.4218050 76.9585379,28.4215851 76.9585579,28.4215636 76.9586519,28.4214623 76.9589325,28.4211596 76.9590782,28.4210285 76.9591605,28.4209544 76.9592134,28.4209067 76.9596129,28.4205526 76.9596779,28.4204949 76.9598901,28.4203068 76.9600451,28.4201033 76.9600750,28.4200640 76.9601257,28.4200127 76.9601458,28.4199923 76.9601782,28.4199595 76.9602837,28.4198526 76.9606153,28.4195166 76.9607075,28.4194245 76.9607562,28.4193760 76.9609483,28.4191843 76.9609887,28.4191440 76.9611705,28.4189624 76.9612401,28.4188930 76.9612438,28.4188898 76.9614157,28.4187389 76.9614571,28.4187026 76.9617050,28.4184849 76.9617850,28.4184147 76.9619168,28.4182990 76.9624695,28.4177989 76.9625931,28.4176870 76.9630367,28.4173243 76.9632708,28.4171641 76.9639505,28.4167731 76.9641884,28.4166496 76.9646307,28.4164200 76.9650152,28.4162333 76.9650528,28.4163288 76.9645830,28.4171465 76.9643815,28.4174971 76.9643374,28.4176052 76.9629863,28.4209133 76.9627196,28.4215665 76.9627157,28.4215886 76.9627077,28.4216345 76.9625206,28.4227053 76.9623251,28.4238239 76.9618401,28.4265988 76.9612778,28.4299386 76.9612676,28.4299993 76.9610613,28.4315208 76.9604451,28.4360645 76.9602633,28.4374056 76.9602538,28.4389522 76.9602520,28.4392398 76.9602341,28.4421506 76.9605470,28.4451350 76.9606432,28.4460527 76.9608182,28.4469001 76.9614252,28.4498400 76.9614406,28.4499147 76.9612782,28.4512153 76.9611584,28.4521749 76.9611129,28.4521818 76.9610706,28.4521493 76.9610430,28.4521290 76.9610412,28.4521426 76.9608589,28.4519938 76.9604318,28.4519336 76.9584543,28.4508326 76.9563285,28.4496426 76.9551372,28.4489806 76.9532728,28.4479446 76.9503944,28.4463671 76.9475512,28.4447547 76.9470733,28.4445093 76.9453587,28.4436286 76.9432006,28.4427798 76.9418205,28.4422778 76.9390172,28.4412580 76.9362502,28.4402574 76.9361632,28.4402253 76.9344918,28.4396096 76.9334046,28.4392091 76.9317162,28.4385140 76.9287918,28.4370513 76.9253870,28.4353632 76.9250697,28.4352079 76.9251559,28.4350281 76.9251870,28.4349632 76.9251989,28.4349376 76.9253368,28.4346416 76.9253859,28.4345982 76.9254336,28.4345561 76.9255062,28.4344920 76.9255206,28.4344785 76.9255274,28.4344722 76.9255386,28.4344617 76.9260475,28.4339871 76.9260608,28.4339802 76.9261662,28.4339250 76.9262305,28.4338804 76.9267238,28.4335390 76.9268582,28.4334469 76.9268832,28.4334298 76.9269208,28.4334040 76.9269716,28.4333692 76.9273999,28.4330833 76.9276538,28.4329141 76.9276546,28.4329136 76.9278056,28.4328129 76.9280748,28.4325598 76.9281337,28.4325044 76.9281902,28.4325543 76.9283013,28.4324456 76.9284663,28.4322842 76.9287999,28.4319840 76.9289329,28.4318644 76.9289526,28.4318433 76.9289943,28.4317971 76.9294867,28.4313067 76.9295885,28.4312087 76.9296877,28.4311131 76.9303131,28.4305419 76.9303804,28.4304804 76.9307324,28.4302358 76.9311124,28.4299685 76.9319998,28.4292970 76.9328318,28.4287579 76.9328731,28.4287312 76.9328647,28.4287178 76.9331115,28.4285787 76.9331434,28.4285572 76.9332122,28.4285107 76.9333071,28.4284466 76.9337814,28.4281794 76.9338382,28.4281474 76.9339860,28.4280641 76.9340540,28.4280379 76.9341376,28.4280091 76.9343587,28.4279288 76.9345298,28.4278667 76.9345816,28.4278479 76.9346665,28.4278171 76.9351272,28.4276948 76.9352194,28.4276704 76.9353478,28.4276363 76.9359082,28.4275024 76.9360294,28.4274735 76.9361147,28.4274614 76.9361888,28.4274510 76.9365957,28.4273934 76.9367118,28.4273770 76.9372349,28.4273030 76.9372829,28.4272962 76.9373943,28.4272804 76.9374374,28.4272762 76.9375336,28.4272668 76.9379694,28.4272244 76.9380772,28.4272139 76.9383346,28.4271946 76.9385332,28.4271796 76.9386555,28.4271704 76.9386898,28.4271678 76.9387603,28.4271625 76.9393422,28.4270931 76.9393349,28.4286367 76.9421490,28.4286534 76.9422821,28.4312954 76.9423011,28.4319141 76.9452103,28.4315964 76.9452484,28.4330678 76.9484988,28.4330970 76.9545654,28.4331514 76.9545855,28.4282818 76.9545393,28.4282908 76.9541961,28.4283575 76.9537535,28.4283782 76.9535023,28.4283770 76.9531966,28.4283503 76.9510952,28.4280486 76.9495715,28.4278296 76.9501680,28.4249207</coordinates></LinearRing></outerBoundaryIs></Polygon></Placemark>
<Placemark><name>Ward 3</name><ExtendedData><Data name="ward"><value>3</value></Data><Data name="labelLat"><value>28.420578</value></Data><Data name="labelLng"><value>76.935900</value></Data></ExtendedData><Polygon><outerBoundaryIs><LinearRing><coordinates>76.9545654,28.4331514 76.9484988,28.4330970 76.9452484,28.4330678 76.9452103,28.4315964 76.9423011,28.4319141 76.9422821,28.4312954 76.9421490,28.4286534 76.9393349,28.4286367 76.9393422,28.4270931 76.9387603,28.4271625 76.9386898,28.4271678 76.9386555,28.4271704 76.9385332,28.4271796 76.9383346,28.4271946 76.9380772,28.4272139 76.9379694,28.4272244 76.9375336,28.4272668 76.9374374,28.4272762 76.9373943,28.4272804 76.9372829,28.4272962 76.9372349,28.4273030 76.9367118,28.4273770 76.9365957,28.4273934 76.9361888,28.4274510 76.9361147,28.4274614 76.9360294,28.4274735 76.9359082,28.4275024 76.9353478,28.4276363 76.9352194,28.4276704 76.9351272,28.4276948 76.9346665,28.4278171 76.9345816,28.4278479 76.9345298,28.4278667 76.9343587,28.4279288 76.9341376,28.4280091 76.9340540,28.4280379 76.9339860,28.4280641 76.9338382,28.4281474 76.9337814,28.4281794 76.9333071,28.4284466 76.9332122,28.4285107 76.9331434,28.4285572 76.9331115,28.4285787 76.9328647,28.4287178 76.9328258,28.4287397 76.9325026,28.4281552 76.9324695,28.4281091 76.9324183,28.4280084 76.9323837,28.4279534 76.9320976,28.4275952 76.9318789,28.4273728 76.9316905,28.4270501 76.9316702,28.4270150 76.9315851,28.4268673 76.9314641,28.4265010 76.9313725,28.4262788 76.9312378,28.4259518 76.9311709,28.4258171 76.9309258,28.4254011 76.9306471,28.4249773 76.9305626,28.4248494 76.9304963,28.4247573 76.9301138,28.4242960 76.9300729,28.4242390 76.9296491,28.4236453 76.9295821,28.4235320 76.9292333,28.4231896 76.9291667,28.4231127 76.9289089,28.4228799 76.9287845,28.4226363 76.9283870,28.4220839 76.9281728,28.4217219 76.9280923,28.4215334 76.9279773,28.4212544 76.9278659,28.4209843 76.9276567,28.4204355 76.9276193,28.4203509 76.9274133,28.4198860 76.9272519,28.4195456 76.9271527,28.4193362 76.9268873,28.4188405 76.9268580,28.4187858 76.9267542,28.4186029 76.9266949,28.4182832 76.9266864,28.4182377 76.9265736,28.4178885 76.9265240,28.4177352 76.9265080,28.4176894 76.9263330,28.4171413 76.9263093,28.4171099 76.9262821,28.4170738 76.9262532,28.4170356 76.9263768,28.4169488 76.9264174,28.4169203 76.9264596,28.4168907 76.9263634,28.4165970 76.9262048,28.4161002 76.9261892,28.4160514 76.9261884,28.4160488 76.9261635,28.4160280 76.9261947,28.4160129 76.9262673,28.4159775 76.9265153,28.4158569 76.9266312,28.4158005 76.9269034,28.4156680 76.9269259,28.4156541 76.9276764,28.4152018 76.9278651,28.4150782 76.9279944,28.4149935 76.9284717,28.4147081 76.9287184,28.4145606 76.9288229,28.4144770 76.9288411,28.4144647 76.9288852,28.4144349 76.9292722,28.4141740 76.9293964,28.4140904 76.9296403,28.4139281 76.9299305,28.4137347 76.9303104,28.4134574 76.9303858,28.4134043 76.9306046,28.4132420 76.9307787,28.4131242 76.9310183,28.4129372 76.9311006,28.4128730 76.9311143,28.4128599 76.9314782,28.4125124 76.9316904,28.4123394 76.9317039,28.4123241 76.9318214,28.4121908 76.9318810,28.4121233 76.9321047,28.4118696 76.9321630,28.4118035 76.9321792,28.4117868 76.9322076,28.4117576 76.9325317,28.4114233 76.9325586,28.4113956 76.9321208,28.4106998 76.9318017,28.4101527 76.9316897,28.4099607 76.9316349,28.4098758 76.9316347,28.4098756 76.9314603,28.4096054 76.9311934,28.4091258 76.9311617,28.4090585 76.9309144,28.4085123 76.9308210,28.4082779 76.9307322,28.4081582 76.9306158,28.4079655 76.9305754,28.4079079 76.9303394,28.4075710 76.9302500,28.4074433 76.9302320,28.4074176 76.9299278,28.4068708 76.9297738,28.4066323 76.9296179,28.4063238 76.9294042,28.4058112 76.9294047,28.4057780 76.9291254,28.4051454 76.9290825,28.4050482 76.9290702,28.4049310 76.9290895,28.4049147 76.9291565,28.4048092 76.9290631,28.4045738 76.9290464,28.4045316 76.9290264,28.4045124 76.9289770,28.4044648 76.9289510,28.4043777 76.9288880,28.4042801 76.9288905,28.4041747 76.9287286,28.4034964 76.9288441,28.4034198 76.9289847,28.4033265 76.9289886,28.4033239 76.9291714,28.4031871 76.9292379,28.4031465 76.9294220,28.4030340 76.9296552,28.4028915 76.9298378,28.4027702 76.9298730,28.4027468 76.9302232,28.4025044 76.9304181,28.4023695 76.9304467,28.4023528 76.9305757,28.4022773 76.9306538,28.4021963 76.9307243,28.4022525 76.9308882,28.4023830 76.9310364,28.4025048 76.9312442,28.4026757 76.9314041,28.4028191 76.9315503,28.4029459 76.9317576,28.4030783 76.9319088,28.4031750 76.9321268,28.4033250 76.9321946,28.4033716 76.9325759,28.4036102 76.9327342,28.4037139 76.9330395,28.4039138 76.9332128,28.4040331 76.9333817,28.4041827 76.9333985,28.4041992 76.9334600,28.4042594 76.9334835,28.4042812 76.9338745,28.4046442 76.9343376,28.4051560 76.9343688,28.4052022 76.9344059,28.4052530 76.9345558,28.4054584 76.9347157,28.4057021 76.9347517,28.4057571 76.9348207,28.4058606 76.9349024,28.4059833 76.9349163,28.4060041 76.9350933,28.4062593 76.9351297,28.4063118 76.9352062,28.4064128 76.9354344,28.4067142 76.9355041,28.4068310 76.9355152,28.4068496 76.9355091,28.4068528 76.9355687,28.4069645 76.9356334,28.4070855 76.9358395,28.4075144 76.9358939,28.4076275 76.9359186,28.4076728 76.9359784,28.4077554 76.9359892,28.4077746 76.9361395,28.4080417 76.9361916,28.4081341 76.9363864,28.4084802 76.9364634,28.4086159 76.9367756,28.4091667 76.9367777,28.4091704 76.9369717,28.4095210 76.9370802,28.4097173 76.9371056,28.4097632 76.9371221,28.4097930 76.9372813,28.4101195 76.9372970,28.4101452 76.9373717,28.4102677 76.9374126,28.4103346 76.9375304,28.4105016 76.9376824,28.4107879 76.9377291,28.4108759 76.9377848,28.4109815 76.9377854,28.4109827 76.9377195,28.4110288 76.9376758,28.4110593 76.9374192,28.4112389 76.9371476,28.4114290 76.9369790,28.4115590 76.9368832,28.4116329 76.9371144,28.4118973 76.9371352,28.4119211 76.9371814,28.4119740 76.9372137,28.4120078 76.9373926,28.4122126 76.9373928,28.4122129 76.9376011,28.4124514 76.9376403,28.4125278 76.9380362,28.4130044 76.9383057,28.4133273 76.9383331,28.4133455 76.9386209,28.4135356 76.9386474,28.4135608 76.9386786,28.4135905 76.9387828,28.4136908 76.9392761,28.4141176 76.9393633,28.4141929 76.9394589,28.4142699 76.9394762,28.4142878 76.9397887,28.4146115 76.9398309,28.4146729 76.9401676,28.4150591 76.9403139,28.4152268 76.9406327,28.4155996 76.9407875,28.4157806 76.9409639,28.4159852 76.9409792,28.4160029 76.9412885,28.4163161 76.9414253,28.4162970 76.9418356,28.4162111 76.9420132,28.4161374 76.9423492,28.4160069 76.9423636,28.4159986 76.9426270,28.4158456 76.9427207,28.4157896 76.9430439,28.4155962 76.9433563,28.4154205 76.9437380,28.4152090 76.9439061,28.4151005 76.9442789,28.4148875 76.9444187,28.4148170 76.9444323,28.4148102 76.9445287,28.4147616 76.9449582,28.4145452 76.9451254,28.4144645 76.9456377,28.4142172 76.9456716,28.4141952 76.9458182,28.4141285 76.9458246,28.4141256 76.9458529,28.4141108 76.9461457,28.4139584 76.9462902,28.4138931 76.9463207,28.4138793 76.9465111,28.4137929 76.9468327,28.4136198 76.9469724,28.4135447 76.9469793,28.4135414 76.9469964,28.4135332 76.9472045,28.4134296 76.9473745,28.4133449 76.9473951,28.4133359 76.9477168,28.4131942 76.9478968,28.4131149 76.9481332,28.4129927 76.9485902,28.4127564 76.9486179,28.4127406 76.9487784,28.4126624 76.9491346,28.4124886 76.9492483,28.4124412 76.9492826,28.4124269 76.9492828,28.4124268 76.9492850,28.4124260 76.9498006,28.4122495 76.9499730,28.4122006 76.9500371,28.4121793 76.9506632,28.4119714 76.9513524,28.4117876 76.9519945,28.4115744 76.9520426,28.4115585 76.9527332,28.4113142 76.9529749,28.4112279 76.9534252,28.4110094 76.9535400,28.4109563 76.9539659,28.4107595 76.9541176,28.4106895 76.9548078,28.4104603 76.9549727,28.4104199 76.9550552,28.4103997 76.9554292,28.4103081 76.9554965,28.4102916 76.9560123,28.4101727 76.9561069,28.4101373 76.9561857,28.4101078 76.9562372,28.4101005 76.9562702,28.4100791 76.9568766,28.4098484 76.9569407,28.4098271 76.9575668,28.4096192 76.9579526,28.4094911 76.9582570,28.4093900 76.9589473,28.4091540 76.9591201,28.4090884 76.9594567,28.4089627 76.9596370,28.4089467 76.9596716,28.4089322 76.9599200,28.4089277 76.9603246,28.4088234 76.9604619,28.4087789 76.9607497,28.4087212 76.9607530,28.4086845 76.9607584,28.4086828 76.9608279,28.4089012 76.9608834,28.4090760 76.9610655,28.4095956 76.9610757,28.4096245 76.9613171,28.4101238 76.9613401,28.4101743 76.9613622,28.4102227 76.9613697,28.4102403 76.9614562,28.4104604 76.9614730,28.4105032 76.9615484,28.4106577 76.9615696,28.4107010 76.9615806,28.4107236 76.9616452,28.4108560 76.9617372,28.4110444 76.9618022,28.4111557 76.9618577,28.4112736 76.9619060,28.4113589 76.9621698,28.4118243 76.9623557,28.4121204 76.9623582,28.4121261 76.9623897,28.4121798 76.9624185,28.4122203 76.9626398,28.4125321 76.9627359,28.4126664 76.9629183,28.4129787 76.9630516,28.4132072 76.9633846,28.4137478 76.9634286,28.4138126 76.9637518,28.4142882 76.9639868,28.4146043 76.9641017,28.4147588 76.9641534,28.4148283 76.9644032,28.4151351 76.9644554,28.4151993 76.9644583,28.4152028 76.9645429,28.4153108 76.9645491,28.4153188 76.9645744,28.4153495 76.9645893,28.4153682 76.9647820,28.4156789 76.9647888,28.4156872 76.9648237,28.4157297 76.9648725,28.4157891 76.9648764,28.4158196 76.9648879,28.4159091 76.9649215,28.4159947 76.9649533,28.4160756 76.9650152,28.4162333 76.9646307,28.4164200 76.9641884,28.4166496 76.9639505,28.4167731 76.9632708,28.4171641 76.9630367,28.4173243 76.9625931,28.4176870 76.9624695,28.4177989 76.9619168,28.4182990 76.9617850,28.4184147 76.9617050,28.4184849 76.9614571,28.4187026 76.9614157,28.4187389 76.9612438,28.4188898 76.9612401,28.4188930 76.9611705,28.4189624 76.9609887,28.4191440 76.9609483,28.4191843 76.9607562,28.4193760 76.9607075,28.4194245 76.9606153,28.4195166 76.9602837,28.4198526 76.9601782,28.4199595 76.9601458,28.4199923 76.9601257,28.4200127 76.9600750,28.4200640 76.9600451,28.4201033 76.9598901,28.4203068 76.9596779,28.4204949 76.9596129,28.4205526 76.9592134,28.4209067 76.9591605,28.4209544 76.9590782,28.4210285 76.9589325,28.4211596 76.9586519,28.4214623 76.9585579,28.4215636 76.9585379,28.4215851 76.9583129,28.4218050 76.9582625,28.4218542 76.9581012,28.4220117 76.9579509,28.4221371 76.9578095,28.4222550 76.9577856,28.4222741 76.9573751,28.4226016 76.9572536,28.4226590 76.9571582,28.4226927 76.9570032,28.4227476 76.9565630,28.4229033 76.9565110,28.4229296 76.9563800,28.4229651 76.9562908,28.4229892 76.9559687,28.4230562 76.9558740,28.4230759 76.9558184,28.4230875 76.9556528,28.4231109 76.9556249,28.4231149 76.9553925,28.4231478 76.9551347,28.4231844 76.9550853,28.4231925 76.9550050,28.4232056 76.9548801,28.4232261 76.9547581,28.4232418 76.9547058,28.4232485 76.9544997,28.4232750 76.9544510,28.4232813 76.9538102,28.4234713 76.9537688,28.4234836 76.9534984,28.4235781 76.9534648,28.4235943 76.9533593,28.4236453 76.9531184,28.4237615 76.9530879,28.4237762 76.9525898,28.4240014 76.9524261,28.4240754 76.9524072,28.4240839 76.9522430,28.4241691 76.9520977,28.4242445 76.9517327,28.4244339 76.9517272,28.4244368 76.9516492,28.4244827 76.9510853,28.4246852 76.9510667,28.4246918 76.9510459,28.4246993 76.9510415,28.4247004 76.9503635,28.4248714 76.9503525,28.4248741 76.9503485,28.4248752 76.9501680,28.4249207 76.9495715,28.4278296 76.9510952,28.4280486 76.9531966,28.4283503 76.9535023,28.4283770 76.9537535,28.4283782 76.9541961,28.4283575 76.9545393,28.4282908 76.9545855,28.4282818 76.9545654,28.4331514</coordinates></LinearRing></outerBoundaryIs></Polygon></Placemark>
<Placemark><name>Ward 4</name><ExtendedData><Data name="ward"><value>4</value></Data><Data name="labelLat"><value>28.421508</value></Data><Data name="labelLng"><value>76.918054</value></Data></ExtendedData><Polygon><outerBoundaryIs><LinearRing><coordinates>76.9316349,28.4098758 76.9316897,28.4099607 76.9318017,28.4101527 76.9321208,28.4106998 76.9325586,28.4113956 76.9325317,28.4114233 76.9322076,28.4117576 76.9321792,28.4117868 76.9321630,28.4118035 76.9321047,28.4118696 76.9318810,28.4121233 76.9318214,28.4121908 76.9317039,28.4123241 76.9316904,28.4123394 76.9314782,28.4125124 76.9311143,28.4128599 76.9311006,28.4128730 76.9310183,28.4129372 76.9307787,28.4131242 76.9306046,28.4132420 76.9303858,28.4134043 76.9303104,28.4134574 76.9299305,28.4137347 76.9296403,28.4139281 76.9293964,28.4140904 76.9292722,28.4141740 76.9288852,28.4144349 76.9288411,28.4144647 76.9288229,28.4144770 76.9287184,28.4145606 76.9284717,28.4147081 76.9279944,28.4149935 76.9278651,28.4150782 76.9276764,28.4152018 76.9269259,28.4156541 76.9269034,28.4156680 76.9266312,28.4158005 76.9265153,28.4158569 76.9262673,28.4159775 76.9261947,28.4160129 76.9261635,28.4160280 76.9261884,28.4160488 76.9261892,28.4160514 76.9262048,28.4161002 76.9263634,28.4165970 76.9264596,28.4168907 76.9264174,28.4169203 76.9263768,28.4169488 76.9262532,28.4170356 76.9262821,28.4170738 76.9263093,28.4171099 76.9263330,28.4171413 76.9265080,28.4176894 76.9265240,28.4177352 76.9265736,28.4178885 76.9266864,28.4182377 76.9266949,28.4182832 76.9267542,28.4186029 76.9268580,28.4187858 76.9268873,28.4188405 76.9271527,28.4193362 76.9272519,28.4195456 76.9274133,28.4198860 76.9276193,28.4203509 76.9276567,28.4204355 76.9278659,28.4209843 76.9279773,28.4212544 76.9280923,28.4215334 76.9281728,28.4217219 76.9283870,28.4220839 76.9287845,28.4226363 76.9289089,28.4228799 76.9291667,28.4231127 76.9292333,28.4231896 76.9295821,28.4235320 76.9296491,28.4236453 76.9300729,28.4242390 76.9301138,28.4242960 76.9304963,28.4247573 76.9305626,28.4248494 76.9306471,28.4249773 76.9309258,28.4254011 76.9311709,28.4258171 76.9312378,28.4259518 76.9313725,28.4262788 76.9314641,28.4265010 76.9315851,28.4268673 76.9316702,28.4270150 76.9316905,28.4270501 76.9318789,28.4273728 76.9320976,28.4275952 76.9323837,28.4279534 76.9324183,28.4280084 76.9324695,28.4281091 76.9325026,28.4281552 76.9328258,28.4287397 76.9328647,28.4287178 76.9328731,28.4287312 76.9328318,28.4287579 76.9319998,28.4292970 76.9311124,28.4299685 76.9307324,28.4302358 76.9303804,28.4304804 76.9303131,28.4305419 76.9296877,28.4311131 76.9295885,28.4312087 76.9294867,28.4313067 76.9289943,28.4317971 76.9289526,28.4318433 76.9289329,28.4318644 76.9287999,28.4319840 76.9284663,28.4322842 76.9283013,28.4324456 76.9281902,28.4325543 76.9281337,28.4325044 76.9280748,28.4325598 76.9278056,28.4328129 76.9276546,28.4329136 76.9276538,28.4329141 76.9273999,28.4330833 76.9269716,28.4333692 76.9269208,28.4334040 76.9268832,28.4334298 76.9268582,28.4334469 76.9267238,28.4335390 76.9262305,28.4338804 76.9261662,28.4339250 76.9260608,28.4339802 76.9260475,28.4339871 76.9255386,28.4344617 76.9255274,28.4344722 76.9255206,28.4344785 76.9255062,28.4344920 76.9254336,28.4345561 76.9253859,28.4345982 76.9253368,28.4346416 76.9251989,28.4349376 76.9251870,28.4349632 76.9251559,28.4350281 76.9250697,28.4352079 76.9237909,28.4345817 76.9223482,28.4338754 76.9209166,28.4331744 76.9140218,28.4297131 76.9123524,28.4288793 76.9117599,28.4285833 76.9096590,28.4275339 76.9044819,28.4249361 76.9036589,28.4245247 76.9037488,28.4244694 76.9038985,28.4243750 76.9040128,28.4243030 76.9039856,28.4242767 76.9039442,28.4242367 76.9037133,28.4239258 76.9035099,28.4236518 76.9034721,28.4236216 76.9033488,28.4235260 76.9032761,28.4234224 76.9032440,28.4233768 76.9031874,28.4232962 76.9031600,28.4232572 76.9030549,28.4231076 76.9028772,28.4228667 76.9028504,28.4228857 76.9027831,28.4229336 76.9026545,28.4227818 76.9025529,28.4226478 76.9025428,28.4226325 76.9025194,28.4225849 76.9025087,28.4225632 76.9023069,28.4222787 76.9022195,28.4221555 76.9022141,28.4221479 76.9022592,28.4221096 76.9023658,28.4220192 76.9030226,28.4214760 76.9030881,28.4214296 76.9031245,28.4214037 76.9034392,28.4212755 76.9037835,28.4211389 76.9040005,28.4210528 76.9040320,28.4210403 76.9041257,28.4210031 76.9042792,28.4209298 76.9042917,28.4209238 76.9044018,28.4208712 76.9045377,28.4208063 76.9045931,28.4207695 76.9047290,28.4206796 76.9048123,28.4206245 76.9048401,28.4206067 76.9049901,28.4205104 76.9050457,28.4204748 76.9050897,28.4204465 76.9052829,28.4203225 76.9053789,28.4202609 76.9054320,28.4202328 76.9054990,28.4201973 76.9059717,28.4199388 76.9061856,28.4198217 76.9063573,28.4197157 76.9064233,28.4196833 76.9064951,28.4196405 76.9064966,28.4196396 76.9066343,28.4195574 76.9066366,28.4195560 76.9066553,28.4195332 76.9066609,28.4195263 76.9067865,28.4193730 76.9067882,28.4193710 76.9068221,28.4193494 76.9068359,28.4193473 76.9068733,28.4193419 76.9069067,28.4193370 76.9071127,28.4191703 76.9072160,28.4190812 76.9073526,28.4189635 76.9074363,28.4188913 76.9075591,28.4187854 76.9077929,28.4186396 76.9078166,28.4186248 76.9080436,28.4184406 76.9081632,28.4183435 76.9083537,28.4182090 76.9083798,28.4181895 76.9087032,28.4179468 76.9087344,28.4179278 76.9089326,28.4178067 76.9089745,28.4177764 76.9093102,28.4175340 76.9093288,28.4175234 76.9094067,28.4174791 76.9096192,28.4173583 76.9100904,28.4170232 76.9100142,28.4169885 76.9099795,28.4169431 76.9096201,28.4164726 76.9095858,28.4164422 76.9095348,28.4163944 76.9095146,28.4163755 76.9094478,28.4163129 76.9094649,28.4162987 76.9096204,28.4161692 76.9099466,28.4158965 76.9101345,28.4157385 76.9103072,28.4155934 76.9105990,28.4153510 76.9108264,28.4151573 76.9109939,28.4150146 76.9112515,28.4148055 76.9114661,28.4146389 76.9115179,28.4145987 76.9116253,28.4145153 76.9115221,28.4143397 76.9114750,28.4142596 76.9114434,28.4142004 76.9113453,28.4140162 76.9112570,28.4138506 76.9112205,28.4137820 76.9111912,28.4137271 76.9111839,28.4137134 76.9110601,28.4132480 76.9110386,28.4131673 76.9010600,28.4086690 76.8985779,28.4075499 76.9022195,28.4050637 76.9037783,28.4038959 76.9043330,28.4032076 76.9062266,28.4026439 76.9082641,28.4012790 76.9082886,28.4013805 76.9085348,28.4011322 76.9109267,28.3995119 76.9109304,28.3995165 76.9109633,28.3995574 76.9111844,28.3994974 76.9114374,28.3994288 76.9115838,28.3993662 76.9118666,28.3993564 76.9121229,28.3993475 76.9124219,28.3992351 76.9124848,28.3992114 76.9125490,28.3992313 76.9127456,28.3992923 76.9128282,28.3993469 76.9132448,28.3996218 76.9134115,28.3997389 76.9137119,28.3999528 76.9140439,28.4001912 76.9143106,28.4004469 76.9145694,28.4006976 76.9145775,28.4006936 76.9146071,28.4007270 76.9146233,28.4007452 76.9146239,28.4007459 76.9147419,28.4006581 76.9148374,28.4005871 76.9149583,28.4005205 76.9151390,28.4004155 76.9153454,28.4003132 76.9153888,28.4002931 76.9154632,28.4003059 76.9155262,28.4003166 76.9157062,28.4002284 76.9157826,28.4001909 76.9158125,28.4001762 76.9159824,28.4000930 76.9162162,28.3999783 76.9163460,28.3999051 76.9165974,28.3997635 76.9166773,28.3997185 76.9166921,28.3997101 76.9166899,28.3997070 76.9166829,28.3996974 76.9166829,28.3996973 76.9173281,28.3995350 76.9174759,28.3994971 76.9175183,28.3995763 76.9175803,28.3996923 76.9176563,28.3998346 76.9178794,28.4002262 76.9179293,28.4002156 76.9179673,28.4002004 76.9179816,28.4001947 76.9180363,28.4001808 76.9180874,28.4001679 76.9183664,28.4000973 76.9186757,28.3999933 76.9187176,28.3999813 76.9191488,28.3998587 76.9193407,28.3997877 76.9193705,28.3997767 76.9193988,28.3997695 76.9197963,28.3996675 76.9198589,28.3996514 76.9198796,28.3996461 76.9200675,28.3995149 76.9200793,28.3995081 76.9203693,28.3993419 76.9204885,28.3993942 76.9207523,28.3995098 76.9207635,28.3995132 76.9208417,28.3995364 76.9211042,28.3996528 76.9212131,28.3997011 76.9212891,28.3997348 76.9214234,28.3997964 76.9214520,28.3998067 76.9214541,28.3998075 76.9218741,28.3999603 76.9220957,28.4000587 76.9221400,28.4000749 76.9221744,28.4000874 76.9221905,28.4000933 76.9222715,28.4000377 76.9223303,28.3999973 76.9226433,28.3997824 76.9230663,28.3995420 76.9239271,28.3990088 76.9241752,28.3988621 76.9243438,28.3987586 76.9248113,28.3984719 76.9248253,28.3984634 76.9248535,28.3984498 76.9249111,28.3984220 76.9251661,28.3983424 76.9253019,28.3984818 76.9253384,28.3985163 76.9255303,28.3986975 76.9255414,28.3987094 76.9255802,28.3987509 76.9258572,28.3990470 76.9258627,28.3990549 76.9262260,28.3995752 76.9262382,28.3995951 76.9262384,28.3995955 76.9262448,28.3996061 76.9263900,28.3998452 76.9265072,28.3999791 76.9266050,28.3999958 76.9266328,28.4000332 76.9267080,28.4001343 76.9270750,28.4006747 76.9271449,28.4007798 76.9272481,28.4009161 76.9272890,28.4009870 76.9273345,28.4010548 76.9274078,28.4012155 76.9277234,28.4017564 76.9277783,28.4018505 76.9280391,28.4022974 76.9280913,28.4023573 76.9282740,28.4026522 76.9283890,28.4028379 76.9285779,28.4031544 76.9285859,28.4031720 76.9285876,28.4031758 76.9287286,28.4034964 76.9288905,28.4041747 76.9288880,28.4042801 76.9289510,28.4043777 76.9289770,28.4044648 76.9290264,28.4045124 76.9290464,28.4045316 76.9290631,28.4045738 76.9291565,28.4048092 76.9290895,28.4049147 76.9290702,28.4049310 76.9290825,28.4050482 76.9291254,28.4051454 76.9294047,28.4057780 76.9294042,28.4058112 76.9296179,28.4063238 76.9297738,28.4066323 76.9299278,28.4068708 76.9302320,28.4074176 76.9302500,28.4074433 76.9303394,28.4075710 76.9305754,28.4079079 76.9306158,28.4079655 76.9307322,28.4081582 76.9308210,28.4082779 76.9309144,28.4085123 76.9311617,28.4090585 76.9311934,28.4091258 76.9314603,28.4096054 76.9316347,28.4098756 76.9316349,28.4098758</coordinates></LinearRing></outerBoundaryIs></Polygon></Placemark>
<Placemark><name>Ward 5</name><ExtendedData><Data name="ward"><value>5</value></Data><Data name="labelLat"><value>28.389885</value></Data><Data name="labelLng"><value>76.922841</value></Data></ExtendedData><Polygon><outerBoundaryIs><LinearRing><coordinates>76.9200793,28.3995081 76.9200675,28.3995149 76.9198796,28.3996461 76.9198589,28.3996514 76.9197963,28.3996675 76.9193988,28.3997695 76.9193705,28.3997767 76.9193407,28.3997877 76.9191488,28.3998587 76.9187176,28.3999813 76.9186757,28.3999933 76.9183664,28.4000973 76.9180874,28.4001679 76.9180363,28.4001808 76.9179816,28.4001947 76.9179673,28.4002004 76.9179293,28.4002156 76.9178794,28.4002262 76.9176563,28.3998346 76.9175803,28.3996923 76.9175183,28.3995763 76.9174759,28.3994971 76.9173281,28.3995350 76.9166829,28.3996973 76.9166826,28.3996974 76.9166538,28.3997046 76.9166501,28.3996969 76.9166448,28.3996857 76.9165413,28.3994686 76.9164347,28.3992448 76.9163948,28.3991490 76.9162750,28.3988617 76.9162041,28.3986914 76.9161638,28.3986014 76.9159564,28.3981375 76.9159068,28.3980535 76.9158838,28.3980145 76.9157599,28.3975854 76.9157305,28.3975067 76.9155928,28.3971385 76.9155635,28.3970334 76.9155418,28.3969597 76.9154159,28.3965326 76.9154012,28.3964826 76.9153764,28.3964131 76.9153601,28.3963675 76.9153197,28.3962544 76.9153186,28.3962500 76.9152389,28.3959318 76.9152157,28.3958665 76.9150424,28.3953797 76.9150317,28.3953195 76.9150255,28.3952849 76.9147947,28.3948257 76.9147615,28.3947714 76.9145747,28.3944668 76.9145505,28.3942960 76.9145471,28.3942718 76.9143715,28.3938110 76.9143506,28.3937197 76.9142606,28.3934431 76.9141713,28.3931683 76.9141581,28.3931299 76.9140472,28.3928065 76.9140191,28.3926778 76.9140170,28.3926682 76.9140261,28.3926181 76.9140203,28.3925840 76.9140203,28.3925837 76.9140127,28.3925382 76.9140122,28.3925357 76.9139934,28.3924916 76.9139847,28.3924316 76.9139465,28.3921684 76.9139321,28.3920698 76.9139210,28.3920379 76.9139062,28.3919951 76.9137870,28.3915196 76.9137814,28.3914916 76.9137481,28.3913241 76.9137113,28.3912051 76.9136457,28.3910558 76.9136382,28.3910450 76.9136369,28.3910434 76.9135735,28.3909669 76.9135626,28.3909442 76.9135255,28.3908664 76.9132549,28.3903955 76.9132415,28.3903677 76.9132410,28.3903666 76.9132132,28.3903418 76.9131712,28.3902218 76.9129909,28.3898475 76.9129497,28.3897322 76.9127954,28.3893004 76.9127668,28.3891780 76.9127227,28.3890581 76.9127044,28.3889101 76.9126682,28.3887543 76.9125761,28.3882977 76.9125581,28.3882084 76.9125460,28.3881488 76.9124479,28.3876625 76.9124138,28.3874391 76.9123625,28.3872131 76.9123581,28.3871683 76.9123378,28.3871165 76.9121808,28.3865846 76.9121765,28.3865699 76.9121057,28.3863144 76.9118783,28.3860214 76.9115594,28.3855122 76.9115593,28.3855120 76.9117792,28.3853711 76.9118967,28.3853080 76.9123462,28.3850310 76.9124397,28.3849698 76.9124888,28.3849309 76.9131968,28.3845209 76.9132862,28.3844537 76.9135830,28.3842786 76.9139097,28.3840202 76.9139276,28.3840060 76.9140123,28.3839419 76.9140898,28.3838713 76.9141960,28.3837922 76.9146193,28.3835802 76.9151163,28.3833718 76.9153223,28.3832606 76.9159535,28.3829986 76.9159961,28.3829731 76.9160244,28.3829561 76.9166951,28.3826571 76.9167266,28.3826516 76.9169221,28.3825573 76.9174172,28.3825581 76.9174978,28.3825621 76.9175593,28.3825484 76.9176350,28.3825326 76.9177241,28.3825141 76.9177427,28.3825102 76.9183588,28.3822768 76.9187055,28.3821308 76.9187580,28.3821072 76.9190369,28.3819819 76.9196967,28.3816652 76.9197144,28.3816567 76.9203920,28.3813316 76.9205629,28.3812458 76.9208254,28.3811193 76.9208777,28.3810876 76.9214344,28.3808080 76.9216498,28.3806997 76.9217466,28.3806511 76.9218824,28.3806042 76.9223033,28.3804117 76.9224246,28.3803562 76.9228474,28.3801164 76.9231011,28.3799706 76.9232248,28.3799196 76.9236733,28.3797346 76.9237794,28.3796908 76.9241641,28.3795665 76.9243724,28.3794993 76.9244339,28.3794794 76.9244586,28.3794714 76.9246519,28.3794089 76.9247118,28.3793916 76.9252283,28.3792319 76.9253780,28.3794161 76.9255723,28.3796502 76.9256702,28.3797742 76.9256898,28.3797991 76.9257270,28.3798520 76.9257463,28.3798734 76.9257633,28.3798922 76.9258111,28.3799528 76.9258307,28.3799776 76.9257965,28.3799763 76.9258259,28.3800028 76.9263033,28.3804792 76.9263347,28.3805409 76.9264322,28.3806505 76.9264892,28.3807236 76.9268215,28.3811037 76.9270813,28.3814008 76.9271552,28.3814841 76.9273459,28.3816678 76.9274297,28.3817486 76.9277376,28.3820000 76.9278698,28.3821184 76.9279661,28.3822354 76.9281053,28.3823584 76.9283894,28.3826947 76.9284308,28.3827436 76.9284381,28.3827522 76.9284520,28.3827725 76.9284701,28.3827988 76.9289570,28.3833615 76.9290381,28.3834553 76.9291018,28.3835411 76.9293756,28.3839217 76.9296079,28.3842208 76.9298112,28.3844826 76.9302089,28.3849710 76.9302640,28.3850440 76.9303287,28.3851221 76.9307526,28.3856068 76.9308240,28.3857003 76.9311865,28.3861676 76.9314092,28.3864542 76.9316222,28.3867284 76.9320793,28.3872556 76.9321091,28.3872911 76.9325687,28.3878528 76.9325976,28.3878932 76.9326364,28.3879836 76.9327475,28.3880933 76.9329169,28.3883101 76.9329976,28.3884134 76.9333174,28.3888060 76.9334504,28.3889749 76.9335643,28.3891001 76.9337812,28.3893768 76.9339203,28.3895369 76.9343218,28.3900965 76.9343716,28.3901379 76.9345184,28.3903177 76.9347917,28.3906586 76.9349993,28.3908595 76.9350499,28.3908920 76.9350384,28.3909055 76.9348833,28.3910754 76.9347821,28.3911863 76.9347553,28.3912283 76.9345560,28.3914297 76.9343996,28.3916055 76.9342739,28.3917484 76.9339170,28.3921356 76.9334853,28.3926671 76.9333095,28.3928697 76.9330712,28.3931991 76.9328121,28.3935241 76.9327072,28.3936425 76.9326347,28.3937305 76.9324444,28.3939045 76.9322829,28.3940522 76.9322405,28.3940957 76.9319497,28.3943224 76.9319134,28.3943665 76.9318614,28.3944023 76.9312387,28.3948865 76.9310822,28.3949918 76.9308154,28.3953151 76.9307347,28.3954128 76.9305117,28.3957873 76.9304957,28.3958142 76.9304016,28.3959453 76.9303410,28.3960578 76.9302223,28.3964836 76.9301700,28.3966907 76.9301580,28.3967138 76.9301431,28.3967426 76.9300512,28.3969199 76.9297618,28.3974056 76.9297501,28.3974252 76.9297325,28.3974547 76.9296676,28.3975215 76.9296414,28.3975518 76.9292655,28.3979852 76.9291967,28.3980803 76.9290694,28.3982563 76.9286373,28.3985111 76.9284959,28.3985993 76.9282421,28.3987577 76.9282126,28.3987761 76.9279690,28.3989754 76.9279095,28.3990186 76.9277732,28.3991175 76.9274522,28.3993506 76.9272011,28.3995577 76.9271927,28.3995790 76.9271130,28.3996381 76.9268996,28.3998103 76.9266582,28.4000049 76.9266050,28.3999958 76.9265072,28.3999791 76.9263900,28.3998452 76.9262448,28.3996061 76.9262384,28.3995955 76.9262382,28.3995951 76.9262260,28.3995752 76.9258627,28.3990549 76.9258572,28.3990470 76.9255802,28.3987509 76.9255414,28.3987094 76.9255303,28.3986975 76.9253384,28.3985163 76.9253019,28.3984818 76.9251661,28.3983424 76.9249111,28.3984220 76.9248535,28.3984498 76.9248253,28.3984634 76.9248113,28.3984719 76.9243438,28.3987586 76.9241752,28.3988621 76.9239271,28.3990088 76.9230663,28.3995420 76.9226433,28.3997824 76.9223303,28.3999973 76.9222715,28.4000377 76.9221905,28.4000933 76.9221744,28.4000874 76.9221400,28.4000749 76.9220957,28.4000587 76.9218741,28.3999603 76.9214541,28.3998075 76.9214520,28.3998067 76.9214234,28.3997964 76.9212891,28.3997348 76.9212131,28.3997011 76.9211042,28.3996528 76.9208417,28.3995364 76.9207635,28.3995132 76.9207523,28.3995098 76.9204885,28.3993942 76.9203693,28.3993419 76.9200793,28.3995081</coordinates></LinearRing></outerBoundaryIs></Polygon></Placemark>
<Placemark><name>Ward 6</name><ExtendedData><Data name="ward"><value>6</value></Data><Data name="labelLat"><value>28.399870</value></Data><Data name="labelLng"><value>76.894476</value></Data></ExtendedData><Polygon><outerBoundaryIs><LinearRing><coordinates>76.8838952,28.3935576 76.8838984,28.3935564 76.8839745,28.3935497 76.8841793,28.3935316 76.8848660,28.3933822 76.8850235,28.3933464 76.8854298,28.3932769 76.8855523,28.3932559 76.8856350,28.3932446 76.8860116,28.3931445 76.8862398,28.3930613 76.8863860,28.3929909 76.8864977,28.3929370 76.8867300,28.3928706 76.8869283,28.3928138 76.8869941,28.3927974 76.8870981,28.3927713 76.8871573,28.3927565 76.8876154,28.3926419 76.8876372,28.3926341 76.8877896,28.3925793 76.8881960,28.3924320 76.8883038,28.3923944 76.8883239,28.3923885 76.8887030,28.3922756 76.8888376,28.3922355 76.8889613,28.3921987 76.8889915,28.3921923 76.8890816,28.3921712 76.8891485,28.3921555 76.8896778,28.3920657 76.8896965,28.3920620 76.8901864,28.3919631 76.8903643,28.3919272 76.8903826,28.3919263 76.8904156,28.3919248 76.8909390,28.3918118 76.8910503,28.3918126 76.8910687,28.3918089 76.8911031,28.3918021 76.8911504,28.3917926 76.8912742,28.3917250 76.8915914,28.3916121 76.8916116,28.3916181 76.8917372,28.3916558 76.8917925,28.3916353 76.8924257,28.3914009 76.8924417,28.3913954 76.8929239,28.3912291 76.8929925,28.3912045 76.8931140,28.3911608 76.8931283,28.3911566 76.8938016,28.3909586 76.8938148,28.3909554 76.8938346,28.3909505 76.8941034,28.3908840 76.8942331,28.3908454 76.8944903,28.3906960 76.8945015,28.3906912 76.8945248,28.3906813 76.8949201,28.3904701 76.8951674,28.3903236 76.8951812,28.3903124 76.8951833,28.3903110 76.8951887,28.3903076 76.8954406,28.3901496 76.8955100,28.3901052 76.8958393,28.3899444 76.8958401,28.3899442 76.8958759,28.3899192 76.8959352,28.3898798 76.8962366,28.3896163 76.8965638,28.3893879 76.8965656,28.3893866 76.8968607,28.3892175 76.8969847,28.3891261 76.8970379,28.3890830 76.8972514,28.3889101 76.8972582,28.3889046 76.8977569,28.3885485 76.8978835,28.3884582 76.8979389,28.3884475 76.8979503,28.3884453 76.8982461,28.3883089 76.8984643,28.3882035 76.8986259,28.3881218 76.8986402,28.3881145 76.8988043,28.3880186 76.8989960,28.3879209 76.8993128,28.3877910 76.8993300,28.3877839 76.8996877,28.3876609 76.8999435,28.3875728 76.8999621,28.3875527 76.8999996,28.3875123 76.9000192,28.3874910 76.9002953,28.3873693 76.9003100,28.3873628 76.9003689,28.3873474 76.9005582,28.3872977 76.9006582,28.3872715 76.9007074,28.3872586 76.9013018,28.3870319 76.9013960,28.3869959 76.9020160,28.3867474 76.9020849,28.3867181 76.9021770,28.3866710 76.9021885,28.3866651 76.9022416,28.3866379 76.9027751,28.3863647 76.9030180,28.3862229 76.9030569,28.3862002 76.9031777,28.3861311 76.9035248,28.3858895 76.9036998,28.3857802 76.9038733,28.3857520 76.9039334,28.3857319 76.9040233,28.3857020 76.9041556,28.3856579 76.9045518,28.3854971 76.9048442,28.3853952 76.9048636,28.3853804 76.9051617,28.3852004 76.9051633,28.3851995 76.9051811,28.3851901 76.9053832,28.3850841 76.9053980,28.3850753 76.9054359,28.3850529 76.9055353,28.3849940 76.9055531,28.3849840 76.9057944,28.3848488 76.9058540,28.3848192 76.9062256,28.3846349 76.9065706,28.3844637 76.9066818,28.3844086 76.9068106,28.3843184 76.9069165,28.3842443 76.9073249,28.3840086 76.9073641,28.3839860 76.9075216,28.3838951 76.9076075,28.3838455 76.9077299,28.3837957 76.9077532,28.3837857 76.9080415,28.3836621 76.9082966,28.3835526 76.9084430,28.3834903 76.9084552,28.3834852 76.9089716,28.3832656 76.9089858,28.3832596 76.9091565,28.3831955 76.9093792,28.3831119 76.9094693,28.3830780 76.9094710,28.3830774 76.9095629,28.3830429 76.9095882,28.3830334 76.9096225,28.3830317 76.9096339,28.3830312 76.9096733,28.3830293 76.9096985,28.3830281 76.9097080,28.3830276 76.9100201,28.3829124 76.9100551,28.3828994 76.9101824,28.3832761 76.9101983,28.3833143 76.9102125,28.3833484 76.9104048,28.3837342 76.9104905,28.3838697 76.9105987,28.3840668 76.9106414,28.3841348 76.9106502,28.3841590 76.9107274,28.3843724 76.9108621,28.3845654 76.9111111,28.3849221 76.9114020,28.3853132 76.9114118,28.3853263 76.9114599,28.3853909 76.9115432,28.3854956 76.9115593,28.3855120 76.9115594,28.3855122 76.9118783,28.3860214 76.9121057,28.3863144 76.9121765,28.3865699 76.9121808,28.3865846 76.9123378,28.3871165 76.9123581,28.3871683 76.9123625,28.3872131 76.9124138,28.3874391 76.9124479,28.3876625 76.9125460,28.3881488 76.9125581,28.3882084 76.9125761,28.3882977 76.9126682,28.3887543 76.9127044,28.3889101 76.9127227,28.3890581 76.9127668,28.3891780 76.9127954,28.3893004 76.9129497,28.3897322 76.9129909,28.3898475 76.9131712,28.3902218 76.9132132,28.3903418 76.9132410,28.3903666 76.9132415,28.3903677 76.9132549,28.3903955 76.9135255,28.3908664 76.9135626,28.3909442 76.9135735,28.3909669 76.9136369,28.3910434 76.9136382,28.3910450 76.9136457,28.3910558 76.9137113,28.3912051 76.9137481,28.3913241 76.9137814,28.3914916 76.9137870,28.3915196 76.9139062,28.3919951 76.9139210,28.3920379 76.9139321,28.3920698 76.9139465,28.3921684 76.9139847,28.3924316 76.9139934,28.3924916 76.9140122,28.3925357 76.9140127,28.3925382 76.9140203,28.3925837 76.9140261,28.3926181 76.9140170,28.3926682 76.9140472,28.3928065 76.9141581,28.3931299 76.9141713,28.3931683 76.9142606,28.3934431 76.9143506,28.3937197 76.9143715,28.3938110 76.9145471,28.3942718 76.9145505,28.3942960 76.9145747,28.3944668 76.9147615,28.3947714 76.9147947,28.3948257 76.9150255,28.3952849 76.9150317,28.3953195 76.9150424,28.3953797 76.9152157,28.3958665 76.9152389,28.3959318 76.9153186,28.3962500 76.9153197,28.3962544 76.9153601,28.3963675 76.9153764,28.3964131 76.9154012,28.3964826 76.9154159,28.3965326 76.9155418,28.3969597 76.9155635,28.3970334 76.9155928,28.3971385 76.9157305,28.3975067 76.9157599,28.3975854 76.9158838,28.3980145 76.9159068,28.3980535 76.9159564,28.3981375 76.9161638,28.3986014 76.9162041,28.3986914 76.9162750,28.3988617 76.9163948,28.3991490 76.9164347,28.3992448 76.9165413,28.3994686 76.9166448,28.3996857 76.9166501,28.3996969 76.9166538,28.3997046 76.9166826,28.3996974 76.9166829,28.3996973 76.9166829,28.3996974 76.9166899,28.3997070 76.9166921,28.3997101 76.9166773,28.3997185 76.9165974,28.3997635 76.9163460,28.3999051 76.9162162,28.3999783 76.9159824,28.4000930 76.9158125,28.4001762 76.9157826,28.4001909 76.9157062,28.4002284 76.9155262,28.4003166 76.9154632,28.4003059 76.9153888,28.4002931 76.9153454,28.4003132 76.9151390,28.4004155 76.9149583,28.4005205 76.9148374,28.4005871 76.9147419,28.4006581 76.9146239,28.4007459 76.9146233,28.4007452 76.9146071,28.4007270 76.9145775,28.4006936 76.9145694,28.4006976 76.9143106,28.4004469 76.9140439,28.4001912 76.9137119,28.3999528 76.9134115,28.3997389 76.9132448,28.3996218 76.9128282,28.3993469 76.9127456,28.3992923 76.9125490,28.3992313 76.9124848,28.3992114 76.9124219,28.3992351 76.9121229,28.3993475 76.9118666,28.3993564 76.9115838,28.3993662 76.9114374,28.3994288 76.9111844,28.3994974 76.9109633,28.3995574 76.9109304,28.3995165 76.9109267,28.3995119 76.9085348,28.4011322 76.9082886,28.4013805 76.9082641,28.4012790 76.9062266,28.4026439 76.9043330,28.4032076 76.9037783,28.4038959 76.9022195,28.4050637 76.8985779,28.4075499 76.9010600,28.4086690 76.9110386,28.4131673 76.9110601,28.4132480 76.9111839,28.4137134 76.9111912,28.4137271 76.9112205,28.4137820 76.9112570,28.4138506 76.9113453,28.4140162 76.9114434,28.4142004 76.9114750,28.4142596 76.9115221,28.4143397 76.9116253,28.4145153 76.9115179,28.4145987 76.9114661,28.4146389 76.9112515,28.4148055 76.9109939,28.4150146 76.9108264,28.4151573 76.9105990,28.4153510 76.9103072,28.4155934 76.9101345,28.4157385 76.9099466,28.4158965 76.9096204,28.4161692 76.9094649,28.4162987 76.9094478,28.4163129 76.9095146,28.4163755 76.9095348,28.4163944 76.9095858,28.4164422 76.9096201,28.4164726 76.9099795,28.4169431 76.9100142,28.4169885 76.9100904,28.4170232 76.9096192,28.4173583 76.9094067,28.4174791 76.9093288,28.4175234 76.9093102,28.4175340 76.9089745,28.4177764 76.9089326,28.4178067 76.9087344,28.4179278 76.9087032,28.4179468 76.9083798,28.4181895 76.9083537,28.4182090 76.9081632,28.4183435 76.9080436,28.4184406 76.9078166,28.4186248 76.9077929,28.4186396 76.9075591,28.4187854 76.9074363,28.4188913 76.9073526,28.4189635 76.9072160,28.4190812 76.9071127,28.4191703 76.9069067,28.4193370 76.9068733,28.4193419 76.9068359,28.4193473 76.9068221,28.4193494 76.9067882,28.4193710 76.9067865,28.4193730 76.9066609,28.4195263 76.9066553,28.4195332 76.9066366,28.4195560 76.9066343,28.4195574 76.9064966,28.4196396 76.9064951,28.4196405 76.9064233,28.4196833 76.9063573,28.4197157 76.9061856,28.4198217 76.9059717,28.4199388 76.9054990,28.4201973 76.9054320,28.4202328 76.9053789,28.4202609 76.9052829,28.4203225 76.9050897,28.4204465 76.9050457,28.4204748 76.9049901,28.4205104 76.9048401,28.4206067 76.9048123,28.4206245 76.9047290,28.4206796 76.9045931,28.4207695 76.9045377,28.4208063 76.9044018,28.4208712 76.9042917,28.4209238 76.9042792,28.4209298 76.9041257,28.4210031 76.9040320,28.4210403 76.9040005,28.4210528 76.9037835,28.4211389 76.9034392,28.4212755 76.9031245,28.4214037 76.9031292,28.4214004 76.9031086,28.4213875 76.9028695,28.4212380 76.9028433,28.4212216 76.9028143,28.4212035 76.9027918,28.4211895 76.9027531,28.4211727 76.9026470,28.4211269 76.9025975,28.4210860 76.9023706,28.4208990 76.9023489,28.4208641 76.9022948,28.4208044 76.9020675,28.4205536 76.9018620,28.4203268 76.9018566,28.4203206 76.9017441,28.4201922 76.9015806,28.4199766 76.9012493,28.4195398 76.9011794,28.4194734 76.9010430,28.4192988 76.9008159,28.4190091 76.9006164,28.4187545 76.9000976,28.4182102 76.8999967,28.4180927 76.8998439,28.4179148 76.8996581,28.4178095 76.8994045,28.4176657 76.8993772,28.4176475 76.8993257,28.4176134 76.8991939,28.4175258 76.8986532,28.4171665 76.8986400,28.4171577 76.8985849,28.4171211 76.8983740,28.4169791 76.8981647,28.4168381 76.8979868,28.4167183 76.8978944,28.4166591 76.8977654,28.4165764 76.8974999,28.4164323 76.8972977,28.4163225 76.8972685,28.4163065 76.8972342,28.4162876 76.8970823,28.4162042 76.8968341,28.4160474 76.8968091,28.4160317 76.8965952,28.4158855 76.8965950,28.4158854 76.8965828,28.4158788 76.8958970,28.4155115 76.8958817,28.4155033 76.8958529,28.4154869 76.8955897,28.4153386 76.8952112,28.4151254 76.8951734,28.4151041 76.8950333,28.4150480 76.8945254,28.4148116 76.8944667,28.4147843 76.8944167,28.4147611 76.8943502,28.4147301 76.8941732,28.4146114 76.8940585,28.4145345 76.8937699,28.4143409 76.8936890,28.4142780 76.8936673,28.4142611 76.8936424,28.4142449 76.8931540,28.4139262 76.8930651,28.4138682 76.8929844,28.4138155 76.8928180,28.4136981 76.8924683,28.4134513 76.8924129,28.4134122 76.8923015,28.4133322 76.8920336,28.4131707 76.8919632,28.4131283 76.8917827,28.4130195 76.8916752,28.4129547 76.8914381,28.4127890 76.8914378,28.4127888 76.8913664,28.4127367 76.8912174,28.4126047 76.8910971,28.4124979 76.8909358,28.4123549 76.8908835,28.4123086 76.8907822,28.4122188 76.8907183,28.4121650 76.8905954,28.4120617 76.8906001,28.4120581 76.8906270,28.4120252 76.8909671,28.4116098 76.8910982,28.4115236 76.8911150,28.4115125 76.8912322,28.4114355 76.8912498,28.4113951 76.8912572,28.4113901 76.8913040,28.4112821 76.8913817,28.4111027 76.8914622,28.4109669 76.8915981,28.4107376 76.8916856,28.4105881 76.8917564,28.4104683 76.8917601,28.4104621 76.8917575,28.4104581 76.8916294,28.4102590 76.8916255,28.4102530 76.8916220,28.4102475 76.8916488,28.4102019 76.8917418,28.4100443 76.8917862,28.4099725 76.8917978,28.4099536 76.8918151,28.4099256 76.8920774,28.4095008 76.8923080,28.4091524 76.8923310,28.4091152 76.8923315,28.4091147 76.8922897,28.4090762 76.8921601,28.4089570 76.8920642,28.4088654 76.8919749,28.4087690 76.8919536,28.4087460 76.8918269,28.4086092 76.8916711,28.4084410 76.8916243,28.4084127 76.8914315,28.4082589 76.8913658,28.4082065 76.8911949,28.4080702 76.8910295,28.4079383 76.8909553,28.4078791 76.8909415,28.4078681 76.8907987,28.4077679 76.8907671,28.4077457 76.8907484,28.4077325 76.8907226,28.4077145 76.8906804,28.4076878 76.8906412,28.4077500 76.8904211,28.4080991 76.8904007,28.4081366 76.8903558,28.4082194 76.8903318,28.4082636 76.8903412,28.4082970 76.8903655,28.4083416 76.8904161,28.4084344 76.8904321,28.4084636 76.8904805,28.4085523 76.8904595,28.4085653 76.8904481,28.4085725 76.8902812,28.4086766 76.8898747,28.4089654 76.8897888,28.4090179 76.8895337,28.4092140 76.8894310,28.4092915 76.8892692,28.4094747 76.8891438,28.4096524 76.8886477,28.4101942 76.8885661,28.4103000 76.8883674,28.4105577 76.8883434,28.4105889 76.8883334,28.4106019 76.8883488,28.4107379 76.8883512,28.4107492 76.8883849,28.4109124 76.8884441,28.4111987 76.8884578,28.4112647 76.8884621,28.4112857 76.8884730,28.4113648 76.8884850,28.4114515 76.8884812,28.4114830 76.8884546,28.4117082 76.8881797,28.4118903 76.8880312,28.4119824 76.8877336,28.4121669 76.8874867,28.4123694 76.8869253,28.4127320 76.8867943,28.4127955 76.8865783,28.4129071 76.8861026,28.4131659 76.8860479,28.4132002 76.8859985,28.4132311 76.8859578,28.4132590 76.8859465,28.4132485 76.8859429,28.4132451 76.8854675,28.4128020 76.8852731,28.4126303 76.8852016,28.4125654 76.8846239,28.4120409 76.8845715,28.4119907 76.8841690,28.4116062 76.8841305,28.4114940 76.8840969,28.4113961 76.8840540,28.4112712 76.8840519,28.4112651 76.8836838,28.4107205 76.8835779,28.4105638 76.8835515,28.4105249 76.8835878,28.4104898 76.8837048,28.4103766 76.8838936,28.4101939 76.8839160,28.4101722 76.8839221,28.4101663 76.8839042,28.4101207 76.8837071,28.4096193 76.8837019,28.4096066 76.8835621,28.4092632 76.8834407,28.4090718 76.8830861,28.4086132 76.8829622,28.4085221 76.8826983,28.4082996 76.8822579,28.4080536 76.8821624,28.4080003 76.8821356,28.4079853 76.8820178,28.4080048 76.8816317,28.4081051 76.8814003,28.4081589 76.8813749,28.4081648 76.8813323,28.4080962 76.8813123,28.4080791 76.8811711,28.4079583 76.8806539,28.4076350 76.8805274,28.4075514 76.8805202,28.4075437 76.8803922,28.4074053 76.8799287,28.4068557 76.8799429,28.4068391 76.8799522,28.4068282 76.8801923,28.4065473 76.8802455,28.4064849 76.8803899,28.4063159 76.8804179,28.4062778 76.8804018,28.4062134 76.8803714,28.4060913 76.8800630,28.4058131 76.8800120,28.4057672 76.8798996,28.4056362 76.8795404,28.4052175 76.8794528,28.4051206 76.8792648,28.4049126 76.8790433,28.4046675 76.8786541,28.4041487 76.8786314,28.4041184 76.8782111,28.4035692 76.8781771,28.4035005 76.8781770,28.4035003 76.8781500,28.4034459 76.8780924,28.4034059 76.8780057,28.4033460 76.8779749,28.4033246 76.8776197,28.4030182 76.8773930,28.4028232 76.8770626,28.4024676 76.8767813,28.4021629 76.8766236,28.4020362 76.8763768,28.4019156 76.8760996,28.4016923 76.8760623,28.4016624 76.8760199,28.4016282 76.8758325,28.4014268 76.8753629,28.4009219 76.8751666,28.4008133 76.8745920,28.4004450 76.8745068,28.4003953 76.8744996,28.4003912 76.8744654,28.4003643 76.8743788,28.4002965 76.8738917,28.3999149 76.8737364,28.3997932 76.8737057,28.3997692 76.8736268,28.3997074 76.8735629,28.3996571 76.8733468,28.3994872 76.8730360,28.3992429 76.8730314,28.3992393 76.8729329,28.3991553 76.8729291,28.3991508 76.8728223,28.3990240 76.8724697,28.3986056 76.8724647,28.3986006 76.8724577,28.3985935 76.8724198,28.3985548 76.8719998,28.3981272 76.8719589,28.3980856 76.8719374,28.3980636 76.8719290,28.3980551 76.8719322,28.3980495 76.8719358,28.3980432 76.8721106,28.3977360 76.8721848,28.3976057 76.8722343,28.3975188 76.8722371,28.3975137 76.8722567,28.3974786 76.8722567,28.3974784 76.8722817,28.3974335 76.8723569,28.3972983 76.8723569,28.3972982 76.8725361,28.3969757 76.8725380,28.3969723 76.8725454,28.3969678 76.8725868,28.3969425 76.8728607,28.3964311 76.8728644,28.3964271 76.8728998,28.3963890 76.8729164,28.3963711 76.8733618,28.3958918 76.8734150,28.3957896 76.8734219,28.3957762 76.8734437,28.3957344 76.8734513,28.3957194 76.8734887,28.3956453 76.8734850,28.3956377 76.8734512,28.3955677 76.8733497,28.3953578 76.8736845,28.3957096 76.8739673,28.3961283 76.8741688,28.3965338 76.8743508,28.3967462 76.8744087,28.3969077 76.8744194,28.3972084 76.8743675,28.3973285 76.8745007,28.3975320 76.8746231,28.3977357 76.8746520,28.3978451 76.8746377,28.3979504 76.8749883,28.3982321 76.8755052,28.3987598 76.8758312,28.3991803 76.8758985,28.3993226 76.8759718,28.3994440 76.8760518,28.3993813 76.8760884,28.3993495 76.8762522,28.3992158 76.8766653,28.3989300 76.8768131,28.3988277 76.8770605,28.3986565 76.8770566,28.3986478 76.8770047,28.3985348 76.8774882,28.3981625 76.8775296,28.3981176 76.8777717,28.3979535 76.8778367,28.3979094 76.8780540,28.3977621 76.8781328,28.3977087 76.8782317,28.3976416 76.8782776,28.3976105 76.8785973,28.3973890 76.8787470,28.3972854 76.8793963,28.3968356 76.8794087,28.3968270 76.8793865,28.3968026 76.8793335,28.3967445 76.8791996,28.3965976 76.8791532,28.3965467 76.8790756,28.3964546 76.8789146,28.3962633 76.8793309,28.3959137 76.8793486,28.3958989 76.8795380,28.3957271 76.8797485,28.3955361 76.8800420,28.3953793 76.8805609,28.3950415 76.8805989,28.3950217 76.8806840,28.3949817 76.8815203,28.3945887 76.8821303,28.3942790 76.8821582,28.3942649 76.8824123,28.3941475 76.8828034,28.3939668 76.8828113,28.3939631 76.8830446,28.3938753 76.8832777,28.3937912 76.8833479,28.3937659 76.8838926,28.3935694 76.8839022,28.3935659 76.8838952,28.3935576</coordinates></LinearRing></outerBoundaryIs></Polygon></Placemark>
<Placemark><name>Ward 7</name><ExtendedData><Data name="ward"><value>7</value></Data><Data name="labelLat"><value>28.379938</value></Data><Data name="labelLng"><value>76.889019</value></Data></ExtendedData><Polygon><outerBoundaryIs><LinearRing><coordinates>76.9115593,28.3855120 76.9115432,28.3854956 76.9114599,28.3853909 76.9114118,28.3853263 76.9114020,28.3853132 76.9111111,28.3849221 76.9108621,28.3845654 76.9107274,28.3843724 76.9106502,28.3841590 76.9106414,28.3841348 76.9105987,28.3840668 76.9104905,28.3838697 76.9104048,28.3837342 76.9102125,28.3833484 76.9101983,28.3833143 76.9101824,28.3832761 76.9100551,28.3828994 76.9100201,28.3829124 76.9097080,28.3830276 76.9096985,28.3830281 76.9096733,28.3830293 76.9096339,28.3830312 76.9096225,28.3830317 76.9095882,28.3830334 76.9095629,28.3830429 76.9094710,28.3830774 76.9094693,28.3830780 76.9093792,28.3831119 76.9091565,28.3831955 76.9089858,28.3832596 76.9089716,28.3832656 76.9084552,28.3834852 76.9084430,28.3834903 76.9082966,28.3835526 76.9080415,28.3836621 76.9077532,28.3837857 76.9077299,28.3837957 76.9076075,28.3838455 76.9075216,28.3838951 76.9073641,28.3839860 76.9073249,28.3840086 76.9069165,28.3842443 76.9068106,28.3843184 76.9066818,28.3844086 76.9065706,28.3844637 76.9062256,28.3846349 76.9058540,28.3848192 76.9057944,28.3848488 76.9055531,28.3849840 76.9055353,28.3849940 76.9054359,28.3850529 76.9053980,28.3850753 76.9053832,28.3850841 76.9051811,28.3851901 76.9051633,28.3851995 76.9051617,28.3852004 76.9048636,28.3853804 76.9048442,28.3853952 76.9045518,28.3854971 76.9042597,28.3856156 76.9041556,28.3856579 76.9040233,28.3857020 76.9039334,28.3857319 76.9038733,28.3857520 76.9036998,28.3857802 76.9035248,28.3858895 76.9031777,28.3861311 76.9030569,28.3862002 76.9030180,28.3862229 76.9027751,28.3863647 76.9022416,28.3866379 76.9021885,28.3866651 76.9021770,28.3866710 76.9020849,28.3867181 76.9020160,28.3867474 76.9013960,28.3869959 76.9013018,28.3870319 76.9007074,28.3872586 76.9006582,28.3872715 76.9005582,28.3872977 76.9003689,28.3873474 76.9003100,28.3873628 76.9002953,28.3873693 76.9000192,28.3874910 76.8999996,28.3875123 76.8999621,28.3875527 76.8999435,28.3875728 76.8996877,28.3876609 76.8993300,28.3877839 76.8993128,28.3877910 76.8989960,28.3879209 76.8988043,28.3880186 76.8986402,28.3881145 76.8986259,28.3881218 76.8984643,28.3882035 76.8982461,28.3883089 76.8979503,28.3884453 76.8979389,28.3884475 76.8978835,28.3884582 76.8977569,28.3885485 76.8972582,28.3889046 76.8972514,28.3889101 76.8970379,28.3890830 76.8969847,28.3891261 76.8968607,28.3892175 76.8965656,28.3893866 76.8965638,28.3893879 76.8962366,28.3896163 76.8959352,28.3898798 76.8958759,28.3899192 76.8958401,28.3899442 76.8958393,28.3899444 76.8955100,28.3901052 76.8954406,28.3901496 76.8951887,28.3903076 76.8951833,28.3903110 76.8951812,28.3903124 76.8951674,28.3903236 76.8949201,28.3904701 76.8945248,28.3906813 76.8945015,28.3906912 76.8944903,28.3906960 76.8942331,28.3908454 76.8941034,28.3908840 76.8938346,28.3909505 76.8938148,28.3909554 76.8938016,28.3909586 76.8931283,28.3911566 76.8931140,28.3911608 76.8929925,28.3912045 76.8929239,28.3912291 76.8924417,28.3913954 76.8924257,28.3914009 76.8917925,28.3916353 76.8917372,28.3916558 76.8916116,28.3916181 76.8915914,28.3916121 76.8912742,28.3917250 76.8911504,28.3917926 76.8911031,28.3918021 76.8910687,28.3918089 76.8910503,28.3918126 76.8909390,28.3918118 76.8904156,28.3919248 76.8903826,28.3919263 76.8903643,28.3919272 76.8901864,28.3919631 76.8896965,28.3920620 76.8896778,28.3920657 76.8891485,28.3921555 76.8890816,28.3921712 76.8889915,28.3921923 76.8889613,28.3921987 76.8888376,28.3922355 76.8887030,28.3922756 76.8883239,28.3923885 76.8883038,28.3923944 76.8881960,28.3924320 76.8877896,28.3925793 76.8876372,28.3926341 76.8876154,28.3926419 76.8871573,28.3927565 76.8870981,28.3927713 76.8869941,28.3927974 76.8869283,28.3928138 76.8867300,28.3928706 76.8864977,28.3929370 76.8863860,28.3929909 76.8862398,28.3930613 76.8860116,28.3931445 76.8856350,28.3932446 76.8855523,28.3932559 76.8854298,28.3932769 76.8850235,28.3933464 76.8848660,28.3933822 76.8841793,28.3935316 76.8839745,28.3935497 76.8838984,28.3935564 76.8838952,28.3935576 76.8839022,28.3935659 76.8838926,28.3935694 76.8833479,28.3937659 76.8832777,28.3937912 76.8830446,28.3938753 76.8828113,28.3939631 76.8828034,28.3939668 76.8824123,28.3941475 76.8821582,28.3942649 76.8821303,28.3942790 76.8815203,28.3945887 76.8806840,28.3949817 76.8805989,28.3950217 76.8805609,28.3950415 76.8800420,28.3953793 76.8797485,28.3955361 76.8795380,28.3957271 76.8793486,28.3958989 76.8793309,28.3959137 76.8789146,28.3962633 76.8790756,28.3964546 76.8791532,28.3965467 76.8791996,28.3965976 76.8793335,28.3967445 76.8793865,28.3968026 76.8794087,28.3968270 76.8793963,28.3968356 76.8787470,28.3972854 76.8785973,28.3973890 76.8782776,28.3976105 76.8782317,28.3976416 76.8781328,28.3977087 76.8780540,28.3977621 76.8778367,28.3979094 76.8777717,28.3979535 76.8775296,28.3981176 76.8774882,28.3981625 76.8770047,28.3985348 76.8770566,28.3986478 76.8770605,28.3986565 76.8768131,28.3988277 76.8766653,28.3989300 76.8762522,28.3992158 76.8760884,28.3993495 76.8760518,28.3993813 76.8759718,28.3994440 76.8758985,28.3993226 76.8758312,28.3991803 76.8755052,28.3987598 76.8749883,28.3982321 76.8746377,28.3979504 76.8746520,28.3978451 76.8746231,28.3977357 76.8745007,28.3975320 76.8743675,28.3973285 76.8744194,28.3972084 76.8744087,28.3969077 76.8743508,28.3967462 76.8741688,28.3965338 76.8739673,28.3961283 76.8736845,28.3957096 76.8733497,28.3953578 76.8733444,28.3953469 76.8733410,28.3953437 76.8733020,28.3953077 76.8730000,28.3950287 76.8728996,28.3949360 76.8728665,28.3948971 76.8727805,28.3947961 76.8725061,28.3944239 76.8723757,28.3942471 76.8722544,28.3940320 76.8721131,28.3937814 76.8720667,28.3936991 76.8719090,28.3934705 76.8718754,28.3934217 76.8717055,28.3931505 76.8715090,28.3928933 76.8713785,28.3927157 76.8712947,28.3926015 76.8712618,28.3925380 76.8712375,28.3924909 76.8711629,28.3923468 76.8710113,28.3920537 76.8709917,28.3920168 76.8709568,28.3919513 76.8708838,28.3918141 76.8707198,28.3915059 76.8707154,28.3914996 76.8707106,28.3914929 76.8704635,28.3911421 76.8703331,28.3909571 76.8703154,28.3909201 76.8702463,28.3907760 76.8700645,28.3905800 76.8699384,28.3904441 76.8699047,28.3904078 76.8698488,28.3903347 76.8698278,28.3903065 76.8694928,28.3898587 76.8694379,28.3897892 76.8690917,28.3893096 76.8689568,28.3891062 76.8688967,28.3890158 76.8688995,28.3890139 76.8689067,28.3890092 76.8689337,28.3889914 76.8689809,28.3889374 76.8692413,28.3887425 76.8692432,28.3887410 76.8694101,28.3886130 76.8696240,28.3883968 76.8696791,28.3883519 76.8699368,28.3881416 76.8699368,28.3881416 76.8701562,28.3880248 76.8702354,28.3879739 76.8703231,28.3879176 76.8702720,28.3878692 76.8702582,28.3878561 76.8702577,28.3878553 76.8700178,28.3874970 76.8699494,28.3873948 76.8699467,28.3873908 76.8698701,28.3873049 76.8698049,28.3872197 76.8697140,28.3871011 76.8694475,28.3867533 76.8693703,28.3866562 76.8692707,28.3865163 76.8692434,28.3864825 76.8691487,28.3863651 76.8690170,28.3862016 76.8687065,28.3857928 76.8686471,28.3856838 76.8686289,28.3856504 76.8684888,28.3853804 76.8683630,28.3851884 76.8682752,28.3850995 76.8682734,28.3850973 76.8682329,28.3850491 76.8679733,28.3847400 76.8679198,28.3846763 76.8678012,28.3845474 76.8675684,28.3842240 76.8674043,28.3839960 76.8672439,28.3837967 76.8670176,28.3835018 76.8669735,28.3834443 76.8667524,28.3831079 76.8666247,28.3829725 76.8665680,28.3829124 76.8665469,28.3828963 76.8665398,28.3828888 76.8663752,28.3826190 76.8662812,28.3824569 76.8662146,28.3823420 76.8661693,28.3823178 76.8661560,28.3823013 76.8661409,28.3822896 76.8660160,28.3821932 76.8658732,28.3820829 76.8654203,28.3816630 76.8652602,28.3815385 76.8651921,28.3814904 76.8651426,28.3814554 76.8650172,28.3813669 76.8648370,28.3812333 76.8647727,28.3811686 76.8646592,28.3810545 76.8646449,28.3810400 76.8646396,28.3810347 76.8650735,28.3807117 76.8657208,28.3801908 76.8657477,28.3801603 76.8664223,28.3796394 76.8670972,28.3791330 76.8679408,28.3785041 76.8684469,28.3781207 76.8686471,28.3779948 76.8691532,28.3776764 76.8692147,28.3776387 76.8695963,28.3773977 76.8697994,28.3772897 76.8700545,28.3771674 76.8703077,28.3770460 76.8704771,28.3769648 76.8707182,28.3768319 76.8711539,28.3765808 76.8716910,28.3762729 76.8715180,28.3759697 76.8714718,28.3758887 76.8719390,28.3754873 76.8719878,28.3754454 76.8721854,28.3752801 76.8726166,28.3750396 76.8731412,28.3747332 76.8731695,28.3747166 76.8735010,28.3750417 76.8738083,28.3748136 76.8738567,28.3747815 76.8740278,28.3746763 76.8743367,28.3744865 76.8745329,28.3743659 76.8747075,28.3742547 76.8750465,28.3740387 76.8750982,28.3740059 76.8751093,28.3739988 76.8751709,28.3739595 76.8752089,28.3739353 76.8753872,28.3737670 76.8756462,28.3735225 76.8760666,28.3731293 76.8762350,28.3729720 76.8762789,28.3729488 76.8765566,28.3728021 76.8767464,28.3726941 76.8768780,28.3726191 76.8769592,28.3725729 76.8772333,28.3724168 76.8776391,28.3721765 76.8776970,28.3721423 76.8779097,28.3720164 76.8785344,28.3715833 76.8785852,28.3715560 76.8787591,28.3714380 76.8787856,28.3714200 76.8789480,28.3713097 76.8792625,28.3712125 76.8793122,28.3711978 76.8794655,28.3711577 76.8795754,28.3711200 76.8798775,28.3710308 76.8799421,28.3710114 76.8801454,28.3708956 76.8806188,28.3706260 76.8808252,28.3704898 76.8810154,28.3703643 76.8810844,28.3703161 76.8815048,28.3700371 76.8820146,28.3697291 76.8821845,28.3695935 76.8822241,28.3695651 76.8828641,28.3691050 76.8828905,28.3690900 76.8833507,28.3687351 76.8835437,28.3685971 76.8836274,28.3685373 76.8839954,28.3682834 76.8842233,28.3681504 76.8843196,28.3680942 76.8846782,28.3684306 76.8849042,28.3685364 76.8849334,28.3685515 76.8851248,28.3686508 76.8851998,28.3686155 76.8852898,28.3685732 76.8853642,28.3684906 76.8855440,28.3682908 76.8855840,28.3681759 76.8856773,28.3680102 76.8856850,28.3679700 76.8857492,28.3676369 76.8857819,28.3674674 76.8857952,28.3674249 76.8858183,28.3673513 76.8860837,28.3669251 76.8861129,28.3668775 76.8863839,28.3664357 76.8863977,28.3663828 76.8864508,28.3663298 76.8866347,28.3661464 76.8866916,28.3660898 76.8869411,28.3658410 76.8870258,28.3657794 76.8872415,28.3656225 76.8874441,28.3654751 76.8875946,28.3653657 76.8876206,28.3653479 76.8876374,28.3653364 76.8877123,28.3652852 76.8878635,28.3651819 76.8879985,28.3651972 76.8880424,28.3651684 76.8882129,28.3650567 76.8883004,28.3649993 76.8885381,28.3647952 76.8885808,28.3647586 76.8887669,28.3645690 76.8889797,28.3643522 76.8890601,28.3643203 76.8893196,28.3642172 76.8894023,28.3641645 76.8899310,28.3636756 76.8900432,28.3636076 76.8902108,28.3631332 76.8907290,28.3627723 76.8908417,28.3626809 76.8909328,28.3625918 76.8911382,28.3623334 76.8914762,28.3620500 76.8916218,28.3619200 76.8921224,28.3614735 76.8923015,28.3615860 76.8925018,28.3617119 76.8925836,28.3615736 76.8926216,28.3615094 76.8926241,28.3615062 76.8927947,28.3612935 76.8930561,28.3609674 76.8935157,28.3605397 76.8936383,28.3604257 76.8937354,28.3603354 76.8941065,28.3604267 76.8943831,28.3604947 76.8944159,28.3605027 76.8950963,28.3606400 76.8953252,28.3606988 76.8957770,28.3609129 76.8959048,28.3609735 76.8960474,28.3610270 76.8958702,28.3615002 76.8958793,28.3615165 76.8959041,28.3615604 76.8960405,28.3618023 76.8960397,28.3618694 76.8960390,28.3618703 76.8958883,28.3620595 76.8958136,28.3621533 76.8956026,28.3624182 76.8952735,28.3628857 76.8952307,28.3629663 76.8951928,28.3630166 76.8955387,28.3634387 76.8955770,28.3635062 76.8958910,28.3639932 76.8959269,28.3640460 76.8963452,28.3645850 76.8968480,28.3651231 76.8972145,28.3655153 76.8971010,28.3656640 76.8966101,28.3662135 76.8961509,28.3666899 76.8961751,28.3667623 76.8963979,28.3671543 76.8966667,28.3672531 76.8968126,28.3672677 76.8968877,28.3672752 76.8970062,28.3672908 76.8975836,28.3673573 76.8976867,28.3673783 76.8979259,28.3674236 76.8983648,28.3675110 76.8986857,28.3675817 76.8988256,28.3676125 76.8989506,28.3676400 76.8992266,28.3671071 76.8992535,28.3670536 76.8993558,28.3669059 76.8994053,28.3668500 76.8994213,28.3668319 76.8994621,28.3667801 76.8996203,28.3665790 76.8996718,28.3665135 76.8999878,28.3661473 76.9000061,28.3661745 76.9004287,28.3666111 76.9004682,28.3666518 76.9005267,28.3667123 76.9009547,28.3671758 76.9010235,28.3672504 76.9010477,28.3672692 76.9015124,28.3677419 76.9015578,28.3677881 76.9020364,28.3683065 76.9020546,28.3683262 76.9023254,28.3686467 76.9023548,28.3686364 76.9028014,28.3684802 76.9031128,28.3683234 76.9031536,28.3683135 76.9031700,28.3683381 76.9033294,28.3685763 76.9033816,28.3686544 76.9035145,28.3688532 76.9035556,28.3689107 76.9036712,28.3690727 76.9037557,28.3691912 76.9037592,28.3691960 76.9038271,28.3693040 76.9038679,28.3693929 76.9040482,28.3696756 76.9037832,28.3698962 76.9038120,28.3699374 76.9038201,28.3699472 76.9038728,28.3700110 76.9042025,28.3704102 76.9042267,28.3703970 76.9044904,28.3702527 76.9045091,28.3702466 76.9045715,28.3702154 76.9049385,28.3700222 76.9049498,28.3700387 76.9050703,28.3702155 76.9051943,28.3703975 76.9052466,28.3704647 76.9053400,28.3706131 76.9055937,28.3710160 76.9056912,28.3711709 76.9057023,28.3711886 76.9057037,28.3711908 76.9057457,28.3711731 76.9057778,28.3711595 76.9058885,28.3711129 76.9060918,28.3710139 76.9063268,28.3708774 76.9063950,28.3709010 76.9064034,28.3709039 76.9064373,28.3709157 76.9065676,28.3708797 76.9065853,28.3708754 76.9070943,28.3708036 76.9074941,28.3706986 76.9081858,28.3705482 76.9082888,28.3707302 76.9086038,28.3712865 76.9087936,28.3716219 76.9089593,28.3718445 76.9091903,28.3721549 76.9095409,28.3725903 76.9095947,28.3726552 76.9096293,28.3726969 76.9097551,28.3728485 76.9098473,28.3729674 76.9102822,28.3735285 76.9103660,28.3736366 76.9107172,28.3740896 76.9111521,28.3746507 76.9113213,28.3748689 76.9115365,28.3751466 76.9115799,28.3752115 76.9116452,28.3753091 76.9119532,28.3757701 76.9119898,28.3758249 76.9122671,28.3762324 76.9123329,28.3763290 76.9123570,28.3763645 76.9125553,28.3766702 76.9126731,28.3768518 76.9126961,28.3768873 76.9127071,28.3769042 76.9127895,28.3770469 76.9129135,28.3771796 76.9131596,28.3774428 76.9131662,28.3774498 76.9131875,28.3774724 76.9132307,28.3775092 76.9132635,28.3775391 76.9135643,28.3778123 76.9137486,28.3779798 76.9137904,28.3780183 76.9138456,28.3780693 76.9141670,28.3785188 76.9142096,28.3785788 76.9146067,28.3791384 76.9149007,28.3795526 76.9149355,28.3795975 76.9150077,28.3796981 76.9152149,28.3799870 76.9153130,28.3801369 76.9153905,28.3802571 76.9154438,28.3803397 76.9154804,28.3803735 76.9156609,28.3805408 76.9157792,28.3806753 76.9159277,28.3808222 76.9160639,28.3809569 76.9161303,28.3810225 76.9162120,28.3811033 76.9162926,28.3811830 76.9163273,28.3812128 76.9163884,28.3812649 76.9164962,28.3813886 76.9167014,28.3816239 76.9167792,28.3816911 76.9168481,28.3817506 76.9170796,28.3819556 76.9174330,28.3822685 76.9174542,28.3822873 76.9176433,28.3824462 76.9177177,28.3825087 76.9177241,28.3825141 76.9176350,28.3825326 76.9175593,28.3825484 76.9174978,28.3825621 76.9174172,28.3825581 76.9169221,28.3825573 76.9167266,28.3826516 76.9166951,28.3826571 76.9160244,28.3829561 76.9159961,28.3829731 76.9159535,28.3829986 76.9153223,28.3832606 76.9151163,28.3833718 76.9146193,28.3835802 76.9141960,28.3837922 76.9140898,28.3838713 76.9140123,28.3839419 76.9139276,28.3840060 76.9139097,28.3840202 76.9135830,28.3842786 76.9132862,28.3844537 76.9131968,28.3845209 76.9124888,28.3849309 76.9124397,28.3849698 76.9123462,28.3850310 76.9118967,28.3853080 76.9117792,28.3853711 76.9115593,28.3855120</coordinates></LinearRing></outerBoundaryIs></Polygon></Placemark>
<Placemark><name>Ward 8</name><ExtendedData><Data name="ward"><value>8</value></Data><Data name="labelLat"><value>28.360034</value></Data><Data name="labelLng"><value>76.909147</value></Data></ExtendedData><Polygon><outerBoundaryIs><LinearRing><coordinates>76.9072485,28.3415948 76.9074650,28.3417520 76.9076517,28.3418690 76.9081044,28.3421525 76.9081544,28.3421822 76.9084766,28.3424178 76.9090976,28.3426849 76.9093621,28.3428383 76.9095317,28.3429367 76.9099935,28.3431544 76.9100990,28.3432042 76.9102195,28.3432610 76.9109075,28.3436005 76.9111653,28.3437486 76.9116694,28.3442866 76.9118214,28.3444608 76.9118997,28.3445486 76.9119214,28.3445725 76.9121243,28.3448251 76.9122047,28.3449501 76.9122959,28.3450394 76.9124275,28.3451789 76.9124324,28.3451842 76.9125484,28.3452696 76.9126746,28.3453626 76.9127586,28.3454145 76.9129868,28.3455554 76.9134531,28.3458613 76.9140887,28.3458186 76.9143580,28.3459320 76.9146225,28.3460635 76.9151849,28.3464992 76.9152227,28.3465295 76.9157246,28.3469318 76.9157573,28.3470062 76.9161739,28.3475263 76.9165680,28.3480365 76.9165766,28.3480476 76.9168530,28.3484086 76.9170461,28.3486299 76.9171901,28.3486718 76.9173786,28.3488819 76.9173006,28.3488589 76.9178360,28.3499573 76.9181125,28.3505245 76.9182190,28.3507365 76.9184427,28.3511815 76.9182991,28.3512347 76.9178609,28.3514965 76.9174722,28.3517150 76.9169903,28.3524624 76.9168830,28.3528456 76.9168244,28.3530548 76.9170484,28.3534692 76.9172634,28.3538807 76.9176315,28.3540592 76.9179045,28.3541916 76.9181545,28.3543279 76.9185523,28.3545008 76.9192733,28.3548141 76.9193445,28.3548792 76.9198082,28.3556366 76.9201863,28.3561518 76.9203554,28.3563889 76.9203926,28.3564410 76.9204242,28.3564854 76.9205400,28.3567034 76.9206596,28.3569286 76.9206924,28.3569903 76.9208021,28.3571969 76.9208850,28.3573846 76.9209520,28.3575362 76.9209721,28.3575818 76.9209922,28.3576273 76.9210122,28.3576728 76.9210189,28.3576879 76.9210390,28.3577334 76.9210792,28.3578244 76.9211748,28.3580409 76.9211765,28.3580451 76.9213886,28.3585699 76.9215209,28.3588996 76.9215286,28.3589172 76.9217392,28.3593967 76.9217642,28.3594497 76.9217693,28.3594628 76.9217786,28.3594803 76.9218885,28.3597134 76.9219807,28.3599006 76.9221307,28.3602666 76.9222002,28.3605005 76.9222028,28.3605092 76.9223888,28.3608126 76.9225127,28.3610703 76.9225321,28.3611075 76.9227060,28.3614972 76.9228103,28.3617850 76.9228085,28.3618747 76.9228107,28.3619050 76.9228985,28.3624521 76.9229042,28.3624849 76.9229121,28.3625200 76.9229671,28.3626875 76.9230776,28.3629985 76.9231464,28.3632110 76.9231952,28.3633066 76.9232139,28.3633499 76.9233916,28.3637280 76.9235250,28.3640177 76.9239091,28.3648582 76.9239137,28.3648670 76.9239470,28.3649301 76.9240052,28.3650460 76.9240586,28.3651825 76.9241962,28.3654859 76.9242729,28.3656612 76.9243167,28.3657285 76.9244810,28.3660287 76.9246200,28.3664328 76.9246472,28.3665103 76.9248047,28.3668913 76.9248439,28.3669740 76.9250520,28.3673226 76.9251769,28.3675139 76.9255441,28.3680535 76.9255602,28.3680749 76.9259200,28.3685929 76.9260784,28.3688088 76.9260839,28.3688162 76.9261370,28.3688895 76.9262182,28.3690017 76.9263004,28.3691153 76.9263126,28.3691321 76.9263395,28.3691676 76.9263410,28.3691696 76.9264508,28.3693172 76.9266215,28.3695467 76.9267140,28.3696709 76.9270395,28.3700915 76.9271314,28.3702102 76.9271907,28.3702874 76.9274929,28.3705923 76.9275215,28.3706360 76.9275413,28.3706663 76.9275950,28.3707486 76.9277576,28.3709742 76.9279067,28.3711811 76.9280360,28.3713606 76.9282827,28.3717262 76.9284330,28.3719489 76.9284457,28.3719685 76.9284855,28.3720294 76.9285686,28.3721383 76.9285748,28.3721463 76.9286407,28.3722305 76.9286725,28.3722713 76.9287470,28.3723666 76.9288924,28.3725132 76.9291338,28.3727568 76.9291920,28.3728155 76.9291923,28.3728158 76.9292752,28.3729042 76.9296728,28.3733599 76.9297449,28.3734425 76.9298219,28.3735278 76.9298243,28.3735305 76.9298735,28.3735895 76.9301604,28.3739338 76.9301554,28.3739362 76.9301355,28.3739457 76.9300579,28.3739856 76.9300492,28.3739906 76.9299736,28.3740337 76.9297983,28.3741336 76.9292578,28.3745359 76.9292561,28.3745372 76.9290868,28.3746466 76.9289757,28.3747346 76.9289785,28.3747400 76.9290732,28.3749274 76.9291346,28.3750771 76.9293665,28.3755427 76.9293801,28.3755700 76.9293995,28.3756312 76.9295958,28.3761828 76.9296898,28.3763678 76.9295307,28.3764555 76.9293192,28.3765721 76.9290725,28.3767081 76.9289831,28.3767804 76.9286259,28.3769844 76.9285012,28.3770556 76.9283511,28.3771413 76.9282770,28.3771837 76.9282348,28.3772218 76.9282253,28.3772319 76.9282217,28.3772357 76.9279363,28.3775387 76.9277003,28.3777467 76.9275588,28.3778322 76.9273060,28.3780241 76.9269885,28.3782650 76.9268471,28.3783506 76.9266948,28.3784436 76.9263068,28.3785947 76.9261444,28.3786819 76.9259756,28.3787723 76.9258143,28.3788588 76.9257971,28.3788685 76.9254760,28.3790516 76.9254387,28.3790736 76.9254228,28.3790830 76.9252604,28.3792119 76.9252283,28.3792319 76.9247118,28.3793916 76.9246519,28.3794089 76.9244586,28.3794714 76.9244339,28.3794794 76.9243724,28.3794993 76.9241641,28.3795665 76.9237794,28.3796908 76.9236733,28.3797346 76.9232248,28.3799196 76.9231011,28.3799706 76.9228474,28.3801164 76.9224246,28.3803562 76.9223033,28.3804117 76.9218824,28.3806042 76.9217466,28.3806511 76.9216498,28.3806997 76.9214344,28.3808080 76.9208777,28.3810876 76.9208254,28.3811193 76.9205629,28.3812458 76.9203920,28.3813316 76.9197144,28.3816567 76.9196967,28.3816652 76.9190369,28.3819819 76.9187580,28.3821072 76.9187055,28.3821308 76.9183588,28.3822768 76.9177427,28.3825102 76.9177241,28.3825141 76.9177177,28.3825087 76.9176433,28.3824462 76.9174542,28.3822873 76.9174330,28.3822685 76.9170796,28.3819556 76.9168481,28.3817506 76.9167792,28.3816911 76.9167014,28.3816239 76.9164962,28.3813886 76.9163884,28.3812649 76.9163273,28.3812128 76.9162926,28.3811830 76.9162120,28.3811033 76.9161303,28.3810225 76.9160639,28.3809569 76.9159277,28.3808222 76.9157792,28.3806753 76.9156609,28.3805408 76.9154804,28.3803735 76.9154438,28.3803397 76.9153905,28.3802571 76.9153130,28.3801369 76.9152149,28.3799870 76.9150077,28.3796981 76.9149355,28.3795975 76.9149007,28.3795526 76.9146067,28.3791384 76.9142096,28.3785788 76.9141670,28.3785188 76.9138456,28.3780693 76.9137904,28.3780183 76.9137486,28.3779798 76.9135643,28.3778123 76.9132635,28.3775391 76.9132307,28.3775092 76.9131875,28.3774724 76.9131662,28.3774498 76.9131596,28.3774428 76.9129135,28.3771796 76.9127895,28.3770469 76.9127071,28.3769042 76.9126961,28.3768873 76.9126731,28.3768518 76.9125553,28.3766702 76.9123570,28.3763645 76.9123329,28.3763290 76.9122671,28.3762324 76.9119898,28.3758249 76.9119532,28.3757701 76.9116452,28.3753091 76.9115799,28.3752115 76.9115365,28.3751466 76.9113213,28.3748689 76.9111521,28.3746507 76.9107172,28.3740896 76.9103660,28.3736366 76.9102822,28.3735285 76.9098473,28.3729674 76.9097551,28.3728485 76.9096293,28.3726969 76.9095947,28.3726552 76.9095409,28.3725903 76.9091903,28.3721549 76.9089593,28.3718445 76.9087936,28.3716219 76.9086038,28.3712865 76.9082888,28.3707302 76.9081858,28.3705482 76.9074941,28.3706986 76.9070943,28.3708036 76.9065853,28.3708754 76.9065676,28.3708797 76.9064373,28.3709157 76.9064034,28.3709039 76.9063950,28.3709010 76.9063268,28.3708774 76.9060918,28.3710139 76.9058885,28.3711129 76.9057778,28.3711595 76.9057457,28.3711731 76.9057037,28.3711908 76.9057023,28.3711886 76.9056912,28.3711709 76.9055937,28.3710160 76.9053400,28.3706131 76.9052466,28.3704647 76.9051943,28.3703975 76.9050703,28.3702155 76.9049498,28.3700387 76.9049385,28.3700222 76.9045715,28.3702154 76.9045091,28.3702466 76.9044904,28.3702527 76.9042267,28.3703970 76.9042025,28.3704102 76.9038728,28.3700110 76.9038201,28.3699472 76.9038120,28.3699374 76.9037832,28.3698962 76.9040482,28.3696756 76.9038679,28.3693929 76.9038271,28.3693040 76.9037592,28.3691960 76.9037557,28.3691912 76.9036712,28.3690727 76.9035556,28.3689107 76.9035145,28.3688532 76.9033816,28.3686544 76.9033294,28.3685763 76.9031700,28.3683381 76.9031536,28.3683135 76.9031128,28.3683234 76.9028014,28.3684802 76.9023548,28.3686364 76.9023254,28.3686467 76.9020546,28.3683262 76.9020364,28.3683065 76.9015578,28.3677881 76.9015124,28.3677419 76.9010477,28.3672692 76.9010235,28.3672504 76.9009547,28.3671758 76.9005267,28.3667123 76.9004682,28.3666518 76.9004287,28.3666111 76.9000061,28.3661745 76.8999878,28.3661473 76.8996718,28.3665135 76.8996203,28.3665790 76.8994621,28.3667801 76.8994213,28.3668319 76.8994053,28.3668500 76.8993558,28.3669059 76.8992535,28.3670536 76.8992266,28.3671071 76.8989506,28.3676400 76.8988256,28.3676125 76.8986857,28.3675817 76.8983648,28.3675110 76.8979259,28.3674236 76.8976867,28.3673783 76.8975836,28.3673573 76.8970062,28.3672908 76.8968877,28.3672752 76.8968126,28.3672677 76.8966667,28.3672531 76.8963979,28.3671543 76.8961751,28.3667623 76.8961509,28.3666899 76.8966101,28.3662135 76.8971010,28.3656640 76.8972145,28.3655153 76.8968480,28.3651231 76.8963452,28.3645850 76.8959269,28.3640460 76.8958910,28.3639932 76.8955770,28.3635062 76.8955387,28.3634387 76.8951928,28.3630166 76.8952307,28.3629663 76.8952735,28.3628857 76.8956026,28.3624182 76.8958136,28.3621533 76.8958883,28.3620595 76.8960390,28.3618703 76.8960397,28.3618694 76.8960405,28.3618023 76.8959041,28.3615604 76.8958793,28.3615165 76.8958702,28.3615002 76.8960474,28.3610270 76.8959048,28.3609735 76.8957770,28.3609129 76.8953252,28.3606988 76.8950963,28.3606400 76.8944159,28.3605027 76.8943831,28.3604947 76.8941065,28.3604267 76.8937354,28.3603354 76.8936383,28.3604257 76.8935157,28.3605397 76.8930561,28.3609674 76.8927947,28.3612935 76.8926241,28.3615062 76.8926216,28.3615094 76.8925836,28.3615736 76.8925018,28.3617119 76.8923015,28.3615860 76.8921224,28.3614735 76.8916218,28.3619200 76.8914762,28.3620500 76.8911382,28.3623334 76.8909328,28.3625918 76.8908417,28.3626809 76.8907290,28.3627723 76.8902108,28.3631332 76.8900432,28.3636076 76.8899310,28.3636756 76.8894023,28.3641645 76.8893196,28.3642172 76.8890601,28.3643203 76.8889797,28.3643522 76.8887669,28.3645690 76.8885808,28.3647586 76.8885381,28.3647952 76.8883004,28.3649993 76.8882129,28.3650567 76.8880424,28.3651684 76.8879985,28.3651972 76.8878635,28.3651819 76.8877123,28.3652852 76.8876374,28.3653364 76.8876206,28.3653479 76.8875946,28.3653657 76.8874441,28.3654751 76.8872415,28.3656225 76.8870258,28.3657794 76.8869411,28.3658410 76.8866916,28.3660898 76.8866347,28.3661464 76.8864508,28.3663298 76.8863977,28.3663828 76.8863839,28.3664357 76.8861129,28.3668775 76.8860837,28.3669251 76.8858183,28.3673513 76.8857952,28.3674249 76.8857819,28.3674674 76.8857492,28.3676369 76.8856850,28.3679700 76.8856773,28.3680102 76.8855840,28.3681759 76.8855440,28.3682908 76.8853642,28.3684906 76.8852898,28.3685732 76.8851998,28.3686155 76.8851248,28.3686508 76.8849334,28.3685515 76.8849042,28.3685364 76.8846782,28.3684306 76.8843196,28.3680942 76.8842233,28.3681504 76.8839954,28.3682834 76.8836274,28.3685373 76.8835437,28.3685971 76.8833507,28.3687351 76.8828905,28.3690900 76.8828641,28.3691050 76.8822241,28.3695651 76.8821845,28.3695935 76.8820146,28.3697291 76.8815048,28.3700371 76.8810844,28.3703161 76.8810154,28.3703643 76.8808252,28.3704898 76.8806188,28.3706260 76.8801454,28.3708956 76.8799421,28.3710114 76.8798775,28.3710308 76.8795754,28.3711200 76.8794655,28.3711577 76.8793122,28.3711978 76.8792625,28.3712125 76.8789480,28.3713097 76.8787856,28.3714200 76.8787591,28.3714380 76.8785852,28.3715560 76.8785344,28.3715833 76.8779097,28.3720164 76.8776970,28.3721423 76.8776391,28.3721765 76.8772333,28.3724168 76.8769592,28.3725729 76.8768780,28.3726191 76.8767464,28.3726941 76.8765566,28.3728021 76.8762789,28.3729488 76.8762350,28.3729720 76.8760666,28.3731293 76.8756462,28.3735225 76.8753872,28.3737670 76.8752089,28.3739353 76.8751709,28.3739595 76.8751093,28.3739988 76.8750982,28.3740059 76.8750465,28.3740387 76.8747075,28.3742547 76.8745329,28.3743659 76.8743367,28.3744865 76.8740278,28.3746763 76.8738567,28.3747815 76.8738083,28.3748136 76.8735010,28.3750417 76.8731695,28.3747166 76.8731412,28.3747332 76.8726166,28.3750396 76.8725196,28.3750937 76.8721854,28.3752801 76.8719878,28.3754454 76.8719390,28.3754873 76.8714718,28.3758887 76.8715180,28.3759697 76.8716910,28.3762729 76.8711539,28.3765808 76.8707182,28.3768319 76.8704771,28.3769648 76.8703077,28.3770460 76.8700545,28.3771674 76.8697994,28.3772897 76.8695963,28.3773977 76.8692147,28.3776387 76.8691532,28.3776764 76.8686471,28.3779948 76.8684469,28.3781207 76.8679408,28.3785041 76.8670972,28.3791330 76.8664223,28.3796394 76.8657477,28.3801603 76.8657208,28.3801908 76.8650735,28.3807117 76.8646396,28.3810347 76.8645657,28.3809604 76.8645317,28.3809261 76.8644505,28.3808280 76.8643609,28.3807198 76.8643286,28.3806808 76.8641254,28.3804745 76.8640677,28.3804222 76.8639969,28.3803579 76.8638534,28.3802277 76.8638385,28.3802171 76.8637921,28.3801837 76.8637903,28.3801823 76.8637136,28.3801272 76.8636985,28.3801144 76.8635096,28.3799549 76.8634917,28.3799397 76.8632014,28.3796945 76.8631803,28.3796763 76.8631449,28.3796458 76.8630988,28.3796011 76.8629511,28.3794580 76.8625902,28.3791082 76.8624029,28.3789321 76.8620721,28.3786212 76.8620185,28.3785707 76.8619730,28.3785346 76.8619001,28.3784667 76.8618152,28.3783898 76.8615745,28.3781839 76.8614587,28.3780906 76.8613886,28.3780340 76.8612381,28.3779126 76.8611352,28.3778203 76.8608964,28.3776237 76.8608207,28.3775614 76.8607455,28.3774974 76.8607105,28.3774675 76.8606054,28.3773781 76.8605980,28.3773719 76.8605824,28.3773585 76.8604557,28.3772204 76.8602357,28.3770053 76.8601283,28.3769003 76.8600315,28.3768056 76.8597767,28.3765749 76.8596817,28.3764986 76.8596636,28.3764841 76.8596612,28.3764822 76.8596009,28.3764452 76.8595046,28.3763862 76.8594941,28.3763797 76.8594070,28.3763264 76.8593405,28.3762920 76.8592860,28.3762673 76.8592482,28.3762502 76.8590944,28.3761878 76.8589225,28.3761445 76.8589037,28.3761407 76.8585302,28.3760662 76.8584996,28.3759730 76.8584431,28.3758437 76.8584738,28.3758021 76.8588174,28.3754012 76.8588406,28.3753741 76.8588446,28.3753695 76.8588612,28.3753432 76.8589804,28.3751730 76.8590319,28.3750995 76.8590959,28.3750082 76.8592453,28.3747950 76.8592831,28.3747293 76.8593274,28.3746525 76.8593372,28.3746355 76.8591514,28.3742522 76.8590166,28.3740082 76.8589189,28.3738314 76.8588528,28.3737117 76.8585396,28.3732717 76.8584688,28.3731722 76.8584485,28.3730356 76.8584307,28.3729158 76.8584169,28.3728882 76.8583508,28.3727560 76.8583408,28.3727362 76.8584603,28.3726285 76.8588444,28.3720803 76.8588814,28.3720430 76.8589333,28.3719905 76.8591469,28.3717748 76.8592898,28.3716390 76.8593149,28.3716170 76.8593677,28.3715707 76.8593866,28.3715540 76.8593649,28.3715306 76.8593480,28.3715102 76.8592964,28.3714478 76.8592362,28.3713751 76.8595348,28.3712505 76.8596866,28.3711871 76.8597001,28.3711815 76.8597177,28.3711715 76.8601417,28.3709932 76.8601756,28.3709777 76.8607038,28.3707114 76.8608192,28.3706533 76.8610840,28.3705191 76.8612764,28.3704215 76.8618095,28.3701824 76.8621595,28.3700255 76.8621748,28.3700187 76.8624113,28.3698649 76.8626606,28.3697098 76.8629608,28.3695230 76.8631467,28.3696570 76.8632432,28.3697047 76.8632528,28.3697034 76.8636064,28.3696573 76.8637013,28.3696449 76.8637937,28.3696202 76.8638293,28.3696107 76.8638423,28.3696072 76.8642807,28.3694899 76.8652700,28.3688819 76.8652711,28.3688862 76.8652950,28.3689157 76.8653164,28.3689420 76.8654877,28.3691530 76.8654932,28.3691509 76.8655054,28.3691463 76.8655256,28.3691745 76.8669346,28.3688020 76.8679816,28.3683208 76.8687367,28.3679737 76.8690283,28.3678397 76.8703287,28.3672413 76.8708293,28.3670109 76.8724526,28.3662638 76.8726267,28.3661900 76.8727127,28.3661441 76.8729806,28.3660011 76.8731532,28.3659173 76.8733015,28.3658582 76.8739776,28.3655716 76.8743064,28.3654286 76.8746530,28.3652609 76.8747230,28.3652321 76.8750209,28.3650692 76.8753044,28.3649142 76.8753271,28.3649018 76.8755928,28.3647706 76.8760004,28.3645156 76.8763022,28.3642974 76.8766715,28.3640477 76.8771417,28.3637352 76.8773433,28.3636030 76.8776665,28.3633703 76.8777655,28.3632990 76.8778268,28.3632549 76.8779392,28.3631739 76.8779775,28.3631463 76.8780140,28.3631200 76.8780370,28.3631017 76.8792445,28.3621965 76.8793455,28.3621254 76.8792924,28.3620564 76.8792202,28.3619316 76.8792817,28.3618946 76.8793473,28.3618587 76.8799871,28.3614973 76.8800736,28.3614486 76.8800179,28.3614086 76.8799982,28.3613305 76.8800168,28.3613303 76.8801230,28.3613115 76.8806973,28.3612100 76.8809241,28.3611821 76.8813766,28.3610443 76.8817044,28.3608815 76.8816821,28.3608416 76.8816815,28.3608405 76.8813552,28.3602585 76.8813186,28.3602005 76.8815340,28.3598152 76.8815375,28.3598096 76.8815779,28.3597708 76.8815890,28.3597616 76.8816840,28.3596836 76.8819094,28.3595346 76.8820136,28.3593105 76.8820294,28.3592763 76.8823222,28.3587257 76.8823453,28.3586749 76.8823900,28.3585766 76.8825466,28.3581766 76.8826592,28.3579171 76.8827709,28.3576274 76.8828841,28.3573819 76.8827903,28.3570826 76.8827474,28.3567635 76.8828247,28.3565821 76.8828439,28.3565371 76.8831537,28.3559862 76.8831822,28.3559162 76.8832852,28.3557939 76.8835576,28.3554332 76.8837865,28.3551036 76.8838484,28.3550144 76.8840212,28.3548789 76.8843391,28.3545530 76.8847613,28.3540123 76.8845225,28.3538436 76.8842546,28.3536543 76.8837578,28.3532901 76.8830572,28.3527765 76.8828476,28.3526228 76.8820704,28.3520531 76.8819683,28.3519783 76.8816599,28.3517522 76.8810379,28.3512962 76.8810211,28.3513020 76.8808763,28.3513521 76.8806718,28.3514229 76.8806445,28.3514324 76.8806470,28.3514310 76.8805508,28.3512143 76.8809830,28.3500316 76.8823297,28.3515239 76.8842354,28.3518414 76.8869398,28.3533703 76.8897536,28.3537516 76.8904369,28.3533219 76.8914859,28.3540331 76.8922619,28.3563909 76.8951537,28.3579838 76.8957026,28.3581135 76.8978213,28.3584839 76.8985940,28.3552678 76.8995789,28.3552541 76.8995754,28.3547836 76.9003108,28.3547586 76.9012748,28.3532475 76.9015432,28.3522302 76.9016389,28.3518672 76.9012758,28.3508790 76.9029055,28.3502450 76.9040150,28.3495037 76.9046960,28.3487454 76.9047267,28.3484002 76.9048398,28.3471275 76.9069030,28.3470939 76.9067031,28.3449717 76.9074462,28.3442689 76.9072485,28.3415948</coordinates></LinearRing></outerBoundaryIs></Polygon></Placemark>
<Placemark><name>Ward 9</name><ExtendedData><Data name="ward"><value>9</value></Data><Data name="labelLat"><value>28.332780</value></Data><Data name="labelLng"><value>76.901120</value></Data></ExtendedData><Polygon><outerBoundaryIs><LinearRing><coordinates>76.9253865,28.3505429 76.9251508,28.3505170 76.9247511,28.3504858 76.9244374,28.3504612 76.9241221,28.3504301 76.9240253,28.3504206 76.9237232,28.3503907 76.9236092,28.3503850 76.9230069,28.3502815 76.9222862,28.3500875 76.9215658,28.3499015 76.9211002,28.3497668 76.9208443,28.3496928 76.9201232,28.3494914 76.9194024,28.3492974 76.9186813,28.3490960 76.9179589,28.3488719 76.9172386,28.3486859 76.9171901,28.3486718 76.9170461,28.3486299 76.9168530,28.3484086 76.9165766,28.3480476 76.9165680,28.3480365 76.9161739,28.3475263 76.9157573,28.3470062 76.9157246,28.3469318 76.9151849,28.3464992 76.9146225,28.3460635 76.9143580,28.3459320 76.9140887,28.3458186 76.9134531,28.3458613 76.9129868,28.3455554 76.9127586,28.3454145 76.9126746,28.3453626 76.9125484,28.3452696 76.9124324,28.3451842 76.9124275,28.3451789 76.9122959,28.3450394 76.9122047,28.3449501 76.9121243,28.3448251 76.9119214,28.3445725 76.9118997,28.3445486 76.9118214,28.3444608 76.9116694,28.3442866 76.9111653,28.3437486 76.9109075,28.3436005 76.9102195,28.3432610 76.9100990,28.3432042 76.9099935,28.3431544 76.9095317,28.3429367 76.9093621,28.3428383 76.9090976,28.3426849 76.9084766,28.3424178 76.9081544,28.3421822 76.9081044,28.3421525 76.9076517,28.3418690 76.9074650,28.3417520 76.9072485,28.3415948 76.9074462,28.3442689 76.9067031,28.3449717 76.9069030,28.3470939 76.9048398,28.3471275 76.9047267,28.3484002 76.9046960,28.3487454 76.9040150,28.3495037 76.9029055,28.3502450 76.9012758,28.3508790 76.9016389,28.3518672 76.9015432,28.3522302 76.9012748,28.3532475 76.9003108,28.3547586 76.8995754,28.3547836 76.8995789,28.3552541 76.8985940,28.3552678 76.8978213,28.3584839 76.8957026,28.3581135 76.8951537,28.3579838 76.8922619,28.3563909 76.8914859,28.3540331 76.8904369,28.3533219 76.8897536,28.3537516 76.8869398,28.3533703 76.8842354,28.3518414 76.8823297,28.3515239 76.8809830,28.3500316 76.8805508,28.3512143 76.8805135,28.3511233 76.8802816,28.3506651 76.8802563,28.3506042 76.8802475,28.3505845 76.8801561,28.3504220 76.8800525,28.3502380 76.8798952,28.3500475 76.8798920,28.3500421 76.8797622,28.3499045 76.8797436,28.3498849 76.8796514,28.3497421 76.8795415,28.3496687 76.8795276,28.3496680 76.8792398,28.3496547 76.8789963,28.3494934 76.8789184,28.3494418 76.8787193,28.3492880 76.8784429,28.3490746 76.8784294,28.3490571 76.8783998,28.3490187 76.8782263,28.3488394 76.8781159,28.3487251 76.8777211,28.3485144 76.8776627,28.3484832 76.8775369,28.3484091 76.8773778,28.3483319 76.8771666,28.3482169 76.8771424,28.3482037 76.8771411,28.3482031 76.8770812,28.3481736 76.8769781,28.3481228 76.8766141,28.3479394 76.8762831,28.3477136 76.8759537,28.3474606 76.8758899,28.3474104 76.8755834,28.3471295 76.8754193,28.3469686 76.8753269,28.3468779 76.8752231,28.3467813 76.8752239,28.3467125 76.8752153,28.3467070 76.8752545,28.3466703 76.8754171,28.3465285 76.8756087,28.3463383 76.8759168,28.3460494 76.8759435,28.3460207 76.8759442,28.3460201 76.8759460,28.3460181 76.8761565,28.3457922 76.8765048,28.3454591 76.8765669,28.3454025 76.8767562,28.3452279 76.8770960,28.3449747 76.8772473,28.3444926 76.8774225,28.3444302 76.8777550,28.3442782 76.8780944,28.3438894 76.8781334,28.3438432 76.8783601,28.3435743 76.8781471,28.3433627 76.8781433,28.3433589 76.8780645,28.3432805 76.8780149,28.3432313 76.8779761,28.3431146 76.8780091,28.3430404 76.8781541,28.3427089 76.8782398,28.3425033 76.8782562,28.3424642 76.8784120,28.3422553 76.8784466,28.3422137 76.8790192,28.3415262 76.8796191,28.3411198 76.8797915,28.3408876 76.8801444,28.3406299 76.8805486,28.3402929 76.8806088,28.3402353 76.8813623,28.3396005 76.8821831,28.3390105 76.8825579,28.3387047 76.8829354,28.3383965 76.8835141,28.3379056 76.8836790,28.3377733 76.8845102,28.3372198 76.8849093,28.3369314 76.8853029,28.3366471 76.8860823,28.3360839 76.8868308,28.3356815 76.8874463,28.3353505 76.8882640,28.3347219 76.8886505,28.3344026 76.8885763,28.3343024 76.8888622,28.3340560 76.8892392,28.3336679 76.8892082,28.3336357 76.8889794,28.3333977 76.8889801,28.3333956 76.8889595,28.3333750 76.8889720,28.3332686 76.8890385,28.3330868 76.8892587,28.3327193 76.8895780,28.3322530 76.8895821,28.3322471 76.8895638,28.3322079 76.8895461,28.3321700 76.8895177,28.3321251 76.8894386,28.3320342 76.8893866,28.3319743 76.8890899,28.3316334 76.8889895,28.3315153 76.8889728,28.3314955 76.8886462,28.3311114 76.8886338,28.3310968 76.8883484,28.3307853 76.8881777,28.3305602 76.8881211,28.3304846 76.8878669,28.3301445 76.8877104,28.3299352 76.8876684,28.3298790 76.8876026,28.3297910 76.8875881,28.3297715 76.8875555,28.3297279 76.8875517,28.3297224 76.8875261,28.3296856 76.8876124,28.3296311 76.8878392,28.3294879 76.8878849,28.3294591 76.8881209,28.3293206 76.8883168,28.3292020 76.8885137,28.3290824 76.8885841,28.3290267 76.8886751,28.3289646 76.8889294,28.3287911 76.8890655,28.3287085 76.8891716,28.3286442 76.8892841,28.3285744 76.8893485,28.3285341 76.8894531,28.3284687 76.8897828,28.3282625 76.8898463,28.3282002 76.8899060,28.3281667 76.8899841,28.3281228 76.8900155,28.3281024 76.8902877,28.3279268 76.8905882,28.3277329 76.8906264,28.3277094 76.8906839,28.3276742 76.8908518,28.3275684 76.8913834,28.3272335 76.8916000,28.3270967 76.8916845,28.3270433 76.8920808,28.3268455 76.8921508,28.3268015 76.8921491,28.3268251 76.8921756,28.3267993 76.8922065,28.3267692 76.8921374,28.3265982 76.8921118,28.3264843 76.8920676,28.3262875 76.8920656,28.3262784 76.8919302,28.3260929 76.8918929,28.3260417 76.8918248,28.3259363 76.8918165,28.3259235 76.8918013,28.3258999 76.8915598,28.3256277 76.8915269,28.3255662 76.8918752,28.3253387 76.8921989,28.3250338 76.8922924,28.3249466 76.8922838,28.3249277 76.8920415,28.3244839 76.8920369,28.3244748 76.8920103,28.3244236 76.8917843,28.3239880 76.8917670,28.3239314 76.8917008,28.3238264 76.8915343,28.3235621 76.8914056,28.3233772 76.8912427,28.3231256 76.8913479,28.3229133 76.8911323,28.3222781 76.8911278,28.3222584 76.8911129,28.3221927 76.8910571,28.3219465 76.8910670,28.3218951 76.8910961,28.3217436 76.8910871,28.3217305 76.8910600,28.3216910 76.8910278,28.3216441 76.8910167,28.3216285 76.8909610,28.3215501 76.8907355,28.3211765 76.8907273,28.3211628 76.8906779,28.3210824 76.8906237,28.3210193 76.8904285,28.3206816 76.8904119,28.3206386 76.8903966,28.3206157 76.8903652,28.3205689 76.8903331,28.3205210 76.8902302,28.3203359 76.8901349,28.3200705 76.8900970,28.3199650 76.8899262,28.3195194 76.8899101,28.3194772 76.8899219,28.3194751 76.8897366,28.3191990 76.8896734,28.3191049 76.8895798,28.3189655 76.8895699,28.3189508 76.8894114,28.3187835 76.8893590,28.3187282 76.8892563,28.3186331 76.8890204,28.3184150 76.8890116,28.3184068 76.8888844,28.3182891 76.8887736,28.3181866 76.8887465,28.3181655 76.8887398,28.3181602 76.8883617,28.3178650 76.8883372,28.3178459 76.8881651,28.3177115 76.8880965,28.3176449 76.8880626,28.3176121 76.8880571,28.3176068 76.8877050,28.3172652 76.8875382,28.3171034 76.8874525,28.3170295 76.8873859,28.3169721 76.8870494,28.3166403 76.8869698,28.3165618 76.8867388,28.3163758 76.8867091,28.3163511 76.8866022,28.3162539 76.8865464,28.3162033 76.8865026,28.3161671 76.8863916,28.3160676 76.8863509,28.3160401 76.8863301,28.3160261 76.8860098,28.3156100 76.8859551,28.3154699 76.8859035,28.3151306 76.8858798,28.3150607 76.8858114,28.3148611 76.8857655,28.3147271 76.8856428,28.3145526 76.8856425,28.3145521 76.8856117,28.3145083 76.8855444,28.3144086 76.8852325,28.3139466 76.8851228,28.3137873 76.8848322,28.3133985 76.8846904,28.3131753 76.8844803,28.3128444 76.8842987,28.3125750 76.8842681,28.3125295 76.8847154,28.3122194 76.8849240,28.3120742 76.8855414,28.3117089 76.8856467,28.3116684 76.8858078,28.3115593 76.8860806,28.3113904 76.8863987,28.3111996 76.8865838,28.3110850 76.8866692,28.3110320 76.8867880,28.3109585 76.8871888,28.3106876 76.8874978,28.3104825 76.8872518,28.3101452 76.8869075,28.3096468 76.8868642,28.3095840 76.8868600,28.3095784 76.8868227,28.3095306 76.8868023,28.3095005 76.8867874,28.3094785 76.8865702,28.3089895 76.8863816,28.3086201 76.8865725,28.3084486 76.8871336,28.3080550 76.8871551,28.3080409 76.8873621,28.3079046 76.8874242,28.3078638 76.8874496,28.3078462 76.8874510,28.3078453 76.8877739,28.3076307 76.8879564,28.3075051 76.8881055,28.3074025 76.8881396,28.3073689 76.8882714,28.3072693 76.8884496,28.3071482 76.8886248,28.3070291 76.8887244,28.3069615 76.8887868,28.3069190 76.8888677,28.3068596 76.8889022,28.3068402 76.8890134,28.3067776 76.8890359,28.3067649 76.8894420,28.3065145 76.8894679,28.3064985 76.8895063,28.3064748 76.8895090,28.3064732 76.8898680,28.3062979 76.8901043,28.3061142 76.8901490,28.3060794 76.8902015,28.3060456 76.8902486,28.3060151 76.8904103,28.3059108 76.8905493,28.3058210 76.8905808,28.3058046 76.8905830,28.3058034 76.8906489,28.3057813 76.8908493,28.3056780 76.8909238,28.3056443 76.8910153,28.3056028 76.8911210,28.3055549 76.8912271,28.3055068 76.8912284,28.3055098 76.8915294,28.3061879 76.8915751,28.3062899 76.8921864,28.3062322 76.8922009,28.3062349 76.8922660,28.3062471 76.8922861,28.3062509 76.8923002,28.3062636 76.8927850,28.3067008 76.8927936,28.3067039 76.8928094,28.3067095 76.8928637,28.3067288 76.8929035,28.3067391 76.8929189,28.3067430 76.8934893,28.3068898 76.8935423,28.3069100 76.8937146,28.3069965 76.8943775,28.3073292 76.8943911,28.3073515 76.8944065,28.3073768 76.8946273,28.3077136 76.8946759,28.3077879 76.8947316,28.3078728 76.8947447,28.3078764 76.8948689,28.3079105 76.8948968,28.3079182 76.8949084,28.3079218 76.8951738,28.3080046 76.8955299,28.3080969 76.8955874,28.3079868 76.8955897,28.3079831 76.8956238,28.3079269 76.8956285,28.3079191 76.8957624,28.3076961 76.8958409,28.3075655 76.8959109,28.3074489 76.8959219,28.3074305 76.8961089,28.3075242 76.8962568,28.3075983 76.8962809,28.3076089 76.8965337,28.3077202 76.8969349,28.3078966 76.8969525,28.3079039 76.8970578,28.3079476 76.8970860,28.3079585 76.8976132,28.3081619 76.8976250,28.3081667 76.8976725,28.3081859 76.8980621,28.3083444 76.8981601,28.3083567 76.8983035,28.3082499 76.8983172,28.3082398 76.8985674,28.3079905 76.8990062,28.3075905 76.8990577,28.3075760 76.8993510,28.3074614 76.8994585,28.3074280 76.8996951,28.3073545 76.8997725,28.3073237 76.8998649,28.3073642 76.9003331,28.3075491 76.9003694,28.3075640 76.9005677,28.3076454 76.9006564,28.3076818 76.9006653,28.3076948 76.9007880,28.3078729 76.9008241,28.3079253 76.9008577,28.3079783 76.9011492,28.3084386 76.9011659,28.3084666 76.9012681,28.3090075 76.9013452,28.3092281 76.9013734,28.3093087 76.9015055,28.3095486 76.9016051,28.3097207 76.9018188,28.3100898 76.9018240,28.3100981 76.9021548,28.3106311 76.9022950,28.3108879 76.9024502,28.3111723 76.9026267,28.3115202 76.9026443,28.3115549 76.9027247,28.3117134 76.9027294,28.3117231 76.9029884,28.3122546 76.9031080,28.3125483 76.9031311,28.3127956 76.9031399,28.3128560 76.9031677,28.3130488 76.9032364,28.3132523 76.9032648,28.3133366 76.9032715,28.3133470 76.9033313,28.3134406 76.9036105,28.3138778 76.9037751,28.3141185 76.9039810,28.3144054 76.9039858,28.3144140 76.9039886,28.3144191 76.9040191,28.3144737 76.9040868,28.3145948 76.9041534,28.3147140 76.9042219,28.3148366 76.9039009,28.3149632 76.9037451,28.3150247 76.9036124,28.3150722 76.9034544,28.3151289 76.9033760,28.3151570 76.9032180,28.3152137 76.9031257,28.3152609 76.9031064,28.3152707 76.9028374,28.3153850 76.9027675,28.3154077 76.9024125,28.3155230 76.9024051,28.3155483 76.9023841,28.3156192 76.9023730,28.3156324 76.9020948,28.3159603 76.9021485,28.3161805 76.9020020,28.3162568 76.9019420,28.3165293 76.9018864,28.3166049 76.9015860,28.3164299 76.9014976,28.3164491 76.9015617,28.3165796 76.9012561,28.3167430 76.9013408,28.3167831 76.9013962,28.3168093 76.9014357,28.3168279 76.9014945,28.3168580 76.9015022,28.3168725 76.9015168,28.3169001 76.9015445,28.3169525 76.9016527,28.3171570 76.9015826,28.3172601 76.9016111,28.3172869 76.9016702,28.3173425 76.9016708,28.3173431 76.9018266,28.3174897 76.9018037,28.3175082 76.9016752,28.3176120 76.9014936,28.3177587 76.9011031,28.3177681 76.9010836,28.3177789 76.9012533,28.3179735 76.9012540,28.3179746 76.9013791,28.3181490 76.9015934,28.3184480 76.9016342,28.3185048 76.9016709,28.3185561 76.9017830,28.3187124 76.9019183,28.3189157 76.9020186,28.3190508 76.9023316,28.3194722 76.9023380,28.3194808 76.9023510,28.3195070 76.9023529,28.3195108 76.9023619,28.3195291 76.9024248,28.3195606 76.9025056,28.3195955 76.9026403,28.3196535 76.9030320,28.3198225 76.9030979,28.3198509 76.9036193,28.3200817 76.9036361,28.3200891 76.9036597,28.3201317 76.9037115,28.3202252 76.9037613,28.3203149 76.9040189,28.3206780 76.9040433,28.3207124 76.9043936,28.3212063 76.9044002,28.3212155 76.9044036,28.3212239 76.9044342,28.3212988 76.9044377,28.3213075 76.9050726,28.3214750 76.9050750,28.3214756 76.9053256,28.3215238 76.9053612,28.3215306 76.9055175,28.3217607 76.9055557,28.3218169 76.9057312,28.3220675 76.9057531,28.3220966 76.9059106,28.3223065 76.9059306,28.3223332 76.9059842,28.3223824 76.9063566,28.3227068 76.9063835,28.3227302 76.9064339,28.3227738 76.9065213,28.3228496 76.9066481,28.3229595 76.9068377,28.3231451 76.9070353,28.3234019 76.9071149,28.3235027 76.9073272,28.3237712 76.9074135,28.3238804 76.9075825,28.3240942 76.9076321,28.3241788 76.9076808,28.3241853 76.9083651,28.3242762 76.9087336,28.3243208 76.9088948,28.3244716 76.9090361,28.3246038 76.9092278,28.3247197 76.9093482,28.3247995 76.9094275,28.3248521 76.9097021,28.3250230 76.9097267,28.3250363 76.9102407,28.3253139 76.9103714,28.3253809 76.9106822,28.3255725 76.9109012,28.3257075 76.9110378,28.3257917 76.9113662,28.3260136 76.9117021,28.3262406 76.9121101,28.3264947 76.9123681,28.3266587 76.9127042,28.3268580 76.9130354,28.3270544 76.9137115,28.3272922 76.9139397,28.3273470 76.9142557,28.3275209 76.9143734,28.3275856 76.9144980,28.3276542 76.9145895,28.3277045 76.9147593,28.3278020 76.9147866,28.3278176 76.9150524,28.3279697 76.9152690,28.3280937 76.9154423,28.3282049 76.9155027,28.3282437 76.9155947,28.3282994 76.9157192,28.3283747 76.9159487,28.3285135 76.9166130,28.3288939 76.9166283,28.3289026 76.9167536,28.3289800 76.9170538,28.3291654 76.9173080,28.3293224 76.9175786,28.3294652 76.9176216,28.3294879 76.9177222,28.3295410 76.9179875,28.3296809 76.9181137,28.3297475 76.9183885,28.3299550 76.9187113,28.3303261 76.9189471,28.3305971 76.9189773,28.3306433 76.9190204,28.3307091 76.9190038,28.3307183 76.9185371,28.3309716 76.9183250,28.3310910 76.9182991,28.3311056 76.9182149,28.3311501 76.9176899,28.3314276 76.9176145,28.3314675 76.9175952,28.3314777 76.9174290,28.3315556 76.9175588,28.3316622 76.9175845,28.3316833 76.9176017,28.3316973 76.9177646,28.3318296 76.9177812,28.3318430 76.9178309,28.3318834 76.9178940,28.3319347 76.9180282,28.3320411 76.9182393,28.3322620 76.9183318,28.3323519 76.9185119,28.3325268 76.9185158,28.3325306 76.9185978,28.3326102 76.9188507,28.3328634 76.9188849,28.3328976 76.9188907,28.3329034 76.9189124,28.3329239 76.9189729,28.3329808 76.9192677,28.3333834 76.9193032,28.3334352 76.9193309,28.3334757 76.9193120,28.3336027 76.9192930,28.3337299 76.9192895,28.3337609 76.9192264,28.3339422 76.9191977,28.3340317 76.9190725,28.3344227 76.9190436,28.3345129 76.9188905,28.3349347 76.9188254,28.3350866 76.9186922,28.3354413 76.9186698,28.3355007 76.9192554,28.3361609 76.9194259,28.3363624 76.9196993,28.3366787 76.9198034,28.3368072 76.9201390,28.3371969 76.9201828,28.3372394 76.9203230,28.3373921 76.9206164,28.3377119 76.9208564,28.3379574 76.9211178,28.3382248 76.9211606,28.3382720 76.9212858,28.3384102 76.9215853,28.3387407 76.9216105,28.3387745 76.9216898,28.3388633 76.9218370,28.3390732 76.9219421,28.3392658 76.9222897,28.3397918 76.9224643,28.3400701 76.9226372,28.3402826 76.9226550,28.3403162 76.9228435,28.3408556 76.9229712,28.3411617 76.9230638,28.3413923 76.9233351,28.3419247 76.9235612,28.3424179 76.9235682,28.3424603 76.9236682,28.3430071 76.9237773,28.3435532 76.9239674,28.3440924 76.9241276,28.3446342 76.9241551,28.3447046 76.9241742,28.3447534 76.9242100,28.3448231 76.9243869,28.3451676 76.9245523,28.3454850 76.9246992,28.3456965 76.9250822,28.3462194 76.9253675,28.3465907 76.9254829,28.3467409 76.9259225,28.3472590 76.9261395,28.3475002 76.9263083,28.3476820 76.9263941,28.3477745 76.9264281,28.3478164 76.9265562,28.3479638 76.9266812,28.3481062 76.9267608,28.3482202 76.9268127,28.3482945 76.9269448,28.3484836 76.9269840,28.3485396 76.9271427,28.3487815 76.9271708,28.3488195 76.9271935,28.3488502 76.9275573,28.3493421 76.9275587,28.3493441 76.9276029,28.3494090 76.9276224,28.3494376 76.9279180,28.3498328 76.9279333,28.3498657 76.9279521,28.3499058 76.9282029,28.3504616 76.9282508,28.3505292 76.9283360,28.3507478 76.9280897,28.3507360 76.9279656,28.3507301 76.9274517,28.3507055 76.9272922,28.3507064 76.9265792,28.3506587 76.9260579,28.3506125 76.9258654,28.3505955 76.9253865,28.3505429</coordinates></LinearRing></outerBoundaryIs></Polygon></Placemark>
<Placemark><name>Ward 10</name><ExtendedData><Data name="ward"><value>10</value></Data><Data name="labelLat"><value>28.344129</value></Data><Data name="labelLng"><value>76.959523</value></Data></ExtendedData><Polygon><outerBoundaryIs><LinearRing><coordinates>76.9553585,28.3584564 76.9553583,28.3584584 76.9553547,28.3585107 76.9552250,28.3586409 76.9551651,28.3586687 76.9548708,28.3589026 76.9545855,28.3591294 76.9545121,28.3591870 76.9544109,28.3593041 76.9542864,28.3594482 76.9542060,28.3595412 76.9541928,28.3595564 76.9540570,28.3597136 76.9539393,28.3598585 76.9539697,28.3599453 76.9538128,28.3600885 76.9537794,28.3601190 76.9536621,28.3602426 76.9532959,28.3605304 76.9532197,28.3605843 76.9531284,28.3606487 76.9531016,28.3607432 76.9530956,28.3607645 76.9530552,28.3608841 76.9529104,28.3611846 76.9528548,28.3612999 76.9528447,28.3613131 76.9526434,28.3615751 76.9526093,28.3617307 76.9525866,28.3618342 76.9524884,28.3622443 76.9524811,28.3622745 76.9524573,28.3623742 76.9524305,28.3624698 76.9524355,28.3628173 76.9524370,28.3629187 76.9524345,28.3629679 76.9524143,28.3633597 76.9524090,28.3634629 76.9523307,28.3639029 76.9523127,28.3640043 76.9522721,28.3642193 76.9522411,28.3643834 76.9522238,28.3644146 76.9522105,28.3644385 76.9521853,28.3644838 76.9521822,28.3645443 76.9521836,28.3645808 76.9521990,28.3649829 76.9522021,28.3649888 76.9522209,28.3650245 76.9522567,28.3650927 76.9523149,28.3651784 76.9522967,28.3654440 76.9522923,28.3655298 76.9522908,28.3655599 76.9522874,28.3656254 76.9522820,28.3656353 76.9522800,28.3656390 76.9522332,28.3657201 76.9521363,28.3658879 76.9521107,28.3659350 76.9520375,28.3660580 76.9519738,28.3661649 76.9519698,28.3661716 76.9516255,28.3666228 76.9515665,28.3667002 76.9515056,28.3667527 76.9515829,28.3671655 76.9515885,28.3671955 76.9515981,28.3672469 76.9516071,28.3673030 76.9516190,28.3673773 76.9517084,28.3675544 76.9518435,28.3678024 76.9518768,28.3678593 76.9519853,28.3680444 76.9520009,28.3680710 76.9520690,28.3682433 76.9521147,28.3683590 76.9522814,28.3688287 76.9522874,28.3688450 76.9522887,28.3688485 76.9523213,28.3689374 76.9523126,28.3689431 76.9522170,28.3690055 76.9519620,28.3691719 76.9519437,28.3691839 76.9517378,28.3693331 76.9516058,28.3694287 76.9515366,28.3694727 76.9512558,28.3696428 76.9512345,28.3696557 76.9509523,28.3698499 76.9508192,28.3699415 76.9505495,28.3701176 76.9505251,28.3701335 76.9503387,28.3702566 76.9501759,28.3703670 76.9500463,28.3704549 76.9498428,28.3705996 76.9498152,28.3706192 76.9495774,28.3707420 76.9492872,28.3708800 76.9491575,28.3709417 76.9491425,28.3709483 76.9491127,28.3709616 76.9489101,28.3710469 76.9486790,28.3711419 76.9485936,28.3711759 76.9485238,28.3712038 76.9484455,28.3712314 76.9484133,28.3712427 76.9482398,28.3713153 76.9480839,28.3713814 76.9479058,28.3714570 76.9477474,28.3715373 76.9477124,28.3715551 76.9475746,28.3715710 76.9473622,28.3716469 76.9470815,28.3716952 76.9470562,28.3717005 76.9470196,28.3717080 76.9469512,28.3717375 76.9469145,28.3717534 76.9468447,28.3717787 76.9444737,28.3706105 76.9424589,28.3666997 76.9397896,28.3600575 76.9396759,28.3597779 76.9391528,28.3584746 76.9385888,28.3571432 76.9380345,28.3557179 76.9383253,28.3556172 76.9384394,28.3557427 76.9392951,28.3569893 76.9392761,28.3563368 76.9416243,28.3563033 76.9421663,28.3572069 76.9428128,28.3580175 76.9450266,28.3580654 76.9450671,28.3547127 76.9451150,28.3526033 76.9547609,28.3530319 76.9541144,28.3525029 76.9522427,28.3513524 76.9523912,28.3503327 76.9504303,28.3502543 76.9498064,28.3500451 76.9472811,28.3486332 76.9443992,28.3476919 76.9394674,28.3461753 76.9386164,28.3457669 76.9385849,28.3455109 76.9384475,28.3443668 76.9384126,28.3440493 76.9383989,28.3436512 76.9383933,28.3431643 76.9384330,28.3423213 76.9384526,28.3410776 76.9384474,28.3395477 76.9384203,28.3391241 76.9383933,28.3388866 76.9383359,28.3385751 76.9382566,28.3383098 76.9381547,28.3380505 76.9378859,28.3375157 76.9374487,28.3369747 76.9372085,28.3367689 76.9368640,28.3365188 76.9363600,28.3362280 76.9359978,28.3360727 76.9354249,28.3359118 76.9350516,28.3358598 76.9345978,28.3358347 76.9337535,28.3358868 76.9329525,28.3360013 76.9316512,28.3362060 76.9295716,28.3365305 76.9270856,28.3369439 76.9259262,28.3371178 76.9254702,28.3371501 76.9250073,28.3371623 76.9244981,28.3371179 76.9238614,28.3370095 76.9232758,28.3368573 76.9226895,28.3366707 76.9220887,28.3363927 76.9217090,28.3361688 76.9212241,28.3358547 76.9206321,28.3353473 76.9200263,28.3346002 76.9193752,28.3336868 76.9193120,28.3336027 76.9193309,28.3334757 76.9193032,28.3334352 76.9192677,28.3333834 76.9189729,28.3329808 76.9189124,28.3329239 76.9188907,28.3329034 76.9188849,28.3328976 76.9188507,28.3328634 76.9185978,28.3326102 76.9185158,28.3325306 76.9185119,28.3325268 76.9183318,28.3323519 76.9182393,28.3322620 76.9180282,28.3320411 76.9178940,28.3319347 76.9178309,28.3318834 76.9177812,28.3318430 76.9177646,28.3318296 76.9176017,28.3316973 76.9175845,28.3316833 76.9175588,28.3316622 76.9174290,28.3315556 76.9175952,28.3314777 76.9176145,28.3314675 76.9176899,28.3314276 76.9182149,28.3311501 76.9182991,28.3311056 76.9183250,28.3310910 76.9185371,28.3309716 76.9190038,28.3307183 76.9190204,28.3307091 76.9190291,28.3307043 76.9194619,28.3304647 76.9195835,28.3303952 76.9197088,28.3303235 76.9200548,28.3301175 76.9203201,28.3299550 76.9204170,28.3298682 76.9209870,28.3294374 76.9211307,28.3293071 76.9213338,28.3291587 76.9213566,28.3291419 76.9214003,28.3289092 76.9214351,28.3287846 76.9215248,28.3284627 76.9215586,28.3284350 76.9216334,28.3283736 76.9218729,28.3281949 76.9223507,28.3278580 76.9225074,28.3277300 76.9225854,28.3276557 76.9229359,28.3273370 76.9230317,28.3272191 76.9230815,28.3271613 76.9233068,28.3269434 76.9234505,28.3268130 76.9235207,28.3267312 76.9236297,28.3266040 76.9239998,28.3267826 76.9240747,28.3268188 76.9241148,28.3268407 76.9242291,28.3269031 76.9246651,28.3271562 76.9247543,28.3272079 76.9247912,28.3272324 76.9248902,28.3272980 76.9249446,28.3273340 76.9250841,28.3274264 76.9253274,28.3275876 76.9254341,28.3276582 76.9257605,28.3278744 76.9259627,28.3280083 76.9259894,28.3280260 76.9261140,28.3281085 76.9265366,28.3284115 76.9266561,28.3283732 76.9267929,28.3283294 76.9273492,28.3282091 76.9274700,28.3281830 76.9277393,28.3280821 76.9278966,28.3280232 76.9279629,28.3280914 76.9280398,28.3280946 76.9287281,28.3280243 76.9289075,28.3280352 76.9289835,28.3280134 76.9294197,28.3278879 76.9299574,28.3277781 76.9300653,28.3276334 76.9301204,28.3275766 76.9304614,28.3271037 76.9305691,28.3269248 76.9308493,28.3267195 76.9309934,28.3265812 76.9311938,28.3264510 76.9314572,28.3262905 76.9315593,28.3262283 76.9316764,28.3261631 76.9318417,28.3260711 76.9319992,28.3259815 76.9322675,28.3257707 76.9325302,28.3255543 76.9327277,28.3254097 76.9328599,28.3255680 76.9329561,28.3256932 76.9331781,28.3259684 76.9333100,28.3261321 76.9336000,28.3264835 76.9337773,28.3266969 76.9342118,28.3272601 76.9342423,28.3273040 76.9346606,28.3278029 76.9346792,28.3278251 76.9348873,28.3280730 76.9349792,28.3281724 76.9350115,28.3281925 76.9352816,28.3283600 76.9353421,28.3283975 76.9355489,28.3285199 76.9356656,28.3286043 76.9357019,28.3286305 76.9359906,28.3289308 76.9360301,28.3289718 76.9362023,28.3291244 76.9363076,28.3292406 76.9365235,28.3294788 76.9365380,28.3294948 76.9365790,28.3295400 76.9368536,28.3297714 76.9369511,28.3298497 76.9372182,28.3300644 76.9372805,28.3301145 76.9375095,28.3303288 76.9375429,28.3303449 76.9376006,28.3303473 76.9381919,28.3303718 76.9382754,28.3303753 76.9388751,28.3304002 76.9389502,28.3304033 76.9389605,28.3304037 76.9395470,28.3306478 76.9396119,28.3306754 76.9396926,28.3307098 76.9398230,28.3307653 76.9400318,28.3308834 76.9402095,28.3310771 76.9402631,28.3311409 76.9403794,28.3312797 76.9404264,28.3313357 76.9406402,28.3315698 76.9408566,28.3318068 76.9408875,28.3318420 76.9409008,28.3318571 76.9409406,28.3319024 76.9413002,28.3322872 76.9413184,28.3324010 76.9413285,28.3324639 76.9414747,28.3328179 76.9414876,28.3328492 76.9415194,28.3329286 76.9415283,28.3329507 76.9415467,28.3329966 76.9415555,28.3330186 76.9415840,28.3331634 76.9415942,28.3332155 76.9417114,28.3334993 76.9417413,28.3335717 76.9418012,28.3337074 76.9418647,28.3338513 76.9419525,28.3340503 76.9419617,28.3340712 76.9419990,28.3341278 76.9421007,28.3342380 76.9422991,28.3344618 76.9423764,28.3345490 76.9424585,28.3346416 76.9424595,28.3346426 76.9425051,28.3346941 76.9425419,28.3347362 76.9425828,28.3347830 76.9425841,28.3347846 76.9427540,28.3348468 76.9427684,28.3348527 76.9428181,28.3348728 76.9428466,28.3348843 76.9432814,28.3350603 76.9433311,28.3350805 76.9434247,28.3351184 76.9434303,28.3351209 76.9435631,28.3351815 76.9436080,28.3352019 76.9436598,28.3352255 76.9438094,28.3352935 76.9439217,28.3353400 76.9440943,28.3354114 76.9443989,28.3355268 76.9447682,28.3356211 76.9454005,28.3357571 76.9454444,28.3357854 76.9457196,28.3359180 76.9457552,28.3359377 76.9461110,28.3361345 76.9462533,28.3361938 76.9462854,28.3362313 76.9465124,28.3364962 76.9467955,28.3368340 76.9468801,28.3369350 76.9469041,28.3369635 76.9469426,28.3370095 76.9469534,28.3370376 76.9469621,28.3370602 76.9475978,28.3376002 76.9476831,28.3376355 76.9480758,28.3378712 76.9483660,28.3380318 76.9483968,28.3380612 76.9483591,28.3381066 76.9482945,28.3381760 76.9483232,28.3382073 76.9483649,28.3382528 76.9486555,28.3385698 76.9486827,28.3386559 76.9486876,28.3386613 76.9487180,28.3386947 76.9487181,28.3386948 76.9491336,28.3391093 76.9493061,28.3390480 76.9499223,28.3387134 76.9500027,28.3386717 76.9503856,28.3384514 76.9502655,28.3381870 76.9500497,28.3377993 76.9500111,28.3377333 76.9500089,28.3377294 76.9499526,28.3376330 76.9497429,28.3372151 76.9497500,28.3370836 76.9497506,28.3370761 76.9497959,28.3365447 76.9498080,28.3363199 76.9502804,28.3360243 76.9512195,28.3355231 76.9513034,28.3354515 76.9514471,28.3353159 76.9515475,28.3351012 76.9515652,28.3350869 76.9515869,28.3349977 76.9517747,28.3346437 76.9519939,28.3344740 76.9522147,28.3343240 76.9522669,28.3343013 76.9526013,28.3340347 76.9526273,28.3340140 76.9526984,28.3339629 76.9528416,28.3338705 76.9529721,28.3337641 76.9533932,28.3334513 76.9536755,28.3332604 76.9541002,28.3330016 76.9543652,28.3330116 76.9550911,28.3333459 76.9558930,28.3329772 76.9564200,28.3325328 76.9566091,28.3323733 76.9571093,28.3322900 76.9575794,28.3322117 76.9580638,28.3320256 76.9584849,28.3318639 76.9591967,28.3312020 76.9598809,28.3310555 76.9600178,28.3310262 76.9602094,28.3310343 76.9605576,28.3310490 76.9607499,28.3310571 76.9612324,28.3310774 76.9614331,28.3310858 76.9615334,28.3310900 76.9616265,28.3310940 76.9616911,28.3311501 76.9617503,28.3312099 76.9620117,28.3313660 76.9620965,28.3314987 76.9621507,28.3315768 76.9622312,28.3316929 76.9624961,28.3321406 76.9625619,28.3322519 76.9627310,28.3324755 76.9629533,28.3328134 76.9630182,28.3329131 76.9632410,28.3333706 76.9633590,28.3335803 76.9635085,28.3338446 76.9635206,28.3339275 76.9636817,28.3344796 76.9638518,28.3348920 76.9639177,28.3350347 76.9639666,28.3350821 76.9643762,28.3355989 76.9646120,28.3358480 76.9648931,28.3361656 76.9652602,28.3365595 76.9654395,28.3367335 76.9658244,28.3370942 76.9659131,28.3371773 76.9660914,28.3373058 76.9665723,28.3376741 76.9668356,28.3378819 76.9672317,28.3381679 76.9674133,28.3383009 76.9675456,28.3384565 76.9678826,28.3388267 76.9680096,28.3390210 76.9680453,28.3390714 76.9684292,28.3395837 76.9685234,28.3396830 76.9686143,28.3398318 76.9688879,28.3401480 76.9691687,28.3404515 76.9693575,28.3407127 76.9698116,28.3412671 76.9699554,28.3414051 76.9703040,28.3418424 76.9704572,28.3420305 76.9705437,28.3421205 76.9706948,28.3424039 76.9709471,28.3429597 76.9710181,28.3431264 76.9710785,28.3432681 76.9711857,28.3435148 76.9713640,28.3438829 76.9714234,28.3440700 76.9715019,28.3441889 76.9716936,28.3446265 76.9717414,28.3447069 76.9718707,28.3451791 76.9719826,28.3455601 76.9717668,28.3457202 76.9716317,28.3458358 76.9711829,28.3462415 76.9709139,28.3464803 76.9705990,28.3467628 76.9701946,28.3471559 76.9700510,28.3472855 76.9694811,28.3477165 76.9693569,28.3478022 76.9689127,28.3481564 76.9687653,28.3483232 76.9682898,28.3488489 76.9680387,28.3491385 76.9678383,28.3493757 76.9677759,28.3494070 76.9677443,28.3494850 76.9676185,28.3496206 76.9673150,28.3498994 76.9669080,28.3502578 76.9667233,28.3504204 76.9667018,28.3504439 76.9665964,28.3505592 76.9664478,28.3506916 76.9661659,28.3509427 76.9659788,28.3511032 76.9658763,28.3512489 76.9658700,28.3512549 76.9657700,28.3513519 76.9656515,28.3514668 76.9653268,28.3517931 76.9653153,28.3518044 76.9651549,28.3519614 76.9651192,28.3519902 76.9650923,28.3520163 76.9647433,28.3523541 76.9646365,28.3524575 76.9645788,28.3525133 76.9644821,28.3526011 76.9644352,28.3526437 76.9641961,28.3529035 76.9640726,28.3530377 76.9639738,28.3531157 76.9638191,28.3532380 76.9637361,28.3533036 76.9637350,28.3533044 76.9637158,28.3533192 76.9632204,28.3535479 76.9630521,28.3536194 76.9630148,28.3536353 76.9628810,28.3536922 76.9623677,28.3539103 76.9623147,28.3539329 76.9621964,28.3539698 76.9619667,28.3540415 76.9618714,28.3540749 76.9616822,28.3541410 76.9616181,28.3541634 76.9614993,28.3542068 76.9613741,28.3542619 76.9611031,28.3543790 76.9609976,28.3544216 76.9606314,28.3545632 76.9603133,28.3547163 76.9602178,28.3547623 76.9599639,28.3548751 76.9598461,28.3549274 76.9596046,28.3550346 76.9595179,28.3550613 76.9595176,28.3550614 76.9593654,28.3551275 76.9589890,28.3552909 76.9589449,28.3553256 76.9588853,28.3553726 76.9588141,28.3554262 76.9586447,28.3555403 76.9585384,28.3556131 76.9584948,28.3556428 76.9584340,28.3556905 76.9584068,28.3557117 76.9583662,28.3557435 76.9582642,28.3558234 76.9581540,28.3559097 76.9581024,28.3559494 76.9579429,28.3560567 76.9577324,28.3562419 76.9574891,28.3564559 76.9572987,28.3567897 76.9570460,28.3571635 76.9569957,28.3572003 76.9569107,28.3572730 76.9568877,28.3572912 76.9568819,28.3573008 76.9567857,28.3573959 76.9566517,28.3575282 76.9564723,28.3576320 76.9562648,28.3577921 76.9562308,28.3578184 76.9560899,28.3579272 76.9559405,28.3580425 76.9557846,28.3581489 76.9556594,28.3582570 76.9555509,28.3583507 76.9554468,28.3584405 76.9554225,28.3584615 76.9553911,28.3584413 76.9553845,28.3584370 76.9553609,28.3584219 76.9553585,28.3584564</coordinates></LinearRing></outerBoundaryIs></Polygon></Placemark>
<Placemark><name>Ward 11</name><ExtendedData><Data name="ward"><value>11</value></Data><Data name="labelLat"><value>28.352797</value></Data><Data name="labelLng"><value>76.941600</value></Data></ExtendedData><Polygon><outerBoundaryIs><LinearRing><coordinates>76.9547609,28.3530319 76.9451150,28.3526033 76.9450671,28.3547127 76.9450266,28.3580654 76.9428128,28.3580175 76.9421663,28.3572069 76.9416243,28.3563033 76.9392761,28.3563368 76.9392951,28.3569893 76.9384394,28.3557427 76.9383253,28.3556172 76.9380345,28.3557179 76.9379699,28.3555517 76.9379461,28.3554905 76.9377922,28.3550439 76.9376851,28.3546467 76.9376360,28.3543179 76.9376220,28.3538453 76.9376574,28.3535631 76.9377389,28.3531465 76.9378823,28.3527242 76.9381267,28.3520992 76.9381996,28.3519127 76.9384906,28.3511445 76.9386882,28.3508415 76.9388718,28.3502486 76.9389419,28.3498293 76.9389861,28.3494104 76.9389821,28.3488346 76.9388508,28.3476675 76.9386277,28.3458580 76.9386164,28.3457669 76.9394674,28.3461753 76.9443992,28.3476919 76.9472811,28.3486332 76.9498064,28.3500451 76.9504303,28.3502543 76.9523912,28.3503327 76.9522427,28.3513524 76.9541144,28.3525029 76.9547609,28.3530319</coordinates></LinearRing></outerBoundaryIs></Polygon></Placemark>
<Placemark><name>Ward 12</name><ExtendedData><Data name="ward"><value>12</value></Data><Data name="labelLat"><value>28.343211</value></Data><Data name="labelLng"><value>76.931540</value></Data></ExtendedData><Polygon><outerBoundaryIs><LinearRing><coordinates>76.9282508,28.3505292 76.9282029,28.3504616 76.9279521,28.3499058 76.9279333,28.3498657 76.9279180,28.3498328 76.9276224,28.3494376 76.9276029,28.3494090 76.9275587,28.3493441 76.9275573,28.3493421 76.9271935,28.3488502 76.9271708,28.3488195 76.9271427,28.3487815 76.9269840,28.3485396 76.9269448,28.3484836 76.9268127,28.3482945 76.9267608,28.3482202 76.9266812,28.3481062 76.9265562,28.3479638 76.9264281,28.3478164 76.9263941,28.3477745 76.9263083,28.3476820 76.9261395,28.3475002 76.9259225,28.3472590 76.9254829,28.3467409 76.9253675,28.3465907 76.9250822,28.3462194 76.9246992,28.3456965 76.9245523,28.3454850 76.9243869,28.3451676 76.9242100,28.3448231 76.9241742,28.3447534 76.9241551,28.3447046 76.9241276,28.3446342 76.9239674,28.3440924 76.9237773,28.3435532 76.9236682,28.3430071 76.9235682,28.3424603 76.9235612,28.3424179 76.9233351,28.3419247 76.9230638,28.3413923 76.9229712,28.3411617 76.9228435,28.3408556 76.9226550,28.3403162 76.9226372,28.3402826 76.9224643,28.3400701 76.9222897,28.3397918 76.9219421,28.3392658 76.9218370,28.3390732 76.9216898,28.3388633 76.9216105,28.3387745 76.9215853,28.3387407 76.9212858,28.3384102 76.9211606,28.3382720 76.9211178,28.3382248 76.9208564,28.3379574 76.9206164,28.3377119 76.9203230,28.3373921 76.9201828,28.3372394 76.9201390,28.3371969 76.9198034,28.3368072 76.9196993,28.3366787 76.9194259,28.3363624 76.9192554,28.3361609 76.9186698,28.3355007 76.9186922,28.3354413 76.9188254,28.3350866 76.9188905,28.3349347 76.9190436,28.3345129 76.9190725,28.3344227 76.9191977,28.3340317 76.9192264,28.3339422 76.9192895,28.3337609 76.9192930,28.3337299 76.9193120,28.3336027 76.9193752,28.3336868 76.9200263,28.3346002 76.9206321,28.3353473 76.9212241,28.3358547 76.9217090,28.3361688 76.9220887,28.3363927 76.9226895,28.3366707 76.9232758,28.3368573 76.9238614,28.3370095 76.9244981,28.3371179 76.9250073,28.3371623 76.9254702,28.3371501 76.9259262,28.3371178 76.9270856,28.3369439 76.9295716,28.3365305 76.9316512,28.3362060 76.9329525,28.3360013 76.9337535,28.3358868 76.9345978,28.3358347 76.9350516,28.3358598 76.9354249,28.3359118 76.9359978,28.3360727 76.9363600,28.3362280 76.9368640,28.3365188 76.9372085,28.3367689 76.9374487,28.3369747 76.9378859,28.3375157 76.9381547,28.3380505 76.9382566,28.3383098 76.9383359,28.3385751 76.9383933,28.3388866 76.9384203,28.3391241 76.9384474,28.3395477 76.9384526,28.3410776 76.9384330,28.3423213 76.9383933,28.3431643 76.9383989,28.3436512 76.9384126,28.3440493 76.9384475,28.3443668 76.9385849,28.3455109 76.9386164,28.3457669 76.9386277,28.3458580 76.9388508,28.3476675 76.9389821,28.3488346 76.9389861,28.3494104 76.9389419,28.3498293 76.9388718,28.3502486 76.9386882,28.3508415 76.9384906,28.3511445 76.9381996,28.3519127 76.9381267,28.3520992 76.9378823,28.3527242 76.9377389,28.3531465 76.9376574,28.3535631 76.9376220,28.3538453 76.9376360,28.3543179 76.9376851,28.3546467 76.9377922,28.3550439 76.9379461,28.3554905 76.9380345,28.3557179 76.9385888,28.3571432 76.9391528,28.3584746 76.9396759,28.3597779 76.9397896,28.3600575 76.9424589,28.3666997 76.9444737,28.3706105 76.9468447,28.3717787 76.9465875,28.3718721 76.9464001,28.3719401 76.9463948,28.3719419 76.9463214,28.3719671 76.9462807,28.3719859 76.9462074,28.3720198 76.9456651,28.3722040 76.9456235,28.3722182 76.9452834,28.3723698 76.9451409,28.3724333 76.9450162,28.3724887 76.9449664,28.3725228 76.9449213,28.3725536 76.9444568,28.3728850 76.9443703,28.3729468 76.9442596,28.3730057 76.9442119,28.3730311 76.9439633,28.3732022 76.9436815,28.3734022 76.9435997,28.3734602 76.9435525,28.3734933 76.9435013,28.3735292 76.9434760,28.3735402 76.9434739,28.3735411 76.9434076,28.3735702 76.9428587,28.3738107 76.9428006,28.3738361 76.9425745,28.3739268 76.9424559,28.3737254 76.9422674,28.3734050 76.9422508,28.3733791 76.9421971,28.3732955 76.9421475,28.3732183 76.9420555,28.3730978 76.9419557,28.3729528 76.9419020,28.3728445 76.9418794,28.3728211 76.9415519,28.3724816 76.9415501,28.3724796 76.9415033,28.3724269 76.9413650,28.3722769 76.9413473,28.3722573 76.9408985,28.3717585 76.9408553,28.3717105 76.9408390,28.3716943 76.9407220,28.3715782 76.9404801,28.3711495 76.9404690,28.3711364 76.9402545,28.3708819 76.9402155,28.3708356 76.9402029,28.3708251 76.9401499,28.3707723 76.9401086,28.3707263 76.9399805,28.3705835 76.9399686,28.3705737 76.9395976,28.3702700 76.9395612,28.3702403 76.9394905,28.3701665 76.9393419,28.3700117 76.9393360,28.3700062 76.9389635,28.3696656 76.9389414,28.3696453 76.9389315,28.3696364 76.9389078,28.3696301 76.9388748,28.3696020 76.9388481,28.3695792 76.9388422,28.3695741 76.9388096,28.3695419 76.9387548,28.3694856 76.9387152,28.3694403 76.9387139,28.3694390 76.9382849,28.3690254 76.9382555,28.3689971 76.9382306,28.3689784 76.9380955,28.3688720 76.9380918,28.3688691 76.9380093,28.3688153 76.9379991,28.3688086 76.9379870,28.3687998 76.9379120,28.3687453 76.9375954,28.3685153 76.9373951,28.3683862 76.9373241,28.3682919 76.9370228,28.3679930 76.9369416,28.3679125 76.9367801,28.3677240 76.9366664,28.3675913 76.9362956,28.3671585 76.9360403,28.3668704 76.9357940,28.3665924 76.9356482,28.3664310 76.9354044,28.3661602 76.9354001,28.3661483 76.9353791,28.3661196 76.9350414,28.3656581 76.9348566,28.3653763 76.9347489,28.3652037 76.9347144,28.3651127 76.9346284,28.3649684 76.9343944,28.3645672 76.9340709,28.3640217 76.9339883,28.3638549 76.9338333,28.3636367 76.9337769,28.3634761 76.9337015,28.3633001 76.9335486,28.3629693 76.9335238,28.3629301 76.9334991,28.3628912 76.9333963,28.3627636 76.9331443,28.3624036 76.9331313,28.3623851 76.9331182,28.3623694 76.9329788,28.3622021 76.9329662,28.3621884 76.9328981,28.3621093 76.9328626,28.3620680 76.9326669,28.3618406 76.9325098,28.3616530 76.9322843,28.3613581 76.9322541,28.3612957 76.9319581,28.3607500 76.9318324,28.3605411 76.9317737,28.3604545 76.9317378,28.3604016 76.9316226,28.3602046 76.9315737,28.3600891 76.9313223,28.3597807 76.9313133,28.3597677 76.9312472,28.3596595 76.9311962,28.3595308 76.9311694,28.3594772 76.9311098,28.3593581 76.9310773,28.3593069 76.9310215,28.3592191 76.9309547,28.3591138 76.9308637,28.3589287 76.9307383,28.3586732 76.9307054,28.3585678 76.9305609,28.3582950 76.9304607,28.3580397 76.9304610,28.3580218 76.9303871,28.3576956 76.9303558,28.3574749 76.9302403,28.3569280 76.9302351,28.3569140 76.9301370,28.3566549 76.9300337,28.3563818 76.9299549,28.3562302 76.9298773,28.3560615 76.9298443,28.3558354 76.9297513,28.3555622 76.9297410,28.3555167 76.9296996,28.3552888 76.9296699,28.3552045 76.9296596,28.3551754 76.9294914,28.3547425 76.9293242,28.3543040 76.9292831,28.3541963 76.9291650,28.3538115 76.9291004,28.3536499 76.9290415,28.3534648 76.9290173,28.3534220 76.9289703,28.3532203 76.9289395,28.3531033 76.9288251,28.3526689 76.9288075,28.3525566 76.9287990,28.3525025 76.9287165,28.3521191 76.9286882,28.3520098 76.9285929,28.3516415 76.9285738,28.3515678 76.9285456,28.3514631 76.9285105,28.3513329 76.9284251,28.3510162 76.9283639,28.3508276 76.9283474,28.3507769 76.9283437,28.3507675 76.9283360,28.3507478 76.9282508,28.3505292</coordinates></LinearRing></outerBoundaryIs></Polygon></Placemark>
<Placemark><name>Ward 13</name><ExtendedData><Data name="ward"><value>13</value></Data><Data name="labelLat"><value>28.365313</value></Data><Data name="labelLng"><value>76.929405</value></Data></ExtendedData><Polygon><outerBoundaryIs><LinearRing><coordinates>76.9186813,28.3490960 76.9194024,28.3492974 76.9201232,28.3494914 76.9208443,28.3496928 76.9211002,28.3497668 76.9215658,28.3499015 76.9222862,28.3500875 76.9230069,28.3502815 76.9236092,28.3503850 76.9237232,28.3503907 76.9240253,28.3504206 76.9241221,28.3504301 76.9244374,28.3504612 76.9247511,28.3504858 76.9251508,28.3505170 76.9253865,28.3505429 76.9258654,28.3505955 76.9260579,28.3506125 76.9265792,28.3506587 76.9272922,28.3507064 76.9274517,28.3507055 76.9279656,28.3507301 76.9280897,28.3507360 76.9283360,28.3507478 76.9283437,28.3507675 76.9283474,28.3507769 76.9283639,28.3508276 76.9284251,28.3510162 76.9285105,28.3513329 76.9285456,28.3514631 76.9285738,28.3515678 76.9285929,28.3516415 76.9286694,28.3519370 76.9286882,28.3520098 76.9287165,28.3521191 76.9287990,28.3525025 76.9288075,28.3525566 76.9288251,28.3526689 76.9289395,28.3531033 76.9289703,28.3532203 76.9290173,28.3534220 76.9290415,28.3534648 76.9291004,28.3536499 76.9291650,28.3538115 76.9292831,28.3541963 76.9293242,28.3543040 76.9294914,28.3547425 76.9296596,28.3551754 76.9296699,28.3552045 76.9296996,28.3552888 76.9297239,28.3554229 76.9297410,28.3555167 76.9297513,28.3555622 76.9298443,28.3558354 76.9298773,28.3560615 76.9299549,28.3562302 76.9300337,28.3563818 76.9301370,28.3566549 76.9302351,28.3569140 76.9302403,28.3569280 76.9303558,28.3574749 76.9303871,28.3576956 76.9304610,28.3580218 76.9304607,28.3580397 76.9305609,28.3582950 76.9307054,28.3585678 76.9307383,28.3586732 76.9308637,28.3589287 76.9309547,28.3591138 76.9310215,28.3592191 76.9310773,28.3593069 76.9311098,28.3593581 76.9311694,28.3594772 76.9311962,28.3595308 76.9312472,28.3596595 76.9313133,28.3597677 76.9313223,28.3597807 76.9315737,28.3600891 76.9316226,28.3602046 76.9317378,28.3604016 76.9317737,28.3604545 76.9318324,28.3605411 76.9319581,28.3607500 76.9322541,28.3612957 76.9322843,28.3613581 76.9325098,28.3616530 76.9326669,28.3618406 76.9328626,28.3620680 76.9328981,28.3621093 76.9329662,28.3621884 76.9329788,28.3622021 76.9331182,28.3623694 76.9331313,28.3623851 76.9331443,28.3624036 76.9333963,28.3627636 76.9334991,28.3628912 76.9335238,28.3629301 76.9335486,28.3629693 76.9337015,28.3633001 76.9337769,28.3634761 76.9338333,28.3636367 76.9339883,28.3638549 76.9340709,28.3640217 76.9343944,28.3645672 76.9346284,28.3649684 76.9347144,28.3651127 76.9347489,28.3652037 76.9348566,28.3653763 76.9350414,28.3656581 76.9353791,28.3661196 76.9354001,28.3661483 76.9354044,28.3661602 76.9356482,28.3664310 76.9357940,28.3665924 76.9360403,28.3668704 76.9362956,28.3671585 76.9366664,28.3675913 76.9367801,28.3677240 76.9369416,28.3679125 76.9370228,28.3679930 76.9373241,28.3682919 76.9373951,28.3683862 76.9375954,28.3685153 76.9379120,28.3687453 76.9379870,28.3687998 76.9379991,28.3688086 76.9380093,28.3688153 76.9379637,28.3688672 76.9379486,28.3688845 76.9378969,28.3689249 76.9377189,28.3690311 76.9374511,28.3691910 76.9373815,28.3692325 76.9371856,28.3693462 76.9371268,28.3693810 76.9369623,28.3694787 76.9368884,28.3695089 76.9368848,28.3695104 76.9364647,28.3697383 76.9361833,28.3698909 76.9357779,28.3701024 76.9354783,28.3702713 76.9354119,28.3703087 76.9353643,28.3703218 76.9352223,28.3704002 76.9347728,28.3706620 76.9347514,28.3706732 76.9342973,28.3709108 76.9340672,28.3710536 76.9338292,28.3711741 76.9335342,28.3714273 76.9333555,28.3715720 76.9330448,28.3718236 76.9329737,28.3718970 76.9328911,28.3719482 76.9328908,28.3719484 76.9326405,28.3721590 76.9322496,28.3724541 76.9322307,28.3724684 76.9319270,28.3727144 76.9315875,28.3729893 76.9314864,28.3730711 76.9312123,28.3732931 76.9308586,28.3735070 76.9306675,28.3736462 76.9305027,28.3737662 76.9303251,28.3738538 76.9301766,28.3739620 76.9301590,28.3739406 76.9301554,28.3739362 76.9301604,28.3739338 76.9298735,28.3735895 76.9298243,28.3735305 76.9298219,28.3735278 76.9297449,28.3734425 76.9296728,28.3733599 76.9292752,28.3729042 76.9291923,28.3728158 76.9291920,28.3728155 76.9291338,28.3727568 76.9288924,28.3725132 76.9287470,28.3723666 76.9286725,28.3722713 76.9286407,28.3722305 76.9285748,28.3721463 76.9285686,28.3721383 76.9284855,28.3720294 76.9284457,28.3719685 76.9284330,28.3719489 76.9282827,28.3717262 76.9280360,28.3713606 76.9279067,28.3711811 76.9277576,28.3709742 76.9275950,28.3707486 76.9275413,28.3706663 76.9275215,28.3706360 76.9274929,28.3705923 76.9271907,28.3702874 76.9271314,28.3702102 76.9270395,28.3700915 76.9267140,28.3696709 76.9266215,28.3695467 76.9264508,28.3693172 76.9263410,28.3691696 76.9263395,28.3691676 76.9263126,28.3691321 76.9263004,28.3691153 76.9262182,28.3690017 76.9261370,28.3688895 76.9260839,28.3688162 76.9260784,28.3688088 76.9259200,28.3685929 76.9255602,28.3680749 76.9255441,28.3680535 76.9251769,28.3675139 76.9250520,28.3673226 76.9248439,28.3669740 76.9248047,28.3668913 76.9246472,28.3665103 76.9246200,28.3664328 76.9244810,28.3660287 76.9243167,28.3657285 76.9242729,28.3656612 76.9241962,28.3654859 76.9240586,28.3651825 76.9240052,28.3650460 76.9239470,28.3649301 76.9239137,28.3648670 76.9239091,28.3648582 76.9235250,28.3640177 76.9233916,28.3637280 76.9232139,28.3633499 76.9231952,28.3633066 76.9231464,28.3632110 76.9230776,28.3629985 76.9229671,28.3626875 76.9229121,28.3625200 76.9229042,28.3624849 76.9228985,28.3624521 76.9228107,28.3619050 76.9228085,28.3618747 76.9228103,28.3617850 76.9227060,28.3614972 76.9225321,28.3611075 76.9225127,28.3610703 76.9223888,28.3608126 76.9222028,28.3605092 76.9222002,28.3605005 76.9221307,28.3602666 76.9219807,28.3599006 76.9218885,28.3597134 76.9217786,28.3594803 76.9217693,28.3594628 76.9217642,28.3594497 76.9217392,28.3593967 76.9215286,28.3589172 76.9215209,28.3588996 76.9213886,28.3585699 76.9211765,28.3580451 76.9211748,28.3580409 76.9210792,28.3578244 76.9210390,28.3577334 76.9210189,28.3576879 76.9210122,28.3576728 76.9209922,28.3576273 76.9209721,28.3575818 76.9209520,28.3575362 76.9208850,28.3573846 76.9208021,28.3571969 76.9206924,28.3569903 76.9206596,28.3569286 76.9205400,28.3567034 76.9204242,28.3564854 76.9203926,28.3564410 76.9203554,28.3563889 76.9201863,28.3561518 76.9198082,28.3556366 76.9193445,28.3548792 76.9192733,28.3548141 76.9185523,28.3545008 76.9181545,28.3543279 76.9179045,28.3541916 76.9176315,28.3540592 76.9172634,28.3538807 76.9170484,28.3534692 76.9168244,28.3530548 76.9168830,28.3528456 76.9169903,28.3524624 76.9174722,28.3517150 76.9178609,28.3514965 76.9182991,28.3512347 76.9184427,28.3511815 76.9182190,28.3507365 76.9181125,28.3505245 76.9178360,28.3499573 76.9173006,28.3488589 76.9173786,28.3488819 76.9171901,28.3486718 76.9172386,28.3486859 76.9179589,28.3488719 76.9186813,28.3490960</coordinates></LinearRing></outerBoundaryIs></Polygon></Placemark>
<Placemark><name>Ward 14</name><ExtendedData><Data name="ward"><value>14</value></Data><Data name="labelLat"><value>28.378000</value></Data><Data name="labelLng"><value>76.936475</value></Data></ExtendedData><Polygon><outerBoundaryIs><LinearRing><coordinates>76.9434760,28.3735402 76.9435465,28.3736170 76.9436909,28.3737742 76.9438310,28.3739231 76.9438605,28.3739544 76.9438876,28.3739833 76.9441025,28.3742116 76.9441959,28.3743108 76.9442070,28.3743226 76.9443925,28.3745197 76.9444106,28.3745468 76.9445405,28.3747409 76.9446768,28.3749939 76.9447054,28.3750469 76.9447111,28.3750771 76.9447158,28.3751023 76.9448151,28.3756266 76.9448204,28.3756505 76.9448277,28.3756828 76.9448663,28.3758553 76.9449384,28.3761768 76.9449464,28.3761995 76.9450270,28.3764283 76.9450560,28.3765105 76.9450830,28.3766128 76.9451192,28.3767502 76.9451230,28.3767772 76.9451634,28.3770662 76.9451822,28.3772771 76.9451856,28.3772971 76.9452383,28.3776021 76.9452503,28.3776881 76.9452463,28.3778252 76.9452451,28.3778437 76.9452343,28.3780063 76.9451939,28.3783689 76.9451912,28.3783861 76.9451564,28.3786105 76.9451210,28.3788389 76.9451191,28.3788512 76.9451103,28.3789080 76.9451098,28.3789115 76.9451079,28.3789275 76.9451054,28.3789489 76.9450579,28.3791999 76.9450554,28.3792129 76.9448225,28.3792664 76.9446522,28.3793056 76.9446356,28.3793094 76.9445502,28.3793490 76.9444558,28.3793928 76.9444125,28.3794148 76.9443816,28.3794304 76.9443645,28.3794447 76.9439747,28.3797714 76.9439779,28.3799294 76.9439786,28.3799612 76.9439805,28.3799947 76.9439818,28.3800171 76.9439924,28.3800442 76.9439938,28.3800476 76.9441771,28.3805142 76.9441817,28.3805269 76.9442272,28.3806526 76.9438910,28.3808439 76.9438771,28.3808518 76.9435503,28.3810368 76.9435402,28.3810479 76.9433798,28.3812224 76.9431753,28.3814450 76.9431643,28.3814570 76.9430565,28.3815643 76.9430414,28.3815741 76.9426713,28.3818130 76.9424644,28.3819466 76.9424568,28.3819515 76.9423035,28.3820823 76.9422936,28.3820912 76.9422292,28.3821487 76.9418488,28.3824881 76.9417392,28.3825859 76.9417163,28.3826063 76.9417087,28.3826142 76.9412034,28.3831331 76.9411972,28.3831399 76.9410241,28.3833301 76.9410229,28.3833314 76.9406880,28.3835615 76.9406880,28.3835616 76.9406432,28.3836049 76.9406256,28.3836150 76.9405700,28.3836614 76.9404667,28.3837392 76.9404392,28.3837641 76.9401602,28.3840301 76.9400323,28.3841521 76.9397456,28.3844252 76.9394779,28.3846801 76.9390516,28.3851101 76.9389535,28.3852090 76.9388464,28.3853227 76.9387796,28.3855418 76.9387177,28.3857462 76.9385667,28.3861693 76.9385255,28.3862846 76.9383402,28.3866607 76.9381857,28.3868187 76.9381778,28.3868638 76.9380160,28.3870641 76.9377414,28.3873499 76.9375873,28.3875268 76.9372656,28.3878802 76.9371446,28.3880311 76.9369026,28.3884137 76.9365737,28.3889482 76.9365460,28.3889864 76.9361867,28.3894810 76.9359697,28.3897675 76.9358134,28.3900143 76.9355569,28.3903330 76.9354675,28.3904441 76.9353547,28.3905450 76.9353244,28.3905825 76.9351327,28.3907955 76.9350499,28.3908920 76.9349993,28.3908595 76.9347917,28.3906586 76.9345184,28.3903177 76.9343716,28.3901379 76.9343218,28.3900965 76.9339203,28.3895369 76.9337812,28.3893768 76.9335643,28.3891001 76.9334504,28.3889749 76.9333174,28.3888060 76.9329976,28.3884134 76.9329169,28.3883101 76.9327475,28.3880933 76.9326364,28.3879836 76.9325976,28.3878932 76.9325687,28.3878528 76.9321091,28.3872911 76.9320793,28.3872556 76.9316222,28.3867284 76.9314092,28.3864542 76.9311865,28.3861676 76.9308240,28.3857003 76.9307526,28.3856068 76.9303287,28.3851221 76.9302640,28.3850440 76.9302089,28.3849710 76.9298112,28.3844826 76.9296079,28.3842208 76.9293756,28.3839217 76.9291018,28.3835411 76.9290381,28.3834553 76.9289570,28.3833615 76.9284701,28.3827988 76.9284381,28.3827522 76.9283894,28.3826947 76.9281053,28.3823584 76.9279661,28.3822354 76.9278698,28.3821184 76.9277376,28.3820000 76.9274297,28.3817486 76.9273459,28.3816678 76.9271552,28.3814841 76.9270813,28.3814008 76.9268215,28.3811037 76.9264892,28.3807236 76.9264322,28.3806505 76.9263347,28.3805409 76.9263033,28.3804792 76.9258259,28.3800028 76.9257965,28.3799763 76.9258307,28.3799776 76.9258111,28.3799528 76.9257633,28.3798922 76.9257463,28.3798734 76.9257270,28.3798520 76.9256898,28.3797991 76.9256702,28.3797742 76.9255723,28.3796502 76.9253780,28.3794161 76.9252283,28.3792319 76.9252604,28.3792119 76.9254228,28.3790830 76.9254387,28.3790736 76.9254760,28.3790516 76.9257971,28.3788685 76.9258143,28.3788588 76.9259756,28.3787723 76.9261444,28.3786819 76.9263068,28.3785947 76.9266948,28.3784436 76.9268471,28.3783506 76.9269885,28.3782650 76.9273060,28.3780241 76.9275588,28.3778322 76.9277003,28.3777467 76.9279363,28.3775387 76.9282217,28.3772357 76.9282253,28.3772319 76.9282348,28.3772218 76.9282770,28.3771837 76.9283511,28.3771413 76.9285012,28.3770556 76.9286259,28.3769844 76.9289831,28.3767804 76.9290725,28.3767081 76.9293192,28.3765721 76.9295307,28.3764555 76.9296898,28.3763678 76.9295958,28.3761828 76.9293995,28.3756312 76.9293801,28.3755700 76.9293665,28.3755427 76.9291346,28.3750771 76.9290732,28.3749274 76.9289785,28.3747400 76.9289757,28.3747346 76.9290868,28.3746466 76.9292561,28.3745372 76.9292578,28.3745359 76.9297983,28.3741336 76.9299736,28.3740337 76.9300492,28.3739906 76.9300579,28.3739856 76.9301355,28.3739457 76.9301554,28.3739362 76.9301590,28.3739406 76.9301766,28.3739620 76.9303251,28.3738538 76.9305027,28.3737662 76.9306675,28.3736462 76.9308586,28.3735070 76.9312123,28.3732931 76.9314864,28.3730711 76.9315875,28.3729893 76.9319270,28.3727144 76.9322307,28.3724684 76.9322496,28.3724541 76.9326405,28.3721590 76.9328908,28.3719484 76.9328911,28.3719482 76.9329737,28.3718970 76.9330448,28.3718236 76.9333555,28.3715720 76.9335342,28.3714273 76.9338292,28.3711741 76.9340672,28.3710536 76.9342973,28.3709108 76.9347514,28.3706732 76.9347728,28.3706620 76.9352223,28.3704002 76.9353643,28.3703218 76.9354119,28.3703087 76.9354783,28.3702713 76.9357779,28.3701024 76.9361833,28.3698909 76.9364647,28.3697383 76.9368848,28.3695104 76.9368884,28.3695089 76.9369623,28.3694787 76.9371268,28.3693810 76.9371856,28.3693462 76.9373815,28.3692325 76.9374511,28.3691910 76.9377189,28.3690311 76.9378969,28.3689249 76.9379486,28.3688845 76.9379637,28.3688672 76.9380093,28.3688153 76.9380918,28.3688691 76.9380955,28.3688720 76.9382306,28.3689784 76.9382555,28.3689971 76.9382849,28.3690254 76.9387139,28.3694390 76.9387152,28.3694403 76.9387548,28.3694856 76.9388096,28.3695419 76.9388422,28.3695741 76.9388481,28.3695792 76.9388748,28.3696020 76.9389078,28.3696301 76.9389315,28.3696364 76.9389414,28.3696453 76.9389635,28.3696656 76.9393360,28.3700062 76.9393419,28.3700117 76.9394905,28.3701665 76.9395612,28.3702403 76.9395976,28.3702700 76.9399686,28.3705737 76.9399805,28.3705835 76.9401086,28.3707263 76.9401499,28.3707723 76.9402029,28.3708251 76.9402155,28.3708356 76.9402545,28.3708819 76.9404690,28.3711364 76.9404801,28.3711495 76.9407220,28.3715782 76.9408390,28.3716943 76.9408553,28.3717105 76.9408985,28.3717585 76.9413473,28.3722573 76.9413650,28.3722769 76.9415033,28.3724269 76.9415501,28.3724796 76.9415519,28.3724816 76.9418794,28.3728211 76.9419020,28.3728445 76.9419557,28.3729528 76.9420555,28.3730978 76.9421475,28.3732183 76.9421971,28.3732955 76.9422508,28.3733791 76.9422674,28.3734050 76.9424559,28.3737254 76.9425745,28.3739268 76.9428006,28.3738361 76.9428587,28.3738107 76.9434076,28.3735702 76.9434739,28.3735411 76.9434760,28.3735402</coordinates></LinearRing></outerBoundaryIs></Polygon></Placemark>
<Placemark><name>Ward 15</name><ExtendedData><Data name="ward"><value>15</value></Data><Data name="labelLat"><value>28.383369</value></Data><Data name="labelLng"><value>76.950541</value></Data></ExtendedData><Polygon><outerBoundaryIs><LinearRing><coordinates>76.9487720,28.3957630 76.9486120,28.3958716 76.9485829,28.3958874 76.9484664,28.3959508 76.9480943,28.3961991 76.9479066,28.3963243 76.9477682,28.3963839 76.9476093,28.3964650 76.9474455,28.3965332 76.9473813,28.3965677 76.9468292,28.3968278 76.9467357,28.3968701 76.9460564,28.3972064 76.9460305,28.3972180 76.9459036,28.3972864 76.9458069,28.3973385 76.9455267,28.3974798 76.9453771,28.3975446 76.9451078,28.3976614 76.9449881,28.3976847 76.9449193,28.3977131 76.9448386,28.3976921 76.9443786,28.3970374 76.9443982,28.3970267 76.9443045,28.3967840 76.9441891,28.3962368 76.9441872,28.3962235 76.9441468,28.3960459 76.9441381,28.3960076 76.9440885,28.3957899 76.9440164,28.3953203 76.9440127,28.3952414 76.9439710,28.3946942 76.9439806,28.3944975 76.9439949,28.3942053 76.9439976,28.3941495 76.9440000,28.3941011 76.9440022,28.3940558 76.9440227,28.3936350 76.9440241,28.3936048 76.9440361,28.3935129 76.9440474,28.3934268 76.9441428,28.3930635 76.9441659,28.3929727 76.9441735,28.3929427 76.9443030,28.3924327 76.9443261,28.3923418 76.9443040,28.3922456 76.9441599,28.3918847 76.9440690,28.3915626 76.9440052,28.3913364 76.9439945,28.3912889 76.9439636,28.3912070 76.9438362,28.3908695 76.9438054,28.3907868 76.9437416,28.3906156 76.9437250,28.3905804 76.9436006,28.3903152 76.9436000,28.3903140 76.9433206,28.3897592 76.9432280,28.3895691 76.9430691,28.3892429 76.9430487,28.3891335 76.9430116,28.3889339 76.9429468,28.3885866 76.9428448,28.3880398 76.9428436,28.3880335 76.9426962,28.3875535 76.9426697,28.3874909 76.9425857,28.3872929 76.9425094,28.3871127 76.9424670,28.3869994 76.9424426,28.3869405 76.9422377,28.3864453 76.9422039,28.3863898 76.9421907,28.3863682 76.9418973,28.3858871 76.9418694,28.3858363 76.9417319,28.3855856 76.9415917,28.3853301 76.9415626,28.3852836 76.9414641,28.3851257 76.9412431,28.3847716 76.9412036,28.3847219 76.9411204,28.3846169 76.9408614,28.3842902 76.9407687,28.3841731 76.9406111,28.3839744 76.9404873,28.3838105 76.9404392,28.3837641 76.9404667,28.3837392 76.9405700,28.3836614 76.9406256,28.3836150 76.9406432,28.3836049 76.9406880,28.3835616 76.9406880,28.3835615 76.9410229,28.3833314 76.9410241,28.3833301 76.9411972,28.3831399 76.9412034,28.3831331 76.9417087,28.3826142 76.9417163,28.3826063 76.9417392,28.3825859 76.9418488,28.3824881 76.9422292,28.3821487 76.9422936,28.3820912 76.9423035,28.3820823 76.9424568,28.3819515 76.9424644,28.3819466 76.9426713,28.3818130 76.9430414,28.3815741 76.9430565,28.3815643 76.9431643,28.3814570 76.9431753,28.3814450 76.9433798,28.3812224 76.9435402,28.3810479 76.9435503,28.3810368 76.9438771,28.3808518 76.9438910,28.3808439 76.9442272,28.3806526 76.9441817,28.3805269 76.9441771,28.3805142 76.9439938,28.3800476 76.9439924,28.3800442 76.9439818,28.3800171 76.9439805,28.3799947 76.9439786,28.3799612 76.9439779,28.3799294 76.9439747,28.3797714 76.9443645,28.3794447 76.9443816,28.3794304 76.9444125,28.3794148 76.9444558,28.3793928 76.9445502,28.3793490 76.9446356,28.3793094 76.9446522,28.3793056 76.9448225,28.3792664 76.9450554,28.3792129 76.9450579,28.3791999 76.9451054,28.3789489 76.9451079,28.3789275 76.9451098,28.3789115 76.9451103,28.3789080 76.9451191,28.3788512 76.9451210,28.3788389 76.9451564,28.3786105 76.9451912,28.3783861 76.9451939,28.3783689 76.9452343,28.3780063 76.9452451,28.3778437 76.9452463,28.3778252 76.9452503,28.3776881 76.9452383,28.3776021 76.9451856,28.3772971 76.9451822,28.3772771 76.9451634,28.3770662 76.9451230,28.3767772 76.9451192,28.3767502 76.9450830,28.3766128 76.9450560,28.3765105 76.9450270,28.3764283 76.9449464,28.3761995 76.9449384,28.3761768 76.9448663,28.3758553 76.9448277,28.3756828 76.9448204,28.3756505 76.9448151,28.3756266 76.9447158,28.3751023 76.9447111,28.3750771 76.9447054,28.3750469 76.9446768,28.3749939 76.9445405,28.3747409 76.9444106,28.3745468 76.9443925,28.3745197 76.9442070,28.3743226 76.9441959,28.3743108 76.9441025,28.3742116 76.9438876,28.3739833 76.9438605,28.3739544 76.9438310,28.3739231 76.9436909,28.3737742 76.9435465,28.3736170 76.9434760,28.3735402 76.9435013,28.3735292 76.9435525,28.3734933 76.9435997,28.3734602 76.9436815,28.3734022 76.9439633,28.3732022 76.9442119,28.3730311 76.9442596,28.3730057 76.9443703,28.3729468 76.9444568,28.3728850 76.9449213,28.3725536 76.9449664,28.3725228 76.9450162,28.3724887 76.9451409,28.3724333 76.9452834,28.3723698 76.9456235,28.3722182 76.9456651,28.3722040 76.9462074,28.3720198 76.9462807,28.3719859 76.9463214,28.3719671 76.9463948,28.3719419 76.9464001,28.3719401 76.9465875,28.3718721 76.9468447,28.3717787 76.9580503,28.3773246 76.9621432,28.3794216 76.9621190,28.3794328 76.9621081,28.3794378 76.9619826,28.3794958 76.9618598,28.3795525 76.9618318,28.3795683 76.9616846,28.3796510 76.9615912,28.3797035 76.9608830,28.3800320 76.9607651,28.3800852 76.9606794,28.3801152 76.9600817,28.3804406 76.9597539,28.3806244 76.9597202,28.3805807 76.9597181,28.3805918 76.9596025,28.3806565 76.9593595,28.3807739 76.9589028,28.3809946 76.9588444,28.3810261 76.9587975,28.3810514 76.9582354,28.3813453 76.9582016,28.3813630 76.9578622,28.3815627 76.9574985,28.3817689 76.9574471,28.3818124 76.9574938,28.3818660 76.9575683,28.3819930 76.9576310,28.3820999 76.9576937,28.3822099 76.9578804,28.3824821 76.9580019,28.3826592 76.9580065,28.3826660 76.9581295,28.3828458 76.9582267,28.3829922 76.9582333,28.3830022 76.9583165,28.3831275 76.9583770,28.3832186 76.9586005,28.3835051 76.9508673,28.3956573 76.9502807,28.3969469 76.9501589,28.3965423 76.9501494,28.3965027 76.9500951,28.3960933 76.9500876,28.3960368 76.9500691,28.3960017 76.9499303,28.3957388 76.9499125,28.3956881 76.9499129,28.3956814 76.9499030,28.3956872 76.9498516,28.3957113 76.9494842,28.3959299 76.9494595,28.3959502 76.9494163,28.3959857 76.9492864,28.3960567 76.9491557,28.3961285 76.9490513,28.3959723 76.9490316,28.3959453 76.9489831,28.3958791 76.9488563,28.3957058 76.9487720,28.3957630</coordinates></LinearRing></outerBoundaryIs></Polygon></Placemark>
<Placemark><name>Ward 16</name><ExtendedData><Data name="ward"><value>16</value></Data><Data name="labelLat"><value>28.348520</value></Data><Data name="labelLng"><value>76.981450</value></Data></ExtendedData><Polygon><outerBoundaryIs><LinearRing><coordinates>76.9673699,28.3703386 76.9671480,28.3705886 76.9669300,28.3707205 76.9668069,28.3707950 76.9665030,28.3709790 76.9664762,28.3710092 76.9661845,28.3713368 76.9661280,28.3714003 76.9658388,28.3716794 76.9658361,28.3716821 76.9656534,28.3718584 76.9651182,28.3723109 76.9649970,28.3724092 76.9641464,28.3731206 76.9639692,28.3732210 76.9635690,28.3734477 76.9627241,28.3739014 76.9629936,28.3744164 76.9631060,28.3746028 76.9631687,28.3747157 76.9633004,28.3749526 76.9633949,28.3751411 76.9634943,28.3753490 76.9636524,28.3756798 76.9637101,28.3757724 76.9637515,28.3759951 76.9637626,28.3760548 76.9638000,28.3762200 76.9638162,28.3763048 76.9638772,28.3766255 76.9638877,28.3766804 76.9635550,28.3768679 76.9634676,28.3769171 76.9628423,28.3772841 76.9627850,28.3773177 76.9627711,28.3773268 76.9624897,28.3775107 76.9621317,28.3777448 76.9621032,28.3777634 76.9620270,28.3778242 76.9620544,28.3778695 76.9622679,28.3783731 76.9622700,28.3783780 76.9622830,28.3784086 76.9623149,28.3785037 76.9623306,28.3785813 76.9623675,28.3787639 76.9623711,28.3787818 76.9624122,28.3788200 76.9622437,28.3788317 76.9621525,28.3788380 76.9621662,28.3788741 76.9622439,28.3790791 76.9623332,28.3793148 76.9623393,28.3793309 76.9622213,28.3793855 76.9621432,28.3794216 76.9580503,28.3773246 76.9468447,28.3717787 76.9469145,28.3717534 76.9469512,28.3717375 76.9470196,28.3717080 76.9470562,28.3717005 76.9470815,28.3716952 76.9473622,28.3716469 76.9475746,28.3715710 76.9477124,28.3715551 76.9477474,28.3715373 76.9479058,28.3714570 76.9480839,28.3713814 76.9482398,28.3713153 76.9484133,28.3712427 76.9484455,28.3712314 76.9485238,28.3712038 76.9485936,28.3711759 76.9486790,28.3711419 76.9489101,28.3710469 76.9491127,28.3709616 76.9491425,28.3709483 76.9491575,28.3709417 76.9492872,28.3708800 76.9495774,28.3707420 76.9498152,28.3706192 76.9498428,28.3705996 76.9500463,28.3704549 76.9501759,28.3703670 76.9503387,28.3702566 76.9505251,28.3701335 76.9505495,28.3701176 76.9508192,28.3699415 76.9509523,28.3698499 76.9512345,28.3696557 76.9512558,28.3696428 76.9515366,28.3694727 76.9516058,28.3694287 76.9517378,28.3693331 76.9519437,28.3691839 76.9519620,28.3691719 76.9522170,28.3690055 76.9523126,28.3689431 76.9523213,28.3689374 76.9522887,28.3688485 76.9522874,28.3688450 76.9522814,28.3688287 76.9521147,28.3683590 76.9520690,28.3682433 76.9520009,28.3680710 76.9519853,28.3680444 76.9518768,28.3678593 76.9518435,28.3678024 76.9517084,28.3675544 76.9516190,28.3673773 76.9516071,28.3673030 76.9515981,28.3672469 76.9515885,28.3671955 76.9515829,28.3671655 76.9515056,28.3667527 76.9515665,28.3667002 76.9516255,28.3666228 76.9519698,28.3661716 76.9519738,28.3661649 76.9520375,28.3660580 76.9521107,28.3659350 76.9521363,28.3658879 76.9522332,28.3657201 76.9522800,28.3656390 76.9522820,28.3656353 76.9522874,28.3656254 76.9522908,28.3655599 76.9522923,28.3655298 76.9522967,28.3654440 76.9523149,28.3651784 76.9522567,28.3650927 76.9522209,28.3650245 76.9522021,28.3649888 76.9521990,28.3649829 76.9521836,28.3645808 76.9521822,28.3645443 76.9521853,28.3644838 76.9522105,28.3644385 76.9522238,28.3644146 76.9522411,28.3643834 76.9522721,28.3642193 76.9523127,28.3640043 76.9523307,28.3639029 76.9524090,28.3634629 76.9524143,28.3633597 76.9524345,28.3629679 76.9524370,28.3629187 76.9524355,28.3628173 76.9524305,28.3624698 76.9524573,28.3623742 76.9524811,28.3622745 76.9524884,28.3622443 76.9525866,28.3618342 76.9526093,28.3617307 76.9526434,28.3615751 76.9528447,28.3613131 76.9528548,28.3612999 76.9529104,28.3611846 76.9530552,28.3608841 76.9530956,28.3607645 76.9531016,28.3607432 76.9531284,28.3606487 76.9532197,28.3605843 76.9532959,28.3605304 76.9536621,28.3602426 76.9537794,28.3601190 76.9538128,28.3600885 76.9539697,28.3599453 76.9539393,28.3598585 76.9540570,28.3597136 76.9541928,28.3595564 76.9542060,28.3595412 76.9542864,28.3594482 76.9544109,28.3593041 76.9545121,28.3591870 76.9545855,28.3591294 76.9548708,28.3589026 76.9551651,28.3586687 76.9552250,28.3586409 76.9553547,28.3585107 76.9553583,28.3584584 76.9553585,28.3584564 76.9553609,28.3584219 76.9553845,28.3584370 76.9553911,28.3584413 76.9554225,28.3584615 76.9554468,28.3584405 76.9555509,28.3583507 76.9556594,28.3582570 76.9557846,28.3581489 76.9559405,28.3580425 76.9560899,28.3579272 76.9562308,28.3578184 76.9562648,28.3577921 76.9564723,28.3576320 76.9566517,28.3575282 76.9567857,28.3573959 76.9568819,28.3573008 76.9568877,28.3572912 76.9569107,28.3572730 76.9569957,28.3572003 76.9570460,28.3571635 76.9572987,28.3567897 76.9574891,28.3564559 76.9577324,28.3562419 76.9579429,28.3560567 76.9581024,28.3559494 76.9581540,28.3559097 76.9582642,28.3558234 76.9583662,28.3557435 76.9584340,28.3556905 76.9584948,28.3556428 76.9586447,28.3555403 76.9588141,28.3554262 76.9588853,28.3553726 76.9589449,28.3553256 76.9589890,28.3552909 76.9593654,28.3551275 76.9595176,28.3550614 76.9595179,28.3550613 76.9596046,28.3550346 76.9599639,28.3548751 76.9602178,28.3547623 76.9603133,28.3547163 76.9606314,28.3545632 76.9609976,28.3544216 76.9611031,28.3543790 76.9613741,28.3542619 76.9614993,28.3542068 76.9616181,28.3541634 76.9616822,28.3541410 76.9618714,28.3540749 76.9619667,28.3540415 76.9621964,28.3539698 76.9623147,28.3539329 76.9623677,28.3539103 76.9628810,28.3536922 76.9630148,28.3536353 76.9630521,28.3536194 76.9632204,28.3535479 76.9637158,28.3533192 76.9637350,28.3533044 76.9637361,28.3533036 76.9638191,28.3532380 76.9639738,28.3531157 76.9640726,28.3530377 76.9641961,28.3529035 76.9644352,28.3526437 76.9644821,28.3526011 76.9645788,28.3525133 76.9646365,28.3524575 76.9647433,28.3523541 76.9650923,28.3520163 76.9651192,28.3519902 76.9651549,28.3519614 76.9653153,28.3518044 76.9653268,28.3517931 76.9656515,28.3514668 76.9657700,28.3513519 76.9658700,28.3512549 76.9658763,28.3512489 76.9659788,28.3511032 76.9661659,28.3509427 76.9664478,28.3506916 76.9665964,28.3505592 76.9667018,28.3504439 76.9667233,28.3504204 76.9669080,28.3502578 76.9673150,28.3498994 76.9676185,28.3496206 76.9677443,28.3494850 76.9677759,28.3494070 76.9678383,28.3493757 76.9680387,28.3491385 76.9682898,28.3488489 76.9687653,28.3483232 76.9689127,28.3481564 76.9693569,28.3478022 76.9694811,28.3477165 76.9700510,28.3472855 76.9701946,28.3471559 76.9705990,28.3467628 76.9709139,28.3464803 76.9711829,28.3462415 76.9716317,28.3458358 76.9717668,28.3457202 76.9719826,28.3455601 76.9718707,28.3451791 76.9717414,28.3447069 76.9716936,28.3446265 76.9715019,28.3441889 76.9714234,28.3440700 76.9713640,28.3438829 76.9711857,28.3435148 76.9710785,28.3432681 76.9710181,28.3431264 76.9709471,28.3429597 76.9706948,28.3424039 76.9705437,28.3421205 76.9704572,28.3420305 76.9703040,28.3418424 76.9699554,28.3414051 76.9698116,28.3412671 76.9693575,28.3407127 76.9691687,28.3404515 76.9688879,28.3401480 76.9686143,28.3398318 76.9685234,28.3396830 76.9684292,28.3395837 76.9680453,28.3390714 76.9680096,28.3390210 76.9678826,28.3388267 76.9675456,28.3384565 76.9674133,28.3383009 76.9672317,28.3381679 76.9668356,28.3378819 76.9665723,28.3376741 76.9660914,28.3373058 76.9659131,28.3371773 76.9658244,28.3370942 76.9654395,28.3367335 76.9652602,28.3365595 76.9648931,28.3361656 76.9646120,28.3358480 76.9643762,28.3355989 76.9639666,28.3350821 76.9639177,28.3350347 76.9638518,28.3348920 76.9636817,28.3344796 76.9635206,28.3339275 76.9635085,28.3338446 76.9633590,28.3335803 76.9632410,28.3333706 76.9630182,28.3329131 76.9629533,28.3328134 76.9627310,28.3324755 76.9625619,28.3322519 76.9624961,28.3321406 76.9622312,28.3316929 76.9621507,28.3315768 76.9620965,28.3314987 76.9620117,28.3313660 76.9617503,28.3312099 76.9616911,28.3311501 76.9616265,28.3310940 76.9615334,28.3310900 76.9614331,28.3310858 76.9612324,28.3310774 76.9607499,28.3310571 76.9605576,28.3310490 76.9602094,28.3310343 76.9600178,28.3310262 76.9598809,28.3310555 76.9591967,28.3312020 76.9584849,28.3318639 76.9580638,28.3320256 76.9575794,28.3322117 76.9571093,28.3322900 76.9566091,28.3323733 76.9564200,28.3325328 76.9558930,28.3329772 76.9550911,28.3333459 76.9543652,28.3330116 76.9541002,28.3330016 76.9536755,28.3332604 76.9533932,28.3334513 76.9529721,28.3337641 76.9528416,28.3338705 76.9526984,28.3339629 76.9526273,28.3340140 76.9526013,28.3340347 76.9522669,28.3343013 76.9522147,28.3343240 76.9519939,28.3344740 76.9517747,28.3346437 76.9515869,28.3349977 76.9515652,28.3350869 76.9515475,28.3351012 76.9514471,28.3353159 76.9513034,28.3354515 76.9512195,28.3355231 76.9502804,28.3360243 76.9498080,28.3363199 76.9497959,28.3365447 76.9497506,28.3370761 76.9497500,28.3370836 76.9497429,28.3372151 76.9499526,28.3376330 76.9500089,28.3377294 76.9500111,28.3377333 76.9500497,28.3377993 76.9502655,28.3381870 76.9503856,28.3384514 76.9500027,28.3386717 76.9499223,28.3387134 76.9493061,28.3390480 76.9491336,28.3391093 76.9487181,28.3386948 76.9487180,28.3386947 76.9486876,28.3386613 76.9486827,28.3386559 76.9486555,28.3385698 76.9483649,28.3382528 76.9483232,28.3382073 76.9482945,28.3381760 76.9483591,28.3381066 76.9483968,28.3380612 76.9483660,28.3380318 76.9480758,28.3378712 76.9476831,28.3376355 76.9475978,28.3376002 76.9469621,28.3370602 76.9469534,28.3370376 76.9469426,28.3370095 76.9469041,28.3369635 76.9468801,28.3369350 76.9467955,28.3368340 76.9465124,28.3364962 76.9462854,28.3362313 76.9462533,28.3361938 76.9461110,28.3361345 76.9457552,28.3359377 76.9457196,28.3359180 76.9454444,28.3357854 76.9454005,28.3357571 76.9447682,28.3356211 76.9443989,28.3355268 76.9440943,28.3354114 76.9439217,28.3353400 76.9438094,28.3352935 76.9436598,28.3352255 76.9436080,28.3352019 76.9435631,28.3351815 76.9434303,28.3351209 76.9434247,28.3351184 76.9433311,28.3350805 76.9432814,28.3350603 76.9428466,28.3348843 76.9428181,28.3348728 76.9427684,28.3348527 76.9427540,28.3348468 76.9425841,28.3347846 76.9425828,28.3347830 76.9425419,28.3347362 76.9425051,28.3346941 76.9424595,28.3346426 76.9424585,28.3346416 76.9423764,28.3345490 76.9422991,28.3344618 76.9421007,28.3342380 76.9419990,28.3341278 76.9419617,28.3340712 76.9419525,28.3340503 76.9418647,28.3338513 76.9418012,28.3337074 76.9417413,28.3335717 76.9417114,28.3334993 76.9415942,28.3332155 76.9415840,28.3331634 76.9415555,28.3330186 76.9415467,28.3329966 76.9415283,28.3329507 76.9415194,28.3329286 76.9414876,28.3328492 76.9414747,28.3328179 76.9413285,28.3324639 76.9413184,28.3324010 76.9413002,28.3322872 76.9409406,28.3319024 76.9409008,28.3318571 76.9408875,28.3318420 76.9408566,28.3318068 76.9406402,28.3315698 76.9404264,28.3313357 76.9403794,28.3312797 76.9402631,28.3311409 76.9402095,28.3310771 76.9400318,28.3308834 76.9398230,28.3307653 76.9396926,28.3307098 76.9396119,28.3306754 76.9395470,28.3306478 76.9389605,28.3304037 76.9389502,28.3304033 76.9388751,28.3304002 76.9382754,28.3303753 76.9381919,28.3303718 76.9376006,28.3303473 76.9375429,28.3303449 76.9375095,28.3303288 76.9372805,28.3301145 76.9372182,28.3300644 76.9369511,28.3298497 76.9368536,28.3297714 76.9365790,28.3295400 76.9365380,28.3294948 76.9365235,28.3294788 76.9363076,28.3292406 76.9362023,28.3291244 76.9360301,28.3289718 76.9359906,28.3289308 76.9357019,28.3286305 76.9356656,28.3286043 76.9355489,28.3285199 76.9353421,28.3283975 76.9352816,28.3283600 76.9350115,28.3281925 76.9349792,28.3281724 76.9348873,28.3280730 76.9346792,28.3278251 76.9346606,28.3278029 76.9342423,28.3273040 76.9342118,28.3272601 76.9337773,28.3266969 76.9336000,28.3264835 76.9333100,28.3261321 76.9331781,28.3259684 76.9329561,28.3256932 76.9328599,28.3255680 76.9327277,28.3254097 76.9325302,28.3255543 76.9322675,28.3257707 76.9319992,28.3259815 76.9318417,28.3260711 76.9316764,28.3261631 76.9316679,28.3260756 76.9316445,28.3258346 76.9316588,28.3252836 76.9316902,28.3247324 76.9317035,28.3242429 76.9316783,28.3241818 76.9316458,28.3241442 76.9319314,28.3238766 76.9330455,28.3235363 76.9335911,28.3230787 76.9344550,28.3226283 76.9344757,28.3226099 76.9347399,28.3217041 76.9348327,28.3207576 76.9348084,28.3205430 76.9347982,28.3198086 76.9346245,28.3190405 76.9356735,28.3186544 76.9365747,28.3188829 76.9371598,28.3182521 76.9380107,28.3177461 76.9387080,28.3169607 76.9394165,28.3168267 76.9394986,28.3168033 76.9395040,28.3168152 76.9396823,28.3172146 76.9399232,28.3177544 76.9400578,28.3180369 76.9404059,28.3180435 76.9404013,28.3180287 76.9404605,28.3180305 76.9406612,28.3180567 76.9413469,28.3181459 76.9415923,28.3181778 76.9417918,28.3183085 76.9420363,28.3184687 76.9423335,28.3186634 76.9425904,28.3188413 76.9427279,28.3189365 76.9428679,28.3190335 76.9428679,28.3190335 76.9431600,28.3190486 76.9433592,28.3190589 76.9434129,28.3189844 76.9435251,28.3188288 76.9436949,28.3185935 76.9440925,28.3186790 76.9444408,28.3187539 76.9444642,28.3187590 76.9446253,28.3187936 76.9447737,28.3184799 76.9448636,28.3182673 76.9450038,28.3179357 76.9454461,28.3177159 76.9455558,28.3176626 76.9461249,28.3173634 76.9462617,28.3172915 76.9465240,28.3171579 76.9466692,28.3170839 76.9468038,28.3170153 76.9470708,28.3171505 76.9474936,28.3173646 76.9475238,28.3173799 76.9481816,28.3176014 76.9484035,28.3176762 76.9486899,28.3177726 76.9487295,28.3176718 76.9488617,28.3173354 76.9489443,28.3171254 76.9489816,28.3170306 76.9493389,28.3165765 76.9493917,28.3165095 76.9495293,28.3162615 76.9496585,28.3160286 76.9497343,28.3158921 76.9501111,28.3160225 76.9502104,28.3160569 76.9507688,28.3162503 76.9508987,28.3163130 76.9513871,28.3165489 76.9515882,28.3166461 76.9516574,28.3166795 76.9522772,28.3169435 76.9525715,28.3170689 76.9525725,28.3170700 76.9522986,28.3171514 76.9516191,28.3173534 76.9515378,28.3175817 76.9513652,28.3181276 76.9512413,28.3185147 76.9515076,28.3186722 76.9516386,28.3187499 76.9523267,28.3191583 76.9524097,28.3192076 76.9528527,28.3194705 76.9529971,28.3195565 76.9532006,28.3195670 76.9538700,28.3196016 76.9541277,28.3196149 76.9545394,28.3196361 76.9552087,28.3196706 76.9558781,28.3197051 76.9565475,28.3197397 76.9572169,28.3197742 76.9573438,28.3197807 76.9577183,28.3200394 76.9584826,28.3202131 76.9589547,28.3203204 76.9595598,28.3210542 76.9593116,28.3219430 76.9593736,28.3225461 76.9594160,28.3229592 76.9594274,28.3230698 76.9604198,28.3234813 76.9613913,28.3241614 76.9624463,28.3239150 76.9628776,28.3248451 76.9632749,28.3256552 76.9633505,28.3259364 76.9634006,28.3261224 76.9634887,28.3264501 76.9634929,28.3264503 76.9636506,28.3264677 76.9643079,28.3265698 76.9648205,28.3266610 76.9654186,28.3267563 76.9655499,28.3267990 76.9658068,28.3269098 76.9663406,28.3271185 76.9664944,28.3271925 76.9665550,28.3272324 76.9666245,28.3272781 76.9667262,28.3273186 76.9668812,28.3273753 76.9670174,28.3274090 76.9671901,28.3274724 76.9674070,28.3275293 76.9675896,28.3275893 76.9677461,28.3276586 76.9678489,28.3277179 76.9683114,28.3276237 76.9683882,28.3276090 76.9686938,28.3275504 76.9688947,28.3275120 76.9689149,28.3273692 76.9689154,28.3273450 76.9689218,28.3270611 76.9689211,28.3268912 76.9689334,28.3268106 76.9689594,28.3266821 76.9689852,28.3266437 76.9691619,28.3265895 76.9694121,28.3265136 76.9696817,28.3264560 76.9699355,28.3263749 76.9700676,28.3264996 76.9703413,28.3267731 76.9704798,28.3269229 76.9705543,28.3270212 76.9711091,28.3277875 76.9711465,28.3278433 76.9711599,28.3279028 76.9712051,28.3281024 76.9712503,28.3283142 76.9712717,28.3284198 76.9712854,28.3285348 76.9712868,28.3285897 76.9712931,28.3288418 76.9713150,28.3291537 76.9713438,28.3294076 76.9713907,28.3296552 76.9714599,28.3301468 76.9715242,28.3305788 76.9716633,28.3306711 76.9717344,28.3307085 76.9719020,28.3307965 76.9721124,28.3309104 76.9722623,28.3309989 76.9722826,28.3310105 76.9724408,28.3311009 76.9725113,28.3310916 76.9725860,28.3310818 76.9727342,28.3310787 76.9729180,28.3311007 76.9730421,28.3310851 76.9731635,28.3310739 76.9734168,28.3310740 76.9735962,28.3310733 76.9737819,28.3310826 76.9739370,28.3310734 76.9740537,28.3310553 76.9743158,28.3310123 76.9743661,28.3309991 76.9744103,28.3310104 76.9744460,28.3310273 76.9747722,28.3312432 76.9752372,28.3315476 76.9752978,28.3315873 76.9754326,28.3318315 76.9755458,28.3320052 76.9755636,28.3320473 76.9755791,28.3320837 76.9756139,28.3321722 76.9756420,28.3322622 76.9756838,28.3324997 76.9757209,28.3327057 76.9758003,28.3329793 76.9758278,28.3330953 76.9758304,28.3331027 76.9758966,28.3332202 76.9759366,28.3333135 76.9759769,28.3334160 76.9764146,28.3336468 76.9765177,28.3337012 76.9766231,28.3337627 76.9770173,28.3339924 76.9774768,28.3339652 76.9774730,28.3336930 76.9774769,28.3335199 76.9774852,28.3331486 76.9774882,28.3330128 76.9774418,28.3326046 76.9773906,28.3321535 76.9773924,28.3320606 76.9774029,28.3315161 76.9774032,28.3314977 76.9774178,28.3314584 76.9774832,28.3312604 76.9775344,28.3310834 76.9775990,28.3309211 76.9776544,28.3308059 76.9777787,28.3304732 76.9778779,28.3302070 76.9779080,28.3301284 76.9780231,28.3302481 76.9781348,28.3303647 76.9782624,28.3304810 76.9784861,28.3306907 76.9786538,28.3308317 76.9787398,28.3308957 76.9789035,28.3310022 76.9793185,28.3311930 76.9794641,28.3312478 76.9796107,28.3313286 76.9798875,28.3314589 76.9800691,28.3315444 76.9804848,28.3317045 76.9805088,28.3317138 76.9805986,28.3317483 76.9812770,28.3319381 76.9813510,28.3319490 76.9815739,28.3319820 76.9818112,28.3320416 76.9819631,28.3320829 76.9821127,28.3321237 76.9824740,28.3322301 76.9825806,28.3322620 76.9824854,28.3323253 76.9826334,28.3323749 76.9828703,28.3324078 76.9830867,28.3324546 76.9832262,28.3324800 76.9832387,28.3324759 76.9833736,28.3323673 76.9835319,28.3322541 76.9836818,28.3321452 76.9838194,28.3320477 76.9839181,28.3319871 76.9840458,28.3319096 76.9841475,28.3318465 76.9842642,28.3317870 76.9843078,28.3317674 76.9843530,28.3317386 76.9844174,28.3317093 76.9844432,28.3316989 76.9844658,28.3316771 76.9844720,28.3316560 76.9844778,28.3316363 76.9844819,28.3316413 76.9847671,28.3319889 76.9847869,28.3320130 76.9853963,28.3327556 76.9860215,28.3335174 76.9862569,28.3338043 76.9862735,28.3338245 76.9866487,28.3342817 76.9872759,28.3350459 76.9873771,28.3351692 76.9876888,28.3355490 76.9879032,28.3358102 76.9880130,28.3359440 76.9885304,28.3365744 76.9891576,28.3373387 76.9895833,28.3378574 76.9895575,28.3378777 76.9895392,28.3378991 76.9895310,28.3379305 76.9895330,28.3379675 76.9895412,28.3380283 76.9895562,28.3381053 76.9895771,28.3381717 76.9897094,28.3384324 76.9897564,28.3385246 76.9897995,28.3385830 76.9900405,28.3390164 76.9902310,28.3393498 76.9904420,28.3396854 76.9906346,28.3400419 76.9907136,28.3402299 76.9907943,28.3404271 76.9908374,28.3405301 76.9908519,28.3405646 76.9907067,28.3409645 76.9905810,28.3413107 76.9903335,28.3419079 76.9904036,28.3420639 76.9903529,28.3421869 76.9906554,28.3428530 76.9906584,28.3428595 76.9906735,28.3430934 76.9907195,28.3438046 76.9907460,28.3442142 76.9907522,28.3443108 76.9907956,28.3447730 76.9908122,28.3448346 76.9910608,28.3457589 76.9911097,28.3459405 76.9913340,28.3467741 76.9914013,28.3470243 76.9914035,28.3470399 76.9914950,28.3477072 76.9919600,28.3485243 76.9919648,28.3485302 76.9923009,28.3489384 76.9925242,28.3490283 76.9925585,28.3490792 76.9925683,28.3490937 76.9929929,28.3497240 76.9930489,28.3498071 76.9931144,28.3499408 76.9932741,28.3502665 76.9934561,28.3506376 76.9938052,28.3515360 76.9937501,28.3521061 76.9936492,28.3522852 76.9932936,28.3529166 76.9932808,28.3529248 76.9920420,28.3537188 76.9919041,28.3538072 76.9917975,28.3538755 76.9917190,28.3539259 76.9908759,28.3544662 76.9899716,28.3550438 76.9894417,28.3553536 76.9891731,28.3551413 76.9889743,28.3552831 76.9880852,28.3559176 76.9876222,28.3563117 76.9875374,28.3563866 76.9865597,28.3570428 76.9861495,28.3573139 76.9860540,28.3573578 76.9858774,28.3574464 76.9857882,28.3574912 76.9857817,28.3574945 76.9855076,28.3576317 76.9851989,28.3577736 76.9851937,28.3577764 76.9850739,28.3578412 76.9850362,28.3578609 76.9849600,28.3578959 76.9846689,28.3580023 76.9845778,28.3580528 76.9845098,28.3580905 76.9844283,28.3581356 76.9841513,28.3582879 76.9840740,28.3583305 76.9839784,28.3583828 76.9838289,28.3585729 76.9837952,28.3586157 76.9837739,28.3586428 76.9837609,28.3586607 76.9836877,28.3587145 76.9836312,28.3587519 76.9833976,28.3589304 76.9833062,28.3589855 76.9831483,28.3590758 76.9830873,28.3591106 76.9830118,28.3591580 76.9827933,28.3592949 76.9827195,28.3593379 76.9826190,28.3594042 76.9825892,28.3594239 76.9825758,28.3594349 76.9824668,28.3595246 76.9824224,28.3595612 76.9822388,28.3596908 76.9822138,28.3597108 76.9820780,28.3598193 76.9818717,28.3599867 76.9817870,28.3600712 76.9816853,28.3601727 76.9815851,28.3602613 76.9814285,28.3604000 76.9814049,28.3604208 76.9813919,28.3604339 76.9812999,28.3605265 76.9811088,28.3607042 76.9810696,28.3607406 76.9810011,28.3608113 76.9807842,28.3610350 76.9807236,28.3610916 76.9806443,28.3611656 76.9804974,28.3613028 76.9804334,28.3613610 76.9803979,28.3613933 76.9803472,28.3614277 76.9802650,28.3614785 76.9801085,28.3616077 76.9801018,28.3616132 76.9800427,28.3616580 76.9798574,28.3617983 76.9798143,28.3618309 76.9797507,28.3618817 76.9797501,28.3618821 76.9797117,28.3619128 76.9795187,28.3620669 76.9794738,28.3620735 76.9794426,28.3620912 76.9792121,28.3622601 76.9791379,28.3623171 76.9790698,28.3623693 76.9789783,28.3624396 76.9789455,28.3624652 76.9789118,28.3624914 76.9785135,28.3630110 76.9785121,28.3630131 76.9783951,28.3631976 76.9781653,28.3635598 76.9781455,28.3635911 76.9780749,28.3638160 76.9780261,28.3639714 76.9779871,28.3641400 76.9777484,28.3642500 76.9777223,28.3642621 76.9770382,28.3645765 76.9763210,28.3649010 76.9757161,28.3651464 76.9755553,28.3651068 76.9752042,28.3653135 76.9751162,28.3653653 76.9750237,28.3654198 76.9749871,28.3654382 76.9746782,28.3655933 76.9743997,28.3657537 76.9743581,28.3657792 76.9743079,28.3658100 76.9743041,28.3658123 76.9740684,28.3659569 76.9739338,28.3660439 76.9738306,28.3661044 76.9736230,28.3662872 76.9736184,28.3662913 76.9735647,28.3663319 76.9733029,28.3665297 76.9731136,28.3667258 76.9730779,28.3667627 76.9730158,28.3668373 76.9729761,28.3668818 76.9729446,28.3669172 76.9729409,28.3669214 76.9728971,28.3669773 76.9727497,28.3671558 76.9729316,28.3673944 76.9729543,28.3674243 76.9729817,28.3674601 76.9730413,28.3674979 76.9729566,28.3675856 76.9726869,28.3678649 76.9725986,28.3679711 76.9724677,28.3681286 76.9722799,28.3683101 76.9722398,28.3683488 76.9721248,28.3684599 76.9717326,28.3687870 76.9715571,28.3689130 76.9711028,28.3692474 76.9709623,28.3693489 76.9706401,28.3695598 76.9700794,28.3698564 76.9697153,28.3696471 76.9693546,28.3699169 76.9691553,28.3700611 76.9689304,28.3702523 76.9686388,28.3704656 76.9685619,28.3705165 76.9684958,28.3705724 76.9682370,28.3707590 76.9681528,28.3708250 76.9677620,28.3705461 76.9674188,28.3702835 76.9673699,28.3703386</coordinates></LinearRing></outerBoundaryIs></Polygon></Placemark>
<Placemark><name>Ward 17</name><ExtendedData><Data name="ward"><value>17</value></Data><Data name="labelLat"><value>28.376944</value></Data><Data name="labelLng"><value>76.981868</value></Data></ExtendedData><Polygon><outerBoundaryIs><LinearRing><coordinates>76.9621081,28.3794378 76.9621190,28.3794328 76.9622213,28.3793855 76.9623393,28.3793309 76.9623332,28.3793148 76.9622439,28.3790791 76.9621662,28.3788741 76.9621525,28.3788380 76.9622437,28.3788317 76.9624122,28.3788200 76.9623711,28.3787818 76.9623675,28.3787639 76.9623306,28.3785813 76.9623149,28.3785037 76.9622830,28.3784086 76.9622700,28.3783780 76.9622679,28.3783731 76.9620544,28.3778695 76.9620270,28.3778242 76.9621032,28.3777634 76.9621317,28.3777448 76.9624897,28.3775107 76.9627711,28.3773268 76.9627850,28.3773177 76.9628423,28.3772841 76.9634676,28.3769171 76.9635550,28.3768679 76.9638877,28.3766804 76.9638772,28.3766255 76.9638162,28.3763048 76.9638000,28.3762200 76.9637626,28.3760548 76.9637515,28.3759951 76.9637101,28.3757724 76.9636524,28.3756798 76.9634943,28.3753490 76.9633949,28.3751411 76.9633004,28.3749526 76.9631687,28.3747157 76.9631060,28.3746028 76.9629936,28.3744164 76.9627241,28.3739014 76.9635690,28.3734477 76.9639692,28.3732210 76.9641464,28.3731206 76.9649970,28.3724092 76.9651182,28.3723109 76.9656534,28.3718584 76.9658361,28.3716821 76.9658388,28.3716794 76.9661280,28.3714003 76.9661845,28.3713368 76.9664762,28.3710092 76.9665030,28.3709790 76.9668069,28.3707950 76.9669300,28.3707205 76.9671480,28.3705886 76.9673699,28.3703386 76.9674188,28.3702835 76.9677620,28.3705461 76.9681528,28.3708250 76.9682370,28.3707590 76.9684958,28.3705724 76.9685619,28.3705165 76.9686388,28.3704656 76.9689304,28.3702523 76.9691553,28.3700611 76.9693546,28.3699169 76.9697153,28.3696471 76.9700794,28.3698564 76.9706401,28.3695598 76.9709623,28.3693489 76.9711028,28.3692474 76.9715571,28.3689130 76.9717326,28.3687870 76.9721248,28.3684599 76.9722398,28.3683488 76.9722799,28.3683101 76.9724677,28.3681286 76.9725986,28.3679711 76.9726869,28.3678649 76.9729566,28.3675856 76.9730413,28.3674979 76.9729817,28.3674601 76.9729543,28.3674243 76.9729316,28.3673944 76.9727497,28.3671558 76.9728971,28.3669773 76.9729409,28.3669214 76.9729446,28.3669172 76.9729761,28.3668818 76.9730158,28.3668373 76.9730779,28.3667627 76.9731136,28.3667258 76.9733029,28.3665297 76.9735647,28.3663319 76.9736184,28.3662913 76.9736230,28.3662872 76.9738306,28.3661044 76.9739338,28.3660439 76.9740684,28.3659569 76.9743041,28.3658123 76.9743079,28.3658100 76.9743581,28.3657792 76.9743997,28.3657537 76.9746782,28.3655933 76.9749871,28.3654382 76.9750237,28.3654198 76.9751162,28.3653653 76.9752042,28.3653135 76.9755553,28.3651068 76.9757161,28.3651464 76.9763210,28.3649010 76.9770382,28.3645765 76.9777223,28.3642621 76.9777484,28.3642500 76.9779871,28.3641400 76.9780261,28.3639714 76.9780749,28.3638160 76.9781455,28.3635911 76.9781653,28.3635598 76.9783951,28.3631976 76.9785121,28.3630131 76.9785135,28.3630110 76.9789118,28.3624914 76.9789455,28.3624652 76.9789783,28.3624396 76.9790698,28.3623693 76.9791379,28.3623171 76.9792121,28.3622601 76.9794426,28.3620912 76.9794738,28.3620735 76.9795187,28.3620669 76.9797117,28.3619128 76.9797501,28.3618821 76.9797507,28.3618817 76.9798143,28.3618309 76.9798574,28.3617983 76.9800427,28.3616580 76.9801018,28.3616132 76.9801085,28.3616077 76.9802650,28.3614785 76.9803472,28.3614277 76.9803979,28.3613933 76.9804334,28.3613610 76.9804974,28.3613028 76.9806443,28.3611656 76.9807236,28.3610916 76.9807842,28.3610350 76.9810011,28.3608113 76.9810696,28.3607406 76.9811088,28.3607042 76.9812999,28.3605265 76.9813919,28.3604339 76.9814049,28.3604208 76.9814285,28.3604000 76.9815851,28.3602613 76.9816853,28.3601727 76.9817870,28.3600712 76.9818717,28.3599867 76.9820780,28.3598193 76.9822138,28.3597108 76.9822388,28.3596908 76.9824224,28.3595612 76.9824668,28.3595246 76.9825758,28.3594349 76.9825892,28.3594239 76.9826190,28.3594042 76.9827195,28.3593379 76.9827933,28.3592949 76.9830118,28.3591580 76.9830873,28.3591106 76.9831483,28.3590758 76.9833062,28.3589855 76.9833976,28.3589304 76.9836312,28.3587519 76.9836877,28.3587145 76.9837609,28.3586607 76.9837739,28.3586428 76.9837952,28.3586157 76.9838289,28.3585729 76.9839784,28.3583828 76.9840740,28.3583305 76.9841513,28.3582879 76.9844283,28.3581356 76.9845098,28.3580905 76.9845778,28.3580528 76.9846689,28.3580023 76.9849600,28.3578959 76.9850362,28.3578609 76.9850739,28.3578412 76.9851937,28.3577764 76.9851989,28.3577736 76.9855076,28.3576317 76.9857817,28.3574945 76.9857882,28.3574912 76.9858774,28.3574464 76.9860540,28.3573578 76.9861495,28.3573139 76.9865597,28.3570428 76.9875374,28.3563866 76.9876222,28.3563117 76.9880852,28.3559176 76.9889743,28.3552831 76.9891731,28.3551413 76.9894417,28.3553536 76.9899716,28.3550438 76.9908759,28.3544662 76.9917190,28.3539259 76.9917647,28.3540634 76.9919268,28.3545504 76.9919763,28.3546818 76.9921249,28.3551136 76.9922559,28.3554908 76.9924231,28.3559828 76.9924608,28.3561288 76.9925254,28.3564084 76.9925789,28.3566641 76.9925878,28.3567067 76.9926542,28.3570388 76.9927367,28.3574171 76.9928013,28.3577601 76.9928066,28.3577882 76.9928202,28.3578874 76.9927722,28.3579804 76.9927298,28.3580626 76.9924482,28.3585563 76.9922434,28.3588993 76.9919570,28.3593871 76.9917490,28.3597801 76.9915427,28.3601411 76.9915290,28.3601651 76.9916864,28.3605185 76.9917157,28.3605843 76.9917538,28.3606820 76.9918652,28.3609679 76.9918993,28.3610349 76.9919325,28.3611000 76.9919810,28.3611813 76.9921296,28.3614185 76.9923414,28.3617564 76.9923844,28.3617912 76.9928399,28.3620859 76.9928682,28.3621013 76.9929105,28.3621167 76.9931090,28.3621886 76.9933337,28.3622700 76.9935557,28.3624822 76.9934464,28.3627128 76.9931549,28.3632501 76.9930003,28.3634887 76.9928274,28.3637555 76.9927591,28.3638189 76.9927191,28.3644565 76.9927434,28.3653736 76.9927147,28.3665587 76.9926972,28.3672811 76.9927363,28.3675023 76.9929575,28.3687542 76.9930086,28.3690436 76.9938775,28.3699238 76.9940743,28.3701008 76.9941904,28.3702053 76.9942467,28.3711489 76.9942657,28.3716779 76.9942768,28.3719872 76.9943886,28.3722550 76.9947239,28.3730583 76.9947479,28.3731160 76.9947114,28.3732953 76.9947015,28.3734851 76.9953578,28.3747364 76.9959878,28.3758095 76.9964030,28.3765421 76.9965278,28.3765845 76.9966854,28.3767091 76.9966967,28.3767181 76.9967550,28.3767610 76.9968707,28.3768783 76.9970022,28.3769915 76.9971183,28.3771193 76.9971635,28.3772507 76.9972281,28.3774389 76.9972900,28.3776194 76.9973178,28.3777005 76.9973802,28.3778886 76.9975111,28.3782507 76.9977044,28.3788010 76.9977205,28.3788468 76.9977670,28.3789744 76.9979706,28.3795332 76.9977982,28.3796211 76.9977801,28.3796303 76.9977825,28.3796369 76.9977894,28.3796443 76.9978144,28.3796712 76.9978536,28.3796949 76.9976806,28.3797601 76.9972455,28.3799753 76.9971099,28.3800358 76.9970978,28.3800413 76.9970908,28.3800444 76.9970739,28.3800519 76.9970231,28.3800746 76.9969397,28.3801119 76.9968711,28.3801498 76.9968487,28.3801621 76.9968366,28.3801680 76.9967208,28.3802243 76.9965910,28.3802874 76.9963710,28.3804169 76.9963146,28.3804545 76.9960253,28.3806473 76.9960101,28.3806574 76.9959359,28.3807068 76.9959072,28.3807260 76.9957662,28.3808063 76.9956376,28.3808796 76.9955163,28.3809655 76.9952841,28.3811417 76.9950027,28.3813731 76.9948696,28.3814657 76.9942784,28.3820820 76.9940496,28.3822236 76.9934662,28.3825848 76.9948733,28.3845374 76.9948780,28.3845484 76.9980618,28.3919607 76.9968854,28.3930070 76.9958865,28.3938788 76.9943636,28.3952354 76.9937904,28.3957671 76.9930291,28.3964086 76.9923631,28.3969455 76.9921418,28.3971395 76.9918955,28.3973554 76.9913588,28.3977605 76.9908910,28.3981570 76.9904154,28.3985975 76.9894885,28.3993961 76.9889494,28.3999082 76.9883195,28.4006490 76.9876454,28.4014889 76.9873010,28.4011346 76.9868438,28.4006519 76.9858971,28.3996915 76.9847711,28.3985333 76.9833297,28.3971050 76.9808625,28.3946851 76.9797984,28.3935537 76.9772762,28.3908718 76.9708451,28.3841094 76.9698765,28.3834443 76.9696270,28.3832730 76.9688248,28.3829070 76.9658835,28.3813126 76.9621081,28.3794378</coordinates></LinearRing></outerBoundaryIs></Polygon></Placemark>
<Placemark><name>Ward 18</name><ExtendedData><Data name="ward"><value>18</value></Data><Data name="labelLat"><value>28.387038</value></Data><Data name="labelLng"><value>76.963615</value></Data></ExtendedData><Polygon><outerBoundaryIs><LinearRing><coordinates>76.9680347,28.3920063 76.9679995,28.3920195 76.9674624,28.3922725 76.9670497,28.3923812 76.9666285,28.3924117 76.9665524,28.3924172 76.9665172,28.3924249 76.9606359,28.3992953 76.9569638,28.3977900 76.9508673,28.3956573 76.9568911,28.3861915 76.9586005,28.3835051 76.9583770,28.3832186 76.9583165,28.3831275 76.9582333,28.3830022 76.9582267,28.3829922 76.9581295,28.3828458 76.9580065,28.3826660 76.9580019,28.3826592 76.9578804,28.3824821 76.9576937,28.3822099 76.9576310,28.3820999 76.9575683,28.3819930 76.9574938,28.3818660 76.9574471,28.3818124 76.9574985,28.3817689 76.9578622,28.3815627 76.9582016,28.3813630 76.9582354,28.3813453 76.9587975,28.3810514 76.9588444,28.3810261 76.9589028,28.3809946 76.9593595,28.3807739 76.9596025,28.3806565 76.9597181,28.3805918 76.9597202,28.3805807 76.9597539,28.3806244 76.9600817,28.3804406 76.9606794,28.3801152 76.9607651,28.3800852 76.9608235,28.3800588 76.9608830,28.3800320 76.9613729,28.3798047 76.9615912,28.3797035 76.9616846,28.3796510 76.9618318,28.3795683 76.9618598,28.3795525 76.9619826,28.3794958 76.9621081,28.3794378 76.9658835,28.3813126 76.9688248,28.3829070 76.9696270,28.3832730 76.9698765,28.3834443 76.9708451,28.3841094 76.9772762,28.3908718 76.9771851,28.3909221 76.9768577,28.3911319 76.9766551,28.3912797 76.9763958,28.3914074 76.9760893,28.3915923 76.9758713,28.3917397 76.9757121,28.3918310 76.9755023,28.3919525 76.9753244,28.3920632 76.9752705,28.3920953 76.9749574,28.3922643 76.9748591,28.3923269 76.9742738,28.3926154 76.9740546,28.3927486 76.9739934,28.3927966 76.9736546,28.3930574 76.9732203,28.3934155 76.9725205,28.3940368 76.9721093,28.3943473 76.9717503,28.3945611 76.9717237,28.3945769 76.9713800,28.3941513 76.9713781,28.3941490 76.9713647,28.3941303 76.9712807,28.3940133 76.9712792,28.3940103 76.9711071,28.3936554 76.9710695,28.3935894 76.9709496,28.3933791 76.9708278,28.3931932 76.9707173,28.3930660 76.9707016,28.3930490 76.9706285,28.3929695 76.9705892,28.3929268 76.9705368,28.3928697 76.9705090,28.3928395 76.9704812,28.3928093 76.9704714,28.3927987 76.9704553,28.3927793 76.9704304,28.3927493 76.9703558,28.3926597 76.9703311,28.3926284 76.9703200,28.3926144 76.9702844,28.3925694 76.9702670,28.3925474 76.9702332,28.3925094 76.9700946,28.3923537 76.9700326,28.3922846 76.9700058,28.3922547 76.9699828,28.3922290 76.9699285,28.3921684 76.9697582,28.3919699 76.9697408,28.3919496 76.9696073,28.3918350 76.9694850,28.3917100 76.9692932,28.3915135 76.9692873,28.3915066 76.9692550,28.3914694 76.9691930,28.3913938 76.9691687,28.3913721 76.9690913,28.3914319 76.9686043,28.3917978 76.9684972,28.3918403 76.9682627,28.3919333 76.9682284,28.3919336 76.9680347,28.3920063</coordinates></LinearRing></outerBoundaryIs></Polygon></Placemark>
<Placemark><name>Ward 19</name><ExtendedData><Data name="ward"><value>19</value></Data><Data name="labelLat"><value>28.400520</value></Data><Data name="labelLng"><value>76.968390</value></Data></ExtendedData><Polygon><outerBoundaryIs><LinearRing><coordinates>76.9685013,28.4104506 76.9681993,28.4108523 76.9650528,28.4163288 76.9650152,28.4162333 76.9649533,28.4160756 76.9649215,28.4159947 76.9648879,28.4159091 76.9648764,28.4158196 76.9648725,28.4157891 76.9648237,28.4157297 76.9647888,28.4156872 76.9647820,28.4156789 76.9645893,28.4153682 76.9645744,28.4153495 76.9645491,28.4153188 76.9645429,28.4153108 76.9644583,28.4152028 76.9644554,28.4151993 76.9644032,28.4151351 76.9641534,28.4148283 76.9641017,28.4147588 76.9639868,28.4146043 76.9637518,28.4142882 76.9634286,28.4138126 76.9633846,28.4137478 76.9630516,28.4132072 76.9629183,28.4129787 76.9627359,28.4126664 76.9626398,28.4125321 76.9624185,28.4122203 76.9623897,28.4121798 76.9623582,28.4121261 76.9623557,28.4121204 76.9621698,28.4118243 76.9619060,28.4113589 76.9618577,28.4112736 76.9618022,28.4111557 76.9617372,28.4110444 76.9616452,28.4108560 76.9615806,28.4107236 76.9615696,28.4107010 76.9615484,28.4106577 76.9614730,28.4105032 76.9614562,28.4104604 76.9613697,28.4102403 76.9613622,28.4102227 76.9613401,28.4101743 76.9613171,28.4101238 76.9610757,28.4096245 76.9610655,28.4095956 76.9608834,28.4090760 76.9608279,28.4089012 76.9607584,28.4086828 76.9607530,28.4086845 76.9607497,28.4087212 76.9604619,28.4087789 76.9603246,28.4088234 76.9599200,28.4089277 76.9596716,28.4089322 76.9596370,28.4089467 76.9594567,28.4089627 76.9591201,28.4090884 76.9589473,28.4091540 76.9582570,28.4093900 76.9579526,28.4094911 76.9575668,28.4096192 76.9569407,28.4098271 76.9568766,28.4098484 76.9562702,28.4100791 76.9562372,28.4101005 76.9561857,28.4101078 76.9561069,28.4101373 76.9560123,28.4101727 76.9559767,28.4101809 76.9554965,28.4102916 76.9550552,28.4103997 76.9549727,28.4104199 76.9548078,28.4104603 76.9541176,28.4106895 76.9539659,28.4107595 76.9536596,28.4109011 76.9535400,28.4109563 76.9534252,28.4110094 76.9529749,28.4112279 76.9528479,28.4112732 76.9453961,28.4072011 76.9502807,28.3969469 76.9508673,28.3956573 76.9569638,28.3977900 76.9606359,28.3992953 76.9665172,28.3924249 76.9665524,28.3924172 76.9666285,28.3924117 76.9670497,28.3923812 76.9674624,28.3922725 76.9679995,28.3920195 76.9682284,28.3919336 76.9682627,28.3919333 76.9684972,28.3918403 76.9686043,28.3917978 76.9690913,28.3914319 76.9691687,28.3913721 76.9691930,28.3913938 76.9692550,28.3914694 76.9692873,28.3915066 76.9692932,28.3915135 76.9694850,28.3917100 76.9696073,28.3918350 76.9697408,28.3919496 76.9697582,28.3919699 76.9699285,28.3921684 76.9699828,28.3922290 76.9700058,28.3922547 76.9700326,28.3922846 76.9700946,28.3923537 76.9702332,28.3925094 76.9702670,28.3925474 76.9702844,28.3925694 76.9703200,28.3926144 76.9703311,28.3926284 76.9703558,28.3926597 76.9704304,28.3927493 76.9704553,28.3927793 76.9704714,28.3927987 76.9704812,28.3928093 76.9705090,28.3928395 76.9705368,28.3928697 76.9705892,28.3929268 76.9706285,28.3929695 76.9707016,28.3930490 76.9707173,28.3930660 76.9708278,28.3931932 76.9709496,28.3933791 76.9710695,28.3935894 76.9711071,28.3936554 76.9712792,28.3940103 76.9712807,28.3940133 76.9713647,28.3941303 76.9713781,28.3941490 76.9713800,28.3941513 76.9717237,28.3945769 76.9717503,28.3945611 76.9721093,28.3943473 76.9725205,28.3940368 76.9732203,28.3934155 76.9736546,28.3930574 76.9739934,28.3927966 76.9740546,28.3927486 76.9742738,28.3926154 76.9748591,28.3923269 76.9749574,28.3922643 76.9752705,28.3920953 76.9753244,28.3920632 76.9755023,28.3919525 76.9757121,28.3918310 76.9758713,28.3917397 76.9760893,28.3915923 76.9763958,28.3914074 76.9766551,28.3912797 76.9768577,28.3911319 76.9771851,28.3909221 76.9772762,28.3908718 76.9808625,28.3946851 76.9833297,28.3971050 76.9824768,28.3977587 76.9790100,28.4004157 76.9770362,28.4018113 76.9763980,28.4022626 76.9758134,28.4026760 76.9756838,28.4027675 76.9746753,28.4037477 76.9742626,28.4041488 76.9730515,28.4053258 76.9730149,28.4053614 76.9715025,28.4068312 76.9712786,28.4070488 76.9700463,28.4083960 76.9685013,28.4104506</coordinates></LinearRing></outerBoundaryIs></Polygon></Placemark>
<Placemark><name>Ward 20</name><ExtendedData><Data name="ward"><value>20</value></Data><Data name="labelLat"><value>28.398634</value></Data><Data name="labelLng"><value>76.937588</value></Data></ExtendedData><Polygon><outerBoundaryIs><LinearRing><coordinates>76.9528479,28.4112732 76.9527332,28.4113142 76.9520426,28.4115585 76.9519945,28.4115744 76.9513524,28.4117876 76.9506632,28.4119714 76.9500371,28.4121793 76.9499730,28.4122006 76.9498006,28.4122495 76.9492850,28.4124260 76.9492828,28.4124268 76.9492826,28.4124269 76.9492483,28.4124412 76.9491346,28.4124886 76.9487784,28.4126624 76.9486179,28.4127406 76.9485902,28.4127564 76.9481332,28.4129927 76.9478968,28.4131149 76.9477168,28.4131942 76.9473951,28.4133359 76.9473745,28.4133449 76.9472045,28.4134296 76.9469964,28.4135332 76.9469793,28.4135414 76.9469724,28.4135447 76.9468327,28.4136198 76.9465111,28.4137929 76.9463207,28.4138793 76.9462902,28.4138931 76.9461457,28.4139584 76.9458529,28.4141108 76.9458246,28.4141256 76.9458182,28.4141285 76.9456716,28.4141952 76.9456377,28.4142172 76.9451254,28.4144645 76.9449582,28.4145452 76.9445287,28.4147616 76.9444323,28.4148102 76.9444187,28.4148170 76.9442789,28.4148875 76.9439061,28.4151005 76.9437380,28.4152090 76.9433563,28.4154205 76.9430439,28.4155962 76.9427207,28.4157896 76.9426270,28.4158456 76.9423636,28.4159986 76.9423492,28.4160069 76.9420132,28.4161374 76.9418356,28.4162111 76.9414253,28.4162970 76.9412885,28.4163161 76.9409792,28.4160029 76.9409639,28.4159852 76.9407875,28.4157806 76.9406327,28.4155996 76.9403139,28.4152268 76.9401676,28.4150591 76.9398309,28.4146729 76.9397887,28.4146115 76.9394762,28.4142878 76.9394589,28.4142699 76.9393633,28.4141929 76.9392761,28.4141176 76.9387828,28.4136908 76.9386786,28.4135905 76.9386474,28.4135608 76.9386209,28.4135356 76.9383331,28.4133455 76.9383057,28.4133273 76.9380362,28.4130044 76.9376403,28.4125278 76.9376011,28.4124514 76.9372137,28.4120078 76.9371814,28.4119740 76.9371352,28.4119211 76.9371144,28.4118973 76.9368832,28.4116329 76.9369790,28.4115590 76.9371476,28.4114290 76.9374192,28.4112389 76.9376758,28.4110593 76.9377195,28.4110288 76.9377854,28.4109827 76.9377848,28.4109815 76.9377291,28.4108759 76.9376824,28.4107879 76.9375304,28.4105016 76.9374126,28.4103346 76.9373717,28.4102677 76.9372970,28.4101452 76.9372813,28.4101195 76.9371221,28.4097930 76.9371056,28.4097632 76.9370802,28.4097173 76.9369717,28.4095210 76.9367777,28.4091704 76.9367756,28.4091667 76.9364634,28.4086159 76.9363864,28.4084802 76.9361916,28.4081341 76.9361395,28.4080417 76.9359892,28.4077746 76.9359784,28.4077554 76.9359186,28.4076728 76.9358939,28.4076275 76.9358395,28.4075144 76.9356334,28.4070855 76.9355687,28.4069645 76.9355091,28.4068528 76.9355152,28.4068496 76.9355041,28.4068310 76.9354344,28.4067142 76.9352062,28.4064128 76.9351297,28.4063118 76.9350933,28.4062593 76.9349163,28.4060041 76.9349024,28.4059833 76.9348207,28.4058606 76.9347517,28.4057571 76.9347157,28.4057021 76.9345558,28.4054584 76.9344059,28.4052530 76.9343688,28.4052022 76.9343376,28.4051560 76.9338745,28.4046442 76.9334835,28.4042812 76.9334600,28.4042594 76.9333985,28.4041992 76.9333817,28.4041827 76.9332128,28.4040331 76.9330395,28.4039138 76.9327342,28.4037139 76.9325759,28.4036102 76.9321946,28.4033716 76.9321268,28.4033250 76.9319088,28.4031750 76.9317576,28.4030783 76.9315503,28.4029459 76.9314041,28.4028191 76.9312442,28.4026757 76.9310364,28.4025048 76.9308882,28.4023830 76.9307243,28.4022525 76.9306538,28.4021963 76.9305757,28.4022773 76.9304467,28.4023528 76.9304181,28.4023695 76.9302232,28.4025044 76.9298730,28.4027468 76.9298378,28.4027702 76.9296552,28.4028915 76.9294220,28.4030340 76.9292379,28.4031465 76.9291714,28.4031871 76.9289886,28.4033239 76.9289847,28.4033265 76.9288441,28.4034198 76.9287286,28.4034964 76.9285876,28.4031758 76.9285859,28.4031720 76.9285779,28.4031544 76.9283890,28.4028379 76.9282740,28.4026522 76.9280913,28.4023573 76.9280391,28.4022974 76.9277783,28.4018505 76.9277234,28.4017564 76.9274078,28.4012155 76.9273345,28.4010548 76.9272890,28.4009870 76.9272481,28.4009161 76.9271449,28.4007798 76.9270750,28.4006747 76.9267080,28.4001343 76.9266328,28.4000332 76.9266050,28.3999958 76.9266582,28.4000049 76.9268996,28.3998103 76.9271130,28.3996381 76.9271927,28.3995790 76.9272011,28.3995577 76.9274522,28.3993506 76.9277732,28.3991175 76.9279095,28.3990186 76.9279690,28.3989754 76.9282126,28.3987761 76.9282421,28.3987577 76.9284959,28.3985993 76.9286373,28.3985111 76.9290694,28.3982563 76.9291967,28.3980803 76.9292655,28.3979852 76.9296414,28.3975518 76.9296676,28.3975215 76.9297325,28.3974547 76.9297501,28.3974252 76.9297618,28.3974056 76.9300512,28.3969199 76.9301431,28.3967426 76.9301580,28.3967138 76.9301700,28.3966907 76.9302223,28.3964836 76.9303410,28.3960578 76.9304016,28.3959453 76.9304957,28.3958142 76.9305117,28.3957873 76.9307347,28.3954128 76.9308154,28.3953151 76.9310822,28.3949918 76.9312387,28.3948865 76.9318614,28.3944023 76.9319134,28.3943665 76.9319497,28.3943224 76.9322405,28.3940957 76.9322829,28.3940522 76.9324444,28.3939045 76.9326347,28.3937305 76.9327072,28.3936425 76.9328121,28.3935241 76.9330712,28.3931991 76.9333095,28.3928697 76.9334853,28.3926671 76.9339170,28.3921356 76.9342739,28.3917484 76.9343996,28.3916055 76.9345560,28.3914297 76.9347553,28.3912283 76.9347821,28.3911863 76.9348833,28.3910754 76.9350384,28.3909055 76.9350499,28.3908920 76.9351327,28.3907955 76.9353244,28.3905825 76.9353547,28.3905450 76.9354675,28.3904441 76.9355569,28.3903330 76.9358134,28.3900143 76.9359697,28.3897675 76.9361867,28.3894810 76.9365460,28.3889864 76.9365737,28.3889482 76.9369026,28.3884137 76.9371446,28.3880311 76.9372656,28.3878802 76.9375873,28.3875268 76.9377414,28.3873499 76.9380160,28.3870641 76.9381778,28.3868638 76.9381857,28.3868187 76.9383402,28.3866607 76.9385255,28.3862846 76.9385667,28.3861693 76.9387177,28.3857462 76.9387796,28.3855418 76.9388464,28.3853227 76.9389535,28.3852090 76.9390516,28.3851101 76.9394779,28.3846801 76.9397456,28.3844252 76.9400323,28.3841521 76.9401602,28.3840301 76.9404392,28.3837641 76.9404873,28.3838105 76.9406111,28.3839744 76.9407687,28.3841731 76.9408614,28.3842902 76.9411204,28.3846169 76.9412036,28.3847219 76.9412431,28.3847716 76.9414641,28.3851257 76.9415626,28.3852836 76.9415917,28.3853301 76.9417319,28.3855856 76.9418694,28.3858363 76.9418973,28.3858871 76.9421907,28.3863682 76.9422039,28.3863898 76.9422377,28.3864453 76.9424426,28.3869405 76.9424670,28.3869994 76.9425094,28.3871127 76.9425857,28.3872929 76.9426697,28.3874909 76.9426962,28.3875535 76.9428436,28.3880335 76.9428448,28.3880398 76.9429468,28.3885866 76.9430116,28.3889339 76.9430487,28.3891335 76.9430691,28.3892429 76.9432280,28.3895691 76.9433206,28.3897592 76.9436000,28.3903140 76.9436006,28.3903152 76.9437250,28.3905804 76.9437416,28.3906156 76.9438054,28.3907868 76.9438362,28.3908695 76.9439636,28.3912070 76.9439945,28.3912889 76.9440052,28.3913364 76.9440690,28.3915626 76.9441599,28.3918847 76.9443040,28.3922456 76.9443261,28.3923418 76.9443030,28.3924327 76.9441735,28.3929427 76.9441659,28.3929727 76.9441428,28.3930635 76.9440474,28.3934268 76.9440361,28.3935129 76.9440241,28.3936048 76.9440227,28.3936350 76.9440022,28.3940558 76.9440000,28.3941011 76.9439976,28.3941495 76.9439949,28.3942053 76.9439806,28.3944975 76.9439710,28.3946942 76.9439810,28.3948253 76.9440127,28.3952414 76.9440164,28.3953203 76.9440885,28.3957899 76.9441381,28.3960076 76.9441468,28.3960459 76.9441872,28.3962235 76.9441891,28.3962368 76.9443045,28.3967840 76.9443982,28.3970267 76.9443786,28.3970374 76.9448386,28.3976921 76.9449193,28.3977131 76.9449881,28.3976847 76.9451078,28.3976614 76.9453771,28.3975446 76.9455267,28.3974798 76.9458069,28.3973385 76.9459036,28.3972864 76.9460305,28.3972180 76.9460564,28.3972064 76.9467357,28.3968701 76.9468292,28.3968278 76.9473813,28.3965677 76.9474455,28.3965332 76.9476093,28.3964650 76.9477682,28.3963839 76.9479066,28.3963243 76.9480943,28.3961991 76.9484664,28.3959508 76.9485829,28.3958874 76.9486120,28.3958716 76.9487720,28.3957630 76.9488563,28.3957058 76.9489831,28.3958791 76.9490316,28.3959453 76.9490513,28.3959723 76.9491557,28.3961285 76.9492864,28.3960567 76.9494163,28.3959857 76.9494595,28.3959502 76.9494842,28.3959299 76.9498516,28.3957113 76.9499030,28.3956872 76.9499129,28.3956814 76.9499125,28.3956881 76.9499303,28.3957388 76.9500691,28.3960017 76.9500876,28.3960368 76.9500951,28.3960933 76.9501494,28.3965027 76.9501589,28.3965423 76.9502807,28.3969469 76.9453961,28.4072011 76.9528479,28.4112732</coordinates></LinearRing></outerBoundaryIs></Polygon></Placemark>
</Document></kml>
