<?xml version="1.0" encoding="UTF-8"?>
<kml xmlns="http://www.opengis.net/kml/2.2" xmlns:gx="http://www.google.com/kml/ext/2.2" xmlns:xsi="http://www.w3.org/2001/XMLSchema-instance"
 xsi:schemaLocation="http://www.opengis.net/kml/2.2 http://schemas.opengis.net/kml/2.2.0/ogckml22.xsd http://www.google.com/kml/ext/2.2 http://code.google.com/apis/kml/schema/kml22gx.xsd">
<Document id="VILLAGE_BOUNDARY">
  <name>VILLAGE BOUNDARY</name>
  <Snippet></Snippet>
  <Style id="PolyStyle00">
    <LabelStyle>
      <color>00000000</color>
      <scale>0.000000</scale>
    </LabelStyle>
    <LineStyle>
      <color>ff000000</color>
      <width>2.000000</width>
    </LineStyle>
    <PolyStyle>
      <color>00ffffff</color>
      <outline>1</outline>
    </PolyStyle>
  </Style>
  <Folder id="FeatureLayer0">
    <name>VILLAGE BOUNDARY</name>
    <Snippet></Snippet>
    <Placemark id="ID_00000">
      <name>Jhund Sarai Abad</name>
      <Snippet></Snippet>
      <description><![CDATA[<html xmlns:fo="http://www.w3.org/1999/XSL/Format" xmlns:msxsl="urn:schemas-microsoft-com:xslt">

<head>

<META http-equiv="Content-Type" content="text/html">

<meta http-equiv="content-type" content="text/html; charset=UTF-8">

</head>

<body style="margin:0px 0px 0px 0px;overflow:auto;background:#FFFFFF;">

<table style="font-family:Arial,Verdana,Times;font-size:12px;text-align:left;width:100%;border-collapse:collapse;padding:3px 3px 3px 3px">

<tr style="text-align:center;font-weight:bold;background:#9CBCE2">

<td>Gurgaon</td>

</tr>

<tr>

<td>

<table style="font-family:Arial,Verdana,Times;font-size:12px;text-align:left;width:100%;border-spacing:0px; padding:3px 3px 3px 3px">

<tr>

<td>FID</td>

<td>0</td>

</tr>

<tr bgcolor="#D4E4F3">

<td>OBJECTID_1</td>

<td>141</td>

</tr>

<tr>

<td>OBJECTID_2</td>

<td>1513</td>

</tr>

<tr bgcolor="#D4E4F3">

<td>N_D_CODE</td>

<td>05</td>

</tr>

<tr>

<td>N_D_NAME</td>

<td>Gurgaon</td>

</tr>

<tr bgcolor="#D4E4F3">

<td>N_T_CODE</td>

<td>034</td>

</tr>

<tr>

<td>N_T_NAME</td>

<td>Farrukhnagar</td>

</tr>

<tr bgcolor="#D4E4F3">

<td>N_V_CODE</td>

<td>04159</td>

</tr>

<tr>

<td>N_V_NAME</td>

<td>Jhund Sarai Abad</td>

</tr>

<tr bgcolor="#D4E4F3">

<td>Pin_Code</td>

<td>122506</td>

</tr>

<tr>

<td>HADBAST_NO</td>

<td>124</td>

</tr>

<tr bgcolor="#D4E4F3">

<td>Census_200</td>

<td>00590400</td>

</tr>

<tr>

<td>Census_201</td>

<td>062867</td>

</tr>

<tr bgcolor="#D4E4F3">

<td>Shape_Leng</td>

<td>4887.593151</td>

</tr>

<tr>

<td>B_Code</td>

<td>475</td>

</tr>

<tr bgcolor="#D4E4F3">

<td>B_Name</td>

<td>FARRUKH NAGAR</td>

</tr>

<tr>

<td>GP_Code</td>

<td>29202</td>

</tr>

<tr bgcolor="#D4E4F3">

<td>GP_Name</td>

<td>JHUND SARAI</td>

</tr>

<tr>

<td>LGD_Code</td>

<td>62867</td>

</tr>

<tr bgcolor="#D4E4F3">

<td>Shape_Le_1</td>

<td>4887.593151</td>

</tr>

<tr>

<td>Shape_Ar_1</td>

<td>1226101.49275</td>

</tr>

<tr bgcolor="#D4E4F3">

<td>SHAPE_Le_2</td>

<td>4887.593151</td>

</tr>

<tr>

<td>Unique__ID</td>

<td>05//034//04159</td>

</tr>

<tr bgcolor="#D4E4F3">

<td>District1</td>

<td>GGM</td>

</tr>

<tr>

<td>Unique_ID2</td>

<td>GGM62867</td>

</tr>

<tr bgcolor="#D4E4F3">

<td>GlobalID</td>

<td>{5D39B694-802A-433E-9C0D-39329E8877CC}</td>

</tr>

<tr>

<td>UQ</td>

<td>Gurgaon/124</td>

</tr>

<tr bgcolor="#D4E4F3">

<td>LGD_HARTRO</td>

<td>62867</td>

</tr>

<tr>

<td>LGD_HARSAC</td>

<td>62867</td>

</tr>

<tr bgcolor="#D4E4F3">

<td>HARTRON_LG</td>

<td></td>

</tr>

<tr>

<td>HARTRON__1</td>

<td></td>

</tr>

<tr bgcolor="#D4E4F3">

<td>HARTRON__2</td>

<td></td>

</tr>

<tr>

<td>HARTORN_LG</td>

<td></td>

</tr>

<tr bgcolor="#D4E4F3">

<td>New_block</td>

<td>Farukhnagar</td>

</tr>

<tr>

<td>Shape_Le_3</td>

<td>5539.127287</td>

</tr>

</table>

</td>

</tr>

</table>

</body>

</html>

]]></description>
      <styleUrl>#PolyStyle00</styleUrl>
      <MultiGeometry>
        <Polygon>
          <extrude>0</extrude><altitudeMode>clampToGround</altitudeMode>
          <outerBoundaryIs><LinearRing><coordinates> 76.87613513515191,28.38556006981051,0 76.87636420195612,28.38581706231385,0 76.87655479212007,28.38603088532372,0 76.87664770936148,28.38612601835417,0 76.87724329958137,28.38667784514909,0 76.87727756402126,28.38671162182159,0 76.87780263918629,28.38722922887651,0 76.87813986674394,28.38756061568448,0 76.87815645772893,28.38757691866849,0 76.87867473713885,28.38811720915685,0 76.87884211573416,28.38829169405889,0 76.87888028874382,28.38833148905658,0 76.87940030998708,28.38888238685201,0 76.8795078104788,28.38897982811405,0 76.88000926983334,28.38943436209828,0 76.88020321700151,28.38960509258668,0 76.88052211892737,28.38998516802262,0 76.88086115569202,28.39032636220852,0 76.88106986218028,28.39053639546135,0 76.88152531431754,28.39095035430839,0 76.88164790920099,28.39107440753876,0 76.88189108674166,28.39132389494972,0 76.88215406404952,28.39159332251798,0 76.88219888998219,28.39163924714536,0 76.88230552000643,28.39175123383076,0 76.88249815473594,28.39195354419364,0 76.8825317247781,28.39198885071211,0 76.8828724755283,28.39232813629563,0 76.88302813110916,28.39247855328919,0 76.88324242422019,28.3927410537008,0 76.88345118370906,28.3930148129997,0 76.88366927489713,28.39329080563334,0 76.88384069501288,28.39349327584938,0 76.88389516346183,28.39355760931441,0 76.8839022152368,28.39356593854692,0 76.88389255744917,28.39356942275792,0 76.8833478882312,28.39376591026274,0 76.88327766782375,28.39379124166707,0 76.88304464483905,28.39387530268985,0 76.88281127869789,28.39396314576702,0 76.88280343999872,28.39396676746789,0 76.88241229286277,28.39414747066601,0 76.88215820438465,28.39426485365222,0 76.88213027666079,28.3942790314282,0 76.8815203232778,28.39458868192818,0 76.88068399354493,28.39498170890159,0 76.88059893117236,28.39502168314277,0 76.88056090997797,28.39504152999037,0 76.8800419756962,28.39537926958329,0 76.87974846824511,28.39553614004792,0 76.87934862092563,28.39589886126303,0 76.87933090704654,28.39591373580528,0 76.87891464571017,28.39626329208392,0 76.87907563099562,28.39645457489335,0 76.87915319243558,28.39654673363603,0 76.87933349688949,28.39674445074469,0 76.87938654150874,28.39680261847681,0 76.87940873438782,28.39682695426157,0 76.87939629541609,28.39683557166941,0 76.87874696078936,28.39728537251793,0 76.87859734098889,28.3973890156141,0 76.87827760452812,28.39761049621758,0 76.8782317122952,28.39764160873813,0 76.87813279790097,28.39770866831086,0 76.87805398061624,28.39776210210539,0 76.87777169042812,28.39795348019653,0 76.87752961512028,28.39811759392027,0 76.8774882027857,28.39816247263638,0 76.87700474477113,28.39853482150694,0 76.87705656229166,28.39864781632893,0 76.8770605355402,28.39865647784056,0 76.87666527322189,28.39892998795822,0 76.87625224851551,28.39921578588914,0 76.87608836706161,28.39934949051207,0 76.87605181191775,28.39938133899444,0 76.87597179717875,28.39944398021535,0 76.87568038909049,28.39967211478487,0 76.8756648383546,28.39968135543241,0 76.87527891671864,28.39991067400431,0 76.87482161405191,28.40018240609478,0 76.8745445691267,28.40036980590434,0 76.8745137236748,28.40039067110689,0 76.8745068228168,28.40039533802114,0 76.87449963719281,28.40039115312818,0 76.87446541497376,28.40036434325853,0 76.87389166279844,28.39991486286728,0 76.87373636923864,28.39979320402729,0 76.87362683226614,28.39970739028481,0 76.87356289916738,28.39965712856109,0 76.87334679056117,28.39948722817565,0 76.87303596269307,28.39924286076888,0 76.87303139475985,28.39923927006638,0 76.87293285855634,28.39915526308114,0 76.87292909371699,28.3991507960349,0 76.87246967372113,28.39860561031589,0 76.8724647069359,28.39860055295798,0 76.8724197507475,28.39855477832637,0 76.87192900919264,28.39805512181177,0 76.87193222156809,28.39804947729687,0 76.87223712774184,28.39751374326899,0 76.87225666160769,28.39747859110345,0 76.87225674604932,28.39747843938111,0 76.87228171023106,28.39743351533272,0 76.8723568552029,28.39729828474462,0 76.87235691988163,28.39729816700154,0 76.87253610772964,28.39697570381924,0 76.87253800676814,28.39697228688926,0 76.87254539900462,28.39696777944956,0 76.87258678169481,28.39694254916293,0 76.87286072294071,28.39643106323127,0 76.87286442130474,28.39642708206066,0 76.87289981941852,28.39638897882082,0 76.87291639243718,28.39637114019703,0 76.87336175469716,28.39589175233268,0 76.87341495023334,28.39578962501995,0 76.87342194451615,28.39577619816758,0 76.87344371159378,28.39573440825422,0 76.87348865161252,28.39564528409489,0 76.87345117210225,28.39556774312306,0 76.87334441811051,28.39534688095694,0 76.87334099373264,28.3953437168501,0 76.8733019933746,28.39530769075323,0 76.87299996270805,28.39502868623948,0 76.87289957867,28.39493595483361,0 76.87286647844675,28.3948970947982,0 76.87278049260604,28.39479614635617,0 76.87250606716823,28.39442394872081,0 76.87237568748452,28.39424711740268,0 76.87225437629361,28.39403199441406,0 76.87206666073857,28.39369911371886,0 76.8718754166011,28.39342169179441,0 76.87170547331567,28.39315055007352,0 76.87150895966073,28.39289330191893,0 76.87137852787473,28.39271565408346,0 76.87129467912612,28.39260145253654,0 76.87126184839744,28.39253798856458,0 76.87123747351053,28.39249086787638,0 76.87116293490151,28.39234677692234,0 76.8710113379091,28.39205372167744,0 76.87095684430734,28.3919513298802,0 76.87088379600337,28.39181407317587,0 76.87071978788698,28.39150590263948,0 76.87071535110782,28.39149960501679,0 76.87046347607856,28.39114208372418,0 76.87033312603927,28.39095706053288,0 76.87031541665176,28.39092012650596,0 76.87024630207044,28.39077598916167,0 76.870064528871,28.3905800358703,0 76.86993844672762,28.39044411769344,0 76.8699047275651,28.3904077690803,0 76.86984884337127,28.3903347248864,0 76.86949275658255,28.38985865022304,0 76.86943791623108,28.38978918086804,0 76.86909173696162,28.38930964943454,0 76.86889674954435,28.38901576864015,0 76.86889951096556,28.38901394861689,0 76.86893374576101,28.38899139549917,0 76.86898090821175,28.3889374380663,0 76.86924131813451,28.38874250716735,0 76.86924324232587,28.38874103091367,0 76.86941008193202,28.38861299823039,0 76.8696240390731,28.38839682694952,0 76.86967910220679,28.388351899052,0 76.86993680730221,28.38814163070648,0 76.86993684323483,28.38814161173952,0 76.87015618667438,28.38802477201525,0 76.87032307928114,28.38791759269012,0 76.8702720432949,28.38786921891557,0 76.87048891097751,28.38779455761422,0 76.87051858412801,28.38778434149925,0 76.87062724075149,28.38774693456198,0 76.87068320309874,28.38773282940957,0 76.87125230918743,28.38758938240041,0 76.87131417795769,28.38757378752212,0 76.87200276177578,28.38729476660347,0 76.87215847395052,28.38723798536658,0 76.87236403813192,28.38716302567858,0 76.87326183149486,28.38685743143403,0 76.87337921435301,28.38678208739101,0 76.87406978614287,28.38637480060528,0 76.87412538916402,28.38633954674805,0 76.87476083224317,28.3859366555284,0 76.87489824573554,28.38585405976256,0 76.87495887303407,28.38581761710973,0 76.8750275645089,28.38577632827701,0 76.87545151542406,28.38552149717199,0 76.87587597119247,28.38524048558925,0 76.87613513515191,28.38556006981051,0</coordinates></LinearRing></outerBoundaryIs>
        </Polygon>
      </MultiGeometry>
    </Placemark>
    <Placemark id="ID_00001">
      <name>Jhund Sarai Viran</name>
      <Snippet></Snippet>
      <description><![CDATA[<html xmlns:fo="http://www.w3.org/1999/XSL/Format" xmlns:msxsl="urn:schemas-microsoft-com:xslt">

<head>

<META http-equiv="Content-Type" content="text/html">

<meta http-equiv="content-type" content="text/html; charset=UTF-8">

</head>

<body style="margin:0px 0px 0px 0px;overflow:auto;background:#FFFFFF;">

<table style="font-family:Arial,Verdana,Times;font-size:12px;text-align:left;width:100%;border-collapse:collapse;padding:3px 3px 3px 3px">

<tr style="text-align:center;font-weight:bold;background:#9CBCE2">

<td>Gurgaon</td>

</tr>

<tr>

<td>

<table style="font-family:Arial,Verdana,Times;font-size:12px;text-align:left;width:100%;border-spacing:0px; padding:3px 3px 3px 3px">

<tr>

<td>FID</td>

<td>1</td>

</tr>

<tr bgcolor="#D4E4F3">

<td>OBJECTID_1</td>

<td>142</td>

</tr>

<tr>

<td>OBJECTID_2</td>

<td>1514</td>

</tr>

<tr bgcolor="#D4E4F3">

<td>N_D_CODE</td>

<td>05</td>

</tr>

<tr>

<td>N_D_NAME</td>

<td>Gurgaon</td>

</tr>

<tr bgcolor="#D4E4F3">

<td>N_T_CODE</td>

<td>034</td>

</tr>

<tr>

<td>N_T_NAME</td>

<td>Farrukhnagar</td>

</tr>

<tr bgcolor="#D4E4F3">

<td>N_V_CODE</td>

<td>04160</td>

</tr>

<tr>

<td>N_V_NAME</td>

<td>Jhund Sarai Viran</td>

</tr>

<tr bgcolor="#D4E4F3">

<td>Pin_Code</td>

<td>122506</td>

</tr>

<tr>

<td>HADBAST_NO</td>

<td>123</td>

</tr>

<tr bgcolor="#D4E4F3">

<td>Census_200</td>

<td>00590800</td>

</tr>

<tr>

<td>Census_201</td>

<td>062868</td>

</tr>

<tr bgcolor="#D4E4F3">

<td>Shape_Leng</td>

<td>5151.950837</td>

</tr>

<tr>

<td>B_Code</td>

<td>475</td>

</tr>

<tr bgcolor="#D4E4F3">

<td>B_Name</td>

<td>FARRUKH NAGAR</td>

</tr>

<tr>

<td>GP_Code</td>

<td>29202</td>

</tr>

<tr bgcolor="#D4E4F3">

<td>GP_Name</td>

<td>JHUND SARAI</td>

</tr>

<tr>

<td>LGD_Code</td>

<td>62868</td>

</tr>

<tr bgcolor="#D4E4F3">

<td>Shape_Le_1</td>

<td>5151.950837</td>

</tr>

<tr>

<td>Shape_Ar_1</td>

<td>1135229.28918</td>

</tr>

<tr bgcolor="#D4E4F3">

<td>SHAPE_Le_2</td>

<td>5151.950837</td>

</tr>

<tr>

<td>Unique__ID</td>

<td>05//034//04160</td>

</tr>

<tr bgcolor="#D4E4F3">

<td>District1</td>

<td>GGM</td>

</tr>

<tr>

<td>Unique_ID2</td>

<td>GGM62868</td>

</tr>

<tr bgcolor="#D4E4F3">

<td>GlobalID</td>

<td>{12A67F28-AFBF-4A43-94DB-1401C2AD2921}</td>

</tr>

<tr>

<td>UQ</td>

<td>Gurgaon/123</td>

</tr>

<tr bgcolor="#D4E4F3">

<td>LGD_HARTRO</td>

<td>62868</td>

</tr>

<tr>

<td>LGD_HARSAC</td>

<td>62868</td>

</tr>

<tr bgcolor="#D4E4F3">

<td>HARTRON_LG</td>

<td></td>

</tr>

<tr>

<td>HARTRON__1</td>

<td></td>

</tr>

<tr bgcolor="#D4E4F3">

<td>HARTRON__2</td>

<td></td>

</tr>

<tr>

<td>HARTORN_LG</td>

<td></td>

</tr>

<tr bgcolor="#D4E4F3">

<td>New_block</td>

<td>Farukhnagar</td>

</tr>

<tr>

<td>Shape_Le_3</td>

<td>5868.527922</td>

</tr>

</table>

</td>

</tr>

</table>

</body>

</html>

]]></description>
      <styleUrl>#PolyStyle00</styleUrl>
      <MultiGeometry>
        <Polygon>
          <extrude>0</extrude><altitudeMode>clampToGround</altitudeMode>
          <outerBoundaryIs><LinearRing><coordinates> 76.89042110420073,28.40809912889633,0 76.89033181705138,28.40826361881536,0 76.89034117031009,28.40829699906991,0 76.8904320870034,28.40846358728992,0 76.8904804819427,28.40855226214142,0 76.89045954850164,28.40856531838048,0 76.8902812077649,28.40867655235206,0 76.88987467787801,28.40896540788932,0 76.88978880163178,28.40901791945109,0 76.88953373848159,28.4092140108992,0 76.88943104307832,28.4092914810448,0 76.88926920978324,28.40947471576426,0 76.88914379239317,28.40965240108554,0 76.88864765106513,28.4101941861506,0 76.88834338718684,28.41058893143769,0 76.88833336019164,28.41060194001833,0 76.88834882199427,28.41073791372408,0 76.88835115312244,28.41074917927825,0 76.88844413863583,28.41119866743307,0 76.8884577966214,28.41126469048216,0 76.88846214446738,28.41128570208114,0 76.88848495089583,28.41145150812629,0 76.88848123187054,28.41148298003596,0 76.88845461389036,28.41170824585053,0 76.88817971863364,28.41189033230545,0 76.88773358921239,28.41216685413762,0 76.88748666210374,28.41236943208603,0 76.88692526176354,28.41273198822124,0 76.88679426942883,28.41279553807187,0 76.88657833868902,28.41290714685165,0 76.88610257384656,28.41316591872442,0 76.88599853905521,28.4132311457035,0 76.8859577797958,28.41325901026483,0 76.88594645832829,28.41324845686037,0 76.8854675350093,28.41280202010392,0 76.88527311353066,28.41263032987185,0 76.88462393970237,28.41204085505982,0 76.88416898523178,28.41160623649747,0 76.88405190420755,28.41126506499798,0 76.88355151654315,28.41052485957181,0 76.88358779051431,28.41048976387107,0 76.88370478979188,28.4103765691347,0 76.88391599539328,28.41017223013466,0 76.88392210663214,28.41016631762249,0 76.88390418793716,28.41012073682779,0 76.88370708858068,28.40961934837197,0 76.88356214361298,28.40926323064507,0 76.88344074438716,28.40907183347487,0 76.8830861011911,28.40861320625596,0 76.88296224147973,28.40852205832293,0 76.8826983209408,28.4082995591231,0 76.88213556324624,28.40798527420695,0 76.88201784801142,28.40800484128664,0 76.88163170898314,28.4081051134268,0 76.881374885135,28.40816484967319,0 76.8813323499063,28.40809618324933,0 76.88117108793975,28.40795829400785,0 76.88065391794922,28.40763504783737,0 76.88052736688525,28.40755144653222,0 76.88039215696026,28.4074053058719,0 76.87992873317319,28.40685567931067,0 76.87994293733446,28.40683905454014,0 76.8799522088465,28.40682820339931,0 76.88019225216513,28.40654725699643,0 76.88024551417664,28.40648491865293,0 76.88038990847713,28.40631591655946,0 76.88041784967571,28.40627784374076,0 76.88037141575867,28.40609128246445,0 76.88006297471428,28.40581313679916,0 76.88001203754273,28.40576720330083,0 76.87954041123881,28.40521748764417,0 76.87945281741376,28.40512057570699,0 76.8790432970353,28.40466749731771,0 76.87865409026035,28.4041486732188,0 76.87863139252806,28.40411841599351,0 76.87821110673922,28.40356924253381,0 76.87817706597984,28.40350045539504,0 76.87815004735104,28.40344585977459,0 76.87809237640815,28.40340594797428,0 76.8779748893454,28.40332463642533,0 76.87761973770286,28.40301823854303,0 76.87739296250095,28.4028232284463,0 76.87706259268218,28.40246759912201,0 76.87678128974254,28.40216287079413,0 76.87662359947754,28.40203623477945,0 76.87637679453977,28.40191557954257,0 76.87601991364032,28.40162819745136,0 76.87536285979039,28.40092189912298,0 76.87516659856206,28.40081325754343,0 76.87459204778443,28.40044496644578,0 76.8745068228168,28.40039533802114,0 76.8745137236748,28.40039067110689,0 76.8745445691267,28.40036980590434,0 76.87482161405191,28.40018240609478,0 76.87527891671864,28.39991067400431,0 76.8756648383546,28.39968135543241,0 76.87568038909049,28.39967211478487,0 76.87597179717875,28.39944398021535,0 76.87605181191775,28.39938133899444,0 76.87608836706161,28.39934949051207,0 76.87625224851551,28.39921578588914,0 76.87666527322189,28.39892998795822,0 76.8770605355402,28.39865647784056,0 76.87705656229166,28.39864781632893,0 76.87700474477113,28.39853482150694,0 76.8774882027857,28.39816247263638,0 76.87752961512028,28.39811759392027,0 76.87777169042812,28.39795348019653,0 76.87805398061624,28.39776210210539,0 76.87813279790097,28.39770866831086,0 76.8782317122952,28.39764160873813,0 76.87827760452812,28.39761049621758,0 76.87859734098889,28.3973890156141,0 76.87874696078936,28.39728537251793,0 76.87939629541609,28.39683557166941,0 76.87940873438782,28.39682695426157,0 76.87938654150874,28.39680261847681,0 76.87944051588424,28.3967629404518,0 76.87966441108735,28.39696184960574,0 76.8797162950832,28.3970079433857,0 76.87986450542699,28.39713961359911,0 76.88000652368352,28.39736222553067,0 76.88011762192797,28.39753637043454,0 76.88013506541415,28.39755820658511,0 76.8801374315766,28.39756116674907,0 76.88049686099652,28.39808680631822,0 76.88050929188341,28.39810784502755,0 76.88052731208802,28.39813834261434,0 76.88071546871588,28.3984567698008,0 76.88085241149103,28.39863700702059,0 76.8808640698268,28.39865721115707,0 76.8811696730932,28.39918682714707,0 76.88118369130319,28.39920608609034,0 76.88121944964139,28.39925520696861,0 76.88159216334772,28.39973768907014,0 76.88160685888747,28.39975640504344,0 76.88183201712182,28.40004314424604,0 76.88200982605591,28.40010156540249,0 76.88259646725894,28.4002943118454,0 76.88268980670856,28.40033181866102,0 76.88280340226949,28.40037746530298,0 76.88282905905231,28.40039987376223,0 76.88336546107477,28.4008046673257,0 76.88342444715126,28.40084917983354,0 76.88345053602376,28.40087095682701,0 76.88357429512382,28.40097426216415,0 76.88380000851704,28.40116267123023,0 76.8840394993718,28.4013685392451,0 76.88407880515706,28.40140232704029,0 76.88410164392482,28.40142444686303,0 76.88418891345806,28.40150897357506,0 76.88432950069834,28.40160636530022,0 76.88471547892813,28.40182379369658,0 76.88487077518289,28.40191127460115,0 76.88501819680586,28.40198163366341,0 76.88522665985069,28.40208112605933,0 76.88539296855249,28.40219473818553,0 76.8858592498805,28.40251326933958,0 76.88604351141326,28.40262870237228,0 76.88606891037959,28.40265279344308,0 76.88650487266847,28.40306631698853,0 76.88653215270702,28.40309154265644,0 76.88678259222846,28.40332312007573,0 76.8869989963804,28.40358088655404,0 76.88703029997309,28.40361817411809,0 76.88704477183232,28.40364308753562,0 76.88721432435061,28.40393499026954,0 76.8873496690229,28.40416799842473,0 76.88736507063844,28.4041919532362,0 76.88746112120356,28.40434134671565,0 76.88761734541801,28.40458433379402,0 76.88770338695423,28.40471815885953,0 76.88771740426591,28.40474126411772,0 76.88772782651984,28.40475844233383,0 76.88807668905706,28.40515509557724,0 76.88811661467986,28.40520049123996,0 76.88817731204698,28.40526950326147,0 76.88819385092967,28.40529230023612,0 76.88845920248482,28.40565803491211,0 76.88861689724136,28.40582050739649,0 76.88863649398931,28.40584286334433,0 76.88892618809201,28.40617336229189,0 76.88917154314895,28.40637264332724,0 76.88919700230242,28.40639506553147,0 76.88941939372572,28.40659092478906,0 76.88966902476339,28.40681077425079,0 76.88975367031766,28.40692504819193,0 76.88977575809386,28.40694751768825,0 76.8900914727971,28.4072686886588,0 76.89022683543568,28.40740638995291,0 76.89027311484249,28.40745346845247,0 76.89029630574989,28.40747706063418,0 76.89033175506761,28.4074996509057,0 76.89064460684003,28.40769901794231,0 76.89062000737431,28.40774277691684,0 76.89064117347903,28.40775004624152,0 76.89042110420073,28.40809912889633,0</coordinates></LinearRing></outerBoundaryIs>
        </Polygon>
      </MultiGeometry>
    </Placemark>
    <Placemark id="ID_00002">
      <name>Manesar</name>
      <Snippet></Snippet>
      <description><![CDATA[<html xmlns:fo="http://www.w3.org/1999/XSL/Format" xmlns:msxsl="urn:schemas-microsoft-com:xslt">

<head>

<META http-equiv="Content-Type" content="text/html">

<meta http-equiv="content-type" content="text/html; charset=UTF-8">

</head>

<body style="margin:0px 0px 0px 0px;overflow:auto;background:#FFFFFF;">

<table style="font-family:Arial,Verdana,Times;font-size:12px;text-align:left;width:100%;border-collapse:collapse;padding:3px 3px 3px 3px">

<tr style="text-align:center;font-weight:bold;background:#9CBCE2">

<td>Gurgaon</td>

</tr>

<tr>

<td>

<table style="font-family:Arial,Verdana,Times;font-size:12px;text-align:left;width:100%;border-spacing:0px; padding:3px 3px 3px 3px">

<tr>

<td>FID</td>

<td>2</td>

</tr>

<tr bgcolor="#D4E4F3">

<td>OBJECTID_1</td>

<td>218</td>

</tr>

<tr>

<td>OBJECTID_2</td>

<td>1628</td>

</tr>

<tr bgcolor="#D4E4F3">

<td>N_D_CODE</td>

<td>05</td>

</tr>

<tr>

<td>N_D_NAME</td>

<td>Gurgaon</td>

</tr>

<tr bgcolor="#D4E4F3">

<td>N_T_CODE</td>

<td>116</td>

</tr>

<tr>

<td>N_T_NAME</td>

<td>Manesar</td>

</tr>

<tr bgcolor="#D4E4F3">

<td>N_V_CODE</td>

<td>01192</td>

</tr>

<tr>

<td>N_V_NAME</td>

<td>Manesar</td>

</tr>

<tr bgcolor="#D4E4F3">

<td>Pin_Code</td>

<td>122051</td>

</tr>

<tr>

<td>HADBAST_NO</td>

<td>154</td>

</tr>

<tr bgcolor="#D4E4F3">

<td>Census_200</td>

<td>00599400</td>

</tr>

<tr>

<td>Census_201</td>

<td>062924</td>

</tr>

<tr bgcolor="#D4E4F3">

<td>Shape_Leng</td>

<td>18170.196714</td>

</tr>

<tr>

<td>B_Code</td>

<td>477</td>

</tr>

<tr bgcolor="#D4E4F3">

<td>B_Name</td>

<td>GURGAON</td>

</tr>

<tr>

<td>GP_Code</td>

<td>29303</td>

</tr>

<tr bgcolor="#D4E4F3">

<td>GP_Name</td>

<td>MANESAR</td>

</tr>

<tr>

<td>LGD_Code</td>

<td>62924</td>

</tr>

<tr bgcolor="#D4E4F3">

<td>Shape_Le_1</td>

<td>18170.196714</td>

</tr>

<tr>

<td>Shape_Ar_1</td>

<td>14677306.556</td>

</tr>

<tr bgcolor="#D4E4F3">

<td>SHAPE_Le_2</td>

<td>18170.196714</td>

</tr>

<tr>

<td>Unique__ID</td>

<td>05//116//01192</td>

</tr>

<tr bgcolor="#D4E4F3">

<td>District1</td>

<td>GGM</td>

</tr>

<tr>

<td>Unique_ID2</td>

<td>GGM62924</td>

</tr>

<tr bgcolor="#D4E4F3">

<td>GlobalID</td>

<td>{5E1016AE-2ACA-4794-B267-4EE1888BD922}</td>

</tr>

<tr>

<td>UQ</td>

<td>Gurgaon/154</td>

</tr>

<tr bgcolor="#D4E4F3">

<td>LGD_HARTRO</td>

<td>62924</td>

</tr>

<tr>

<td>LGD_HARSAC</td>

<td>62924</td>

</tr>

<tr bgcolor="#D4E4F3">

<td>HARTRON_LG</td>

<td></td>

</tr>

<tr>

<td>HARTRON__1</td>

<td></td>

</tr>

<tr bgcolor="#D4E4F3">

<td>HARTRON__2</td>

<td></td>

</tr>

<tr>

<td>HARTORN_LG</td>

<td></td>

</tr>

<tr bgcolor="#D4E4F3">

<td>New_block</td>

<td>Gurgaon</td>

</tr>

<tr>

<td>Shape_Le_3</td>

<td>20584.756808</td>

</tr>

</table>

</td>

</tr>

</table>

</body>

</html>

]]></description>
      <styleUrl>#PolyStyle00</styleUrl>
      <MultiGeometry>
        <Polygon>
          <extrude>0</extrude><altitudeMode>clampToGround</altitudeMode>
          <outerBoundaryIs><LinearRing><coordinates> 76.95535847723832,28.35845635613021,0 76.95535833710115,28.35845836165747,0 76.95535467197479,28.35851071958147,0 76.9552249579427,28.35864085894627,0 76.95516514811109,28.35866868410309,0 76.95487083307457,28.35890261860922,0 76.95458551466558,28.35912940167978,0 76.95451207469618,28.35918704222389,0 76.95441094685306,28.35930405126222,0 76.95428635231977,28.35944821398602,0 76.95420601239066,28.35954117009631,0 76.95419281164757,28.35955644419934,0 76.95405700074966,28.35971358425218,0 76.95393933043057,28.35985852585368,0 76.95396972582652,28.35994528408279,0 76.95381279912954,28.3600884823172,0 76.95377935574983,28.36011899953405,0 76.95366206092655,28.36024261215641,0 76.95329594893926,28.36053044949428,0 76.95321966310702,28.36058427987985,0 76.95312837810447,28.36064869338593,0 76.95310163346181,28.36074318516583,0 76.95309558779998,28.36076454669155,0 76.95305520313808,28.36088406696902,0 76.95291039471427,28.36118463184514,0 76.95285483660888,28.36129994782298,0 76.952844710799,28.36131312529325,0 76.95264339924215,28.36157510207435,0 76.95260926056639,28.3617307253561,0 76.95258655924084,28.36183421111543,0 76.95248837158366,28.362244324834,0 76.952481138349,28.36227453788556,0 76.95245727190854,28.36237422247648,0 76.95243050301137,28.36246982018471,0 76.95243552010223,28.36281726309162,0 76.95243698525447,28.36291874155811,0 76.95243446009023,28.36296786659943,0 76.95241431896324,28.36335966538005,0 76.95240900991989,28.3634629416564,0 76.95233073970918,28.36390289014786,0 76.95231269525009,28.36400431619574,0 76.952272119247,28.36421926533015,0 76.95224114084444,28.36438336961,0 76.95222379347797,28.3644145827838,0 76.95221048224212,28.36443853472073,0 76.95218531773607,28.36448381185837,0 76.95218220956517,28.36454427778204,0 76.9521836037505,28.36458076173419,0 76.95219897751825,28.36498290804174,0 76.95220209467229,28.36498883255977,0 76.95222087125839,28.36502452589665,0 76.95225674458094,28.36509271827775,0 76.9523148709697,28.36517840115325,0 76.95229673488242,28.3654439966014,0 76.95229232595101,28.36552976535325,0 76.95229077725547,28.36555990316644,0 76.95228740947147,28.36562539737057,0 76.952282040241,28.36563531445555,0 76.95228002442153,28.36563903830254,0 76.95223320422889,28.36572010367625,0 76.95213626882321,28.3658879421208,0 76.95211071444835,28.36593501218391,0 76.9520374792948,28.36605795088859,0 76.95197377257149,28.36616489382627,0 76.95196979752636,28.36617156604768,0 76.95162553616001,28.36662280122001,0 76.95156645306548,28.36670024321017,0 76.95150555986562,28.36675272670212,0 76.95158285540424,28.36716548679915,0 76.95158848155286,28.36719553087507,0 76.95159810340787,28.36724690986916,0 76.95160707667924,28.36730298487494,0 76.95161896857695,28.36737729067382,0 76.95170835723594,28.36755444582745,0 76.9518434934991,28.36780241559346,0 76.95187682458939,28.3678592870705,0 76.95198529077007,28.36804435609474,0 76.95200090528633,28.36807100024063,0 76.95206898950003,28.36824332386683,0 76.95211468679851,28.36835898787159,0 76.9522814114203,28.36882867433174,0 76.95228740408157,28.36884501971698,0 76.95228867879096,28.3688484976264,0 76.95232127505938,28.36893739295186,0 76.95231260092696,28.3689430548253,0 76.95221699233298,28.3690054634631,0 76.95196196781032,28.36917192847421,0 76.95194369428083,28.36918385608534,0 76.95173775370532,28.36933305386738,0 76.95160578759682,28.36942865795369,0 76.95153663528626,28.36947266906575,0 76.95125581833517,28.36964279934908,0 76.95123454802585,28.36965568648676,0 76.95095234587262,28.36984986362419,0 76.95081919039468,28.36994148349889,0 76.95054947123062,28.37011760286739,0 76.95052508556394,28.37013352517706,0 76.95033868963404,28.37025662974877,0 76.95017587987024,28.3703669973082,0 76.9500462538731,28.37045487013622,0 76.94984276390164,28.37059962159437,0 76.94981521167358,28.37061922165948,0 76.94957743300776,28.37074204190695,0 76.94928724483165,28.37088000406635,0 76.9491575334945,28.37094167173331,0 76.94914254330737,28.37094833812142,0 76.94911270307026,28.37096160845338,0 76.9489100638034,28.371046934854,0 76.94867903058706,28.37114188767333,0 76.94859361966816,28.37117594593976,0 76.94852379451943,28.3712037891513,0 76.94844551802053,28.37123137547029,0 76.94841334216369,28.37124271478032,0 76.94823983885476,28.37131528839092,0 76.9480839362372,28.37138143429673,0 76.9479057616888,28.37145702798634,0 76.94774737163624,28.37153732300409,0 76.94771236878117,28.37155506700449,0 76.94757461213237,28.37157098593675,0 76.94736219380533,28.37164687431538,0 76.94708152777122,28.37169520332253,0 76.94705617911055,28.37170045403418,0 76.94701959252563,28.37170803092998,0 76.94695120917295,28.37173752280223,0 76.94691450490875,28.3717533508097,0 76.94658746783966,28.37187207146112,0 76.94640013856022,28.37194007527584,0 76.94639483580512,28.37194189480174,0 76.94632135271655,28.37196711127754,0 76.94628067071227,28.37198592384109,0 76.94620735471035,28.37201982691615,0 76.94566514597793,28.37220403662245,0 76.94562352253921,28.37221817703749,0 76.94528342306761,28.37236977339199,0 76.94514088827979,28.37243330713489,0 76.94501621199983,28.37248869885938,0 76.94496635999315,28.3725227804056,0 76.94492134810918,28.37255355171923,0 76.9444568068179,28.37288503418259,0 76.94437029815771,28.37294676312593,0 76.9442595655276,28.37300569874929,0 76.94421185061297,28.37303109518407,0 76.94396332360475,28.37320216508142,0 76.94368148257428,28.3734021775746,0 76.94359970084912,28.37346021426066,0 76.943552540195,28.37349325374848,0 76.94350129040973,28.37352915684185,0 76.94347604415701,28.37354021768586,0 76.94347393670935,28.37354114087185,0 76.94340756109131,28.37357021885594,0 76.94285868865606,28.37381067527596,0 76.94280056136898,28.37383614028253,0 76.94257447697154,28.3739268351129,0 76.94245593887993,28.37372538587567,0 76.94226743819732,28.37340503724182,0 76.94225077714377,28.37337910184364,0 76.94219709921227,28.37329554860697,0 76.94214745920799,28.37321828057648,0 76.94205545734982,28.37309784625864,0 76.94195565721672,28.37295280417901,0 76.94190198737007,28.37284453862306,0 76.94187941001202,28.37282113396262,0 76.94155189054766,28.37248161049077,0 76.94155009661202,28.37247959021077,0 76.94150330426719,28.37242687875267,0 76.94136496910333,28.37227693048127,0 76.94134730103832,28.37225729357318,0 76.94089850541732,28.37175847821418,0 76.94085529555383,28.37171045117347,0 76.9408390369455,28.37169431964109,0 76.94072198736229,28.37157819213781,0 76.94048009531082,28.3711495428603,0 76.94046901369344,28.37113639585687,0 76.94025446456257,28.3708818726164,0 76.94021545791631,28.37083559832854,0 76.94020285006128,28.37082514345408,0 76.94014990246012,28.37077228573675,0 76.94010862397451,28.37072627619175,0 76.93998051163858,28.3705834788272,0 76.93996857213016,28.37057370527089,0 76.93959759307063,28.37027003216794,0 76.9395612274713,28.37024026323953,0 76.93949047526121,28.37016649456271,0 76.93934193972731,28.37001165194507,0 76.93933595874412,28.37000618220203,0 76.93896354507511,28.36966563006964,0 76.93894135399263,28.36964533741342,0 76.93893154079649,28.36963636447433,0 76.93890777047575,28.36963008136139,0 76.93887480410147,28.36960195792524,0 76.93884812323921,28.36957919674867,0 76.93884216561223,28.36957411350287,0 76.93880957832698,28.3695419343619,0 76.93875476312837,28.36948564949476,0 76.9387151689839,28.36944031046649,0 76.93871385115536,28.36943904024622,0 76.93828488943754,28.3690254258409,0 76.93825549656144,28.36899708487541,0 76.93823060334657,28.36897841010764,0 76.93809548145651,28.36887203042307,0 76.93809176602447,28.36886910502765,0 76.93800933391906,28.36881527726354,0 76.93799906976862,28.36880857438139,0 76.93798703503877,28.36879982901662,0 76.93791197001703,28.36874527796958,0 76.93759543874515,28.36851525094407,0 76.93739505335137,28.36838617971155,0 76.93732409003718,28.36829191447847,0 76.93702278880269,28.36799300436175,0 76.93694161972854,28.36791247980511,0 76.93678011521689,28.36772399504964,0 76.93666638311203,28.36759126310217,0 76.9362956025802,28.36715853877436,0 76.93604033102083,28.36687040323317,0 76.93579401117331,28.36659237124195,0 76.93564823077239,28.36643104802627,0 76.93540435254577,28.36616020643433,0 76.93540005051388,28.36614829508286,0 76.93537906586884,28.36611961740583,0 76.9350413855603,28.36565813892427,0 76.93485663714064,28.36537630875938,0 76.93474887973075,28.3652037322724,0 76.93471444011939,28.36511269166762,0 76.93462840127809,28.36496844810591,0 76.93439437218025,28.36456719813182,0 76.93407087088016,28.36402172550614,0 76.93398832828196,28.36385494650325,0 76.93383328804708,28.3636367003596,0 76.93377693403436,28.36347605799161,0 76.93370150070334,28.36330010545657,0 76.93354856791608,28.36296930289747,0 76.93352375195636,28.36293012207087,0 76.9334991219479,28.36289123528773,0 76.93339626215293,28.36276363699177,0 76.93314429280056,28.36240363236142,0 76.93313132202617,28.36238510030103,0 76.93311824435226,28.36236940369709,0 76.93297882043028,28.36220205690194,0 76.93296619460898,28.36218844240461,0 76.9328981112936,28.362109302324,0 76.93286261616176,28.36206804457727,0 76.93266690649902,28.36184055239545,0 76.93250982259687,28.3616529667064,0 76.93228430593466,28.36135814685511,0 76.93225405426918,28.36129566257568,0 76.93195807195946,28.36075000317908,0 76.93183241112595,28.36054114490325,0 76.93173784727263,28.36040159226063,0 76.93162256377725,28.36020460421323,0 76.93157371518876,28.36008914949852,0 76.93132225068956,28.35978066069569,0 76.93131334209691,28.3597677067471,0 76.93124718926106,28.3596594641012,0 76.93119623052995,28.3595308073885,0 76.93116942929345,28.35947723575389,0 76.93110983865076,28.35935812416417,0 76.93107729807789,28.35930688996577,0 76.93102151359707,28.35921905375563,0 76.93095465468541,28.35911378048297,0 76.93086366882186,28.35892873778158,0 76.93073825322841,28.35867321056192,0 76.93070543058457,28.35856781105673,0 76.93056088446885,28.35829495651565,0 76.93046071872139,28.3580397273753,0 76.93046102235195,28.3580218095733,0 76.9303870748344,28.35769555658965,0 76.93035581975073,28.35747489381346,0 76.93024030718496,28.3569280463829,0 76.93023512749903,28.35691399404997,0 76.93013700991044,28.35665492201064,0 76.93003371353423,28.35638179614518,0 76.92995485762198,28.35623019987573,0 76.92987733211464,28.35606152163673,0 76.92984430645151,28.35583543242237,0 76.92975132273479,28.35556223962483,0 76.92974098043091,28.35551667250835,0 76.92969958426599,28.35528877576133,0 76.92965962181225,28.35517539243746,0 76.92949145000456,28.35474253369004,0 76.92932418549528,28.35430401605752,0 76.92928309565588,28.35419629276101,0 76.92916500043368,28.35381146044129,0 76.92910045019229,28.3536498830066,0 76.92904151442144,28.35346482287558,0 76.92901727697677,28.35342196881303,0 76.92897032203688,28.35322034072266,0 76.92893950353442,28.35310333130311,0 76.9288250914049,28.35266893912826,0 76.92880749251016,28.35255659021507,0 76.92879902319366,28.35250252491647,0 76.9287165237146,28.35211905965773,0 76.92868822678315,28.35200976409346,0 76.92859289037867,28.3516415367216,0 76.92857378860249,28.35156776144171,0 76.92854556802784,28.3514630924778,0 76.92842507789709,28.35101621370651,0 76.92834738799804,28.35077686540158,0 76.92834371838011,28.35076745842625,0 76.92833604676758,28.35074779065884,0 76.92825078137577,28.35052919896659,0 76.92820291195089,28.35046161466513,0 76.92795205022129,28.34990582212114,0 76.92793332843245,28.34986567513323,0 76.92791798251247,28.34983276743079,0 76.92762236761369,28.34943764968154,0 76.92760285171416,28.34940896828035,0 76.9275587210775,28.34934410997356,0 76.9275572685017,28.34934214617483,0 76.92719350920211,28.34885020079755,0 76.92717080518163,28.34881949534493,0 76.92714267533682,28.34878145247933,0 76.92698397446718,28.34853958270459,0 76.92694483487024,28.34848357289185,0 76.92681267742057,28.3482944519982,0 76.92676079971291,28.34822021268972,0 76.92668121077536,28.34810619725265,0 76.92655621559346,28.34796378688554,0 76.92642809696933,28.34781644304243,0 76.92639405620996,28.34777451248221,0 76.92613953743883,28.34750015574644,0 76.9259224694319,28.34725904439616,0 76.92548287166107,28.34674087391407,0 76.92536750102916,28.34659073360437,0 76.92508217633198,28.346219419113,0 76.92469916703419,28.34569646987746,0 76.92455229518018,28.345485005396,0 76.92438688569196,28.34516755054069,0 76.92420997956472,28.34482311982007,0 76.92417418259899,28.34475342332135,0 76.92415514550147,28.3447046290248,0 76.92412764896895,28.34463415290268,0 76.92396742994646,28.344092399704,0 76.92377733116095,28.34355316661786,0 76.9236682119051,28.34300709899194,0 76.92356816293864,28.3424602663909,0 76.92356121716487,28.34241785854696,0 76.923335054614,28.34192466351863,0 76.92306381011058,28.34139227821592,0 76.92297122704247,28.3411616685138,0 76.92284348840566,28.34085559547565,0 76.92265499311299,28.34031622577945,0 76.9226372028771,28.34028258614188,0 76.92246432120236,28.3400701028055,0 76.92228969859258,28.33979177607951,0 76.92194208651026,28.33926583340726,0 76.92183697823211,28.33907316661355,0 76.92168982969699,28.33886325840068,0 76.92161045994837,28.33877452527685,0 76.92158528556084,28.33874066455747,0 76.92128578634681,28.33841018713317,0 76.9211605953322,28.338272045989,0 76.92111781037184,28.33822483478306,0 76.92085635930165,28.33795735982991,0 76.92061639503476,28.33771186629564,0 76.92032296304214,28.33739212452656,0 76.92018284651905,28.33723944323267,0 76.92013902939448,28.33719686726389,0 76.9198033595155,28.33680721507642,0 76.91969932562245,28.33667868880984,0 76.9194259152809,28.33636242053306,0 76.91925538359894,28.33616086758673,0 76.91866981318773,28.33550074880689,0 76.91869215518714,28.33544127920737,0 76.9188254121747,28.33508659022673,0 76.91889053284631,28.33493465519046,0 76.9190435761263,28.33451290852813,0 76.91907247942058,28.33442267341295,0 76.91919772882568,28.33403165343146,0 76.91922637879505,28.33394221018284,0 76.91928948813869,28.33376085728145,0 76.91929303917902,28.33372992528145,0 76.91933092023623,28.33347568240253,0 76.9193032063114,28.33343521846031,0 76.91926774621388,28.33338344435922,0 76.91897293351067,28.33298082018,0 76.91891243646786,28.33292386676344,0 76.91889074574701,28.33290344768826,0 76.918884939037,28.33289763524094,0 76.91885068986849,28.33286335278591,0 76.91859780962446,28.33261023300508,0 76.91851583925308,28.33253062808517,0 76.91851193517485,28.33252683665782,0 76.91833175648506,28.33235185601012,0 76.91823925336698,28.33226202073862,0 76.9180281609533,28.33204114143881,0 76.91789400026059,28.33193466227705,0 76.91783093942595,28.33188344726696,0 76.91778116736934,28.33184302620745,0 76.91776459524895,28.33182956833174,0 76.91760170104354,28.33169727621562,0 76.91758452256035,28.33168332491803,0 76.91755876336957,28.33166216470846,0 76.91742902867625,28.33155558870015,0 76.91759515861331,28.33147773599913,0 76.91761454425715,28.33146748757821,0 76.91768994974043,28.3314276222314,0 76.91821487309018,28.33115010232503,0 76.91829907397839,28.33110558666469,0 76.91832501552717,28.33109097978665,0 76.91853707991797,28.33097157621236,0 76.91900376728449,28.3307183167127,0 76.91902044989762,28.3307090827096,0 76.91902912313171,28.33070428067973,0 76.91946191346928,28.33046469999493,0 76.91958348517163,28.33039517673261,0 76.91970884686614,28.33032348526855,0 76.92005476023429,28.33011745565882,0 76.92032012706079,28.32995504512972,0 76.92041704719512,28.32986818253639,0 76.92098704171762,28.32943742440563,0 76.92113071107765,28.32930705947957,0 76.92135650262429,28.32914214663455,0 76.92140032064721,28.32890924806135,0 76.92152482984055,28.32846272354157,0 76.92163340741233,28.32837357134069,0 76.92187285424961,28.32819492669788,0 76.9223506906071,28.32785804153588,0 76.92250741158989,28.32773004926495,0 76.92258536739025,28.32765571572024,0 76.92293594391303,28.32733701672992,0 76.92303167108466,28.32721910976994,0 76.92308148176885,28.32716127870239,0 76.92330681966629,28.32694341419525,0 76.92345048363643,28.32681304700084,0 76.92362970382382,28.32660399941604,0 76.92399976031354,28.3267826388254,0 76.92407466992675,28.32681879968421,0 76.9241147500598,28.3268406780653,0 76.92422913703649,28.32690311856701,0 76.92466509213881,28.32715616100526,0 76.92475426160885,28.32720791837157,0 76.92479121829966,28.32723239663808,0 76.92489023779677,28.32729798011421,0 76.92494462719398,28.32733400558064,0 76.92508407357384,28.32742636590436,0 76.92532743886241,28.32758755464886,0 76.92543414165017,28.3276582279031,0 76.92576048611818,28.3278743750415,0 76.92596265017623,28.32800827316077,0 76.92598942625993,28.32802600704006,0 76.9261140270814,28.32810853394537,0 76.92653658021801,28.32841152583594,0 76.92665613160926,28.32837319336925,0 76.92679285609383,28.32832935341545,0 76.92734924563135,28.32820909353376,0 76.92746998549374,28.32818299606346,0 76.92773925909343,28.32808213201647,0 76.92789661159185,28.32802319122252,0 76.92796293870083,28.3280914295068,0 76.92803979675993,28.3280946240857,0 76.92872806526938,28.32802430458146,0 76.92890751901874,28.32803520806531,0 76.92941974468195,28.32788786900134,0 76.92995738458285,28.32777814206409,0 76.93006530997773,28.3276334263217,0 76.93012044946816,28.32757656730053,0 76.93046144725507,28.32710372910851,0 76.93056910315536,28.32692484589829,0 76.93084931823519,28.32671947788189,0 76.93099337836237,28.32658124246451,0 76.93119380418035,28.32645104009254,0 76.9314571983065,28.32629050515691,0 76.93155929453349,28.32622827858891,0 76.93167644293136,28.32616308350261,0 76.93184170509588,28.32607111113132,0 76.93199919503655,28.32598151173044,0 76.93226752989673,28.32577066591572,0 76.93253023771,28.32555434053298,0 76.93272771525724,28.32540973484111,0 76.93285991223276,28.3255680316856,0 76.93295614605422,28.32569322175131,0 76.93317805148895,28.3259684089514,0 76.93331004634352,28.32613209552004,0 76.9335999964661,28.32648353673184,0 76.93377726371607,28.32669686645265,0 76.93421182732801,28.3272601106216,0 76.93424230267405,28.32730396208684,0 76.93466059510124,28.32780290565627,0 76.93467916058322,28.32782505110471,0 76.93488726789521,28.32807304723369,0 76.93497918261676,28.32817239465622,0 76.93501154801814,28.32819246987925,0 76.93528160045717,28.32835997227473,0 76.93534207863536,28.32839748396317,0 76.93554885913566,28.3285198881028,0 76.93566564371585,28.32860428470948,0 76.93570191768701,28.32863049910489,0 76.93599062633787,28.32893079785874,0 76.93603005878559,28.32897181386475,0 76.93620232331773,28.32912444536141,0 76.93630763371679,28.32924063986135,0 76.93652347911663,28.32947879288039,0 76.93653797253543,28.3294947845429,0 76.93657896535679,28.32954001253188,0 76.93685363962796,28.32977137650731,0 76.93695110144638,28.32984971438163,0 76.93721818046183,28.33006438394682,0 76.93728052444085,28.33011449361306,0 76.93750951848151,28.33032881077271,0 76.93754292143704,28.33034489719379,0 76.93760058968502,28.33034728991429,0 76.9381919479416,28.33037182518039,0 76.93827540053317,28.33037528695421,0 76.93887513378317,28.33040016696784,0 76.93895021138135,28.33040328161461,0 76.93896053212565,28.33040370939423,0 76.93954701702182,28.3306478447543,0 76.93961186191059,28.33067544635599,0 76.93969257014898,28.33070980068142,0 76.9398230378676,28.33076533594678,0 76.94003178567839,28.33088337813883,0 76.94020954879836,28.33107707585234,0 76.94026309377919,28.33114093240731,0 76.94037942560848,28.33127966320668,0 76.94042643624395,28.33133572716138,0 76.94064019665402,28.33156981201931,0 76.94085660529754,28.33180679826631,0 76.94088751542813,28.33184196981963,0 76.94090082307076,28.33185711190469,0 76.94094063730246,28.33190241637781,0 76.941300168232,28.33228724980266,0 76.9413184480497,28.3324010149607,0 76.94132854601182,28.33246386573434,0 76.94147465429783,28.33281790244258,0 76.94148756488511,28.33284918498905,0 76.9415194146535,28.33292861018109,0 76.94152828012706,28.33295072056132,0 76.94154666504765,28.33299656698894,0 76.94155551794478,28.33301864256422,0 76.94158395321676,28.33316339920638,0 76.94159418502784,28.33321549048505,0 76.94171141696906,28.33349929657487,0 76.94174132907141,28.33357171096526,0 76.94180119909012,28.33370740627373,0 76.94186469111611,28.33385130802755,0 76.94195249784185,28.33405032011413,0 76.94196170377688,28.33407118412897,0 76.94199898655613,28.33412775818893,0 76.94210069291429,28.33423801782199,0 76.94229913704876,28.33446181020139,0 76.94237642629918,28.33454897108329,0 76.94245853860436,28.33464157183163,0 76.94245946656403,28.3346426179127,0 76.94250512164172,28.3346941043804,0 76.9425419130425,28.33473624014819,0 76.94258277381151,28.33478303542125,0 76.94258410780971,28.33478456382034,0 76.94275400887433,28.3348468217502,0 76.9427684304279,28.33485266018357,0 76.94281807402547,28.33487276023735,0 76.94284661889193,28.33488431770725,0 76.94328136486189,28.33506033551754,0 76.9433310542735,28.33508045371783,0 76.94342469825196,28.33511836786484,0 76.94343032619726,28.33512093442858,0 76.94356314301031,28.33518150721244,0 76.94360798421435,28.33520190766411,0 76.94365983856581,28.33522549931367,0 76.94380936763643,28.33529352660483,0 76.94392174238689,28.33534000773115,0 76.9440942862951,28.335411376375,0 76.94439892926246,28.33552678834172,0 76.94476816559032,28.33562108741209,0 76.94540047893902,28.33575705605086,0 76.94544438140356,28.33578544621488,0 76.94571964407127,28.3359180416062,0 76.94575518861042,28.33593770105026,0 76.94611101668434,28.33613451035492,0 76.9462533125203,28.33619377794382,0 76.94628541022372,28.33623125603066,0 76.94651235610553,28.33649624233168,0 76.94679547903193,28.33683401254582,0 76.9468801066199,28.33693497423614,0 76.94690405660371,28.33696354593981,0 76.94694260960075,28.33700954086355,0 76.94695338040101,28.33703755749631,0 76.94696209675421,28.33706023235103,0 76.94759779944648,28.33760023767025,0 76.94768305855007,28.33763545316456,0 76.94807577683949,28.33787122328268,0 76.94836597759203,28.33803179844299,0 76.94839680687426,28.33806116130557,0 76.94835914320934,28.33810661098744,0 76.9482945354758,28.33817599795444,0 76.94832324832723,28.33820732478185,0 76.94836491488503,28.33825278467975,0 76.94865548754009,28.33856981031562,0 76.94868272715445,28.33865591387946,0 76.94868763015927,28.33866130538137,0 76.94871801657209,28.33869471624137,0 76.94871810011539,28.3386948032138,0 76.94913363830794,28.33910934621919,0 76.94930612472399,28.33904795022995,0 76.94992234475434,28.3387133797328,0 76.95000273768409,28.33867170096161,0 76.95038555653903,28.33845140663333,0 76.95026554251542,28.33818701504272,0 76.95004967375938,28.33779932575487,0 76.95001114411853,28.33773329333613,0 76.95000886958421,28.33772939535453,0 76.94995261258954,28.33763298154155,0 76.94974293232751,28.33721505503545,0 76.94975000476373,28.33708359982822,0 76.94975064256761,28.33707611771343,0 76.94979591047137,28.33654469803667,0 76.94980800808331,28.33631985923572,0 76.95028044736259,28.33602429380513,0 76.95121952100777,28.33552305553176,0 76.9513034353334,28.33545147743203,0 76.95144714691426,28.33531589346515,0 76.95154752825735,28.33510121078791,0 76.9515652044072,28.33508693259346,0 76.95158691309437,28.33499770846247,0 76.95177473644722,28.33464373989983,0 76.95199387776586,28.33447403031411,0 76.95221468725596,28.33432397940926,0 76.95226689105205,28.33430133797031,0 76.95260130418794,28.33403468890251,0 76.95262727627942,28.33401397906564,0 76.95269840937522,28.33396289394078,0 76.95284155861067,28.33387052901862,0 76.95297211795743,28.33376410624788,0 76.95339318348393,28.33345134394603,0 76.9536755338592,28.33326043065754,0 76.9541002267828,28.33300164882332,0 76.95436524326634,28.3330115697462,0 76.95509107752436,28.33334586643063,0 76.9558929586627,28.33297723909518,0 76.95641995532415,28.33253282466178,0 76.95660909111564,28.33237332445748,0 76.95710932696475,28.33229000462281,0 76.95757941535292,28.33221170412914,0 76.9580638309716,28.33202562853787,0 76.95848486236208,28.33186389856281,0 76.95919673680056,28.33120199453993,0 76.95988091707713,28.33105553360656,0 76.96001775295281,28.33102623997241,0 76.96020944265463,28.33103431159622,0 76.96055758204807,28.33104896829714,0 76.96074989787567,28.33105706443141,0 76.96123236864173,28.33107737474266,0 76.96143305946271,28.33108582195227,0 76.96153340217825,28.33109004595216,0 76.96162654310018,28.33109396631732,0 76.96169114724046,28.33115005646357,0 76.96175034801432,28.3312099103797,0 76.96201172991422,28.33136603519501,0 76.9620965093175,28.33149869777669,0 76.96215069389879,28.33157682325779,0 76.9622311748634,28.33169286326004,0 76.96249605749799,28.33214055394354,0 76.96256192646619,28.33225188151082,0 76.96273102803021,28.33247549383895,0 76.96295331524894,28.33281340413767,0 76.96301815923943,28.33291314406107,0 76.96324103305805,28.33337064216732,0 76.96335898993969,28.33358032481356,0 76.96350847589116,28.3338446029379,0 76.96352063997843,28.33392754518333,0 76.96368171240046,28.33447955249203,0 76.96385176258543,28.33489198657847,0 76.96391768545256,28.33503465088628,0 76.96396660051641,28.33508211731981,0 76.96437621881122,28.33559894042548,0 76.96461197626765,28.33584802457424,0 76.96489306450995,28.33616563458018,0 76.96526015116933,28.33655950736838,0 76.96543950969726,28.33673354809294,0 76.96582443510157,28.33709415844096,0 76.96591314193924,28.33717726339971,0 76.9660914126074,28.33730581199257,0 76.96657234186441,28.33767408195266,0 76.96683555812413,28.3378818782782,0 76.96723170258801,28.33816787310808,0 76.96741327186987,28.33830090750585,0 76.96754555059211,28.33845653169309,0 76.96788260657154,28.33882673714719,0 76.96800958433526,28.33902103076729,0 76.96804525374024,28.3390713987075,0 76.96842921076068,28.33958369727362,0 76.96852340091483,28.3396830197031,0 76.9686142996418,28.33983180116212,0 76.96888792198577,28.34014797372103,0 76.96916870480085,28.34045148236311,0 76.96935748036793,28.34071269625661,0 76.96981160299856,28.34126708371598,0 76.96995543944524,28.34140511106683,0 76.97030403338617,28.34184243987847,0 76.97045718266739,28.34203053969368,0 76.97054369851408,28.34212046948807,0 76.97069481580614,28.34240390628513,0 76.97094707172107,28.34295965981798,0 76.97101812217184,28.34312639653768,0 76.97107848446734,28.34326805122932,0 76.97118566426052,28.343514849101,0 76.97136402925179,28.34388287537242,0 76.97142340609543,28.34407000148548,0 76.97150192154621,28.34418890252865,0 76.97169360585815,28.34462649264086,0 76.97174135131552,28.34470691389847,0 76.97187071230967,28.3451791448399,0 76.97198261454631,28.34556006173272,0 76.97176682035042,28.34572021178348,0 76.97163165623951,28.34583582838608,0 76.97118291990732,28.34624148798767,0 76.97091391041236,28.34648031839388,0 76.97059901317601,28.34676276242394,0 76.97019456019409,28.34715594130783,0 76.97005097437739,28.3472855142946,0 76.96948109933081,28.34771647123685,0 76.96935687490343,28.34780224008192,0 76.96891271189436,28.34815644387781,0 76.96876526332193,28.34832318983212,0 76.96828980749993,28.34884892874969,0 76.96803872568306,28.34913851491144,0 76.96783826213586,28.34937565328817,0 76.96777586785115,28.34940696890676,0 76.96774429027228,28.34948499899845,0 76.96761848750496,28.34962058385449,0 76.96731496653338,28.34989941767277,0 76.96690798120065,28.3502577744656,0 76.9667233333923,28.350420358716,0 76.966701832216,28.35044387267207,0 76.96659638167972,28.350559184506,0 76.96644775990754,28.35069158278737,0 76.96616586048654,28.35094270836614,0 76.96597882046463,28.35110319182428,0 76.96587625531707,28.35124888040718,0 76.96587002190731,28.3512549258577,0 76.96576997833075,28.35135194552745,0 76.96565150671445,28.3514668357955,0 76.9653268223331,28.35179308578501,0 76.96531525472719,28.35180441373243,0 76.96515494677148,28.35196139845208,0 76.96511923065408,28.35199022225513,0 76.96509226053431,28.35201632652642,0 76.96474325067338,28.35235412802501,0 76.96463648500355,28.3524574624426,0 76.96457882573871,28.35251327093926,0 76.96448207358937,28.35260110874504,0 76.96443518153154,28.35264368012034,0 76.96419611288496,28.3529034829323,0 76.96407258016035,28.35303772818156,0 76.96397383824264,28.353115745328,0 76.96381907828214,28.35323802216998,0 76.96373606137348,28.3533036141001,0 76.96373501303952,28.35330444259618,0 76.96371575405816,28.35331915551582,0 76.96322040504418,28.35354790316757,0 76.963052106574,28.35361942954546,0 76.9630147546245,28.3536353037353,0 76.96288100625848,28.35369215355362,0 76.96236770351524,28.35391032923188,0 76.96231470560842,28.35393285660543,0 76.96219636694278,28.3539698035115,0 76.96196673869154,28.35404149482892,0 76.96187135557467,28.35407485578978,0 76.96168222517306,28.35414100453605,0 76.96161808905505,28.35416343699547,0 76.96149927607895,28.35420681409817,0 76.9613740617081,28.35426186038282,0 76.96110311185214,28.35437898157304,0 76.96099763077316,28.35442159571526,0 76.96063137056382,28.3545632392933,0 76.96031328430824,28.35471633285275,0 76.96021777452891,28.35476230190647,0 76.95996390074814,28.35487506193705,0 76.95960460158398,28.3550346469354,0 76.95951791865062,28.35506126272591,0 76.95951763118973,28.35506135205654,0 76.95936538022379,28.35512745908031,0 76.95898899330626,28.35529088411798,0 76.95894493453486,28.35532560677747,0 76.95888533850228,28.35537257322171,0 76.95881410749014,28.35542615562367,0 76.95864474900792,28.3555403489761,0 76.95849482557691,28.35564279884912,0 76.9584339629198,28.35569045291582,0 76.95836620659115,28.35574350471066,0 76.95826418672095,28.35582338235973,0 76.95815400206317,28.35590965375805,0 76.95810244325743,28.35594937868921,0 76.95794285215732,28.35605670336125,0 76.95773242270033,28.35624185225671,0 76.95748914095508,28.3564559064252,0 76.95729867745362,28.35678970876828,0 76.95704603795805,28.35716349857269,0 76.95699565055543,28.35720030680385,0 76.95691073999815,28.3572729746037,0 76.95688773773701,28.35729121585476,0 76.95688191216236,28.35730082146312,0 76.95678571157859,28.35739586721522,0 76.95665174492194,28.35752822456003,0 76.95647227859618,28.35763199979346,0 76.95626483244425,28.35779214902873,0 76.95623081683772,28.35781840839567,0 76.95608990889887,28.35792718809783,0 76.95594051457554,28.35804251868176,0 76.95578461465293,28.35814893372802,0 76.95565938411244,28.35825703008841,0 76.9555508855924,28.3583506828925,0 76.95544677983415,28.35844054511161,0 76.95542247681243,28.3584615221217,0 76.95539105643873,28.35844128107778,0 76.95538446999107,28.3584370384027,0 76.95536091346939,28.35842186453357,0 76.95535847723832,28.35845635613021,0</coordinates></LinearRing></outerBoundaryIs>
        </Polygon>
      </MultiGeometry>
    </Placemark>
    <Placemark id="ID_00003">
      <name>Naurangpur</name>
      <Snippet></Snippet>
      <description><![CDATA[<html xmlns:fo="http://www.w3.org/1999/XSL/Format" xmlns:msxsl="urn:schemas-microsoft-com:xslt">

<head>

<META http-equiv="Content-Type" content="text/html">

<meta http-equiv="content-type" content="text/html; charset=UTF-8">

</head>

<body style="margin:0px 0px 0px 0px;overflow:auto;background:#FFFFFF;">

<table style="font-family:Arial,Verdana,Times;font-size:12px;text-align:left;width:100%;border-collapse:collapse;padding:3px 3px 3px 3px">

<tr style="text-align:center;font-weight:bold;background:#9CBCE2">

<td>Gurgaon</td>

</tr>

<tr>

<td>

<table style="font-family:Arial,Verdana,Times;font-size:12px;text-align:left;width:100%;border-spacing:0px; padding:3px 3px 3px 3px">

<tr>

<td>FID</td>

<td>3</td>

</tr>

<tr bgcolor="#D4E4F3">

<td>OBJECTID_1</td>

<td>219</td>

</tr>

<tr>

<td>OBJECTID_2</td>

<td>1629</td>

</tr>

<tr bgcolor="#D4E4F3">

<td>N_D_CODE</td>

<td>05</td>

</tr>

<tr>

<td>N_D_NAME</td>

<td>Gurgaon</td>

</tr>

<tr bgcolor="#D4E4F3">

<td>N_T_CODE</td>

<td>116</td>

</tr>

<tr>

<td>N_T_NAME</td>

<td>Manesar</td>

</tr>

<tr bgcolor="#D4E4F3">

<td>N_V_CODE</td>

<td>01193</td>

</tr>

<tr>

<td>N_V_NAME</td>

<td>Naurangpur</td>

</tr>

<tr bgcolor="#D4E4F3">

<td>Pin_Code</td>

<td>122051</td>

</tr>

<tr>

<td>HADBAST_NO</td>

<td>157</td>

</tr>

<tr bgcolor="#D4E4F3">

<td>Census_200</td>

<td>00598400</td>

</tr>

<tr>

<td>Census_201</td>

<td>062907</td>

</tr>

<tr bgcolor="#D4E4F3">

<td>Shape_Leng</td>

<td>12694.973907</td>

</tr>

<tr>

<td>B_Code</td>

<td></td>

</tr>

<tr bgcolor="#D4E4F3">

<td>B_Name</td>

<td></td>

</tr>

<tr>

<td>GP_Code</td>

<td></td>

</tr>

<tr bgcolor="#D4E4F3">

<td>GP_Name</td>

<td></td>

</tr>

<tr>

<td>LGD_Code</td>

<td>62907</td>

</tr>

<tr bgcolor="#D4E4F3">

<td>Shape_Le_1</td>

<td>12694.973907</td>

</tr>

<tr>

<td>Shape_Ar_1</td>

<td>7248159.42817</td>

</tr>

<tr bgcolor="#D4E4F3">

<td>SHAPE_Le_2</td>

<td>12694.973907</td>

</tr>

<tr>

<td>Unique__ID</td>

<td>05//116//01193</td>

</tr>

<tr bgcolor="#D4E4F3">

<td>District1</td>

<td>GGM</td>

</tr>

<tr>

<td>Unique_ID2</td>

<td>GGM62907</td>

</tr>

<tr bgcolor="#D4E4F3">

<td>GlobalID</td>

<td>{5AA294CA-987F-4671-BDA7-F2EB16328C90}</td>

</tr>

<tr>

<td>UQ</td>

<td>Gurgaon/157</td>

</tr>

<tr bgcolor="#D4E4F3">

<td>LGD_HARTRO</td>

<td>62917</td>

</tr>

<tr>

<td>LGD_HARSAC</td>

<td>62907</td>

</tr>

<tr bgcolor="#D4E4F3">

<td>HARTRON_LG</td>

<td></td>

</tr>

<tr>

<td>HARTRON__1</td>

<td></td>

</tr>

<tr bgcolor="#D4E4F3">

<td>HARTRON__2</td>

<td></td>

</tr>

<tr>

<td>HARTORN_LG</td>

<td></td>

</tr>

<tr bgcolor="#D4E4F3">

<td>New_block</td>

<td>Gurgaon</td>

</tr>

<tr>

<td>Shape_Le_3</td>

<td>14488.89705</td>

</tr>

</table>

</td>

</tr>

</table>

</body>

</html>

]]></description>
      <styleUrl>#PolyStyle00</styleUrl>
      <MultiGeometry>
        <Polygon>
          <extrude>0</extrude><altitudeMode>clampToGround</altitudeMode>
          <outerBoundaryIs><LinearRing><coordinates> 76.96736990929278,28.37033856501202,0 76.96714801643448,28.37058863790502,0 76.96693001956952,28.37072047688041,0 76.9668068569508,28.37079496208249,0 76.9665030467217,28.37097900555651,0 76.96647618439977,28.37100917976198,0 76.96618447807083,28.37133684855408,0 76.96612797493776,28.3714003173111,0 76.96583883868887,28.37167938083925,0 76.9658360727761,28.37168205085382,0 76.9656533671254,28.37185838943864,0 76.96511824610053,28.37231090064801,0 76.96499697353717,28.37240922816619,0 76.96414636148958,28.373120637506,0 76.9639692343768,28.37322096556997,0 76.96356898910368,28.37344767298973,0 76.96272409303621,28.37390140806713,0 76.9629935615703,28.37441641560641,0 76.96310599201632,28.37460280974411,0 76.96316874472883,28.37471574866392,0 76.96330035151121,28.37495260938143,0 76.9633949306359,28.37514109631234,0 76.96349433640862,28.37534904615325,0 76.96365244618681,28.37567979905199,0 76.96371012701121,28.37577240107947,0 76.96375149981992,28.37599507921845,0 76.96376259850527,28.37605480985155,0 76.96380003220148,28.3762199596763,0 76.96381619019847,28.3763048226377,0 76.96387724689173,28.37662549526272,0 76.96388770687489,28.37668043586485,0 76.96355497089367,28.37686786852782,0 76.96346760613902,28.37691708116548,0 76.96284227449669,28.37728406532438,0 76.96278501588046,28.37731766873636,0 76.96277112523124,28.37732675088728,0 76.96248970730724,28.37751074113984,0 76.96213167746254,28.37774481747388,0 76.96210322512253,28.37776341956542,0 76.96202702373195,28.37782421066569,0 76.96205442055148,28.37786947972008,0 76.9622679150602,28.37837305910479,0 76.96227001891461,28.37837801942271,0 76.96228296992606,28.3784085685266,0 76.96231490054282,28.37850366176393,0 76.96233057524626,28.37858127291308,0 76.96236745917346,28.37876390236046,0 76.96237107489249,28.37878180559509,0 76.96241221683418,28.37881996100422,0 76.96224366414079,28.37883167097205,0 76.96215254981817,28.37883800175195,0 76.9621662167869,28.37887406822139,0 76.96224389410952,28.37907906033848,0 76.96233321000496,28.37931476134455,0 76.96233934010846,28.3793309399298,0 76.96222126734416,28.3793855037117,0 76.96211900852211,28.37943276063311,0 76.96198255802368,28.3794958175136,0 76.96185982749465,28.37955253492589,0 76.96183183868531,28.37956826139232,0 76.96168460840353,28.37965098534938,0 76.96159119080049,28.37970347270919,0 76.96088296352205,28.38003204251701,0 76.9607651162349,28.38008516987188,0 76.96067943222815,28.38011521740217,0 76.96008169054315,28.3804405794943,0 76.95975385397345,28.3806244078566,0 76.95972016894696,28.3805807064449,0 76.95969992810696,28.38055444638804,0 76.95961885425426,28.38032000242009,0 76.95960388472837,28.38027671423536,0 76.95953287739673,28.38007137588865,0 76.95951380256999,28.37998630728825,0 76.95941841496152,28.37956088896932,0 76.95941021693625,28.37953087921895,0 76.9593839879266,28.3794358762128,0 76.95938264045368,28.37943099260878,0 76.9593733509753,28.37939734402576,0 76.95926003838369,28.37897233907293,0 76.95925369268453,28.37894854058519,0 76.95922786522178,28.37887866495062,0 76.95921683840167,28.37884882888634,0 76.95921703513274,28.37881667468875,0 76.95921706387881,28.378811874044,0 76.95919805013752,28.37878613044456,0 76.95906458563911,28.37860542003255,0 76.95902154915048,28.37855101076021,0 76.95884252210089,28.37832467307238,0 76.9584802270552,28.37786663202872,0 76.95839778417002,28.37776268531399,0 76.95795481592026,28.37720416589038,0 76.95795220631436,28.37720066612449,0 76.95783271061863,28.37704045054411,0 76.95773498918707,28.37690552431877,0 76.95768973835128,28.37684304603304,0 76.95754265718982,28.37663996546551,0 76.95730083251195,28.37630606906442,0 76.95713666449547,28.37607939541678,0 76.95709470508687,28.37602145975166,0 76.95691192936761,28.37576909016775,0 76.95672858321812,28.37551874573826,0 76.95663732247009,28.37539413605619,0 76.95651870083513,28.37523216783168,0 76.95645371401251,28.37515218781334,0 76.95629525029808,28.37495716834198,0 76.95624416400618,28.37489429608537,0 76.95624407327634,28.37487140879159,0 76.9561693738689,28.37469467685835,0 76.95616098270581,28.37467994951328,0 76.95600191712013,28.3744007832232,0 76.95596657739686,28.37433876109974,0 76.95586278245571,28.37415659352738,0 76.95582185341472,28.37409536639836,0 76.95565264135789,28.37384223424156,0 76.95564007302876,28.3738234314919,0 76.95519348546674,28.37327970344075,0 76.95517912589693,28.37326221977079,0 76.95503219116083,28.37308332340611,0 76.95469731808754,28.37271581174104,0 76.95467657958088,28.37269305044209,0 76.95454409065289,28.3725476465933,0 76.95438725288912,28.37238918896512,0 76.95433768385175,28.37233910714934,0 76.95436983006418,28.37215811306258,0 76.95439658548659,28.37200747201178,0 76.95445078354264,28.37169864161785,0 76.95437418150341,28.37161260041728,0 76.95424486722165,28.37146735317054,0 76.95391920457496,28.37107179348343,0 76.95390088702798,28.37104954481277,0 76.95343763212418,28.37048685534698,0 76.9532740983183,28.37028821901727,0 76.95297438171194,28.3699241644778,0 76.95292029235205,28.36985846504479,0 76.95262897768859,28.36950514384819,0 76.95251050068239,28.36936144770193,0 76.95221699233298,28.3690054634631,0 76.95231260092696,28.3689430548253,0 76.95232127505938,28.36893739295186,0 76.95228867879096,28.3688484976264,0 76.95228740408157,28.36884501971698,0 76.9522814114203,28.36882867433174,0 76.95211468679851,28.36835898787159,0 76.95206898950003,28.36824332386683,0 76.95200090528633,28.36807100024063,0 76.95198529077007,28.36804435609474,0 76.95187682458939,28.3678592870705,0 76.9518434934991,28.36780241559346,0 76.95170835723594,28.36755444582745,0 76.95161896857695,28.36737729067382,0 76.95160707667924,28.36730298487494,0 76.95159810340787,28.36724690986916,0 76.95158848155286,28.36719553087507,0 76.95158285540424,28.36716548679915,0 76.95150555986562,28.36675272670212,0 76.95156645306548,28.36670024321017,0 76.95162553616001,28.36662280122001,0 76.95196979752636,28.36617156604768,0 76.95197377257149,28.36616489382627,0 76.9520374792948,28.36605795088859,0 76.95211071444835,28.36593501218391,0 76.95213626882321,28.3658879421208,0 76.95223320422889,28.36572010367625,0 76.95228002442153,28.36563903830254,0 76.952282040241,28.36563531445555,0 76.95228740947147,28.36562539737057,0 76.95229077725547,28.36555990316644,0 76.95229232595101,28.36552976535325,0 76.95229673488242,28.3654439966014,0 76.9523148709697,28.36517840115325,0 76.95225674458094,28.36509271827775,0 76.95222087125839,28.36502452589665,0 76.95220209467229,28.36498883255977,0 76.95219897751825,28.36498290804174,0 76.9521836037505,28.36458076173419,0 76.95218220956517,28.36454427778204,0 76.95218531773607,28.36448381185837,0 76.95221048224212,28.36443853472073,0 76.95222379347797,28.3644145827838,0 76.95224114084444,28.36438336961,0 76.952272119247,28.36421926533015,0 76.95231269525009,28.36400431619574,0 76.95233073970918,28.36390289014786,0 76.95240900991989,28.3634629416564,0 76.95241431896324,28.36335966538005,0 76.95243446009023,28.36296786659943,0 76.95243698525447,28.36291874155811,0 76.95243552010223,28.36281726309162,0 76.95243050301137,28.36246982018471,0 76.95245727190854,28.36237422247648,0 76.952481138349,28.36227453788556,0 76.95248837158366,28.362244324834,0 76.95258655924084,28.36183421111543,0 76.95260926056639,28.3617307253561,0 76.95264339924215,28.36157510207435,0 76.952844710799,28.36131312529325,0 76.95285483660888,28.36129994782298,0 76.95291039471427,28.36118463184514,0 76.95305520313808,28.36088406696902,0 76.95309558779998,28.36076454669155,0 76.95310163346181,28.36074318516583,0 76.95312837810447,28.36064869338593,0 76.95321966310702,28.36058427987985,0 76.95329594893926,28.36053044949428,0 76.95366206092655,28.36024261215641,0 76.95377935574983,28.36011899953405,0 76.95381279912954,28.3600884823172,0 76.95396972582652,28.35994528408279,0 76.95393933043057,28.35985852585368,0 76.95405700074966,28.35971358425218,0 76.95419281164757,28.35955644419934,0 76.95420601239066,28.35954117009631,0 76.95428635231977,28.35944821398602,0 76.95441094685306,28.35930405126222,0 76.95451207469618,28.35918704222389,0 76.95458551466558,28.35912940167978,0 76.95487083307457,28.35890261860922,0 76.95516514811109,28.35866868410309,0 76.9552249579427,28.35864085894627,0 76.95535467197479,28.35851071958147,0 76.95535833710115,28.35845836165747,0 76.95535847723832,28.35845635613021,0 76.95536091346939,28.35842186453357,0 76.95538446999107,28.3584370384027,0 76.95539105643873,28.35844128107778,0 76.95542247681243,28.3584615221217,0 76.95544677983415,28.35844054511161,0 76.9555508855924,28.3583506828925,0 76.95565938411244,28.35825703008841,0 76.95578461465293,28.35814893372802,0 76.95594051457554,28.35804251868176,0 76.95608990889887,28.35792718809783,0 76.95623081683772,28.35781840839567,0 76.95626483244425,28.35779214902873,0 76.95647227859618,28.35763199979346,0 76.95665174492194,28.35752822456003,0 76.95678571157859,28.35739586721522,0 76.95688191216236,28.35730082146312,0 76.95688773773701,28.35729121585476,0 76.95691073999815,28.3572729746037,0 76.95699565055543,28.35720030680385,0 76.95704603795805,28.35716349857269,0 76.95729867745362,28.35678970876828,0 76.95748914095508,28.3564559064252,0 76.95773242270033,28.35624185225671,0 76.95794285215732,28.35605670336125,0 76.95810244325743,28.35594937868921,0 76.95815400206317,28.35590965375805,0 76.95826418672095,28.35582338235973,0 76.95836620659115,28.35574350471066,0 76.9584339629198,28.35569045291582,0 76.95849482557691,28.35564279884912,0 76.95864474900792,28.3555403489761,0 76.95881410749014,28.35542615562367,0 76.95888533850228,28.35537257322171,0 76.95894493453486,28.35532560677747,0 76.95898899330626,28.35529088411798,0 76.95936538022379,28.35512745908031,0 76.95951763118973,28.35506135205654,0 76.95951791865062,28.35506126272591,0 76.95960460158398,28.3550346469354,0 76.95996390074814,28.35487506193705,0 76.96021777452891,28.35476230190647,0 76.96031328430824,28.35471633285275,0 76.96063137056382,28.3545632392933,0 76.96099763077316,28.35442159571526,0 76.96110311185214,28.35437898157304,0 76.9613740617081,28.35426186038282,0 76.96149927607895,28.35420681409817,0 76.96161808905505,28.35416343699547,0 76.96168222517306,28.35414100453605,0 76.96187135557467,28.35407485578978,0 76.96196673869154,28.35404149482892,0 76.96219636694278,28.3539698035115,0 76.96231470560842,28.35393285660543,0 76.96236770351524,28.35391032923188,0 76.96288100625848,28.35369215355362,0 76.9630147546245,28.3536353037353,0 76.963052106574,28.35361942954546,0 76.96322040504418,28.35354790316757,0 76.96371575405816,28.35331915551582,0 76.96373501303952,28.35330444259618,0 76.96373606137348,28.3533036141001,0 76.96381907828214,28.35323802216998,0 76.96397383824264,28.353115745328,0 76.96407258016035,28.35303772818156,0 76.96419611288496,28.3529034829323,0 76.96443518153154,28.35264368012034,0 76.96448207358937,28.35260110874504,0 76.96457882573871,28.35251327093926,0 76.96463648500355,28.3524574624426,0 76.96474325067338,28.35235412802501,0 76.96509226053431,28.35201632652642,0 76.96511923065408,28.35199022225513,0 76.96515494677148,28.35196139845208,0 76.96531525472719,28.35180441373243,0 76.9653268223331,28.35179308578501,0 76.96565150671445,28.3514668357955,0 76.96576997833075,28.35135194552745,0 76.96587002190731,28.3512549258577,0 76.96587625531707,28.35124888040718,0 76.96597882046463,28.35110319182428,0 76.96616586048654,28.35094270836614,0 76.96644775990754,28.35069158278737,0 76.96659638167972,28.350559184506,0 76.966701832216,28.35044387267207,0 76.9667233333923,28.350420358716,0 76.96690798120065,28.3502577744656,0 76.96731496653338,28.34989941767277,0 76.96761848750496,28.34962058385449,0 76.96774429027228,28.34948499899845,0 76.96777586785115,28.34940696890676,0 76.96783826213586,28.34937565328817,0 76.96803872568306,28.34913851491144,0 76.96828980749993,28.34884892874969,0 76.96876526332193,28.34832318983212,0 76.96891271189436,28.34815644387781,0 76.96935687490343,28.34780224008192,0 76.96948109933081,28.34771647123685,0 76.97005097437739,28.3472855142946,0 76.97019456019409,28.34715594130783,0 76.97059901317601,28.34676276242394,0 76.97091391041236,28.34648031839388,0 76.97118291990732,28.34624148798767,0 76.97163165623951,28.34583582838608,0 76.97176682035042,28.34572021178348,0 76.97198261454631,28.34556006173272,0 76.97218791641964,28.34566668061662,0 76.97280389120996,28.34611882518056,0 76.97305337133068,28.3463361167151,0 76.97323958041098,28.34648601783284,0 76.97338877710494,28.34659506134697,0 76.97368177790621,28.34669504448596,0 76.97411111422153,28.34682062867775,0 76.9745213397775,28.34692523817933,0 76.9747107351821,28.34697353417025,0 76.97477505725141,28.34697484735158,0 76.97485842001144,28.34696853522629,0 76.97491021058251,28.3469500850653,0 76.97508034520912,28.34690360901886,0 76.97520686662868,28.34688779707041,0 76.97534383814995,28.3468853130131,0 76.97556628257384,28.34688127938458,0 76.97599581562021,28.3469096642039,0 76.97603379998368,28.34690882933312,0 76.97624778137931,28.34690412686011,0 76.97660795011271,28.34687697379034,0 76.97672261646545,28.34686859582763,0 76.97681981238256,28.34686149388896,0 76.97690526462395,28.3468552505389,0 76.97704282993163,28.34694637400284,0 76.97715441865621,28.34702029005725,0 76.97724851808057,28.34707228125123,0 76.97729720137906,28.34711324598065,0 76.97734022259634,28.34714911846854,0 76.97738635018786,28.34716722626715,0 76.97741769150983,28.34717693319704,0 76.97751440143834,28.34720688489685,0 76.97766692998371,28.34723865416585,0 76.97770327132851,28.34723922734712,0 76.97780120655912,28.34724117141987,0 76.97800237528385,28.34723764694798,0 76.97810838187726,28.34724088996812,0 76.97816651635085,28.3472426688065,0 76.9783509521568,28.34721164506988,0 76.97863548184496,28.34718940879061,0 76.97874525956591,28.34718816676549,0 76.97879696389872,28.34718758172501,0 76.97888120700775,28.34718662905773,0 76.97897486715593,28.34717044794338,0 76.97939213730032,28.34705176132727,0 76.97948343308266,28.3470166778218,0 76.9795968004715,28.34697311278211,0 76.97978934806446,28.34693252116051,0 76.97996338946425,28.34687852415216,0 76.98016953665227,28.346825581774,0 76.98019023114146,28.34682026737449,0 76.98036230972232,28.34685036227307,0 76.98067590709647,28.34690520602551,0 76.98086115947096,28.34694149522836,0 76.98093895986278,28.34695673477662,0 76.98109645429503,28.34699592782345,0 76.98134653179541,28.34705816199439,0 76.98147197882987,28.34709083100608,0 76.98155364916393,28.34710557087631,0 76.98171200777549,28.34713415170341,0 76.98220266668535,28.34722270628494,0 76.98228433162951,28.34723510439481,0 76.98236915684684,28.34724964896812,0 76.98244279085239,28.34726330886397,0 76.98247950050647,28.34727591726728,0 76.98251275254503,28.34729749180089,0 76.98256182930562,28.34731446269961,0 76.98281319319348,28.34739231644525,0 76.98303472403074,28.34745097927407,0 76.98317128681855,28.34747779777623,0 76.98331100269301,28.34750767902843,0 76.98353948020237,28.34751392392127,0 76.98369944949323,28.34751913788082,0 76.98384230767454,28.34754953063475,0 76.98434091308143,28.34762040328068,0 76.98445415740109,28.34763649973316,0 76.984693224251,28.34766866733182,0 76.98484361390764,28.34768285212657,0 76.98538917694938,28.34774129342942,0 76.98553007141351,28.34775811562607,0 76.98560963699485,28.34776508231376,0 76.98570425474711,28.34776305444794,0 76.98580052539944,28.34776365134412,0 76.98592846256389,28.34776461902746,0 76.98609607382286,28.34778371416905,0 76.98626211392839,28.34779373806949,0 76.98639902346594,28.34779412387777,0 76.98648855316038,28.34779672966478,0 76.98653935468633,28.34779820727882,0 76.98673653039964,28.34783162158967,0 76.98682788008088,28.34784221075767,0 76.98692699300281,28.34785424354251,0 76.98712942386051,28.34787065066147,0 76.98727286415013,28.34787278920785,0 76.98742817837116,28.34786794130893,0 76.9877043672019,28.34785168361115,0 76.98791210710293,28.34785471631552,0 76.98810649264897,28.34785977609322,0 76.98817354020683,28.34785529344643,0 76.98858814325317,28.34784980121561,0 76.98905696232183,28.34785166542757,0 76.98938184612916,28.34786271471712,0 76.98955551832137,28.34787246427531,0 76.98958064779312,28.34787249985184,0 76.98981091294991,28.34787282162203,0 76.98984719680253,28.34787363592988,0 76.98988090788022,28.34787500918496,0 76.98993082995551,28.34787848857206,0 76.98998206536773,28.34788207468873,0 76.99003343732387,28.34788701982957,0 76.99012872971092,28.34791067032807,0 76.99021813094632,28.34794019569309,0 76.99064591137954,28.34808165580438,0 76.99075480246333,28.34812131409261,0 76.99092637439441,28.34817709245415,0 76.99113616245425,28.34824223450399,0 76.99135420962486,28.34830710534254,0 76.99155452225513,28.34838349419456,0 76.9918317836743,28.34848194428549,0 76.99196483943925,28.34853018343693,0 76.99230091984828,28.34893839897672,0 76.99252424462119,28.34902833873376,0 76.99299291546784,28.34972398734072,0 76.99304888051003,28.34980705632942,0 76.99311444854266,28.34994080268798,0 76.99345607065867,28.35063763907742,0 76.99380523053823,28.35153596975096,0 76.99375006948823,28.35210608105746,0 76.9936491707155,28.35228522860721,0 76.99329357800016,28.35291657922744,0 76.99328081024505,28.3529247630276,0 76.99204203256994,28.35371878311995,0 76.99190410524119,28.35380718991207,0 76.99171895886788,28.3539258602817,0 76.99087587919395,28.35446623283492,0 76.98997158202837,28.35504378633125,0 76.98944167752035,28.35535364703814,0 76.98917308304704,28.35514124998227,0 76.98897434157021,28.35528308549073,0 76.98808522323799,28.35591761360743,0 76.98762218931972,28.35631166928063,0 76.98753744225583,28.35638663970274,0 76.98655970871404,28.35704278832305,0 76.98614954873511,28.35731385634578,0 76.98605398865014,28.35735782584143,0 76.98587738795011,28.35744644462433,0 76.98578823195479,28.35749118323961,0 76.98578168862628,28.35749445993886,0 76.98550758927688,28.35763173497013,0 76.98519890478907,28.35777363355454,0 76.98519373408628,28.35777642644905,0 76.98507386648804,28.35784118474298,0 76.98503615790735,28.35786090099887,0 76.98495995831337,28.35789590266025,0 76.98466887002533,28.35800233445431,0 76.98457783924603,28.35805276928185,0 76.98450978826997,28.3580904720666,0 76.98442827244615,28.35813563570684,0 76.98415130208114,28.35828794783118,0 76.98407398767789,28.35833046396179,0 76.98397844106765,28.35838282827299,0 76.98382887247115,28.35857285767575,0 76.98379516319009,28.35861568436274,0 76.98377385515158,28.35864275617017,0 76.98376091491988,28.35866073868917,0 76.98368769773266,28.35871446567567,0 76.98363115237879,28.35875185202175,0 76.98339760118469,28.3589303765043,0 76.98330617155341,28.35898554049679,0 76.98314831959169,28.35907576344001,0 76.98308733835692,28.35911061845715,0 76.98301177477018,28.35915798006087,0 76.98279329281497,28.35929491855719,0 76.98271952316387,28.35933790226332,0 76.98261901425998,28.35940418685894,0 76.98258915066668,28.3594238814809,0 76.98257578553186,28.35943488371696,0 76.98246678665025,28.35952461853764,0 76.98242235328135,28.3595611974947,0 76.98223883735028,28.35969082411667,0 76.98221382106624,28.35971079457066,0 76.98207795087951,28.35981925929509,0 76.98187170577512,28.35998672367917,0 76.98178700722022,28.360071217023,0 76.98168530715029,28.36017267123807,0 76.98158511804664,28.36026133668188,0 76.98142849048865,28.36039995039865,0 76.9814049061192,28.36042082267596,0 76.98139193085322,28.36043388009988,0 76.98129989935067,28.36052649306223,0 76.98110877648578,28.36070416635933,0 76.98106962970235,28.36074055756273,0 76.98100106578828,28.36081127911472,0 76.98078416037639,28.36103500838868,0 76.98072356901049,28.36109159496304,0 76.9806443295176,28.36116559761001,0 76.98049739478151,28.36130282046418,0 76.98043340239391,28.36136099973252,0 76.98039786863453,28.36139330625168,0 76.98034723599187,28.36142767909983,0 76.98026497187141,28.36147846327691,0 76.98010853206131,28.36160765674153,0 76.98010184679899,28.36161317829919,0 76.98004270441561,28.36165796258753,0 76.9798574125152,28.3617982716548,0 76.97981426912708,28.36183093771209,0 76.97975069894767,28.36188167426705,0 76.97975010695788,28.36188214697757,0 76.9797117273357,28.36191277908961,0 76.97951868926262,28.36206685015527,0 76.97947378427818,28.36207353212016,0 76.97944259836477,28.36209118047354,0 76.97921211761235,28.36226012184778,0 76.97913785658275,28.3623171227723,0 76.97906983255618,28.36236933650609,0 76.97897828075399,28.36243961035066,0 76.97894548955119,28.36246515081065,0 76.9789118009314,28.36249139163094,0 76.9785134529001,28.36301100296119,0 76.97851214495307,28.36301306610725,0 76.9783950809968,28.36319760764066,0 76.97816530901513,28.36355982448411,0 76.97814546343388,28.3635911090427,0 76.97807486753065,28.36381604504,0 76.97802612494331,28.36397135359055,0 76.97798710392399,28.36414004613604,0 76.97772226081533,28.36426208973883,0 76.9770381793534,28.36457647029565,0 76.97632097071877,28.36490100974697,0 76.97571610359695,28.36514641197089,0 76.97555534558528,28.36510676636606,0 76.97520417168283,28.3653135248898,0 76.9751162311081,28.36536530002508,0 76.97502368397257,28.36541978878254,0 76.97498706145507,28.36543818277309,0 76.97467823503344,28.36559329765882,0 76.97439965488742,28.36575366648556,0 76.97435810600888,28.3657791642538,0 76.97430793779522,28.36580995096097,0 76.97430411276875,28.36581229861696,0 76.97406839663482,28.36595694969715,0 76.97393381283558,28.36604394165851,0 76.97383059012124,28.36610438060826,0 76.97362296700119,28.36628724416756,0 76.97361840445787,28.36629126283061,0 76.97356467532241,28.36633187076433,0 76.97330294667282,28.36652968294601,0 76.97311357911597,28.36672576209311,0 76.97307790252445,28.3667627037559,0 76.97301579659899,28.36683729765654,0 76.97297611352131,28.36688184023444,0 76.9729445943329,28.36691721833614,0 76.97294085734131,28.36692141245487,0 76.97289712376002,28.36697732480039,0 76.97274969584888,28.36715576825926,0 76.97293161996527,28.3673944346319,0 76.97295434644363,28.36742425020453,0 76.97298166151649,28.36746008579261,0 76.97304128719347,28.36749789115508,0 76.97295657606217,28.3675856058993,0 76.97268686857622,28.3678648731191,0 76.97259857586191,28.36797111311502,0 76.97246765449405,28.36812864541378,0 76.97227988504012,28.36831005345015,0 76.97223975999134,28.36834881968197,0 76.97212480527936,28.36845987848687,0 76.97173261430105,28.36878698841058,0 76.97155708259621,28.36891297409378,0 76.97110280455702,28.36924744311411,0 76.97096225055444,28.36934893440196,0 76.97064012816828,28.36955983915299,0 76.97007939437803,28.36985637278605,0 76.96971529282031,28.36964714986482,0 76.96935463540342,28.36991687437923,0 76.9691552821739,28.37006105904628,0 76.96893039523073,28.37025233774933,0 76.96863879130969,28.37046563410211,0 76.96856192426746,28.3705164771878,0 76.96849581994064,28.37057240660902,0 76.96823701620563,28.37075899087808,0 76.96815279196122,28.37082504465169,0 76.96776195204907,28.37054608400237,0 76.96741875967794,28.37028351046607,0 76.96736990929278,28.37033856501202,0</coordinates></LinearRing></outerBoundaryIs>
        </Polygon>
      </MultiGeometry>
    </Placemark>
    <Placemark id="ID_00004">
      <name>Shikohpur &#38; Rampura</name>
      <Snippet></Snippet>
      <description><![CDATA[<html xmlns:fo="http://www.w3.org/1999/XSL/Format" xmlns:msxsl="urn:schemas-microsoft-com:xslt">

<head>

<META http-equiv="Content-Type" content="text/html">

<meta http-equiv="content-type" content="text/html; charset=UTF-8">

</head>

<body style="margin:0px 0px 0px 0px;overflow:auto;background:#FFFFFF;">

<table style="font-family:Arial,Verdana,Times;font-size:12px;text-align:left;width:100%;border-collapse:collapse;padding:3px 3px 3px 3px">

<tr style="text-align:center;font-weight:bold;background:#9CBCE2">

<td>Gurgaon</td>

</tr>

<tr>

<td>

<table style="font-family:Arial,Verdana,Times;font-size:12px;text-align:left;width:100%;border-spacing:0px; padding:3px 3px 3px 3px">

<tr>

<td>FID</td>

<td>4</td>

</tr>

<tr bgcolor="#D4E4F3">

<td>OBJECTID_1</td>

<td>220</td>

</tr>

<tr>

<td>OBJECTID_2</td>

<td>1630</td>

</tr>

<tr bgcolor="#D4E4F3">

<td>N_D_CODE</td>

<td>05</td>

</tr>

<tr>

<td>N_D_NAME</td>

<td>Gurgaon</td>

</tr>

<tr bgcolor="#D4E4F3">

<td>N_T_CODE</td>

<td>116</td>

</tr>

<tr>

<td>N_T_NAME</td>

<td>Manesar</td>

</tr>

<tr bgcolor="#D4E4F3">

<td>N_V_CODE</td>

<td>01194</td>

</tr>

<tr>

<td>N_V_NAME</td>

<td>Shikohpur &amp; Rampura</td>

</tr>

<tr bgcolor="#D4E4F3">

<td>Pin_Code</td>

<td>122004</td>

</tr>

<tr>

<td>HADBAST_NO</td>

<td>160</td>

</tr>

<tr bgcolor="#D4E4F3">

<td>Census_200</td>

<td>00607800</td>

</tr>

<tr>

<td>Census_201</td>

<td>062921</td>

</tr>

<tr bgcolor="#D4E4F3">

<td>Shape_Leng</td>

<td>14219.649512</td>

</tr>

<tr>

<td>B_Code</td>

<td>477</td>

</tr>

<tr bgcolor="#D4E4F3">

<td>B_Name</td>

<td>GURGAON</td>

</tr>

<tr>

<td>GP_Code</td>

<td>29310</td>

</tr>

<tr bgcolor="#D4E4F3">

<td>GP_Name</td>

<td>RAMPURA</td>

</tr>

<tr>

<td>LGD_Code</td>

<td>62921</td>

</tr>

<tr bgcolor="#D4E4F3">

<td>Shape_Le_1</td>

<td>14219.649512</td>

</tr>

<tr>

<td>Shape_Ar_1</td>

<td>9503576.87544</td>

</tr>

<tr bgcolor="#D4E4F3">

<td>SHAPE_Le_2</td>

<td>14219.649512</td>

</tr>

<tr>

<td>Unique__ID</td>

<td>05//116//01194</td>

</tr>

<tr bgcolor="#D4E4F3">

<td>District1</td>

<td>GGM</td>

</tr>

<tr>

<td>Unique_ID2</td>

<td>GGM62921</td>

</tr>

<tr bgcolor="#D4E4F3">

<td>GlobalID</td>

<td>{F1A422C8-8062-431E-8B2A-624908BF08DD}</td>

</tr>

<tr>

<td>UQ</td>

<td>Gurgaon/160</td>

</tr>

<tr bgcolor="#D4E4F3">

<td>LGD_HARTRO</td>

<td>62921</td>

</tr>

<tr>

<td>LGD_HARSAC</td>

<td>62921</td>

</tr>

<tr bgcolor="#D4E4F3">

<td>HARTRON_LG</td>

<td></td>

</tr>

<tr>

<td>HARTRON__1</td>

<td></td>

</tr>

<tr bgcolor="#D4E4F3">

<td>HARTRON__2</td>

<td></td>

</tr>

<tr>

<td>HARTORN_LG</td>

<td></td>

</tr>

<tr bgcolor="#D4E4F3">

<td>New_block</td>

<td>Gurgaon</td>

</tr>

<tr>

<td>Shape_Le_3</td>

<td>16306.742943</td>

</tr>

</table>

</td>

</tr>

</table>

</body>

</html>

]]></description>
      <styleUrl>#PolyStyle00</styleUrl>
      <MultiGeometry>
        <Polygon>
          <extrude>0</extrude><altitudeMode>clampToGround</altitudeMode>
          <outerBoundaryIs><LinearRing><coordinates> 76.97175026260311,28.3945611143287,0 76.97172370481006,28.3945769310274,0 76.97137995728008,28.3941512836,0 76.97137811303877,28.39414899979084,0 76.97136469849664,28.39413030969559,0 76.97128071140749,28.39401329639572,0 76.97127923727207,28.39401025947878,0 76.97110710119904,28.39365540900332,0 76.97106946089032,28.39358938604412,0 76.97094955107123,28.39337905380351,0 76.97082782935027,28.39319316919029,0 76.97071725033203,28.39306602617775,0 76.97070161605284,28.39304902308296,0 76.97062845995104,28.39296946032206,0 76.97058924309898,28.39292680713438,0 76.97053676172347,28.39286973019772,0 76.97050896245869,28.39283949662057,0 76.97048120092315,28.39280930254758,0 76.97047140748992,28.39279865148511,0 76.97045533662948,28.39277932420575,0 76.97043040209215,28.39274933874314,0 76.97035583833031,28.39265966679678,0 76.97033108974421,28.39262839871367,0 76.97032000273697,28.39261439141237,0 76.9702843917225,28.39256939892065,0 76.97026701560993,28.39254744478417,0 76.97023319853108,28.39250943893182,0 76.97009462800861,28.39235370749198,0 76.97003261820286,28.39228455034397,0 76.9700058367293,28.39225468169981,0 76.96998281201027,28.39222900300425,0 76.96992851064796,28.39216844222512,0 76.96975824756225,28.39196990340095,0 76.96974083551711,28.39194959841664,0 76.96960728657709,28.39183500802546,0 76.96948504203657,28.3917099970955,0 76.96929323555375,28.39151347179823,0 76.96928725457057,28.39150658621876,0 76.96925495833949,28.39146941372319,0 76.96919302039896,28.39139376554438,0 76.96916868413963,28.39137211146551,0 76.9690912664301,28.3914318516136,0 76.96860432834215,28.39179776531163,0 76.9684972015496,28.39184027670632,0 76.9682627394638,28.39193331665189,0 76.96822841483677,28.39193358217991,0 76.96799954476363,28.39201945911572,0 76.96746240073276,28.39227254235344,0 76.96704974703059,28.39238119268844,0 76.96662847219665,28.3924116942939,0 76.96655236602744,28.39241720397488,0 76.9664192087529,28.39244640480515,0 76.96586767281282,28.39256734978383,0 76.96546498591874,28.39262186329038,0 76.9651829382757,28.39271447265064,0 76.96487515210319,28.3928255660019,0 76.96467015026714,28.39288627181246,0 76.96463599093015,28.39289976383179,0 76.96449943982041,28.39296117371639,0 76.96381640938743,28.39324574151581,0 76.96366605207012,28.39333281461958,0 76.96313374546702,28.39356018078719,0 76.96293835650283,28.3936522219288,0 76.96278686012175,28.39371617913901,0 76.96245100339323,28.39386872704081,0 76.96189790887617,28.39414053705267,0 76.96176859549269,28.39420443944132,0 76.96170036485361,28.39423879770665,0 76.96089430026096,28.39464469743487,0 76.96086227262614,28.39460874617337,0 76.9607180328359,28.39442098530826,0 76.96060554040614,28.39426907118712,0 76.96017050967023,28.39374949206401,0 76.96005434852086,28.3935997477958,0 76.9600044345304,28.39352520906788,0 76.95985168050791,28.39329709445685,0 76.95979374456196,28.39322636927358,0 76.95956426812603,28.39294623079793,0 76.95951995962297,28.39289715203999,0 76.95954307866509,28.39284975650267,0 76.95960482795941,28.39272316230613,0 76.95958889454123,28.39269706488827,0 76.95958637656346,28.39269294054103,0 76.95955167284743,28.39263609976515,0 76.95939234225874,28.39237513140509,0 76.95919613582764,28.39200228594686,0 76.95890805599748,28.3915896406759,0 76.95879682929396,28.39137915747773,0 76.95874140952913,28.39127428201059,0 76.95869014806577,28.39110932474789,0 76.95865220682143,28.3909872298449,0 76.95860188679248,28.39086475073011,0 76.95856280828097,28.39072593341437,0 76.95851871178033,28.3905737097428,0 76.95851358868825,28.39055602582389,0 76.95850764723095,28.39031198080341,0 76.95848306573153,28.39014885469151,0 76.95846729850165,28.39003079541261,0 76.95845391180731,28.389930547263,0 76.95845059792221,28.38977174022389,0 76.95845092760391,28.38970443459456,0 76.95846432687468,28.38959530576786,0 76.95846798122128,28.38948471164939,0 76.95847176223029,28.38937027981105,0 76.95849391738014,28.38917366403543,0 76.95852226192233,28.38914696670944,0 76.95858347492241,28.38908930925031,0 76.95867754829557,28.38900070267152,0 76.95890624858716,28.38882729530461,0 76.95922976066706,28.38861370869808,0 76.95925756711834,28.38848389455278,0 76.95926769652148,28.38845233204117,0 76.959359679515,28.38816568634622,0 76.95939310492841,28.38799984860378,0 76.95946885536475,28.38762402178362,0 76.9594822528389,28.38756775046301,0 76.95952164665904,28.38740228875627,0 76.95959764592871,28.38708307678605,0 76.95963652411589,28.38692510240847,0 76.95967486421222,28.38676930902463,0 76.95965822651483,28.38653963009323,0 76.95965799205456,28.38650930698719,0 76.95965775669596,28.38647898308218,0 76.95965752223564,28.3864486599588,0 76.95965728777537,28.38641833603645,0 76.95965705241676,28.38638801289569,0 76.95965304952387,28.38632076755217,0 76.95963353991253,28.38599305653462,0 76.95965055759724,28.38578034225025,0 76.95965652061412,28.38570580829822,0 76.959677065983,28.3854489838613,0 76.95967968277542,28.38529750577957,0 76.95968535922971,28.38496890328663,0 76.95968648661537,28.38490366128019,0 76.9596908488344,28.38476741890959,0 76.95962246727834,28.38463940355668,0 76.95953745071985,28.38448024322326,0 76.95942306464147,28.38434833046348,0 76.95900447038028,28.38378730720594,0 76.95891476641266,28.38372793420203,0 76.95877016100813,28.38372262876316,0 76.95837698637456,28.38321861797113,0 76.95831652885764,28.38312754303515,0 76.95823333587917,28.38300221756127,0 76.95822669463426,28.38299221200228,0 76.95812947536096,28.38284575848822,0 76.95800652294803,28.38266597019695,0 76.95800188404787,28.3826591867859,0 76.95788042643159,28.38248209558265,0 76.95769371968463,28.38220986604439,0 76.95763104871882,28.3820999099261,0 76.95756834361706,28.38199303837523,0 76.95749380321141,28.38186599573906,0 76.95744709620652,28.38181235476669,0 76.95749852565486,28.38176885775165,0 76.95786215739366,28.38156272009976,0 76.95820156246756,28.38136296879051,0 76.95823536427508,28.38134529598078,0 76.95879751470852,28.38105136940104,0 76.95884438520677,28.38102608948629,0 76.95890277031036,28.38099460062764,0 76.95935948098732,28.38077391754154,0 76.95960250132282,28.38065648958463,0 76.95971810551673,28.38059183847511,0 76.95972016894696,28.3805807064449,0 76.95975385397345,28.3806244078566,0 76.96008169054315,28.3804405794943,0 76.96067943222815,28.38011521740217,0 76.9607651162349,28.38008516987188,0 76.96088296352205,28.38003204251701,0 76.96159119080049,28.37970347270919,0 76.96168460840353,28.37965098534938,0 76.96183183868531,28.37956826139232,0 76.96185982749465,28.37955253492589,0 76.96198255802368,28.3794958175136,0 76.96211900852211,28.37943276063311,0 76.96222126734416,28.3793855037117,0 76.96233934010846,28.3793309399298,0 76.96233321000496,28.37931476134455,0 76.96224389410952,28.37907906033848,0 76.9621662167869,28.37887406822139,0 76.96215254981817,28.37883800175195,0 76.96224366414079,28.37883167097205,0 76.96241221683418,28.37881996100422,0 76.96237107489249,28.37878180559509,0 76.96236745917346,28.37876390236046,0 76.96233057524626,28.37858127291308,0 76.96231490054282,28.37850366176393,0 76.96228296992606,28.3784085685266,0 76.96227001891461,28.37837801942271,0 76.9622679150602,28.37837305910479,0 76.96205442055148,28.37786947972008,0 76.96202702373195,28.37782421066569,0 76.96210322512253,28.37776341956542,0 76.96213167746254,28.37774481747388,0 76.96248970730724,28.37751074113984,0 76.96277112523124,28.37732675088728,0 76.96278501588046,28.37731766873636,0 76.96284227449669,28.37728406532438,0 76.96346760613902,28.37691708116548,0 76.96355497089367,28.37686786852782,0 76.96388770687489,28.37668043586485,0 76.96387724689173,28.37662549526272,0 76.96381619019847,28.3763048226377,0 76.96380003220148,28.3762199596763,0 76.96376259850527,28.37605480985155,0 76.96375149981992,28.37599507921845,0 76.96371012701121,28.37577240107947,0 76.96365244618681,28.37567979905199,0 76.96349433640862,28.37534904615325,0 76.9633949306359,28.37514109631234,0 76.96330035151121,28.37495260938143,0 76.96316874472883,28.37471574866392,0 76.96310599201632,28.37460280974411,0 76.9629935615703,28.37441641560641,0 76.96272409303621,28.37390140806713,0 76.96356898910368,28.37344767298973,0 76.9639692343768,28.37322096556997,0 76.96414636148958,28.373120637506,0 76.96499697353717,28.37240922816619,0 76.96511824610053,28.37231090064801,0 76.9656533671254,28.37185838943864,0 76.9658360727761,28.37168205085382,0 76.96583883868887,28.37167938083925,0 76.96612797493776,28.3714003173111,0 76.96618447807083,28.37133684855408,0 76.96647618439977,28.37100917976198,0 76.9665030467217,28.37097900555651,0 76.9668068569508,28.37079496208249,0 76.96693001956952,28.37072047688041,0 76.96714801643448,28.37058863790502,0 76.96736990929278,28.37033856501202,0 76.96741875967794,28.37028351046607,0 76.96776195204907,28.37054608400237,0 76.96815279196122,28.37082504465169,0 76.96823701620563,28.37075899087808,0 76.96849581994064,28.37057240660902,0 76.96856192426746,28.3705164771878,0 76.96863879130969,28.37046563410211,0 76.96893039523073,28.37025233774933,0 76.9691552821739,28.37006105904628,0 76.96935463540342,28.36991687437923,0 76.96971529282031,28.36964714986482,0 76.97007939437803,28.36985637278605,0 76.97064012816828,28.36955983915299,0 76.97096225055444,28.36934893440196,0 76.97110280455702,28.36924744311411,0 76.97155708259621,28.36891297409378,0 76.97173261430105,28.36878698841058,0 76.97212480527936,28.36845987848687,0 76.97223975999134,28.36834881968197,0 76.97227988504012,28.36831005345015,0 76.97246765449405,28.36812864541378,0 76.97259857586191,28.36797111311502,0 76.97268686857622,28.3678648731191,0 76.97295657606217,28.3675856058993,0 76.97304128719347,28.36749789115508,0 76.97298166151649,28.36746008579261,0 76.97295434644363,28.36742425020453,0 76.97293161996527,28.3673944346319,0 76.97274969584888,28.36715576825926,0 76.97289712376002,28.36697732480039,0 76.97294085734131,28.36692141245487,0 76.9729445943329,28.36691721833614,0 76.97297611352131,28.36688184023444,0 76.97301579659899,28.36683729765654,0 76.97307790252445,28.3667627037559,0 76.97311357911597,28.36672576209311,0 76.97330294667282,28.36652968294601,0 76.97356467532241,28.36633187076433,0 76.97361840445787,28.36629126283061,0 76.97362296700119,28.36628724416756,0 76.97383059012124,28.36610438060826,0 76.97393381283558,28.36604394165851,0 76.97406839663482,28.36595694969715,0 76.97430411276875,28.36581229861696,0 76.97430793779522,28.36580995096097,0 76.97435810600888,28.3657791642538,0 76.97439965488742,28.36575366648556,0 76.97467823503344,28.36559329765882,0 76.97498706145507,28.36543818277309,0 76.97502368397257,28.36541978878254,0 76.9751162311081,28.36536530002508,0 76.97520417168283,28.3653135248898,0 76.97555534558528,28.36510676636606,0 76.97571610359695,28.36514641197089,0 76.97632097071877,28.36490100974697,0 76.9770381793534,28.36457647029565,0 76.97772226081533,28.36426208973883,0 76.97798710392399,28.36414004613604,0 76.97802612494331,28.36397135359055,0 76.97807486753065,28.36381604504,0 76.97814546343388,28.3635911090427,0 76.97816530901513,28.36355982448411,0 76.9783950809968,28.36319760764066,0 76.97851214495307,28.36301306610725,0 76.9785134529001,28.36301100296119,0 76.9789118009314,28.36249139163094,0 76.97894548955119,28.36246515081065,0 76.97897828075399,28.36243961035066,0 76.97906983255618,28.36236933650609,0 76.97913785658275,28.3623171227723,0 76.97921211761235,28.36226012184778,0 76.97944259836477,28.36209118047354,0 76.97947378427818,28.36207353212016,0 76.97951868926262,28.36206685015527,0 76.9797117273357,28.36191277908961,0 76.97975010695788,28.36188214697757,0 76.97975069894767,28.36188167426705,0 76.97981426912708,28.36183093771209,0 76.9798574125152,28.3617982716548,0 76.98004270441561,28.36165796258753,0 76.98010184679899,28.36161317829919,0 76.98010853206131,28.36160765674153,0 76.98026497187141,28.36147846327691,0 76.98034723599187,28.36142767909983,0 76.98039786863453,28.36139330625168,0 76.98043340239391,28.36136099973252,0 76.98049739478151,28.36130282046418,0 76.9806443295176,28.36116559761001,0 76.98072356901049,28.36109159496304,0 76.98078416037639,28.36103500838868,0 76.98100106578828,28.36081127911472,0 76.98106962970235,28.36074055756273,0 76.98110877648578,28.36070416635933,0 76.98129989935067,28.36052649306223,0 76.98139193085322,28.36043388009988,0 76.9814049061192,28.36042082267596,0 76.98142849048865,28.36039995039865,0 76.98158511804664,28.36026133668188,0 76.98168530715029,28.36017267123807,0 76.98178700722022,28.360071217023,0 76.98187170577512,28.35998672367917,0 76.98207795087951,28.35981925929509,0 76.98221382106624,28.35971079457066,0 76.98223883735028,28.35969082411667,0 76.98242235328135,28.3595611974947,0 76.98246678665025,28.35952461853764,0 76.98257578553186,28.35943488371696,0 76.98258915066668,28.3594238814809,0 76.98261901425998,28.35940418685894,0 76.98271952316387,28.35933790226332,0 76.98279329281497,28.35929491855719,0 76.98301177477018,28.35915798006087,0 76.98308733835692,28.35911061845715,0 76.98314831959169,28.35907576344001,0 76.98330617155341,28.35898554049679,0 76.98339760118469,28.3589303765043,0 76.98363115237879,28.35875185202175,0 76.98368769773266,28.35871446567567,0 76.98376091491988,28.35866073868917,0 76.98377385515158,28.35864275617017,0 76.98379516319009,28.35861568436274,0 76.98382887247115,28.35857285767575,0 76.98397844106765,28.35838282827299,0 76.98407398767789,28.35833046396179,0 76.98415130208114,28.35828794783118,0 76.98442827244615,28.35813563570684,0 76.98450978826997,28.3580904720666,0 76.98457783924603,28.35805276928185,0 76.98466887002533,28.35800233445431,0 76.98495995831337,28.35789590266025,0 76.98503615790735,28.35786090099887,0 76.98507386648804,28.35784118474298,0 76.98519373408628,28.35777642644905,0 76.98519890478907,28.35777363355454,0 76.98550758927688,28.35763173497013,0 76.98578168862628,28.35749445993886,0 76.98578823195479,28.35749118323961,0 76.98587738795011,28.35744644462433,0 76.98605398865014,28.35735782584143,0 76.98614954873511,28.35731385634578,0 76.98655970871404,28.35704278832305,0 76.98753744225583,28.35638663970274,0 76.98762218931972,28.35631166928063,0 76.98808522323799,28.35591761360743,0 76.98897434157021,28.35528308549073,0 76.98917308304704,28.35514124998227,0 76.98944167752035,28.35535364703814,0 76.98997158202837,28.35504378633125,0 76.99087587919395,28.35446623283492,0 76.99171895886788,28.3539258602817,0 76.99192678860042,28.35455040091749,0 76.99197631451868,28.3546818115815,0 76.99212489047677,28.35511356777846,0 76.99225591335423,28.35549077858903,0 76.99242314552414,28.35598279675923,0 76.99246081727394,28.35612876086527,0 76.99252541512601,28.35640839499689,0 76.99258781120733,28.3567067337813,0 76.99265421377481,28.3570388285989,0 76.9927366683381,28.35741711637035,0 76.99280658691161,28.35778815771191,0 76.99282021794774,28.35788742754304,0 76.99277217784295,28.3579804364036,0 76.99272976568346,28.35806255031547,0 76.99244823726667,28.3585562782982,0 76.99224338634761,28.35889927555075,0 76.99195704835078,28.35938710880297,0 76.99174897427646,28.35978005754307,0 76.99154268515464,28.36014110978774,0 76.99152898494823,28.3601650887756,0 76.99168642458324,28.36051853592992,0 76.99171571325478,28.36058428936578,0 76.99186520279952,28.36096790269915,0 76.99189934866176,28.36103486847158,0 76.99193253781826,28.36109995678409,0 76.99198097857163,28.36118129755396,0 76.99234143746085,28.36175639167409,0 76.99238443262701,28.36179120233417,0 76.99283986769625,28.36208594588656,0 76.99286817810244,28.36210134135792,0 76.99310895624299,28.36218860445375,0 76.99333367879446,28.36227004794255,0 76.99355571538324,28.36248222046657,0 76.99344644700703,28.36271278228647,0 76.99315485296749,28.36325013950295,0 76.99300029602622,28.36348866367911,0 76.99282742243632,28.36375545380686,0 76.99275905345667,28.36381886465155,0 76.99271914490186,28.36445646329651,0 76.99274342816062,28.36537361092003,0 76.99269720534767,28.36728109269539,0 76.99273629104569,28.36750229471852,0 76.99300864227352,28.36904357970536,0 76.99387750808771,28.36992380246271,0 76.99419044340344,28.37020528936197,0 76.99424665188909,28.37114885440726,0 76.99427678946854,28.37198716083364,0 76.99472386032419,28.37305832218513,0 76.99474793786874,28.37311600812071,0 76.99471143662382,28.37329534547397,0 76.99470148778204,28.37348514741256,0 76.99535784184438,28.37473640630092,0 76.99598777196266,28.3758095284937,0 76.99640298316844,28.3765420615588,0 76.99652780317886,28.3765845071459,0 76.99669674394443,28.3767180933031,0 76.99675503652155,28.37676096799337,0 76.99687070898743,28.37687832675864,0 76.99700217832756,28.37699154937077,0 76.99711834486685,28.37711925859726,0 76.99722806958722,28.37743893447465,0 76.99731784362346,28.37770048732343,0 76.99738015616144,28.37788857418816,0 76.99751113951304,28.37825073455649,0 76.99770443719923,28.37880098051562,0 76.99772054489058,28.37884683480947,0 76.99797062239095,28.37953320523179,0 76.99779817100924,28.37962110998469,0 76.99778011397372,28.37963031365281,0 76.99778253852668,28.37963688070074,0 76.99781436763381,28.37967116228076,0 76.99785361592689,28.37969492187907,0 76.99768059950486,28.37976012283045,0 76.99724545378459,28.37997525027782,0 76.9971098836352,28.38003584410338,0 76.99709776715861,28.38004125879509,0 76.99693966546526,28.38011192322337,0 76.99684872451746,28.38016214363227,0 76.9965910293035,28.38028744005826,0 76.99637099955108,28.38041690304958,0 76.99631459163943,28.38045449119131,0 76.99602529728701,28.38064726861791,0 76.99593588886509,28.38070684646544,0 76.99590715175914,28.38072599574687,0 76.99563760866489,28.38087957872316,0 76.99551628849082,28.38096551598509,0 76.99528408566798,28.38114169766589,0 76.99500269828668,28.38137306934411,0 76.9946703225299,28.38160432907975,0 76.99444162223834,28.38173553552963,0 76.99418033376323,28.38183381637513,0 76.99413444961512,28.38187923941442,0 76.99378972920968,28.38205326749355,0 76.99334495534622,28.38230121048198,0 76.99327101321857,28.38233739195265,0 76.9925762373132,28.38271242742261,0 76.99250603487206,28.38274844436428,0 76.99230661696383,28.3828455047924,0 76.99211497217773,28.38291889872949,0 76.99197839501689,28.38298720843211,0 76.9916881502469,28.38316684206493,0 76.99148708842168,28.38329546537592,0 76.99096225131021,28.38359163894971,0 76.9908474529051,28.38365875483033,0 76.9904385829069,28.38393765017243,0 76.99010223300328,28.38413669008576,0 76.98920330147489,28.38456080262243,0 76.98899424913523,28.38465446619347,0 76.98858262130911,28.38478862622877,0 76.98817563417973,28.38492393995299,0 76.98783260799691,28.3850161474459,0 76.98763253072528,28.385083050621,0 76.98732723468268,28.38520321763968,0 76.98712748709276,28.38527794715201,0 76.98661732845299,28.38547394185575,0 76.98597020008863,28.38572759235469,0 76.98588168189717,28.38575769123683,0 76.9857993108772,28.38579277379078,0 76.98572842841139,28.38583185212733,0 76.98566795472476,28.38595165791764,0 76.98541221514317,28.38603147726286,0 76.98527809307797,28.38606636214979,0 76.98496438880434,28.3861649669579,0 76.98481052446417,28.38621351932855,0 76.98431884866142,28.38639151710024,0 76.98393515664401,28.38652624948736,0 76.98303764445372,28.38699874088529,0 76.98268091267462,28.38719656905887,0 76.98235022215728,28.38739505438936,0 76.98220013523289,28.38749310791646,0 76.98206596555698,28.38756965586289,0 76.98199440396483,28.38760648910915,0 76.98153643384983,28.38789215635389,0 76.9813417886907,28.38802347909909,0 76.98099362414446,28.38823341575735,0 76.9806268330308,28.38847688154021,0 76.98055487079,28.38853882506004,0 76.98024662378175,28.38877676841735,0 76.97994703922774,28.38899769722231,0 76.97986346895688,28.38907243907553,0 76.97956481775243,28.38927268638353,0 76.97923592296736,28.38950641906255,0 76.97908225445991,28.38963605888466,0 76.97879885125916,28.38983412949396,0 76.97829593753215,28.39022358229846,0 76.97816446370045,28.39029306164236,0 76.97773614697296,28.39057715137747,0 76.97749903216217,28.39074879041728,0 76.97718505569898,28.39092211956552,0 76.97685774913535,28.39113189638146,0 76.97665514220783,28.39127971430452,0 76.97639581924656,28.3914074284511,0 76.97608930508848,28.39159234417061,0 76.97587131630839,28.39173967464939,0 76.97571213484001,28.39183102826274,0 76.97550230994921,28.3919524646961,0 76.97532437704763,28.39206319769677,0 76.97527054101265,28.39209528149565,0 76.97495741794901,28.39226434420236,0 76.97485911351083,28.39232690981372,0 76.97427381618746,28.39261543455137,0 76.97405456347776,28.39274861486883,0 76.97399335856251,28.39279664976804,0 76.97365457152951,28.39305737211176,0 76.97322034298918,28.39341545592509,0 76.97252047902603,28.394036791999,0 76.97210927340809,28.39434730141152,0 76.97175026260311,28.3945611143287,0</coordinates></LinearRing></outerBoundaryIs>
        </Polygon>
      </MultiGeometry>
    </Placemark>
    <Placemark id="ID_00005">
      <name>Sehrawan</name>
      <Snippet></Snippet>
      <description><![CDATA[<html xmlns:fo="http://www.w3.org/1999/XSL/Format" xmlns:msxsl="urn:schemas-microsoft-com:xslt">

<head>

<META http-equiv="Content-Type" content="text/html">

<meta http-equiv="content-type" content="text/html; charset=UTF-8">

</head>

<body style="margin:0px 0px 0px 0px;overflow:auto;background:#FFFFFF;">

<table style="font-family:Arial,Verdana,Times;font-size:12px;text-align:left;width:100%;border-collapse:collapse;padding:3px 3px 3px 3px">

<tr style="text-align:center;font-weight:bold;background:#9CBCE2">

<td>Gurgaon</td>

</tr>

<tr>

<td>

<table style="font-family:Arial,Verdana,Times;font-size:12px;text-align:left;width:100%;border-spacing:0px; padding:3px 3px 3px 3px">

<tr>

<td>FID</td>

<td>5</td>

</tr>

<tr bgcolor="#D4E4F3">

<td>OBJECTID_1</td>

<td>226</td>

</tr>

<tr>

<td>OBJECTID_2</td>

<td>1636</td>

</tr>

<tr bgcolor="#D4E4F3">

<td>N_D_CODE</td>

<td>05</td>

</tr>

<tr>

<td>N_D_NAME</td>

<td>Gurgaon</td>

</tr>

<tr bgcolor="#D4E4F3">

<td>N_T_CODE</td>

<td>116</td>

</tr>

<tr>

<td>N_T_NAME</td>

<td>Manesar</td>

</tr>

<tr bgcolor="#D4E4F3">

<td>N_V_CODE</td>

<td>04127</td>

</tr>

<tr>

<td>N_V_NAME</td>

<td>Sehrawan</td>

</tr>

<tr bgcolor="#D4E4F3">

<td>Pin_Code</td>

<td>122051</td>

</tr>

<tr>

<td>HADBAST_NO</td>

<td>153</td>

</tr>

<tr bgcolor="#D4E4F3">

<td>Census_200</td>

<td>00599200</td>

</tr>

<tr>

<td>Census_201</td>

<td>062913</td>

</tr>

<tr bgcolor="#D4E4F3">

<td>Shape_Leng</td>

<td>7768.577973</td>

</tr>

<tr>

<td>B_Code</td>

<td>477</td>

</tr>

<tr bgcolor="#D4E4F3">

<td>B_Name</td>

<td>GURGAON</td>

</tr>

<tr>

<td>GP_Code</td>

<td>29301</td>

</tr>

<tr bgcolor="#D4E4F3">

<td>GP_Name</td>

<td>SEHRAWAN</td>

</tr>

<tr>

<td>LGD_Code</td>

<td>62913</td>

</tr>

<tr bgcolor="#D4E4F3">

<td>Shape_Le_1</td>

<td>7768.577973</td>

</tr>

<tr>

<td>Shape_Ar_1</td>

<td>2442541.49239</td>

</tr>

<tr bgcolor="#D4E4F3">

<td>SHAPE_Le_2</td>

<td>7768.577973</td>

</tr>

<tr>

<td>Unique__ID</td>

<td>05//116//04127</td>

</tr>

<tr bgcolor="#D4E4F3">

<td>District1</td>

<td>GGM</td>

</tr>

<tr>

<td>Unique_ID2</td>

<td>GGM62913</td>

</tr>

<tr bgcolor="#D4E4F3">

<td>GlobalID</td>

<td>{944C9495-2F6F-4C50-AE38-7C6AD1E0AB06}</td>

</tr>

<tr>

<td>UQ</td>

<td>Gurgaon/153</td>

</tr>

<tr bgcolor="#D4E4F3">

<td>LGD_HARTRO</td>

<td>62913</td>

</tr>

<tr>

<td>LGD_HARSAC</td>

<td>62913</td>

</tr>

<tr bgcolor="#D4E4F3">

<td>HARTRON_LG</td>

<td></td>

</tr>

<tr>

<td>HARTRON__1</td>

<td></td>

</tr>

<tr bgcolor="#D4E4F3">

<td>HARTRON__2</td>

<td></td>

</tr>

<tr>

<td>HARTORN_LG</td>

<td></td>

</tr>

<tr bgcolor="#D4E4F3">

<td>New_block</td>

<td>Gurgaon</td>

</tr>

<tr>

<td>Shape_Le_3</td>

<td>14837.889152</td>

</tr>

</table>

</td>

</tr>

</table>

</body>

</html>

]]></description>
      <styleUrl>#PolyStyle00</styleUrl>
      <MultiGeometry>
        <Polygon>
          <extrude>0</extrude><altitudeMode>clampToGround</altitudeMode>
          <outerBoundaryIs><LinearRing><coordinates> 76.92825078137578,28.35052919896663,0 76.92833604676758,28.3507477906589,0 76.92808965235992,28.35073601039338,0 76.92745171286256,28.35070550866233,0 76.92729223405186,28.35070643995265,0 76.92657924031253,28.35065865873894,0 76.92605791741042,28.3506125448154,0 76.92586543180126,28.35059551831324,0 76.92515080582307,28.35051701864815,0 76.9247510905559,28.35048576818374,0 76.92443738987555,28.35046124151573,0 76.92402534301284,28.35042055476803,0 76.92372319149545,28.3503907194077,0 76.92360915845498,28.35038499725172,0 76.92300693597335,28.35028149716876,0 76.92228617719665,28.35008750875288,0 76.92156584691642,28.34990150162866,0 76.92110018003611,28.34976678755542,0 76.92084431019875,28.3496927651037,0 76.9201231678415,28.34949139398493,0 76.91940241984467,28.3492973898952,0 76.91868128197896,28.34909601170198,0 76.91795894126913,28.34887190308572,0 76.91723862356528,28.34868587248635,0 76.91719013609952,28.34867176372173,0 76.91704613975271,28.3486298635414,0 76.91685298310199,28.34840860953872,0 76.91657656699749,28.34804761937881,0 76.91656800695114,28.34803653611323,0 76.91617393400237,28.34752630302294,0 76.91575728459377,28.34700616684057,0 76.9157246470029,28.3469317977641,0 76.91518485114528,28.34649916788968,0 76.91462250937072,28.34606353670279,0 76.91435801031677,28.34593204421841,0 76.9140887313272,28.3458185757955,0 76.91345311487314,28.34586131591708,0 76.91298675718835,28.34555535445642,0 76.91275858959779,28.34541446812424,0 76.91267457286422,28.3453625915476,0 76.91254838202465,28.34526962381399,0 76.91243238347036,28.34518416521458,0 76.91242745800764,28.3451789408625,0 76.91229585661513,28.34503935616774,0 76.91220472702113,28.34495014830146,0 76.91212427749754,28.34482514062655,0 76.91192137592265,28.34457253082837,0 76.91189969328664,28.34454857361857,0 76.91182140690626,28.34446079319181,0 76.9116694083669,28.34428658249417,0 76.91116530886374,28.34374859245921,0 76.91090752830985,28.34360051381469,0 76.91021948887078,28.34326103364669,0 76.91009895831586,28.34320418852215,0 76.90999349340659,28.34315444871672,0 76.90953169826507,28.34293665257791,0 76.90936208555966,28.34283826692181,0 76.90909762962482,28.34268486607661,0 76.90847658564138,28.34241784668754,0 76.90815442911924,28.34218215465436,0 76.90810436870338,28.34215252095318,0 76.90765170224185,28.34186900521245,0 76.90746495237576,28.34175203783924,0 76.90718873479892,28.34155144862637,0 76.9070307355135,28.34143670892149,0 76.90690515013844,28.34137669156962,0 76.90677536424113,28.34131466754214,0 76.90671970732109,28.34126529766178,0 76.90660754547136,28.34111423088757,0 76.9065839323558,28.34108242657979,0 76.90643237488929,28.34089021690933,0 76.90623666342989,28.34059021207531,0 76.90620583953755,28.34054296157665,0 76.90615011434554,28.34045859975269,0 76.90614584555126,28.34045341470047,0 76.90597918470986,28.34025096264326,0 76.90588536735656,28.34013366220696,0 76.90583357588717,28.34006890497345,0 76.9057816856031,28.34000402594055,0 76.90552219196192,28.33975370467943,0 76.90539150595268,28.33962360383688,0 76.90538297824573,28.33961511461082,0 76.90533052651458,28.3395560205021,0 76.90525090793264,28.33946632019793,0 76.90487190512103,28.3390393905896,0 76.90486859932078,28.33903566660024,0 76.90477472986515,28.33892798237095,0 76.90463966726388,28.33877847619416,0 76.90463616113934,28.33877459564538,0 76.90460944164954,28.33874501792097,0 76.90440898528881,28.33852312186812,0 76.90419359713147,28.33828469578339,0 76.90390602035782,28.33801022439928,0 76.90388420836443,28.33798940780708,0 76.90374049678358,28.33785224416805,0 76.90353974218225,28.33762832135395,0 76.90342095076568,28.33749581902373,0 76.90313055777366,28.33717190740275,0 76.90295809830714,28.33697954042929,0 76.90292294633171,28.33694033103584,0 76.90289742878775,28.33691186764796,0 76.90249209545686,28.33650979766012,0 76.90244909939243,28.33646714628476,0 76.90241408575756,28.33643241508721,0 76.90237921944649,28.33639788312848,0 76.90235377466603,28.33637268350477,0 76.90221178066399,28.33619595546853,0 76.90218083999069,28.33608023112017,0 76.90214272626982,28.33593768286472,0 76.90207812392615,28.33569606769702,0 76.90201031010533,28.33539356465982,0 76.90199812086524,28.33533919016452,0 76.90231831187359,28.33524730954675,0 76.90298795561222,28.33498604189024,0 76.90301428882643,28.33497582385376,0 76.90370977440085,28.3346951204148,0 76.90395982405346,28.33459081198172,0 76.90440476769859,28.33440520073827,0 76.90491685232624,28.33415676394693,0 76.90509731847693,28.33406921055963,0 76.90521863685437,28.33401271553781,0 76.90578905089014,28.33371786164091,0 76.9058892202308,28.33368274526647,0 76.90610261772153,28.33393822587655,0 76.90633666298898,28.33423781619562,0 76.90642234699573,28.33434749534749,0 76.90642340521114,28.3343488505915,0 76.90644289865278,28.33437380320907,0 76.90653121202837,28.33431856317581,0 76.90668626124642,28.33422837533719,0 76.90722131399932,28.33393649504766,0 76.90726780091694,28.33390891959516,0 76.90736041991768,28.33384916682684,0 76.90739322818855,28.33382946113608,0 76.90790880636436,28.33350528610543,0 76.90816374644535,28.33335856267199,0 76.9081905440886,28.33334466456929,0 76.90825372799242,28.3333118980276,0 76.90855750049229,28.33315436309075,0 76.90859953805433,28.33313529220308,0 76.90898197332869,28.33296179433123,0 76.90915879770914,28.33288157371806,0 76.90917682060872,28.33286976933138,0 76.90926614997892,28.33281125896256,0 76.9092920358321,28.33279872554054,0 76.90983958594721,28.33253361694754,0 76.90997479497393,28.33246815214512,0 76.90998459649204,28.33246340633488,0 76.91067715176199,28.33212808369898,0 76.91068343547735,28.33212504105716,0 76.91074376004364,28.33209631386436,0 76.91104155156032,28.33188562725205,0 76.91109584663441,28.33185153424087,0 76.91136389493201,28.33168322291637,0 76.91139882143027,28.33166129176378,0 76.91150189143107,28.33160156066218,0 76.91187718330224,28.3313824369536,0 76.9120527284818,28.33127788251953,0 76.91211166964251,28.33124277799026,0 76.91217192863179,28.33120553456743,0 76.9123500681459,28.33109543546584,0 76.91270081984014,28.33087865123492,0 76.9127405038162,28.33085268726061,0 76.91293457585012,28.33072571387764,0 76.91319226477592,28.33057644760813,0 76.91321695946306,28.3305621435027,0 76.91342890437797,28.33043937323973,0 76.91353903603519,28.33037557952077,0 76.91368044164066,28.3303075063823,0 76.91390698867049,28.33050395605822,0 76.91415400920395,28.33071815856913,0 76.91449058548299,28.33101001686072,0 76.91456492556433,28.33107447993451,0 76.91470597184374,28.33119153576242,0 76.91486488112254,28.33132341496497,0 76.91489733635541,28.33134037971793,0 76.91521133886974,28.33150450792837,0 76.91530028465931,28.3315509986193,0 76.91561417039262,28.33177901904881,0 76.91563160579395,28.33179168543034,0 76.91591855464519,28.33200013610594,0 76.9161040908873,28.33213491699153,0 76.91635124796468,28.33232453712587,0 76.91637101090096,28.33233969970059,0 76.91657951437,28.33249966330819,0 76.91681097338775,28.33267723880061,0 76.91708834170653,28.3324715853854,0 76.91711092804768,28.33245483904754,0 76.91745287715044,28.33220130238189,0 76.91757993935583,28.33208658895155,0 76.91777006958229,28.33193271080784,0 76.91783093942595,28.33188344726696,0 76.91789400026059,28.33193466227714,0 76.91802816095334,28.33204114143888,0 76.91823925336698,28.3322620207386,0 76.91833175648509,28.33235185601015,0 76.91851193517488,28.33252683665786,0 76.91851583925308,28.33253062808517,0 76.91859780962446,28.3326102330051,0 76.91885068986856,28.33286335278597,0 76.91888493903704,28.33289763524096,0 76.91889074574705,28.33290344768831,0 76.91891243646786,28.33292386676349,0 76.91897293351072,28.33298082018003,0 76.91926774621392,28.33338344435919,0 76.9193032063114,28.33343521846031,0 76.91933092023623,28.3334756824026,0 76.91929303917902,28.33372992528151,0 76.91928948813869,28.33376085728143,0 76.91922637879505,28.33394221018287,0 76.91919772882568,28.33403165343157,0 76.91907247942061,28.33442267341295,0 76.9190435761263,28.3345129085281,0 76.91889053284631,28.33493465519042,0 76.91882541217474,28.33508659022671,0 76.91869215518717,28.33544127920745,0 76.91866981318773,28.33550074880689,0 76.91925538359895,28.33616086758676,0 76.9194259152809,28.33636242053309,0 76.91969932562247,28.33667868880984,0 76.9198033595155,28.33680721507649,0 76.92013902939455,28.33719686726396,0 76.9201828465191,28.33723944323269,0 76.92032296304217,28.33739212452659,0 76.92061639503476,28.33771186629568,0 76.92085635930165,28.33795735982997,0 76.92111781037184,28.33822483478309,0 76.9211605953322,28.33827204598907,0 76.92128578634681,28.33841018713319,0 76.92158528556088,28.33874066455756,0 76.9216104599484,28.33877452527685,0 76.92168982969699,28.33886325840076,0 76.92183697823212,28.3390731666136,0 76.92194208651026,28.33926583340728,0 76.92228969859258,28.33979177607957,0 76.9224643212024,28.3400701028055,0 76.92263720287713,28.34028258614188,0 76.92265499311301,28.34031622577945,0 76.92284348840566,28.34085559547567,0 76.92297122704247,28.34116166851382,0 76.92306381011062,28.34139227821596,0 76.92333505461403,28.34192466351867,0 76.92356121716487,28.34241785854696,0 76.92356816293864,28.34246026639097,0 76.9236682119051,28.34300709899201,0 76.92377733116095,28.34355316661792,0 76.92396742994646,28.344092399704,0 76.92412764896898,28.34463415290264,0 76.9241551455015,28.34470462902483,0 76.92417418259899,28.34475342332142,0 76.92420997956472,28.34482311982007,0 76.92438688569199,28.34516755054075,0 76.92455229518018,28.34548500539603,0 76.92469916703421,28.34569646987752,0 76.92508217633198,28.34621941911304,0 76.92536750102916,28.3465907336044,0 76.92548287166112,28.34674087391413,0 76.92592246943194,28.34725904439616,0 76.92613953743887,28.34750015574646,0 76.92639405620996,28.34777451248226,0 76.92642809696933,28.34781644304254,0 76.92655621559349,28.34796378688559,0 76.92668121077536,28.34810619725272,0 76.92676079971294,28.34822021268977,0 76.92681267742061,28.34829445199829,0 76.92694483487027,28.34848357289192,0 76.92698397446718,28.34853958270459,0 76.92714267533682,28.34878145247935,0 76.92717080518167,28.34881949534491,0 76.92719350920211,28.34885020079757,0 76.9275572685017,28.34934214617489,0 76.9275587210775,28.34934410997363,0 76.92760285171416,28.34940896828038,0 76.92762236761372,28.34943764968158,0 76.9279179825125,28.34983276743076,0 76.92793332843247,28.34986567513321,0 76.92795205022129,28.34990582212114,0 76.92820291195093,28.35046161466517,0 76.92825078137578,28.35052919896663,0</coordinates></LinearRing></outerBoundaryIs>
        </Polygon>
      </MultiGeometry>
    </Placemark>
    <Placemark id="ID_00006">
      <name>Nainwal</name>
      <Snippet></Snippet>
      <description><![CDATA[<html xmlns:fo="http://www.w3.org/1999/XSL/Format" xmlns:msxsl="urn:schemas-microsoft-com:xslt">

<head>

<META http-equiv="Content-Type" content="text/html">

<meta http-equiv="content-type" content="text/html; charset=UTF-8">

</head>

<body style="margin:0px 0px 0px 0px;overflow:auto;background:#FFFFFF;">

<table style="font-family:Arial,Verdana,Times;font-size:12px;text-align:left;width:100%;border-collapse:collapse;padding:3px 3px 3px 3px">

<tr style="text-align:center;font-weight:bold;background:#9CBCE2">

<td>Gurgaon</td>

</tr>

<tr>

<td>

<table style="font-family:Arial,Verdana,Times;font-size:12px;text-align:left;width:100%;border-spacing:0px; padding:3px 3px 3px 3px">

<tr>

<td>FID</td>

<td>6</td>

</tr>

<tr bgcolor="#D4E4F3">

<td>OBJECTID_1</td>

<td>227</td>

</tr>

<tr>

<td>OBJECTID_2</td>

<td>1637</td>

</tr>

<tr bgcolor="#D4E4F3">

<td>N_D_CODE</td>

<td>05</td>

</tr>

<tr>

<td>N_D_NAME</td>

<td>Gurgaon</td>

</tr>

<tr bgcolor="#D4E4F3">

<td>N_T_CODE</td>

<td>116</td>

</tr>

<tr>

<td>N_T_NAME</td>

<td>Manesar</td>

</tr>

<tr bgcolor="#D4E4F3">

<td>N_V_CODE</td>

<td>04128</td>

</tr>

<tr>

<td>N_V_NAME</td>

<td>Nainwal</td>

</tr>

<tr bgcolor="#D4E4F3">

<td>Pin_Code</td>

<td>122051</td>

</tr>

<tr>

<td>HADBAST_NO</td>

<td>155</td>

</tr>

<tr bgcolor="#D4E4F3">

<td>Census_200</td>

<td>00599500</td>

</tr>

<tr>

<td>Census_201</td>

<td>062915</td>

</tr>

<tr bgcolor="#D4E4F3">

<td>Shape_Leng</td>

<td>9360.728378</td>

</tr>

<tr>

<td>B_Code</td>

<td>477</td>

</tr>

<tr bgcolor="#D4E4F3">

<td>B_Name</td>

<td>GURGAON</td>

</tr>

<tr>

<td>GP_Code</td>

<td>29306</td>

</tr>

<tr bgcolor="#D4E4F3">

<td>GP_Name</td>

<td>NAINWAL</td>

</tr>

<tr>

<td>LGD_Code</td>

<td>62915</td>

</tr>

<tr bgcolor="#D4E4F3">

<td>Shape_Le_1</td>

<td>9360.728378</td>

</tr>

<tr>

<td>Shape_Ar_1</td>

<td>4107517.11675</td>

</tr>

<tr bgcolor="#D4E4F3">

<td>SHAPE_Le_2</td>

<td>9360.728378</td>

</tr>

<tr>

<td>Unique__ID</td>

<td>05//116//04128</td>

</tr>

<tr bgcolor="#D4E4F3">

<td>District1</td>

<td>GGM</td>

</tr>

<tr>

<td>Unique_ID2</td>

<td>GGM62915</td>

</tr>

<tr bgcolor="#D4E4F3">

<td>GlobalID</td>

<td>{386CCBEC-A4F6-48D3-89EF-8B914154AFB4}</td>

</tr>

<tr>

<td>UQ</td>

<td>Gurgaon/155</td>

</tr>

<tr bgcolor="#D4E4F3">

<td>LGD_HARTRO</td>

<td>62915</td>

</tr>

<tr>

<td>LGD_HARSAC</td>

<td>62915</td>

</tr>

<tr bgcolor="#D4E4F3">

<td>HARTRON_LG</td>

<td></td>

</tr>

<tr>

<td>HARTRON__1</td>

<td></td>

</tr>

<tr bgcolor="#D4E4F3">

<td>HARTRON__2</td>

<td></td>

</tr>

<tr>

<td>HARTORN_LG</td>

<td></td>

</tr>

<tr bgcolor="#D4E4F3">

<td>New_block</td>

<td>Gurgaon</td>

</tr>

<tr>

<td>Shape_Le_3</td>

<td>11696.69652</td>

</tr>

</table>

</td>

</tr>

</table>

</body>

</html>

]]></description>
      <styleUrl>#PolyStyle00</styleUrl>
      <MultiGeometry>
        <Polygon>
          <extrude>0</extrude><altitudeMode>clampToGround</altitudeMode>
          <outerBoundaryIs><LinearRing><coordinates> 76.94046049496961,28.31803054504078,0 76.94066124687606,28.31805666398302,0 76.94134694889873,28.31814587544834,0 76.94159230036239,28.31817779496189,0 76.94179176138975,28.31830846218266,0 76.94203628460674,28.31846865014485,0 76.9423335119814,28.31866336215421,0 76.94259041937291,28.31884131978873,0 76.94272788406924,28.31893654150821,0 76.94286790806585,28.31903353454506,0 76.94286794938834,28.3190335377083,0 76.94315997102596,28.31904862626175,0 76.94335916615201,28.31905891779271,0 76.94341294828807,28.31898435359589,0 76.94352514876537,28.31882879025497,0 76.94369488094671,28.31859346186578,0 76.9440925121224,28.31867900827936,0 76.94444075302546,28.3187539285534,0 76.94446415054533,28.31875896203873,0 76.94462525351008,28.31879362151287,0 76.94477372706022,28.31847986935075,0 76.94486362686061,28.31826727915521,0 76.94500384399498,28.3179356949828,0 76.94544613581334,28.31771590491471,0 76.94555576441398,28.31766259055725,0 76.94612494955442,28.31736339321192,0 76.94626165247941,28.31729153479509,0 76.94652403600087,28.31715787623923,0 76.94666921093729,28.31708392359417,0 76.94680382977083,28.31701534689053,0 76.94707084320925,28.31715053111493,0 76.94749358589038,28.31736455729477,0 76.94752380431821,28.31737985644237,0 76.94818159299007,28.31760143049383,0 76.94840350291638,28.31767617912949,0 76.94868988313402,28.31777264426141,0 76.94872952668581,28.31767179643356,0 76.94886174971246,28.3173354457296,0 76.94894433902309,28.31712534986137,0 76.94898157778486,28.31703061920053,0 76.9493389159268,28.31657648688918,0 76.94939166320364,28.31650945196412,0 76.94952927702032,28.31626147709916,0 76.94965849428404,28.31602863097013,0 76.94973428514459,28.31589205662532,0 76.95011111672818,28.31602254160135,0 76.95021037966875,28.31605691410649,0 76.95076882544996,28.31625028375644,0 76.95089868500914,28.31631301201212,0 76.95138707207964,28.31654892354013,0 76.95158819678691,28.31664607454699,0 76.95165744162395,28.31667952237936,0 76.95227715520248,28.31694354438675,0 76.95257150706993,28.3170689478491,0 76.95257246916563,28.31706997196017,0 76.95229864020914,28.31715137017363,0 76.95161912129056,28.31735336090486,0 76.95153784352028,28.31758173760705,0 76.95136519091594,28.31812756974576,0 76.95124125215283,28.31851473531693,0 76.95150759904131,28.31867217728502,0 76.95163861652887,28.31874993656048,0 76.9523266685443,28.31915828866503,0 76.95240970701256,28.31920757154742,0 76.95285267975389,28.3194704682935,0 76.95299705069813,28.31955652802202,0 76.95320060265331,28.31956703064765,0 76.95386997869402,28.31960156412111,0 76.95412771792543,28.31961485984939,0 76.95453935563303,28.31963609442018,0 76.95520873347037,28.3196706215448,0 76.95587811220601,28.31970514628582,0 76.95654748824671,28.31973966706163,0 76.95721686788069,28.31977418466305,0 76.95734384205115,28.31978073168971,0 76.95771828770934,28.32003937490177,0 76.95848261747219,28.32021308128656,0 76.9589547297647,28.3203203756389,0 76.95955975678667,28.32105415352886,0 76.95931158191804,28.32194295633179,0 76.95937357555414,28.32254613945774,0 76.95941603352772,28.32295924140456,0 76.95942739991104,28.3230698233991,0 76.96041983078915,28.32348126031814,0 76.96139126354748,28.32416136921722,0 76.96244626567839,28.32391504039079,0 76.96287757649073,28.32484509228983,0 76.96327486900154,28.32565518088381,0 76.96335051792823,28.32593637711761,0 76.96340056936091,28.32612241908808,0 76.96348873541281,28.32645014021952,0 76.96342114796745,28.32644693610222,0 76.96329219570676,28.32644082202614,0 76.96311217422212,28.32644499876568,0 76.96270897708493,28.32641783255923,0 76.96255612694273,28.32639142546584,0 76.96242450039739,28.3263840967945,0 76.96210902195106,28.32638333055767,0 76.9619932731284,28.32640114931831,0 76.96183185036344,28.3264663347696,0 76.96171824671764,28.32649146320279,0 76.96145486696454,28.32656141286002,0 76.96105478159153,28.32667082949863,0 76.96091857633319,28.32670399583403,0 76.96087076619713,28.32673773940473,0 76.9608288813487,28.32688944023826,0 76.96080989635348,28.32709860903637,0 76.96078017289739,28.32733227464418,0 76.96074512782153,28.32779889976984,0 76.96082509225484,28.32837402996714,0 76.9608805254944,28.32871338611493,0 76.96098750855653,28.32912999232997,0 76.96113436693581,28.32971295141236,0 76.96129522735542,28.3304773285786,0 76.96140651065282,28.33090293255836,0 76.96162654310018,28.33109396631732,0 76.96153340217825,28.33109004595216,0 76.96143305946271,28.33108582195227,0 76.96123236864173,28.33107737474266,0 76.96074989787567,28.33105706443141,0 76.96055758204807,28.33104896829714,0 76.96020944265463,28.33103431159622,0 76.96001775295281,28.33102623997241,0 76.95988091707713,28.33105553360656,0 76.95919673680056,28.33120199453993,0 76.95848486236208,28.33186389856281,0 76.9580638309716,28.33202562853787,0 76.95757941535292,28.33221170412914,0 76.95710932696475,28.33229000462281,0 76.95660909111564,28.33237332445748,0 76.95641995532415,28.33253282466178,0 76.9558929586627,28.33297723909518,0 76.95509107752436,28.33334586643063,0 76.95436524326634,28.3330115697462,0 76.9541002267828,28.33300164882332,0 76.9536755338592,28.33326043065754,0 76.95339318348393,28.33345134394603,0 76.95297211795743,28.33376410624788,0 76.95284155861067,28.33387052901862,0 76.95269840937522,28.33396289394078,0 76.95262727627942,28.33401397906564,0 76.95260130418794,28.33403468890251,0 76.95226689105205,28.33430133797031,0 76.95221468725596,28.33432397940926,0 76.95199387776586,28.33447403031411,0 76.95177473644722,28.33464373989983,0 76.95158691309437,28.33499770846247,0 76.9515652044072,28.33508693259346,0 76.95154752825735,28.33510121078791,0 76.95144714691426,28.33531589346515,0 76.9513034353334,28.33545147743203,0 76.95121952100777,28.33552305553176,0 76.95028044736259,28.33602429380513,0 76.94980800808331,28.33631985923572,0 76.94979591047137,28.33654469803667,0 76.94975064256761,28.33707611771343,0 76.94975000476373,28.33708359982822,0 76.94974293232751,28.33721505503545,0 76.94995261258954,28.33763298154155,0 76.95000886958421,28.33772939535453,0 76.95001114411853,28.33773329333613,0 76.95004967375938,28.33779932575487,0 76.95026554251542,28.33818701504272,0 76.95038555653903,28.33845140663333,0 76.95000273768409,28.33867170096161,0 76.94992234475434,28.3387133797328,0 76.94930612472399,28.33904795022995,0 76.94913363830794,28.33910934621919,0 76.94871810011539,28.3386948032138,0 76.94871801657209,28.33869471624137,0 76.94868763015927,28.33866130538137,0 76.94868272715445,28.33865591387946,0 76.94865548754009,28.33856981031562,0 76.94836491488503,28.33825278467975,0 76.94832324832723,28.33820732478185,0 76.9482945354758,28.33817599795444,0 76.94835914320934,28.33810661098744,0 76.94839680687426,28.33806116130557,0 76.94836597759203,28.33803179844299,0 76.94807577683949,28.33787122328268,0 76.94768305855007,28.33763545316456,0 76.94759779944648,28.33760023767025,0 76.94696209675421,28.33706023235103,0 76.94695338040101,28.33703755749631,0 76.94694260960075,28.33700954086355,0 76.94690405660371,28.33696354593981,0 76.9468801066199,28.33693497423614,0 76.94679547903193,28.33683401254582,0 76.94651235610553,28.33649624233168,0 76.94628541022372,28.33623125603066,0 76.9462533125203,28.33619377794382,0 76.94611101668434,28.33613451035492,0 76.94575518861042,28.33593770105026,0 76.94571964407127,28.3359180416062,0 76.94544438140356,28.33578544621488,0 76.94540047893902,28.33575705605086,0 76.94476816559032,28.33562108741209,0 76.94439892926246,28.33552678834172,0 76.9440942862951,28.335411376375,0 76.94392174238689,28.33534000773115,0 76.94380936763643,28.33529352660483,0 76.94365983856581,28.33522549931367,0 76.94360798421435,28.33520190766411,0 76.94356314301031,28.33518150721244,0 76.94343032619726,28.33512093442858,0 76.94342469825196,28.33511836786484,0 76.9433310542735,28.33508045371783,0 76.94328136486189,28.33506033551754,0 76.94284661889193,28.33488431770725,0 76.94281807402547,28.33487276023735,0 76.9427684304279,28.33485266018357,0 76.94275400887433,28.3348468217502,0 76.94258410780971,28.33478456382034,0 76.94258277381151,28.33478303542125,0 76.9425419130425,28.33473624014819,0 76.94250512164172,28.3346941043804,0 76.94245946656403,28.3346426179127,0 76.94245853860436,28.33464157183163,0 76.94237642629918,28.33454897108329,0 76.94229913704876,28.33446181020139,0 76.94210069291429,28.33423801782199,0 76.94199898655613,28.33412775818893,0 76.94196170377688,28.33407118412897,0 76.94195249784185,28.33405032011413,0 76.94186469111611,28.33385130802755,0 76.94180119909012,28.33370740627373,0 76.94174132907141,28.33357171096526,0 76.94171141696906,28.33349929657487,0 76.94159418502784,28.33321549048505,0 76.94158395321676,28.33316339920638,0 76.94155551794478,28.33301864256422,0 76.94154666504765,28.33299656698894,0 76.94152828012706,28.33295072056132,0 76.9415194146535,28.33292861018109,0 76.94148756488511,28.33284918498905,0 76.94147465429783,28.33281790244258,0 76.94132854601182,28.33246386573434,0 76.9413184480497,28.3324010149607,0 76.941300168232,28.33228724980266,0 76.94094063730246,28.33190241637781,0 76.94090082307076,28.33185711190469,0 76.94088751542813,28.33184196981963,0 76.94085660529754,28.33180679826631,0 76.94064019665402,28.33156981201931,0 76.94042643624395,28.33133572716138,0 76.94037942560848,28.33127966320668,0 76.94026309377919,28.33114093240731,0 76.94020954879836,28.33107707585234,0 76.94003178567839,28.33088337813883,0 76.9398230378676,28.33076533594678,0 76.93969257014898,28.33070980068142,0 76.93961186191059,28.33067544635599,0 76.93954701702182,28.3306478447543,0 76.93896053212565,28.33040370939423,0 76.93895021138135,28.33040328161461,0 76.93887513378317,28.33040016696784,0 76.93827540053317,28.33037528695421,0 76.9381919479416,28.33037182518039,0 76.93760058968502,28.33034728991429,0 76.93754292143704,28.33034489719379,0 76.93750951848151,28.33032881077271,0 76.93728052444085,28.33011449361306,0 76.93721818046183,28.33006438394682,0 76.93695110144638,28.32984971438163,0 76.93685363962796,28.32977137650731,0 76.93657896535679,28.32954001253188,0 76.93653797253543,28.3294947845429,0 76.93652347911663,28.32947879288039,0 76.93630763371679,28.32924063986135,0 76.93620232331773,28.32912444536141,0 76.93603005878559,28.32897181386475,0 76.93599062633787,28.32893079785874,0 76.93570191768701,28.32863049910489,0 76.93566564371585,28.32860428470948,0 76.93554885913566,28.3285198881028,0 76.93534207863536,28.32839748396317,0 76.93528160045717,28.32835997227473,0 76.93501154801814,28.32819246987925,0 76.93497918261676,28.32817239465622,0 76.93488726789521,28.32807304723369,0 76.93467916058322,28.32782505110471,0 76.93466059510124,28.32780290565627,0 76.93424230267405,28.32730396208684,0 76.93421182732801,28.3272601106216,0 76.93377726371607,28.32669686645265,0 76.9335999964661,28.32648353673184,0 76.93331004634352,28.32613209552004,0 76.93317805148895,28.3259684089514,0 76.93295614605422,28.32569322175131,0 76.93285991223276,28.3255680316856,0 76.93272771525724,28.32540973484111,0 76.93253023771,28.32555434053298,0 76.93226752989673,28.32577066591572,0 76.93199919503655,28.32598151173044,0 76.93184170509588,28.32607111113132,0 76.93167644293136,28.32616308350261,0 76.93164446739885,28.32583457863952,0 76.93165883685012,28.32528360422995,0 76.93169015032427,28.32473241108642,0 76.93170349479783,28.32424285135817,0 76.93167825932487,28.32418177178434,0 76.93164576995601,28.32414419613752,0 76.93193139558879,28.32387662880716,0 76.93304554010307,28.32353625768215,0 76.9335910860768,28.32307868956494,0 76.93445495186809,28.32262831713985,0 76.93447567510336,28.32260992206029,0 76.93473986603517,28.32170405890625,0 76.93483270063157,28.32075764493033,0 76.9348083508975,28.32054296605865,0 76.93479816849376,28.31980860024017,0 76.93462445228413,28.31904051576913,0 76.93567352104257,28.31865436434613,0 76.93657472441032,28.31888288455304,0 76.93715984746053,28.31825208214984,0 76.93801071822291,28.31774614961261,0 76.93870796000373,28.31696067197116,0 76.93941646935316,28.31682665159413,0 76.93949859333644,28.31680327175489,0 76.93950398502476,28.31681515226308,0 76.93968227815078,28.31721462537353,0 76.93992319193696,28.31775439859643,0 76.94005780987216,28.31803685493115,0 76.94040586572225,28.31804354124771,0 76.94040134000984,28.31802872300945,0 76.94046049496961,28.31803054504078,0</coordinates></LinearRing></outerBoundaryIs>
        </Polygon>
      </MultiGeometry>
    </Placemark>
    <Placemark id="ID_00007">
      <name>Lakhnola</name>
      <Snippet></Snippet>
      <description><![CDATA[<html xmlns:fo="http://www.w3.org/1999/XSL/Format" xmlns:msxsl="urn:schemas-microsoft-com:xslt">

<head>

<META http-equiv="Content-Type" content="text/html">

<meta http-equiv="content-type" content="text/html; charset=UTF-8">

</head>

<body style="margin:0px 0px 0px 0px;overflow:auto;background:#FFFFFF;">

<table style="font-family:Arial,Verdana,Times;font-size:12px;text-align:left;width:100%;border-collapse:collapse;padding:3px 3px 3px 3px">

<tr style="text-align:center;font-weight:bold;background:#9CBCE2">

<td>Gurgaon</td>

</tr>

<tr>

<td>

<table style="font-family:Arial,Verdana,Times;font-size:12px;text-align:left;width:100%;border-spacing:0px; padding:3px 3px 3px 3px">

<tr>

<td>FID</td>

<td>7</td>

</tr>

<tr bgcolor="#D4E4F3">

<td>OBJECTID_1</td>

<td>228</td>

</tr>

<tr>

<td>OBJECTID_2</td>

<td>1638</td>

</tr>

<tr bgcolor="#D4E4F3">

<td>N_D_CODE</td>

<td>05</td>

</tr>

<tr>

<td>N_D_NAME</td>

<td>Gurgaon</td>

</tr>

<tr bgcolor="#D4E4F3">

<td>N_T_CODE</td>

<td>116</td>

</tr>

<tr>

<td>N_T_NAME</td>

<td>Manesar</td>

</tr>

<tr bgcolor="#D4E4F3">

<td>N_V_CODE</td>

<td>04130</td>

</tr>

<tr>

<td>N_V_NAME</td>

<td>Lakhnola</td>

</tr>

<tr bgcolor="#D4E4F3">

<td>Pin_Code</td>

<td>122004</td>

</tr>

<tr>

<td>HADBAST_NO</td>

<td>110</td>

</tr>

<tr bgcolor="#D4E4F3">

<td>Census_200</td>

<td></td>

</tr>

<tr>

<td>Census_201</td>

<td>000000</td>

</tr>

<tr bgcolor="#D4E4F3">

<td>Shape_Leng</td>

<td>8669.508713</td>

</tr>

<tr>

<td>B_Code</td>

<td></td>

</tr>

<tr bgcolor="#D4E4F3">

<td>B_Name</td>

<td></td>

</tr>

<tr>

<td>GP_Code</td>

<td></td>

</tr>

<tr bgcolor="#D4E4F3">

<td>GP_Name</td>

<td></td>

</tr>

<tr>

<td>LGD_Code</td>

<td>934276</td>

</tr>

<tr bgcolor="#D4E4F3">

<td>Shape_Le_1</td>

<td>8669.508713</td>

</tr>

<tr>

<td>Shape_Ar_1</td>

<td>3496245.943</td>

</tr>

<tr bgcolor="#D4E4F3">

<td>SHAPE_Le_2</td>

<td>8669.508713</td>

</tr>

<tr>

<td>Unique__ID</td>

<td>05//116//04130</td>

</tr>

<tr bgcolor="#D4E4F3">

<td>District1</td>

<td>GGM</td>

</tr>

<tr>

<td>Unique_ID2</td>

<td>GGM62910</td>

</tr>

<tr bgcolor="#D4E4F3">

<td>GlobalID</td>

<td>{82A130EF-046A-4245-8377-43EE87B9DCAC}</td>

</tr>

<tr>

<td>UQ</td>

<td>Gurgaon/110</td>

</tr>

<tr bgcolor="#D4E4F3">

<td>LGD_HARTRO</td>

<td>934276</td>

</tr>

<tr>

<td>LGD_HARSAC</td>

<td>934276</td>

</tr>

<tr bgcolor="#D4E4F3">

<td>HARTRON_LG</td>

<td></td>

</tr>

<tr>

<td>HARTRON__1</td>

<td></td>

</tr>

<tr bgcolor="#D4E4F3">

<td>HARTRON__2</td>

<td></td>

</tr>

<tr>

<td>HARTORN_LG</td>

<td></td>

</tr>

<tr bgcolor="#D4E4F3">

<td>New_block</td>

<td>Gurgaon</td>

</tr>

<tr>

<td>Shape_Le_3</td>

<td>9840.186225</td>

</tr>

</table>

</td>

</tr>

</table>

</body>

</html>

]]></description>
      <styleUrl>#PolyStyle00</styleUrl>
      <MultiGeometry>
        <Polygon>
          <extrude>0</extrude><altitudeMode>clampToGround</altitudeMode>
          <outerBoundaryIs><LinearRing><coordinates> 76.94877200172739,28.39576299969098,0 76.94861202165677,28.39587158401966,0 76.94858289468198,28.39588742976142,0 76.9484663867829,28.39595081349493,0 76.94809427764275,28.39619909301983,0 76.94790656927427,28.39632433651432,0 76.94776824668679,28.39638386999227,0 76.94760927093266,28.3964649853591,0 76.94744550176814,28.39653323101776,0 76.94738126234388,28.39656766834109,0 76.9468292359237,28.39682779032008,0 76.94673566470874,28.39687012505761,0 76.94605636408079,28.39720635502979,0 76.94603045666801,28.39721798868611,0 76.94590358939705,28.39728638874341,0 76.94580693785898,28.39733849675901,0 76.94552669043982,28.39747976853208,0 76.94537709040229,28.39754463850744,0 76.94510778985314,28.39766141321348,0 76.94498806778198,28.39768473178916,0 76.94491931162845,28.39771309116564,0 76.94483858901701,28.3976921092737,0 76.94437858870948,28.39703739029129,0 76.94439821510181,28.39702674123418,0 76.94430447769854,28.39678396519988,0 76.94418912682953,28.39623676881358,0 76.94418719455338,28.39622348662997,0 76.94414677755209,28.39604594868655,0 76.94413805580901,28.39600763826903,0 76.94408847689013,28.3957898533973,0 76.94401635385094,28.3953203147845,0 76.9440127021993,28.39524139144998,0 76.94397103833641,28.39469418393839,0 76.94398062695377,28.39449748794981,0 76.94399486974258,28.39420532451568,0 76.9439975916379,28.39414948579175,0 76.94399995061383,28.39410108325108,0 76.94400215777451,28.39405581954582,0 76.94402266900737,28.39363504902447,0 76.94402414404107,28.39360478800688,0 76.94403613295687,28.39351288985936,0 76.94404736818613,28.39342676757522,0 76.94414280520189,28.3930634776103,0 76.94416585866703,28.39297269404209,0 76.94417347638067,28.39294269519988,0 76.94430298290192,28.39243271042204,0 76.94432606960471,28.39234179513063,0 76.94430395847229,28.39224555104105,0 76.9441598785822,28.39188472027523,0 76.944069024771,28.39156256147026,0 76.94400524258917,28.39133639854473,0 76.94399452029795,28.39128892723422,0 76.9439635957943,28.39120701447776,0 76.94383617066956,28.39086949788109,0 76.9438053521671,28.39078678504686,0 76.9437415574089,28.39061557123475,0 76.94372502840767,28.39058035434991,0 76.94360056502842,28.39031515533398,0 76.94359998561507,28.3903140062756,0 76.94332059788358,28.38975917875406,0 76.94322801571377,28.38956913566448,0 76.94306909924843,28.38924292594962,0 76.94304873174602,28.38913345366511,0 76.94301159808711,28.3889338707232,0 76.94294680530062,28.38858663900599,0 76.94284477105738,28.38803981836531,0 76.94284360055255,28.3880335474066,0 76.94269616904816,28.38755349987257,0 76.94266965347589,28.387490910106,0 76.94258574993003,28.38729285566654,0 76.94250942277532,28.38711268529876,0 76.94246701151413,28.38699939130112,0 76.94244264650865,28.38694051719399,0 76.94223770036814,28.38644527509189,0 76.94220386172972,28.38638978791677,0 76.94219069961417,28.38636820552372,0 76.94189728468956,28.38588706930945,0 76.94186943601744,28.3858363213155,0 76.9417318608283,28.38558562604289,0 76.94159166166023,28.38533014405349,0 76.94156263889005,28.38528364529786,0 76.94146408022863,28.38512573857706,0 76.94124306771927,28.38477163524174,0 76.94120364964459,28.38472190701143,0 76.94112042702174,28.38461691668532,0 76.94086144542027,28.38429019304213,0 76.94076865394301,28.38417313015503,0 76.94061114064613,28.38397441434183,0 76.94048730968086,28.38381051107567,0 76.94043916986308,28.38376412704077,0 76.94046670681981,28.38373924767617,0 76.94056997175498,28.38366143323693,0 76.94062564304809,28.38361497642702,0 76.94064322217989,28.38360487924825,0 76.94068798163724,28.38356158054956,0 76.9406880454176,28.38356151811395,0 76.94102289962629,28.38333143153868,0 76.94102409977552,28.38333011406521,0 76.94119722130043,28.38313993457997,0 76.9412034026079,28.38313314487662,0 76.94170865464959,28.38261420350493,0 76.9417163029059,28.38260634840114,0 76.94173918569113,28.38258592781576,0 76.94184879542713,28.38248811238269,0 76.94222916996621,28.38214866253215,0 76.9422936088165,28.38209115617302,0 76.94230354687848,28.38208228782062,0 76.94245683719519,28.38195151016206,0 76.94246439023013,28.38194663378693,0 76.94267134680022,28.38181301548871,0 76.94304144461243,28.38157406620881,0 76.94305653181762,28.38156432448832,0 76.94316425958313,28.38145703746923,0 76.94317530886114,28.38144501086488,0 76.94337978428443,28.38122244296066,0 76.94354018027499,28.38104785474557,0 76.94355031686469,28.38103681997545,0 76.94387707545602,28.38085179416577,0 76.94389104246206,28.3808438504129,0 76.94422724594028,28.38065264771282,0 76.944181688779,28.38052686486464,0 76.94417710377778,28.38051420745787,0 76.94399376211986,28.38004763692378,0 76.94399239847723,28.3800441664947,0 76.94398175523776,28.38001708117886,0 76.94398048142668,28.37999472452554,0 76.94397857160838,28.37996122628812,0 76.94397791673657,28.37992944468327,0 76.94397466214028,28.37977136480577,0 76.94436450582076,28.37944472818903,0 76.94438162950669,28.37943038087393,0 76.94441247675526,28.37941477610178,0 76.94445582136601,28.37939284848449,0 76.94455017411524,28.37934902722159,0 76.9446355643729,28.37930936795536,0 76.94465216793428,28.37930555527796,0 76.94482246425764,28.37926644292206,0 76.94505543334344,28.3792129365762,0 76.94505790101553,28.37919988620527,0 76.94510537607997,28.37894885435757,0 76.94510789585435,28.37892745302294,0 76.94510977512992,28.37891149488632,0 76.94511031142414,28.37890803627546,0 76.94511912030381,28.37885120786818,0 76.94512102203728,28.37883893200509,0 76.94515642643924,28.37861050916849,0 76.94519121100369,28.37838608902798,0 76.94519387271188,28.3783689136509,0 76.94523433732384,28.37800633874408,0 76.94524511441233,28.37784365290335,0 76.94524633881603,28.3778251678002,0 76.94525033272579,28.37768812280593,0 76.94523831057235,28.37760211728771,0 76.94518561809272,28.3772970764125,0 76.94518217305362,28.37727713139857,0 76.94516341084059,28.3770662253918,0 76.94512301899216,28.37677723707091,0 76.94511924696627,28.3767502497176,0 76.94508299275805,28.37661282553472,0 76.94505599748544,28.37651049470229,0 76.94502704298719,28.37642834527131,0 76.94494639673258,28.37619953707083,0 76.94493838645519,28.37617681050569,0 76.94486632629803,28.37585528686386,0 76.94482766999474,28.37568280013638,0 76.94482043945503,28.37565053590613,0 76.94481507381782,28.37562659756555,0 76.94471584680984,28.37510231280265,0 76.94471107406076,28.37507709549132,0 76.94470535718227,28.37504689240812,0 76.94467680243433,28.37499389610515,0 76.94454048578491,28.37474090124917,0 76.94441062532744,28.37454676705056,0 76.94439251708795,28.37451969692904,0 76.9442070033037,28.37432259360894,0 76.9441959432459,28.37431084362361,0 76.94410251935466,28.3742115836223,0 76.94388763245725,28.37398327254145,0 76.94386049884409,28.3739544428549,0 76.94383101613644,28.37392311708954,0 76.94369086996898,28.37377421425738,0 76.94354650800788,28.37361697014209,0 76.94347604415701,28.37354021768586,0 76.94350129040973,28.37352915684185,0 76.943552540195,28.37349325374848,0 76.94359970084912,28.37346021426066,0 76.94368148257428,28.3734021775746,0 76.94396332360475,28.37320216508142,0 76.94421185061297,28.37303109518407,0 76.9442595655276,28.37300569874929,0 76.94437029815771,28.37294676312593,0 76.9444568068179,28.37288503418259,0 76.94492134810918,28.37255355171923,0 76.94496635999315,28.3725227804056,0 76.94501621199983,28.37248869885938,0 76.94514088827979,28.37243330713489,0 76.94528342306761,28.37236977339199,0 76.94562352253921,28.37221817703749,0 76.94566514597793,28.37220403662245,0 76.94620735471035,28.37201982691615,0 76.94628067071227,28.37198592384109,0 76.94632135271655,28.37196711127754,0 76.94639483580512,28.37194189480174,0 76.94640013856022,28.37194007527584,0 76.94658746783966,28.37187207146112,0 76.94691450490875,28.3717533508097,0 76.94695120917295,28.37173752280223,0 76.94701959252563,28.37170803092998,0 76.94705617911055,28.37170045403418,0 76.94708152777122,28.37169520332253,0 76.94736219380533,28.37164687431538,0 76.94757461213237,28.37157098593675,0 76.94771236878117,28.37155506700449,0 76.94774737163624,28.37153732300409,0 76.9479057616888,28.37145702798634,0 76.9480839362372,28.37138143429673,0 76.94823983885476,28.37131528839092,0 76.94841334216369,28.37124271478032,0 76.94844551802053,28.37123137547029,0 76.94852379451943,28.3712037891513,0 76.94859361966816,28.37117594593976,0 76.94867903058706,28.37114188767333,0 76.9489100638034,28.371046934854,0 76.94911270307026,28.37096160845338,0 76.94914254330737,28.37094833812142,0 76.9491575334945,28.37094167173331,0 76.94928724483165,28.37088000406635,0 76.94957743300776,28.37074204190695,0 76.94981521167358,28.37061922165948,0 76.94984276390164,28.37059962159437,0 76.9500462538731,28.37045487013622,0 76.95017587987024,28.3703669973082,0 76.95033868963404,28.37025662974877,0 76.95052508556394,28.37013352517706,0 76.95054947123062,28.37011760286739,0 76.95081919039468,28.36994148349889,0 76.95095234587262,28.36984986362419,0 76.95123454802585,28.36965568648676,0 76.95125581833517,28.36964279934908,0 76.95153663528626,28.36947266906575,0 76.95160578759682,28.36942865795369,0 76.95173775370532,28.36933305386738,0 76.95194369428083,28.36918385608534,0 76.95196196781032,28.36917192847421,0 76.95221699233298,28.3690054634631,0 76.95251050068239,28.36936144770193,0 76.95262897768859,28.36950514384819,0 76.95292029235205,28.36985846504479,0 76.95297438171194,28.3699241644778,0 76.9532740983183,28.37028821901727,0 76.95343763212418,28.37048685534698,0 76.95390088702798,28.37104954481277,0 76.95391920457496,28.37107179348343,0 76.95424486722165,28.37146735317054,0 76.95437418150341,28.37161260041728,0 76.95445078354264,28.37169864161785,0 76.95439658548659,28.37200747201178,0 76.95436983006418,28.37215811306258,0 76.95433768385175,28.37233910714934,0 76.95438725288912,28.37238918896512,0 76.95454409065289,28.3725476465933,0 76.95467657958088,28.37269305044209,0 76.95469731808754,28.37271581174104,0 76.95503219116083,28.37308332340611,0 76.95517912589693,28.37326221977079,0 76.95519348546674,28.37327970344075,0 76.95564007302876,28.3738234314919,0 76.95565264135789,28.37384223424156,0 76.95582185341472,28.37409536639836,0 76.95586278245571,28.37415659352738,0 76.95596657739686,28.37433876109974,0 76.95600191712013,28.3744007832232,0 76.95616098270581,28.37467994951328,0 76.9561693738689,28.37469467685835,0 76.95624407327634,28.37487140879159,0 76.95624416400618,28.37489429608537,0 76.95629525029808,28.37495716834198,0 76.95645371401251,28.37515218781334,0 76.95651870083513,28.37523216783168,0 76.95663732247009,28.37539413605619,0 76.95672858321812,28.37551874573826,0 76.95691192936761,28.37576909016775,0 76.95709470508687,28.37602145975166,0 76.95713666449547,28.37607939541678,0 76.95730083251195,28.37630606906442,0 76.95754265718982,28.37663996546551,0 76.95768973835128,28.37684304603304,0 76.95773498918707,28.37690552431877,0 76.95783271061863,28.37704045054411,0 76.95795220631436,28.37720066612449,0 76.95795481592026,28.37720416589038,0 76.95839778417002,28.37776268531399,0 76.9584802270552,28.37786663202872,0 76.95884252210089,28.37832467307238,0 76.95902154915048,28.37855101076021,0 76.95906458563911,28.37860542003255,0 76.95919805013752,28.37878613044456,0 76.95921706387881,28.378811874044,0 76.95921703513274,28.37881667468875,0 76.95921683840167,28.37884882888634,0 76.95922786522178,28.37887866495062,0 76.95925369268453,28.37894854058519,0 76.95926003838369,28.37897233907293,0 76.9593733509753,28.37939734402576,0 76.95938264045368,28.37943099260878,0 76.9593839879266,28.3794358762128,0 76.95941021693625,28.37953087921895,0 76.95941841496152,28.37956088896932,0 76.95951380256999,28.37998630728825,0 76.95953287739673,28.38007137588865,0 76.95960388472837,28.38027671423536,0 76.95961885425426,28.38032000242009,0 76.95969992810696,28.38055444638804,0 76.95972016894696,28.3805807064449,0 76.95971810551673,28.38059183847511,0 76.95960250132282,28.38065648958463,0 76.95935948098732,28.38077391754154,0 76.95890277031036,28.38099460062764,0 76.95884438520677,28.38102608948629,0 76.95879751470852,28.38105136940104,0 76.95823536427508,28.38134529598078,0 76.95820156246756,28.38136296879051,0 76.95786215739366,28.38156272009976,0 76.95749852565486,28.38176885775165,0 76.95744709620652,28.38181235476669,0 76.95749380321141,28.38186599573906,0 76.95756834361706,28.38199303837523,0 76.95763104871882,28.3820999099261,0 76.95769371968463,28.38220986604439,0 76.95788042643159,28.38248209558265,0 76.95800188404787,28.3826591867859,0 76.95800652294803,28.38266597019695,0 76.95812947536096,28.38284575848822,0 76.95822669463426,28.38299221200228,0 76.95823333587917,28.38300221756127,0 76.95831652885764,28.38312754303515,0 76.95837698637456,28.38321861797113,0 76.95877016100813,28.38372262876316,0 76.95891476641266,28.38372793420203,0 76.95900447038028,28.38378730720594,0 76.95942306464147,28.38434833046348,0 76.95953745071985,28.38448024322326,0 76.95962246727834,28.38463940355668,0 76.9596908488344,28.38476741890959,0 76.95968648661537,28.38490366128019,0 76.95968535922971,28.38496890328663,0 76.95967968277542,28.38529750577957,0 76.959677065983,28.3854489838613,0 76.95965652061412,28.38570580829822,0 76.95965055759724,28.38578034225025,0 76.95963353991253,28.38599305653462,0 76.95965304952387,28.38632076755217,0 76.95965705241676,28.38638801289569,0 76.95965728777537,28.38641833603645,0 76.95965752223564,28.3864486599588,0 76.95965775669596,28.38647898308218,0 76.95965799205456,28.38650930698719,0 76.95965822651483,28.38653963009323,0 76.95967486421222,28.38676930902463,0 76.95963652411589,28.38692510240847,0 76.95959764592871,28.38708307678605,0 76.95952164665904,28.38740228875627,0 76.9594822528389,28.38756775046301,0 76.95946885536475,28.38762402178362,0 76.95939310492841,28.38799984860378,0 76.959359679515,28.38816568634622,0 76.95926769652148,28.38845233204117,0 76.95925756711834,28.38848389455278,0 76.95922976066706,28.38861370869808,0 76.95890624858716,28.38882729530461,0 76.95867754829557,28.38900070267152,0 76.95858347492241,28.38908930925031,0 76.95857249211976,28.38908491132475,0 76.95853299678997,28.38906843471031,0 76.95851074821532,28.38905915283301,0 76.957954248185,28.38881689041103,0 76.95784156082084,28.38876783265956,0 76.957706889885,28.38872710133697,0 76.95764133442881,28.38870727464483,0 76.95744568495321,28.38864114349562,0 76.95724831250888,28.38857423071141,0 76.95716893467542,28.38854731985693,0 76.95700892675703,28.38854902213541,0 76.95687496818522,28.38862020169301,0 76.95657861037972,28.3888051333384,0 76.95646974444875,28.38887306702476,0 76.95611828039048,28.38913810447915,0 76.95595462710864,28.38925400965353,0 76.95592669219826,28.38926853029177,0 76.95576302184844,28.38935361041236,0 76.95560411167133,28.38945961630001,0 76.95531242151203,28.38965419657715,0 76.95527707100896,28.38967873315341,0 76.95527101995721,28.38968293190413,0 76.95511457296061,28.38979151692947,0 76.9550573915995,28.38981156864799,0 76.9546025530116,28.39009141984473,0 76.95447622472982,28.39016917187487,0 76.95435390562913,28.39022531141938,0 76.95426585725656,28.39028624473749,0 76.95425140156703,28.39029624881791,0 76.95395852652987,28.39049689606297,0 76.95384422489313,28.39057520335694,0 76.9536827105,28.39068585481785,0 76.95364611313532,28.39072743888043,0 76.95341749369214,28.39087334491457,0 76.95340085060489,28.39088486230611,0 76.95330584567876,28.39095060877509,0 76.95293955402838,28.39120409285944,0 76.95265253331193,28.39139612448816,0 76.95262173726738,28.3914167282989,0 76.95258413289127,28.39143938126436,0 76.9523596106641,28.3915746367137,0 76.95223448342988,28.39165001449314,0 76.95214518819569,28.39172059215865,0 76.95203891839589,28.39179028152156,0 76.95199737131399,28.3918175274145,0 76.95175914079557,28.39197375355553,0 76.95152738443544,28.3921374695545,0 76.95140285188592,28.39223899820844,0 76.95134544145442,28.39228126681659,0 76.95106886904306,28.39248488957634,0 76.95094302495323,28.39257754014962,0 76.95087618849945,28.39263126339426,0 76.95081913110587,28.39267987365327,0 76.95069720995889,28.39279345634566,0 76.95025344310685,28.3932150109772,0 76.95025173181624,28.39326038804757,0 76.95021306922472,28.3935104392937,0 76.95019998256764,28.3937792377985,0 76.95019850124577,28.39380966313784,0 76.95019742686067,28.39383173080858,0 76.95011053911145,28.39429461899816,0 76.95009792586653,28.39436181423988,0 76.95006620904881,28.39453078561464,0 76.95003076152767,28.39473606039815,0 76.95000006878939,28.3949137996762,0 76.94995022486754,28.39527134301761,0 76.9499316045883,28.39536342692652,0 76.9499128603416,28.39568143572425,0 76.94990303636564,28.39568724552415,0 76.94985155122176,28.3957112852274,0 76.94948416632171,28.3959299252917,0 76.94945948510926,28.39595021449909,0 76.94941629141546,28.39598572040514,0 76.94928640400855,28.39605673455223,0 76.94915566769366,28.39612852386798,0 76.94905132567847,28.39597230938225,0 76.94903155196242,28.39594529293435,0 76.94898312109052,28.39587912441833,0 76.94885626459937,28.39570580732697,0 76.94877200172739,28.39576299969098,0</coordinates></LinearRing></outerBoundaryIs>
        </Polygon>
      </MultiGeometry>
    </Placemark>
    <Placemark id="ID_00008">
      <name>Bar Gujar</name>
      <Snippet></Snippet>
      <description><![CDATA[<html xmlns:fo="http://www.w3.org/1999/XSL/Format" xmlns:msxsl="urn:schemas-microsoft-com:xslt">

<head>

<META http-equiv="Content-Type" content="text/html">

<meta http-equiv="content-type" content="text/html; charset=UTF-8">

</head>

<body style="margin:0px 0px 0px 0px;overflow:auto;background:#FFFFFF;">

<table style="font-family:Arial,Verdana,Times;font-size:12px;text-align:left;width:100%;border-collapse:collapse;padding:3px 3px 3px 3px">

<tr style="text-align:center;font-weight:bold;background:#9CBCE2">

<td>Gurgaon</td>

</tr>

<tr>

<td>

<table style="font-family:Arial,Verdana,Times;font-size:12px;text-align:left;width:100%;border-spacing:0px; padding:3px 3px 3px 3px">

<tr>

<td>FID</td>

<td>8</td>

</tr>

<tr bgcolor="#D4E4F3">

<td>OBJECTID_1</td>

<td>229</td>

</tr>

<tr>

<td>OBJECTID_2</td>

<td>1639</td>

</tr>

<tr bgcolor="#D4E4F3">

<td>N_D_CODE</td>

<td>05</td>

</tr>

<tr>

<td>N_D_NAME</td>

<td>Gurgaon</td>

</tr>

<tr bgcolor="#D4E4F3">

<td>N_T_CODE</td>

<td>116</td>

</tr>

<tr>

<td>N_T_NAME</td>

<td>Manesar</td>

</tr>

<tr bgcolor="#D4E4F3">

<td>N_V_CODE</td>

<td>04131</td>

</tr>

<tr>

<td>N_V_NAME</td>

<td>Bar Gujar</td>

</tr>

<tr bgcolor="#D4E4F3">

<td>Pin_Code</td>

<td>122004</td>

</tr>

<tr>

<td>HADBAST_NO</td>

<td>156</td>

</tr>

<tr bgcolor="#D4E4F3">

<td>Census_200</td>

<td>00586000</td>

</tr>

<tr>

<td>Census_201</td>

<td>062891</td>

</tr>

<tr bgcolor="#D4E4F3">

<td>Shape_Leng</td>

<td>10247.885908</td>

</tr>

<tr>

<td>B_Code</td>

<td>477</td>

</tr>

<tr bgcolor="#D4E4F3">

<td>B_Name</td>

<td>GURGAON</td>

</tr>

<tr>

<td>GP_Code</td>

<td>246032</td>

</tr>

<tr bgcolor="#D4E4F3">

<td>GP_Name</td>

<td>BARGUJJAR</td>

</tr>

<tr>

<td>LGD_Code</td>

<td>62916</td>

</tr>

<tr bgcolor="#D4E4F3">

<td>Shape_Le_1</td>

<td>10247.885908</td>

</tr>

<tr>

<td>Shape_Ar_1</td>

<td>4124657.39931</td>

</tr>

<tr bgcolor="#D4E4F3">

<td>SHAPE_Le_2</td>

<td>10247.885772</td>

</tr>

<tr>

<td>Unique__ID</td>

<td>05//116//04131</td>

</tr>

<tr bgcolor="#D4E4F3">

<td>District1</td>

<td>GGM</td>

</tr>

<tr>

<td>Unique_ID2</td>

<td>GGM62916</td>

</tr>

<tr bgcolor="#D4E4F3">

<td>GlobalID</td>

<td>{0410D5AF-7793-4187-A7EA-81DC52087359}</td>

</tr>

<tr>

<td>UQ</td>

<td>Gurgaon/156</td>

</tr>

<tr bgcolor="#D4E4F3">

<td>LGD_HARTRO</td>

<td>62916</td>

</tr>

<tr>

<td>LGD_HARSAC</td>

<td>62916</td>

</tr>

<tr bgcolor="#D4E4F3">

<td>HARTRON_LG</td>

<td></td>

</tr>

<tr>

<td>HARTRON__1</td>

<td></td>

</tr>

<tr bgcolor="#D4E4F3">

<td>HARTRON__2</td>

<td></td>

</tr>

<tr>

<td>HARTORN_LG</td>

<td></td>

</tr>

<tr bgcolor="#D4E4F3">

<td>New_block</td>

<td>Gurgaon</td>

</tr>

<tr>

<td>Shape_Le_3</td>

<td>11503.338172</td>

</tr>

</table>

</td>

</tr>

</table>

</body>

</html>

]]></description>
      <styleUrl>#PolyStyle00</styleUrl>
      <MultiGeometry>
        <Polygon>
          <extrude>0</extrude><altitudeMode>clampToGround</altitudeMode>
          <outerBoundaryIs><LinearRing><coordinates> 76.99195997685864,28.34852427855551,0 76.99196483943925,28.34853018343693,0 76.9918317836743,28.34848194428549,0 76.99155452225513,28.34838349419456,0 76.99135420962486,28.34830710534254,0 76.99113616245425,28.34824223450399,0 76.99092637439441,28.34817709245415,0 76.99075480246333,28.34812131409261,0 76.99064591137954,28.34808165580438,0 76.99021813094632,28.34794019569309,0 76.99012872971092,28.34791067032807,0 76.99003343732387,28.34788701982957,0 76.98998206536773,28.34788207468873,0 76.98993082995551,28.34787848857206,0 76.98988090788022,28.34787500918496,0 76.98984719680253,28.34787363592988,0 76.98981091294991,28.34787282162203,0 76.98958064779312,28.34787249985184,0 76.98955551832137,28.34787246427531,0 76.98938184612916,28.34786271471712,0 76.98905696232183,28.34785166542757,0 76.98858814325317,28.34784980121561,0 76.98817354020683,28.34785529344643,0 76.98810649264897,28.34785977609322,0 76.98791210710293,28.34785471631552,0 76.9877043672019,28.34785168361115,0 76.98742817837116,28.34786794130893,0 76.98727286415013,28.34787278920785,0 76.98712942386051,28.34787065066147,0 76.98692699300281,28.34785424354251,0 76.98682788008088,28.34784221075767,0 76.98673653039964,28.34783162158967,0 76.98653935468633,28.34779820727882,0 76.98648855316038,28.34779672966478,0 76.98639902346594,28.34779412387777,0 76.98626211392839,28.34779373806949,0 76.98609607382286,28.34778371416905,0 76.98592846256389,28.34776461902746,0 76.98580052539944,28.34776365134412,0 76.98570425474711,28.34776305444794,0 76.98560963699485,28.34776508231376,0 76.98553007141351,28.34775811562607,0 76.98538917694938,28.34774129342942,0 76.98484361390764,28.34768285212657,0 76.984693224251,28.34766866733182,0 76.98445415740109,28.34763649973316,0 76.98434091308143,28.34762040328068,0 76.98384230767454,28.34754953063475,0 76.98369944949323,28.34751913788082,0 76.98353948020237,28.34751392392127,0 76.98331100269301,28.34750767902843,0 76.98317128681855,28.34747779777623,0 76.98303472403074,28.34745097927407,0 76.98281319319348,28.34739231644525,0 76.98256182930562,28.34731446269961,0 76.98251275254503,28.34729749180089,0 76.98247950050647,28.34727591726728,0 76.98244279085239,28.34726330886397,0 76.98236915684684,28.34724964896812,0 76.98228433162951,28.34723510439481,0 76.98220266668535,28.34722270628494,0 76.98171200777549,28.34713415170341,0 76.98155364916393,28.34710557087631,0 76.98147197882987,28.34709083100608,0 76.98134653179541,28.34705816199439,0 76.98109645429503,28.34699592782345,0 76.98093895986278,28.34695673477662,0 76.98086115947096,28.34694149522836,0 76.98067590709647,28.34690520602551,0 76.98036230972232,28.34685036227307,0 76.98019023114146,28.34682026737449,0 76.98016953665227,28.346825581774,0 76.97996338946425,28.34687852415216,0 76.97978934806446,28.34693252116051,0 76.9795968004715,28.34697311278211,0 76.97948343308266,28.3470166778218,0 76.97939213730032,28.34705176132727,0 76.97897486715593,28.34717044794338,0 76.97888120700775,28.34718662905773,0 76.97879696389872,28.34718758172501,0 76.97874525956591,28.34718816676549,0 76.97863548184496,28.34718940879061,0 76.9783509521568,28.34721164506988,0 76.97816651635085,28.3472426688065,0 76.97810838187726,28.34724088996812,0 76.97800237528385,28.34723764694798,0 76.97780120655912,28.34724117141987,0 76.97770327132851,28.34723922734712,0 76.97766692998371,28.34723865416585,0 76.97751440143834,28.34720688489685,0 76.97741769150983,28.34717693319704,0 76.97738635018786,28.34716722626715,0 76.97734022259634,28.34714911846854,0 76.97729720137906,28.34711324598065,0 76.97724851808057,28.34707228125123,0 76.97715441865621,28.34702029005725,0 76.97704282993163,28.34694637400284,0 76.97690526462395,28.3468552505389,0 76.97681981238256,28.34686149388896,0 76.97672261646545,28.34686859582763,0 76.97660795011271,28.34687697379034,0 76.97624778137931,28.34690412686011,0 76.97603379998368,28.34690882933312,0 76.97599581562021,28.3469096642039,0 76.97556628257384,28.34688127938458,0 76.97534383814995,28.3468853130131,0 76.97520686662868,28.34688779707041,0 76.97508034520912,28.34690360901886,0 76.97491021058251,28.3469500850653,0 76.97485842001144,28.34696853522629,0 76.97477505725141,28.34697484735158,0 76.9747107351821,28.34697353417025,0 76.9745213397775,28.34692523817933,0 76.97411111422153,28.34682062867775,0 76.97368177790621,28.34669504448596,0 76.97338877710494,28.34659506134697,0 76.97323958041098,28.34648601783284,0 76.97305337133068,28.3463361167151,0 76.97280389120996,28.34611882518056,0 76.97218791641964,28.34566668061662,0 76.97198261454631,28.34556006173272,0 76.97187071230967,28.3451791448399,0 76.97174135131552,28.34470691389847,0 76.97169360585815,28.34462649264086,0 76.97150192154621,28.34418890252865,0 76.97142340609543,28.34407000148548,0 76.97136402925179,28.34388287537242,0 76.97118566426052,28.343514849101,0 76.97107848446734,28.34326805122932,0 76.97101812217184,28.34312639653768,0 76.97094707172107,28.34295965981798,0 76.97069481580614,28.34240390628513,0 76.97054369851408,28.34212046948807,0 76.97045718266739,28.34203053969368,0 76.97030403338617,28.34184243987847,0 76.96995543944524,28.34140511106683,0 76.96981160299856,28.34126708371598,0 76.96935748036793,28.34071269625661,0 76.96916870480085,28.34045148236311,0 76.96888792198577,28.34014797372103,0 76.9686142996418,28.33983180116212,0 76.96852340091483,28.3396830197031,0 76.96842921076068,28.33958369727362,0 76.96804525374024,28.3390713987075,0 76.96800958433526,28.33902103076729,0 76.96788260657154,28.33882673714719,0 76.96754555059211,28.33845653169309,0 76.96741327186987,28.33830090750585,0 76.96723170258801,28.33816787310808,0 76.96683555812413,28.3378818782782,0 76.96657234186441,28.33767408195266,0 76.9660914126074,28.33730581199257,0 76.96591314193924,28.33717726339971,0 76.96582443510157,28.33709415844096,0 76.96543950969726,28.33673354809294,0 76.96526015116933,28.33655950736838,0 76.96489306450995,28.33616563458018,0 76.96461197626765,28.33584802457424,0 76.96437621881122,28.33559894042548,0 76.96396660051641,28.33508211731981,0 76.96391768545256,28.33503465088628,0 76.96385176258543,28.33489198657847,0 76.96368171240046,28.33447955249203,0 76.96352063997843,28.33392754518333,0 76.96350847589116,28.3338446029379,0 76.96335898993969,28.33358032481356,0 76.96324103305805,28.33337064216732,0 76.96301815923943,28.33291314406107,0 76.96295331524894,28.33281340413767,0 76.96273102803021,28.33247549383895,0 76.96256192646619,28.33225188151082,0 76.96249605749799,28.33214055394354,0 76.9622311748634,28.33169286326004,0 76.96215069389879,28.33157682325779,0 76.9620965093175,28.33149869777669,0 76.96201172991422,28.33136603519501,0 76.96175034801432,28.3312099103797,0 76.96169114724046,28.33115005646357,0 76.96162654310018,28.33109396631732,0 76.96140651065282,28.33090293255836,0 76.96129522735542,28.3304773285786,0 76.96113436693581,28.32971295141236,0 76.96098750855653,28.32912999232997,0 76.9608805254944,28.32871338611493,0 76.96082509225484,28.32837402996714,0 76.96074512782153,28.32779889976984,0 76.96078017289739,28.32733227464418,0 76.96080989635348,28.32709860903637,0 76.9608288813487,28.32688944023826,0 76.96087076619713,28.32673773940473,0 76.96091857633319,28.32670399583403,0 76.96105478159153,28.32667082949863,0 76.96145486696454,28.32656141286002,0 76.96171824671764,28.32649146320279,0 76.96183185036344,28.3264663347696,0 76.9619932731284,28.32640114931831,0 76.96210902195106,28.32638333055767,0 76.96242450039739,28.3263840967945,0 76.96255612694273,28.32639142546584,0 76.96270897708493,28.32641783255923,0 76.96311217422212,28.32644499876568,0 76.96329219570676,28.32644082202614,0 76.96342114796745,28.32644693610222,0 76.96348873541281,28.32645014021952,0 76.9634928775446,28.32645033711618,0 76.96365058757247,28.32646770197542,0 76.96430786779788,28.32656978056295,0 76.96482047883835,28.32666104320177,0 76.96541860051073,28.32675626266177,0 76.96554987850972,28.32679902626706,0 76.96580680476579,28.32690982330386,0 76.96634062952172,28.32711848519455,0 76.96649442828488,28.32719253049341,0 76.96655497742998,28.3272323642176,0 76.9666244612189,28.32727807631354,0 76.96672615769558,28.32731862325595,0 76.96688115930289,28.32737533691845,0 76.96701740857868,28.32740904627408,0 76.96719009891227,28.32747238472476,0 76.96740702768031,28.32752931338693,0 76.96758957702414,28.32758932037375,0 76.96774606713991,28.32765863355304,0 76.96784889369724,28.32771788293778,0 76.96831136527011,28.32762367016159,0 76.96869379605288,28.32755042855635,0 76.96889469977459,28.32751195107337,0 76.96891486515608,28.32736921340687,0 76.96891540773852,28.32734495578912,0 76.96892175074272,28.32706114591568,0 76.96892112551531,28.32689123127863,0 76.96893340099365,28.32681061940791,0 76.96895942608576,28.3266821110988,0 76.96898524456533,28.32664371949305,0 76.96916192791035,28.32658947732012,0 76.96941207817427,28.32651363185622,0 76.96968170211692,28.32645596092701,0 76.96993552649032,28.32637488297432,0 76.97006756805732,28.32649963164241,0 76.97034126945302,28.32677309213518,0 76.97047979326311,28.32692294494477,0 76.97055433546538,28.32702122198238,0 76.97110913139159,28.32778754870312,0 76.9711465013074,28.32784331718204,0 76.97115989967988,28.32790278470774,0 76.97120512626114,28.3281024247093,0 76.97125030163848,28.32831419343156,0 76.97127171028833,28.32841980957531,0 76.9712854203762,28.32853475232282,0 76.97129311354827,28.32884175991587,0 76.97131500639009,28.32915371421646,0 76.97134379020841,28.32940762030616,0 76.97139072448705,28.32965523793843,0 76.97145987769595,28.33014684601158,0 76.97152418988378,28.33057875808863,0 76.97166330658192,28.33067111005764,0 76.97173442979624,28.33070845250743,0 76.97190204375016,28.33079645937257,0 76.97211236900259,28.33091044041075,0 76.97226229512856,28.33099885669937,0 76.97228258178261,28.33101045175426,0 76.97244084157946,28.33110089535286,0 76.97251128746404,28.33109161631227,0 76.97258601292262,28.33108177428167,0 76.97273424302934,28.33107872765629,0 76.97291800959042,28.33110069925556,0 76.97304212352498,28.33108509607581,0 76.97316345807211,28.33107390034025,0 76.97341680903337,28.33107402131965,0 76.97359620978214,28.33107329069883,0 76.97378193467048,28.33108262904471,0 76.97393697400707,28.33107339191039,0 76.97405371726477,28.33105527425194,0 76.97431576840954,28.3310122498416,0 76.97436609921829,28.33099910103055,0 76.97441027746564,28.3310103790084,0 76.97444598190495,28.33102729162404,0 76.97477220150709,28.33124323897643,0 76.97523718926111,28.33154761990846,0 76.97529780128826,28.33158729543949,0 76.97543260427643,28.33183146366249,0 76.97554582883316,28.33200523380205,0 76.97557907997339,28.3320837218456,0 76.97561387621593,28.33217220357745,0 76.97564202133208,28.33226218362411,0 76.9756838280271,28.33249972656453,0 76.97572090688877,28.33270566141558,0 76.97580027484075,28.33297932496441,0 76.97582779472947,28.33309527408606,0 76.97583042769156,28.33310265289946,0 76.97589659400214,28.3332202370525,0 76.97593658969355,28.33331354900603,0 76.97597693213463,28.33341599739051,0 76.97641455451011,28.33364683739371,0 76.97651769278283,28.33370124042942,0 76.97701726298034,28.33399239946198,0 76.97747677550268,28.33396519802212,0 76.97747299000208,28.33369304170617,0 76.97747685635106,28.33351993139581,0 76.97748515139439,28.33314856014545,0 76.97748818410679,28.33301279691375,0 76.97744182654654,28.33260455575202,0 76.97739060910062,28.33215351284368,0 76.97739239584972,28.33206060234177,0 76.97740286661268,28.3315161353473,0 76.97740322324384,28.33149765166468,0 76.97741778134133,28.33145843392257,0 76.97748321013505,28.33126036662916,0 76.97753438176692,28.33108344901626,0 76.97759903621285,28.33092109294143,0 76.97765437153602,28.3308059329554,0 76.97777873340566,28.33047324055814,0 76.97787789303996,28.33020702627003,0 76.97790804050092,28.33012836683515,0 76.97802313175679,28.33024805601648,0 76.97813484534721,28.33036473637176,0 76.97826239893101,28.33048095640016,0 76.97848611087781,28.33069069772636,0 76.97865381017171,28.33083165893536,0 76.97873981487697,28.3308956872233,0 76.97890350409141,28.33100219114758,0 76.97931845568409,28.33119303179382,0 76.97946411032089,28.33124776976706,0 76.97961065159487,28.33132860520709,0 76.979887468348,28.33145887514007,0 76.98006914452938,28.33154436929281,0 76.9804847815366,28.33170449223975,0 76.98050882225023,28.33171375383123,0 76.9805986151511,28.33174834582478,0 76.98127699141263,28.33193810027873,0 76.98135104762632,28.33194904052434,0 76.98157391695337,28.33198195851161,0 76.98181120424074,28.3320415842353,0 76.98211268334167,28.3321236778776,0 76.98247397496915,28.33223011257042,0 76.98258055019613,28.33226203655276,0 76.98248541321766,28.33232533257595,0 76.98263342413546,28.33237490982201,0 76.98287025058706,28.33240782214241,0 76.98308670684129,28.33245464137136,0 76.98322620352683,28.33247999373956,0 76.98323866495643,28.33247588998201,0 76.98337363323461,28.33236728821149,0 76.98353187326855,28.33225405674414,0 76.98368183083555,28.33214522148827,0 76.9838193961432,28.33204774859447,0 76.98391811200977,28.33198709811619,0 76.98404582908701,28.33190955885204,0 76.98414750759737,28.33184648239842,0 76.98426422121065,28.33178702340505,0 76.98430784519748,28.33176737742583,0 76.98435304572763,28.33173864934568,0 76.98441738666153,28.33170929975939,0 76.98444320064957,28.33169885368315,0 76.9844658435846,28.33167705853601,0 76.98447200782408,28.33165603749032,0 76.98447778848293,28.3316363203229,0 76.98448190097032,28.33164133184903,0 76.98476708642862,28.33198885190735,0 76.98478689517894,28.33201299064968,0 76.98539628262328,28.3327555666258,0 76.9860214840099,28.33351739879337,0 76.98627354139714,28.33382453668951,0 76.98664869762274,28.33428166636313,0 76.9872759193204,28.33504593080793,0 76.98737712711358,28.33516925001891,0 76.98790315089954,28.3358101921276,0 76.98801298701102,28.33594402410989,0 76.98853039056354,28.3365744495313,0 76.989157640109,28.33733870380963,0 76.98958333285751,28.33785736846611,0 76.98955749730995,28.33787766482694,0 76.98953922018717,28.33789914480847,0 76.98953095927982,28.33793052627332,0 76.98953296072627,28.33796750404794,0 76.98954124678646,28.33802825706156,0 76.98955624775338,28.33810525025669,0 76.98957710843092,28.33817169754198,0 76.98970935750872,28.33843240785583,0 76.98975641575488,28.3385246043551,0 76.98979945583676,28.33858298349098,0 76.99004045945445,28.3390163532461,0 76.99023098314305,28.33934975262177,0 76.99044203603084,28.33968537505271,0 76.99063457823394,28.3400418734974,0 76.99071361021596,28.34022986818229,0 76.99079432743753,28.34042713997004,0 76.99091491638296,28.34071512590391,0 76.99079501464871,28.34104709363191,0 76.99072378722985,28.3412443006509,0 76.9905988944559,28.34159008705938,0 76.99035292674793,28.34218692374951,0 76.99065837999569,28.34285953796525,0 76.99067350133686,28.3430933689437,0 76.99071949777434,28.34380462927831,0 76.99075223238331,28.34431080778209,0 76.99079559226544,28.34477299100046,0 76.99081216528413,28.34483458924008,0 76.99106084680254,28.34575885344377,0 76.99133402537873,28.34677414387809,0 76.99140133075311,28.34702428731307,0 76.99149502413891,28.34770718178856,0 76.99195997685864,28.34852427855551,0</coordinates></LinearRing></outerBoundaryIs>
        </Polygon>
      </MultiGeometry>
    </Placemark>
    <Placemark id="ID_00009">
      <name>Badha</name>
      <Snippet></Snippet>
      <description><![CDATA[<html xmlns:fo="http://www.w3.org/1999/XSL/Format" xmlns:msxsl="urn:schemas-microsoft-com:xslt">

<head>

<META http-equiv="Content-Type" content="text/html">

<meta http-equiv="content-type" content="text/html; charset=UTF-8">

</head>

<body style="margin:0px 0px 0px 0px;overflow:auto;background:#FFFFFF;">

<table style="font-family:Arial,Verdana,Times;font-size:12px;text-align:left;width:100%;border-collapse:collapse;padding:3px 3px 3px 3px">

<tr style="text-align:center;font-weight:bold;background:#9CBCE2">

<td>Gurgaon</td>

</tr>

<tr>

<td>

<table style="font-family:Arial,Verdana,Times;font-size:12px;text-align:left;width:100%;border-spacing:0px; padding:3px 3px 3px 3px">

<tr>

<td>FID</td>

<td>9</td>

</tr>

<tr bgcolor="#D4E4F3">

<td>OBJECTID_1</td>

<td>230</td>

</tr>

<tr>

<td>OBJECTID_2</td>

<td>1640</td>

</tr>

<tr bgcolor="#D4E4F3">

<td>N_D_CODE</td>

<td>05</td>

</tr>

<tr>

<td>N_D_NAME</td>

<td>Gurgaon</td>

</tr>

<tr bgcolor="#D4E4F3">

<td>N_T_CODE</td>

<td>116</td>

</tr>

<tr>

<td>N_T_NAME</td>

<td>Manesar</td>

</tr>

<tr bgcolor="#D4E4F3">

<td>N_V_CODE</td>

<td>04132</td>

</tr>

<tr>

<td>N_V_NAME</td>

<td>Badha</td>

</tr>

<tr bgcolor="#D4E4F3">

<td>Pin_Code</td>

<td>122004</td>

</tr>

<tr>

<td>HADBAST_NO</td>

<td>113</td>

</tr>

<tr bgcolor="#D4E4F3">

<td>Census_200</td>

<td>00598500</td>

</tr>

<tr>

<td>Census_201</td>

<td>062908</td>

</tr>

<tr bgcolor="#D4E4F3">

<td>Shape_Leng</td>

<td>7789.008538</td>

</tr>

<tr>

<td>B_Code</td>

<td>477</td>

</tr>

<tr bgcolor="#D4E4F3">

<td>B_Name</td>

<td>GURGAON</td>

</tr>

<tr>

<td>GP_Code</td>

<td>29286</td>

</tr>

<tr bgcolor="#D4E4F3">

<td>GP_Name</td>

<td>BADHA</td>

</tr>

<tr>

<td>LGD_Code</td>

<td>62908</td>

</tr>

<tr bgcolor="#D4E4F3">

<td>Shape_Le_1</td>

<td>7789.008538</td>

</tr>

<tr>

<td>Shape_Ar_1</td>

<td>2840079.12499</td>

</tr>

<tr bgcolor="#D4E4F3">

<td>SHAPE_Le_2</td>

<td>7789.008538</td>

</tr>

<tr>

<td>Unique__ID</td>

<td>05//116//04132</td>

</tr>

<tr bgcolor="#D4E4F3">

<td>District1</td>

<td>GGM</td>

</tr>

<tr>

<td>Unique_ID2</td>

<td>GGM62908</td>

</tr>

<tr bgcolor="#D4E4F3">

<td>GlobalID</td>

<td>{2DB9B121-0072-45CD-833E-B3E50A25476A}</td>

</tr>

<tr>

<td>UQ</td>

<td>Gurgaon/113</td>

</tr>

<tr bgcolor="#D4E4F3">

<td>LGD_HARTRO</td>

<td>62908</td>

</tr>

<tr>

<td>LGD_HARSAC</td>

<td>62908</td>

</tr>

<tr bgcolor="#D4E4F3">

<td>HARTRON_LG</td>

<td></td>

</tr>

<tr>

<td>HARTRON__1</td>

<td></td>

</tr>

<tr bgcolor="#D4E4F3">

<td>HARTRON__2</td>

<td></td>

</tr>

<tr>

<td>HARTORN_LG</td>

<td></td>

</tr>

<tr bgcolor="#D4E4F3">

<td>New_block</td>

<td>Gurgaon</td>

</tr>

<tr>

<td>Shape_Le_3</td>

<td>8872.853606</td>

</tr>

</table>

</td>

</tr>

</table>

</body>

</html>

]]></description>
      <styleUrl>#PolyStyle00</styleUrl>
      <MultiGeometry>
        <Polygon>
          <extrude>0</extrude><altitudeMode>clampToGround</altitudeMode>
          <outerBoundaryIs><LinearRing><coordinates> 76.96078744475959,28.40822206770838,0 76.96078211146175,28.40833567640987,0 76.96078092388896,28.40836096482441,0 76.96077960785705,28.40838898948496,0 76.96075304467411,28.4086844916488,0 76.96074974067048,28.40872124565451,0 76.96046194111472,28.40877888927264,0 76.96032461116565,28.40882342213431,0 76.95991998391054,28.40892773583125,0 76.95967155212378,28.40893224513255,0 76.95963696968029,28.4089467306791,0 76.95945668498928,28.40896267165214,0 76.95912005840455,28.40908837414079,0 76.95894731237541,28.40915399395691,0 76.95825696067284,28.40938999550419,0 76.95795256923375,28.40949107542729,0 76.95756676976869,28.40961918639531,0 76.95694065928701,28.40982709468246,0 76.95687657616956,28.4098483744201,0 76.95627021694607,28.41007913272065,0 76.95623718050318,28.41010045665477,0 76.95618565134185,28.41010781273154,0 76.95610686010826,28.41013731604609,0 76.95601230883136,28.41017272001273,0 76.95549654200929,28.41029161176835,0 76.9550551817439,28.41039969686247,0 76.95497271909575,28.41041989085468,0 76.95480779379952,28.41046027882754,0 76.95411758762401,28.41068945318058,0 76.9539659160714,28.4107595361915,0 76.95354000862555,28.41095633710368,0 76.95342519405075,28.41100938891042,0 76.95297488297186,28.41122793419851,0 76.95273316160028,28.41131419371737,0 76.9520425808273,28.41155848429483,0 76.95199451646803,28.41157444304748,0 76.95135236027873,28.4117876452101,0 76.95066323028495,28.41197142078899,0 76.95003709015887,28.41217929838529,0 76.9499730043465,28.41220057369982,0 76.94980064728787,28.41224954159288,0 76.94928501161985,28.41242595887486,0 76.94928284488338,28.41242682009375,0 76.94928258437194,28.41242692359802,0 76.94924826243988,28.41244122378113,0 76.94913464172613,28.41248856077877,0 76.94877835371476,28.41266237267882,0 76.94861789753702,28.41274064937157,0 76.94859019079874,28.41275644439402,0 76.94813320972887,28.41299271682162,0 76.94789683692647,28.41311492779889,0 76.94771678579743,28.41319422102016,0 76.94739509011103,28.41333589198608,0 76.94737454564049,28.41334493944699,0 76.94720453587969,28.41342955699085,0 76.94699636299073,28.41353316928249,0 76.94697927793233,28.41354139028119,0 76.94697240132882,28.4135446992231,0 76.94683271240383,28.41361983856609,0 76.946511055345,28.41379285693048,0 76.94632067179356,28.41387931583544,0 76.94629019195597,28.41389308487648,0 76.94614565751834,28.41395837698581,0 76.9458529001605,28.41411084043844,0 76.94582458256779,28.41412558758874,0 76.94581823776697,28.41412847460096,0 76.94567162103451,28.41419518162687,0 76.9456377329887,28.41421722213921,0 76.94512540761251,28.41446448941513,0 76.94495819071393,28.41454519273254,0 76.94452869809177,28.41476159826724,0 76.94443233850619,28.41481015096836,0 76.94441874789426,28.41481699789926,0 76.94427886852642,28.4148874779648,0 76.94390605780205,28.4151004822565,0 76.94373798031742,28.41520903175559,0 76.94335627178016,28.41542051843399,0 76.94304389791147,28.41559623436853,0 76.94272073527621,28.41578958705774,0 76.94262703380556,28.41584564824199,0 76.94236355074621,28.41599857749646,0 76.94234924507529,28.4160068812624,0 76.94201315478482,28.41613744782281,0 76.94183560636215,28.41621112367664,0 76.94142525055049,28.41629698725705,0 76.94128852516759,28.41631609139451,0 76.9409791768248,28.4160029000373,0 76.94096391265148,28.41598519823984,0 76.94078752485217,28.41578063540581,0 76.94063269212813,28.41559959776214,0 76.94031389620345,28.4152268466654,0 76.94016761005102,28.41505907841794,0 76.93983086309204,28.41467287804831,0 76.93978869437596,28.41461154316416,0 76.93947624864204,28.41428781400734,0 76.93945891475035,28.41426985435211,0 76.93936327381698,28.41419294565552,0 76.93927613004792,28.41411755230806,0 76.93878283188771,28.41369076662479,0 76.93867856982259,28.41359050688331,0 76.93864741085864,28.41356082359761,0 76.93862088720157,28.41353555617706,0 76.93833308495086,28.41334545617385,0 76.93830566477511,28.41332734386907,0 76.93803616749493,28.41300442301439,0 76.93764029701718,28.41252776675086,0 76.93760106399549,28.41245135218745,0 76.93721369607191,28.41200783706641,0 76.93718138277285,28.41197395072908,0 76.93713517343463,28.41192110325461,0 76.93711436216444,28.41189730347287,0 76.93688320498059,28.41163294001728,0 76.93697903725509,28.41155900261063,0 76.93714757108387,28.4114289747958,0 76.93741920725274,28.41123889787548,0 76.93767584065804,28.41105931813923,0 76.9377194529668,28.41102880056808,0 76.93778537134233,28.41098267417175,0 76.9377847595896,28.41098151427581,0 76.93772913411058,28.41087590443324,0 76.93768241093603,28.41078789759924,0 76.93753041509166,28.41050160624173,0 76.93741261990677,28.41033464749793,0 76.9373717276967,28.41026765280529,0 76.93729696271222,28.41014516278863,0 76.93728129878865,28.41011949949006,0 76.93712212001523,28.4097930496217,0 76.93710560448874,28.40976318038155,0 76.93708023426848,28.409717297584,0 76.93697171418891,28.40952103007829,0 76.93677768707066,28.40917040818869,0 76.936775579623,28.40916668982101,0 76.9364633674511,28.40861594013172,0 76.93638640069585,28.40848016755776,0 76.93619157317872,28.40813409896662,0 76.93613953826589,28.4080416674311,0 76.93598916927048,28.40777456598597,0 76.93597838769045,28.40775541368927,0 76.93591856438407,28.40767281201193,0 76.93589387778178,28.40762751617673,0 76.93583953509696,28.40751444717541,0 76.93563338790894,28.40708551886633,0 76.93556874963267,28.40696447825546,0 76.93550910239613,28.40685278577904,0 76.93551518848216,28.40684955090222,0 76.93593433790218,28.40662679297026,0 76.93611446987956,28.40653421473141,0 76.93623962855486,28.4064698899343,0 76.9363933563511,28.40639088166562,0 76.93646735327599,28.40635011760801,0 76.9365757556763,28.40629039851182,0 76.93660665233216,28.40627337857511,0 76.93695324572498,28.40597319827607,0 76.93711979248032,28.40582488487367,0 76.9372839829547,28.40568028422269,0 76.93763519997628,28.4053856586596,0 76.93773006117198,28.40529844295757,0 76.93799124723913,28.40509439758468,0 76.93836311563078,28.4047726503126,0 76.93842513711462,28.4047205680774,0 76.93847222590351,28.40468102576517,0 76.93850110224831,28.40465289898232,0 76.93852596851369,28.40463589616621,0 76.9387378631229,28.40445795826844,0 76.93882312671811,28.40438361365759,0 76.93893838775558,28.40428442210795,0 76.93897268273818,28.40424618341362,0 76.93913147613434,28.40406913222385,0 76.93912345238219,28.40370659305813,0 76.93911063521975,28.40316232447043,0 76.93905855539116,28.40273441367835,0 76.93904656018714,28.40261658887917,0 76.93903618195068,28.4024961634563,0 76.93899957200961,28.40207134118269,0 76.93893823144873,28.40154887897822,0 76.93893549877363,28.4015256055035,0 76.9389650551431,28.40098254735306,0 76.9389996250102,28.40061500674095,0 76.93901291288986,28.40059659198445,0 76.93901287785557,28.40057862684712,0 76.93907370278347,28.40049522068401,0 76.93909626576844,28.40044239830079,0 76.9391645224587,28.40028259397542,0 76.93925815026746,28.40025038306219,0 76.93955688321861,28.4000774334514,0 76.93967819800275,28.40000719876682,0 76.93970010970919,28.39999753459957,0 76.93987421039776,28.39992074513374,0 76.93993716433287,28.39989297899998,0 76.94025767424307,28.39965506375722,0 76.9404963045118,28.39947792666535,0 76.94063624496508,28.39939863344966,0 76.94067703207222,28.39937552307538,0 76.94069340207166,28.39936624684187,0 76.94077895941595,28.39931776845322,0 76.94088194767001,28.39925941245185,0 76.9409509005546,28.39922034301632,0 76.94095910756302,28.39921618336357,0 76.94101146407273,28.39918964818894,0 76.94101830743857,28.39918617917665,0 76.94105952483875,28.39914978140769,0 76.94129755323618,28.39887363887714,0 76.94134430066528,28.39882343444333,0 76.94157516230341,28.39859499618568,0 76.94165635203878,28.39850008217125,0 76.94167204291185,28.39848436325423,0 76.94184188019608,28.39831422471443,0 76.94196436458675,28.39819152174291,0 76.9420103394647,28.39816242759409,0 76.94234807996035,28.39795709939041,0 76.94237763902478,28.39793912906429,0 76.94246874526262,28.39788374115108,0 76.94264287649391,28.3978033594024,0 76.94269381905535,28.39777774526858,0 76.94307569557756,28.39758573784514,0 76.94332211064653,28.39746184000672,0 76.94335621788123,28.3974541179699,0 76.94340272905339,28.39743576588182,0 76.94370534452317,28.39731074891395,0 76.94377174349739,28.39728331794071,0 76.94400239762467,28.39718802976635,0 76.94436884378527,28.39702351949116,0 76.94437858870948,28.39703739029129,0 76.94483858901701,28.3976921092737,0 76.94491931162845,28.39771309116564,0 76.94498806778198,28.39768473178916,0 76.94510778985314,28.39766141321348,0 76.94537709040229,28.39754463850744,0 76.94552669043982,28.39747976853208,0 76.94580693785898,28.39733849675901,0 76.94590358939705,28.39728638874341,0 76.94603045666801,28.39721798868611,0 76.94605636408079,28.39720635502979,0 76.94673566470874,28.39687012505761,0 76.9468292359237,28.39682779032008,0 76.94738126234388,28.39656766834109,0 76.94744550176814,28.39653323101776,0 76.94760927093266,28.3964649853591,0 76.94776824668679,28.39638386999227,0 76.94790656927427,28.39632433651432,0 76.94809427764275,28.39619909301983,0 76.9484663867829,28.39595081349493,0 76.94858289468198,28.39588742976142,0 76.94861202165677,28.39587158401966,0 76.94877200172739,28.39576299969098,0 76.94885626459937,28.39570580732697,0 76.94898312109052,28.39587912441833,0 76.94903155196242,28.39594529293435,0 76.94905132567847,28.39597230938225,0 76.94915566769366,28.39612852386798,0 76.94928640400855,28.39605673455223,0 76.94941629141546,28.39598572040514,0 76.94945948510926,28.39595021449909,0 76.94948416632171,28.3959299252917,0 76.94985155122176,28.3957112852274,0 76.94990303636564,28.39568724552415,0 76.9499128603416,28.39568143572425,0 76.94991246957446,28.39568807605998,0 76.94993025531876,28.39573878772854,0 76.95006909174256,28.39600168861572,0 76.95008761859697,28.39603677015029,0 76.95009510785151,28.39609326614229,0 76.95014938226434,28.39650266896061,0 76.95015894303391,28.39654226964074,0 76.95028065756838,28.39694691594374,0 76.95032024093305,28.39707851116176,0 76.95044397308365,28.39747084931236,0 76.95045878989595,28.39750628358911,0 76.95046028918416,28.39750986802857,0 76.95050358798086,28.39761341212775,0 76.95057890453091,28.39779352434698,0 76.95066027842093,28.3981499327065,0 76.95069185330483,28.39828822745005,0 76.95071109521822,28.39837250458555,0 76.95073343182779,28.39840465443292,0 76.95092467596521,28.39867990919755,0 76.9509401853786,28.39870223267293,0 76.95094399064214,28.39870907116248,0 76.95095692458563,28.39873231206697,0 76.95104508704424,28.39889074297459,0 76.95111174113998,28.39899980059482,0 76.95086281258487,28.39922970855603,0 76.95078463669726,28.3993101793064,0 76.95093965627092,28.3997269881309,0 76.95094486649954,28.39974099528243,0 76.95096132273724,28.39976976343403,0 76.95097439591957,28.39979261611603,0 76.95126978983279,28.40028168445561,0 76.95127874873111,28.40029651729236,0 76.95130120930813,28.40033370407646,0 76.95141659521144,28.40054918566671,0 76.95150144917488,28.40067572863499,0 76.95163487055414,28.40087469840152,0 76.95193736564966,28.40133203317929,0 76.95200070496202,28.40141526721223,0 76.95242882675505,28.40195500751956,0 76.95255913098029,28.40212364676242,0 76.95259953810007,28.40216181115518,0 76.95280319156488,28.4023541619191,0 76.95283689545602,28.40238599527508,0 76.95295072188399,28.40249350290962,0 76.9529852935477,28.40251526060075,0 76.95325054628816,28.40274427356096,0 76.95325128649998,28.40274491202745,0 76.95329166128042,28.40279338568746,0 76.95329838337366,28.4028014573853,0 76.95336965840326,28.40289965706692,0 76.95338175601518,28.40291632354497,0 76.95370657424553,28.40342522037389,0 76.95376848613492,28.40352221683029,0 76.95378059093338,28.40354313988503,0 76.95411105687187,28.40411435688476,0 76.95422449522763,28.40433616162402,0 76.95438812066168,28.40465609520802,0 76.95466865015186,28.40516329589176,0 76.95486501558479,28.40556657627388,0 76.95565701615335,28.40654820122918,0 76.95579004766374,28.40673604095618,0 76.95581430217645,28.40676693982687,0 76.95611489733511,28.40663489756245,0 76.95621093801877,28.40681354689048,0 76.95648274307091,28.40724929764604,0 76.95658708328948,28.4073539637183,0 76.95662904449472,28.40743738028507,0 76.95685234680974,28.40789585377608,0 76.95706485766324,28.40826347026904,0 76.95718261332226,28.40821776934432,0 76.95759534338123,28.40815171832138,0 76.95764565352873,28.40814366599455,0 76.9578526208786,28.40811163367267,0 76.95786553685576,28.40810963382513,0 76.95802381102567,28.40807111443093,0 76.95864949750251,28.40791883665926,0 76.95871258528661,28.40789383101031,0 76.95913489587811,28.40772644226843,0 76.95916666479812,28.40771384974063,0 76.95923156538245,28.4076881250119,0 76.95929647494992,28.40766239711634,0 76.95939370949459,28.40762385701575,0 76.95976657591453,28.40747606346992,0 76.95989703914154,28.40746335713131,0 76.95990920772039,28.40746217191217,0 76.96006698512193,28.40743820756826,0 76.96035314794727,28.40739474319257,0 76.96038042978246,28.40738774960472,0 76.96069371813613,28.40730743906775,0 76.96069845046104,28.40730622540156,0 76.96080522870726,28.40784323182815,0 76.96080032480414,28.40791885720296,0 76.96079886683845,28.4079413415012,0 76.96079146292388,28.40805552256635,0 76.96079241873132,28.40811611061294,0 76.96078744475959,28.40822206770838,0</coordinates></LinearRing></outerBoundaryIs>
        </Polygon>
      </MultiGeometry>
    </Placemark>
    <Placemark id="ID_00010">
      <name>Naharpur Kasan</name>
      <Snippet></Snippet>
      <description><![CDATA[<html xmlns:fo="http://www.w3.org/1999/XSL/Format" xmlns:msxsl="urn:schemas-microsoft-com:xslt">

<head>

<META http-equiv="Content-Type" content="text/html">

<meta http-equiv="content-type" content="text/html; charset=UTF-8">

</head>

<body style="margin:0px 0px 0px 0px;overflow:auto;background:#FFFFFF;">

<table style="font-family:Arial,Verdana,Times;font-size:12px;text-align:left;width:100%;border-collapse:collapse;padding:3px 3px 3px 3px">

<tr style="text-align:center;font-weight:bold;background:#9CBCE2">

<td>Gurgaon</td>

</tr>

<tr>

<td>

<table style="font-family:Arial,Verdana,Times;font-size:12px;text-align:left;width:100%;border-spacing:0px; padding:3px 3px 3px 3px">

<tr>

<td>FID</td>

<td>10</td>

</tr>

<tr bgcolor="#D4E4F3">

<td>OBJECTID_1</td>

<td>231</td>

</tr>

<tr>

<td>OBJECTID_2</td>

<td>1641</td>

</tr>

<tr bgcolor="#D4E4F3">

<td>N_D_CODE</td>

<td>05</td>

</tr>

<tr>

<td>N_D_NAME</td>

<td>Gurgaon</td>

</tr>

<tr bgcolor="#D4E4F3">

<td>N_T_CODE</td>

<td>116</td>

</tr>

<tr>

<td>N_T_NAME</td>

<td>Manesar</td>

</tr>

<tr bgcolor="#D4E4F3">

<td>N_V_CODE</td>

<td>04133</td>

</tr>

<tr>

<td>N_V_NAME</td>

<td>Naharpur Kasan</td>

</tr>

<tr bgcolor="#D4E4F3">

<td>Pin_Code</td>

<td>122052</td>

</tr>

<tr>

<td>HADBAST_NO</td>

<td>111</td>

</tr>

<tr bgcolor="#D4E4F3">

<td>Census_200</td>

<td>00599000</td>

</tr>

<tr>

<td>Census_201</td>

<td>062911</td>

</tr>

<tr bgcolor="#D4E4F3">

<td>Shape_Leng</td>

<td>6656.714333</td>

</tr>

<tr>

<td>B_Code</td>

<td>477</td>

</tr>

<tr bgcolor="#D4E4F3">

<td>B_Name</td>

<td>GURGAON</td>

</tr>

<tr>

<td>GP_Code</td>

<td>29305</td>

</tr>

<tr bgcolor="#D4E4F3">

<td>GP_Name</td>

<td>NAHARPUR KASAN</td>

</tr>

<tr>

<td>LGD_Code</td>

<td>62911</td>

</tr>

<tr bgcolor="#D4E4F3">

<td>Shape_Le_1</td>

<td>6656.714333</td>

</tr>

<tr>

<td>Shape_Ar_1</td>

<td>2515741.43065</td>

</tr>

<tr bgcolor="#D4E4F3">

<td>SHAPE_Le_2</td>

<td>6656.714333</td>

</tr>

<tr>

<td>Unique__ID</td>

<td>05//116//04133</td>

</tr>

<tr bgcolor="#D4E4F3">

<td>District1</td>

<td>GGM</td>

</tr>

<tr>

<td>Unique_ID2</td>

<td>GGM62911</td>

</tr>

<tr bgcolor="#D4E4F3">

<td>GlobalID</td>

<td>{554F17CE-04AF-4B57-A50A-27411A3096FF}</td>

</tr>

<tr>

<td>UQ</td>

<td>Gurgaon/111</td>

</tr>

<tr bgcolor="#D4E4F3">

<td>LGD_HARTRO</td>

<td>62911</td>

</tr>

<tr>

<td>LGD_HARSAC</td>

<td>62911</td>

</tr>

<tr bgcolor="#D4E4F3">

<td>HARTRON_LG</td>

<td></td>

</tr>

<tr>

<td>HARTRON__1</td>

<td></td>

</tr>

<tr bgcolor="#D4E4F3">

<td>HARTRON__2</td>

<td></td>

</tr>

<tr>

<td>HARTORN_LG</td>

<td></td>

</tr>

<tr bgcolor="#D4E4F3">

<td>New_block</td>

<td>Gurgaon</td>

</tr>

<tr>

<td>Shape_Le_3</td>

<td>7597.073574</td>

</tr>

</table>

</td>

</tr>

</table>

</body>

</html>

]]></description>
      <styleUrl>#PolyStyle00</styleUrl>
      <MultiGeometry>
        <Polygon>
          <extrude>0</extrude><altitudeMode>clampToGround</altitudeMode>
          <outerBoundaryIs><LinearRing><coordinates> 76.94397466214028,28.37977136480577,0 76.94397791673657,28.37992944468327,0 76.94397857160838,28.37996122628812,0 76.94398048142668,28.37999472452554,0 76.94398175523776,28.38001708117886,0 76.94399239847723,28.3800441664947,0 76.94399376211986,28.38004763692378,0 76.94417710377778,28.38051420745787,0 76.944181688779,28.38052686486464,0 76.94422724594028,28.38065264771282,0 76.94389104246206,28.3808438504129,0 76.94387707545602,28.38085179416577,0 76.94355031686469,28.38103681997545,0 76.94354018027499,28.38104785474557,0 76.94337978428443,28.38122244296066,0 76.94317530886114,28.38144501086488,0 76.94316425958313,28.38145703746923,0 76.94305653181762,28.38156432448832,0 76.94304144461243,28.38157406620881,0 76.94267134680022,28.38181301548871,0 76.94246439023013,28.38194663378693,0 76.94245683719519,28.38195151016206,0 76.94230354687848,28.38208228782062,0 76.9422936088165,28.38209115617302,0 76.94222916996621,28.38214866253215,0 76.94184879542713,28.38248811238269,0 76.94173918569113,28.38258592781576,0 76.9417163029059,28.38260634840114,0 76.94170865464959,28.38261420350493,0 76.9412034026079,28.38313314487662,0 76.94119722130043,28.38313993457997,0 76.94102409977552,28.38333011406521,0 76.94102289962629,28.38333143153868,0 76.9406880454176,28.38356151811395,0 76.94068798163724,28.38356158054956,0 76.94064322217989,28.38360487924825,0 76.94062564304809,28.38361497642702,0 76.94056997175498,28.38366143323693,0 76.94046670681981,28.38373924767617,0 76.94043916986308,28.38376412704077,0 76.94016022050948,28.38403008534508,0 76.94003228334503,28.38415206576066,0 76.93974557614065,28.3844251691464,0 76.93947793657649,28.38468010957889,0 76.93905157997295,28.38511007536951,0 76.93895347945237,28.38520900667548,0 76.93884640206711,28.38532265348439,0 76.93877956920662,28.38554182709677,0 76.93871772648751,28.3857461638046,0 76.93856668465394,28.38616928834502,0 76.93852553283079,28.38628456926367,0 76.93834016726854,28.3866606726955,0 76.93818571632848,28.3868187478352,0 76.93817780666241,28.38686384708714,0 76.93801600840163,28.38706408671226,0 76.93774138623276,28.38734993481565,0 76.93758734582278,28.38752682742803,0 76.93726559623748,28.3878802197824,0 76.93714455184619,28.38803107221526,0 76.9369025546918,28.38841373121423,0 76.93657367697472,28.38894822070391,0 76.9365459585583,28.38898638905097,0 76.93618671239473,28.38948104632997,0 76.93596970996479,28.3897674632392,0 76.93581340939357,28.39001426283559,0 76.93555688198944,28.3903330099922,0 76.93546745290631,28.39044412875725,0 76.9353546837954,28.39054503076659,0 76.93532444290967,28.39058252522704,0 76.93513274512301,28.39079551911553,0 76.93504986655489,28.39089204743816,0 76.93499933991342,28.39085946145372,0 76.93479166289445,28.39065859124808,0 76.93451835855412,28.39031768342036,0 76.93437161426085,28.39013794652227,0 76.93432178650869,28.3900965155419,0 76.93392025035646,28.38953694836469,0 76.93378121091342,28.38937678066244,0 76.93356428933187,28.38910012506436,0 76.93345038385215,28.38897486908233,0 76.93331740444403,28.38880602161899,0 76.93299760599952,28.38841341588925,0 76.93291689686279,28.38831010146987,0 76.93274753029577,28.38809329812926,0 76.93263635749115,28.38798361364984,0 76.93259756105067,28.38789323273162,0 76.93256874938457,28.38785284010843,0 76.93210914792898,28.3872911320299,0 76.93207932206492,28.38725558685781,0 76.93162221792586,28.38672841729348,0 76.93140922018549,28.38645423238362,0 76.93118654219958,28.386167585238,0 76.93082397496441,28.38570029826841,0 76.9307525804589,28.38560681423104,0 76.93032873644322,28.38512208101006,0 76.93026395713144,28.38504403049165,0 76.93020888681129,28.38497095415097,0 76.92981121341478,28.38448256438564,0 76.92960790669969,28.38422083937668,0 76.92937555655314,28.3839217251929,0 76.92910179766523,28.38354107400276,0 76.92903813855263,28.38345530084463,0 76.92895698834313,28.38336151213319,0 76.92847009337427,28.38279878444515,0 76.92843806034958,28.3827522047561,0 76.9283894318483,28.38269465288511,0 76.92810533963969,28.38235842983618,0 76.9279661205336,28.38223542545521,0 76.92786975555812,28.38211837689681,0 76.92773762775288,28.38200001071917,0 76.92742974815553,28.38174859586291,0 76.927345862576,28.38166778458034,0 76.92715517090242,28.38148408290036,0 76.92708134465742,28.38140077552123,0 76.92682153391097,28.38110367112756,0 76.92648917791708,28.38072363261396,0 76.92643217711735,28.38065046003511,0 76.92633466140001,28.38054093382932,0 76.9263033407393,28.38047924566136,0 76.92582591042031,28.38000276476487,0 76.9257965462903,28.3799763077675,0 76.92583071101718,28.37997756600632,0 76.92581113762546,28.37995276953056,0 76.92576334006583,28.37989221912687,0 76.92574632687267,28.37987341744969,0 76.92572699063618,28.37985204870605,0 76.92568981206151,28.37979907219168,0 76.92567019914391,28.37977422588197,0 76.92557233038868,28.37965024478819,0 76.92537801311458,28.37941608334928,0 76.92522828910957,28.37923194070172,0 76.92526039220287,28.37921192966171,0 76.92542281838602,28.37908298367409,0 76.92543870419354,28.37907361556402,0 76.9254760193121,28.37905160963077,0 76.92579707719464,28.37886848670426,0 76.92581428532222,28.37885881586762,0 76.92597559759444,28.37877233075986,0 76.92614435330708,28.37868185505059,0 76.92630684327061,28.37859473750945,0 76.92669476725133,28.37844362268779,0 76.9268470559465,28.37835057485646,0 76.92698853431554,28.37826502196353,0 76.92730595851273,28.37802414093979,0 76.92755884684166,28.37783223210073,0 76.92770032341407,28.37774667799931,0 76.92793625694028,28.37753868227523,0 76.92822167775719,28.37723573095968,0 76.92822527910316,28.3772319087233,0 76.9282347671092,28.37722183780943,0 76.92827695828315,28.37718369447135,0 76.92835113037951,28.3771413400168,0 76.92850123527025,28.37705562570281,0 76.92862589088894,28.37698444312444,0 76.928983140996,28.37678043966981,0 76.929072478451,28.37670809900683,0 76.92931915852296,28.37657209428534,0 76.92953067494142,28.37645547655515,0 76.92968977556141,28.37636775649815,0 76.92959577405345,28.3761828450518,0 76.92939947240092,28.37563124739122,0 76.92938009574026,28.37557004798639,0 76.92936645931421,28.37554267145705,0 76.92913456551187,28.37507713659148,0 76.92907318362849,28.37492741100384,0 76.92897845628177,28.37474001364115,0 76.92897572540332,28.37473460974425,0 76.92908682634271,28.37464663138714,0 76.92925606534898,28.37453717327824,0 76.92925781616546,28.37453586992253,0 76.92979832438709,28.37413359462879,0 76.92997360725856,28.37403368712786,0 76.93004923193078,28.3739905813301,0 76.93005793750419,28.37398561922618,0 76.93013548277446,28.37394573980527,0 76.93015540022094,28.37393624398771,0 76.9301589827023,28.37394058326188,0 76.93017663729256,28.37396197216597,0 76.93032509467304,28.37385382857063,0 76.93050274011375,28.37376619488667,0 76.93066749832337,28.37364620302344,0 76.93085861130683,28.37350701539043,0 76.93121228162745,28.37329312207646,0 76.9314864151128,28.37307112828691,0 76.9315874845654,28.37298928128794,0 76.93192695072474,28.37271437557489,0 76.9322306819021,28.37246840753352,0 76.93224957616748,28.37245414305794,0 76.93264047447012,28.37215902440446,0 76.93289077115941,28.37194835799144,0 76.93289108736639,28.37194816196953,0 76.93297371889781,28.37189696309448,0 76.93304483762051,28.37182358208094,0 76.93335553074131,28.37157196921135,0 76.93353419307492,28.37142727915133,0 76.93382924293334,28.37117414537071,0 76.93406724438135,28.3710535949122,0 76.93429730382394,28.37091078534148,0 76.9347514039967,28.37067321370628,0 76.93477279557854,28.37066202135358,0 76.93522231614,28.37040020770014,0 76.93536425354814,28.37032175429772,0 76.93541192624194,28.37030873444983,0 76.93547830006335,28.37027131581546,0 76.93577790707522,28.37010240932682,0 76.93618329789832,28.36989094129001,0 76.93646469156782,28.36973828143046,0 76.93688475816771,28.36951038676393,0 76.93688837119177,28.36950891024254,0 76.9369622917599,28.36947867474731,0 76.93712682898395,28.36938102981588,0 76.93718555095576,28.3693461813335,0 76.93738148519733,28.36923252372852,0 76.93745105791943,28.36919099605232,0 76.93771894182538,28.36903109877566,0 76.93789688101518,28.36892488908711,0 76.9379485691783,28.36888445920288,0 76.93796371657062,28.36886721431001,0 76.93800933391906,28.36881527726354,0 76.93809176602447,28.36886910502765,0 76.93809548145651,28.36887203042307,0 76.93823060334657,28.36897841010764,0 76.93825549656144,28.36899708487541,0 76.93828488943754,28.3690254258409,0 76.93871385115536,28.36943904024622,0 76.9387151689839,28.36944031046649,0 76.93875476312837,28.36948564949476,0 76.93880957832698,28.3695419343619,0 76.93884216561223,28.36957411350287,0 76.93884812323921,28.36957919674867,0 76.93887480410147,28.36960195792524,0 76.93890777047575,28.36963008136139,0 76.93893154079649,28.36963636447433,0 76.93894135399263,28.36964533741342,0 76.93896354507511,28.36966563006964,0 76.93933595874412,28.37000618220203,0 76.93934193972731,28.37001165194507,0 76.93949047526121,28.37016649456271,0 76.9395612274713,28.37024026323953,0 76.93959759307063,28.37027003216794,0 76.93996857213016,28.37057370527089,0 76.93998051163858,28.3705834788272,0 76.94010862397451,28.37072627619175,0 76.94014990246012,28.37077228573675,0 76.94020285006128,28.37082514345408,0 76.94021545791631,28.37083559832854,0 76.94025446456257,28.3708818726164,0 76.94046901369344,28.37113639585687,0 76.94048009531082,28.3711495428603,0 76.94072198736229,28.37157819213781,0 76.9408390369455,28.37169431964109,0 76.94085529555383,28.37171045117347,0 76.94089850541732,28.37175847821418,0 76.94134730103832,28.37225729357318,0 76.94136496910333,28.37227693048127,0 76.94150330426719,28.37242687875267,0 76.94155009661202,28.37247959021077,0 76.94155189054766,28.37248161049077,0 76.94187941001202,28.37282113396262,0 76.94190198737007,28.37284453862306,0 76.94195565721672,28.37295280417901,0 76.94205545734982,28.37309784625864,0 76.94214745920799,28.37321828057648,0 76.94219709921227,28.37329554860697,0 76.94225077714377,28.37337910184364,0 76.94226743819732,28.37340503724182,0 76.94245593887993,28.37372538587567,0 76.94257447697154,28.3739268351129,0 76.94280056136898,28.37383614028253,0 76.94285868865606,28.37381067527596,0 76.94340756109131,28.37357021885594,0 76.94347393670935,28.37354114087185,0 76.94347604415701,28.37354021768586,0 76.94354650800788,28.37361697014209,0 76.94369086996898,28.37377421425738,0 76.94383101613644,28.37392311708954,0 76.94386049884409,28.3739544428549,0 76.94388763245725,28.37398327254145,0 76.94410251935466,28.3742115836223,0 76.9441959432459,28.37431084362361,0 76.9442070033037,28.37432259360894,0 76.94439251708795,28.37451969692904,0 76.94441062532744,28.37454676705056,0 76.94454048578491,28.37474090124917,0 76.94467680243433,28.37499389610515,0 76.94470535718227,28.37504689240812,0 76.94471107406076,28.37507709549132,0 76.94471584680984,28.37510231280265,0 76.94481507381782,28.37562659756555,0 76.94482043945503,28.37565053590613,0 76.94482766999474,28.37568280013638,0 76.94486632629803,28.37585528686386,0 76.94493838645519,28.37617681050569,0 76.94494639673258,28.37619953707083,0 76.94502704298719,28.37642834527131,0 76.94505599748544,28.37651049470229,0 76.94508299275805,28.37661282553472,0 76.94511924696627,28.3767502497176,0 76.94512301899216,28.37677723707091,0 76.94516341084059,28.3770662253918,0 76.94518217305362,28.37727713139857,0 76.94518561809272,28.3772970764125,0 76.94523831057235,28.37760211728771,0 76.94525033272579,28.37768812280593,0 76.94524633881603,28.3778251678002,0 76.94524511441233,28.37784365290335,0 76.94523433732384,28.37800633874408,0 76.94519387271188,28.3783689136509,0 76.94519121100369,28.37838608902798,0 76.94515642643924,28.37861050916849,0 76.94512102203728,28.37883893200509,0 76.94511912030381,28.37885120786818,0 76.94511031142414,28.37890803627546,0 76.94510977512992,28.37891149488632,0 76.94510789585435,28.37892745302294,0 76.94510537607997,28.37894885435757,0 76.94505790101553,28.37919988620527,0 76.94505543334344,28.3792129365762,0 76.94482246425764,28.37926644292206,0 76.94465216793428,28.37930555527796,0 76.9446355643729,28.37930936795536,0 76.94455017411524,28.37934902722159,0 76.94445582136601,28.37939284848449,0 76.94441247675526,28.37941477610178,0 76.94438162950669,28.37943038087393,0 76.94436450582076,28.37944472818903,0 76.94397466214028,28.37977136480577,0</coordinates></LinearRing></outerBoundaryIs>
        </Polygon>
      </MultiGeometry>
    </Placemark>
    <Placemark id="ID_00011">
      <name>Sikanderpur Badha</name>
      <Snippet></Snippet>
      <description><![CDATA[<html xmlns:fo="http://www.w3.org/1999/XSL/Format" xmlns:msxsl="urn:schemas-microsoft-com:xslt">

<head>

<META http-equiv="Content-Type" content="text/html">

<meta http-equiv="content-type" content="text/html; charset=UTF-8">

</head>

<body style="margin:0px 0px 0px 0px;overflow:auto;background:#FFFFFF;">

<table style="font-family:Arial,Verdana,Times;font-size:12px;text-align:left;width:100%;border-collapse:collapse;padding:3px 3px 3px 3px">

<tr style="text-align:center;font-weight:bold;background:#9CBCE2">

<td>Gurgaon</td>

</tr>

<tr>

<td>

<table style="font-family:Arial,Verdana,Times;font-size:12px;text-align:left;width:100%;border-spacing:0px; padding:3px 3px 3px 3px">

<tr>

<td>FID</td>

<td>11</td>

</tr>

<tr bgcolor="#D4E4F3">

<td>OBJECTID_1</td>

<td>232</td>

</tr>

<tr>

<td>OBJECTID_2</td>

<td>1643</td>

</tr>

<tr bgcolor="#D4E4F3">

<td>N_D_CODE</td>

<td>05</td>

</tr>

<tr>

<td>N_D_NAME</td>

<td>Gurgaon</td>

</tr>

<tr bgcolor="#D4E4F3">

<td>N_T_CODE</td>

<td>116</td>

</tr>

<tr>

<td>N_T_NAME</td>

<td>Manesar</td>

</tr>

<tr bgcolor="#D4E4F3">

<td>N_V_CODE</td>

<td>04135</td>

</tr>

<tr>

<td>N_V_NAME</td>

<td>Sikanderpur Badha</td>

</tr>

<tr bgcolor="#D4E4F3">

<td>Pin_Code</td>

<td>122004</td>

</tr>

<tr>

<td>HADBAST_NO</td>

<td>109</td>

</tr>

<tr bgcolor="#D4E4F3">

<td>Census_200</td>

<td>00598800</td>

</tr>

<tr>

<td>Census_201</td>

<td>062909</td>

</tr>

<tr bgcolor="#D4E4F3">

<td>Shape_Leng</td>

<td>5629.147145</td>

</tr>

<tr>

<td>B_Code</td>

<td>477</td>

</tr>

<tr bgcolor="#D4E4F3">

<td>B_Name</td>

<td>GURGAON</td>

</tr>

<tr>

<td>GP_Code</td>

<td>29313</td>

</tr>

<tr bgcolor="#D4E4F3">

<td>GP_Name</td>

<td>SIKANDERPUR BADHA</td>

</tr>

<tr>

<td>LGD_Code</td>

<td>62909</td>

</tr>

<tr bgcolor="#D4E4F3">

<td>Shape_Le_1</td>

<td>5629.147145</td>

</tr>

<tr>

<td>Shape_Ar_1</td>

<td>1732667.07819</td>

</tr>

<tr bgcolor="#D4E4F3">

<td>SHAPE_Le_2</td>

<td>5532.037427</td>

</tr>

<tr>

<td>Unique__ID</td>

<td>05//116//04135</td>

</tr>

<tr bgcolor="#D4E4F3">

<td>District1</td>

<td>GGM</td>

</tr>

<tr>

<td>Unique_ID2</td>

<td>GGM62909</td>

</tr>

<tr bgcolor="#D4E4F3">

<td>GlobalID</td>

<td>{A2941C5F-9D9C-4468-A525-7BAA5E9A042E}</td>

</tr>

<tr>

<td>UQ</td>

<td>Gurgaon/109</td>

</tr>

<tr bgcolor="#D4E4F3">

<td>LGD_HARTRO</td>

<td>62909</td>

</tr>

<tr>

<td>LGD_HARSAC</td>

<td>62909</td>

</tr>

<tr bgcolor="#D4E4F3">

<td>HARTRON_LG</td>

<td></td>

</tr>

<tr>

<td>HARTRON__1</td>

<td></td>

</tr>

<tr bgcolor="#D4E4F3">

<td>HARTRON__2</td>

<td></td>

</tr>

<tr>

<td>HARTORN_LG</td>

<td></td>

</tr>

<tr bgcolor="#D4E4F3">

<td>New_block</td>

<td>Gurgaon</td>

</tr>

<tr>

<td>Shape_Le_3</td>

<td>6321.595088</td>

</tr>

</table>

</td>

</tr>

</table>

</body>

</html>

]]></description>
      <styleUrl>#PolyStyle00</styleUrl>
      <MultiGeometry>
        <Polygon>
          <extrude>0</extrude><altitudeMode>clampToGround</altitudeMode>
          <outerBoundaryIs><LinearRing><coordinates> 76.96069371813613,28.40730743906775,0 76.96038042978246,28.40738774960472,0 76.96035314794727,28.40739474319257,0 76.96006698512193,28.40743820756826,0 76.95990920772039,28.40746217191217,0 76.95989703914154,28.40746335713131,0 76.95976657591453,28.40747606346992,0 76.95939370949459,28.40762385701575,0 76.95929647494992,28.40766239711634,0 76.95923156538245,28.4076881250119,0 76.95916666479812,28.40771384974063,0 76.95913489587811,28.40772644226843,0 76.95871258528661,28.40789383101031,0 76.95864949750251,28.40791883665926,0 76.95802381102567,28.40807111443093,0 76.95786553685576,28.40810963382513,0 76.9578526208786,28.40811163367267,0 76.95764565352873,28.40814366599455,0 76.95759534338123,28.40815171832138,0 76.95718261332226,28.40821776934432,0 76.95706485766324,28.40826347026904,0 76.95685234680974,28.40789585377608,0 76.95662904449472,28.40743738028507,0 76.95658708328948,28.4073539637183,0 76.95648274307091,28.40724929764604,0 76.95621093801877,28.40681354689048,0 76.95611489733511,28.40663489756245,0 76.95581430217645,28.40676693982687,0 76.95579004766374,28.40673604095618,0 76.95565701615335,28.40654820122918,0 76.95486501558479,28.40556657627388,0 76.95466865015186,28.40516329589176,0 76.95438812066168,28.40465609520802,0 76.95422449522763,28.40433616162402,0 76.95411105687187,28.40411435688476,0 76.95378059093338,28.40354313988503,0 76.95376848613492,28.40352221683029,0 76.95370657424553,28.40342522037389,0 76.95338175601518,28.40291632354497,0 76.95336965840326,28.40289965706692,0 76.95329838337366,28.4028014573853,0 76.95329166128042,28.40279338568746,0 76.95325128649998,28.40274491202745,0 76.95325054628816,28.40274427356096,0 76.9529852935477,28.40251526060075,0 76.95295072188399,28.40249350290962,0 76.95283689545602,28.40238599527508,0 76.95280319156488,28.4023541619191,0 76.95259953810007,28.40216181115518,0 76.95255913098029,28.40212364676242,0 76.95242882675505,28.40195500751956,0 76.95200070496202,28.40141526721223,0 76.95193736564966,28.40133203317929,0 76.95163487055414,28.40087469840152,0 76.95150144917488,28.40067572863499,0 76.95141659521144,28.40054918566671,0 76.95130120930813,28.40033370407646,0 76.95127874873111,28.40029651729236,0 76.95126978983279,28.40028168445561,0 76.95097439591957,28.39979261611603,0 76.95096132273724,28.39976976343403,0 76.95094486649954,28.39974099528243,0 76.95093965627092,28.3997269881309,0 76.95078463669726,28.3993101793064,0 76.95086281258487,28.39922970855603,0 76.95111174113998,28.39899980059482,0 76.95104508704424,28.39889074297459,0 76.95095692458563,28.39873231206697,0 76.95094399064214,28.39870907116248,0 76.9509401853786,28.39870223267293,0 76.95092467596521,28.39867990919755,0 76.95073343182779,28.39840465443292,0 76.95071109521822,28.39837250458555,0 76.95069185330483,28.39828822745005,0 76.95066027842093,28.3981499327065,0 76.95057890453091,28.39779352434698,0 76.95050358798086,28.39761341212775,0 76.95046028918416,28.39750986802857,0 76.95045878989595,28.39750628358911,0 76.95044397308365,28.39747084931236,0 76.95032024093305,28.39707851116176,0 76.95028065756838,28.39694691594374,0 76.95015894303391,28.39654226964074,0 76.95014938226434,28.39650266896061,0 76.95009510785151,28.39609326614229,0 76.95008761859697,28.39603677015029,0 76.95006909174256,28.39600168861572,0 76.94993025531876,28.39573878772854,0 76.94991246957446,28.39568807605998,0 76.9499128603416,28.39568143572425,0 76.9499316045883,28.39536342692652,0 76.94995022486754,28.39527134301761,0 76.95000006878939,28.3949137996762,0 76.95003076152767,28.39473606039815,0 76.95006620904881,28.39453078561464,0 76.95009792586653,28.39436181423988,0 76.95011053911145,28.39429461899816,0 76.95019742686067,28.39383173080858,0 76.95019850124577,28.39380966313784,0 76.95019998256764,28.3937792377985,0 76.95021306922472,28.3935104392937,0 76.95025173181624,28.39326038804757,0 76.95025344310685,28.3932150109772,0 76.95069720995889,28.39279345634566,0 76.95081913110587,28.39267987365327,0 76.95087618849945,28.39263126339426,0 76.95094302495323,28.39257754014962,0 76.95106886904306,28.39248488957634,0 76.95134544145442,28.39228126681659,0 76.95140285188592,28.39223899820844,0 76.95152738443544,28.3921374695545,0 76.95175914079557,28.39197375355553,0 76.95199737131399,28.3918175274145,0 76.95203891839589,28.39179028152156,0 76.95214518819569,28.39172059215865,0 76.95223448342988,28.39165001449314,0 76.9523596106641,28.3915746367137,0 76.95258413289127,28.39143938126436,0 76.95262173726738,28.3914167282989,0 76.95265253331193,28.39139612448816,0 76.95293955402838,28.39120409285944,0 76.95330584567876,28.39095060877509,0 76.95340085060489,28.39088486230611,0 76.95341749369214,28.39087334491457,0 76.95364611313532,28.39072743888043,0 76.9536827105,28.39068585481785,0 76.95384422489313,28.39057520335694,0 76.95395852652987,28.39049689606297,0 76.95425140156703,28.39029624881791,0 76.95426585725656,28.39028624473749,0 76.95435390562913,28.39022531141938,0 76.95447622472982,28.39016917187487,0 76.9546025530116,28.39009141984473,0 76.9550573915995,28.38981156864799,0 76.95511457296061,28.38979151692947,0 76.95527101995721,28.38968293190413,0 76.95527707100896,28.38967873315341,0 76.95531242151203,28.38965419657715,0 76.95560411167133,28.38945961630001,0 76.95576302184844,28.38935361041236,0 76.95592669219826,28.38926853029177,0 76.95595462710864,28.38925400965353,0 76.95611828039048,28.38913810447915,0 76.95646974444875,28.38887306702476,0 76.95657861037972,28.3888051333384,0 76.95687496818522,28.38862020169301,0 76.95700892675703,28.38854902213541,0 76.95716893467542,28.38854731985693,0 76.95724831250888,28.38857423071141,0 76.95744568495321,28.38864114349562,0 76.95764133442881,28.38870727464483,0 76.957706889885,28.38872710133697,0 76.95784156082084,28.38876783265956,0 76.957954248185,28.38881689041103,0 76.95851074821532,28.38905915283301,0 76.95853299678997,28.38906843471031,0 76.95857249211976,28.38908491132475,0 76.95858347492241,28.38908930925031,0 76.95852226192233,28.38914696670944,0 76.95849391738014,28.38917366403543,0 76.95847176223029,28.38937027981105,0 76.95846798122128,28.38948471164939,0 76.95846432687468,28.38959530576786,0 76.95845092760391,28.38970443459456,0 76.95845059792221,28.38977174022389,0 76.95845391180731,28.389930547263,0 76.95846729850165,28.39003079541261,0 76.95848306573153,28.39014885469151,0 76.95850764723095,28.39031198080341,0 76.95851358868825,28.39055602582389,0 76.95851871178033,28.3905737097428,0 76.95856280828097,28.39072593341437,0 76.95860188679248,28.39086475073011,0 76.95865220682143,28.3909872298449,0 76.95869014806577,28.39110932474789,0 76.95874140952913,28.39127428201059,0 76.95879682929396,28.39137915747773,0 76.95890805599748,28.3915896406759,0 76.95919613582764,28.39200228594686,0 76.95939234225874,28.39237513140509,0 76.95955167284743,28.39263609976515,0 76.95958637656346,28.39269294054103,0 76.95958889454123,28.39269706488827,0 76.95960482795941,28.39272316230613,0 76.95954307866509,28.39284975650267,0 76.95951995962297,28.39289715203999,0 76.95956426812603,28.39294623079793,0 76.95979374456196,28.39322636927358,0 76.95985168050791,28.39329709445685,0 76.9600044345304,28.39352520906788,0 76.96005434852086,28.3935997477958,0 76.96017050967023,28.39374949206401,0 76.96060554040614,28.39426907118712,0 76.9607180328359,28.39442098530826,0 76.96086227262614,28.39460874617337,0 76.96089430026096,28.39464469743487,0 76.96099134705771,28.39475363140552,0 76.96102346901567,28.39478968851015,0 76.96117473812298,28.39496978024054,0 76.96145572036409,28.39523326148893,0 76.96148564504283,28.39529305082626,0 76.96149271837737,28.39530718342125,0 76.96178806917143,28.39577437984086,0 76.96182512827016,28.39583300090883,0 76.96201022972771,28.39617068661463,0 76.96208911708102,28.39636298029395,0 76.96225056230388,28.39676766916346,0 76.96230179142792,28.39689608236839,0 76.96231643127207,28.39693615150474,0 76.96234020788101,28.39700122648089,0 76.96237494303811,28.39721179413172,0 76.96241183235526,28.3974354284575,0 76.96247453835535,28.39772490730686,0 76.96231426004402,28.39791072075485,0 76.96218977690184,28.39805503567821,0 76.96210032985239,28.39808051935934,0 76.96181767584658,28.39816105024854,0 76.96138875365459,28.39828325146907,0 76.96133300869961,28.39830551102065,0 76.96129991566288,28.39831347005971,0 76.96133940739941,28.39843465409985,0 76.96140027903969,28.39858905457973,0 76.96146199509634,28.39872174299147,0 76.96148707066916,28.39878530282729,0 76.96160909961401,28.39909462486813,0 76.9616197967524,28.39912174086967,0 76.96166769582167,28.39921550457523,0 76.9616998114914,28.3993698035612,0 76.96170568288009,28.39939801392797,0 76.96174282462383,28.39957645657192,0 76.96174414335066,28.39958279401517,0 76.96173269791561,28.39961298457807,0 76.96172360876157,28.39963696096467,0 76.9617141000943,28.39966204442204,0 76.96167624598655,28.39996290558146,0 76.96164883569227,28.40018075457595,0 76.96164486693533,28.4002122977912,0 76.96160388848705,28.40072431623968,0 76.96160095189437,28.40076101137171,0 76.96158526910614,28.40092174582517,0 76.96158638032215,28.40095054842478,0 76.96159861717294,28.40126757484201,0 76.96160014341061,28.40130710104392,0 76.96160396214891,28.40169577049479,0 76.96161526295515,28.40175952846447,0 76.96162783757252,28.40183048105877,0 76.96163151527527,28.40185123297678,0 76.96163949411162,28.40189625155524,0 76.96170470820802,28.40226847826052,0 76.9616843784348,28.40235334881954,0 76.96167713621698,28.40238358442375,0 76.96167448259364,28.40239466043207,0 76.96159434388714,28.40289726045055,0 76.96158656447679,28.40294605011276,0 76.96157175305437,28.40306529923814,0 76.9615182233449,28.40349624928995,0 76.96150417818545,28.40362278004673,0 76.96147428943932,28.40389204360006,0 76.96146903429491,28.40393938915929,0 76.96146400462763,28.40398469684364,0 76.96145719899104,28.40404600232375,0 76.96143359665528,28.40452814733378,0 76.96143334961855,28.40453319334643,0 76.96143038877138,28.40459367436444,0 76.96138082422559,28.4050717704527,0 76.96137674407757,28.40511113483223,0 76.96139325331586,28.40516145797203,0 76.96142236681588,28.40525020354163,0 76.96143515163902,28.40528917040325,0 76.96148059740925,28.40551992046189,0 76.96147991109635,28.40561422529631,0 76.9614794134297,28.40568277401492,0 76.9615007717739,28.40615728183166,0 76.96150392486052,28.40622732280225,0 76.9615023186728,28.40642405232936,0 76.96137483695419,28.40656158720897,0 76.9612599918367,28.40670235126042,0 76.96123736057976,28.40673008953474,0 76.96118628866091,28.4067926876937,0 76.96118564097559,28.40679345888117,0 76.96099565807279,28.40702001708137,0 76.9608875089974,28.40714898518839,0 76.96080862883065,28.40724305152833,0 76.96079833054422,28.40724911828254,0 76.96074251552065,28.40728199711309,0 76.96072694053025,28.40729011745814,0 76.96069371813613,28.40730743906775,0</coordinates></LinearRing></outerBoundaryIs>
        </Polygon>
      </MultiGeometry>
    </Placemark>
    <Placemark id="ID_00012">
      <name>Kasan</name>
      <Snippet></Snippet>
      <description><![CDATA[<html xmlns:fo="http://www.w3.org/1999/XSL/Format" xmlns:msxsl="urn:schemas-microsoft-com:xslt">

<head>

<META http-equiv="Content-Type" content="text/html">

<meta http-equiv="content-type" content="text/html; charset=UTF-8">

</head>

<body style="margin:0px 0px 0px 0px;overflow:auto;background:#FFFFFF;">

<table style="font-family:Arial,Verdana,Times;font-size:12px;text-align:left;width:100%;border-collapse:collapse;padding:3px 3px 3px 3px">

<tr style="text-align:center;font-weight:bold;background:#9CBCE2">

<td>Gurgaon</td>

</tr>

<tr>

<td>

<table style="font-family:Arial,Verdana,Times;font-size:12px;text-align:left;width:100%;border-spacing:0px; padding:3px 3px 3px 3px">

<tr>

<td>FID</td>

<td>12</td>

</tr>

<tr bgcolor="#D4E4F3">

<td>OBJECTID_1</td>

<td>234</td>

</tr>

<tr>

<td>OBJECTID_2</td>

<td>1645</td>

</tr>

<tr bgcolor="#D4E4F3">

<td>N_D_CODE</td>

<td>05</td>

</tr>

<tr>

<td>N_D_NAME</td>

<td>Gurgaon</td>

</tr>

<tr bgcolor="#D4E4F3">

<td>N_T_CODE</td>

<td>116</td>

</tr>

<tr>

<td>N_T_NAME</td>

<td>Manesar</td>

</tr>

<tr bgcolor="#D4E4F3">

<td>N_V_CODE</td>

<td>04137</td>

</tr>

<tr>

<td>N_V_NAME</td>

<td>Kasan</td>

</tr>

<tr bgcolor="#D4E4F3">

<td>Pin_Code</td>

<td>122051</td>

</tr>

<tr>

<td>HADBAST_NO</td>

<td>129</td>

</tr>

<tr bgcolor="#D4E4F3">

<td>Census_200</td>

<td>00599100</td>

</tr>

<tr>

<td>Census_201</td>

<td>062912</td>

</tr>

<tr bgcolor="#D4E4F3">

<td>Shape_Leng</td>

<td>26742.885525</td>

</tr>

<tr>

<td>B_Code</td>

<td>477</td>

</tr>

<tr bgcolor="#D4E4F3">

<td>B_Name</td>

<td>GURGAON</td>

</tr>

<tr>

<td>GP_Code</td>

<td>29298</td>

</tr>

<tr bgcolor="#D4E4F3">

<td>GP_Name</td>

<td>KASAN</td>

</tr>

<tr>

<td>LGD_Code</td>

<td>62912</td>

</tr>

<tr bgcolor="#D4E4F3">

<td>Shape_Le_1</td>

<td>26742.885525</td>

</tr>

<tr>

<td>Shape_Ar_1</td>

<td>17092606.5476</td>

</tr>

<tr bgcolor="#D4E4F3">

<td>SHAPE_Le_2</td>

<td>26742.885525</td>

</tr>

<tr>

<td>Unique__ID</td>

<td>05//116//04137</td>

</tr>

<tr bgcolor="#D4E4F3">

<td>District1</td>

<td>GGM</td>

</tr>

<tr>

<td>Unique_ID2</td>

<td>GGM62912</td>

</tr>

<tr bgcolor="#D4E4F3">

<td>GlobalID</td>

<td>{1682B19A-ED68-4340-AD08-4F3F9C326ECA}</td>

</tr>

<tr>

<td>UQ</td>

<td>Gurgaon/129</td>

</tr>

<tr bgcolor="#D4E4F3">

<td>LGD_HARTRO</td>

<td>62912</td>

</tr>

<tr>

<td>LGD_HARSAC</td>

<td>62912</td>

</tr>

<tr bgcolor="#D4E4F3">

<td>HARTRON_LG</td>

<td></td>

</tr>

<tr>

<td>HARTRON__1</td>

<td></td>

</tr>

<tr bgcolor="#D4E4F3">

<td>HARTRON__2</td>

<td></td>

</tr>

<tr>

<td>HARTORN_LG</td>

<td></td>

</tr>

<tr bgcolor="#D4E4F3">

<td>New_block</td>

<td>Gurgaon</td>

</tr>

<tr>

<td>Shape_Le_3</td>

<td>30568.89347</td>

</tr>

</table>

</td>

</tr>

</table>

</body>

</html>

]]></description>
      <styleUrl>#PolyStyle00</styleUrl>
      <MultiGeometry>
        <Polygon>
          <extrude>0</extrude><altitudeMode>clampToGround</altitudeMode>
          <outerBoundaryIs><LinearRing><coordinates> 76.88752614828209,28.32968557940169,0 76.88761243522664,28.32963112159172,0 76.88788490503214,28.32945906265739,0 76.88812091850839,28.32932057144433,0 76.88831682400389,28.32920195502854,0 76.88851366554388,28.32908244811843,0 76.88858409975036,28.32902669531348,0 76.88892938429782,28.32879105897266,0 76.88917159614954,28.3286441542783,0 76.88928410834222,28.32857439339561,0 76.8897827748346,28.32826249432769,0 76.88984625877571,28.32820019616639,0 76.88998408189988,28.32812280912379,0 76.89001553461291,28.32810241680189,0 76.89058816030088,28.32773290779025,0 76.89068392610001,28.32767419769885,0 76.89085181044682,28.3275684242474,0 76.89138344061851,28.3272334720496,0 76.89168452266409,28.3270432924729,0 76.89208078211233,28.32684548817724,0 76.89215081567021,28.32680152028305,0 76.89214906665033,28.32682505686376,0 76.89235333096953,28.32705038545685,0 76.89245070115983,28.32715801925443,0 76.89280558420606,28.32764423100313,0 76.89286711341312,28.32772295158203,0 76.89337462651436,28.32829238177559,0 76.89345905108308,28.32838063023429,0 76.89388985255064,28.32886219084175,0 76.89406917334931,28.32911312211185,0 76.89428982653259,28.32939830237208,0 76.89432263570168,28.32942792539758,0 76.89447865869349,28.32976829584315,0 76.89454375241559,28.32991029886827,0 76.89457749762926,28.32998487279745,0 76.89491486622242,28.3305458926449,0 76.8950102259831,28.33071536733524,0 76.89521992510974,28.33110531624021,0 76.89545985254571,28.33151819198888,0 76.89554148874377,28.33166555369485,0 76.89577329810457,28.33222135865765,0 76.89583069775624,28.33234963729004,0 76.8960306142295,28.33277842188386,0 76.89618751397704,28.33318401511582,0 76.89627518056561,28.33333485516599,0 76.89652829796489,28.33389171013716,0 76.89663805143138,28.33410541875276,0 76.89683307837448,28.33445111453771,0 76.89703733191386,28.33498532157523,0 76.89704595574059,28.3350059806189,0 76.89736692379164,28.33556618248577,0 76.89749152012153,28.33579423620541,0 76.8976871381561,28.33612634502791,0 76.89777148726635,28.33629229468064,0 76.89804219188228,28.33624971675095,0 76.89822973316416,28.3362282222038,0 76.89859555499561,28.33621824307115,0 76.89866357273398,28.33642150218616,0 76.89891641345218,28.33637735323565,0 76.89895504729756,28.33634753526898,0 76.89899368114303,28.33631771808472,0 76.89903228175073,28.33628792777506,0 76.89904937309736,28.33627473692021,0 76.89914822011797,28.3361984492639,0 76.89943729707809,28.33596141588236,0 76.89951111523821,28.33588596533048,0 76.89986296557211,28.33588772380133,0 76.9001791411111,28.33590067354702,0 76.90029621674543,28.33585322487418,0 76.90054356516397,28.3357669008112,0 76.90059897684397,28.33576209189375,0 76.90085533446647,28.33575130306073,0 76.90091534282574,28.33570944917775,0 76.90157581117211,28.33538486556477,0 76.90159524622325,28.33537682273599,0 76.90160685155844,28.33537201854509,0 76.90169265234616,28.33534761410555,0 76.90198158198258,28.33526541225815,0 76.90199812086524,28.33533919016452,0 76.90201031010533,28.33539356465982,0 76.90207812392615,28.33569606769702,0 76.90214272626982,28.33593768286472,0 76.90218083999069,28.33608023112017,0 76.90221178066399,28.33619595546853,0 76.90235377466603,28.33637268350477,0 76.90237921944649,28.33639788312848,0 76.90241408575756,28.33643241508721,0 76.90244909939243,28.33646714628476,0 76.90249209545686,28.33650979766012,0 76.90289742878775,28.33691186764796,0 76.90292294633171,28.33694033103584,0 76.90295809830714,28.33697954042929,0 76.90313055777366,28.33717190740275,0 76.90342095076568,28.33749581902373,0 76.90353974218225,28.33762832135395,0 76.90374049678358,28.33785224416805,0 76.90388420836443,28.33798940780708,0 76.90390602035782,28.33801022439928,0 76.90419359713147,28.33828469578339,0 76.90440898528881,28.33852312186812,0 76.9046094416495,28.33874501792097,0 76.90463616113934,28.33877459564538,0 76.90463966726388,28.33877847619416,0 76.90477472986515,28.33892798237095,0 76.90486859932078,28.33903566660024,0 76.90487190512103,28.3390393905896,0 76.90525090793264,28.33946632019793,0 76.90533052651458,28.3395560205021,0 76.90538297824573,28.33961511461082,0 76.90539150595268,28.33962360383688,0 76.90552219196192,28.33975370467943,0 76.9057816856031,28.34000402594055,0 76.90583357588717,28.34006890497345,0 76.90588536735656,28.34013366220696,0 76.90597918470986,28.34025096264326,0 76.90614584555126,28.34045341470047,0 76.90615011434554,28.34045859975269,0 76.90620583953755,28.34054296157665,0 76.90623666342989,28.34059021207531,0 76.90643237488929,28.34089021690933,0 76.9065839323558,28.34108242657979,0 76.90660754547136,28.34111423088757,0 76.90671970732109,28.34126529766178,0 76.90677536424113,28.34131466754214,0 76.90690515013844,28.34137669156962,0 76.9070307355135,28.34143670892149,0 76.90718873479892,28.34155144862637,0 76.90746495237576,28.34175203783924,0 76.90765170224185,28.34186900521245,0 76.90810436870338,28.34215252095318,0 76.90815442911924,28.34218215465436,0 76.90847658564138,28.34241784668754,0 76.90909762962482,28.34268486607661,0 76.90936208555966,28.34283826692181,0 76.90953169826507,28.34293665257791,0 76.90999349340659,28.34315444871672,0 76.91009895831586,28.34320418852215,0 76.91021948887078,28.34326103364669,0 76.91090752830985,28.34360051381469,0 76.91116530886374,28.34374859245921,0 76.9116694083669,28.34428658249417,0 76.91182140690626,28.34446079319181,0 76.91189969328664,28.34454857361857,0 76.91192137592265,28.34457253082837,0 76.91212427749754,28.34482514062655,0 76.91220472702113,28.34495014830146,0 76.91229585661513,28.34503935616774,0 76.91242745800764,28.3451789408625,0 76.91243238347036,28.34518416521458,0 76.91254838202465,28.34526962381399,0 76.91267457286422,28.3453625915476,0 76.91275858959779,28.34541446812424,0 76.91298675718835,28.34555535445642,0 76.91345311487314,28.34586131591708,0 76.9140887313272,28.3458185757955,0 76.91435801031677,28.34593204421841,0 76.91462250937072,28.34606353670279,0 76.91518485114528,28.34649916788968,0 76.9157246470029,28.3469317977641,0 76.91575728459377,28.34700616684057,0 76.91617393400237,28.34752630302294,0 76.91656800695114,28.34803653611323,0 76.91657656699749,28.34804761937881,0 76.91685298310199,28.34840860953872,0 76.91704613975271,28.3486298635414,0 76.91719013609952,28.34867176372173,0 76.91737862959558,28.34888191423419,0 76.91730061899797,28.34885890985819,0 76.91783601580562,28.34995731700275,0 76.91811248670734,28.35052450772199,0 76.91821901252705,28.3507364752478,0 76.91844267776139,28.35118152503731,0 76.91829914314866,28.35123467474351,0 76.91786089105418,28.35149645820161,0 76.91747219811555,28.35171502734807,0 76.91699030676286,28.35246241132316,0 76.91688297245946,28.35284562947987,0 76.91682437984504,28.35305481911731,0 76.91704835320157,28.35346923334564,0 76.91726344491488,28.35388066164764,0 76.91763148558513,28.35405920618021,0 76.91790445575218,28.35419162934737,0 76.91815453774414,28.35432792600571,0 76.91855234498959,28.35450081030462,0 76.91927326636127,28.35481411143874,0 76.91934454318755,28.35487924941684,0 76.91980821490964,28.35563658210294,0 76.92018628077841,28.35615184192859,0 76.92035537515591,28.35638888479869,0 76.92042419868311,28.35648536301001,0 76.92054002386259,28.35670343255145,0 76.92065961837301,28.35692859974887,0 76.9206924041859,28.35699032611658,0 76.92080213699114,28.35719692337521,0 76.92088499310132,28.35738456990414,0 76.92095196789566,28.35753624911058,0 76.92097206141193,28.35758175290932,0 76.92099215313158,28.35762725589793,0 76.92101224574955,28.35767275965765,0 76.92101894358835,28.35768792730969,0 76.92103903620627,28.35773343104342,0 76.92107922144218,28.35782443766172,0 76.92117481206989,28.35804092263318,0 76.92117648563125,28.35804506334773,0 76.9213885985311,28.35856993990155,0 76.92152088443983,28.35889961072622,0 76.92173923524099,28.35939669683053,0 76.92176422008403,28.35944971120056,0 76.92176927580242,28.35946277743944,0 76.92177864972243,28.359480327414,0 76.92188849481704,28.35971340085576,0 76.92198071945737,28.35990061922797,0 76.92213066534626,28.36026662827474,0 76.92220277940235,28.36050924285871,0 76.92238878726002,28.36081255655273,0 76.92251268380232,28.36107034338157,0 76.92253211076866,28.36110746724504,0 76.92270597160706,28.3614972002322,0 76.92281028397785,28.36178501519614,0 76.92280848016075,28.3618746792577,0 76.92281068552475,28.36190502600657,0 76.92289849674209,28.3624520620174,0 76.92290420643404,28.36248491126511,0 76.92291213137152,28.36251996752591,0 76.92296713880961,28.36268753041128,0 76.92307757050409,28.36299850235051,0 76.92314644703191,28.36321101174192,0 76.92319524890799,28.36330656442981,0 76.9232138853569,28.36334990933929,0 76.92339159906959,28.36372801968633,0 76.92352498810951,28.36401768462396,0 76.92390905202942,28.3648582006149,0 76.92394700315519,28.3649300869372,0 76.92400519961259,28.36504598536848,0 76.92405856313371,28.36518253921796,0 76.92419624791732,28.36548586801284,0 76.92427290116052,28.36566121538567,0 76.92431670840368,28.36572846276135,0 76.92448101206573,28.36602869062186,0 76.9246200038981,28.36643279571554,0 76.92464718602027,28.36651031688952,0 76.92480474513125,28.36689133668343,0 76.92484385059217,28.36697400412879,0 76.92505200192156,28.36732256736882,0 76.92517691445849,28.36751393479588,0 76.92554411250897,28.36805346670507,0 76.92556024714979,28.36807486707176,0 76.92592001703116,28.36859289390468,0 76.92607844301641,28.36880876961864,0 76.92608385985753,28.36881615069328,0 76.92613698981673,28.36888952588255,0 76.92621820290826,28.36900168756569,0 76.92630043468935,28.36911525609918,0 76.92631264908232,28.36913212470611,0 76.92633951050594,28.3691675558069,0 76.92634104662507,28.36916962120459,0 76.92645084141401,28.36931721048067,0 76.92662153209778,28.36954665717375,0 76.92671398221525,28.36967093225955,0 76.927039528081,28.37009152913161,0 76.92713137453055,28.37021019078001,0 76.92719067591577,28.37028736536022,0 76.92749293205938,28.37059225487143,0 76.92752148231577,28.37063598173971,0 76.92754126142169,28.37066627460586,0 76.92759500493017,28.37074858579261,0 76.92775756945387,28.37097417135952,0 76.9279066655365,28.37118106546793,0 76.92803601395426,28.3713605546902,0 76.92828271558581,28.37172620804784,0 76.92843299385137,28.37194894368593,0 76.92844574723351,28.37196848026891,0 76.92848550936286,28.37202938771886,0 76.92857480280044,28.37214633043076,0 76.92864065200571,28.37223053191729,0 76.92867250177414,28.37227125851049,0 76.92874703319661,28.37236656196549,0 76.92889236893149,28.37251319751599,0 76.92913380104557,28.37275678633499,0 76.92919195348547,28.37281545806893,0 76.9291923244897,28.37281583272057,0 76.92927524797356,28.37290419357062,0 76.92967281806378,28.37335990855421,0 76.92974488001761,28.37344250930851,0 76.9298218521627,28.37352781474425,0 76.9298242686308,28.37353049340674,0 76.92987345857915,28.37358951564966,0 76.93016043258315,28.37393384434533,0 76.93015540022094,28.37393624398774,0 76.93013548277446,28.37394573980524,0 76.93005793750422,28.37398561922626,0 76.93004923193078,28.37399058133014,0 76.9299736072586,28.37403368712794,0 76.92979832438709,28.37413359462882,0 76.92925781616546,28.37453586992258,0 76.92925606534902,28.37453717327826,0 76.92908682634271,28.37464663138719,0 76.92897572540336,28.37473460974425,0 76.9289784562818,28.37474001364115,0 76.92907318362853,28.37492741100388,0 76.92913456551187,28.37507713659148,0 76.92936645931425,28.3755426714571,0 76.9293800957403,28.37557004798646,0 76.92939947240092,28.37563124739127,0 76.92959577405348,28.37618284505186,0 76.92968977556146,28.37636775649818,0 76.92953067494142,28.37645547655517,0 76.92931915852296,28.37657209428534,0 76.929072478451,28.37670809900689,0 76.92898314099604,28.3767804396698,0 76.92862589088894,28.37698444312444,0 76.92850123527025,28.37705562570286,0 76.92835113037955,28.3771413400169,0 76.92827695828315,28.37718369447135,0 76.92823476710923,28.37722183780949,0 76.92822527910316,28.37723190872327,0 76.92822167775724,28.37723573095971,0 76.92793625694028,28.3775386822752,0 76.92770032341407,28.3777466779994,0 76.92755884684171,28.37783223210078,0 76.92730595851273,28.37802414093979,0 76.92698853431557,28.37826502196359,0 76.92684705594654,28.37835057485651,0 76.92669476725136,28.37844362268775,0 76.92630684327061,28.3785947375095,0 76.92614435330708,28.37868185505064,0 76.92597559759447,28.37877233075986,0 76.92581428532222,28.37885881586759,0 76.92579707719469,28.37886848670432,0 76.92547601931211,28.37905160963077,0 76.92543870419355,28.37907361556402,0 76.92542281838602,28.37908298367409,0 76.9252603922029,28.37921192966171,0 76.92522828910957,28.37923194070175,0 76.92471181172013,28.37939155151129,0 76.9246519048705,28.37940894090914,0 76.92445863593032,28.37947137737525,0 76.92443388914093,28.37947937181365,0 76.92437235274731,28.37949925081396,0 76.92416405948403,28.37956654000114,0 76.92377939459119,28.37969080571993,0 76.92367326492861,28.37973459206603,0 76.92322483492192,28.3799196048082,0 76.92310113061906,28.37997064332157,0 76.92284744278959,28.38011636024833,0 76.92242457793753,28.38035620116409,0 76.92230333322199,28.38041166383432,0 76.92188235303546,28.38060423268724,0 76.92174655201897,28.38065113657127,0 76.92164981783594,28.38069973098387,0 76.92143439284763,28.38080795137605,0 76.92087772842564,28.38108759160559,0 76.92082538628901,28.38111927881265,0 76.92056287161354,28.38124575803946,0 76.92039195455429,28.38133161755132,0 76.91971440474285,28.38165674987471,0 76.9196967465593,28.38166522309344,0 76.9190368504398,28.38198187804,0 76.91875801427391,28.38210717626769,0 76.91870553289839,28.38213075907557,0 76.91835880296168,28.38227679786142,0 76.91774266018639,28.38251023694299,0 76.91772410458589,28.38251409771553,0 76.91771765558042,28.38250867840807,0 76.91764328315975,28.38244618603578,0 76.9174542309116,28.38228733222125,0 76.91743301090797,28.38226854124304,0 76.91707956426778,28.38195555194194,0 76.91684807740224,28.3817505606427,0 76.91677915865363,28.38169106794776,0 76.91670137173656,28.3816239192082,0 76.91649623425495,28.38138860427822,0 76.91638841845452,28.38126492856284,0 76.91632726564153,28.38121279525859,0 76.91629264277384,28.38118298514191,0 76.91621200101083,28.38110326331084,0 76.91613030282898,28.38102249579568,0 76.91606392092272,28.38095686962519,0 76.91592774261387,28.38082224318069,0 76.91577915228272,28.38067534407616,0 76.91566089805873,28.38054076232412,0 76.91548037890745,28.38037354377316,0 76.91544382556023,28.38033968288543,0 76.91539053390431,28.38025711832571,0 76.91531296617613,28.38013693858882,0 76.91521494919888,28.3799870154427,0 76.91500770337124,28.37969810779255,0 76.91493553272133,28.3795974989564,0 76.91490066641019,28.37955258550862,0 76.91460672058122,28.37913837666845,0 76.91420961941159,28.37857879908184,0 76.91416702489406,28.37851877585545,0 76.91384557175284,28.37806925736844,0 76.91379039812638,28.37801834123713,0 76.91374864263535,28.37797980853499,0 76.91356431193232,28.37781234567468,0 76.91326349219477,28.37753905058732,0 76.91323065697452,28.37750921967871,0 76.91318754053583,28.37747238292517,0 76.91316615164891,28.37744975384824,0 76.91315959843891,28.37744282151398,0 76.91291353730617,28.37717957031101,0 76.91278950152505,28.37704686916238,0 76.91270709367409,28.37690424628415,0 76.91269608751524,28.37688727695481,0 76.91267308884731,28.37685181997868,0 76.91255528647592,28.37667020129087,0 76.91235699146183,28.37636448196242,0 76.9123328698998,28.37632903508646,0 76.91226713208565,28.37623243027576,0 76.91198982754726,28.37582491486052,0 76.91195322389444,28.37577014058592,0 76.91164515924416,28.37530914511409,0 76.91157990382524,28.37521149369315,0 76.91153651968862,28.37514657369459,0 76.91132125909201,28.37486888824085,0 76.91115211081559,28.37465068609163,0 76.91071716002978,28.37408959335418,0 76.91036598163578,28.37363656174578,0 76.91028221373551,28.37352849764906,0 76.90984727283114,28.37296740134734,0 76.90975511915774,28.37284851830794,0 76.90962926428813,28.3726968601956,0 76.90959473215027,28.37265524693077,0 76.90954086287759,28.3725903324814,0 76.90919028096495,28.37215490874331,0 76.90895928727448,28.37184448372793,0 76.90879362266469,28.37162185141472,0 76.90860377900076,28.37128653385926,0 76.90828880271273,28.37073019193218,0 76.90818577313613,28.37054820786436,0 76.90749411797806,28.37069864943009,0 76.90709425448892,28.37080363140258,0 76.90658525198093,28.37087536667912,0 76.90656755157654,28.37087969264137,0 76.90643726082608,28.3709156946311,0 76.90640335032244,28.37090392687933,0 76.90639497892229,28.37090102130034,0 76.90632682733492,28.37087737197174,0 76.90609177954762,28.37101385192176,0 76.90588854379939,28.37111288016119,0 76.90577782823729,28.37115952819531,0 76.90574566585518,28.37117307909874,0 76.90570370464989,28.37119075834588,0 76.90570233112587,28.37118857600591,0 76.90569121267757,28.37117091651879,0 76.90559366551918,28.37101597577436,0 76.90534004416503,28.37061312830575,0 76.90524658613782,28.3704646800629,0 76.9051942996967,28.37039745623979,0 76.9050703097296,28.37021554194903,0 76.90494979354773,28.37003872479778,0 76.90493851609766,28.3700221796188,0 76.90457151837144,28.37021542575675,0 76.90450912768006,28.37024659848437,0 76.90449044990865,28.37025267130812,0 76.90422668208333,28.3703969867289,0 76.90420253896178,28.37041019626725,0 76.90387282311653,28.37001101328147,0 76.90382014141669,28.36994723226561,0 76.90381202873135,28.36993740964433,0 76.90378323143831,28.36989619604309,0 76.90404821827745,28.36967560922086,0 76.90386789316226,28.36939293606193,0 76.90382709078372,28.36930399369231,0 76.90375917904656,28.36919604137583,0 76.9037557205327,28.36919119366017,0 76.90367118008132,28.36907271188113,0 76.90355559654869,28.36891072293926,0 76.90351453994694,28.36885318252827,0 76.90338155694553,28.36865435659726,0 76.90332936662416,28.36857632715849,0 76.90317002076409,28.3683380839571,0 76.90315358967921,28.36831351714926,0 76.9031127846058,28.36832342607859,0 76.90280144290134,28.36848023855693,0 76.90235480862695,28.36863638525685,0 76.90232542832725,28.36864665617551,0 76.90205458447244,28.36832618628759,0 76.9020364304189,28.36830652177331,0 76.90155781432372,28.3677880801413,0 76.90151236585851,28.36774185034973,0 76.9010476835317,28.36726918146973,0 76.90102348740952,28.36725040522073,0 76.90095465040764,28.36717584006663,0 76.90052671815913,28.36671229440944,0 76.90046817585035,28.36665182181649,0 76.90042874609759,28.36661108990451,0 76.90000606270526,28.36617445752795,0 76.89998777031111,28.3661472912062,0 76.89967179509651,28.36651347711401,0 76.89962030007116,28.36657895254928,0 76.89946209417317,28.36678011340427,0 76.89942133221885,28.36683194315546,0 76.89940533502026,28.36684998989423,0 76.89935576957615,28.36690590622951,0 76.89925351973723,28.36705359508897,0 76.89922662058437,28.36710714788081,0 76.89895061500998,28.36764002158641,0 76.89882562072638,28.36761248650285,0 76.89868572069729,28.36758166791047,0 76.89836484427443,28.36751098169734,0 76.89792594359629,28.367423616268,0 76.89768674649066,28.36737826845422,0 76.89758357947187,28.36735726554079,0 76.89700616666173,28.3672907732824,0 76.89688772199489,28.36727516119138,0 76.89681258690453,28.3672676685566,0 76.89666668972261,28.36725312040222,0 76.89639789582327,28.36715432016114,0 76.89617512081935,28.36676232275925,0 76.89615091661236,28.36668987487781,0 76.89661012819903,28.3662134972465,0 76.8971009991113,28.36566402862453,0 76.89721446261993,28.36551527308317,0 76.89684804879869,28.36512310283911,0 76.89634516561445,28.36458504684884,0 76.89592692978111,28.36404601664331,0 76.89589095315226,28.36399315317749,0 76.89557695692615,28.36350620192133,0 76.89553868600009,28.36343865987151,0 76.89519282114098,28.36301657108407,0 76.89523073094429,28.36296634334883,0 76.89527353836252,28.36288567427267,0 76.89560260113258,28.3624182452097,0 76.89581357856189,28.36215333860534,0 76.8958883201902,28.36205948995425,0 76.89603902425716,28.36187026202246,0 76.89603971326504,28.36186939802129,0 76.89604051186731,28.36180226835423,0 76.89590408113185,28.36156035156513,0 76.89587933613899,28.36151647392585,0 76.89587016433995,28.36150020962262,0 76.89604742530175,28.36102697540728,0 76.89590480607224,28.36097353258759,0 76.89577699467193,28.3609129428936,0 76.89532523640717,28.36069878546242,0 76.89509632141825,28.36063996394907,0 76.89441586376019,28.36050274893336,0 76.89438305638772,28.36049467954889,0 76.89410654326517,28.36042666523701,0 76.89373536028809,28.36033536362273,0 76.89363832247443,28.36042565340128,0 76.89351569974323,28.36053974730665,0 76.89305608840618,28.36096738966939,0 76.89279468853996,28.36129347845128,0 76.89262412721359,28.36150624737496,0 76.89262156252347,28.36150944569196,0 76.89258359792295,28.3615736025184,0 76.89250176589212,28.36171189200269,0 76.89230145416022,28.36158598788566,0 76.89212243429712,28.3614734673874,0 76.89162180947744,28.36192003337575,0 76.89147616202719,28.36204995275826,0 76.89113824276681,28.36233337825509,0 76.89093278099334,28.36259176610771,0 76.89084169541678,28.36268086508507,0 76.89072897750988,28.36277232040611,0 76.8902108418304,28.36313318698632,0 76.89004318835057,28.36360764020545,0 76.88993103728063,28.36367557264114,0 76.88940234370165,28.36416453486331,0 76.88931961245721,28.36421723145492,0 76.88906010354471,28.36432029584187,0 76.88897968097054,28.36435223468328,0 76.88876687277471,28.36456904070771,0 76.88858080023833,28.3647586076796,0 76.88853812307578,28.36479524253674,0 76.88830037764767,28.36499932358013,0 76.88821287455247,28.36505667320824,0 76.88804236263344,28.36516842711241,0 76.88799851047457,28.3651971674929,0 76.88786348650083,28.36518187760195,0 76.88771227398736,28.36528522877966,0 76.88763744791746,28.36533637156066,0 76.88762062247216,28.3653478719641,0 76.88759456504071,28.36536568181722,0 76.88744409633233,28.36547512488417,0 76.88724150647278,28.36562247662844,0 76.88702577246404,28.36577938795302,0 76.8869410766041,28.3658409906052,0 76.88669154977104,28.36608977063887,0 76.88663474480406,28.36614640589765,0 76.88645081834288,28.36632978080747,0 76.88639765334943,28.36638278697155,0 76.88638392260033,28.36643565715156,0 76.88611286764143,28.36687746905371,0 76.88608365263177,28.36692509041075,0 76.88581828850022,28.36735127396727,0 76.88579520988225,28.36742492524415,0 76.88578189415475,28.36746742032492,0 76.88574921613969,28.36763694043971,0 76.88568501085135,28.36797001440276,0 76.8856772664753,28.36801018695192,0 76.88558395307687,28.36817589549352,0 76.88554404721701,28.36829081972179,0 76.88536419371731,28.36849055296474,0 76.885289805127,28.36857316383365,0 76.88519978495233,28.36861549799609,0 76.88512478281267,28.36865076960141,0 76.88493339943628,28.36855153355063,0 76.88490418532497,28.36853638563107,0 76.8846781943523,28.36843064733823,0 76.88431957341615,28.36809420517729,0 76.88422332252675,28.36815038170197,0 76.88399542173579,28.36828339513646,0 76.88362735321778,28.36853729779448,0 76.8835436751491,28.36859712273634,0 76.88335066582205,28.36873511297871,0 76.88289045081716,28.36908997729189,0 76.88286411131472,28.36910500182495,0 76.88222407604782,28.3695650955033,0 76.8821845124461,28.36959353591111,0 76.88201463114441,28.36972907058059,0 76.88150484350885,28.37003711865406,0 76.88108443195587,28.37031607036606,0 76.88101537576503,28.37036433042226,0 76.88082517996155,28.37048982496146,0 76.88061878394016,28.37062601058317,0 76.88014544544727,28.37089557294445,0 76.8799421225625,28.37101136289612,0 76.87987749686265,28.37103077318483,0 76.8795754275686,28.37112004845339,0 76.8794655016256,28.37115773711097,0 76.87931218885099,28.37119784680074,0 76.87926254345678,28.37121251850967,0 76.87894801273313,28.37130967881152,0 76.87878555510896,28.37141999864109,0 76.87875905750299,28.37143799243206,0 76.87858521193594,28.37155604632725,0 76.87853443466454,28.37158326975473,0 76.87790972196143,28.37201636333814,0 76.87769703773306,28.37214226930734,0 76.87763914580458,28.37217654145353,0 76.87723327977267,28.37241680738261,0 76.87695916515193,28.37257290165511,0 76.87687802033231,28.37261910879102,0 76.87674637043082,28.37269407638813,0 76.87655659324221,28.3728021437061,0 76.87627890781822,28.37294875652327,0 76.87623495774292,28.37297196197408,0 76.87606664669634,28.37312934299458,0 76.8756462189737,28.37352246848478,0 76.87538719604976,28.3737670018823,0 76.87520892717826,28.37393529788368,0 76.87517094730634,28.37395949427497,0 76.87510931299639,28.37399875797259,0 76.87509816849696,28.37400585809575,0 76.87504654321594,28.37403874644815,0 76.87470753250243,28.3742547138325,0 76.87453293863871,28.37436593797051,0 76.87433670435988,28.37448645542068,0 76.8740277710387,28.37467633110557,0 76.87385670755408,28.37478146880068,0 76.87380829375022,28.37481358154043,0 76.87350100344767,28.37504165925071,0 76.87316954846403,28.37471660307576,0 76.87314118954886,28.37473316807279,0 76.87261655455828,28.37503961925969,0 76.87218538208657,28.37528014269341,0 76.87198778416507,28.37544541544347,0 76.87193901013673,28.37548731531373,0 76.8714717918659,28.37588867021205,0 76.87151800749228,28.37596966926649,0 76.87169099157497,28.37627285419829,0 76.87115388527334,28.37658076076222,0 76.87071815205488,28.37683186144466,0 76.87047713047092,28.37696480787822,0 76.87030770820829,28.37704603057675,0 76.87005445157013,28.37716744442512,0 76.86979943962392,28.37728969829904,0 76.86959629819887,28.37739773643377,0 76.86921472171394,28.37763865523707,0 76.86915324101587,28.37767637951639,0 76.86864712659157,28.37799477016056,0 76.86844689480968,28.37812071487523,0 76.86794081272464,28.3785040861883,0 76.86709717519695,28.37913296509202,0 76.86642231134817,28.37963940350929,0 76.86574766758665,28.38016030685974,0 76.86572083401082,28.38019082225552,0 76.86507349633897,28.38071173396241,0 76.86463961993822,28.38103472319517,0 76.86456570206502,28.38096035583129,0 76.86453166130565,28.38092610707205,0 76.86445045540064,28.38082797950253,0 76.86436089336682,28.38071975280804,0 76.86432864833968,28.38068078876832,0 76.86412542786283,28.3804744972548,0 76.86385337577396,28.38022774026129,0 76.86379026822696,28.380182335483,0 76.86371360779725,28.38012718171975,0 76.8636984792695,28.38011440176096,0 76.86320140638854,28.37969447137785,0 76.86314487900094,28.37964575795153,0 76.86309881429149,28.37960111245414,0 76.86259020075407,28.37910815656343,0 76.86240288494933,28.37893208689678,0 76.86201846260158,28.37857074371774,0 76.86197303749265,28.37853460917398,0 76.86190008710507,28.37846667123511,0 76.86181516666629,28.37838978397442,0 76.86157451069663,28.37818393693157,0 76.86138859267045,28.37803398178114,0 76.86123805748672,28.37791256497282,0 76.86113520757324,28.37782029044498,0 76.86082069391749,28.37756139274128,0 76.86074548336863,28.37749736492725,0 76.86071045536079,28.37746754507215,0 76.86060537043886,28.37737808466622,0 76.86058238883894,28.37735852062613,0 76.86045565721363,28.37722039538136,0 76.86023573436069,28.37700532004339,0 76.86012830573416,28.37690025963805,0 76.86003147273645,28.37680556015048,0 76.85977672130169,28.37657489695999,0 76.85968170379908,28.37649863035465,0 76.85966124646512,28.37648221027244,0 76.85949405292277,28.37637972677108,0 76.85940698730711,28.37632635965625,0 76.85934054162048,28.37629195527676,0 76.85928601208612,28.3762672836096,0 76.85924821996211,28.37625018455611,0 76.85909436191015,28.37618778097045,0 76.8589224549075,28.37614449584138,0 76.85890367382987,28.37614074786136,0 76.85853015972461,28.37606620713422,0 76.85849957747907,28.37597300388331,0 76.85844305188813,28.37584372911115,0 76.85847375181297,28.37580210127312,0 76.85881738166367,28.37540121632635,0 76.85884058874072,28.37537414326139,0 76.85884456468413,28.37536950448983,0 76.85886122124614,28.37534315224833,0 76.85903190564169,28.37509953301038,0 76.85909591330066,28.37500817604707,0 76.85924526001328,28.37479500975678,0 76.85933721066741,28.37463552876782,0 76.85915142918522,28.37425222488277,0 76.85891889847726,28.37383136865704,0 76.8588527995404,28.3737117349178,0 76.85846884072329,28.37317220095612,0 76.85844852442482,28.37303564158076,0 76.85843069735802,28.37291581645676,0 76.8583408388802,28.3727361804793,0 76.85846034715229,28.37262845929189,0 76.85884437873287,28.37208031858112,0 76.85893326703025,28.37199053430587,0 76.85914685226885,28.37177479627412,0 76.85928982992607,28.37163900812399,0 76.85938663866931,28.37155398650886,0 76.85936493716869,28.37153064479681,0 76.85923623733453,28.37137510228142,0 76.85970014172031,28.37118147174209,0 76.85971767144474,28.37117149905588,0 76.86014171758137,28.37099320383541,0 76.86017561371197,28.3709777163846,0 76.86081916498493,28.37065325717154,0 76.86108395688959,28.37051906107569,0 76.86127640387124,28.37042152697054,0 76.86180953602612,28.37018244927246,0 76.86215953852542,28.3700254930812,0 76.86217475598632,28.37001866854997,0 76.86241131473993,28.36986494575081,0 76.86296080162286,28.36952303757945,0 76.86314667203825,28.36965699148332,0 76.86324320859201,28.36970469774953,0 76.86325282505706,28.36970344255059,0 76.86370127842,28.36964492480999,0 76.8637937105711,28.36962020179996,0 76.86382927666982,28.36961068820577,0 76.86384233817409,28.36960719451272,0 76.86428069267656,28.36948994152525,0 76.86526995789157,28.36888189345521,0 76.86527108976884,28.3688862360978,0 76.86548770951649,28.36915299210439,0 76.86550542249726,28.36914626157845,0 76.86552561662485,28.3691744926341,0 76.8669345810288,28.3688020153579,0 76.86902826469857,28.367839733922,0 76.87245257608632,28.36626381118522,0 76.87262667497828,28.366190026306,0 76.87271267429371,28.36614410567631,0 76.87298056448786,28.36600106263707,0 76.87315315780336,28.3659172609201,0 76.87330151008099,28.36585816168703,0 76.87397757138403,28.36557163277854,0 76.87430637274433,28.36542856130153,0 76.87465297152701,28.36526091895518,0 76.87472300328824,28.36523207741295,0 76.87530440371994,28.36491422550289,0 76.87532705743473,28.36490184052396,0 76.8755928096385,28.36477056898642,0 76.87600039953743,28.36451555698649,0 76.87630219933689,28.3642974465809,0 76.87667152190303,28.36404766002986,0 76.87714171359747,28.36373524301991,0 76.87734326949608,28.36360303411933,0 76.87776545162851,28.3632990327816,0 76.8778267957826,28.36325486022346,0 76.87793918849934,28.36317392813791,0 76.87797754027379,28.36314628043847,0 76.87801397055185,28.36312001922773,0 76.87803702940685,28.36310168570203,0 76.87924452235389,28.36219648794589,0 76.87934550826319,28.36212536337953,0 76.87929235674449,28.36205642208381,0 76.87922020765411,28.36193162110278,0 76.87928171170832,28.36189461056698,0 76.8793473309449,28.36185867270776,0 76.87998712456496,28.36149727770014,0 76.88007363412345,28.36144857963273,0 76.88001791701629,28.36140859273603,0 76.8799982304368,28.36133049393963,0 76.88001677885084,28.36133030896497,0 76.88012299115846,28.36131153008424,0 76.88069730927241,28.36120999000379,0 76.88092413028838,28.36118207223523,0 76.8813766054088,28.36104432829067,0 76.88170443299529,28.36088148758952,0 76.8816820676397,28.36084158189999,0 76.88135524526795,28.3602584608505,0 76.88131855088524,28.36020050547933,0 76.8815339740769,28.35981520402388,0 76.88153750535429,28.35980961438954,0 76.8815778504903,28.35977078496028,0 76.88158902822741,28.3597616056557,0 76.8816839550001,28.35968364240444,0 76.88190940608524,28.35953458125141,0 76.88201355675932,28.35931049545915,0 76.882029431787,28.35927634010476,0 76.88232216578864,28.35872573596795,0 76.88238998679596,28.35857656675086,0 76.8825465586584,28.35817658510091,0 76.88265916517419,28.3579171224663,0 76.8827709479349,28.35762743455495,0 76.88288405121907,28.35738187818579,0 76.88279032369728,28.35708264484729,0 76.88274743004079,28.35676346100483,0 76.88282470761307,28.35658209647323,0 76.88284386777975,28.35653712901293,0 76.88315367516171,28.3559861596728,0 76.88318223619784,28.355916163775,0 76.88328519840074,28.35579388764588,0 76.88355761251071,28.35543318742257,0 76.88378650324505,28.35510358172428,0 76.88384841333782,28.3550144297447,0 76.88402117014678,28.35487894347863,0 76.88433909021398,28.35455302155903,0 76.88476125258347,28.35401230714174,0 76.88452251092367,28.35384359770968,0 76.88425460186491,28.35365427607704,0 76.88375776883407,28.35329007277323,0 76.88305721137156,28.35277652246535,0 76.88207036621786,28.35205309148034,0 76.88165988284541,28.35175217108511,0 76.88103789742753,28.35129619571271,0 76.88102112498287,28.35130200320055,0 76.88087629140624,28.35135214395908,0 76.88067178633855,28.35142294449754,0 76.88064447036741,28.3514324012203,0 76.88064696049736,28.35143103591691,0 76.88055080303272,28.35121427183699,0 76.88051350408384,28.3511232990805,0 76.88028162285781,28.35066510899455,0 76.88025628677356,28.35060415686998,0 76.88024748328374,28.35058447326089,0 76.88015606802549,28.35042204342323,0 76.88005246532377,28.35023795639502,0 76.87989517480914,28.35004748753499,0 76.87989201633256,28.35004205075769,0 76.87976219540097,28.34990452399695,0 76.87974363620719,28.34988486476609,0 76.87965141875338,28.34974207967941,0 76.87954148292897,28.34966865330527,0 76.87952760036455,28.34966801372867,0 76.87923981877508,28.34965474310597,0 76.87899634479034,28.34949343367639,0 76.87891844917709,28.34944182551715,0 76.87871927650893,28.34928802627067,0 76.87844290621855,28.34907461462389,0 76.87842944676065,28.34905714989318,0 76.87839980055962,28.34901868336091,0 76.87822631431872,28.34883937297397,0 76.87811588262417,28.34872513604773,0 76.87772113234561,28.34851442469987,0 76.87766265112229,28.34848320843187,0 76.8775369040505,28.34840910128321,0 76.87737775492155,28.34833188628651,0 76.877166637355,28.34821691356779,0 76.87714242416487,28.34820372656606,0 76.8771411494555,28.34820309883942,0 76.87708119499507,28.3481735806628,0 76.87697814206234,28.34812284229975,0 76.87661411596312,28.34793943672705,0 76.87628312720511,28.34771356344207,0 76.8759537410416,28.34746058181972,0 76.87588985555351,28.34741036569853,0 76.87558336115832,28.34712951881287,0 76.8754193404656,28.34696856526897,0 76.87532690112788,28.34687785530667,0 76.87522312864458,28.34678125768159,0 76.87522392634857,28.34671246216928,0 76.87521530521678,28.34670704419571,0 76.87525445200023,28.34667034380119,0 76.87541709557566,28.34652850232191,0 76.87560868107295,28.34633826082661,0 76.87591681219855,28.34604938964072,0 76.87594353887485,28.34602071364925,0 76.87594422518774,28.34602007642253,0 76.87594595354638,28.3460181220495,0 76.87615650876749,28.34579219803235,0 76.87650483680714,28.34545906949988,0 76.87656692386797,28.34540253626083,0 76.8767561935085,28.34522793970905,0 76.87709603336697,28.34497467782361,0 76.87724727372822,28.34449258621005,0 76.87742251168395,28.34443018925016,0 76.87775495571269,28.34427815214643,0 76.87809443085517,28.34388942170466,0 76.87813340785706,28.34384317913297,0 76.87836005639647,28.34357428492816,0 76.87814713501292,28.34336265888731,0 76.87801494342727,28.34323126979345,0 76.87797607152835,28.34311464863299,0 76.8780091178527,28.34304035905679,0 76.87815411671929,28.34270885296019,0 76.87823984654015,28.34250331700025,0 76.87825624798056,28.34246424721515,0 76.8784119826132,28.34225526678918,0 76.87901916020195,28.34152618381154,0 76.87961914857348,28.34111979620564,0 76.87979146430956,28.34088764415983,0 76.88014442136785,28.34062985971981,0 76.88054863629623,28.34029292542764,0 76.88060876413151,28.34023527620795,0 76.88136233207726,28.33960047727651,0 76.88218314970179,28.33901052848267,0 76.88293537197129,28.33839654665596,0 76.88351411967788,28.33790564248821,0 76.8836790404826,28.33777334765818,0 76.88451016986831,28.33721975082136,0 76.88530286034302,28.33664706107574,0 76.88608233031164,28.33608391093515,0 76.88744626217047,28.33535054358741,0 76.88826395814944,28.33472186465003,0 76.88865048345323,28.33440263099442,0 76.88857630956019,28.33430240065925,0 76.88886217234825,28.33405595142973,0 76.88923917191683,28.33366794185939,0 76.88920817914121,28.33363570597442,0 76.88897936656018,28.33339770696862,0 76.88898006005961,28.33339563296805,0 76.88895953804692,28.33337495463462,0 76.88897196803556,28.33326862625139,0 76.8890384972655,28.33308679066399,0 76.8892586779349,28.33271929787927,0 76.8895780415948,28.33225302882582,0 76.88958211545464,28.33224708034139,0 76.8895638194672,28.33220793799301,0 76.88954606606225,28.33216995638812,0 76.88951773589312,28.3321250750575,0 76.88943863294415,28.3320341610686,0 76.88938657557345,28.33197432896579,0 76.88908992940877,28.33163338204086,0 76.88898954087911,28.33151529086706,0 76.88897275765467,28.33149554837067,0 76.88863379545019,28.33109680577503,0 76.88834839798947,28.33078534346905,0 76.88817766688156,28.33056022838135,0 76.88812110535798,28.33048456445357,0 76.88805479997474,28.33039586581742,0 76.88786689830225,28.33014450389286,0 76.88766844338801,28.32987902336385,0 76.8876026283187,28.32979098094719,0 76.88758806033974,28.3297714919532,0 76.88755549461406,28.32972792853928,0 76.88752614828209,28.32968557940169,0</coordinates></LinearRing></outerBoundaryIs>
        </Polygon>
      </MultiGeometry>
    </Placemark>
    <Placemark id="ID_00013">
      <name>Kukrola</name>
      <Snippet></Snippet>
      <description><![CDATA[<html xmlns:fo="http://www.w3.org/1999/XSL/Format" xmlns:msxsl="urn:schemas-microsoft-com:xslt">

<head>

<META http-equiv="Content-Type" content="text/html">

<meta http-equiv="content-type" content="text/html; charset=UTF-8">

</head>

<body style="margin:0px 0px 0px 0px;overflow:auto;background:#FFFFFF;">

<table style="font-family:Arial,Verdana,Times;font-size:12px;text-align:left;width:100%;border-collapse:collapse;padding:3px 3px 3px 3px">

<tr style="text-align:center;font-weight:bold;background:#9CBCE2">

<td>Gurgaon</td>

</tr>

<tr>

<td>

<table style="font-family:Arial,Verdana,Times;font-size:12px;text-align:left;width:100%;border-spacing:0px; padding:3px 3px 3px 3px">

<tr>

<td>FID</td>

<td>13</td>

</tr>

<tr bgcolor="#D4E4F3">

<td>OBJECTID_1</td>

<td>235</td>

</tr>

<tr>

<td>OBJECTID_2</td>

<td>1646</td>

</tr>

<tr bgcolor="#D4E4F3">

<td>N_D_CODE</td>

<td>05</td>

</tr>

<tr>

<td>N_D_NAME</td>

<td>Gurgaon</td>

</tr>

<tr bgcolor="#D4E4F3">

<td>N_T_CODE</td>

<td>116</td>

</tr>

<tr>

<td>N_T_NAME</td>

<td>Manesar</td>

</tr>

<tr bgcolor="#D4E4F3">

<td>N_V_CODE</td>

<td>04138</td>

</tr>

<tr>

<td>N_V_NAME</td>

<td>Kukrola</td>

</tr>

<tr bgcolor="#D4E4F3">

<td>Pin_Code</td>

<td>122505</td>

</tr>

<tr>

<td>HADBAST_NO</td>

<td>151</td>

</tr>

<tr bgcolor="#D4E4F3">

<td>Census_200</td>

<td>00587500</td>

</tr>

<tr>

<td>Census_201</td>

<td>062906</td>

</tr>

<tr bgcolor="#D4E4F3">

<td>Shape_Leng</td>

<td>8292.059963</td>

</tr>

<tr>

<td>B_Code</td>

<td>480</td>

</tr>

<tr bgcolor="#D4E4F3">

<td>B_Name</td>

<td>PATAUDI</td>

</tr>

<tr>

<td>GP_Code</td>

<td>29484</td>

</tr>

<tr bgcolor="#D4E4F3">

<td>GP_Name</td>

<td>KUKDOLA</td>

</tr>

<tr>

<td>LGD_Code</td>

<td>62906</td>

</tr>

<tr bgcolor="#D4E4F3">

<td>Shape_Le_1</td>

<td>8292.059963</td>

</tr>

<tr>

<td>Shape_Ar_1</td>

<td>3115211.24573</td>

</tr>

<tr bgcolor="#D4E4F3">

<td>SHAPE_Le_2</td>

<td>8292.059963</td>

</tr>

<tr>

<td>Unique__ID</td>

<td>05//116//04138</td>

</tr>

<tr bgcolor="#D4E4F3">

<td>District1</td>

<td>GGM</td>

</tr>

<tr>

<td>Unique_ID2</td>

<td>GGM62906</td>

</tr>

<tr bgcolor="#D4E4F3">

<td>GlobalID</td>

<td>{DD5E3F4D-4FA1-4A5E-9812-870A7AB1DD1B}</td>

</tr>

<tr>

<td>UQ</td>

<td>Gurgaon/151</td>

</tr>

<tr bgcolor="#D4E4F3">

<td>LGD_HARTRO</td>

<td>62906</td>

</tr>

<tr>

<td>LGD_HARSAC</td>

<td>62906</td>

</tr>

<tr bgcolor="#D4E4F3">

<td>HARTRON_LG</td>

<td></td>

</tr>

<tr>

<td>HARTRON__1</td>

<td></td>

</tr>

<tr bgcolor="#D4E4F3">

<td>HARTRON__2</td>

<td></td>

</tr>

<tr>

<td>HARTORN_LG</td>

<td></td>

</tr>

<tr bgcolor="#D4E4F3">

<td>New_block</td>

<td>Pataudi</td>

</tr>

<tr>

<td>Shape_Le_3</td>

<td>9496.344271</td>

</tr>

</table>

</td>

</tr>

</table>

</body>

</html>

]]></description>
      <styleUrl>#PolyStyle00</styleUrl>
      <MultiGeometry>
        <Polygon>
          <extrude>0</extrude><altitudeMode>clampToGround</altitudeMode>
          <outerBoundaryIs><LinearRing><coordinates> 76.89904937309736,28.33627473692026,0 76.89903228175073,28.33628792777506,0 76.898993681143,28.33631771808469,0 76.89895504729756,28.33634753526901,0 76.89891641345214,28.33637735323559,0 76.89866357273398,28.3364215021861,0 76.89859555499558,28.33621824307112,0 76.89822973316411,28.33622822220375,0 76.89804219188224,28.33624971675095,0 76.89777148726633,28.33629229468058,0 76.8976871381561,28.33612634502789,0 76.89749152012153,28.33579423620538,0 76.89736692379161,28.33556618248574,0 76.89704595574059,28.33500598061885,0 76.89703733191386,28.33498532157519,0 76.89683307837444,28.33445111453767,0 76.89663805143134,28.33410541875276,0 76.89652829796485,28.33389171013716,0 76.89627518056558,28.33333485516595,0 76.896187513977,28.33318401511578,0 76.89603061422946,28.33277842188379,0 76.89583069775624,28.33234963729001,0 76.89577329810454,28.33222135865762,0 76.89554148874377,28.33166555369488,0 76.89545985254571,28.33151819198888,0 76.89521992510974,28.33110531624021,0 76.89501022598307,28.33071536733518,0 76.89491486622239,28.3305458926449,0 76.89457749762926,28.32998487279739,0 76.89454375241559,28.32991029886821,0 76.89447865869349,28.32976829584318,0 76.89432263570168,28.32942792539754,0 76.89428982653256,28.32939830237203,0 76.89406917334931,28.32911312211181,0 76.89388985255061,28.32886219084173,0 76.89345905108308,28.3283806302342,0 76.89337462651436,28.32829238177555,0 76.89286711341312,28.32772295158199,0 76.89280558420606,28.32764423100307,0 76.89245070115979,28.32715801925439,0 76.89235333096953,28.3270503854568,0 76.89214906665033,28.32682505686369,0 76.89217556695121,28.32679925479293,0 76.89220647438688,28.32676916291242,0 76.89213741909437,28.32659818029818,0 76.89206556824465,28.32627843671809,0 76.89189289138579,28.32604173704807,0 76.89182479459568,28.32593631148509,0 76.89181653279002,28.32592352025735,0 76.89180129466786,28.32589993128726,0 76.89155981494307,28.32562768314886,0 76.89152690695926,28.32556624932126,0 76.89187517481177,28.32533873034581,0 76.89219885218171,28.3250338326623,0 76.89229237398929,28.32494657857429,0 76.89228383370589,28.3249276635752,0 76.89204153831083,28.32448387656037,0 76.89203685179999,28.32447484128821,0 76.8917843102208,28.32398798717226,0 76.89176698531222,28.32393143934529,0 76.89153431177216,28.32356209612968,0 76.89140563529423,28.32337716466729,0 76.89124269078316,28.32312559119017,0 76.89134790146925,28.3229133337112,0 76.89113225998697,28.32227811894174,0 76.89112778997011,28.32225840794241,0 76.89111288152965,28.32219265924681,0 76.8910570727943,28.32194654569626,0 76.8910669641439,28.32189508073037,0 76.89109608662712,28.32174355544054,0 76.89108714479677,28.32173053438073,0 76.89102778322447,28.32164409050871,0 76.8909610213309,28.32155006451023,0 76.89073550826194,28.32117646253131,0 76.89072725364282,28.32116278741964,0 76.89067791816738,28.32108243849161,0 76.89062372999285,28.32101927495198,0 76.89042846769109,28.32068163082062,0 76.89041189646906,28.32063861723628,0 76.89039656132886,28.32061572615446,0 76.89036516431133,28.32056885663525,0 76.89033312769338,28.320521034189,0 76.89023021040622,28.32033592820641,0 76.89013485603544,28.32007048802471,0 76.89009696060515,28.31996499802084,0 76.88992624656522,28.31951944103712,0 76.88991007958506,28.31947724704368,0 76.88992193824511,28.31947510318091,0 76.88999209487216,28.31946242426039,0 76.89009323349507,28.31944414646249,0 76.89019618940978,28.31942553889709,0 76.89062667467033,28.31932260333653,0 76.89072025127518,28.31930022836558,0 76.89077330667415,28.31928864231371,0 76.89095613719067,28.31924871783372,0 76.8914212560987,28.31909293266359,0 76.89145359544894,28.31908064514561,0 76.89177344958898,28.31895912453749,0 76.89192098709465,28.31889076572402,0 76.89212733730191,28.31879515646833,0 76.8921342130071,28.31879306478507,0 76.89281449100208,28.31858613582004,0 76.89282867270549,28.31858182196193,0 76.89287716017125,28.31856657280818,0 76.89313621094301,28.31848209547768,0 76.89349497471127,28.31832917824295,0 76.89353312526306,28.31831291681604,0 76.89380681767564,28.31819288047353,0 76.89382475613355,28.31818501269464,0 76.89417500387293,28.31818122154637,0 76.89422990800479,28.31818062685644,0 76.89483960536789,28.31809806219284,0 76.89485477072654,28.31809600845483,0 76.89492454287466,28.31808655983601,0 76.89553478192187,28.31795165121364,0 76.8956225563083,28.31793224624764,0 76.89585676417086,28.31788420593264,0 76.89621532761484,28.3176765096901,0 76.89632998228947,28.31761009703941,0 76.89643606074813,28.31756810552787,0 76.89646243618317,28.31755766438842,0 76.89648763302858,28.3175453498053,0 76.89674428440019,28.31741991210886,0 76.89689609878489,28.31734571370188,0 76.89703805505768,28.31727633211456,0 76.89742640124656,28.31711558166544,0 76.89754441921366,28.31706672960079,0 76.89757670556328,28.31705398396423,0 76.89823306411719,28.31679485583396,0 76.89825722161183,28.31678381754836,0 76.89829371297529,28.31676714465788,0 76.89832526629964,28.31675816883237,0 76.89854608117963,28.31669535463965,0 76.89858450481928,28.31667684781848,0 76.89861526582956,28.31666203176219,0 76.89882592525527,28.31666044695413,0 76.89891279773313,28.31663015449807,0 76.89893729029936,28.31662161361343,0 76.89905310649569,28.31659525232688,0 76.899840322637,28.31620744473355,0 76.9001604013559,28.31651698376703,0 76.90022356459848,28.31657806616271,0 76.90038799761798,28.31675000913408,0 76.90038921214025,28.31675133692375,0 76.90048405626794,28.31685499620229,0 76.90046965627393,28.31690643039336,0 76.90043503789782,28.3170300830248,0 76.90059039164477,28.31720171368283,0 76.90110307634706,28.31776810815153,0 76.90108362961779,28.31777888378465,0 76.90125326747604,28.31797349108824,0 76.9012540463154,28.3179745776648,0 76.90163419178407,28.31850484941813,0 76.90167091221795,28.31855607245618,0 76.90178301028733,28.31871243807453,0 76.90191828039941,28.31891568638444,0 76.90201863569139,28.31905080255606,0 76.90233797240185,28.31948075108481,0 76.90235286018105,28.31951083000328,0 76.90236189363955,28.31952908090243,0 76.90242483589655,28.31956064097718,0 76.90250558455915,28.31959546309494,0 76.9030319910274,28.31982246848099,0 76.90309793275918,28.31985090481395,0 76.90363607481832,28.32008914529745,0 76.9036596879339,28.32013170914085,0 76.903711527014,28.32022515436795,0 76.90376130176557,28.32031487882153,0 76.9040188703171,28.3206779749869,0 76.90439362050418,28.32120625549535,0 76.90440021144342,28.32121554726081,0 76.9044036250415,28.32122391617532,0 76.90443770622502,28.32130746531479,0 76.90507257707736,28.32147499832942,0 76.90507501420673,28.32147564123893,0 76.90536118871017,28.32153063331421,0 76.90551748658645,28.32176065299274,0 76.90555569642706,28.32181688487,0 76.90573123981,28.32206747771107,0 76.90575310031242,28.32209660854093,0 76.90591059743961,28.32230648502922,0 76.90593064963338,28.32233320549557,0 76.90598418473274,28.32238236908005,0 76.90638350294454,28.3227301827414,0 76.90643387777071,28.32277382731029,0 76.90652129732261,28.32284956552468,0 76.90664813854241,28.3229594596586,0 76.90683774864435,28.32314510117208,0 76.90703526841241,28.32340193244783,0 76.90711489328254,28.32350266887715,0 76.90732717057408,28.32377122719223,0 76.90758248255761,28.32409422994847,0 76.90763212346022,28.32417881273627,0 76.90768079418233,28.32418526539049,0 76.90836509393482,28.32427615209055,0 76.90873363227171,28.32432084062587,0 76.90903614353688,28.32460376504429,0 76.90922776945835,28.32471967506719,0 76.90942753142133,28.32485205494475,0 76.90970206914858,28.32502301269116,0 76.91024074660365,28.32531394482904,0 76.9103714344095,28.32538086745064,0 76.91068224341298,28.32557249075937,0 76.91103783792495,28.3257917229187,0 76.91136619911074,28.32601359574031,0 76.91170212051799,28.3262405755605,0 76.91211007333627,28.32649474243997,0 76.91236813057129,28.32665866305026,0 76.91303539287615,28.32705442853645,0 76.91371149909494,28.32729215945286,0 76.91393971968614,28.3273470393967,0 76.91425568861261,28.32752089277986,0 76.91437337779628,28.32758564738128,0 76.91449798490599,28.32765420856863,0 76.91458945675811,28.32770453840628,0 76.91475934973791,28.32780198286325,0 76.91478664414947,28.3278176062935,0 76.91505241970945,28.32796972704932,0 76.91526902418569,28.32809370445819,0 76.91550266161805,28.32824373569373,0 76.91559470659534,28.32829939323029,0 76.91571918614423,28.32837466255535,0 76.91594873354711,28.32851346496888,0 76.91661302512331,28.32889387149976,0 76.91662830995786,28.32890262489594,0 76.91675360068551,28.32897999713763,0 76.9170538032804,28.3291653838012,0 76.91730803009905,28.32932237746748,0 76.91762161579506,28.32948786093774,0 76.91772222710691,28.32954095507793,0 76.91798747894906,28.32968093177719,0 76.91811371290771,28.32974754642934,0 76.9183885012649,28.32995503168744,0 76.91894709526814,28.33059708299659,0 76.91897734783198,28.33064327282074,0 76.91902044989762,28.3307090827096,0 76.91900376728449,28.3307183167127,0 76.91853707991797,28.33097157621236,0 76.91832501552717,28.33109097978665,0 76.91829907397839,28.33110558666469,0 76.91821487309018,28.33115010232503,0 76.91768994974043,28.3314276222314,0 76.91761454425715,28.33146748757821,0 76.91759515861331,28.33147773599913,0 76.91742902867625,28.33155558870015,0 76.91755876336957,28.33166216470846,0 76.91758452256035,28.33168332491803,0 76.91760170104354,28.33169727621562,0 76.91776459524895,28.33182956833174,0 76.91778116736934,28.33184302620745,0 76.91783093942595,28.33188344726696,0 76.91777006958229,28.33193271080776,0 76.91757993935579,28.33208658895153,0 76.91745287715041,28.33220130238185,0 76.91711092804765,28.33245483904756,0 76.91708834170645,28.33247158538531,0 76.91681097338773,28.33267723880056,0 76.91657951436996,28.33249966330815,0 76.91637101090093,28.33233969970052,0 76.91635124796468,28.33232453712585,0 76.9161040908873,28.3321349169915,0 76.91591855464515,28.33200013610588,0 76.91563160579395,28.33179168543034,0 76.91561417039259,28.33177901904875,0 76.91530028465928,28.33155099861928,0 76.91521133886974,28.33150450792841,0 76.91489733635541,28.3313403797179,0 76.91486488112251,28.33132341496499,0 76.9147059718437,28.3311915357624,0 76.91456492556433,28.33107447993447,0 76.91449058548299,28.33101001686065,0 76.91415400920391,28.33071815856913,0 76.91390698867046,28.33050395605826,0 76.91368044164062,28.33030750638225,0 76.91353903603512,28.33037557952077,0 76.91342890437792,28.33043937323967,0 76.91321695946306,28.33056214350267,0 76.91319226477592,28.33057644760811,0 76.91293457585012,28.33072571387764,0 76.91274050381612,28.33085268726057,0 76.91270081984014,28.33087865123492,0 76.9123500681459,28.33109543546584,0 76.91217192863179,28.33120553456743,0 76.91211166964251,28.33124277799022,0 76.9120527284818,28.33127788251953,0 76.91187718330224,28.33138243695355,0 76.91150189143103,28.33160156066211,0 76.91139882143027,28.33166129176375,0 76.91136389493201,28.33168322291633,0 76.91109584663441,28.33185153424081,0 76.91104155156032,28.33188562725205,0 76.91074376004364,28.33209631386436,0 76.91068343547735,28.3321250410571,0 76.91067715176194,28.33212808369894,0 76.90998459649198,28.33246340633482,0 76.90997479497392,28.33246815214512,0 76.90983958594721,28.33253361694752,0 76.9092920358321,28.33279872554045,0 76.90926614997888,28.33281125896249,0 76.90917682060872,28.33286976933133,0 76.90915879770914,28.33288157371802,0 76.90898197332865,28.33296179433119,0 76.9085995380543,28.33313529220302,0 76.90855750049226,28.33315436309066,0 76.90825372799242,28.33331189802755,0 76.9081905440886,28.33334466456922,0 76.90816374644535,28.33335856267197,0 76.90790880636436,28.33350528610543,0 76.90739322818851,28.33382946113603,0 76.90736041991768,28.33384916682678,0 76.90726780091694,28.3339089195952,0 76.90722131399932,28.33393649504766,0 76.90668626124642,28.33422837533712,0 76.90653121202837,28.33431856317583,0 76.90644289865278,28.33437380320902,0 76.90642340521114,28.33434885059147,0 76.90642234699573,28.33434749534743,0 76.90633666298898,28.33423781619562,0 76.9061026177215,28.33393822587655,0 76.9058892202308,28.33368274526644,0 76.90578905089009,28.33371786164086,0 76.90521863685437,28.33401271553775,0 76.90509731847693,28.33406921055957,0 76.90491685232624,28.33415676394687,0 76.90440476769854,28.33440520073821,0 76.90395982405346,28.33459081198167,0 76.90370977440085,28.33469512041478,0 76.90301428882643,28.33497582385372,0 76.90298795561219,28.33498604189021,0 76.90231831187354,28.3352473095467,0 76.90199812086524,28.3353391901645,0 76.90198158198255,28.3352654122581,0 76.90169265234616,28.3353476141055,0 76.90160685155841,28.33537201854504,0 76.90159524622325,28.33537682273599,0 76.90157581117207,28.33538486556477,0 76.90091534282574,28.33570944917769,0 76.90085533446644,28.33575130306064,0 76.90059897684392,28.33576209189375,0 76.90054356516393,28.33576690081114,0 76.9002962167454,28.33585322487415,0 76.90017914111105,28.33590067354705,0 76.89986296557208,28.33588772380136,0 76.89951111523821,28.33588596533045,0 76.89943729707805,28.33596141588233,0 76.89914822011797,28.33619844926388,0 76.89904937309736,28.33627473692026,0</coordinates></LinearRing></outerBoundaryIs>
        </Polygon>
      </MultiGeometry>
    </Placemark>
    <Placemark id="ID_00014">
      <name>Fazalwas</name>
      <Snippet></Snippet>
      <description><![CDATA[<html xmlns:fo="http://www.w3.org/1999/XSL/Format" xmlns:msxsl="urn:schemas-microsoft-com:xslt">

<head>

<META http-equiv="Content-Type" content="text/html">

<meta http-equiv="content-type" content="text/html; charset=UTF-8">

</head>

<body style="margin:0px 0px 0px 0px;overflow:auto;background:#FFFFFF;">

<table style="font-family:Arial,Verdana,Times;font-size:12px;text-align:left;width:100%;border-collapse:collapse;padding:3px 3px 3px 3px">

<tr style="text-align:center;font-weight:bold;background:#9CBCE2">

<td>Gurgaon</td>

</tr>

<tr>

<td>

<table style="font-family:Arial,Verdana,Times;font-size:12px;text-align:left;width:100%;border-spacing:0px; padding:3px 3px 3px 3px">

<tr>

<td>FID</td>

<td>14</td>

</tr>

<tr bgcolor="#D4E4F3">

<td>OBJECTID_1</td>

<td>236</td>

</tr>

<tr>

<td>OBJECTID_2</td>

<td>1647</td>

</tr>

<tr bgcolor="#D4E4F3">

<td>N_D_CODE</td>

<td>05</td>

</tr>

<tr>

<td>N_D_NAME</td>

<td>Gurgaon</td>

</tr>

<tr bgcolor="#D4E4F3">

<td>N_T_CODE</td>

<td>116</td>

</tr>

<tr>

<td>N_T_NAME</td>

<td>Manesar</td>

</tr>

<tr bgcolor="#D4E4F3">

<td>N_V_CODE</td>

<td>04139</td>

</tr>

<tr>

<td>N_V_NAME</td>

<td>Fazalwas</td>

</tr>

<tr bgcolor="#D4E4F3">

<td>Pin_Code</td>

<td>122413</td>

</tr>

<tr>

<td>HADBAST_NO</td>

<td>149</td>

</tr>

<tr bgcolor="#D4E4F3">

<td>Census_200</td>

<td>00587400</td>

</tr>

<tr>

<td>Census_201</td>

<td>062905</td>

</tr>

<tr bgcolor="#D4E4F3">

<td>Shape_Leng</td>

<td>6114.643093</td>

</tr>

<tr>

<td>B_Code</td>

<td>480</td>

</tr>

<tr bgcolor="#D4E4F3">

<td>B_Name</td>

<td>PATAUDI</td>

</tr>

<tr>

<td>GP_Code</td>

<td>29468</td>

</tr>

<tr bgcolor="#D4E4F3">

<td>GP_Name</td>

<td>FAZAILWAS</td>

</tr>

<tr>

<td>LGD_Code</td>

<td>62905</td>

</tr>

<tr bgcolor="#D4E4F3">

<td>Shape_Le_1</td>

<td>6114.643093</td>

</tr>

<tr>

<td>Shape_Ar_1</td>

<td>1861831.16716</td>

</tr>

<tr bgcolor="#D4E4F3">

<td>SHAPE_Le_2</td>

<td>6114.643093</td>

</tr>

<tr>

<td>Unique__ID</td>

<td>05//116//04139</td>

</tr>

<tr bgcolor="#D4E4F3">

<td>District1</td>

<td>GGM</td>

</tr>

<tr>

<td>Unique_ID2</td>

<td>GGM62905</td>

</tr>

<tr bgcolor="#D4E4F3">

<td>GlobalID</td>

<td>{A7F26BE6-803E-4722-BF46-8F561B78179A}</td>

</tr>

<tr>

<td>UQ</td>

<td>Gurgaon/149</td>

</tr>

<tr bgcolor="#D4E4F3">

<td>LGD_HARTRO</td>

<td>62905</td>

</tr>

<tr>

<td>LGD_HARSAC</td>

<td>62905</td>

</tr>

<tr bgcolor="#D4E4F3">

<td>HARTRON_LG</td>

<td></td>

</tr>

<tr>

<td>HARTRON__1</td>

<td></td>

</tr>

<tr bgcolor="#D4E4F3">

<td>HARTRON__2</td>

<td></td>

</tr>

<tr>

<td>HARTORN_LG</td>

<td></td>

</tr>

<tr bgcolor="#D4E4F3">

<td>New_block</td>

<td>Pataudi</td>

</tr>

<tr>

<td>Shape_Le_3</td>

<td>6958.703105</td>

</tr>

</table>

</td>

</tr>

</table>

</body>

</html>

]]></description>
      <styleUrl>#PolyStyle00</styleUrl>
      <MultiGeometry>
        <Polygon>
          <extrude>0</extrude><altitudeMode>clampToGround</altitudeMode>
          <outerBoundaryIs><LinearRing><coordinates> 76.89380681767564,28.31819288047353,0 76.89353312526306,28.31831291681604,0 76.89349497471127,28.31832917824295,0 76.89313621094301,28.31848209547768,0 76.89287716017125,28.31856657280818,0 76.89282867270549,28.31858182196193,0 76.89281449100208,28.31858613582004,0 76.8921342130071,28.31879306478507,0 76.89212733730191,28.31879515646833,0 76.89192098709465,28.31889076572402,0 76.89177344958898,28.31895912453749,0 76.89145359544894,28.31908064514561,0 76.8914212560987,28.31909293266359,0 76.89095613719067,28.31924871783372,0 76.89077330667415,28.31928864231371,0 76.89072025127518,28.31930022836558,0 76.89062667467033,28.31932260333653,0 76.89019618940978,28.31942553889709,0 76.89009323349507,28.31944414646249,0 76.88999209487216,28.31946242426039,0 76.88992193824511,28.31947510318091,0 76.88967342201668,28.31910494339864,0 76.88957978612306,28.31896547391303,0 76.88956990734988,28.31895075939872,0 76.88935904759985,28.31872820281352,0 76.8890204429249,28.31841496211201,0 76.88901163314689,28.31840681123979,0 76.88888443080432,28.31828913794442,0 76.88877361463089,28.31818662120432,0 76.8887397544329,28.31816018359707,0 76.88836171371692,28.31786500893826,0 76.88833723552374,28.31784589655745,0 76.88816505273832,28.31771145500117,0 76.88809646636636,28.31764492058676,0 76.88806263311781,28.31761209938379,0 76.88770504254929,28.31726520056244,0 76.8875382227061,28.31710336746514,0 76.88745250007179,28.3170294993999,0 76.88738590526482,28.31697211513827,0 76.88704940983413,28.31664030707834,0 76.88696979215048,28.31656179893224,0 76.88673880384991,28.31637577819036,0 76.88670910554663,28.31635113767742,0 76.88654644849642,28.31620328736243,0 76.88650262688026,28.31616712368361,0 76.88639163733193,28.31606759185052,0 76.88633008117543,28.31602608292521,0 76.8860098407598,28.31561004457573,0 76.88595514773205,28.31546985717622,0 76.88590348112844,28.31513062166328,0 76.88587982938533,28.31506065499492,0 76.88576546576482,28.31472710429313,0 76.88561173527364,28.31450833726465,0 76.88523248183205,28.31394656767918,0 76.88512281819712,28.31378734564258,0 76.88483222757574,28.31339853925099,0 76.88469042671151,28.3131752719353,0 76.88448031166484,28.31284444059188,0 76.88426805144132,28.31252945138096,0 76.88471537292695,28.31221943334522,0 76.88492396892245,28.31207423456382,0 76.88554141964478,28.31170888354146,0 76.88564669411122,28.31166840656827,0 76.88580777371978,28.31155933433132,0 76.88608055344402,28.3113904372749,0 76.88639868641199,28.31119963067477,0 76.88666922573788,28.31103204667269,0 76.88678795427236,28.31095850022654,0 76.88718877536563,28.31068757253786,0 76.88749779402673,28.31048246182396,0 76.8872518272171,28.31014520023328,0 76.88686416105286,28.30958403555609,0 76.88686001981941,28.30957844486046,0 76.88682271727723,28.30953062696207,0 76.88680226084156,28.30950048115974,0 76.8867873515028,28.30947851142317,0 76.88657023408854,28.30898945801273,0 76.88638164267608,28.3086200969031,0 76.88657251131777,28.30844861531761,0 76.88713362240044,28.30805502431931,0 76.88742416451277,28.30786378940177,0 76.88744961827636,28.30784621033708,0 76.88745096844423,28.30784527788018,0 76.88777394153497,28.30763072241923,0 76.88810545311246,28.30740247619914,0 76.88813956214381,28.30736892658768,0 76.88827142404772,28.30726927975025,0 76.88878682884872,28.30691904441527,0 76.88886768710577,28.30685963554274,0 76.88903593257531,28.30676493765536,0 76.88946793509041,28.30649845599552,0 76.88950630303451,28.30647478837157,0 76.88950903570961,28.30647317652116,0 76.88986802944659,28.3062978532398,0 76.89010425672193,28.30611424814738,0 76.89014902875569,28.30607944929686,0 76.89020150653793,28.306045563926,0 76.89041026423018,28.30591076815544,0 76.89054930367323,28.30582098804924,0 76.89058080938686,28.30580456890184,0 76.89058302193742,28.30580341576511,0 76.8908298672994,28.30572049428577,0 76.89097320697772,28.30567234247341,0 76.89101503972385,28.30564291292787,0 76.89122986284092,28.30555252518059,0 76.89150729673662,28.30617865276281,0 76.89155777666569,28.3062915410711,0 76.89218641500659,28.30623222991971,0 76.89228606242609,28.30625088012944,0 76.89278496697197,28.30670084579895,0 76.89280942719884,28.3067095448687,0 76.89286369352683,28.30672884432054,0 76.89290348799562,28.30673908009922,0 76.89291888332295,28.30674304090716,0 76.89348929646039,28.30688977181184,0 76.89354228538403,28.30690996336046,0 76.894377532647,28.30732918981941,0 76.89440651858628,28.30737675166773,0 76.89462725351621,28.3077136004925,0 76.89473155690385,28.30787277072327,0 76.8948689461417,28.30791053639696,0 76.89489680739024,28.30791819455992,0 76.89490835163997,28.30792179626109,0 76.8951737543991,28.30800458869179,0 76.89552986813729,28.30809693417135,0 76.89558740343459,28.30798675103038,0 76.895589655511,28.30798305047054,0 76.89562384808566,28.3079268682217,0 76.89562852022347,28.30791908668093,0 76.89592190101209,28.3074305306893,0 76.89610888893175,28.30752422355345,0 76.89625682708601,28.30759834893287,0 76.89628091002047,28.30760894290091,0 76.89653373277234,28.30772015142522,0 76.89693494732767,28.30789663259456,0 76.89695245189931,28.30790389689654,0 76.89705784224846,28.30794764087554,0 76.89708596131346,28.30795848789268,0 76.89761320770654,28.30816186115269,0 76.89762504660366,28.30816667290049,0 76.89806213897313,28.30834435705486,0 76.89816007510206,28.3083567415103,0 76.89830350012031,28.30824993888069,0 76.8983171706823,28.3082397601911,0 76.89856740538787,28.30799050932479,0 76.89900618928502,28.30759045664346,0 76.89905774719242,28.30757604267522,0 76.899350982454,28.30746139678891,0 76.89969505247916,28.30735454659771,0 76.89977245671392,28.3073236836307,0 76.89986490862803,28.30736415355747,0 76.90033311324905,28.30754914371392,0 76.90036938542362,28.30756402826538,0 76.90056771726866,28.30764541556404,0 76.90065637110574,28.30768179647154,0 76.90066531473271,28.30769478128892,0 76.90078801382073,28.30787291150131,0 76.90082410633221,28.30792530859186,0 76.90114915183632,28.30843860747787,0 76.9011658605006,28.3084665525529,0 76.9012680681187,28.30900751457956,0 76.90137343870489,28.30930870867181,0 76.90150550811963,28.30954863361191,0 76.9018187973716,28.31008984321428,0 76.90182395100638,28.31009814261687,0 76.90215482298339,28.31063107616146,0 76.90229499160876,28.31088790286631,0 76.90245018725221,28.31117226285709,0 76.90272471509799,28.31171342307326,0 76.90272941777849,28.31172307234569,0 76.90298844429572,28.31225457025483,0 76.90310796514426,28.31254828633704,0 76.90313112910219,28.31279557707492,0 76.90316770760222,28.31304884052236,0 76.9032648127895,28.31333657244364,0 76.9032714890687,28.31334702665109,0 76.9036104647479,28.31387781338511,0 76.90377508102371,28.31411854574824,0 76.90398097937839,28.31440544993017,0 76.90398860338023,28.31441909111401,0 76.90408682068181,28.31459483359757,0 76.9042219488601,28.31483661931277,0 76.90390093589333,28.31496320913983,0 76.9037451060393,28.31502465937527,0 76.90361238265103,28.31507224625248,0 76.90345438156895,28.31512889764561,0 76.90337598379749,28.31515700703789,0 76.9032179800205,28.31521365838587,0 76.90310642992345,28.31527070591089,0 76.90283744288635,28.31538502704697,0 76.90241252538389,28.31552297413452,0 76.9023841242479,28.31561923560399,0 76.90237296986702,28.31563238473582,0 76.90209482809884,28.31596025999192,0 76.90214845482637,28.31618045305603,0 76.90200198002771,28.31625680490286,0 76.90194198424483,28.31652928344359,0 76.90188635517254,28.31660492092696,0 76.90158603130507,28.31642989192536,0 76.90149761102998,28.31644910736779,0 76.90156168606254,28.3165796367372,0 76.90125612232201,28.3167430008717,0 76.90143568117428,28.31682794537756,0 76.90149446333321,28.31685796019912,0 76.90150218255644,28.31687254689009,0 76.90151677029833,28.31690011331852,0 76.90165273121491,28.31715704350712,0 76.90158258536765,28.31726011876652,0 76.90167018368425,28.31734254568776,0 76.90182660642635,28.31748973408718,0 76.90167518550375,28.31761204956242,0 76.90149361712021,28.31775871644219,0 76.90110307634706,28.31776810815153,0 76.90059039164477,28.31720171368283,0 76.90043503789782,28.3170300830248,0 76.90046965627393,28.31690643039336,0 76.90048405626794,28.31685499620229,0 76.90038921214025,28.31675133692375,0 76.90038799761798,28.31675000913408,0 76.90022356459848,28.31657806616271,0 76.9001604013559,28.31651698376703,0 76.899840322637,28.31620744473355,0 76.89905310649569,28.31659525232688,0 76.89893729029936,28.31662161361343,0 76.89891279773313,28.31663015449807,0 76.89882592525527,28.31666044695413,0 76.89861526582956,28.31666203176219,0 76.89858450481928,28.31667684781848,0 76.89854608117963,28.31669535463965,0 76.89832526629964,28.31675816883237,0 76.89829371297529,28.31676714465788,0 76.89825722161183,28.31678381754836,0 76.89823306411719,28.31679485583396,0 76.89757670556328,28.31705398396423,0 76.89754441921366,28.31706672960079,0 76.89742640124656,28.31711558166544,0 76.89703805505768,28.31727633211456,0 76.89689609878489,28.31734571370188,0 76.89674428440019,28.31741991210886,0 76.89648763302858,28.3175453498053,0 76.89646243618317,28.31755766438842,0 76.89643606074813,28.31756810552787,0 76.89632998228947,28.31761009703941,0 76.89621532761484,28.3176765096901,0 76.89585676417086,28.31788420593264,0 76.8956225563083,28.31793224624764,0 76.89553478192187,28.31795165121364,0 76.89492454287466,28.31808655983601,0 76.89485477072654,28.31809600845483,0 76.89483960536789,28.31809806219284,0 76.89422990800479,28.31818062685644,0 76.89417500387293,28.31818122154637,0 76.89382475613355,28.31818501269464,0 76.89380681767564,28.31819288047353,0</coordinates></LinearRing></outerBoundaryIs>
        </Polygon>
      </MultiGeometry>
    </Placemark>
    <Placemark id="ID_00015">
      <name>Kankrola</name>
      <Snippet></Snippet>
      <description><![CDATA[<html xmlns:fo="http://www.w3.org/1999/XSL/Format" xmlns:msxsl="urn:schemas-microsoft-com:xslt">

<head>

<META http-equiv="Content-Type" content="text/html">

<meta http-equiv="content-type" content="text/html; charset=UTF-8">

</head>

<body style="margin:0px 0px 0px 0px;overflow:auto;background:#FFFFFF;">

<table style="font-family:Arial,Verdana,Times;font-size:12px;text-align:left;width:100%;border-collapse:collapse;padding:3px 3px 3px 3px">

<tr style="text-align:center;font-weight:bold;background:#9CBCE2">

<td>Gurgaon</td>

</tr>

<tr>

<td>

<table style="font-family:Arial,Verdana,Times;font-size:12px;text-align:left;width:100%;border-spacing:0px; padding:3px 3px 3px 3px">

<tr>

<td>FID</td>

<td>15</td>

</tr>

<tr bgcolor="#D4E4F3">

<td>OBJECTID_1</td>

<td>268</td>

</tr>

<tr>

<td>OBJECTID_2</td>

<td>1713</td>

</tr>

<tr bgcolor="#D4E4F3">

<td>N_D_CODE</td>

<td>05</td>

</tr>

<tr>

<td>N_D_NAME</td>

<td>Gurgaon</td>

</tr>

<tr bgcolor="#D4E4F3">

<td>N_T_CODE</td>

<td>138</td>

</tr>

<tr>

<td>N_T_NAME</td>

<td>Harsaru</td>

</tr>

<tr bgcolor="#D4E4F3">

<td>N_V_CODE</td>

<td>01186</td>

</tr>

<tr>

<td>N_V_NAME</td>

<td>Kankrola</td>

</tr>

<tr bgcolor="#D4E4F3">

<td>Pin_Code</td>

<td>122505</td>

</tr>

<tr>

<td>HADBAST_NO</td>

<td>128</td>

</tr>

<tr bgcolor="#D4E4F3">

<td>Census_200</td>

<td>00598300</td>

</tr>

<tr>

<td>Census_201</td>

<td>062827</td>

</tr>

<tr bgcolor="#D4E4F3">

<td>Shape_Leng</td>

<td>7359.418914</td>

</tr>

<tr>

<td>B_Code</td>

<td></td>

</tr>

<tr bgcolor="#D4E4F3">

<td>B_Name</td>

<td></td>

</tr>

<tr>

<td>GP_Code</td>

<td></td>

</tr>

<tr bgcolor="#D4E4F3">

<td>GP_Name</td>

<td></td>

</tr>

<tr>

<td>LGD_Code</td>

<td>62827</td>

</tr>

<tr bgcolor="#D4E4F3">

<td>Shape_Le_1</td>

<td>7359.418914</td>

</tr>

<tr>

<td>Shape_Ar_1</td>

<td>3396170.36318</td>

</tr>

<tr bgcolor="#D4E4F3">

<td>SHAPE_Le_2</td>

<td>7359.418914</td>

</tr>

<tr>

<td>Unique__ID</td>

<td>05//138//01186</td>

</tr>

<tr bgcolor="#D4E4F3">

<td>District1</td>

<td>GGM</td>

</tr>

<tr>

<td>Unique_ID2</td>

<td>GGM62827</td>

</tr>

<tr bgcolor="#D4E4F3">

<td>GlobalID</td>

<td>{8DCC5961-CC5E-4F47-A218-1E511FF5DADA}</td>

</tr>

<tr>

<td>UQ</td>

<td>Gurgaon/128</td>

</tr>

<tr bgcolor="#D4E4F3">

<td>LGD_HARTRO</td>

<td>62827</td>

</tr>

<tr>

<td>LGD_HARSAC</td>

<td>62827</td>

</tr>

<tr bgcolor="#D4E4F3">

<td>HARTRON_LG</td>

<td></td>

</tr>

<tr>

<td>HARTRON__1</td>

<td></td>

</tr>

<tr bgcolor="#D4E4F3">

<td>HARTRON__2</td>

<td></td>

</tr>

<tr>

<td>HARTORN_LG</td>

<td></td>

</tr>

<tr bgcolor="#D4E4F3">

<td>New_block</td>

<td>Gurgaon</td>

</tr>

<tr>

<td>Shape_Le_3</td>

<td>8382.218087</td>

</tr>

</table>

</td>

</tr>

</table>

</body>

</html>

]]></description>
      <styleUrl>#PolyStyle00</styleUrl>
      <MultiGeometry>
        <Polygon>
          <extrude>0</extrude><altitudeMode>clampToGround</altitudeMode>
          <outerBoundaryIs><LinearRing><coordinates> 76.92007925998703,28.39950810461485,0 76.92006747498881,28.39951485771021,0 76.91987964534773,28.39964611153198,0 76.91985894906192,28.39965142170538,0 76.91979633289336,28.39966748497833,0 76.91939880053236,28.39976946631753,0 76.919370532347,28.39977671880478,0 76.9193407325341,28.39978773661052,0 76.91914876974437,28.39985870711937,0 76.91871762781534,28.3999813362521,0 76.91867572320396,28.39999325407643,0 76.91836643055669,28.400097294366,0 76.91808740484632,28.40016790907732,0 76.91803627363866,28.4001808486098,0 76.91798162373003,28.40019467948667,0 76.91796730099112,28.40020040527792,0 76.91792929237316,28.4002156031985,0 76.91787941611196,28.40022622032717,0 76.91765629615493,28.39983461067212,0 76.91758025825773,28.39969230529052,0 76.91751827989297,28.39957631354482,0 76.91747593151388,28.39949705596202,0 76.91732812271704,28.39953497080571,0 76.91668288261137,28.39969728515636,0 76.91668259784542,28.39969735706491,0 76.91665377270459,28.39970460797671,0 76.9166501057816,28.39969691138985,0 76.9166447859585,28.39968574422607,0 76.91654133776701,28.39946858801456,0 76.91643471043773,28.39924475805683,0 76.91639480278121,28.39914901411563,0 76.9162750420825,28.39886168931845,0 76.91620407966663,28.39869143601356,0 76.91616383963347,28.39860144905861,0 76.91595636563378,28.39813748444015,0 76.91590681815595,28.39805352794558,0 76.91588380331838,28.39801452997514,0 76.91575991036935,28.39758542254746,0 76.91573047257748,28.39750671030811,0 76.91559275006463,28.39713846935608,0 76.91556345690155,28.39703335856912,0 76.91554176168911,28.39695972548249,0 76.91541592748074,28.39653262965453,0 76.91540117534717,28.39648255607981,0 76.91537635938741,28.39641305787633,0 76.91536008011784,28.39636746721342,0 76.91531970264244,28.3962543885664,0 76.91531860310457,28.39624999805015,0 76.9152388955894,28.39593175309855,0 76.91521565976625,28.39586645462012,0 76.91504244840981,28.39537968919869,0 76.91503167760955,28.39531953245021,0 76.91502547114924,28.39528486871354,0 76.91479474874998,28.39482573374886,0 76.91476145538893,28.39477142525784,0 76.91457472348914,28.39446681862282,0 76.9145504824512,28.39429595372078,0 76.91454705268342,28.39427177856473,0 76.91437148145275,28.39381098838358,0 76.91435061269037,28.39371971313074,0 76.91426064012644,28.39344309020361,0 76.91417125865398,28.39316827781375,0 76.914158118098,28.39312994818027,0 76.91404723455092,28.39280652005838,0 76.91401699097027,28.39266822053268,0 76.91402607563272,28.39261810245836,0 76.91402028868565,28.39258365673941,0 76.91401265120913,28.39253818454844,0 76.91401223169588,28.39253569128631,0 76.91399339043113,28.3924916154602,0 76.9139846794678,28.39243161591444,0 76.91394646154235,28.39216840587316,0 76.9139321468883,28.3920698177124,0 76.91392104640633,28.39203789511911,0 76.91390615413556,28.39199507006985,0 76.91378696656196,28.39151964218744,0 76.91378138802406,28.39149157829349,0 76.91374810813772,28.39132412254646,0 76.91371127810939,28.39120506251746,0 76.91364569660209,28.39105575483429,0 76.91363822351724,28.39104500402178,0 76.91363685717968,28.39104335789244,0 76.91357345229029,28.39096694442909,0 76.91356258177704,28.39094417440284,0 76.91352545350804,28.39086640397464,0 76.91325492675854,28.39039554829365,0 76.91324152569113,28.39036772671608,0 76.9132409822104,28.3903665982054,0 76.91321321079337,28.39034184209222,0 76.91317122443533,28.39022177968197,0 76.91299094962577,28.38984752232683,0 76.91294971605591,28.38973218680171,0 76.91279536033727,28.38930043554256,0 76.91276684870847,28.38917802402377,0 76.91272274771623,28.38905810412703,0 76.91270444454234,28.38891009264759,0 76.91266815619808,28.38875428716518,0 76.91257606361012,28.38829768761087,0 76.91255805059205,28.38820837464179,0 76.91254604101502,28.38814883341083,0 76.91244794498598,28.38766246167818,0 76.912413768581,28.38743910546449,0 76.9123624586086,28.38721310049471,0 76.91235810088118,28.38716828589839,0 76.91233784207486,28.38711654827452,0 76.91218077164744,28.38658456112965,0 76.91217645254757,28.38656993027184,0 76.91210567518462,28.38631438980077,0 76.91187829990812,28.38602143089379,0 76.91155942403341,28.38551216203343,0 76.91155926592992,28.38551199922959,0 76.9117792211222,28.38537107742007,0 76.9118967117782,28.38530802798463,0 76.91234624940759,28.38503099980583,0 76.91243969306177,28.38496981293784,0 76.91248883270447,28.38493090657204,0 76.91319678689503,28.38452087896837,0 76.91328617285907,28.38445369013388,0 76.91358304719584,28.38427858483781,0 76.9139097015826,28.38402017946348,0 76.91392761488768,28.384006009009,0 76.91401233590044,28.38394193845684,0 76.91408975720323,28.38387128369359,0 76.91419598837544,28.38379215662542,0 76.91461928262217,28.3835802227177,0 76.91511628184132,28.38337180612625,0 76.91532226553596,28.38326062857758,0 76.91595354402547,28.38299861682466,0 76.91599606847437,28.38297310975948,0 76.91602441930476,28.38295610504593,0 76.91669513742846,28.38265705763407,0 76.91672656858195,28.38265157826876,0 76.91692211475133,28.38255734547032,0 76.9174171601347,28.38255808205956,0 76.91749775249045,28.38256208034799,0 76.91755932840992,28.3825483878494,0 76.91763498003155,28.38253264443759,0 76.91772410458584,28.38251409771549,0 76.91774266018635,28.38251023694302,0 76.91835880296163,28.38227679786142,0 76.91870553289836,28.38213075907555,0 76.91875801427388,28.38210717626769,0 76.91903685043977,28.38198187804,0 76.91969674655928,28.38166522309346,0 76.91971440474282,28.38165674987471,0 76.92039195455429,28.38133161755124,0 76.9205628716135,28.38124575803946,0 76.920825386289,28.38111927881263,0 76.92087772842564,28.38108759160563,0 76.92143439284763,28.38080795137605,0 76.92164981783594,28.38069973098391,0 76.92174655201897,28.3806511365713,0 76.92188235303541,28.38060423268727,0 76.92230333322196,28.38041166383425,0 76.92242457793753,28.38035620116404,0 76.92284744278956,28.38011636024827,0 76.92310113061906,28.37997064332151,0 76.9232248349219,28.37991960480817,0 76.92367326492857,28.37973459206605,0 76.92377939459119,28.3796908057199,0 76.92416405948403,28.37956654000114,0 76.92437235274728,28.37949925081399,0 76.92443388914089,28.37947937181365,0 76.92445863593032,28.37947137737523,0 76.92465190487046,28.37940894090908,0 76.92471181172013,28.37939155151129,0 76.92522828910957,28.37923194070172,0 76.92537801311458,28.37941608334928,0 76.92557233038868,28.37965024478819,0 76.92567019914391,28.37977422588197,0 76.92568981206151,28.37979907219168,0 76.92572699063618,28.37985204870605,0 76.92574632687267,28.37987341744969,0 76.92576334006583,28.37989221912687,0 76.92581113762546,28.37995276953056,0 76.92583071101718,28.37997756600632,0 76.9257965462903,28.3799763077675,0 76.92582591042031,28.38000276476487,0 76.9263033407393,28.38047924566136,0 76.92633466140001,28.38054093382932,0 76.92643217711735,28.38065046003511,0 76.92648917791708,28.38072363261396,0 76.92682153391097,28.38110367112756,0 76.92708134465742,28.38140077552123,0 76.92715517090242,28.38148408290036,0 76.927345862576,28.38166778458034,0 76.92742974815553,28.38174859586291,0 76.92773762775288,28.38200001071917,0 76.92786975555812,28.38211837689681,0 76.9279661205336,28.38223542545521,0 76.92810533963969,28.38235842983618,0 76.9283894318483,28.38269465288511,0 76.92843806034958,28.3827522047561,0 76.92847009337427,28.38279878444515,0 76.92895698834313,28.38336151213319,0 76.92903813855263,28.38345530084463,0 76.92910179766523,28.38354107400276,0 76.92937555655314,28.3839217251929,0 76.92960790669969,28.38422083937668,0 76.92981121341478,28.38448256438564,0 76.93020888681129,28.38497095415097,0 76.93026395713144,28.38504403049165,0 76.93032873644322,28.38512208101006,0 76.9307525804589,28.38560681423104,0 76.93082397496441,28.38570029826841,0 76.93118654219958,28.386167585238,0 76.93140922018549,28.38645423238362,0 76.93162221792586,28.38672841729348,0 76.93207932206492,28.38725558685781,0 76.93210914792898,28.3872911320299,0 76.93256874938457,28.38785284010843,0 76.93259756105067,28.38789323273162,0 76.93263635749115,28.38798361364984,0 76.93274753029577,28.38809329812926,0 76.93291689686279,28.38831010146987,0 76.93299760599952,28.38841341588925,0 76.93331740444403,28.38880602161899,0 76.93345038385215,28.38897486908233,0 76.93356428933187,28.38910012506436,0 76.93378121091342,28.38937678066244,0 76.93392025035646,28.38953694836469,0 76.93432178650869,28.3900965155419,0 76.93437161426085,28.39013794652227,0 76.93451835855412,28.39031768342036,0 76.93479166289445,28.39065859124808,0 76.93499933991342,28.39085946145372,0 76.93504986655489,28.39089204743816,0 76.93503835644115,28.39090545357194,0 76.9348832533242,28.39107543409729,0 76.93478208326027,28.39118630947199,0 76.93475534939741,28.39122832719493,0 76.93455604916848,28.39142972026712,0 76.93439959318869,28.39160548705779,0 76.93427385869333,28.39174841812272,0 76.93391697330233,28.39213556739774,0 76.93348533819817,28.39266710706138,0 76.93330949208298,28.39286967883114,0 76.93307123461516,28.39319914745037,0 76.93281214611416,28.3935241114106,0 76.93270716719343,28.39364253347453,0 76.93263469111631,28.39373054506756,0 76.93244437583682,28.39390454421128,0 76.93228288569823,28.3940521899455,0 76.93224054091235,28.39409566374567,0 76.93194973289867,28.39432241741824,0 76.93191343287636,28.39436648379038,0 76.93186144287931,28.39440225495855,0 76.93123864987599,28.39488648740875,0 76.93108219030292,28.3949917947237,0 76.93081535742589,28.39531506445206,0 76.93073470757801,28.39541277006172,0 76.93051172506323,28.39578730647583,0 76.93049573684782,28.39581416175646,0 76.93040160867739,28.39594533402644,0 76.93034104426094,28.39605781795913,0 76.93022226901405,28.39648355097682,0 76.93016996730158,28.39669073511645,0 76.93015801880998,28.39671379708221,0 76.9301431004881,28.3967425913428,0 76.9300512190042,28.39691992977283,0 76.92976179259942,28.39740560156612,0 76.92975012258556,28.39742518403351,0 76.92973253447063,28.39745469878215,0 76.92966765005595,28.39752153484082,0 76.92964139230021,28.3975518129152,0 76.92926554527016,28.39798521451701,0 76.92919674060759,28.3980802720217,0 76.92906935051718,28.3982562680091,0 76.92863726625538,28.39851110248036,0 76.92849592443028,28.39859930758355,0 76.92824214048105,28.39875768258506,0 76.92821259219642,28.39877612215762,0 76.92796898795596,28.39897540604332,0 76.92790951858584,28.39901857675434,0 76.92777319654654,28.39911753459073,0 76.92745218986795,28.39935055650077,0 76.92720111883089,28.39955771844109,0 76.92719268275204,28.39957900577295,0 76.92711303991561,28.39963805934888,0 76.92689955708497,28.39981026767598,0 76.92665824624346,28.40000492140549,0 76.92660504262244,28.39999581433027,0 76.92650715051097,28.39997905730981,0 76.92639001019792,28.39984520097207,0 76.92624482358337,28.3996061129583,0 76.92623836828977,28.39959548154378,0 76.92623815449072,28.39959513069286,0 76.92622602364112,28.39957515431423,0 76.92586269822783,28.39905485524682,0 76.9258572373692,28.3990470369206,0 76.92558022478336,28.3987508899309,0 76.92554141307154,28.39870939672958,0 76.92553027575862,28.39869748982382,0 76.92533842525835,28.39851625308765,0 76.92530194108139,28.39848178636941,0 76.92516606819974,28.39834240533406,0 76.92491111644061,28.39842199883102,0 76.92485347873534,28.39844976376977,0 76.92482527163546,28.39846335148691,0 76.92481126600185,28.39847194189442,0 76.92434385010164,28.39875864269144,0 76.92417520757672,28.39886208284316,0 76.92392712972618,28.39900881055993,0 76.92306628766414,28.399542003632,0 76.92264330333619,28.39978239720643,0 76.92233031861309,28.39999730623123,0 76.9222715436407,28.40003766419893,0 76.92219050661892,28.40009330780173,0 76.92217440611407,28.40008743581749,0 76.92214001591005,28.40007489374479,0 76.92209565620303,28.4000587151642,0 76.92187410380619,28.39996030265593,0 76.9214540623591,28.39980750433544,0 76.92145195760641,28.39980673862853,0 76.92142341273993,28.399796355358,0 76.92128904992624,28.39973477716941,0 76.92121312611506,28.39970111211433,0 76.92110421257338,28.39965281957688,0 76.92084166555856,28.39953640265757,0 76.92076353907829,28.39951316113926,0 76.92075231193387,28.39950982015083,0 76.92048849649788,28.39939416483325,0 76.92036929814449,28.39934190847939,0 76.92007925998703,28.39950810461485,0</coordinates></LinearRing></outerBoundaryIs>
        </Polygon>
      </MultiGeometry>
    </Placemark>
    <Placemark id="ID_00016">
      <name>Bhangrola</name>
      <Snippet></Snippet>
      <description><![CDATA[<html xmlns:fo="http://www.w3.org/1999/XSL/Format" xmlns:msxsl="urn:schemas-microsoft-com:xslt">

<head>

<META http-equiv="Content-Type" content="text/html">

<meta http-equiv="content-type" content="text/html; charset=UTF-8">

</head>

<body style="margin:0px 0px 0px 0px;overflow:auto;background:#FFFFFF;">

<table style="font-family:Arial,Verdana,Times;font-size:12px;text-align:left;width:100%;border-collapse:collapse;padding:3px 3px 3px 3px">

<tr style="text-align:center;font-weight:bold;background:#9CBCE2">

<td>Gurgaon</td>

</tr>

<tr>

<td>

<table style="font-family:Arial,Verdana,Times;font-size:12px;text-align:left;width:100%;border-spacing:0px; padding:3px 3px 3px 3px">

<tr>

<td>FID</td>

<td>16</td>

</tr>

<tr bgcolor="#D4E4F3">

<td>OBJECTID_1</td>

<td>269</td>

</tr>

<tr>

<td>OBJECTID_2</td>

<td>1714</td>

</tr>

<tr bgcolor="#D4E4F3">

<td>N_D_CODE</td>

<td>05</td>

</tr>

<tr>

<td>N_D_NAME</td>

<td>Gurgaon</td>

</tr>

<tr bgcolor="#D4E4F3">

<td>N_T_CODE</td>

<td>138</td>

</tr>

<tr>

<td>N_T_NAME</td>

<td>Harsaru</td>

</tr>

<tr bgcolor="#D4E4F3">

<td>N_V_CODE</td>

<td>01187</td>

</tr>

<tr>

<td>N_V_NAME</td>

<td>Bhangrola</td>

</tr>

<tr bgcolor="#D4E4F3">

<td>Pin_Code</td>

<td>122505</td>

</tr>

<tr>

<td>HADBAST_NO</td>

<td>122</td>

</tr>

<tr bgcolor="#D4E4F3">

<td>Census_200</td>

<td>00590700</td>

</tr>

<tr>

<td>Census_201</td>

<td>062807</td>

</tr>

<tr bgcolor="#D4E4F3">

<td>Shape_Leng</td>

<td>10783.587481</td>

</tr>

<tr>

<td>B_Code</td>

<td>475</td>

</tr>

<tr bgcolor="#D4E4F3">

<td>B_Name</td>

<td>FARRUKH NAGAR</td>

</tr>

<tr>

<td>GP_Code</td>

<td>29185</td>

</tr>

<tr bgcolor="#D4E4F3">

<td>GP_Name</td>

<td>BHANGROLA</td>

</tr>

<tr>

<td>LGD_Code</td>

<td>62807</td>

</tr>

<tr bgcolor="#D4E4F3">

<td>Shape_Le_1</td>

<td>10783.587481</td>

</tr>

<tr>

<td>Shape_Ar_1</td>

<td>4604010.05011</td>

</tr>

<tr bgcolor="#D4E4F3">

<td>SHAPE_Le_2</td>

<td>10783.587481</td>

</tr>

<tr>

<td>Unique__ID</td>

<td>05//138//01187</td>

</tr>

<tr bgcolor="#D4E4F3">

<td>District1</td>

<td>GGM</td>

</tr>

<tr>

<td>Unique_ID2</td>

<td>GGM62807</td>

</tr>

<tr bgcolor="#D4E4F3">

<td>GlobalID</td>

<td>{B4C06B85-88CC-4DCD-9FB4-B14CC981ED0F}</td>

</tr>

<tr>

<td>UQ</td>

<td>Gurgaon/122</td>

</tr>

<tr bgcolor="#D4E4F3">

<td>LGD_HARTRO</td>

<td>62807</td>

</tr>

<tr>

<td>LGD_HARSAC</td>

<td>62807</td>

</tr>

<tr bgcolor="#D4E4F3">

<td>HARTRON_LG</td>

<td></td>

</tr>

<tr>

<td>HARTRON__1</td>

<td></td>

</tr>

<tr bgcolor="#D4E4F3">

<td>HARTRON__2</td>

<td></td>

</tr>

<tr>

<td>HARTORN_LG</td>

<td></td>

</tr>

<tr bgcolor="#D4E4F3">

<td>New_block</td>

<td>Farukhnagar</td>

</tr>

<tr>

<td>Shape_Le_3</td>

<td>12300.443815</td>

</tr>

</table>

</td>

</tr>

</table>

</body>

</html>

]]></description>
      <styleUrl>#PolyStyle00</styleUrl>
      <MultiGeometry>
        <Polygon>
          <extrude>0</extrude><altitudeMode>clampToGround</altitudeMode>
          <outerBoundaryIs><LinearRing><coordinates> 76.89360391430411,28.40769272286218,0 76.89346191491218,28.40786220948736,0 76.89327531147148,28.40808493163555,0 76.8930647301992,28.40835164275936,0 76.89285013705087,28.40862343537578,0 76.8928300615009,28.40864886199562,0 76.89280289465009,28.40868326930686,0 76.89272332637381,28.4087839524658,0 76.89270552805309,28.40880647371682,0 76.8926657623304,28.40885679115055,0 76.8925814231016,28.40891597782905,0 76.89247349321518,28.40899172095822,0 76.89242848402621,28.40902330816825,0 76.89233148663675,28.40911468243833,0 76.89228970239962,28.40907624795395,0 76.89216011143674,28.40895704668155,0 76.89206420100881,28.40886537044366,0 76.8918269173147,28.40860923028386,0 76.89167110183375,28.40844103199003,0 76.89162429781081,28.40841265810182,0 76.8913657842316,28.40820647744629,0 76.89119486986735,28.40807016073008,0 76.89102950619322,28.40793827179742,0 76.8909552739097,28.40787906639933,0 76.89094154855047,28.40786811975774,0 76.89076712985828,28.40774568543694,0 76.8907226398955,28.40771445578128,0 76.89068044333168,28.40768775285389,0 76.89064117347903,28.40775004624152,0 76.89062000737431,28.40774277691684,0 76.89064460684003,28.40769901794231,0 76.89033175506761,28.4074996509057,0 76.89029630574989,28.40747706063418,0 76.89027311484249,28.40745346845247,0 76.89022683543568,28.40740638995291,0 76.8900914727971,28.4072686886588,0 76.88977575809386,28.40694751768825,0 76.88975367031766,28.40692504819193,0 76.88966902476339,28.40681077425079,0 76.88941939372572,28.40659092478906,0 76.88919700230242,28.40639506553147,0 76.88917154314895,28.40637264332724,0 76.88892618809201,28.40617336229189,0 76.88863649398931,28.40584286334433,0 76.88861689724136,28.40582050739649,0 76.88845920248482,28.40565803491211,0 76.88819385092967,28.40529230023612,0 76.88817731204698,28.40526950326147,0 76.88811661467986,28.40520049123996,0 76.88807668905706,28.40515509557724,0 76.88772782651984,28.40475844233383,0 76.88771740426591,28.40474126411772,0 76.88770338695423,28.40471815885953,0 76.88761734541801,28.40458433379402,0 76.88746112120356,28.40434134671565,0 76.88736507063844,28.4041919532362,0 76.8873496690229,28.40416799842473,0 76.88721432435061,28.40393499026954,0 76.88704477183232,28.40364308753562,0 76.88703029997309,28.40361817411809,0 76.8869989963804,28.40358088655404,0 76.88678259222846,28.40332312007573,0 76.88653215270702,28.40309154265644,0 76.88650487266847,28.40306631698853,0 76.88606891037959,28.40265279344308,0 76.88604351141326,28.40262870237228,0 76.8858592498805,28.40251326933958,0 76.88539296855249,28.40219473818553,0 76.88522665985069,28.40208112605933,0 76.88501819680586,28.40198163366341,0 76.88487077518289,28.40191127460115,0 76.88471547892813,28.40182379369658,0 76.88432950069834,28.40160636530022,0 76.88418891345806,28.40150897357506,0 76.88410164392482,28.40142444686303,0 76.88407880515706,28.40140232704029,0 76.8840394993718,28.4013685392451,0 76.88380000851704,28.40116267123023,0 76.88357429512382,28.40097426216415,0 76.88345053602376,28.40087095682701,0 76.88342444715126,28.40084917983354,0 76.88336546107477,28.4008046673257,0 76.88282905905231,28.40039987376223,0 76.88280340226949,28.40037746530298,0 76.88268980670856,28.40033181866102,0 76.88259646725894,28.4002943118454,0 76.88200982605591,28.40010156540249,0 76.88183201712182,28.40004314424604,0 76.88160685888747,28.39975640504344,0 76.88159216334772,28.39973768907014,0 76.88121944964139,28.39925520696861,0 76.88118369130319,28.39920608609034,0 76.8811696730932,28.39918682714707,0 76.8808640698268,28.39865721115707,0 76.88085241149103,28.39863700702059,0 76.88071546871588,28.3984567698008,0 76.88052731208802,28.39813834261434,0 76.88050929188341,28.39810784502755,0 76.88049686099652,28.39808680631822,0 76.8801374315766,28.39756116674907,0 76.88013506541415,28.39755820658511,0 76.88011762192797,28.39753637043454,0 76.88000652368352,28.39736222553067,0 76.87986450542699,28.39713961359911,0 76.8797162950832,28.3970079433857,0 76.87966441108735,28.39696184960574,0 76.87944051588424,28.3967629404518,0 76.87938654150874,28.39680261847681,0 76.87933349688949,28.39674445074469,0 76.87915319243558,28.39654673363603,0 76.87907563099562,28.39645457489335,0 76.87891464571017,28.39626329208392,0 76.87933090704654,28.39591373580528,0 76.87934862092563,28.39589886126303,0 76.87974846824511,28.39553614004792,0 76.8800419756962,28.39537926958329,0 76.88056090997797,28.39504152999037,0 76.88059893117236,28.39502168314277,0 76.88068399354493,28.39498170890159,0 76.8815203232778,28.39458868192818,0 76.88213027666079,28.3942790314282,0 76.88215820438465,28.39426485365222,0 76.88241229286277,28.39414747066601,0 76.88280343999872,28.39396676746789,0 76.88281127869789,28.39396314576702,0 76.88304464483905,28.39387530268985,0 76.88327766782375,28.39379124166707,0 76.8833478882312,28.39376591026274,0 76.88389255744917,28.39356942275792,0 76.8839022152368,28.39356593854692,0 76.88389516346183,28.39355760931441,0 76.88389839649855,28.39355640497373,0 76.88397450626098,28.39354969022094,0 76.88417930777273,28.39353161878575,0 76.88486602040008,28.39338223061298,0 76.8850234959677,28.39334637296319,0 76.88542975456338,28.39327685452744,0 76.88555232070075,28.39325588124028,0 76.88563499445299,28.39324463516283,0 76.88601161942404,28.39314450859049,0 76.88623983462536,28.39306130994501,0 76.88638599411533,28.39299086198355,0 76.88649770411249,28.39293701722199,0 76.8867300156315,28.39287054969207,0 76.88692828818772,28.39281382122771,0 76.88699410146042,28.3927973570467,0 76.88709811469221,28.39277133472139,0 76.88715732265256,28.39275652216831,0 76.88761539248055,28.3926419223761,0 76.88763718650767,28.39263408856193,0 76.88778963330633,28.39257928424702,0 76.888195974547,28.39243196046701,0 76.88830383975474,28.39239442714782,0 76.88832385062602,28.39238846938905,0 76.88870299087988,28.39227558327149,0 76.88883757647577,28.39223551079268,0 76.88896134366065,28.39219865939821,0 76.88899147674856,28.39219228437121,0 76.8890815795682,28.39217119074991,0 76.88914851842986,28.39215551989035,0 76.88967776537109,28.39206573206353,0 76.88969646110878,28.3920619585676,0 76.8901863699254,28.39196307316944,0 76.89036426779269,28.39192716446281,0 76.89038264642508,28.39192630781882,0 76.89041561279939,28.39192477075932,0 76.89093903057271,28.39181180038006,0 76.89105033992126,28.39181261672156,0 76.89106874909638,28.39180893567733,0 76.89110305935036,28.39180207540548,0 76.8911504059557,28.39179260884599,0 76.89127420817492,28.39172499471644,0 76.8915914428276,28.39161206284723,0 76.891611579463,28.39161810915921,0 76.89173716034648,28.39165581661135,0 76.89179246602524,28.39163534086986,0 76.89242572350332,28.39140089295254,0 76.89244171531202,28.39139538005766,0 76.89292394532956,28.39122912220368,0 76.89299253170152,28.3912044619143,0 76.89311401806391,28.391160782249,0 76.89312832912471,28.3911565748639,0 76.89380163709141,28.39095861578264,0 76.89381478034231,28.39095536540548,0 76.89383457022804,28.39095047126824,0 76.89410342521278,28.39088398194565,0 76.89423305210826,28.39084535355435,0 76.89449032601239,28.3906959718693,0 76.89450149656297,28.39069122550082,0 76.8945247871833,28.3906813281443,0 76.89492009801062,28.39047007341684,0 76.89516741498811,28.39032363734415,0 76.89518115651701,28.39031237594039,0 76.89518332415182,28.39031101587885,0 76.89518871404348,28.39030763429636,0 76.89544055134351,28.39014962758067,0 76.89551000638633,28.39010522437864,0 76.89583930631163,28.38994442689415,0 76.89584014713471,28.38994418823057,0 76.89587594679544,28.38991922733701,0 76.89593524279071,28.389879779867,0 76.89623663295842,28.38961626239313,0 76.89656377962194,28.3893878596107,0 76.89656561398176,28.38938657856535,0 76.8968606701284,28.38921748439943,0 76.89698471129947,28.38912605266667,0 76.89703790503904,28.38908296564765,0 76.89725137798818,28.38891005392365,0 76.897258172845,28.38890455038267,0 76.89775691389748,28.38854852504481,0 76.89788348292775,28.38845817305856,0 76.89793890628584,28.38844753736467,0 76.89795031938152,28.3884453474769,0 76.89824606273935,28.38830887415117,0 76.89846426891178,28.38820352779508,0 76.89862585427181,28.38812175332627,0 76.8986401886888,28.3881144992512,0 76.89880434053561,28.38801862829254,0 76.89899596466044,28.38792093088277,0 76.89931281752912,28.38779101394145,0 76.89933004811462,28.38778394951402,0 76.89968765305616,28.38766085896248,0 76.89994349055412,28.38757279570264,0 76.89996208298558,28.38755272854507,0 76.89999955890259,28.38751227889093,0 76.90001923649888,28.38749104050469,0 76.90029533998967,28.38736927019758,0 76.9003099519861,28.38736282691471,0 76.90036890212998,28.3873473663534,0 76.90055823195758,28.38729771203841,0 76.90065817402451,28.38727150185306,0 76.90070735049812,28.38725860421085,0 76.90130179895927,28.38703185913698,0 76.90139599719829,28.38699592742191,0 76.90201599015288,28.38674742086254,0 76.90208490710482,28.38671812836813,0 76.90217703023555,28.38667096241674,0 76.90218848645036,28.38666509759188,0 76.90224164695226,28.38663788040619,0 76.90277514921296,28.38636473293058,0 76.90301801503823,28.38622290419459,0 76.9030569390395,28.38620017266462,0 76.90317772741091,28.38613105101752,0 76.90352482026702,28.38588951609982,0 76.90369980938942,28.38578016601164,0 76.90387324981629,28.38575200260013,0 76.90393344322852,28.38573194932351,0 76.90402334302888,28.3857019998023,0 76.90415561905616,28.38565793298959,0 76.90455175363857,28.38549705684173,0 76.90484424599339,28.38539523800945,0 76.90486362445073,28.3853803833296,0 76.90516173576762,28.38520041519307,0 76.90516333387053,28.38519945022197,0 76.90518114207272,28.38519010636161,0 76.90538323785883,28.38508405985066,0 76.90539795316148,28.38507534348864,0 76.90543587464288,28.38505288120946,0 76.90553531365325,28.38499397994114,0 76.90555310927905,28.38498400855357,0 76.90579436801825,28.38484882609825,0 76.90585401615313,28.38481923750155,0 76.90622563301649,28.38463489006033,0 76.90657064178114,28.38446374060309,0 76.90668176517842,28.38440861435663,0 76.90681057640364,28.38431844219634,0 76.90691650125036,28.38424429131179,0 76.907324851124,28.38400863761657,0 76.90736406258618,28.38398600914399,0 76.90752159834091,28.38389509609277,0 76.90760750962141,28.3838455168223,0 76.90772993382498,28.38379571860928,0 76.90775318941104,28.38378574078646,0 76.90804146956552,28.38366205443124,0 76.90829664770007,28.38355257006175,0 76.90844303715878,28.38349033990216,0 76.90845515543195,28.38348518935509,0 76.9089716094652,28.38326564319943,0 76.90898578218545,28.38325961854024,0 76.9091565195816,28.38319550011748,0 76.90937921104224,28.38311187004847,0 76.90946929948882,28.38307803848695,0 76.90947099550807,28.38307740148264,0 76.90956290843299,28.38304288390526,0 76.90958824182231,28.38303337072461,0 76.90962246943127,28.38303172447087,0 76.90963390408653,28.38303117440239,0 76.90967325029597,28.38302928235651,0 76.90969847409083,28.38302806999293,0 76.90970803845366,28.38302761002188,0 76.91002010150525,28.38291237061097,0 76.9100551331064,28.38289943450269,0 76.9101824450434,28.38327609684772,0 76.91019829401996,28.38331430359172,0 76.91021245057051,28.3833484314501,0 76.91040481850042,28.38373415641538,0 76.91049052496503,28.38386973387214,0 76.910598709973,28.38406678388583,0 76.91064140420353,28.3841347980596,0 76.9106501591843,28.38415897631769,0 76.91072743226502,28.38437239960896,0 76.91086212925198,28.38456540463741,0 76.91111105062059,28.38492207797283,0 76.91140204099227,28.38531315315322,0 76.91141180118784,28.38532627073859,0 76.91145990956454,28.3853909260745,0 76.911543219324,28.38549556552695,0 76.91155926592992,28.38551199922959,0 76.91155942403341,28.38551216203343,0 76.91187829990812,28.38602143089379,0 76.91210567518462,28.38631438980077,0 76.91217645254757,28.38656993027184,0 76.91218077164744,28.38658456112965,0 76.91233784207486,28.38711654827452,0 76.91235810088118,28.38716828589839,0 76.9123624586086,28.38721310049471,0 76.912413768581,28.38743910546449,0 76.91244794498598,28.38766246167818,0 76.91254604101502,28.38814883341083,0 76.91255805059205,28.38820837464179,0 76.91257606361012,28.38829768761087,0 76.91266815619808,28.38875428716518,0 76.91270444454234,28.38891009264759,0 76.91272274771623,28.38905810412703,0 76.91276684870847,28.38917802402377,0 76.91279536033727,28.38930043554256,0 76.91294971605591,28.38973218680171,0 76.91299094962577,28.38984752232683,0 76.91317122443533,28.39022177968197,0 76.91321321079337,28.39034184209222,0 76.9132409822104,28.3903665982054,0 76.91324152569113,28.39036772671608,0 76.91325492675854,28.39039554829365,0 76.91352545350804,28.39086640397464,0 76.91356258177704,28.39094417440284,0 76.91357345229029,28.39096694442909,0 76.91363685717968,28.39104335789244,0 76.91363822351724,28.39104500402178,0 76.91364569660209,28.39105575483429,0 76.91371127810939,28.39120506251746,0 76.91374810813772,28.39132412254646,0 76.91378138802406,28.39149157829349,0 76.91378696656196,28.39151964218744,0 76.91390615413556,28.39199507006985,0 76.91392104640633,28.39203789511911,0 76.9139321468883,28.3920698177124,0 76.91394646154235,28.39216840587316,0 76.9139846794678,28.39243161591444,0 76.91399339043113,28.3924916154602,0 76.91401223169588,28.39253569128631,0 76.91401265120913,28.39253818454844,0 76.91402028868565,28.39258365673941,0 76.91402607563272,28.39261810245836,0 76.91401699097027,28.39266822053268,0 76.91404723455092,28.39280652005838,0 76.914158118098,28.39312994818027,0 76.91417125865398,28.39316827781375,0 76.91426064012644,28.39344309020361,0 76.91435061269037,28.39371971313074,0 76.91437148145275,28.39381098838358,0 76.91454705268342,28.39427177856473,0 76.9145504824512,28.39429595372078,0 76.91457472348914,28.39446681862282,0 76.91476145538893,28.39477142525784,0 76.91479474874998,28.39482573374886,0 76.91502547114924,28.39528486871354,0 76.91503167760955,28.39531953245021,0 76.91504244840981,28.39537968919869,0 76.91521565976625,28.39586645462012,0 76.9152388955894,28.39593175309855,0 76.91531860310457,28.39624999805015,0 76.91531970264244,28.3962543885664,0 76.91536008011784,28.39636746721342,0 76.91537635938741,28.39641305787633,0 76.91540117534717,28.39648255607981,0 76.91541592748074,28.39653262965453,0 76.91554176168911,28.39695972548249,0 76.91556345690155,28.39703335856912,0 76.91559275006463,28.39713846935608,0 76.91573047257748,28.39750671030811,0 76.91575991036935,28.39758542254746,0 76.91588380331838,28.39801452997514,0 76.91590681815595,28.39805352794558,0 76.91595636563378,28.39813748444015,0 76.91616383963347,28.39860144905861,0 76.91620407966663,28.39869143601356,0 76.9162750420825,28.39886168931845,0 76.91639480278121,28.39914901411563,0 76.91643471043773,28.39924475805683,0 76.91654133776701,28.39946858801456,0 76.9166447859585,28.39968574422607,0 76.9166501057816,28.39969691138985,0 76.91665377270459,28.39970460797671,0 76.91668259784542,28.39969735706491,0 76.91668288261137,28.39969728515636,0 76.91668291495073,28.39969736101593,0 76.91668988857226,28.39970703706365,0 76.9166921056144,28.39971011174715,0 76.91667729509032,28.39971845788061,0 76.91659737018284,28.39976350028109,0 76.91634602066803,28.39990514653822,0 76.91621623836402,28.39997828370214,0 76.91598238443765,28.40009295458186,0 76.91581252200059,28.40017624648253,0 76.91578256049091,28.40019093709795,0 76.9157062288446,28.40022836572037,0 76.91552622442795,28.40031663023951,0 76.91546316359334,28.40030585191919,0 76.91538880913896,28.40029314235003,0 76.9153453540354,28.40031323396245,0 76.91513902628598,28.40041545252993,0 76.91495827986094,28.40052054968975,0 76.91483739806472,28.40058709065159,0 76.91474187031912,28.40065813253297,0 76.91462386223347,28.4007458933392,0 76.91462328102348,28.40074523747634,0 76.91460709068713,28.40072697287979,0 76.9145775307244,28.40069362579894,0 76.91456943241211,28.40069763762694,0 76.91431058016805,28.40044685343961,0 76.91404387215681,28.40019115440304,0 76.91371190872671,28.39995283682667,0 76.91341153635022,28.39973889808182,0 76.91324479106719,28.39962178903785,0 76.91282816321819,28.39934688836167,0 76.91274555504297,28.39929227005568,0 76.91254903420155,28.39923134744638,0 76.91248482621828,28.39921144290804,0 76.91242187497812,28.39923509698083,0 76.91212285546445,28.39934745177899,0 76.91186661102967,28.39935637953305,0 76.91158378993718,28.39936623340837,0 76.91143735107114,28.39942876242896,0 76.91118441333491,28.3994974107643,0 76.91096328404457,28.39955742606521,0 76.91075556839806,28.39929841075439,0 76.91062572321192,28.39926490834335,0 76.91058225912523,28.39925369372162,0 76.91049641791329,28.39923154499825,0 76.91012117455114,28.39913472162069,0 76.91007458432725,28.39912270018253,0 76.91005635840844,28.39912244968649,0 76.91004038905764,28.39912222921839,0 76.91002191879707,28.39912187994631,0 76.90960427315687,28.39911398023358,0 76.90939972047848,28.3991852664866,0 76.90938934493691,28.3991888824776,0 76.90924863911903,28.39922534819092,0 76.90909013228548,28.39926642870208,0 76.90899671647908,28.39929063827813,0 76.90897910770288,28.39929520251393,0 76.90900534120411,28.39932699569815,0 76.90907989238956,28.39941735185347,0 76.90903185767466,28.39943878856246,0 76.9088350233212,28.39952663018923,0 76.90869824763266,28.39958766878891,0 76.90867139698882,28.39959924528906,0 76.90845038358117,28.39969452971489,0 76.90821312144662,28.39979681999753,0 76.90799121421526,28.39989248907437,0 76.90796288224951,28.39984734953375,0 76.90790193515076,28.39987385530621,0 76.90789762054243,28.39986467631126,0 76.90773304918238,28.39951454083784,0 76.90772132167635,28.39946118141609,0 76.90767279648132,28.39938297709224,0 76.90762856343676,28.39931827971704,0 76.90757895128021,28.39924571183716,0 76.90754138014178,28.39919075922109,0 76.90747831571387,28.399119758237,0 76.90734596243151,28.39896822462005,0 76.90721787524839,28.39881656593317,0 76.9071562957357,28.39874365396786,0 76.90693674658192,28.39847460570292,0 76.90689370021184,28.39842185422193,0 76.90689299413602,28.39842090280484,0 76.9068146394837,28.39831530493739,0 76.90666783051174,28.39834992264069,0 76.90643609032125,28.39840302817322,0 76.90635582585062,28.39842142197511,0 76.90620757418434,28.39845539482972,0 76.90616986740028,28.39846403581153,0 76.9061869659334,28.39846427129509,0 76.90602964128277,28.39850824586084,0 76.90598072711721,28.39852191654282,0 76.90585013453281,28.39853648253397,0 76.90573765108618,28.3985438844558,0 76.90553438210033,28.3985572588035,0 76.90552137718996,28.39855811460362,0 76.90529575452656,28.39857296032503,0 76.90515699356125,28.39857306147218,0 76.90483525385741,28.39858702294394,0 76.90414909818553,28.39864712805442,0 76.9037890040123,28.39865479073839,0 76.90346298922601,28.39866172879769,0 76.90324127872567,28.39870074707544,0 76.90324109816433,28.39871094949493,0 76.90277676258721,28.3987868824587,0 76.90276171221294,28.39878934317512,0 76.9026700211719,28.39881071363343,0 76.90255478618558,28.39883757209899,0 76.90200552208488,28.3989509624932,0 76.90186820650884,28.39897930967767,0 76.90174956870423,28.39899337303287,0 76.90147546037169,28.39902586564264,0 76.90140430571635,28.39903430033338,0 76.90131827945147,28.39904449718929,0 76.90118269313237,28.39906056924655,0 76.90116341887965,28.39906262615994,0 76.90071929719308,28.39911000627562,0 76.90049637666206,28.39918718116016,0 76.90021523541915,28.39925255187202,0 76.90017564396966,28.39928139759653,0 76.89980935681086,28.3993534265311,0 76.89974565996901,28.39937546618053,0 76.89912106135198,28.39959158188314,0 76.89864197364126,28.39976758800383,0 76.89843206161387,28.39986936853519,0 76.89829438491513,28.39993186881161,0 76.89817345101663,28.39998676730959,0 76.89802490560125,28.400052478105,0 76.89797266407591,28.40007558675123,0 76.89774252198831,28.40017739069276,0 76.8977082844979,28.40019194065237,0 76.89752209697716,28.40027105864029,0 76.89705324736578,28.40047029151252,0 76.89693275723501,28.40051398946678,0 76.89665701756192,28.40063831044316,0 76.8963634310591,28.40079342441987,0 76.8959143255193,28.40104427969459,0 76.89586489931406,28.40107124585058,0 76.89576152119116,28.40112764749625,0 76.8957343112212,28.40114249285763,0 76.89567255474039,28.40117618669193,0 76.89543624482006,28.40131248936308,0 76.8952673606483,28.40140990181381,0 76.895152356529,28.40157812075301,0 76.89512452222993,28.40162617219536,0 76.89508874592543,28.4016879326087,0 76.89503932061849,28.40177325878132,0 76.89499255073154,28.40185612740083,0 76.89497587710156,28.40188567094253,0 76.89484461347563,28.40211825690414,0 76.89473150929312,28.40236323718426,0 76.89458590406366,28.40265907380922,0 76.89449286644802,28.40286551258766,0 76.89438816600502,28.40320073502456,0 76.89438141786061,28.40326092206703,0 76.89437692179261,28.40330101487254,0 76.89437419630404,28.40332532783016,0 76.89432721531297,28.40374429304866,0 76.89432269229553,28.40387129208174,0 76.89431213080276,28.40416778902951,0 76.89430045989057,28.40428832633688,0 76.89429411868299,28.40441727722499,0 76.89427370536647,28.40483235841186,0 76.8942762242425,28.40496327140706,0 76.89427848799703,28.40508085259655,0 76.89423216636939,28.40524572648023,0 76.8941956543447,28.40537567970835,0 76.8941654682562,28.40547815730574,0 76.89414571969297,28.40550916558551,0 76.89406249617181,28.40563984385713,0 76.89396553740993,28.40584501099423,0 76.89386633375817,28.40605492578517,0 76.89384914090192,28.40608979539022,0 76.89362555741424,28.40660072110058,0 76.89347936558491,28.40694100448209,0 76.89353916284009,28.40714665425047,0 76.89363929534989,28.40758681975729,0 76.89363866024097,28.40758818275771,0 76.89366213411766,28.40762323438159,0 76.89360391430411,28.40769272286218,0</coordinates></LinearRing></outerBoundaryIs>
        </Polygon>
      </MultiGeometry>
    </Placemark>
    <Placemark id="ID_00017">
      <name>Gopalpur</name>
      <Snippet></Snippet>
      <description><![CDATA[<html xmlns:fo="http://www.w3.org/1999/XSL/Format" xmlns:msxsl="urn:schemas-microsoft-com:xslt">

<head>

<META http-equiv="Content-Type" content="text/html">

<meta http-equiv="content-type" content="text/html; charset=UTF-8">

</head>

<body style="margin:0px 0px 0px 0px;overflow:auto;background:#FFFFFF;">

<table style="font-family:Arial,Verdana,Times;font-size:12px;text-align:left;width:100%;border-collapse:collapse;padding:3px 3px 3px 3px">

<tr style="text-align:center;font-weight:bold;background:#9CBCE2">

<td>Gurgaon</td>

</tr>

<tr>

<td>

<table style="font-family:Arial,Verdana,Times;font-size:12px;text-align:left;width:100%;border-spacing:0px; padding:3px 3px 3px 3px">

<tr>

<td>FID</td>

<td>17</td>

</tr>

<tr bgcolor="#D4E4F3">

<td>OBJECTID_1</td>

<td>271</td>

</tr>

<tr>

<td>OBJECTID_2</td>

<td>1716</td>

</tr>

<tr bgcolor="#D4E4F3">

<td>N_D_CODE</td>

<td>05</td>

</tr>

<tr>

<td>N_D_NAME</td>

<td>Gurgaon</td>

</tr>

<tr bgcolor="#D4E4F3">

<td>N_T_CODE</td>

<td>138</td>

</tr>

<tr>

<td>N_T_NAME</td>

<td>Harsaru</td>

</tr>

<tr bgcolor="#D4E4F3">

<td>N_V_CODE</td>

<td>04075</td>

</tr>

<tr>

<td>N_V_NAME</td>

<td>Gopalpur</td>

</tr>

<tr bgcolor="#D4E4F3">

<td>Pin_Code</td>

<td>122006</td>

</tr>

<tr>

<td>HADBAST_NO</td>

<td>47</td>

</tr>

<tr bgcolor="#D4E4F3">

<td>Census_200</td>

<td>00597400</td>

</tr>

<tr>

<td>Census_201</td>

<td>062819</td>

</tr>

<tr bgcolor="#D4E4F3">

<td>Shape_Leng</td>

<td>8906.184682</td>

</tr>

<tr>

<td>B_Code</td>

<td>477</td>

</tr>

<tr bgcolor="#D4E4F3">

<td>B_Name</td>

<td>GURGAON</td>

</tr>

<tr>

<td>GP_Code</td>

<td>29295</td>

</tr>

<tr bgcolor="#D4E4F3">

<td>GP_Name</td>

<td>GARHI HARSARU</td>

</tr>

<tr>

<td>LGD_Code</td>

<td>62819</td>

</tr>

<tr bgcolor="#D4E4F3">

<td>Shape_Le_1</td>

<td>8906.184682</td>

</tr>

<tr>

<td>Shape_Ar_1</td>

<td>3611430.44594</td>

</tr>

<tr bgcolor="#D4E4F3">

<td>SHAPE_Le_2</td>

<td>8906.184682</td>

</tr>

<tr>

<td>Unique__ID</td>

<td>05//138//04075</td>

</tr>

<tr bgcolor="#D4E4F3">

<td>District1</td>

<td>GGM</td>

</tr>

<tr>

<td>Unique_ID2</td>

<td>GGM62819</td>

</tr>

<tr bgcolor="#D4E4F3">

<td>GlobalID</td>

<td>{86E23287-3373-4913-BF07-BED2CDAC6D70}</td>

</tr>

<tr>

<td>UQ</td>

<td>Gurgaon/47</td>

</tr>

<tr bgcolor="#D4E4F3">

<td>LGD_HARTRO</td>

<td>62819</td>

</tr>

<tr>

<td>LGD_HARSAC</td>

<td>62819</td>

</tr>

<tr bgcolor="#D4E4F3">

<td>HARTRON_LG</td>

<td></td>

</tr>

<tr>

<td>HARTRON__1</td>

<td></td>

</tr>

<tr bgcolor="#D4E4F3">

<td>HARTRON__2</td>

<td></td>

</tr>

<tr>

<td>HARTORN_LG</td>

<td></td>

</tr>

<tr bgcolor="#D4E4F3">

<td>New_block</td>

<td>Gurgaon</td>

</tr>

<tr>

<td>Shape_Le_3</td>

<td>10157.383359</td>

</tr>

</table>

</td>

</tr>

</table>

</body>

</html>

]]></description>
      <styleUrl>#PolyStyle00</styleUrl>
      <MultiGeometry>
        <Polygon>
          <extrude>0</extrude><altitudeMode>clampToGround</altitudeMode>
          <outerBoundaryIs><LinearRing><coordinates> 76.93249208805653,28.46982454796474,0 76.93247565697166,28.46983301807725,0 76.93215315819141,28.47004323632341,0 76.9321405754892,28.47004311550253,0 76.93211522772684,28.4700015144229,0 76.9319545236141,28.46973776204412,0 76.93153664890349,28.46932332867705,0 76.93150248687154,28.46928944805951,0 76.93146582392987,28.46922682132344,0 76.93146089217893,28.46921839617438,0 76.93144968210252,28.46919924789048,0 76.93095403844113,28.46868808187346,0 76.93092767198922,28.46866088814036,0 76.93089941458365,28.46862296094167,0 76.93054593021429,28.46814849233601,0 76.93052527255601,28.46812076463143,0 76.93030720562248,28.46787762570752,0 76.93027658834268,28.46783477052878,0 76.93011561832857,28.46760945914858,0 76.93010597581234,28.46759596164596,0 76.93008862036105,28.46758104031749,0 76.93007820529364,28.46756923276354,0 76.92988159551896,28.46734631913306,0 76.92970952142966,28.46715122302446,0 76.92966746859626,28.46707094046563,0 76.92965190887725,28.46704123585604,0 76.9293611736271,28.46665098371395,0 76.92927260153672,28.46653209289009,0 76.92924934505233,28.4665008750536,0 76.92920948051497,28.46645160058887,0 76.92916537503115,28.46639656914382,0 76.92883932071899,28.46599400542582,0 76.92881251768587,28.46596091108096,0 76.92858894407965,28.46571392287331,0 76.92857702523243,28.46570075601761,0 76.92857117719996,28.46569429617897,0 76.92867361029515,28.46561839462479,0 76.9288642831041,28.46546446070709,0 76.92948153440044,28.46495362093976,0 76.92953358727958,28.46491054266465,0 76.93002235703243,28.46449528800919,0 76.93003801556613,28.46448100117812,0 76.93004489576289,28.46447472211091,0 76.93045847832306,28.46419679621268,0 76.93070964817484,28.46387335537496,0 76.930776613986,28.46379706317827,0 76.93092581247659,28.46364675619135,0 76.93119401169119,28.4633876047043,0 76.9313346600169,28.46325169943476,0 76.9313680557859,28.46320585562145,0 76.93138044265537,28.46319320809562,0 76.93140615333709,28.46316695588639,0 76.93205276966178,28.46261874584788,0 76.93216919581417,28.46249407910252,0 76.93272327308816,28.46190077934417,0 76.93288039471955,28.461710875997,0 76.93299880525041,28.46159477688165,0 76.93300934608196,28.461583479622,0 76.93327297646501,28.46130092216861,0 76.93339386634607,28.46118270529645,0 76.93387866644366,28.46063091372015,0 76.93406433743311,28.46044944499678,0 76.93437173373681,28.460155285414,0 76.93461362668663,28.45993853597329,0 76.93466405900497,28.4598755443572,0 76.93473617934924,28.45980652766022,0 76.93478696201058,28.45976618221105,0 76.93525813376699,28.45939184763915,0 76.93540943431536,28.45925393598123,0 76.93590267408501,28.45885645245046,0 76.93608393075316,28.45877658769331,0 76.93637936059896,28.45862919095552,0 76.93636650031735,28.45828990694668,0 76.93636026241604,28.45823114197159,0 76.93635978271566,28.45820479375786,0 76.93634614449302,28.45809815853197,0 76.93630491451644,28.45777579839201,0 76.93629992886662,28.4577368216303,0 76.93626076142191,28.4574651582883,0 76.9362215930789,28.45719349503797,0 76.93622685630812,28.45714445790516,0 76.93625085749591,28.45692085887415,0 76.9362972303275,28.45664797954506,0 76.93631559907843,28.45655668579866,0 76.9363366924196,28.45645184329139,0 76.93636643114708,28.45631943178456,0 76.93641529500697,28.45610186179185,0 76.9365048390745,28.4557376290305,0 76.93655970547708,28.45555536922781,0 76.93660788751566,28.45545052414795,0 76.93662635148802,28.45541034842028,0 76.93669961987924,28.45525091454842,0 76.93677929146178,28.45504850160418,0 76.93696399496565,28.45457924077654,0 76.93701036061074,28.45446008363902,0 76.93727417694505,28.45391189320755,0 76.93738813632368,28.45370478470272,0 76.9377603891943,28.45336053992999,0 76.9378842462107,28.45327225486812,0 76.93790467390025,28.45326051284902,0 76.93803218346663,28.4532508108932,0 76.93832301214157,28.4532466738981,0 76.93835722627578,28.45324618737861,0 76.93842565634088,28.45324521433965,0 76.93847697888968,28.45324448456042,0 76.93871337953985,28.45307056317732,0 76.93882544796482,28.45298811296231,0 76.93908486255425,28.4527972584714,0 76.93938949114856,28.45261144419777,0 76.93949817112824,28.45253795006648,0 76.93966371626209,28.45242600080855,0 76.93979345634528,28.45224273381557,0 76.93984518942419,28.45218201780198,0 76.94006151093113,28.45192813391189,0 76.94026519314203,28.45169778592926,0 76.94027075191698,28.45169149978419,0 76.94016683749989,28.45156013356182,0 76.94014932753835,28.45153799735986,0 76.94056054842765,28.45114293247092,0 76.94066718474008,28.45104475621166,0 76.94072825670467,28.45095598979454,0 76.94097830366232,28.4505925433467,0 76.94126757915011,28.45004398375934,0 76.94139473567859,28.44996989705153,0 76.94180109039398,28.44973313532794,0 76.94195740803319,28.4496405039552,0 76.94196776111686,28.44948956787842,0 76.94196138667161,28.44936872818899,0 76.94206618233601,28.4492567653079,0 76.94223402356369,28.44907744357929,0 76.94225640149575,28.44904671581483,0 76.94233418212461,28.44893990706607,0 76.94258319601968,28.44869690489342,0 76.94273766582437,28.44854616335002,0 76.94282172477878,28.44846413375121,0 76.94288877233663,28.44838756188776,0 76.94293263168205,28.4482571061975,0 76.9433181005671,28.4478039999445,0 76.94340651904558,28.44769191692991,0 76.94355555314446,28.44751287689279,0 76.94356313941705,28.44750376284581,0 76.94358192049471,28.44748120006699,0 76.94390556193198,28.44728418350385,0 76.9440819560195,28.44719879132666,0 76.9444067670633,28.44695076169862,0 76.94468936267864,28.44672856205589,0 76.94475709744768,28.44668978737343,0 76.94516702116971,28.44631558659013,0 76.94532090706946,28.44617510979614,0 76.94543027246372,28.44607357992723,0 76.94591823463114,28.44562214356431,0 76.94592784840131,28.44561351669886,0 76.9461196719521,28.4457169537329,0 76.94615498562423,28.44573804537814,0 76.94659837787883,28.44600286787272,0 76.94681275722812,28.44610617972845,0 76.94681883972089,28.44610916381072,0 76.94708612355224,28.44624028010119,0 76.94734969913806,28.4463695756117,0 76.94750357605464,28.44644505893613,0 76.94763892701513,28.44650909089425,0 76.94791608692468,28.44670368010267,0 76.94796586976109,28.44673863189175,0 76.94819690477409,28.44690083676109,0 76.94833515998786,28.44697010910632,0 76.94847085140987,28.44703809710892,0 76.94854912880707,28.44710721139418,0 76.94868784665327,28.4472296902355,0 76.94889108060484,28.44737651837798,0 76.94926110116194,28.44762512122576,0 76.949584023947,28.44775533995218,0 76.95000974454329,28.44790858879859,0 76.95027486163816,28.44799194813511,0 76.95066033321814,28.44810109814549,0 76.95067979252383,28.44810660808862,0 76.95074017098905,28.4481237042334,0 76.95080383549153,28.44816546320426,0 76.95096692103809,28.44827243149336,0 76.95148000638903,28.44851970451464,0 76.9516604069627,28.4486066452894,0 76.95177782665181,28.4486689548806,0 76.95199027462327,28.44878169400464,0 76.9521803248997,28.44888049633623,0 76.95224712542085,28.44891522388213,0 76.95235491427181,28.44897126120174,0 76.95245707427918,28.44901943804482,0 76.95304918891725,28.44929866995058,0 76.95313515050339,28.44936348606515,0 76.95374333510358,28.44959547408427,0 76.95435689342578,28.44986805410412,0 76.95443692343613,28.44983987771967,0 76.95447429425028,28.44985824599983,0 76.95450373743201,28.44987271883755,0 76.95481413590542,28.45002528852245,0 76.95482624968702,28.45003124224886,0 76.95513282043895,28.45018192954675,0 76.95538230594957,28.45026915961112,0 76.95551810427106,28.45037990745811,0 76.95571890109326,28.45054366111717,0 76.9558313459123,28.45063536207609,0 76.95615489572145,28.45086914020116,0 76.95621266547906,28.45091136013362,0 76.95644774201251,28.45108316045117,0 76.95653146140374,28.45114434308954,0 76.95690658798489,28.45138828110138,0 76.95696900203252,28.45142886748311,0 76.95723096693906,28.45159646276576,0 76.95760017631747,28.45183266665704,0 76.95779873633461,28.45195969567243,0 76.95810202284589,28.45161573823998,0 76.95812664926108,28.45158780953388,0 76.95822774566317,28.45161478414161,0 76.95828458027457,28.45162994861812,0 76.95861569479671,28.45171829507728,0 76.95870401625713,28.45174385114298,0 76.95897423847775,28.45178791968367,0 76.95930989578027,28.45184265702539,0 76.95936153812933,28.45184692676433,0 76.95965462876212,28.45186756067415,0 76.95991629542799,28.45188598072984,0 76.96000292895397,28.45189130486935,0 76.96014134137295,28.45189263728635,0 76.96085887070613,28.4519938061524,0 76.96104122062397,28.45214262748566,0 76.96104304779728,28.45212895187965,0 76.96107058655063,28.45214932272682,0 76.96124155571214,28.45228022459779,0 76.96144293104938,28.45243280739506,0 76.96159017660254,28.4525473535397,0 76.96174991233143,28.45266902995308,0 76.96186086864205,28.45276536445175,0 76.96189498216496,28.45279288925508,0 76.96185890672145,28.45282766764339,0 76.96171216781811,28.45297739213127,0 76.96142486143742,28.45314516266561,0 76.96136515940366,28.45318441597221,0 76.96103037526356,28.45340453118601,0 76.96086380964357,28.45351404365744,0 76.9607875148282,28.4535642071522,0 76.96074323057961,28.45359520924471,0 76.96015790361186,28.45396526941589,0 76.95990810099597,28.4541231982923,0 76.95971301296738,28.45421987660736,0 76.95938724791276,28.45459414261614,0 76.95931369295899,28.45467864899125,0 76.95902275109633,28.45495849778576,0 76.95873653886366,28.45523379586225,0 76.95871050029683,28.45526316102181,0 76.95868770644482,28.45528886629062,0 76.95861993394652,28.45536529415372,0 76.95828796332989,28.45566985038612,0 76.95820152922991,28.4557520284032,0 76.95818195493986,28.45577464628181,0 76.95814084443919,28.45582214633842,0 76.95773979247892,28.45632808699852,0 76.9575318118294,28.45656633532566,0 76.95733259694042,28.45672306933084,0 76.95716263928193,28.45687220465682,0 76.95687309429955,28.45711575825907,0 76.95679531277233,28.4571751146059,0 76.9566516317342,28.45725932512188,0 76.95631821932157,28.45745473881476,0 76.95614793467631,28.45757147508479,0 76.95598554622241,28.45768280050353,0 76.95589147105261,28.45773555246861,0 76.95554225008757,28.4579288423811,0 76.95538910978952,28.45801360434502,0 76.95537000980997,28.45803095635256,0 76.95528533730622,28.45808115482324,0 76.95500764918729,28.45823477884906,0 76.95472169297445,28.45839631452653,0 76.95463103319935,28.45844387500691,0 76.95463356375349,28.45844609740706,0 76.95468639816696,28.45849250638742,0 76.95467752550688,28.4584992122832,0 76.95465754428001,28.45851431022175,0 76.95462356460607,28.45853998784802,0 76.95394197507079,28.45890709121634,0 76.95364250100955,28.45905801621853,0 76.95349229730418,28.45913146474983,0 76.95326014388864,28.45924739598286,0 76.95266714351173,28.45955203817138,0 76.95257852381064,28.45959857381706,0 76.95177706308384,28.46001741266029,0 76.9513280716301,28.46025204824441,0 76.95121587654269,28.46032939889774,0 76.95053401571614,28.46064153505639,0 76.95048291505123,28.46066779263138,0 76.95033902290902,28.46074387306512,0 76.95030379906839,28.46076249769859,0 76.95019011008267,28.46062932948326,0 76.95014197295987,28.46066305966606,0 76.94981894147867,28.46085346085726,0 76.94930546625888,28.46117428898302,0 76.94913807868039,28.4612808808287,0 76.9485955788938,28.46159069628475,0 76.94845672719865,28.46166950776981,0 76.94777517179932,28.46203451141048,0 76.9477451545941,28.46204930795367,0 76.94709333163405,28.46237059049651,0 76.94701796208341,28.46242157032421,0 76.94684824247845,28.46250305997156,0 76.94653281164287,28.46265451211997,0 76.94644674944539,28.46269583415706,0 76.94594425163838,28.4629145625403,0 76.94576522099551,28.46299249169777,0 76.94534283404725,28.46320131783308,0 76.94508428633205,28.46332914187062,0 76.94504865914789,28.46334903751202,0 76.94497429750699,28.46339056381726,0 76.94457406211529,28.46361406782081,0 76.94440377477511,28.46369200435979,0 76.94422100803895,28.46377565292734,0 76.94372266943174,28.46400372940817,0 76.94336378079764,28.46418915564686,0 76.94333766856894,28.4642026464771,0 76.94323231864401,28.46424535308161,0 76.94304173297164,28.46432261236366,0 76.94236014253802,28.46458696502069,0 76.94233824610296,28.46459737431453,0 76.94204444580107,28.46473703691372,0 76.94201978165663,28.46474964161001,0 76.94167959055684,28.46492349007745,0 76.94144810728457,28.46505368749821,0 76.94101806669008,28.46529556226938,0 76.94099980483864,28.46531095616966,0 76.94052972184036,28.46558385104051,0 76.94031989964452,28.46568319046768,0 76.9396587647482,28.46597090880097,0 76.93963903684626,28.46597949451992,0 76.93863819055056,28.46638538690486,0 76.93856032997164,28.46641696330195,0 76.93827710373897,28.46654165069033,0 76.93806548131927,28.46663593668905,0 76.93773150296799,28.46678473582964,0 76.93756838598041,28.4668946103376,0 76.93747530165234,28.46695731110849,0 76.93744735057228,28.4669761391798,0 76.93691735982601,28.4672402040659,0 76.93683555923624,28.46728452674737,0 76.93637376499308,28.46753474272669,0 76.93627377801039,28.46758049463668,0 76.93623771424497,28.46759699535952,0 76.93621230270222,28.46760866708247,0 76.93592690883476,28.46773974881331,0 76.93553564042625,28.46803927773647,0 76.93546768287499,28.46809130117344,0 76.93517302019043,28.46828444737626,0 76.93512538522589,28.46831567100336,0 76.93460966960778,28.46864719966725,0 76.93440934529941,28.46876459244155,0 76.93425566241895,28.46885465162753,0 76.93420056964089,28.4688869372158,0 76.93418279377802,28.46889395200954,0 76.93350608389134,28.46927994341666,0 76.9333609969898,28.46935942908537,0 76.93282936861478,28.46965067755248,0 76.93249208805653,28.46982454796474,0</coordinates></LinearRing></outerBoundaryIs>
        </Polygon>
      </MultiGeometry>
    </Placemark>
    <Placemark id="ID_00018">
      <name>Dhorka</name>
      <Snippet></Snippet>
      <description><![CDATA[<html xmlns:fo="http://www.w3.org/1999/XSL/Format" xmlns:msxsl="urn:schemas-microsoft-com:xslt">

<head>

<META http-equiv="Content-Type" content="text/html">

<meta http-equiv="content-type" content="text/html; charset=UTF-8">

</head>

<body style="margin:0px 0px 0px 0px;overflow:auto;background:#FFFFFF;">

<table style="font-family:Arial,Verdana,Times;font-size:12px;text-align:left;width:100%;border-collapse:collapse;padding:3px 3px 3px 3px">

<tr style="text-align:center;font-weight:bold;background:#9CBCE2">

<td>Gurgaon</td>

</tr>

<tr>

<td>

<table style="font-family:Arial,Verdana,Times;font-size:12px;text-align:left;width:100%;border-spacing:0px; padding:3px 3px 3px 3px">

<tr>

<td>FID</td>

<td>18</td>

</tr>

<tr bgcolor="#D4E4F3">

<td>OBJECTID_1</td>

<td>274</td>

</tr>

<tr>

<td>OBJECTID_2</td>

<td>1719</td>

</tr>

<tr bgcolor="#D4E4F3">

<td>N_D_CODE</td>

<td>05</td>

</tr>

<tr>

<td>N_D_NAME</td>

<td>Gurgaon</td>

</tr>

<tr bgcolor="#D4E4F3">

<td>N_T_CODE</td>

<td>138</td>

</tr>

<tr>

<td>N_T_NAME</td>

<td>Harsaru</td>

</tr>

<tr bgcolor="#D4E4F3">

<td>N_V_CODE</td>

<td>04100</td>

</tr>

<tr>

<td>N_V_NAME</td>

<td>Dhorka</td>

</tr>

<tr bgcolor="#D4E4F3">

<td>Pin_Code</td>

<td>122505</td>

</tr>

<tr>

<td>HADBAST_NO</td>

<td>120</td>

</tr>

<tr bgcolor="#D4E4F3">

<td>Census_200</td>

<td>00598100</td>

</tr>

<tr>

<td>Census_201</td>

<td>062825</td>

</tr>

<tr bgcolor="#D4E4F3">

<td>Shape_Leng</td>

<td>7283.69718</td>

</tr>

<tr>

<td>B_Code</td>

<td>477</td>

</tr>

<tr bgcolor="#D4E4F3">

<td>B_Name</td>

<td>GURGAON</td>

</tr>

<tr>

<td>GP_Code</td>

<td>29294</td>

</tr>

<tr bgcolor="#D4E4F3">

<td>GP_Name</td>

<td>DHORKA</td>

</tr>

<tr>

<td>LGD_Code</td>

<td>62825</td>

</tr>

<tr bgcolor="#D4E4F3">

<td>Shape_Le_1</td>

<td>7283.69718</td>

</tr>

<tr>

<td>Shape_Ar_1</td>

<td>3309527.63699</td>

</tr>

<tr bgcolor="#D4E4F3">

<td>SHAPE_Le_2</td>

<td>7283.69718</td>

</tr>

<tr>

<td>Unique__ID</td>

<td>05//138//04100</td>

</tr>

<tr bgcolor="#D4E4F3">

<td>District1</td>

<td>GGM</td>

</tr>

<tr>

<td>Unique_ID2</td>

<td>GGM62825</td>

</tr>

<tr bgcolor="#D4E4F3">

<td>GlobalID</td>

<td>{B2107FE7-71AE-4F31-92B5-36AA67C0EB3B}</td>

</tr>

<tr>

<td>UQ</td>

<td>Gurgaon/120</td>

</tr>

<tr bgcolor="#D4E4F3">

<td>LGD_HARTRO</td>

<td>62825</td>

</tr>

<tr>

<td>LGD_HARSAC</td>

<td>62825</td>

</tr>

<tr bgcolor="#D4E4F3">

<td>HARTRON_LG</td>

<td></td>

</tr>

<tr>

<td>HARTRON__1</td>

<td></td>

</tr>

<tr bgcolor="#D4E4F3">

<td>HARTRON__2</td>

<td></td>

</tr>

<tr>

<td>HARTORN_LG</td>

<td></td>

</tr>

<tr bgcolor="#D4E4F3">

<td>New_block</td>

<td>Gurgaon</td>

</tr>

<tr>

<td>Shape_Le_3</td>

<td>8290.197799</td>

</tr>

</table>

</td>

</tr>

</table>

</body>

</html>

]]></description>
      <styleUrl>#PolyStyle00</styleUrl>
      <MultiGeometry>
        <Polygon>
          <extrude>0</extrude><altitudeMode>clampToGround</altitudeMode>
          <outerBoundaryIs><LinearRing><coordinates> 76.9071562957357,28.39874365396786,0 76.90721787524839,28.39881656593317,0 76.90734596243151,28.39896822462005,0 76.90747831571387,28.399119758237,0 76.90754138014178,28.39919075922109,0 76.90757895128021,28.39924571183716,0 76.90762856343676,28.39931827971704,0 76.90767279648132,28.39938297709224,0 76.90772132167635,28.39946118141609,0 76.90773304918238,28.39951454083784,0 76.90789762054243,28.39986467631126,0 76.90790193515076,28.39987385530621,0 76.90798978050405,28.40006075230319,0 76.9080766404055,28.40029185432472,0 76.90812254701147,28.40041399619382,0 76.90819505812289,28.40060692302355,0 76.90821221055494,28.40060693566672,0 76.90811431754517,28.4007389664791,0 76.90815511273716,28.40088647389026,0 76.90822881052307,28.40115295659598,0 76.90826299321624,28.40127431834293,0 76.90830040265794,28.4014293618518,0 76.90834400508523,28.40161007366077,0 76.90836548021039,28.40169907190486,0 76.90836595362254,28.40170415282057,0 76.9083910049409,28.40197285784642,0 76.90841638683922,28.40224511960388,0 76.90845875228632,28.40251660944313,0 76.90846502522196,28.40255681078531,0 76.90847763038202,28.40263758401934,0 76.90850160012879,28.40279119293537,0 76.90856966098627,28.40333725397035,0 76.90859326242372,28.40343155758694,0 76.90865118040335,28.40366298096921,0 76.9087063360635,28.40388336829327,0 76.90878046414241,28.40414654133792,0 76.90884142830916,28.40436297364941,0 76.90886016536936,28.40442949639485,0 76.90886377390186,28.40444811592901,0 76.90891055906017,28.4046895974948,0 76.9089659671469,28.40497558612385,0 76.90899619096464,28.40514239765203,0 76.90901260048992,28.40523296614304,0 76.90902420852005,28.40529703251796,0 76.90906491028724,28.40552167066758,0 76.90909608991242,28.4057765398162,0 76.90912428982584,28.40600705650714,0 76.90912868977409,28.40601739096948,0 76.90915013076331,28.40606774370476,0 76.90915156716943,28.40608315728658,0 76.90916704334518,28.40624913029655,0 76.90918302886561,28.40642056933114,0 76.90928798263353,28.40686341172444,0 76.9092893444795,28.40687010904047,0 76.90931176822565,28.40693520320068,0 76.90938918773178,28.40715994296641,0 76.90946340474389,28.40740596248365,0 76.90954391804789,28.40767285151919,0 76.9095087193601,28.40770604390552,0 76.90946963635703,28.4077559067391,0 76.90953158238241,28.40794970752999,0 76.90962825278505,28.40825214281955,0 76.90965825292228,28.40849279950137,0 76.90968129021775,28.40867759770337,0 76.90969632532068,28.40879820178189,0 76.90975589799706,28.40903621580401,0 76.90982007723423,28.40929262673689,0 76.90982568900979,28.40931504516254,0 76.90983301477091,28.40934431402867,0 76.9098881605496,28.40956463896553,0 76.90992096612543,28.40969570255835,0 76.90996970511952,28.40989042662044,0 76.91001318807083,28.41012235658663,0 76.91002355642586,28.41017765829941,0 76.91007208880737,28.41043651190273,0 76.91012281128158,28.41055212988248,0 76.91017236684424,28.41066508739457,0 76.91031170812121,28.41098270340617,0 76.91048841033087,28.41141652255881,0 76.91050648173945,28.4114608899674,0 76.91051142606678,28.41147302931316,0 76.91052995741276,28.41151852261317,0 76.91053417590132,28.41152888103143,0 76.91068481528963,28.41206360238045,0 76.91068802856341,28.41207500527305,0 76.91085519605464,28.4126088752892,0 76.91085903725079,28.41262114171072,0 76.91086252001915,28.41263173389299,0 76.91090213751981,28.41275221653347,0 76.9110386239508,28.41316728481346,0 76.91118390399012,28.4137134013969,0 76.91119121627653,28.41372712226347,0 76.91122046272726,28.41378200255151,0 76.91125702236266,28.41385060287159,0 76.91134528363598,28.4140162200186,0 76.91144343356392,28.41420039151897,0 76.91147500215962,28.41425962893798,0 76.91152207028726,28.41433967663285,0 76.91162534420558,28.41451531219106,0 76.91151794163021,28.41459866149081,0 76.91146610524507,28.41463888906155,0 76.91125145729949,28.4148054641467,0 76.91099392917215,28.41501456951046,0 76.91082642930429,28.41515725962594,0 76.91059903516316,28.41535097023607,0 76.91030716264586,28.41559341534366,0 76.91013454866909,28.41573850416548,0 76.90994660853525,28.41589647351544,0 76.90962039162802,28.41616922489144,0 76.90946492289672,28.41629868118899,0 76.90944779561754,28.41631294292546,0 76.90951462937635,28.41637553542099,0 76.90953482440227,28.41639444992521,0 76.90958581098116,28.41644220073747,0 76.9096200906924,28.41647256031314,0 76.90997948328136,28.41694314447429,0 76.91001415016652,28.41698853745523,0 76.91009042432063,28.41702323043453,0 76.90961921393665,28.41735830298829,0 76.90940670038822,28.41747914842475,0 76.90932881285984,28.4175234390268,0 76.90931024378462,28.41753399832582,0 76.90897448048086,28.4177764352751,0 76.9089325543099,28.4178067075607,0 76.90873436889025,28.41792778002497,0 76.90870320812967,28.41794681671243,0 76.90837975893183,28.41818950395759,0 76.9083537383313,28.41820902727859,0 76.90816319038818,28.41834347034255,0 76.90804355096202,28.41844060641072,0 76.90781663113135,28.41862484290212,0 76.90779291920114,28.41863962892693,0 76.90755913624169,28.41878540882914,0 76.90743631318617,28.41889129836634,0 76.90735256594716,28.41896349963174,0 76.9072159869897,28.41908124857351,0 76.90711270229158,28.41917029376345,0 76.90690666559631,28.4193369660081,0 76.90687327701386,28.4193418580441,0 76.90683586577553,28.41934734025281,0 76.90682206226288,28.41934936279984,0 76.90678819398003,28.41937099535991,0 76.90678653928329,28.41937301553631,0 76.90666093594193,28.41952632129354,0 76.90665530799667,28.41953319004108,0 76.90663658980108,28.41955603608944,0 76.90649514197479,28.41964046932767,0 76.90642331717622,28.41968334324726,0 76.90635729818938,28.41971569994199,0 76.90618563373184,28.41982173154858,0 76.9059717044385,28.41993875505731,0 76.90549901902082,28.42019732013522,0 76.90543204692145,28.42023277051196,0 76.90537886216507,28.42026092317952,0 76.90528292568598,28.42032248864629,0 76.9050896890852,28.42044649484694,0 76.90504565366999,28.4204747525342,0 76.90499011802251,28.42051039005961,0 76.90484011284478,28.42060665192677,0 76.90481234502104,28.42062447145884,0 76.9047290244818,28.42067961204816,0 76.90459312824392,28.42076954627665,0 76.90453766266504,28.42080625184576,0 76.90440183020755,28.42087115494011,0 76.90429173448295,28.42092376014441,0 76.9042791832218,28.42092975738093,0 76.90412571593697,28.42100308623071,0 76.90400050515942,28.42105277610449,0 76.90378352518739,28.42113888541273,0 76.90343919375246,28.42127553055669,0 76.90312454085787,28.42140369995304,0 76.90312924174178,28.4214003667654,0 76.90279181385982,28.42118945138125,0 76.90275306323339,28.42117270877402,0 76.90264702160569,28.42112689333313,0 76.90259745526323,28.42108601881061,0 76.90237062885737,28.42089897087836,0 76.9023488842376,28.42086414407105,0 76.90229476164004,28.42080441735765,0 76.90206747978834,28.42055360334775,0 76.90186196052269,28.42032680390017,0 76.90185655625791,28.42032063044829,0 76.9017441473715,28.42019221798511,0 76.90124925739663,28.41953977199782,0 76.90117944751927,28.41947338673145,0 76.90104295030847,28.41929877541099,0 76.90061639966886,28.41875452926581,0 76.90009758037145,28.41821019499602,0 76.89999668968358,28.41809269395665,0 76.89984393476277,28.41791479130575,0 76.89940447084095,28.41766569438349,0 76.89937715307316,28.4176475401538,0 76.89932572991304,28.41761336724536,0 76.8991939138232,28.41752577131652,0 76.89865321695537,28.41716645667371,0 76.89864001082238,28.41715768053459,0 76.89858492073927,28.41712107166978,0 76.89837404931114,28.41697906366504,0 76.89816467447629,28.41683806281693,0 76.89798682332143,28.41671828957352,0 76.89789441452643,28.416659096194,0 76.89776538051902,28.41657644299461,0 76.89749993823406,28.41643230183579,0 76.89729767625963,28.41632246971061,0 76.89726852323372,28.41630645320748,0 76.89723423364099,28.41628761453526,0 76.89708233571298,28.41620415911383,0 76.89683406113139,28.41604740694924,0 76.89680914815361,28.41603167799442,0 76.89659519101249,28.41588551111067,0 76.89659499517975,28.4158853775866,0 76.89658279066832,28.41587883964735,0 76.89589699432253,28.41551148977186,0 76.89588165199581,28.41550327208645,0 76.89585292477133,28.41548690545122,0 76.8955896788672,28.41533862196164,0 76.8952112240279,28.41512544116901,0 76.89517336003867,28.41510411271596,0 76.89503327854989,28.41504800689412,0 76.89452537827476,28.41481163080934,0 76.89446668594736,28.41478431498001,0 76.89441671356644,28.41476105784454,0 76.89435018523479,28.41473009414798,0 76.89417321263224,28.41461139857718,0 76.89376993644333,28.41434091629157,0 76.89368900542276,28.41427799470391,0 76.89366728505752,28.41426110720645,0 76.89364241160561,28.41424487864595,0 76.89315399129742,28.41392620894538,0 76.89306513354276,28.4138682331269,0 76.89298436152401,28.4138155327659,0 76.89281803844915,28.41369813035321,0 76.89246834497028,28.41345129110315,0 76.89241292251052,28.41341217001381,0 76.89230149188944,28.41333218719636,0 76.89203356396602,28.41317071702321,0 76.89196321689613,28.41312832243008,0 76.89178265282909,28.41301950295283,0 76.89167517120198,28.41295472778354,0 76.8914381408328,28.41278904576804,0 76.89143777791341,28.41278878661315,0 76.89136638610286,28.41273672728169,0 76.89121744542872,28.41260466085459,0 76.89109707118067,28.4124979243555,0 76.8909357840613,28.41235490908236,0 76.89078217574097,28.41221879128202,0 76.89059538095911,28.41206168477914,0 76.89060010160593,28.41205808660996,0 76.89096710292534,28.41160978490473,0 76.89109820844779,28.41152355802135,0 76.89111495304469,28.41151254538661,0 76.89123215623982,28.41143546165221,0 76.89136452030198,28.41113166696595,0 76.89146221837734,28.41096685123054,0 76.89159810922533,28.41073760478648,0 76.89168562579526,28.41058813420377,0 76.8917563923784,28.410468348361,0 76.89176005660643,28.41046214509977,0 76.89162936071575,28.410259018317,0 76.89162550873979,28.41025303153784,0 76.8916219514113,28.41024750303107,0 76.89174181721289,28.41004433633031,0 76.89178619129298,28.40997246873859,0 76.89181512243503,28.4099256118042,0 76.89207740444685,28.40950081774171,0 76.89230798221736,28.4091524034182,0 76.89233097729199,28.40911516204953,0 76.89233148663675,28.40911468243833,0 76.89242848402621,28.40902330816825,0 76.89247349321518,28.40899172095822,0 76.8925814231016,28.40891597782905,0 76.8926657623304,28.40885679115055,0 76.89270552805309,28.40880647371682,0 76.89272332637381,28.4087839524658,0 76.89280289465009,28.40868326930686,0 76.8928300615009,28.40864886199562,0 76.89285013705087,28.40862343537578,0 76.8930647301992,28.40835164275936,0 76.89327531147148,28.40808493163555,0 76.89346191491218,28.40786220948736,0 76.89360391430411,28.40769272286218,0 76.89366213411766,28.40762323438159,0 76.89363866024097,28.40758818275771,0 76.89363929534989,28.40758681975729,0 76.89353916284009,28.40714665425047,0 76.89347936558491,28.40694100448209,0 76.89362555741424,28.40660072110058,0 76.89384914090192,28.40608979539022,0 76.89386633375817,28.40605492578517,0 76.89396553740993,28.40584501099423,0 76.89406249617181,28.40563984385713,0 76.89414571969297,28.40550916558551,0 76.8941654682562,28.40547815730574,0 76.8941956543447,28.40537567970835,0 76.89423216636939,28.40524572648023,0 76.89427848799703,28.40508085259655,0 76.8942762242425,28.40496327140706,0 76.89427370536647,28.40483235841186,0 76.89429411868299,28.40441727722499,0 76.89430045989057,28.40428832633688,0 76.89431213080276,28.40416778902951,0 76.89432269229553,28.40387129208174,0 76.89432721531297,28.40374429304866,0 76.89437419630404,28.40332532783016,0 76.89437692179261,28.40330101487254,0 76.89438141786061,28.40326092206703,0 76.89438816600502,28.40320073502456,0 76.89449286644802,28.40286551258766,0 76.89458590406366,28.40265907380922,0 76.89473150929312,28.40236323718426,0 76.89484461347563,28.40211825690414,0 76.89497587710156,28.40188567094253,0 76.89499255073154,28.40185612740083,0 76.89503932061849,28.40177325878132,0 76.89508874592543,28.4016879326087,0 76.89512452222993,28.40162617219536,0 76.895152356529,28.40157812075301,0 76.8952673606483,28.40140990181381,0 76.89543624482006,28.40131248936308,0 76.89567255474039,28.40117618669193,0 76.8957343112212,28.40114249285763,0 76.89576152119116,28.40112764749625,0 76.89586489931406,28.40107124585058,0 76.8959143255193,28.40104427969459,0 76.8963634310591,28.40079342441987,0 76.89665701756192,28.40063831044316,0 76.89693275723501,28.40051398946678,0 76.89705324736578,28.40047029151252,0 76.89752209697716,28.40027105864029,0 76.8977082844979,28.40019194065237,0 76.89774252198831,28.40017739069276,0 76.89797266407591,28.40007558675123,0 76.89802490560125,28.400052478105,0 76.89817345101663,28.39998676730959,0 76.89829438491513,28.39993186881161,0 76.89843206161387,28.39986936853519,0 76.89864197364126,28.39976758800383,0 76.89912106135198,28.39959158188314,0 76.89974565996901,28.39937546618053,0 76.89980935681086,28.3993534265311,0 76.90017564396966,28.39928139759653,0 76.90021523541915,28.39925255187202,0 76.90049637666206,28.39918718116016,0 76.90071929719308,28.39911000627562,0 76.90116341887965,28.39906262615994,0 76.90118269313237,28.39906056924655,0 76.90131827945147,28.39904449718929,0 76.90140430571635,28.39903430033338,0 76.90147546037169,28.39902586564264,0 76.90174956870423,28.39899337303287,0 76.90186820650884,28.39897930967767,0 76.90200552208488,28.3989509624932,0 76.90255478618558,28.39883757209899,0 76.9026700211719,28.39881071363343,0 76.90276171221294,28.39878934317512,0 76.90277676258721,28.3987868824587,0 76.90324109816433,28.39871094949493,0 76.90324127872567,28.39870074707544,0 76.90346298922601,28.39866172879769,0 76.9037890040123,28.39865479073839,0 76.90414909818553,28.39864712805442,0 76.90483525385741,28.39858702294394,0 76.90515699356125,28.39857306147218,0 76.90529575452656,28.39857296032503,0 76.90552137718996,28.39855811460362,0 76.90553438210033,28.3985572588035,0 76.90573765108618,28.3985438844558,0 76.90585013453281,28.39853648253397,0 76.90598072711721,28.39852191654282,0 76.90602964128277,28.39850824586084,0 76.9061869659334,28.39846427129509,0 76.90616986740028,28.39846403581153,0 76.90620757418434,28.39845539482972,0 76.90635582585062,28.39842142197511,0 76.90643609032125,28.39840302817322,0 76.90666783051174,28.39834992264069,0 76.9068146394837,28.39831530493739,0 76.90689299413602,28.39842090280484,0 76.90689370021184,28.39842185422193,0 76.90693674658192,28.39847460570292,0 76.9071562957357,28.39874365396786,0</coordinates></LinearRing></outerBoundaryIs>
        </Polygon>
      </MultiGeometry>
    </Placemark>
    <Placemark id="ID_00019">
      <name>Baskusla</name>
      <Snippet></Snippet>
      <description><![CDATA[<html xmlns:fo="http://www.w3.org/1999/XSL/Format" xmlns:msxsl="urn:schemas-microsoft-com:xslt">

<head>

<META http-equiv="Content-Type" content="text/html">

<meta http-equiv="content-type" content="text/html; charset=UTF-8">

</head>

<body style="margin:0px 0px 0px 0px;overflow:auto;background:#FFFFFF;">

<table style="font-family:Arial,Verdana,Times;font-size:12px;text-align:left;width:100%;border-collapse:collapse;padding:3px 3px 3px 3px">

<tr style="text-align:center;font-weight:bold;background:#9CBCE2">

<td>Gurgaon</td>

</tr>

<tr>

<td>

<table style="font-family:Arial,Verdana,Times;font-size:12px;text-align:left;width:100%;border-spacing:0px; padding:3px 3px 3px 3px">

<tr>

<td>FID</td>

<td>19</td>

</tr>

<tr bgcolor="#D4E4F3">

<td>OBJECTID_1</td>

<td>275</td>

</tr>

<tr>

<td>OBJECTID_2</td>

<td>1720</td>

</tr>

<tr bgcolor="#D4E4F3">

<td>N_D_CODE</td>

<td>05</td>

</tr>

<tr>

<td>N_D_NAME</td>

<td>Gurgaon</td>

</tr>

<tr bgcolor="#D4E4F3">

<td>N_T_CODE</td>

<td>138</td>

</tr>

<tr>

<td>N_T_NAME</td>

<td>Harsaru</td>

</tr>

<tr bgcolor="#D4E4F3">

<td>N_V_CODE</td>

<td>04113</td>

</tr>

<tr>

<td>N_V_NAME</td>

<td>Baskusla</td>

</tr>

<tr bgcolor="#D4E4F3">

<td>Pin_Code</td>

<td>122505</td>

</tr>

<tr>

<td>HADBAST_NO</td>

<td>127</td>

</tr>

<tr bgcolor="#D4E4F3">

<td>Census_200</td>

<td>00590600</td>

</tr>

<tr>

<td>Census_201</td>

<td>062806</td>

</tr>

<tr bgcolor="#D4E4F3">

<td>Shape_Leng</td>

<td>8420.725093</td>

</tr>

<tr>

<td>B_Code</td>

<td>475</td>

</tr>

<tr bgcolor="#D4E4F3">

<td>B_Name</td>

<td>FARRUKH NAGAR</td>

</tr>

<tr>

<td>GP_Code</td>

<td>29181</td>

</tr>

<tr bgcolor="#D4E4F3">

<td>GP_Name</td>

<td>BASH KUSHLA</td>

</tr>

<tr>

<td>LGD_Code</td>

<td>62806</td>

</tr>

<tr bgcolor="#D4E4F3">

<td>Shape_Le_1</td>

<td>8420.725093</td>

</tr>

<tr>

<td>Shape_Ar_1</td>

<td>3238273.4257</td>

</tr>

<tr bgcolor="#D4E4F3">

<td>SHAPE_Le_2</td>

<td>8420.725093</td>

</tr>

<tr>

<td>Unique__ID</td>

<td>05//138//04113</td>

</tr>

<tr bgcolor="#D4E4F3">

<td>District1</td>

<td>GGM</td>

</tr>

<tr>

<td>Unique_ID2</td>

<td>GGM62806</td>

</tr>

<tr bgcolor="#D4E4F3">

<td>GlobalID</td>

<td>{77369526-D927-436C-8D11-43B164FD9E34}</td>

</tr>

<tr>

<td>UQ</td>

<td>Gurgaon/127</td>

</tr>

<tr bgcolor="#D4E4F3">

<td>LGD_HARTRO</td>

<td>62806</td>

</tr>

<tr>

<td>LGD_HARSAC</td>

<td>62806</td>

</tr>

<tr bgcolor="#D4E4F3">

<td>HARTRON_LG</td>

<td></td>

</tr>

<tr>

<td>HARTRON__1</td>

<td></td>

</tr>

<tr bgcolor="#D4E4F3">

<td>HARTRON__2</td>

<td></td>

</tr>

<tr>

<td>HARTORN_LG</td>

<td></td>

</tr>

<tr bgcolor="#D4E4F3">

<td>New_block</td>

<td>Farukhnagar</td>

</tr>

<tr>

<td>Shape_Le_3</td>

<td>9560.720255</td>

</tr>

</table>

</td>

</tr>

</table>

</body>

</html>

]]></description>
      <styleUrl>#PolyStyle00</styleUrl>
      <MultiGeometry>
        <Polygon>
          <extrude>0</extrude><altitudeMode>clampToGround</altitudeMode>
          <outerBoundaryIs><LinearRing><coordinates> 76.91002010150525,28.38291237061097,0 76.90970803845366,28.38302761002188,0 76.90969847409083,28.38302806999293,0 76.90967325029597,28.38302928235651,0 76.90963390408653,28.38303117440239,0 76.90962246943127,28.38303172447087,0 76.90958824182231,28.38303337072461,0 76.90956290843299,28.38304288390526,0 76.90947099550807,28.38307740148264,0 76.90946929948882,28.38307803848695,0 76.90937921104224,28.38311187004847,0 76.9091565195816,28.38319550011748,0 76.90898578218545,28.38325961854024,0 76.9089716094652,28.38326564319943,0 76.90845515543195,28.38348518935509,0 76.90844303715878,28.38349033990216,0 76.90829664770007,28.38355257006175,0 76.90804146956552,28.38366205443124,0 76.90775318941104,28.38378574078646,0 76.90772993382498,28.38379571860928,0 76.90760750962141,28.3838455168223,0 76.90752159834091,28.38389509609277,0 76.90736406258618,28.38398600914399,0 76.907324851124,28.38400863761657,0 76.90691650125036,28.38424429131179,0 76.90681057640364,28.38431844219634,0 76.90668176517842,28.38440861435663,0 76.90657064178114,28.38446374060309,0 76.90622563301649,28.38463489006033,0 76.90585401615313,28.38481923750155,0 76.90579436801825,28.38484882609825,0 76.90555310927905,28.38498400855357,0 76.90553531365325,28.38499397994114,0 76.90543587464288,28.38505288120946,0 76.90539795316148,28.38507534348864,0 76.90538323785883,28.38508405985066,0 76.90518114207272,28.38519010636161,0 76.90516333387053,28.38519945022197,0 76.90516173576762,28.38520041519307,0 76.90486362445073,28.3853803833296,0 76.90484424599339,28.38539523800945,0 76.90455175363857,28.38549705684173,0 76.90415561905616,28.38565793298959,0 76.90402334302888,28.3857019998023,0 76.90393344322852,28.38573194932351,0 76.90387324981629,28.38575200260013,0 76.90369980938942,28.38578016601164,0 76.90352482026702,28.38588951609982,0 76.90317772741091,28.38613105101752,0 76.9030569390395,28.38620017266462,0 76.90301801503823,28.38622290419459,0 76.90277514921296,28.38636473293058,0 76.90224164695226,28.38663788040619,0 76.90218848645036,28.38666509759188,0 76.90217703023555,28.38667096241674,0 76.90208490710482,28.38671812836813,0 76.90201599015288,28.38674742086254,0 76.90139599719829,28.38699592742191,0 76.90130179895927,28.38703185913698,0 76.90070735049812,28.38725860421085,0 76.90065817402451,28.38727150185306,0 76.90055823195758,28.38729771203841,0 76.90036890212998,28.3873473663534,0 76.9003099519861,28.38736282691471,0 76.90029533998967,28.38736927019758,0 76.90002861850374,28.38714046031269,0 76.90000121270106,28.38711794868221,0 76.89992180791812,28.387052726175,0 76.89948748056311,28.38669596596102,0 76.89937406825848,28.38657664783767,0 76.89931811399606,28.38652975131638,0 76.89928857918615,28.38650499746847,0 76.89883668797069,28.38612625702634,0 76.89881662320049,28.38611715033921,0 76.89875705681233,28.38605510977752,0 76.89863495690061,28.38595719796601,0 76.89795170278707,28.38540929763482,0 76.89743351859856,28.38496008259375,0 76.89740722491018,28.38494412852615,0 76.89728223152493,28.38486143873002,0 76.89713381726359,28.38476325394778,0 76.8967493158641,28.384441953916,0 76.89671169262336,28.38441024399232,0 76.89668685330746,28.38438930925722,0 76.89658521791623,28.38431348531753,0 76.89647329412003,28.38420931730958,0 76.89639001849655,28.38413912190044,0 76.89609016265135,28.38396253818406,0 76.89597402755311,28.38387253240234,0 76.89592578892066,28.38383514621398,0 76.89588793391458,28.38381390788151,0 76.89580118540424,28.38376523902495,0 76.89551456803136,28.3836044358765,0 76.89544467820394,28.38355534014865,0 76.89542770094337,28.38354341415346,0 76.89538541364971,28.38351630206996,0 76.89512579154943,28.38334984376246,0 76.89493896083496,28.38321672829957,0 76.89476690111871,28.38309413825562,0 76.89453427429102,28.3829681038174,0 76.89439748063621,28.3828939899244,0 76.89426432875153,28.38282184943318,0 76.89410445108882,28.38267500763137,0 76.89385082614142,28.38247540146742,0 76.89384162649461,28.38246816123202,0 76.89349807300069,28.382212105852,0 76.89336027952095,28.38212017648972,0 76.89333059289577,28.38210037069152,0 76.8932586378415,28.38203708062994,0 76.89313330938465,28.38193523397488,0 76.89278950885402,28.38165584809849,0 76.89266307277443,28.38152996211533,0 76.89251866769418,28.38138618346518,0 76.89248453530666,28.38135220039804,0 76.89213960739039,28.38100876674253,0 76.89209411400947,28.38096347057569,0 76.89180195403129,28.38066140632672,0 76.8917892006492,28.38064822019453,0 76.89170404215689,28.38050579816526,0 76.89164175028016,28.38040161693274,0 76.89161367253762,28.38037048670672,0 76.89152868562354,28.3802762613655,0 76.89150585494058,28.38020332637315,0 76.89150138941531,28.38018906214735,0 76.89151685481123,28.38015906759142,0 76.89167158961894,28.37985895559155,0 76.89171788968702,28.37972929512128,0 76.89212891204862,28.37933330862622,0 76.8926033276215,28.37880834113606,0 76.89293182984281,28.37844374124215,0 76.89296833018945,28.37840323041671,0 76.89306063927141,28.37828269133472,0 76.89307939609455,28.37825322420272,0 76.89344955229727,28.37775431848302,0 76.89349888238277,28.37766246982605,0 76.89357063980765,28.37752886272792,0 76.89385555846631,28.37722662588019,0 76.89386936287728,28.37721099470153,0 76.89387324000604,28.37720660339662,0 76.89418205744452,28.37685691156985,0 76.89419680239162,28.37684021570236,0 76.89422213039106,28.37680440225161,0 76.8942957590067,28.37670029167852,0 76.89432372625643,28.37666685325948,0 76.89433719649409,28.37665074698247,0 76.8947359568521,28.37617395723625,0 76.89476832135516,28.37612267820119,0 76.89477369687383,28.37611416106869,0 76.89482009485823,28.37606280691864,0 76.89487486693777,28.37600218315991,0 76.89513464264994,28.37571465493854,0 76.89517491412411,28.37567008129202,0 76.89520162552907,28.37564863424396,0 76.89523278179807,28.37560626257841,0 76.89525111731136,28.37558876664576,0 76.89573602610507,28.3751260441801,0 76.89583696170874,28.37503491882326,0 76.8959393516848,28.37494248055281,0 76.89631299694409,28.37460514534972,0 76.8964337035688,28.37449124282445,0 76.8966202351443,28.37431522793484,0 76.89684255021082,28.3741053103555,0 76.89682156826071,28.37408152500283,0 76.89674667930875,28.37394662662953,0 76.89665005022856,28.37377256627913,0 76.89652651480903,28.3735259430792,0 76.8964634485845,28.37340003638094,0 76.8963720962083,28.37321766406341,0 76.89624856258537,28.37297104036383,0 76.89618591407748,28.37285346386657,0 76.89597556367224,28.37245868473693,0 76.8959689574616,28.37244628562088,0 76.8959535163202,28.37241545736683,0 76.89590534685804,28.37230688221291,0 76.89580405731819,28.37207856782322,0 76.89569281713992,28.37194240777839,0 76.89562427658205,28.37185851274284,0 76.89555726405851,28.3717600740565,0 76.89526916266878,28.37133686357196,0 76.89524374663443,28.37129952592259,0 76.89518620684557,28.37121318878264,0 76.89487142728851,28.37074086576222,0 76.89481961515789,28.37066631728855,0 76.89479849756219,28.37063593194324,0 76.89448269841731,28.37018154976991,0 76.89443955952076,28.37011940029265,0 76.89409448697572,28.36962225296105,0 76.89395575026492,28.36940131382795,0 76.89400990789676,28.36935212062611,0 76.89415874795955,28.36921692377958,0 76.89430298505485,28.36908670174099,0 76.89487993253763,28.36856580961696,0 76.89545687373224,28.36804491651666,0 76.89603380953695,28.36752402006879,0 76.89632360065769,28.36723945280254,0 76.89639037782266,28.36715155675995,0 76.89639789582327,28.36715432016114,0 76.89666668972257,28.36725312040219,0 76.8968125869045,28.36726766855663,0 76.89688772199486,28.36727516119132,0 76.89700616666173,28.36729077328242,0 76.89758357947184,28.36735726554083,0 76.89768674649063,28.36737826845416,0 76.89792594359629,28.367423616268,0 76.89836484427443,28.36751098169738,0 76.89868572069729,28.36758166791045,0 76.89882562072638,28.36761248650285,0 76.89895061500995,28.36764002158636,0 76.89922662058437,28.36710714788077,0 76.89925351973723,28.36705359508891,0 76.89935576957615,28.36690590622951,0 76.89940533502026,28.36684998989415,0 76.89942133221885,28.36683194315539,0 76.89946209417317,28.36678011340425,0 76.89962030007112,28.36657895254923,0 76.89967179509647,28.36651347711397,0 76.89998777031111,28.3661472912062,0 76.90000606270526,28.36617445752795,0 76.90042874609759,28.36661108990445,0 76.90046817585035,28.36665182181647,0 76.9005267181591,28.36671229440935,0 76.90095465040764,28.3671758400666,0 76.90102348740952,28.36725040522075,0 76.9010476835317,28.36726918146971,0 76.90151236585851,28.36774185034967,0 76.90155781432368,28.36778808014121,0 76.90203643041886,28.36830652177331,0 76.90205458447244,28.36832618628753,0 76.90232542832722,28.36864665617545,0 76.90235480862691,28.36863638525679,0 76.90280144290134,28.36848023855691,0 76.90311278460575,28.36832342607857,0 76.90315358967921,28.36831351714921,0 76.90317002076409,28.3683380839571,0 76.90332936662412,28.36857632715849,0 76.90338155694549,28.36865435659729,0 76.9035145399469,28.36885318252827,0 76.90355559654866,28.36891072293926,0 76.90367118008132,28.36907271188113,0 76.9037557205327,28.36919119366017,0 76.90375917904656,28.36919604137577,0 76.90382709078372,28.36930399369228,0 76.90386789316221,28.36939293606193,0 76.90404821827741,28.3696756092208,0 76.90378323143827,28.36989619604309,0 76.90381202873134,28.36993740964425,0 76.90382014141669,28.36994723226556,0 76.9038728231165,28.37001101328145,0 76.90420253896174,28.37041019626728,0 76.90422668208333,28.37039698672888,0 76.90449044990865,28.37025267130807,0 76.90450912768003,28.37024659848428,0 76.90457151837144,28.3702154257567,0 76.90493851609763,28.3700221796188,0 76.9049497935477,28.37003872479772,0 76.9050703097296,28.37021554194903,0 76.90519429969667,28.37039745623979,0 76.90524658613779,28.3704646800629,0 76.90534004416503,28.37061312830575,0 76.90559366551918,28.37101597577439,0 76.90569121267757,28.37117091651879,0 76.90570233112584,28.37118857600587,0 76.90570370464989,28.37119075834583,0 76.90574566585515,28.3711730790987,0 76.90577782823728,28.37115952819524,0 76.90588854379939,28.37111288016119,0 76.90609177954759,28.37101385192176,0 76.90632682733492,28.37087737197172,0 76.90639497892229,28.37090102130034,0 76.90640335032241,28.37090392687927,0 76.90643726082608,28.37091569463113,0 76.90656755157654,28.37087969264133,0 76.90658525198093,28.37087536667912,0 76.90709425448888,28.37080363140254,0 76.90749411797806,28.37069864942999,0 76.90818577313613,28.37054820786436,0 76.90828880271269,28.37073019193213,0 76.90860377900076,28.37128653385926,0 76.90879362266469,28.37162185141472,0 76.90895928727444,28.37184448372791,0 76.90919028096492,28.37215490874328,0 76.90954086287759,28.37259033248137,0 76.90959473215024,28.37265524693074,0 76.90962926428809,28.37269686019557,0 76.90975511915771,28.37284851830798,0 76.90984727283112,28.37296740134732,0 76.91028221373547,28.37352849764903,0 76.91036598163574,28.37363656174578,0 76.91071716002976,28.37408959335418,0 76.91115211081559,28.37465068609158,0 76.91132125909201,28.37486888824082,0 76.91153651968862,28.3751465736945,0 76.91157990382524,28.37521149369313,0 76.91164515924413,28.37530914511408,0 76.9119532238944,28.37577014058592,0 76.91198982754726,28.37582491486052,0 76.9122671320856,28.37623243027576,0 76.91233286989977,28.37632903508646,0 76.91235699146179,28.37636448196235,0 76.91255528647592,28.37667020129085,0 76.91267308884731,28.37685181997866,0 76.91269608751524,28.37688727695471,0 76.91270709367409,28.37690424628415,0 76.91278950152501,28.37704686916229,0 76.91291353730617,28.37717957031101,0 76.9131595984389,28.37744282151396,0 76.91316615164891,28.37744975384817,0 76.9131875405358,28.3774723829251,0 76.91323065697449,28.37750921967874,0 76.91326349219477,28.37753905058729,0 76.91356431193229,28.37781234567462,0 76.91374864263533,28.37797980853503,0 76.91379039812635,28.37801834123706,0 76.9138455717528,28.37806925736837,0 76.91416702489406,28.37851877585541,0 76.91420961941157,28.37857879908179,0 76.91460672058122,28.37913837666836,0 76.91490066641019,28.37955258550855,0 76.9149355327213,28.37959749895637,0 76.91500770337124,28.37969810779246,0 76.91521494919884,28.3799870154427,0 76.91531296617613,28.38013693858879,0 76.91539053390429,28.38025711832568,0 76.91544382556023,28.38033968288543,0 76.91548037890745,28.38037354377311,0 76.91566089805873,28.38054076232407,0 76.91577915228272,28.38067534407613,0 76.91592774261387,28.38082224318066,0 76.91606392092272,28.38095686962514,0 76.91613030282898,28.38102249579568,0 76.91621200101081,28.38110326331079,0 76.91629264277384,28.38118298514186,0 76.91632726564153,28.38121279525855,0 76.91638841845452,28.38126492856279,0 76.91649623425491,28.38138860427816,0 76.91670137173656,28.38162391920815,0 76.91677915865363,28.3816910679477,0 76.91684807740224,28.3817505606427,0 76.91707956426778,28.38195555194188,0 76.91743301090793,28.38226854124304,0 76.91745423091156,28.38228733222125,0 76.91764328315972,28.38244618603575,0 76.91771765558042,28.38250867840802,0 76.91772410458584,28.38251409771549,0 76.91763498003155,28.38253264443759,0 76.91755932840992,28.3825483878494,0 76.91749775249045,28.38256208034799,0 76.9174171601347,28.38255808205956,0 76.91692211475133,28.38255734547032,0 76.91672656858195,28.38265157826876,0 76.91669513742846,28.38265705763407,0 76.91602441930476,28.38295610504593,0 76.91599606847437,28.38297310975948,0 76.91595354402547,28.38299861682466,0 76.91532226553596,28.38326062857758,0 76.91511628184132,28.38337180612625,0 76.91461928262217,28.3835802227177,0 76.91419598837544,28.38379215662542,0 76.91408975720323,28.38387128369359,0 76.91401233590044,28.38394193845684,0 76.91392761488768,28.384006009009,0 76.9139097015826,28.38402017946348,0 76.91358304719584,28.38427858483781,0 76.91328617285907,28.38445369013388,0 76.91319678689503,28.38452087896837,0 76.91248883270447,28.38493090657204,0 76.91243969306177,28.38496981293784,0 76.91234624940759,28.38503099980583,0 76.9118967117782,28.38530802798463,0 76.9117792211222,28.38537107742007,0 76.91155926592992,28.38551199922959,0 76.911543219324,28.38549556552695,0 76.91145990956454,28.3853909260745,0 76.91141180118784,28.38532627073859,0 76.91140204099227,28.38531315315322,0 76.91111105062059,28.38492207797283,0 76.91086212925198,28.38456540463741,0 76.91072743226502,28.38437239960896,0 76.9106501591843,28.38415897631769,0 76.91064140420353,28.3841347980596,0 76.910598709973,28.38406678388583,0 76.91049052496503,28.38386973387214,0 76.91040481850042,28.38373415641538,0 76.91021245057051,28.3833484314501,0 76.91019829401996,28.38331430359172,0 76.9101824450434,28.38327609684772,0 76.9100551331064,28.38289943450269,0 76.91002010150525,28.38291237061097,0</coordinates></LinearRing></outerBoundaryIs>
        </Polygon>
      </MultiGeometry>
    </Placemark>
    <Placemark id="ID_00020">
      <name>Basharia</name>
      <Snippet></Snippet>
      <description><![CDATA[<html xmlns:fo="http://www.w3.org/1999/XSL/Format" xmlns:msxsl="urn:schemas-microsoft-com:xslt">

<head>

<META http-equiv="Content-Type" content="text/html">

<meta http-equiv="content-type" content="text/html; charset=UTF-8">

</head>

<body style="margin:0px 0px 0px 0px;overflow:auto;background:#FFFFFF;">

<table style="font-family:Arial,Verdana,Times;font-size:12px;text-align:left;width:100%;border-collapse:collapse;padding:3px 3px 3px 3px">

<tr style="text-align:center;font-weight:bold;background:#9CBCE2">

<td>Gurgaon</td>

</tr>

<tr>

<td>

<table style="font-family:Arial,Verdana,Times;font-size:12px;text-align:left;width:100%;border-spacing:0px; padding:3px 3px 3px 3px">

<tr>

<td>FID</td>

<td>20</td>

</tr>

<tr bgcolor="#D4E4F3">

<td>OBJECTID_1</td>

<td>276</td>

</tr>

<tr>

<td>OBJECTID_2</td>

<td>1721</td>

</tr>

<tr bgcolor="#D4E4F3">

<td>N_D_CODE</td>

<td>05</td>

</tr>

<tr>

<td>N_D_NAME</td>

<td>Gurgaon</td>

</tr>

<tr bgcolor="#D4E4F3">

<td>N_T_CODE</td>

<td>138</td>

</tr>

<tr>

<td>N_T_NAME</td>

<td>Harsaru</td>

</tr>

<tr bgcolor="#D4E4F3">

<td>N_V_CODE</td>

<td>04114</td>

</tr>

<tr>

<td>N_V_NAME</td>

<td>Basharia</td>

</tr>

<tr bgcolor="#D4E4F3">

<td>Pin_Code</td>

<td>122503</td>

</tr>

<tr>

<td>HADBAST_NO</td>

<td>125</td>

</tr>

<tr bgcolor="#D4E4F3">

<td>Census_200</td>

<td>00590500</td>

</tr>

<tr>

<td>Census_201</td>

<td>062805</td>

</tr>

<tr bgcolor="#D4E4F3">

<td>Shape_Leng</td>

<td>10154.586113</td>

</tr>

<tr>

<td>B_Code</td>

<td>475</td>

</tr>

<tr bgcolor="#D4E4F3">

<td>B_Name</td>

<td>FARRUKH NAGAR</td>

</tr>

<tr>

<td>GP_Code</td>

<td>29183</td>

</tr>

<tr bgcolor="#D4E4F3">

<td>GP_Name</td>

<td>BASSHARIA</td>

</tr>

<tr>

<td>LGD_Code</td>

<td>62805</td>

</tr>

<tr bgcolor="#D4E4F3">

<td>Shape_Le_1</td>

<td>10154.586113</td>

</tr>

<tr>

<td>Shape_Ar_1</td>

<td>3320344.91315</td>

</tr>

<tr bgcolor="#D4E4F3">

<td>SHAPE_Le_2</td>

<td>10154.586113</td>

</tr>

<tr>

<td>Unique__ID</td>

<td>05//138//04114</td>

</tr>

<tr bgcolor="#D4E4F3">

<td>District1</td>

<td>GGM</td>

</tr>

<tr>

<td>Unique_ID2</td>

<td>GGM62805</td>

</tr>

<tr bgcolor="#D4E4F3">

<td>GlobalID</td>

<td>{0A4C5FB3-3F9B-4145-BD99-312C31242CD5}</td>

</tr>

<tr>

<td>UQ</td>

<td>Gurgaon/125</td>

</tr>

<tr bgcolor="#D4E4F3">

<td>LGD_HARTRO</td>

<td>62805</td>

</tr>

<tr>

<td>LGD_HARSAC</td>

<td>62805</td>

</tr>

<tr bgcolor="#D4E4F3">

<td>HARTRON_LG</td>

<td></td>

</tr>

<tr>

<td>HARTRON__1</td>

<td></td>

</tr>

<tr bgcolor="#D4E4F3">

<td>HARTRON__2</td>

<td></td>

</tr>

<tr>

<td>HARTORN_LG</td>

<td></td>

</tr>

<tr bgcolor="#D4E4F3">

<td>New_block</td>

<td>Farukhnagar</td>

</tr>

<tr>

<td>Shape_Le_3</td>

<td>11533.562124</td>

</tr>

</table>

</td>

</tr>

</table>

</body>

</html>

]]></description>
      <styleUrl>#PolyStyle00</styleUrl>
      <MultiGeometry>
        <Polygon>
          <extrude>0</extrude><altitudeMode>clampToGround</altitudeMode>
          <outerBoundaryIs><LinearRing><coordinates> 76.89041561279939,28.39192477075932,0 76.89038264642508,28.39192630781882,0 76.89036426779269,28.39192716446281,0 76.8901863699254,28.39196307316944,0 76.88969646110878,28.3920619585676,0 76.88967776537109,28.39206573206353,0 76.88914851842986,28.39215551989035,0 76.8890815795682,28.39217119074991,0 76.88899147674856,28.39219228437121,0 76.88896134366065,28.39219865939821,0 76.88883757647577,28.39223551079268,0 76.88870299087988,28.39227558327149,0 76.88832385062602,28.39238846938905,0 76.88830383975474,28.39239442714782,0 76.888195974547,28.39243196046701,0 76.88778963330633,28.39257928424702,0 76.88763718650767,28.39263408856193,0 76.88761539248055,28.3926419223761,0 76.88715732265256,28.39275652216831,0 76.88709811469221,28.39277133472139,0 76.88699410146042,28.3927973570467,0 76.88692828818772,28.39281382122771,0 76.8867300156315,28.39287054969207,0 76.88649770411249,28.39293701722199,0 76.88638599411533,28.39299086198355,0 76.88623983462536,28.39306130994501,0 76.88601161942404,28.39314450859049,0 76.88563499445299,28.39324463516283,0 76.88555232070075,28.39325588124028,0 76.88542975456338,28.39327685452744,0 76.8850234959677,28.39334637296319,0 76.88486602040008,28.39338223061298,0 76.88417930777273,28.39353161878575,0 76.88397450626098,28.39354969022094,0 76.88389839649855,28.39355640497373,0 76.88389516346183,28.39355760931441,0 76.88384069501288,28.39349327584938,0 76.88366927489713,28.39329080563334,0 76.88345118370906,28.3930148129997,0 76.88324242422019,28.3927410537008,0 76.88302813110916,28.39247855328919,0 76.8828724755283,28.39232813629563,0 76.8825317247781,28.39198885071211,0 76.88249815473594,28.39195354419364,0 76.88230552000643,28.39175123383076,0 76.88219888998219,28.39163924714536,0 76.88215406404952,28.39159332251798,0 76.88189108674166,28.39132389494972,0 76.88164790920099,28.39107440753876,0 76.88152531431754,28.39095035430839,0 76.88106986218028,28.39053639546135,0 76.88086115569202,28.39032636220852,0 76.88052211892737,28.38998516802262,0 76.88020321700151,28.38960509258668,0 76.88000926983334,28.38943436209828,0 76.8795078104788,28.38897982811405,0 76.87940030998708,28.38888238685201,0 76.87888028874382,28.38833148905658,0 76.87884211573416,28.38829169405889,0 76.87867473713885,28.38811720915685,0 76.87815645772893,28.38757691866849,0 76.87813986674394,28.38756061568448,0 76.87780263918629,28.38722922887651,0 76.87727756402126,28.38671162182159,0 76.87724329958137,28.38667784514909,0 76.87664770936148,28.38612601835417,0 76.87655479212007,28.38603088532372,0 76.87636420195612,28.38581706231385,0 76.87613513515191,28.38556006981051,0 76.87587597119247,28.38524048558925,0 76.87545151542406,28.38552149717199,0 76.8750275645089,28.38577632827701,0 76.87495887303407,28.38581761710973,0 76.87489824573554,28.38585405976256,0 76.87476083224317,28.3859366555284,0 76.87412538916402,28.38633954674805,0 76.87406978614287,28.38637480060528,0 76.87337921435301,28.38678208739101,0 76.87326183149486,28.38685743143403,0 76.87236403813192,28.38716302567858,0 76.87215847395052,28.38723798536658,0 76.87200276177578,28.38729476660347,0 76.87131417795769,28.38757378752212,0 76.87125230918743,28.38758938240041,0 76.87068320309874,28.38773282940957,0 76.87062724075149,28.38774693456198,0 76.87051858412801,28.38778434149925,0 76.87048891097751,28.38779455761422,0 76.8702720432949,28.38786921891557,0 76.87025822540919,28.38785612061182,0 76.87025765857224,28.38785527420878,0 76.87001782006949,28.38749703173105,0 76.86994669865182,28.38739079864676,0 76.86987013524013,28.38730488397858,0 76.86971401163702,28.38710112166011,0 76.8694475039501,28.38675329042464,0 76.86937034495541,28.38665623752502,0 76.86927065801001,28.38651630669476,0 76.86901697018054,28.38620161338995,0 76.86870646301098,28.38579279275816,0 76.86864712389658,28.38568384483724,0 76.86876037989434,28.38563028561735,0 76.868814813309,28.38559567403387,0 76.8691582095977,28.38537732403663,0 76.86920319183723,28.38534872110521,0 76.86921728281077,28.38533976134917,0 76.86926133888726,28.38531174797981,0 76.86927947317788,28.38529816173801,0 76.86960346405985,28.38505542206634,0 76.86984588432072,28.38490632938124,0 76.8699082777071,28.38486795566418,0 76.86995926608265,28.38483659676766,0 76.87006930790832,28.38476891971836,0 76.87042253086793,28.38454911936763,0 76.87053329763403,28.38449287170521,0 76.87063913893743,28.38443882504799,0 76.87096146074958,28.38427423808344,0 76.87103479112454,28.38422663557895,0 76.87122058518315,28.38410602724512,0 76.87129927041553,28.38404224996238,0 76.8713189929276,28.38403015410297,0 76.87181529415577,28.38372578136197,0 76.87188351760834,28.383683940069,0 76.87190809192126,28.38366886860075,0 76.87199881996831,28.38360657923514,0 76.87213824119536,28.38351086068464,0 76.87259512165393,28.38333780393721,0 76.87267879253612,28.38329269212091,0 76.87295823865807,28.38314202499607,0 76.87297559500769,28.38313266672848,0 76.87328214599668,28.38300673665941,0 76.87335874444265,28.38296813859188,0 76.87396923411984,28.38266050980004,0 76.87401371599778,28.38265123052308,0 76.87402701375891,28.38264487547058,0 76.87403868736602,28.38263929731323,0 76.8741200747308,28.38260040431832,0 76.87449014379693,28.38242355643939,0 76.8746561821058,28.3823445926803,0 76.87471865005237,28.38232782180468,0 76.8749159524281,28.38227485047872,0 76.87525258799599,28.38210468513127,0 76.87534299264955,28.38205898636143,0 76.87539862980668,28.38203171583125,0 76.87580768755276,28.38183121537541,0 76.87602979870172,28.38177337690236,0 76.8760786284256,28.38175257047174,0 76.87637328392364,28.38162701101328,0 76.87671620051198,28.38157870549933,0 76.8767587599952,28.38157091196531,0 76.87736248715497,28.38146034425171,0 76.87740219808039,28.38147497186284,0 76.87743899756602,28.38146621173549,0 76.87774008230652,28.38139453578349,0 76.87808806000319,28.38140154926448,0 76.87811928903572,28.38140081661893,0 76.87842545105421,28.38139363400503,0 76.87859554076508,28.38138964278559,0 76.87873912568348,28.38138627435434,0 76.87877365512634,28.38138875049116,0 76.878799653269,28.38138826522209,0 76.8794592502495,28.38137594855495,0 76.87948001929887,28.38137601968561,0 76.87959635561974,28.38137641880759,0 76.87966491594055,28.38137475909235,0 76.87979346934927,28.38137164831167,0 76.88014484357602,28.38136314266547,0 76.88016038173548,28.38136189392716,0 76.88023227390769,28.38135611337513,0 76.88074813505285,28.38121540101548,0 76.88083120047052,28.38117602934139,0 76.88084049354217,28.38117392624107,0 76.88126008493326,28.38107897528865,0 76.8815173956683,28.38102528965898,0 76.88152065834942,28.38102413733855,0 76.881619374216,28.38098926106724,0 76.88170040494957,28.38096063245154,0 76.88220099024333,28.38099112706817,0 76.88220307882635,28.38099125431348,0 76.88288091430209,28.38067947126191,0 76.88288999087973,28.38067529665541,0 76.88310268858278,28.38057710009367,0 76.88319920088198,28.38050962265471,0 76.88356076919059,28.3803223236735,0 76.88357709517257,28.38031386694475,0 76.88372073758312,28.38020997637222,0 76.8840353096293,28.37995249844011,0 76.88426501064407,28.37976448715763,0 76.88468781890225,28.3794109499921,0 76.88474523741854,28.37936293906175,0 76.88495305547303,28.3791840332271,0 76.8850914804684,28.37907532826929,0 76.8851551665305,28.37902531679063,0 76.88495464369444,28.37881799537976,0 76.88492056520582,28.37877240821513,0 76.88441546138618,28.37827050945911,0 76.8842721235045,28.37812743613769,0 76.88386257258333,28.37772297329029,0 76.88383930082759,28.37770142865171,0 76.88381048377157,28.37767475214829,0 76.8841300306878,28.37723771953425,0 76.88415953046342,28.3771973734359,0 76.88417342111268,28.37717837526874,0 76.88449195023767,28.37671107318938,0 76.88444999172739,28.37663365905608,0 76.88440834313589,28.37656742869338,0 76.8846237348865,28.37608859464998,0 76.88472987263397,28.37585287224764,0 76.88473307782287,28.37584575248855,0 76.88482136604564,28.37573279896421,0 76.88496884875404,28.3755441107464,0 76.88531175905419,28.37513133424131,0 76.88532988705663,28.37510951323114,0 76.88538818322696,28.3750685205766,0 76.88548533153337,28.3750002073544,0 76.88559393335966,28.37494096616835,0 76.88565711097527,28.3749065028508,0 76.88627374512902,28.37458500618379,0 76.88628638442505,28.37457841590175,0 76.88634399158758,28.37458614513751,0 76.88695460163903,28.37493347644618,0 76.88702780265659,28.37497511490015,0 76.88707844877401,28.37500560096271,0 76.88763554887893,28.37534093600722,0 76.88771152209745,28.37538666612567,0 76.88778593404399,28.37542424103278,0 76.88831547742924,28.37506627350463,0 76.8883986407633,28.37501005558977,0 76.88865654618309,28.37481388267882,0 76.88899509606082,28.37458811004998,0 76.88907675920836,28.37453364892221,0 76.88908621218009,28.37452734554914,0 76.88913123035223,28.37450008098632,0 76.88926966612743,28.37441624330084,0 76.8897734898478,28.37411132051719,0 76.88980785489895,28.37409021697577,0 76.88984911362164,28.37406004127542,0 76.88996530531375,28.37399259446773,0 76.89001659552324,28.37396282105109,0 76.89004816861052,28.37392848941192,0 76.89035403687991,28.37345044571176,0 76.89056614259322,28.37308338189587,0 76.8910327095855,28.37236593042967,0 76.89138904880082,28.37182370933724,0 76.89153751875774,28.37158677761008,0 76.89184743124254,28.37128170758042,0 76.89193970169694,28.37117370589906,0 76.89188125101637,28.37111873082819,0 76.89221450263057,28.37080184031224,0 76.89234168431187,28.37065805581421,0 76.89239068022408,28.37063070884361,0 76.8924007027277,28.37062511424603,0 76.89253063774538,28.370552588379,0 76.89321865921811,28.36995315018303,0 76.89390658187615,28.36937492927717,0 76.89398557882392,28.36931672041375,0 76.89400990789676,28.36935212062611,0 76.89395575026492,28.36940131382795,0 76.89409448697572,28.36962225296105,0 76.89443955952076,28.37011940029265,0 76.89448269841731,28.37018154976991,0 76.89479849756219,28.37063593194324,0 76.89481961515789,28.37066631728855,0 76.89487142728851,28.37074086576222,0 76.89518620684557,28.37121318878264,0 76.89524374663443,28.37129952592259,0 76.89526916266878,28.37133686357196,0 76.89555726405851,28.3717600740565,0 76.89562427658205,28.37185851274284,0 76.89569281713992,28.37194240777839,0 76.89580405731819,28.37207856782322,0 76.89590534685804,28.37230688221291,0 76.8959535163202,28.37241545736683,0 76.8959689574616,28.37244628562088,0 76.89597556367224,28.37245868473693,0 76.89618591407748,28.37285346386657,0 76.89624856258537,28.37297104036383,0 76.8963720962083,28.37321766406341,0 76.8964634485845,28.37340003638094,0 76.89652651480903,28.3735259430792,0 76.89665005022856,28.37377256627913,0 76.89674667930875,28.37394662662953,0 76.89682156826071,28.37408152500283,0 76.89684255021082,28.3741053103555,0 76.8966202351443,28.37431522793484,0 76.8964337035688,28.37449124282445,0 76.89631299694409,28.37460514534972,0 76.8959393516848,28.37494248055281,0 76.89583696170874,28.37503491882326,0 76.89573602610507,28.3751260441801,0 76.89525111731136,28.37558876664576,0 76.89523278179807,28.37560626257841,0 76.89520162552907,28.37564863424396,0 76.89517491412411,28.37567008129202,0 76.89513464264994,28.37571465493854,0 76.89487486693777,28.37600218315991,0 76.89482009485823,28.37606280691864,0 76.89477369687383,28.37611416106869,0 76.89476832135516,28.37612267820119,0 76.8947359568521,28.37617395723625,0 76.89433719649409,28.37665074698247,0 76.89432372625643,28.37666685325948,0 76.8942957590067,28.37670029167852,0 76.89422213039106,28.37680440225161,0 76.89419680239162,28.37684021570236,0 76.89418205744452,28.37685691156985,0 76.89387324000604,28.37720660339662,0 76.89386936287728,28.37721099470153,0 76.89385555846631,28.37722662588019,0 76.89357063980765,28.37752886272792,0 76.89349888238277,28.37766246982605,0 76.89344955229727,28.37775431848302,0 76.89307939609455,28.37825322420272,0 76.89306063927141,28.37828269133472,0 76.89296833018945,28.37840323041671,0 76.89293182984281,28.37844374124215,0 76.8926033276215,28.37880834113606,0 76.89212891204862,28.37933330862622,0 76.89171788968702,28.37972929512128,0 76.89167158961894,28.37985895559155,0 76.89151685481123,28.38015906759142,0 76.89150138941531,28.38018906214735,0 76.89150585494058,28.38020332637315,0 76.89152868562354,28.3802762613655,0 76.89161367253762,28.38037048670672,0 76.89164175028016,28.38040161693274,0 76.89170404215689,28.38050579816526,0 76.8917892006492,28.38064822019453,0 76.89180195403129,28.38066140632672,0 76.89209411400947,28.38096347057569,0 76.89213960739039,28.38100876674253,0 76.89248453530666,28.38135220039804,0 76.89251866769418,28.38138618346518,0 76.89266307277443,28.38152996211533,0 76.89278950885402,28.38165584809849,0 76.89313330938465,28.38193523397488,0 76.8932586378415,28.38203708062994,0 76.89333059289577,28.38210037069152,0 76.89336027952095,28.38212017648972,0 76.89349807300069,28.382212105852,0 76.89384162649461,28.38246816123202,0 76.89385082614142,28.38247540146742,0 76.89410445108882,28.38267500763137,0 76.89426432875153,28.38282184943318,0 76.89439748063621,28.3828939899244,0 76.89453427429102,28.3829681038174,0 76.89476690111871,28.38309413825562,0 76.89493896083496,28.38321672829957,0 76.89512579154943,28.38334984376246,0 76.89538541364971,28.38351630206996,0 76.89542770094337,28.38354341415346,0 76.89544467820394,28.38355534014865,0 76.89551456803136,28.3836044358765,0 76.89580118540424,28.38376523902495,0 76.89588793391458,28.38381390788151,0 76.89592578892066,28.38383514621398,0 76.89597402755311,28.38387253240234,0 76.89609016265135,28.38396253818406,0 76.89639001849655,28.38413912190044,0 76.89647329412003,28.38420931730958,0 76.89658521791623,28.38431348531753,0 76.89668685330746,28.38438930925722,0 76.89671169262336,28.38441024399232,0 76.8967493158641,28.384441953916,0 76.89713381726359,28.38476325394778,0 76.89728223152493,28.38486143873002,0 76.89740722491018,28.38494412852615,0 76.89743351859856,28.38496008259375,0 76.89795170278707,28.38540929763482,0 76.89863495690061,28.38595719796601,0 76.89875705681233,28.38605510977752,0 76.89881662320049,28.38611715033921,0 76.89883668797069,28.38612625702634,0 76.89928857918615,28.38650499746847,0 76.89931811399606,28.38652975131638,0 76.89937406825848,28.38657664783767,0 76.89948748056311,28.38669596596102,0 76.89992180791812,28.387052726175,0 76.90000121270106,28.38711794868221,0 76.90002861850374,28.38714046031269,0 76.90029533998967,28.38736927019758,0 76.90001923649888,28.38749104050469,0 76.89999955890259,28.38751227889093,0 76.89996208298558,28.38755272854507,0 76.89994349055412,28.38757279570264,0 76.89968765305616,28.38766085896248,0 76.89933004811462,28.38778394951402,0 76.89931281752912,28.38779101394145,0 76.89899596466044,28.38792093088277,0 76.89880434053561,28.38801862829254,0 76.8986401886888,28.3881144992512,0 76.89862585427181,28.38812175332627,0 76.89846426891178,28.38820352779508,0 76.89824606273935,28.38830887415117,0 76.89795031938152,28.3884453474769,0 76.89793890628584,28.38844753736467,0 76.89788348292775,28.38845817305856,0 76.89775691389748,28.38854852504481,0 76.897258172845,28.38890455038267,0 76.89725137798818,28.38891005392365,0 76.89703790503904,28.38908296564765,0 76.89698471129947,28.38912605266667,0 76.8968606701284,28.38921748439943,0 76.89656561398176,28.38938657856535,0 76.89656377962194,28.3893878596107,0 76.89623663295842,28.38961626239313,0 76.89593524279071,28.389879779867,0 76.89587594679544,28.38991922733701,0 76.89584014713471,28.38994418823057,0 76.89583930631163,28.38994442689415,0 76.89551000638633,28.39010522437864,0 76.89544055134351,28.39014962758067,0 76.89518871404348,28.39030763429636,0 76.89518332415182,28.39031101587885,0 76.89518115651701,28.39031237594039,0 76.89516741498811,28.39032363734415,0 76.89492009801062,28.39047007341684,0 76.8945247871833,28.3906813281443,0 76.89450149656297,28.39069122550082,0 76.89449032601239,28.3906959718693,0 76.89423305210826,28.39084535355435,0 76.89410342521278,28.39088398194565,0 76.89383457022804,28.39095047126824,0 76.89381478034231,28.39095536540548,0 76.89380163709141,28.39095861578264,0 76.89312832912471,28.3911565748639,0 76.89311401806391,28.391160782249,0 76.89299253170152,28.3912044619143,0 76.89292394532956,28.39122912220368,0 76.89244171531202,28.39139538005766,0 76.89242572350332,28.39140089295254,0 76.89179246602524,28.39163534086986,0 76.89173716034648,28.39165581661135,0 76.891611579463,28.39161810915921,0 76.8915914428276,28.39161206284723,0 76.89127420817492,28.39172499471644,0 76.8911504059557,28.39179260884599,0 76.89110305935036,28.39180207540548,0 76.89106874909638,28.39180893567733,0 76.89105033992126,28.39181261672156,0 76.89093903057271,28.39181180038006,0 76.89041561279939,28.39192477075932,0</coordinates></LinearRing></outerBoundaryIs>
        </Polygon>
      </MultiGeometry>
    </Placemark>
    <Placemark id="ID_00021">
      <name>Dhana</name>
      <Snippet></Snippet>
      <description><![CDATA[<html xmlns:fo="http://www.w3.org/1999/XSL/Format" xmlns:msxsl="urn:schemas-microsoft-com:xslt">

<head>

<META http-equiv="Content-Type" content="text/html">

<meta http-equiv="content-type" content="text/html; charset=UTF-8">

</head>

<body style="margin:0px 0px 0px 0px;overflow:auto;background:#FFFFFF;">

<table style="font-family:Arial,Verdana,Times;font-size:12px;text-align:left;width:100%;border-collapse:collapse;padding:3px 3px 3px 3px">

<tr style="text-align:center;font-weight:bold;background:#9CBCE2">

<td>Gurgaon</td>

</tr>

<tr>

<td>

<table style="font-family:Arial,Verdana,Times;font-size:12px;text-align:left;width:100%;border-spacing:0px; padding:3px 3px 3px 3px">

<tr>

<td>FID</td>

<td>21</td>

</tr>

<tr bgcolor="#D4E4F3">

<td>OBJECTID_1</td>

<td>277</td>

</tr>

<tr>

<td>OBJECTID_2</td>

<td>1722</td>

</tr>

<tr bgcolor="#D4E4F3">

<td>N_D_CODE</td>

<td>05</td>

</tr>

<tr>

<td>N_D_NAME</td>

<td>Gurgaon</td>

</tr>

<tr bgcolor="#D4E4F3">

<td>N_T_CODE</td>

<td>138</td>

</tr>

<tr>

<td>N_T_NAME</td>

<td>Harsaru</td>

</tr>

<tr bgcolor="#D4E4F3">

<td>N_V_CODE</td>

<td>04115</td>

</tr>

<tr>

<td>N_V_NAME</td>

<td>Dhana</td>

</tr>

<tr bgcolor="#D4E4F3">

<td>Pin_Code</td>

<td>123034</td>

</tr>

<tr>

<td>HADBAST_NO</td>

<td>126</td>

</tr>

<tr bgcolor="#D4E4F3">

<td>Census_200</td>

<td>00590300</td>

</tr>

<tr>

<td>Census_201</td>

<td>062804</td>

</tr>

<tr bgcolor="#D4E4F3">

<td>Shape_Leng</td>

<td>9565.97295</td>

</tr>

<tr>

<td>B_Code</td>

<td>475</td>

</tr>

<tr bgcolor="#D4E4F3">

<td>B_Name</td>

<td>FARRUKH NAGAR</td>

</tr>

<tr>

<td>GP_Code</td>

<td>29189</td>

</tr>

<tr bgcolor="#D4E4F3">

<td>GP_Name</td>

<td>DHANA</td>

</tr>

<tr>

<td>LGD_Code</td>

<td>62804</td>

</tr>

<tr bgcolor="#D4E4F3">

<td>Shape_Le_1</td>

<td>9565.97295</td>

</tr>

<tr>

<td>Shape_Ar_1</td>

<td>2875030.37314</td>

</tr>

<tr bgcolor="#D4E4F3">

<td>SHAPE_Le_2</td>

<td>9565.97295</td>

</tr>

<tr>

<td>Unique__ID</td>

<td>05//138//04115</td>

</tr>

<tr bgcolor="#D4E4F3">

<td>District1</td>

<td>GGM</td>

</tr>

<tr>

<td>Unique_ID2</td>

<td>GGM62804</td>

</tr>

<tr bgcolor="#D4E4F3">

<td>GlobalID</td>

<td>{D48CD582-E247-41F3-970C-83078CF11EBE}</td>

</tr>

<tr>

<td>UQ</td>

<td>Gurgaon/126</td>

</tr>

<tr bgcolor="#D4E4F3">

<td>LGD_HARTRO</td>

<td>62804</td>

</tr>

<tr>

<td>LGD_HARSAC</td>

<td>62804</td>

</tr>

<tr bgcolor="#D4E4F3">

<td>HARTRON_LG</td>

<td></td>

</tr>

<tr>

<td>HARTRON__1</td>

<td></td>

</tr>

<tr bgcolor="#D4E4F3">

<td>HARTRON__2</td>

<td></td>

</tr>

<tr>

<td>HARTORN_LG</td>

<td></td>

</tr>

<tr bgcolor="#D4E4F3">

<td>New_block</td>

<td>Farukhnagar</td>

</tr>

<tr>

<td>Shape_Le_3</td>

<td>10885.479654</td>

</tr>

</table>

</td>

</tr>

</table>

</body>

</html>

]]></description>
      <styleUrl>#PolyStyle00</styleUrl>
      <MultiGeometry>
        <Polygon>
          <extrude>0</extrude><altitudeMode>clampToGround</altitudeMode>
          <outerBoundaryIs><LinearRing><coordinates> 76.8767587599952,28.38157091196531,0 76.87671620051198,28.38157870549933,0 76.87637328392364,28.38162701101328,0 76.8760786284256,28.38175257047174,0 76.87602979870172,28.38177337690236,0 76.87580768755276,28.38183121537541,0 76.87539862980668,28.38203171583125,0 76.87534299264955,28.38205898636143,0 76.87525258799599,28.38210468513127,0 76.8749159524281,28.38227485047872,0 76.87471865005237,28.38232782180468,0 76.8746561821058,28.3823445926803,0 76.87449014379693,28.38242355643939,0 76.8741200747308,28.38260040431832,0 76.87403868736602,28.38263929731323,0 76.87402701375891,28.38264487547058,0 76.87401371599778,28.38265123052308,0 76.87396923411984,28.38266050980004,0 76.87335874444265,28.38296813859188,0 76.87328214599668,28.38300673665941,0 76.87297559500769,28.38313266672848,0 76.87295823865807,28.38314202499607,0 76.87267879253612,28.38329269212091,0 76.87259512165393,28.38333780393721,0 76.87213824119536,28.38351086068464,0 76.87199881996831,28.38360657923514,0 76.87190809192126,28.38366886860075,0 76.87188351760834,28.383683940069,0 76.87181529415577,28.38372578136197,0 76.8713189929276,28.38403015410297,0 76.87129927041553,28.38404224996238,0 76.87122058518315,28.38410602724512,0 76.87103479112454,28.38422663557895,0 76.87096146074958,28.38427423808344,0 76.87063913893743,28.38443882504799,0 76.87053329763403,28.38449287170521,0 76.87042253086793,28.38454911936763,0 76.87006930790832,28.38476891971836,0 76.86995926608265,28.38483659676766,0 76.8699082777071,28.38486795566418,0 76.86984588432072,28.38490632938124,0 76.86960346405985,28.38505542206634,0 76.86927947317788,28.38529816173801,0 76.86926133888726,28.38531174797981,0 76.86921728281077,28.38533976134917,0 76.86920319183723,28.38534872110521,0 76.8691582095977,28.38537732403663,0 76.868814813309,28.38559567403387,0 76.86876037989434,28.38563028561735,0 76.86864712389658,28.38568384483724,0 76.86862889258788,28.38565037210617,0 76.86848882457386,28.38538042600637,0 76.86836296700928,28.38518843564165,0 76.86827519262285,28.38509948438757,0 76.86797330928007,28.38473997836778,0 76.86791981101163,28.38467626785289,0 76.8678011911733,28.38454735458987,0 76.86740425888692,28.38399601777049,0 76.86724387098116,28.38379674760927,0 76.86697350592841,28.38344433034137,0 76.86675241975719,28.38310789865192,0 76.86656800551081,28.38291242988566,0 76.86654214031886,28.38289263530001,0 76.86637523244076,28.38261899607422,0 76.86628119050862,28.3824568531546,0 76.86621458312523,28.38234200987079,0 76.8661692900686,28.38231779642371,0 76.8661559770361,28.38230125395032,0 76.86587324667346,28.38208290823387,0 76.86542030712405,28.38166303148497,0 76.86526019230612,28.38153846063509,0 76.86519209102443,28.38149035977879,0 76.86501724203923,28.38136686200871,0 76.86483698609432,28.38123328802945,0 76.86465923375411,28.38105445490013,0 76.8646396199382,28.3810347231951,0 76.86507349633897,28.38071173396241,0 76.86572083401079,28.38019082225556,0 76.86574766758665,28.38016030685967,0 76.86642231134817,28.37963940350925,0 76.86709717519695,28.379132965092,0 76.86794081272464,28.37850408618833,0 76.86844689480964,28.37812071487518,0 76.86864712659153,28.37799477016056,0 76.86915324101587,28.37767637951634,0 76.8692147217139,28.37763865523702,0 76.86959629819883,28.37739773643372,0 76.86979943962392,28.37728969829898,0 76.87005445157013,28.37716744442512,0 76.87030770820829,28.37704603057668,0 76.87047713047087,28.37696480787816,0 76.87071815205488,28.37683186144464,0 76.8711538852733,28.37658076076216,0 76.87169099157497,28.37627285419824,0 76.87151800749227,28.37596966926644,0 76.87147179186586,28.37588867021205,0 76.87193901013669,28.37548731531371,0 76.87198778416507,28.37544541544345,0 76.87218538208654,28.37528014269332,0 76.87261655455828,28.37503961925971,0 76.87314118954883,28.37473316807274,0 76.87316954846403,28.37471660307576,0 76.87350100344767,28.37504165925064,0 76.87380829375019,28.37481358154043,0 76.87385670755408,28.37478146880062,0 76.8740277710387,28.37467633110554,0 76.87433670435988,28.37448645542059,0 76.87453293863871,28.37436593797043,0 76.87470753250243,28.37425471383248,0 76.8750465432159,28.37403874644812,0 76.87509816849696,28.37400585809575,0 76.87510931299639,28.37399875797259,0 76.87517094730634,28.37395949427497,0 76.87520892717822,28.37393529788365,0 76.87538719604973,28.3737670018823,0 76.8756462189737,28.37352246848472,0 76.87606664669634,28.37312934299451,0 76.87623495774292,28.37297196197399,0 76.87627890781822,28.37294875652331,0 76.87655659324221,28.37280214370612,0 76.87674637043079,28.37269407638815,0 76.87687802033231,28.37261910879105,0 76.87695916515193,28.37257290165502,0 76.87723327977267,28.37241680738261,0 76.87763914580458,28.37217654145344,0 76.87769703773306,28.3721422693073,0 76.87790972196143,28.37201636333808,0 76.87853443466452,28.37158326975469,0 76.87858521193594,28.37155604632714,0 76.87875905750298,28.37143799243204,0 76.87878555510892,28.37141999864104,0 76.87894801273309,28.37130967881152,0 76.87926254345678,28.37121251850961,0 76.87931218885099,28.37119784680069,0 76.87946550162557,28.37115773711095,0 76.87957542756855,28.37112004845336,0 76.87987749686265,28.37103077318487,0 76.8799421225625,28.37101136289605,0 76.88014544544727,28.37089557294445,0 76.88061878394014,28.37062601058308,0 76.88082517996152,28.3704898249614,0 76.88101537576503,28.37036433042221,0 76.88108443195587,28.37031607036604,0 76.88150484350885,28.37003711865399,0 76.88201463114439,28.36972907058059,0 76.88218451244609,28.36959353591106,0 76.88222407604782,28.36956509550333,0 76.88286411131469,28.3691050018249,0 76.88289045081716,28.36908997729184,0 76.88335066582205,28.36873511297874,0 76.88354367514906,28.36859712273634,0 76.88362735321775,28.36853729779451,0 76.88399542173575,28.36828339513643,0 76.88422332252671,28.36815038170197,0 76.88431957341615,28.36809420517731,0 76.88467819435228,28.3684306473382,0 76.88490418532494,28.36853638563105,0 76.88493339943628,28.36855153355058,0 76.88512478281262,28.36865076960143,0 76.88519978495233,28.36861549799609,0 76.88528980512696,28.36857316383369,0 76.88536419371731,28.36849055296471,0 76.88554404721698,28.36829081972174,0 76.88558395307683,28.36817589549349,0 76.8856772664753,28.3680101869519,0 76.88568501085135,28.36797001440273,0 76.88574921613967,28.36763694043971,0 76.88578189415475,28.36746742032486,0 76.88579520988222,28.36742492524415,0 76.88581828850018,28.36735127396718,0 76.88608365263173,28.36692509041075,0 76.88611286764139,28.36687746905364,0 76.88638392260029,28.36643565715151,0 76.88639765334939,28.36638278697155,0 76.88645081834288,28.3663297808074,0 76.88663474480403,28.36614640589765,0 76.88669154977102,28.36608977063889,0 76.8869410766041,28.36584099060522,0 76.88702577246404,28.36577938795306,0 76.88724150647278,28.3656224766284,0 76.8874440963323,28.36547512488415,0 76.88759456504071,28.36536568181722,0 76.88762062247216,28.36534787196404,0 76.88763744791743,28.36533637156064,0 76.88771227398732,28.36528522877964,0 76.88786348650081,28.36518187760192,0 76.88799851047453,28.36519716749284,0 76.88804236263344,28.36516842711237,0 76.88821287455247,28.36505667320818,0 76.88830037764764,28.3649993235801,0 76.88853812307578,28.36479524253672,0 76.88858080023833,28.36475860767963,0 76.88876687277468,28.36456904070766,0 76.88897968097054,28.36435223468326,0 76.88906010354468,28.36432029584179,0 76.88931961245721,28.36421723145486,0 76.88940234370165,28.36416453486328,0 76.8899310372806,28.36367557264108,0 76.89004318835057,28.36360764020541,0 76.89021084183037,28.36313318698626,0 76.89072897750985,28.36277232040614,0 76.89084169541674,28.36268086508505,0 76.8909327809933,28.36259176610768,0 76.89113824276677,28.36233337825507,0 76.89147616202719,28.36204995275819,0 76.89162180947744,28.36192003337575,0 76.89212243429709,28.36147346738733,0 76.89230145416018,28.36158598788566,0 76.89250176589212,28.36171189200263,0 76.89258359792292,28.36157360251835,0 76.89262156252347,28.36150944569189,0 76.89262412721359,28.36150624737496,0 76.89279468853996,28.36129347845121,0 76.89305608840618,28.36096738966943,0 76.8935156997432,28.36053974730662,0 76.89363832247443,28.36042565340128,0 76.89373536028805,28.36033536362268,0 76.89410654326512,28.36042666523701,0 76.89438305638768,28.36049467954885,0 76.89441586376019,28.3605027489334,0 76.89509632141822,28.36063996394909,0 76.89532523640715,28.36069878546242,0 76.89577699467193,28.36091294289357,0 76.89590480607224,28.36097353258759,0 76.89604742530172,28.36102697540726,0 76.89587016433995,28.36150020962259,0 76.89587933613899,28.36151647392587,0 76.8959040811318,28.36156035156503,0 76.89604051186728,28.36180226835423,0 76.896039713265,28.36186939802132,0 76.89603902425716,28.36187026202244,0 76.89588832019017,28.36205948995425,0 76.89581357856189,28.3621533386053,0 76.89560260113258,28.3624182452097,0 76.89527353836252,28.36288567427262,0 76.89523073094429,28.36296634334878,0 76.89519282114098,28.36301657108402,0 76.89553868600009,28.36343865987151,0 76.89557695692615,28.36350620192133,0 76.89589095315226,28.36399315317745,0 76.89592692978107,28.36404601664327,0 76.89634516561441,28.36458504684881,0 76.89684804879869,28.36512310283907,0 76.8972144626199,28.36551527308314,0 76.8971009991113,28.36566402862448,0 76.89661012819903,28.3662134972465,0 76.89615091661231,28.36668987487776,0 76.89617512081935,28.36676232275925,0 76.89639789582327,28.36715432016114,0 76.89639037782266,28.36715155675995,0 76.89632360065769,28.36723945280254,0 76.89603380953695,28.36752402006879,0 76.89545687373224,28.36804491651666,0 76.89487993253763,28.36856580961696,0 76.89430298505485,28.36908670174099,0 76.89415874795955,28.36921692377958,0 76.89400990789676,28.36935212062611,0 76.89398557882392,28.36931672041375,0 76.89390658187615,28.36937492927717,0 76.89321865921811,28.36995315018303,0 76.89253063774538,28.370552588379,0 76.8924007027277,28.37062511424603,0 76.89239068022408,28.37063070884361,0 76.89234168431187,28.37065805581421,0 76.89221450263057,28.37080184031224,0 76.89188125101637,28.37111873082819,0 76.89193970169694,28.37117370589906,0 76.89184743124254,28.37128170758042,0 76.89153751875774,28.37158677761008,0 76.89138904880082,28.37182370933724,0 76.8910327095855,28.37236593042967,0 76.89056614259322,28.37308338189587,0 76.89035403687991,28.37345044571176,0 76.89004816861052,28.37392848941192,0 76.89001659552324,28.37396282105109,0 76.88996530531375,28.37399259446773,0 76.88984911362164,28.37406004127542,0 76.88980785489895,28.37409021697577,0 76.8897734898478,28.37411132051719,0 76.88926966612743,28.37441624330084,0 76.88913123035223,28.37450008098632,0 76.88908621218009,28.37452734554914,0 76.88907675920836,28.37453364892221,0 76.88899509606082,28.37458811004998,0 76.88865654618309,28.37481388267882,0 76.8883986407633,28.37501005558977,0 76.88831547742924,28.37506627350463,0 76.88778593404399,28.37542424103278,0 76.88771152209745,28.37538666612567,0 76.88763554887893,28.37534093600722,0 76.88707844877401,28.37500560096271,0 76.88702780265659,28.37497511490015,0 76.88695460163903,28.37493347644618,0 76.88634399158758,28.37458614513751,0 76.88628638442505,28.37457841590175,0 76.88627374512902,28.37458500618379,0 76.88565711097527,28.3749065028508,0 76.88559393335966,28.37494096616835,0 76.88548533153337,28.3750002073544,0 76.88538818322696,28.3750685205766,0 76.88532988705663,28.37510951323114,0 76.88531175905419,28.37513133424131,0 76.88496884875404,28.3755441107464,0 76.88482136604564,28.37573279896421,0 76.88473307782287,28.37584575248855,0 76.88472987263397,28.37585287224764,0 76.8846237348865,28.37608859464998,0 76.88440834313589,28.37656742869338,0 76.88444999172739,28.37663365905608,0 76.88449195023767,28.37671107318938,0 76.88417342111268,28.37717837526874,0 76.88415953046342,28.3771973734359,0 76.8841300306878,28.37723771953425,0 76.88381048377157,28.37767475214829,0 76.88383930082759,28.37770142865171,0 76.88386257258333,28.37772297329029,0 76.8842721235045,28.37812743613769,0 76.88441546138618,28.37827050945911,0 76.88492056520582,28.37877240821513,0 76.88495464369444,28.37881799537976,0 76.8851551665305,28.37902531679063,0 76.8850914804684,28.37907532826929,0 76.88495305547303,28.3791840332271,0 76.88474523741854,28.37936293906175,0 76.88468781890225,28.3794109499921,0 76.88426501064407,28.37976448715763,0 76.8840353096293,28.37995249844011,0 76.88372073758312,28.38020997637222,0 76.88357709517257,28.38031386694475,0 76.88356076919059,28.3803223236735,0 76.88319920088198,28.38050962265471,0 76.88310268858278,28.38057710009367,0 76.88288999087973,28.38067529665541,0 76.88288091430209,28.38067947126191,0 76.88220307882635,28.38099125431348,0 76.88220099024333,28.38099112706817,0 76.88170040494957,28.38096063245154,0 76.881619374216,28.38098926106724,0 76.88152065834942,28.38102413733855,0 76.8815173956683,28.38102528965898,0 76.88126008493326,28.38107897528865,0 76.88084049354217,28.38117392624107,0 76.88083120047052,28.38117602934139,0 76.88074813505285,28.38121540101548,0 76.88023227390769,28.38135611337513,0 76.88016038173548,28.38136189392716,0 76.88014484357602,28.38136314266547,0 76.87979346934927,28.38137164831167,0 76.87966491594055,28.38137475909235,0 76.87959635561974,28.38137641880759,0 76.87948001929887,28.38137601968561,0 76.8794592502495,28.38137594855495,0 76.878799653269,28.38138826522209,0 76.87877365512634,28.38138875049116,0 76.87873912568348,28.38138627435434,0 76.87859554076508,28.38138964278559,0 76.87842545105421,28.38139363400503,0 76.87811928903572,28.38140081661893,0 76.87808806000319,28.38140154926448,0 76.87774008230652,28.38139453578349,0 76.87743899756602,28.38146621173549,0 76.87740219808039,28.38147497186284,0 76.87736248715497,28.38146034425171,0 76.8767587599952,28.38157091196531,0</coordinates></LinearRing></outerBoundaryIs>
        </Polygon>
      </MultiGeometry>
    </Placemark>
    <Placemark id="ID_00022">
      <name>Meoka</name>
      <Snippet></Snippet>
      <description><![CDATA[<html xmlns:fo="http://www.w3.org/1999/XSL/Format" xmlns:msxsl="urn:schemas-microsoft-com:xslt">

<head>

<META http-equiv="Content-Type" content="text/html">

<meta http-equiv="content-type" content="text/html; charset=UTF-8">

</head>

<body style="margin:0px 0px 0px 0px;overflow:auto;background:#FFFFFF;">

<table style="font-family:Arial,Verdana,Times;font-size:12px;text-align:left;width:100%;border-collapse:collapse;padding:3px 3px 3px 3px">

<tr style="text-align:center;font-weight:bold;background:#9CBCE2">

<td>Gurgaon</td>

</tr>

<tr>

<td>

<table style="font-family:Arial,Verdana,Times;font-size:12px;text-align:left;width:100%;border-spacing:0px; padding:3px 3px 3px 3px">

<tr>

<td>FID</td>

<td>22</td>

</tr>

<tr bgcolor="#D4E4F3">

<td>OBJECTID_1</td>

<td>279</td>

</tr>

<tr>

<td>OBJECTID_2</td>

<td>1724</td>

</tr>

<tr bgcolor="#D4E4F3">

<td>N_D_CODE</td>

<td>05</td>

</tr>

<tr>

<td>N_D_NAME</td>

<td>Gurgaon</td>

</tr>

<tr bgcolor="#D4E4F3">

<td>N_T_CODE</td>

<td>138</td>

</tr>

<tr>

<td>N_T_NAME</td>

<td>Harsaru</td>

</tr>

<tr bgcolor="#D4E4F3">

<td>N_V_CODE</td>

<td>04117</td>

</tr>

<tr>

<td>N_V_NAME</td>

<td>Meoka</td>

</tr>

<tr bgcolor="#D4E4F3">

<td>Pin_Code</td>

<td>122505</td>

</tr>

<tr>

<td>HADBAST_NO</td>

<td>121</td>

</tr>

<tr bgcolor="#D4E4F3">

<td>Census_200</td>

<td>00598200</td>

</tr>

<tr>

<td>Census_201</td>

<td>062826</td>

</tr>

<tr bgcolor="#D4E4F3">

<td>Shape_Leng</td>

<td>7034.217554</td>

</tr>

<tr>

<td>B_Code</td>

<td>477</td>

</tr>

<tr bgcolor="#D4E4F3">

<td>B_Name</td>

<td>GURGAON</td>

</tr>

<tr>

<td>GP_Code</td>

<td>29315</td>

</tr>

<tr bgcolor="#D4E4F3">

<td>GP_Name</td>

<td>WAZIRPUR</td>

</tr>

<tr>

<td>LGD_Code</td>

<td>62826</td>

</tr>

<tr bgcolor="#D4E4F3">

<td>Shape_Le_1</td>

<td>7034.217554</td>

</tr>

<tr>

<td>Shape_Ar_1</td>

<td>2216883.01081</td>

</tr>

<tr bgcolor="#D4E4F3">

<td>SHAPE_Le_2</td>

<td>7034.217554</td>

</tr>

<tr>

<td>Unique__ID</td>

<td>05//138//04117</td>

</tr>

<tr bgcolor="#D4E4F3">

<td>District1</td>

<td>GGM</td>

</tr>

<tr>

<td>Unique_ID2</td>

<td>GGM62826</td>

</tr>

<tr bgcolor="#D4E4F3">

<td>GlobalID</td>

<td>{0AD35388-A692-40AF-B8E2-F8D7A53CD409}</td>

</tr>

<tr>

<td>UQ</td>

<td>Gurgaon/121</td>

</tr>

<tr bgcolor="#D4E4F3">

<td>LGD_HARTRO</td>

<td>62826</td>

</tr>

<tr>

<td>LGD_HARSAC</td>

<td>62826</td>

</tr>

<tr bgcolor="#D4E4F3">

<td>HARTRON_LG</td>

<td></td>

</tr>

<tr>

<td>HARTRON__1</td>

<td></td>

</tr>

<tr bgcolor="#D4E4F3">

<td>HARTRON__2</td>

<td></td>

</tr>

<tr>

<td>HARTORN_LG</td>

<td></td>

</tr>

<tr bgcolor="#D4E4F3">

<td>New_block</td>

<td>Gurgaon</td>

</tr>

<tr>

<td>Shape_Le_3</td>

<td>7309.152857</td>

</tr>

</table>

</td>

</tr>

</table>

</body>

</html>

]]></description>
      <styleUrl>#PolyStyle00</styleUrl>
      <MultiGeometry>
        <Polygon>
          <extrude>0</extrude><altitudeMode>clampToGround</altitudeMode>
          <outerBoundaryIs><LinearRing><coordinates> 76.91633414134672,28.41220936447178,0 76.91600679795214,28.41229464898567,0 76.91582421267569,28.41230841033162,0 76.91581501662213,28.41231123497468,0 76.91564920379035,28.4123572438562,0 76.91547422454943,28.4124057960794,0 76.91539194066604,28.41242642740954,0 76.915293263427,28.41245567803351,0 76.91519258114829,28.41231904363086,0 76.91493771383082,28.41197316772762,0 76.91478399052615,28.41199001055351,0 76.914584900503,28.41202463722071,0 76.91409613793667,28.41174056942697,0 76.91406724182893,28.41172437524531,0 76.91393657827759,28.41160325934339,0 76.91361814796727,28.41130809796168,0 76.91347216993697,28.41117278552696,0 76.91340245617933,28.41108281312333,0 76.9133667364687,28.41104226104302,0 76.91333519033087,28.41100644650481,0 76.91324593911412,28.41105026258187,0 76.91315573119161,28.41109454718138,0 76.9130721770904,28.41100705331672,0 76.91288137851731,28.4108072611001,0 76.91274245405862,28.4106617854738,0 76.91271223742743,28.41066701529277,0 76.91244558062016,28.41070595250758,0 76.91203087157261,28.41087124430161,0 76.91134971951685,28.41109059263567,0 76.91116022350094,28.41115617407585,0 76.91088874633387,28.41125012782108,0 76.91086702686691,28.41125764500203,0 76.91066942625052,28.41137042714586,0 76.91050648173945,28.4114608899674,0 76.91048841033087,28.41141652255881,0 76.91031170812121,28.41098270340617,0 76.91017236684424,28.41066508739457,0 76.91012281128158,28.41055212988248,0 76.91007208880737,28.41043651190273,0 76.91002355642586,28.41017765829941,0 76.91001318807083,28.41012235658663,0 76.90996970511952,28.40989042662044,0 76.90992096612543,28.40969570255835,0 76.9098881605496,28.40956463896553,0 76.90983301477091,28.40934431402867,0 76.90982568900979,28.40931504516254,0 76.90982007723423,28.40929262673689,0 76.90975589799706,28.40903621580401,0 76.90969632532068,28.40879820178189,0 76.90968129021775,28.40867759770337,0 76.90965825292228,28.40849279950137,0 76.90962825278505,28.40825214281955,0 76.90953158238241,28.40794970752999,0 76.90946963635703,28.4077559067391,0 76.9095087193601,28.40770604390552,0 76.90954391804789,28.40767285151919,0 76.90946340474389,28.40740596248365,0 76.90938918773178,28.40715994296641,0 76.90931176822565,28.40693520320068,0 76.9092893444795,28.40687010904047,0 76.90928798263353,28.40686341172444,0 76.90918302886561,28.40642056933114,0 76.90916704334518,28.40624913029655,0 76.90915156716943,28.40608315728658,0 76.90915013076331,28.40606774370476,0 76.90912868977409,28.40601739096948,0 76.90912428982584,28.40600705650714,0 76.90909608991242,28.4057765398162,0 76.90906491028724,28.40552167066758,0 76.90902420852005,28.40529703251796,0 76.90901260048992,28.40523296614304,0 76.90899619096464,28.40514239765203,0 76.9089659671469,28.40497558612385,0 76.90891055906017,28.4046895974948,0 76.90886377390186,28.40444811592901,0 76.90886016536936,28.40442949639485,0 76.90884142830916,28.40436297364941,0 76.90878046414241,28.40414654133792,0 76.9087063360635,28.40388336829327,0 76.90865118040335,28.40366298096921,0 76.90859326242372,28.40343155758694,0 76.90856966098627,28.40333725397035,0 76.90850160012879,28.40279119293537,0 76.90847763038202,28.40263758401934,0 76.90846502522196,28.40255681078531,0 76.90845875228632,28.40251660944313,0 76.90841638683922,28.40224511960388,0 76.9083910049409,28.40197285784642,0 76.90836595362254,28.40170415282057,0 76.90836548021039,28.40169907190486,0 76.90834400508523,28.40161007366077,0 76.90830040265794,28.4014293618518,0 76.90826299321624,28.40127431834293,0 76.90822881052307,28.40115295659598,0 76.90815511273716,28.40088647389026,0 76.90811431754517,28.4007389664791,0 76.90821221055494,28.40060693566672,0 76.90819505812289,28.40060692302355,0 76.90812254701147,28.40041399619382,0 76.9080766404055,28.40029185432472,0 76.90798978050405,28.40006075230319,0 76.90790193515076,28.39987385530621,0 76.90796288224951,28.39984734953375,0 76.90799121421526,28.39989248907437,0 76.90821312144662,28.39979681999753,0 76.90845038358117,28.39969452971489,0 76.90867139698882,28.39959924528906,0 76.90869824763266,28.39958766878891,0 76.9088350233212,28.39952663018923,0 76.90903185767466,28.39943878856246,0 76.90907989238956,28.39941735185347,0 76.90900534120411,28.39932699569815,0 76.90897910770288,28.39929520251393,0 76.90899671647908,28.39929063827813,0 76.90909013228548,28.39926642870208,0 76.90924863911903,28.39922534819092,0 76.90938934493691,28.3991888824776,0 76.90939972047848,28.3991852664866,0 76.90960427315687,28.39911398023358,0 76.91002191879707,28.39912187994631,0 76.91004038905764,28.39912222921839,0 76.91005635840844,28.39912244968649,0 76.91007458432725,28.39912270018253,0 76.91012117455114,28.39913472162069,0 76.91049641791329,28.39923154499825,0 76.91058225912523,28.39925369372162,0 76.91062572321192,28.39926490834335,0 76.91075556839806,28.39929841075439,0 76.91096328404457,28.39955742606521,0 76.91118441333491,28.3994974107643,0 76.91143735107114,28.39942876242896,0 76.91158378993718,28.39936623340837,0 76.91186661102967,28.39935637953305,0 76.91212285546445,28.39934745177899,0 76.91242187497812,28.39923509698083,0 76.91248482621828,28.39921144290804,0 76.91254903420155,28.39923134744638,0 76.91274555504297,28.39929227005568,0 76.91282816321819,28.39934688836167,0 76.91324479106719,28.39962178903785,0 76.91341153635022,28.39973889808182,0 76.91371190872671,28.39995283682667,0 76.91404387215681,28.40019115440304,0 76.91431058016805,28.40044685343961,0 76.91456943241211,28.40069763762694,0 76.9145775307244,28.40069362579894,0 76.91460709068713,28.40072697287979,0 76.91462328102348,28.40074523747634,0 76.91462386223347,28.4007458933392,0 76.91474187031912,28.40065813253297,0 76.91483739806472,28.40058709065159,0 76.91495827986094,28.40052054968975,0 76.91513902628598,28.40041545252993,0 76.9153453540354,28.40031323396245,0 76.91538880913896,28.40029314235003,0 76.91546316359334,28.40030585191919,0 76.91552622442795,28.40031663023951,0 76.9157062288446,28.40022836572037,0 76.91578256049091,28.40019093709795,0 76.91581252200059,28.40017624648253,0 76.91598238443765,28.40009295458186,0 76.91621623836402,28.39997828370214,0 76.91634602066803,28.39990514653822,0 76.91659737018284,28.39976350028109,0 76.91667729509032,28.39971845788061,0 76.9166921056144,28.39971011174715,0 76.91668988857226,28.39970703706365,0 76.91668291495073,28.39969736101593,0 76.91668288261137,28.39969728515636,0 76.91732812271704,28.39953497080571,0 76.91747593151388,28.39949705596202,0 76.91751827989297,28.39957631354482,0 76.91758025825773,28.39969230529052,0 76.91765629615493,28.39983461067212,0 76.91787941611196,28.40022622032717,0 76.91792929237316,28.4002156031985,0 76.91796730099112,28.40020040527792,0 76.91798162373003,28.40019467948667,0 76.91803627363866,28.4001808486098,0 76.91808740484632,28.40016790907732,0 76.91836643055669,28.400097294366,0 76.91867572320396,28.39999325407643,0 76.91871762781534,28.3999813362521,0 76.91914876974437,28.39985870711937,0 76.9193407325341,28.39978773661052,0 76.919370532347,28.39977671880478,0 76.91939880053236,28.39976946631753,0 76.91979633289336,28.39966748497833,0 76.91985894906192,28.39965142170538,0 76.91987964534773,28.39964611153198,0 76.92006747498881,28.39951485771021,0 76.92007925998703,28.39950810461485,0 76.92036929814449,28.39934190847939,0 76.92048849649788,28.39939416483325,0 76.92075231193387,28.39950982015083,0 76.92076353907829,28.39951316113926,0 76.92084166555856,28.39953640265757,0 76.92110421257338,28.39965281957688,0 76.92121312611506,28.39970111211433,0 76.92128904992624,28.39973477716941,0 76.92142341273993,28.399796355358,0 76.92145195760641,28.39980673862853,0 76.9214540623591,28.39980750433544,0 76.92187410380619,28.39996030265593,0 76.92209565620303,28.4000587151642,0 76.92214001591005,28.40007489374479,0 76.92217440611407,28.40008743581749,0 76.92219050661892,28.40009330780173,0 76.9222715436407,28.40003766419893,0 76.92233031861309,28.39999730623123,0 76.92264330333619,28.39978239720643,0 76.92306628766414,28.399542003632,0 76.92392712972618,28.39900881055993,0 76.92417520757672,28.39886208284316,0 76.92434385010164,28.39875864269144,0 76.92481126600185,28.39847194189442,0 76.92482527163546,28.39846335148691,0 76.92485347873534,28.39844976376977,0 76.92491111644061,28.39842199883102,0 76.92516606819974,28.39834240533406,0 76.92530194108139,28.39848178636941,0 76.92533842525835,28.39851625308765,0 76.92553027575862,28.39869748982382,0 76.92554141307154,28.39870939672958,0 76.92558022478336,28.3987508899309,0 76.9258572373692,28.3990470369206,0 76.92586269822783,28.39905485524682,0 76.92622602364112,28.39957515431423,0 76.92623815449072,28.39959513069286,0 76.92623836828977,28.39959548154378,0 76.92624482358337,28.3996061129583,0 76.92639001019792,28.39984520097207,0 76.92650715051097,28.39997905730981,0 76.92660504262244,28.39999581433027,0 76.92663283559901,28.40003322247637,0 76.92670796529949,28.40013434293492,0 76.92707495853409,28.40067471165178,0 76.92714489417558,28.40077979907209,0 76.92724805131292,28.40091612042764,0 76.9272889812522,28.40098699377703,0 76.92733450158258,28.40105483589532,0 76.92740775021088,28.40121546401725,0 76.92772344245621,28.4017564087997,0 76.92777834748638,28.40185048703936,0 76.92803913829484,28.40229735082049,0 76.92809131873473,28.40235726339203,0 76.92827401270732,28.4026522047575,0 76.92838904377609,28.4028379076322,0 76.92857793522583,28.40315438871075,0 76.92858591765543,28.40317197333571,0 76.92858762086122,28.40317584599851,0 76.92872859258043,28.40349640653493,0 76.92889050941884,28.40417467141587,0 76.92888795011859,28.40428005009829,0 76.92895104149595,28.40437771978639,0 76.92897699562113,28.40446477979298,0 76.92902643709775,28.40451241903881,0 76.92904638329028,28.40453163829588,0 76.92915651045591,28.40480921129475,0 76.9290895302717,28.40491471577243,0 76.92907021379816,28.40493097183791,0 76.9290824767001,28.40504821408288,0 76.92873053473809,28.40524701760596,0 76.92825033401476,28.40555062372754,0 76.92790339836382,28.4057594889807,0 76.92768786917095,28.4059076278498,0 76.92753969206485,28.40600947359723,0 76.92737831421562,28.40612039181964,0 76.92735137194364,28.40613890833635,0 76.92665933230663,28.40673988899401,0 76.92634814870569,28.40699527196965,0 76.9258986604836,28.40736415661296,0 76.92583475792755,28.40739461597895,0 76.92589133112921,28.40753535205852,0 76.92589080471645,28.40753569261125,0 76.92567049468965,28.40767828218239,0 76.92554523360643,28.40777044222554,0 76.92542878319952,28.40784614429618,0 76.92499309399851,28.40815478011756,0 76.92467450109311,28.40837648790194,0 76.92459144915013,28.40843428341429,0 76.92458480790526,28.40843890414622,0 76.92453162045391,28.4084759174026,0 76.92448498441593,28.40850837075801,0 76.92431568612085,28.40863127432906,0 76.92428858305043,28.4086432354281,0 76.92415241102978,28.40873930106703,0 76.92389457747522,28.40892354495421,0 76.92367672883232,28.40908361753413,0 76.92363835998989,28.40911381487144,0 76.92361980079612,28.40912544801053,0 76.92332401791239,28.40934278591325,0 76.92320426709516,28.40941288403753,0 76.9226714619271,28.40972135252741,0 76.92244989785216,28.40986136728917,0 76.92231568146386,28.40992425199437,0 76.92228169101016,28.40993975825011,0 76.92224636206664,28.40995505195932,0 76.92182748393788,28.41013638290711,0 76.92160121987736,28.41020452336499,0 76.92148782374241,28.41023852088597,0 76.92091987648044,28.41040879593231,0 76.92054770086497,28.41054239635611,0 76.92052843469706,28.41054931309375,0 76.92051217069886,28.41055634913952,0 76.92045547891959,28.41058087534548,0 76.92009142676926,28.41073837120453,0 76.91962081106999,28.41094196718952,0 76.9195593519315,28.41096855551928,0 76.91908891140375,28.41119369363868,0 76.91908054090192,28.41119770032835,0 76.91887973329995,28.41129379841572,0 76.91870217679246,28.41139500215057,0 76.91844434952613,28.411500362589,0 76.91839282126313,28.41152141996796,0 76.91812319282892,28.41163160235258,0 76.91791201956687,28.41172620119946,0 76.91770532081323,28.41183110778325,0 76.91707451843085,28.41214312710129,0 76.9170173110186,28.41217259034339,0 76.91695514670262,28.41219750174915,0 76.91664432602109,28.41232206106043,0 76.91653389881816,28.4121696124151,0 76.91633414134672,28.41220936447178,0</coordinates></LinearRing></outerBoundaryIs>
        </Polygon>
      </MultiGeometry>
    </Placemark>
    <Placemark id="ID_00023">
      <name>Wazirpur</name>
      <Snippet></Snippet>
      <description><![CDATA[<html xmlns:fo="http://www.w3.org/1999/XSL/Format" xmlns:msxsl="urn:schemas-microsoft-com:xslt">

<head>

<META http-equiv="Content-Type" content="text/html">

<meta http-equiv="content-type" content="text/html; charset=UTF-8">

</head>

<body style="margin:0px 0px 0px 0px;overflow:auto;background:#FFFFFF;">

<table style="font-family:Arial,Verdana,Times;font-size:12px;text-align:left;width:100%;border-collapse:collapse;padding:3px 3px 3px 3px">

<tr style="text-align:center;font-weight:bold;background:#9CBCE2">

<td>Gurgaon</td>

</tr>

<tr>

<td>

<table style="font-family:Arial,Verdana,Times;font-size:12px;text-align:left;width:100%;border-spacing:0px; padding:3px 3px 3px 3px">

<tr>

<td>FID</td>

<td>23</td>

</tr>

<tr bgcolor="#D4E4F3">

<td>OBJECTID_1</td>

<td>280</td>

</tr>

<tr>

<td>OBJECTID_2</td>

<td>1725</td>

</tr>

<tr bgcolor="#D4E4F3">

<td>N_D_CODE</td>

<td>05</td>

</tr>

<tr>

<td>N_D_NAME</td>

<td>Gurgaon</td>

</tr>

<tr bgcolor="#D4E4F3">

<td>N_T_CODE</td>

<td>138</td>

</tr>

<tr>

<td>N_T_NAME</td>

<td>Harsaru</td>

</tr>

<tr bgcolor="#D4E4F3">

<td>N_V_CODE</td>

<td>06410</td>

</tr>

<tr>

<td>N_V_NAME</td>

<td>Wazirpur</td>

</tr>

<tr bgcolor="#D4E4F3">

<td>Pin_Code</td>

<td>122505</td>

</tr>

<tr>

<td>HADBAST_NO</td>

<td>115</td>

</tr>

<tr bgcolor="#D4E4F3">

<td>Census_200</td>

<td>00598000</td>

</tr>

<tr>

<td>Census_201</td>

<td>062824</td>

</tr>

<tr bgcolor="#D4E4F3">

<td>Shape_Leng</td>

<td>13246.062037</td>

</tr>

<tr>

<td>B_Code</td>

<td>477</td>

</tr>

<tr bgcolor="#D4E4F3">

<td>B_Name</td>

<td>GURGAON</td>

</tr>

<tr>

<td>GP_Code</td>

<td>29315</td>

</tr>

<tr bgcolor="#D4E4F3">

<td>GP_Name</td>

<td>WAZIRPUR</td>

</tr>

<tr>

<td>LGD_Code</td>

<td>62824</td>

</tr>

<tr bgcolor="#D4E4F3">

<td>Shape_Le_1</td>

<td>13246.062037</td>

</tr>

<tr>

<td>Shape_Ar_1</td>

<td>7293721.7376</td>

</tr>

<tr bgcolor="#D4E4F3">

<td>SHAPE_Le_2</td>

<td>13246.062037</td>

</tr>

<tr>

<td>Unique__ID</td>

<td>05//138//06410</td>

</tr>

<tr bgcolor="#D4E4F3">

<td>District1</td>

<td>GGM</td>

</tr>

<tr>

<td>Unique_ID2</td>

<td>GGM62824</td>

</tr>

<tr bgcolor="#D4E4F3">

<td>GlobalID</td>

<td>{2BDDDF73-DA95-4899-A944-43864B25EB53}</td>

</tr>

<tr>

<td>UQ</td>

<td>Gurgaon/115</td>

</tr>

<tr bgcolor="#D4E4F3">

<td>LGD_HARTRO</td>

<td>62824</td>

</tr>

<tr>

<td>LGD_HARSAC</td>

<td>62824</td>

</tr>

<tr bgcolor="#D4E4F3">

<td>HARTRON_LG</td>

<td></td>

</tr>

<tr>

<td>HARTRON__1</td>

<td></td>

</tr>

<tr bgcolor="#D4E4F3">

<td>HARTRON__2</td>

<td></td>

</tr>

<tr>

<td>HARTORN_LG</td>

<td></td>

</tr>

<tr bgcolor="#D4E4F3">

<td>New_block</td>

<td>Gurgaon</td>

</tr>

<tr>

<td>Shape_Le_3</td>

<td>15090.003076</td>

</tr>

</table>

</td>

</tr>

</table>

</body>

</html>

]]></description>
      <styleUrl>#PolyStyle00</styleUrl>
      <MultiGeometry>
        <Polygon>
          <extrude>0</extrude><altitudeMode>clampToGround</altitudeMode>
          <outerBoundaryIs><LinearRing><coordinates> 76.91178916187911,28.44388239576798,0 76.91173401789707,28.44388096293601,0 76.9113670776631,28.4438845916185,0 76.91110899078363,28.44380528821163,0 76.91105288829921,28.44377668999836,0 76.91088198651134,28.44368957385008,0 76.91051109907998,28.44357246443982,0 76.91047904808897,28.44356359254543,0 76.91037395867548,28.44353450612291,0 76.9100331225853,28.44344016713466,0 76.90987279037506,28.44339578943258,0 76.90982322313432,28.44338386464488,0 76.90975450471005,28.44336954494541,0 76.9094877419016,28.4433400216668,0 76.9091369605629,28.44330119755948,0 76.9090122752998,28.44329035173543,0 76.90875667765199,28.44326811901701,0 76.90845092796022,28.44323366054535,0 76.90833078996906,28.44320862453335,0 76.90779152681243,28.44309624123359,0 76.90776374641226,28.44309045141186,0 76.90773928708373,28.44309399165489,0 76.90708024346543,28.4431893791219,0 76.90704481121566,28.443191678461,0 76.90696540194119,28.4431968324243,0 76.90671864281747,28.44321284880787,0 76.90676412362198,28.44297413358901,0 76.90685813051982,28.44243216004168,0 76.9068943398123,28.44222339556809,0 76.90695213562105,28.44189018529721,0 76.90702877988112,28.44156188315324,0 76.90709434971032,28.44134564299261,0 76.90709662424463,28.44133813979655,0 76.90712656958462,28.44124318431191,0 76.90715420086444,28.44115556923333,0 76.907165835844,28.44111867482748,0 76.90728854750844,28.44080808847574,0 76.90733014309936,28.44070280854856,0 76.90737349220171,28.44049418837327,0 76.90745600246055,28.44026703038482,0 76.90755100738669,28.44007323977501,0 76.90772066051632,28.43972718440099,0 76.90795817238249,28.43924270750331,0 76.90798531587711,28.439187338822,0 76.9082499703396,28.43864749206806,0 76.90832461494981,28.43849522825543,0 76.90851462031047,28.43810764492918,0 76.90853667395072,28.4380626583332,0 76.90877926848478,28.43756779898527,0 76.90879114061958,28.43754118099913,0 76.90888884677975,28.43732834824807,0 76.90909630730472,28.43702860355514,0 76.90920088917011,28.43687749939464,0 76.90923539615511,28.43680160164036,0 76.90931691287726,28.43667660981194,0 76.9091422309787,28.43648602842848,0 76.90909292784264,28.43643223816432,0 76.90906548610734,28.436297365444,0 76.90898445267881,28.43594091404274,0 76.90894094816794,28.4357093005219,0 76.90891323693805,28.43547028794344,0 76.90903362735578,28.43541496468414,0 76.90902430463977,28.43539826382389,0 76.90900418058077,28.43536221343373,0 76.90893514235623,28.43523854068268,0 76.90883350337174,28.43505646515508,0 76.90878650531269,28.43497227408609,0 76.9087189798511,28.43485130879949,0 76.90864537728663,28.43471945638478,0 76.90863022630104,28.43469231473987,0 76.90842587304863,28.43430450577718,0 76.90834239171096,28.43414607965778,0 76.90815605866317,28.43381227360299,0 76.90812554558789,28.43375761224478,0 76.90803748284229,28.43359985202529,0 76.90800654845714,28.43355880063038,0 76.90762591969487,28.43305366818053,0 76.9074772997193,28.43285643436683,0 76.90717148894207,28.43250750047569,0 76.90679757508653,28.43211306362316,0 76.90655917298993,28.4319613963089,0 76.9061161661126,28.43173609774728,0 76.90549242718329,28.43141547417633,0 76.90547720702743,28.43140765112917,0 76.90543471761279,28.43136866780929,0 76.90493793309102,28.43091286493298,0 76.90489051372209,28.43086935884442,0 76.90477780390005,28.43075514866085,0 76.90475452405947,28.43073155771542,0 76.90447981026243,28.43045318684836,0 76.90443881833937,28.43041164918823,0 76.90435154611119,28.4303232146252,0 76.90423186895578,28.43020194146319,0 76.90407457844111,28.43004255648887,0 76.90395896167081,28.42990352349655,0 76.90385379140889,28.42977705178799,0 76.90376763758326,28.42969162651944,0 76.90357674828034,28.42950235182505,0 76.90339479002797,28.42932193092193,0 76.90332689985036,28.42923089798206,0 76.90309561690236,28.42902460539349,0 76.90300196753398,28.4289410739037,0 76.90294901274632,28.42889384142975,0 76.90271462162742,28.42868477453725,0 76.90263328007678,28.42860870105921,0 76.90226298373689,28.42826238383244,0 76.90227681240236,28.4282530224398,0 76.90240491036523,28.42816631299477,0 76.90253643090935,28.42807728564134,0 76.90288861361988,28.42784827926929,0 76.90290982464037,28.42783448676323,0 76.90280451513959,28.42767019472274,0 76.90312133746559,28.42741869467192,0 76.90341528598948,28.42718097318659,0 76.90355504767803,28.4270718110716,0 76.90332160068851,28.42663665143155,0 76.90314003679653,28.42625115610613,0 76.90282609536767,28.42561738223185,0 76.90282708890437,28.42554416164971,0 76.90275413582185,28.42508096443322,0 76.90316265008717,28.42483924969471,0 76.90328651608678,28.42475364821717,0 76.90374884392922,28.42446939810529,0 76.90401282465524,28.42430297015661,0 76.90394421043551,28.42423671586029,0 76.90371334071253,28.4239258042384,0 76.90350990553836,28.42365183645364,0 76.90347210443119,28.42362158875007,0 76.90334878011573,28.42352595137485,0 76.90327607047662,28.42342244445433,0 76.90324399343447,28.42337678009223,0 76.9031873663339,28.42329616645883,0 76.9031599775992,28.42325717620122,0 76.9030548872874,28.42310757397387,0 76.90287719693093,28.42286665108082,0 76.90285040737253,28.4228856971507,0 76.90278309032007,28.42293355642987,0 76.90265448480908,28.42278182381944,0 76.90255293296113,28.42264775138641,0 76.90254278649002,28.42263248558135,0 76.90251936830884,28.4225849137382,0 76.90250869093337,28.42256322574242,0 76.90230688620143,28.42227874537888,0 76.9022194630563,28.42215550528955,0 76.90221407855449,28.42214791540878,0 76.90236578514134,28.42201924523959,0 76.90302260992091,28.42147599431019,0 76.90312454085787,28.42140369995304,0 76.90343919375246,28.42127553055669,0 76.90378352518739,28.42113888541273,0 76.90400050515942,28.42105277610449,0 76.90412571593697,28.42100308623071,0 76.9042791832218,28.42092975738093,0 76.90429173448295,28.42092376014441,0 76.90440183020755,28.42087115494011,0 76.90453766266504,28.42080625184576,0 76.90459312824392,28.42076954627665,0 76.9047290244818,28.42067961204816,0 76.90481234502104,28.42062447145884,0 76.90484011284478,28.42060665192677,0 76.90499011802251,28.42051039005961,0 76.90504565366999,28.4204747525342,0 76.9050896890852,28.42044649484694,0 76.90528292568598,28.42032248864629,0 76.90537886216507,28.42026092317952,0 76.90543204692145,28.42023277051196,0 76.90549901902082,28.42019732013522,0 76.9059717044385,28.41993875505731,0 76.90618563373184,28.41982173154858,0 76.90635729818938,28.41971569994199,0 76.90642331717622,28.41968334324726,0 76.90649514197479,28.41964046932767,0 76.90663658980108,28.41955603608944,0 76.90665530799667,28.41953319004108,0 76.90666093594193,28.41952632129354,0 76.90678653928329,28.41937301553631,0 76.90678819398003,28.41937099535991,0 76.90682206226288,28.41934936279984,0 76.90683586577553,28.41934734025281,0 76.90687327701386,28.4193418580441,0 76.90690666559631,28.4193369660081,0 76.90711270229158,28.41917029376345,0 76.9072159869897,28.41908124857351,0 76.90735256594716,28.41896349963174,0 76.90743631318617,28.41889129836634,0 76.90755913624169,28.41878540882914,0 76.90779291920114,28.41863962892693,0 76.90781663113135,28.41862484290212,0 76.90804355096202,28.41844060641072,0 76.90816319038818,28.41834347034255,0 76.9083537383313,28.41820902727859,0 76.90837975893183,28.41818950395759,0 76.90870320812967,28.41794681671243,0 76.90873436889025,28.41792778002497,0 76.9089325543099,28.4178067075607,0 76.90897448048086,28.4177764352751,0 76.90931024378462,28.41753399832582,0 76.90932881285984,28.4175234390268,0 76.90940670038822,28.41747914842475,0 76.90961921393665,28.41735830298829,0 76.91009042432063,28.41702323043453,0 76.91001415016652,28.41698853745523,0 76.90997948328136,28.41694314447429,0 76.9096200906924,28.41647256031314,0 76.90958581098116,28.41644220073747,0 76.90953482440227,28.41639444992521,0 76.90951462937635,28.41637553542099,0 76.90944779561754,28.41631294292546,0 76.90946492289672,28.41629868118899,0 76.90962039162802,28.41616922489144,0 76.90994660853525,28.41589647351544,0 76.91013454866909,28.41573850416548,0 76.91030716264586,28.41559341534366,0 76.91059903516316,28.41535097023607,0 76.91082642930429,28.41515725962594,0 76.91099392917215,28.41501456951046,0 76.91125145729949,28.4148054641467,0 76.91146610524507,28.41463888906155,0 76.91151794163021,28.41459866149081,0 76.91162534420558,28.41451531219106,0 76.91152207028726,28.41433967663285,0 76.91147500215962,28.41425962893798,0 76.91144343356392,28.41420039151897,0 76.91134528363598,28.4140162200186,0 76.91125702236266,28.41385060287159,0 76.91122046272726,28.41378200255151,0 76.91119121627653,28.41372712226347,0 76.91118390399012,28.4137134013969,0 76.9110386239508,28.41316728481346,0 76.91090213751981,28.41275221653347,0 76.91086252001915,28.41263173389299,0 76.91085903725079,28.41262114171072,0 76.91085519605464,28.4126088752892,0 76.91068802856341,28.41207500527305,0 76.91068481528963,28.41206360238045,0 76.91053417590132,28.41152888103143,0 76.91052995741276,28.41151852261317,0 76.91051142606678,28.41147302931316,0 76.91050648173945,28.4114608899674,0 76.91066942625052,28.41137042714586,0 76.91086702686691,28.41125764500203,0 76.91088874633387,28.41125012782108,0 76.91116022350094,28.41115617407585,0 76.91134971951685,28.41109059263567,0 76.91203087157261,28.41087124430161,0 76.91244558062016,28.41070595250758,0 76.91271223742743,28.41066701529277,0 76.91274245405862,28.4106617854738,0 76.91288137851731,28.4108072611001,0 76.9130721770904,28.41100705331672,0 76.91315573119161,28.41109454718138,0 76.91324593911412,28.41105026258187,0 76.91333519033087,28.41100644650481,0 76.9133667364687,28.41104226104302,0 76.91340245617933,28.41108281312333,0 76.91347216993697,28.41117278552696,0 76.91361814796727,28.41130809796168,0 76.91393657827759,28.41160325934339,0 76.91406724182893,28.41172437524531,0 76.91409613793667,28.41174056942697,0 76.914584900503,28.41202463722071,0 76.91478399052615,28.41199001055351,0 76.91493771383082,28.41197316772762,0 76.91519258114829,28.41231904363086,0 76.915293263427,28.41245567803351,0 76.91539194066604,28.41242642740954,0 76.91547422454943,28.4124057960794,0 76.91564920379035,28.4123572438562,0 76.91581501662213,28.41231123497468,0 76.91582421267569,28.41230841033162,0 76.91600679795214,28.41229464898567,0 76.91633414134672,28.41220936447178,0 76.91653389881816,28.4121696124151,0 76.91664432602109,28.41232206106043,0 76.91695514670262,28.41219750174915,0 76.9170173110186,28.41217259034339,0 76.91707451843085,28.41214312710129,0 76.91770532081323,28.41183110778325,0 76.91791201956687,28.41172620119946,0 76.91812319282892,28.41163160235258,0 76.91839282126313,28.41152141996796,0 76.91844434952613,28.411500362589,0 76.91870217679246,28.41139500215057,0 76.91887973329995,28.41129379841572,0 76.91908054090192,28.41119770032835,0 76.91908891140375,28.41119369363868,0 76.9195593519315,28.41096855551928,0 76.91962081106999,28.41094196718952,0 76.92009142676926,28.41073837120453,0 76.92045547891959,28.41058087534548,0 76.92051217069886,28.41055634913952,0 76.92052843469706,28.41054931309375,0 76.92054770086497,28.41054239635611,0 76.92091987648044,28.41040879593231,0 76.92148782374241,28.41023852088597,0 76.92160121987736,28.41020452336499,0 76.92182748393788,28.41013638290711,0 76.92224636206664,28.40995505195932,0 76.92228169101016,28.40993975825011,0 76.92231568146386,28.40992425199437,0 76.92244989785216,28.40986136728917,0 76.9226714619271,28.40972135252741,0 76.92320426709516,28.40941288403753,0 76.92332401791239,28.40934278591325,0 76.92361980079612,28.40912544801053,0 76.92363835998989,28.40911381487144,0 76.92367672883232,28.40908361753413,0 76.92389457747522,28.40892354495421,0 76.92415241102978,28.40873930106703,0 76.92428858305043,28.4086432354281,0 76.92431568612085,28.40863127432906,0 76.92448498441593,28.40850837075801,0 76.92453162045391,28.4084759174026,0 76.92458480790526,28.40843890414622,0 76.92459144915013,28.40843428341429,0 76.92467450109311,28.40837648790194,0 76.92499309399851,28.40815478011756,0 76.92542878319952,28.40784614429618,0 76.92554523360643,28.40777044222554,0 76.92567049468965,28.40767828218239,0 76.92589080471645,28.40753569261125,0 76.92589133112921,28.40753535205852,0 76.92583475792755,28.40739461597895,0 76.9258986604836,28.40736415661296,0 76.92634814870569,28.40699527196965,0 76.92665933230663,28.40673988899401,0 76.92735137194364,28.40613890833635,0 76.92737831421562,28.40612039181964,0 76.92753969206485,28.40600947359723,0 76.92768786917095,28.4059076278498,0 76.92790339836382,28.4057594889807,0 76.92825033401476,28.40555062372754,0 76.92873053473809,28.40524701760596,0 76.9290824767001,28.40504821408288,0 76.92940469340935,28.40577801662274,0 76.92940416969154,28.4058112017012,0 76.92961790764373,28.40632378966013,0 76.92977380217646,28.40663232245616,0 76.92992777880605,28.40687075380331,0 76.93023201124329,28.40741764795996,0 76.93024997934562,28.40744329769047,0 76.93057544166801,28.40790785999633,0 76.93061583890635,28.40796552223031,0 76.93073224888906,28.40815815797003,0 76.93082097189641,28.40827788163385,0 76.93091436883817,28.40851234436345,0 76.93116171905336,28.40905853472701,0 76.93119338287049,28.4091258320155,0 76.9314602543751,28.40960535437836,0 76.93168972452284,28.40996071559316,0 76.93180170581124,28.41015270217152,0 76.93212080087487,28.41069977375406,0 76.93255855799767,28.41139561844165,0 76.93253169118414,28.41142332467246,0 76.93220757274143,28.41175756241153,0 76.9321792425723,28.41178677766511,0 76.93216301540501,28.41180351148492,0 76.93210470037002,28.41186963292112,0 76.93188099830473,28.41212328108665,0 76.93182142023844,28.41219083400406,0 76.93170391700602,28.4123240663592,0 76.93169040185256,28.41233939053839,0 76.93147822157911,28.41251242284624,0 76.93111429519288,28.41285994751951,0 76.93110057791847,28.41287304510322,0 76.93101829223845,28.41293724907635,0 76.93077865585664,28.41312422495151,0 76.93060461625348,28.41324200013892,0 76.93038584504079,28.41340432904406,0 76.93031041260804,28.41345740174743,0 76.92993047195527,28.413734745932,0 76.92964031522017,28.41392806804569,0 76.92939641812895,28.41409037930721,0 76.92927223053252,28.41417397782167,0 76.92888523810474,28.41443493278943,0 76.92884109848495,28.41446469641969,0 76.92882290939706,28.4144769626263,0 76.92871842095647,28.41456063194397,0 76.92847165644288,28.41470814223269,0 76.92799435278634,28.41499346226026,0 76.92786510677652,28.41507815512558,0 76.92767642822753,28.41520179375627,0 76.926925884011,28.41565409704896,0 76.92690338300976,28.41566801676546,0 76.92663122851296,28.41580045071195,0 76.92651526319629,28.41585688085944,0 76.92626730931325,28.41597753759942,0 76.92619472543831,28.41601285744521,0 76.92616352335523,28.41602804045601,0 76.92618838333242,28.41604884252832,0 76.92618920618922,28.41605142293626,0 76.9262047757897,28.4161001994292,0 76.92636336167504,28.41659701109612,0 76.92645956764869,28.41689067239522,0 76.92641743396692,28.41692025361791,0 76.92637676992894,28.41694880378405,0 76.92625316623742,28.41703558246291,0 76.92628205965022,28.41707382997156,0 76.92630933429891,28.41710993399532,0 76.92633301209315,28.41714127781163,0 76.92650799402901,28.41768944467464,0 76.9265240020074,28.4177351525734,0 76.92657355936667,28.41788850415579,0 76.92668640034276,28.41823767743558,0 76.92669486067612,28.41828324130576,0 76.92675421685851,28.41860292181658,0 76.92685796329069,28.41878577936805,0 76.9268872582504,28.418840483221,0 76.92715272928147,28.41933622177391,0 76.92725193383157,28.41954555757778,0 76.92741327574818,28.41988601268437,0 76.92761926213777,28.42035094387911,0 76.92765671380029,28.42043547760979,0 76.92786593232827,28.42098429263661,0 76.92797726233805,28.4212544095437,0 76.92809226376241,28.4215334318956,0 76.92817280491418,28.4217218881378,0 76.92838704412628,28.42208386949728,0 76.92878449833384,28.42263625640842,0 76.92890886828827,28.42287991254331,0 76.9291666820799,28.42311267835355,0 76.9292332921582,28.4231896145428,0 76.92958209720325,28.42353195478421,0 76.92964912140491,28.4236452539625,0 76.93007288187727,28.42423902193143,0 76.93011378307045,28.42429600138595,0 76.93049634410892,28.42475729177598,0 76.93056259036956,28.42484935479471,0 76.93064705087087,28.42497729470994,0 76.930925842121,28.42540108499575,0 76.9311709492429,28.42581709910508,0 76.93123776144216,28.42595183903104,0 76.93137254736232,28.42627881815972,0 76.93146412252069,28.42650097148248,0 76.93158514625073,28.42686727597776,0 76.93167024096263,28.42701496662128,0 76.93169048539589,28.42705010266507,0 76.93187890253517,28.42737279503447,0 76.93209758391635,28.42759516805005,0 76.93238365780849,28.4279533887084,0 76.93241825013344,28.42800835800182,0 76.93246946039285,28.42810914286554,0 76.93250258487062,28.4281551741123,0 76.93282577804858,28.42873972212116,0 76.93286470115154,28.42871779207024,0 76.93287313543372,28.42873119420748,0 76.93283184167676,28.4287579471276,0 76.93199976007686,28.42929700932538,0 76.93111237279817,28.42996854898973,0 76.93073244831504,28.43023577851816,0 76.93038041921645,28.43048036828932,0 76.93031305365498,28.4305419017435,0 76.9296877471655,28.43111306080537,0 76.92958851566594,28.43120865024707,0 76.92948671049311,28.43130671852257,0 76.92899425585098,28.43179712805393,0 76.92895256593698,28.43184327856117,0 76.92893286767944,28.43186444011944,0 76.92879993318705,28.43198402085526,0 76.92846625846633,28.43228417402915,0 76.92830131879703,28.43244558029419,0 76.92819022145089,28.43255429922937,0 76.92813365274081,28.43250439593592,0 76.92807477446216,28.43255977127432,0 76.92780561674513,28.4328129180179,0 76.92765460545429,28.43291356164385,0 76.92765378888571,28.43291410513373,0 76.92739989893528,28.43308331361292,0 76.92697164688651,28.43336915051523,0 76.92692076361388,28.4334040221853,0 76.92688317630575,28.43342978174407,0 76.92685822829367,28.43344687868106,0 76.92672378912323,28.43353901155674,0 76.92623052060743,28.43388043990145,0 76.9261661769786,28.43392497721497,0 76.92606083154521,28.43398018118119,0 76.92604753827563,28.4339871469444,0 76.92553861302278,28.43446173963292,0 76.92552743348907,28.43447216453168,0 76.92552059730976,28.43447854017398,0 76.92550618563766,28.43449197949899,0 76.92543358649134,28.43455611664563,0 76.92538593715372,28.43459821116914,0 76.9253367876296,28.43464163199071,0 76.92519894294585,28.43493756013109,0 76.92518698457279,28.43496323242308,0 76.92515586693138,28.43502813552624,0 76.92490188265782,28.43555786112412,0 76.924884038523,28.43559507739338,0 76.9248833198708,28.43559657669222,0 76.92488861813433,28.43560382830592,0 76.92486561317821,28.43561489531013,0 76.92484410122211,28.43559458447323,0 76.9248438469989,28.4355943435427,0 76.92484353887673,28.43559457736379,0 76.92473261580378,28.43567887378903,0 76.92409753294905,28.4361615075066,0 76.92401129288514,28.43622100121396,0 76.92302480885419,28.4369319095245,0 76.92274222581528,28.43711468169822,0 76.9221146106555,28.43754221579645,0 76.92124836612534,28.43812255619908,0 76.92040051370229,28.43864604020725,0 76.92002139231307,28.43887394182363,0 76.92000671923121,28.4388827627671,0 76.91940939885609,28.43924182517501,0 76.91931756138962,28.43928637445015,0 76.91923344763801,28.43932717717151,0 76.91862950757755,28.43962013479832,0 76.91838864858863,28.43973697053751,0 76.91820745839581,28.43985760400786,0 76.91794015390323,28.44003557009682,0 76.91749963266433,28.44032885752029,0 76.91738197222674,28.44039051242134,0 76.91666005911495,28.44076878950058,0 76.91656134684162,28.44087156143988,0 76.91655637736149,28.44087673526364,0 76.91654259001851,28.44089109005601,0 76.91638800612778,28.44104036461534,0 76.91632754950916,28.44109874577658,0 76.91600797564347,28.44144520977772,0 76.9159910504852,28.44145954158606,0 76.91592391758741,28.44151638854581,0 76.9151622243799,28.44216137206811,0 76.9143725738041,28.44281101196336,0 76.91377524354752,28.44331004025037,0 76.91325478212977,28.44381228097362,0 76.91278235991848,28.44380746826625,0 76.91256966760528,28.44380530005978,0 76.91241826195404,28.44378967870338,0 76.91219434608972,28.44376657564749,0 76.91178916187911,28.44388239576798,0</coordinates></LinearRing></outerBoundaryIs>
        </Polygon>
      </MultiGeometry>
    </Placemark>
    <Placemark id="ID_00024">
      <name>Nawada Fatehpur</name>
      <Snippet></Snippet>
      <description><![CDATA[<html xmlns:fo="http://www.w3.org/1999/XSL/Format" xmlns:msxsl="urn:schemas-microsoft-com:xslt">

<head>

<META http-equiv="Content-Type" content="text/html">

<meta http-equiv="content-type" content="text/html; charset=UTF-8">

</head>

<body style="margin:0px 0px 0px 0px;overflow:auto;background:#FFFFFF;">

<table style="font-family:Arial,Verdana,Times;font-size:12px;text-align:left;width:100%;border-collapse:collapse;padding:3px 3px 3px 3px">

<tr style="text-align:center;font-weight:bold;background:#9CBCE2">

<td>Gurgaon</td>

</tr>

<tr>

<td>

<table style="font-family:Arial,Verdana,Times;font-size:12px;text-align:left;width:100%;border-spacing:0px; padding:3px 3px 3px 3px">

<tr>

<td>FID</td>

<td>24</td>

</tr>

<tr bgcolor="#D4E4F3">

<td>OBJECTID_1</td>

<td>282</td>

</tr>

<tr>

<td>OBJECTID_2</td>

<td>1548</td>

</tr>

<tr bgcolor="#D4E4F3">

<td>N_D_CODE</td>

<td>05</td>

</tr>

<tr>

<td>N_D_NAME</td>

<td>Gurgaon</td>

</tr>

<tr bgcolor="#D4E4F3">

<td>N_T_CODE</td>

<td>116</td>

</tr>

<tr>

<td>N_T_NAME</td>

<td>Manesar</td>

</tr>

<tr bgcolor="#D4E4F3">

<td>N_V_CODE</td>

<td>04134</td>

</tr>

<tr>

<td>N_V_NAME</td>

<td>Nawada Fatehpur</td>

</tr>

<tr bgcolor="#D4E4F3">

<td>Pin_Code</td>

<td>122004</td>

</tr>

<tr>

<td>HADBAST_NO</td>

<td>112</td>

</tr>

<tr bgcolor="#D4E4F3">

<td>Census_200</td>

<td>00599700</td>

</tr>

<tr>

<td>Census_201</td>

<td>062917</td>

</tr>

<tr bgcolor="#D4E4F3">

<td>Shape_Leng</td>

<td>6755.967881</td>

</tr>

<tr>

<td>B_Code</td>

<td>477</td>

</tr>

<tr bgcolor="#D4E4F3">

<td>B_Name</td>

<td>GURGAON</td>

</tr>

<tr>

<td>GP_Code</td>

<td>29309</td>

</tr>

<tr bgcolor="#D4E4F3">

<td>GP_Name</td>

<td>NAWADA FATEHPUR</td>

</tr>

<tr>

<td>LGD_Code</td>

<td>62917</td>

</tr>

<tr bgcolor="#D4E4F3">

<td>Shape_Le_1</td>

<td>6755.967881</td>

</tr>

<tr>

<td>Shape_Ar_1</td>

<td>2117040.44426</td>

</tr>

<tr bgcolor="#D4E4F3">

<td>SHAPE_Le_2</td>

<td>6755.967881</td>

</tr>

<tr>

<td>Unique__ID</td>

<td>05//116//04134</td>

</tr>

<tr bgcolor="#D4E4F3">

<td>District1</td>

<td>GGM</td>

</tr>

<tr>

<td>Unique_ID2</td>

<td>GGM62917</td>

</tr>

<tr bgcolor="#D4E4F3">

<td>GlobalID</td>

<td>{0FE83C24-83E1-407E-AC18-280C5240C64C}</td>

</tr>

<tr>

<td>UQ</td>

<td>Gurgaon/112</td>

</tr>

<tr bgcolor="#D4E4F3">

<td>LGD_HARTRO</td>

<td>62907</td>

</tr>

<tr>

<td>LGD_HARSAC</td>

<td>62917</td>

</tr>

<tr bgcolor="#D4E4F3">

<td>HARTRON_LG</td>

<td></td>

</tr>

<tr>

<td>HARTRON__1</td>

<td></td>

</tr>

<tr bgcolor="#D4E4F3">

<td>HARTRON__2</td>

<td></td>

</tr>

<tr>

<td>HARTORN_LG</td>

<td></td>

</tr>

<tr bgcolor="#D4E4F3">

<td>New_block</td>

<td>Gurgaon</td>

</tr>

<tr>

<td>Shape_Le_3</td>

<td>7721.121444</td>

</tr>

</table>

</td>

</tr>

</table>

</body>

</html>

]]></description>
      <styleUrl>#PolyStyle00</styleUrl>
      <MultiGeometry>
        <Polygon>
          <extrude>0</extrude><altitudeMode>clampToGround</altitudeMode>
          <outerBoundaryIs><LinearRing><coordinates> 76.93903618195068,28.4024961634563,0 76.93904656018714,28.40261658887917,0 76.93905855539116,28.40273441367835,0 76.93911063521975,28.40316232447043,0 76.93912345238219,28.40370659305813,0 76.93913147613434,28.40406913222385,0 76.93897268273818,28.40424618341362,0 76.93893838775558,28.40428442210795,0 76.93882312671811,28.40438361365759,0 76.9387378631229,28.40445795826844,0 76.93852596851369,28.40463589616621,0 76.93850110224831,28.40465289898232,0 76.93847222590351,28.40468102576517,0 76.93842513711462,28.4047205680774,0 76.93836311563078,28.4047726503126,0 76.93799124723913,28.40509439758468,0 76.93773006117198,28.40529844295757,0 76.93763519997628,28.4053856586596,0 76.9372839829547,28.40568028422269,0 76.93711979248032,28.40582488487367,0 76.93695324572498,28.40597319827607,0 76.93660665233216,28.40627337857511,0 76.9365757556763,28.40629039851182,0 76.93646735327599,28.40635011760801,0 76.9363933563511,28.40639088166562,0 76.93623962855486,28.4064698899343,0 76.93611446987956,28.40653421473141,0 76.93593433790218,28.40662679297026,0 76.93551518848216,28.40684955090222,0 76.9355040871019,28.40683095470449,0 76.93543439759877,28.40671422170981,0 76.93520615185476,28.40641276972195,0 76.9351297240887,28.40631182987951,0 76.93509328033595,28.4062592869504,0 76.93491628617383,28.40600410527084,0 76.93490239013471,28.40598325065562,0 76.93482068566466,28.40586062609878,0 76.93475170852557,28.40575710191094,0 76.93471565823489,28.40570213686867,0 76.934555791352,28.40545838905846,0 76.93440594787103,28.40525297622218,0 76.93436882499191,28.40520223433948,0 76.93433761751893,28.40515601453717,0 76.93387452521021,28.40464417395732,0 76.93348354066929,28.40428121559882,0 76.93346004702966,28.40425940532891,0 76.9333984944664,28.40419915010882,0 76.93338166452956,28.40418267426366,0 76.93321275520499,28.40403313358856,0 76.93303952318728,28.40391381364678,0 76.93273421995821,28.40371386344993,0 76.93257586134665,28.4036101506831,0 76.932194553458,28.40337158003821,0 76.93212676928162,28.40332495091577,0 76.93190877690823,28.40317499102581,0 76.93175756529313,28.40307834904183,0 76.93155028892275,28.4029458723223,0 76.93140408451703,28.40281906261353,0 76.93124422122736,28.40267572294113,0 76.93103638161332,28.40250481122025,0 76.93088824223646,28.40238299099558,0 76.9307243284432,28.4022525023022,0 76.93065377386247,28.40219633515019,0 76.93057569858618,28.40227733860277,0 76.93044665739227,28.40235282334704,0 76.9304181197123,28.40236951598719,0 76.93022324907605,28.40250439163302,0 76.92987299145517,28.40274681320362,0 76.92983778917414,28.40277020730782,0 76.92965518413476,28.40289154981845,0 76.92942198508027,28.40303402395273,0 76.92923793105835,28.4031464719147,0 76.92917142967615,28.4031871005042,0 76.9289886261091,28.4033239347482,0 76.9289846869966,28.4033265470732,0 76.92884405573886,28.40341982347022,0 76.92872859258043,28.40349640653493,0 76.92858762086122,28.40317584599851,0 76.92858591765543,28.40317197333571,0 76.92857793522583,28.40315438871075,0 76.92838904377609,28.4028379076322,0 76.92827401270732,28.4026522047575,0 76.92809131873473,28.40235726339203,0 76.92803913829484,28.40229735082049,0 76.92777834748638,28.40185048703936,0 76.92772344245621,28.4017564087997,0 76.92740775021088,28.40121546401725,0 76.92733450158258,28.40105483589532,0 76.9272889812522,28.40098699377703,0 76.92724805131292,28.40091612042764,0 76.92714489417558,28.40077979907209,0 76.92707495853409,28.40067471165178,0 76.92670796529949,28.40013434293492,0 76.92663283559901,28.40003322247637,0 76.92660504262244,28.39999581433027,0 76.92665824624346,28.40000492140549,0 76.92689955708497,28.39981026767598,0 76.92711303991561,28.39963805934888,0 76.92719268275204,28.39957900577295,0 76.92720111883089,28.39955771844109,0 76.92745218986795,28.39935055650077,0 76.92777319654654,28.39911753459073,0 76.92790951858584,28.39901857675434,0 76.92796898795596,28.39897540604332,0 76.92821259219642,28.39877612215762,0 76.92824214048105,28.39875768258506,0 76.92849592443028,28.39859930758355,0 76.92863726625538,28.39851110248036,0 76.92906935051718,28.3982562680091,0 76.92919674060759,28.3980802720217,0 76.92926554527016,28.39798521451701,0 76.92964139230021,28.3975518129152,0 76.92966765005595,28.39752153484082,0 76.92973253447063,28.39745469878215,0 76.92975012258556,28.39742518403351,0 76.92976179259942,28.39740560156612,0 76.9300512190042,28.39691992977283,0 76.9301431004881,28.3967425913428,0 76.93015801880998,28.39671379708221,0 76.93016996730158,28.39669073511645,0 76.93022226901405,28.39648355097682,0 76.93034104426094,28.39605781795913,0 76.93040160867739,28.39594533402644,0 76.93049573684782,28.39581416175646,0 76.93051172506323,28.39578730647583,0 76.93073470757801,28.39541277006172,0 76.93081535742589,28.39531506445206,0 76.93108219030292,28.3949917947237,0 76.93123864987599,28.39488648740875,0 76.93186144287931,28.39440225495855,0 76.93191343287636,28.39436648379038,0 76.93194973289867,28.39432241741824,0 76.93224054091235,28.39409566374567,0 76.93228288569823,28.3940521899455,0 76.93244437583682,28.39390454421128,0 76.93263469111631,28.39373054506756,0 76.93270716719343,28.39364253347453,0 76.93281214611416,28.3935241114106,0 76.93307123461516,28.39319914745037,0 76.93330949208298,28.39286967883114,0 76.93348533819817,28.39266710706138,0 76.93391697330233,28.39213556739774,0 76.93427385869333,28.39174841812272,0 76.93439959318869,28.39160548705779,0 76.93455604916848,28.39142972026712,0 76.93475534939741,28.39122832719493,0 76.93478208326027,28.39118630947199,0 76.9348832533242,28.39107543409729,0 76.93503835644115,28.39090545357194,0 76.93504986655489,28.39089204743816,0 76.93513274512301,28.39079551911553,0 76.93532444290967,28.39058252522704,0 76.9353546837954,28.39054503076659,0 76.93546745290631,28.39044412875725,0 76.93555688198944,28.3903330099922,0 76.93581340939357,28.39001426283559,0 76.93596970996479,28.3897674632392,0 76.93618671239473,28.38948104632997,0 76.9365459585583,28.38898638905097,0 76.93657367697472,28.38894822070391,0 76.9369025546918,28.38841373121423,0 76.93714455184619,28.38803107221526,0 76.93726559623748,28.3878802197824,0 76.93758734582278,28.38752682742803,0 76.93774138623276,28.38734993481565,0 76.93801600840163,28.38706408671226,0 76.93817780666241,28.38686384708714,0 76.93818571632848,28.3868187478352,0 76.93834016726854,28.3866606726955,0 76.93852553283079,28.38628456926367,0 76.93856668465394,28.38616928834502,0 76.93871772648751,28.3857461638046,0 76.93877956920662,28.38554182709677,0 76.93884640206711,28.38532265348439,0 76.93895347945237,28.38520900667548,0 76.93905157997295,28.38511007536951,0 76.93947793657649,28.38468010957889,0 76.93974557614065,28.3844251691464,0 76.94003228334503,28.38415206576066,0 76.94016022050948,28.38403008534508,0 76.94043916986308,28.38376412704077,0 76.94048730968086,28.38381051107567,0 76.94061114064613,28.38397441434183,0 76.94076865394301,28.38417313015503,0 76.94086144542027,28.38429019304213,0 76.94112042702174,28.38461691668532,0 76.94120364964459,28.38472190701143,0 76.94124306771927,28.38477163524174,0 76.94146408022863,28.38512573857706,0 76.94156263889005,28.38528364529786,0 76.94159166166023,28.38533014405349,0 76.9417318608283,28.38558562604289,0 76.94186943601744,28.3858363213155,0 76.94189728468956,28.38588706930945,0 76.94219069961417,28.38636820552372,0 76.94220386172972,28.38638978791677,0 76.94223770036814,28.38644527509189,0 76.94244264650865,28.38694051719399,0 76.94246701151413,28.38699939130112,0 76.94250942277532,28.38711268529876,0 76.94258574993003,28.38729285566654,0 76.94266965347589,28.387490910106,0 76.94269616904816,28.38755349987257,0 76.94284360055255,28.3880335474066,0 76.94284477105738,28.38803981836531,0 76.94294680530062,28.38858663900599,0 76.94301159808711,28.3889338707232,0 76.94304873174602,28.38913345366511,0 76.94306909924843,28.38924292594962,0 76.94322801571377,28.38956913566448,0 76.94332059788358,28.38975917875406,0 76.94359998561507,28.3903140062756,0 76.94360056502842,28.39031515533398,0 76.94372502840767,28.39058035434991,0 76.9437415574089,28.39061557123475,0 76.9438053521671,28.39078678504686,0 76.94383617066956,28.39086949788109,0 76.9439635957943,28.39120701447776,0 76.94399452029795,28.39128892723422,0 76.94400524258917,28.39133639854473,0 76.944069024771,28.39156256147026,0 76.9441598785822,28.39188472027523,0 76.94430395847229,28.39224555104105,0 76.94432606960471,28.39234179513063,0 76.94430298290192,28.39243271042204,0 76.94417347638067,28.39294269519988,0 76.94416585866703,28.39297269404209,0 76.94414280520189,28.3930634776103,0 76.94404736818613,28.39342676757522,0 76.94403613295687,28.39351288985936,0 76.94402414404107,28.39360478800688,0 76.94402266900737,28.39363504902447,0 76.94400215777451,28.39405581954582,0 76.94399995061383,28.39410108325108,0 76.9439975916379,28.39414948579175,0 76.94399486974258,28.39420532451568,0 76.94398062695377,28.39449748794981,0 76.94397103833641,28.39469418393839,0 76.9440127021993,28.39524139144998,0 76.94401635385094,28.3953203147845,0 76.94408847689013,28.3957898533973,0 76.94413805580901,28.39600763826903,0 76.94414677755209,28.39604594868655,0 76.94418719455338,28.39622348662997,0 76.94418912682953,28.39623676881358,0 76.94430447769854,28.39678396519988,0 76.94439821510181,28.39702674123418,0 76.94437858870948,28.39703739029129,0 76.94436884378527,28.39702351949116,0 76.94400239762467,28.39718802976635,0 76.94377174349739,28.39728331794071,0 76.94370534452317,28.39731074891395,0 76.94340272905339,28.39743576588182,0 76.94335621788123,28.3974541179699,0 76.94332211064653,28.39746184000672,0 76.94307569557756,28.39758573784514,0 76.94269381905535,28.39777774526858,0 76.94264287649391,28.3978033594024,0 76.94246874526262,28.39788374115108,0 76.94237763902478,28.39793912906429,0 76.94234807996035,28.39795709939041,0 76.9420103394647,28.39816242759409,0 76.94196436458675,28.39819152174291,0 76.94184188019608,28.39831422471443,0 76.94167204291185,28.39848436325423,0 76.94165635203878,28.39850008217125,0 76.94157516230341,28.39859499618568,0 76.94134430066528,28.39882343444333,0 76.94129755323618,28.39887363887714,0 76.94105952483875,28.39914978140769,0 76.94101830743857,28.39918617917665,0 76.94101146407273,28.39918964818894,0 76.94095910756302,28.39921618336357,0 76.9409509005546,28.39922034301632,0 76.94088194767001,28.39925941245185,0 76.94077895941595,28.39931776845322,0 76.94069340207166,28.39936624684187,0 76.94067703207222,28.39937552307538,0 76.94063624496508,28.39939863344966,0 76.9404963045118,28.39947792666535,0 76.94025767424307,28.39965506375722,0 76.93993716433287,28.39989297899998,0 76.93987421039776,28.39992074513374,0 76.93970010970919,28.39999753459957,0 76.93967819800275,28.40000719876682,0 76.93955688321861,28.4000774334514,0 76.93925815026746,28.40025038306219,0 76.9391645224587,28.40028259397542,0 76.93909626576844,28.40044239830079,0 76.93907370278347,28.40049522068401,0 76.93901287785557,28.40057862684712,0 76.93901291288986,28.40059659198445,0 76.9389996250102,28.40061500674095,0 76.9389650551431,28.40098254735306,0 76.93893549877363,28.4015256055035,0 76.93893823144873,28.40154887897822,0 76.93899957200961,28.40207134118269,0 76.93903618195068,28.4024961634563,0</coordinates></LinearRing></outerBoundaryIs>
        </Polygon>
      </MultiGeometry>
    </Placemark>
    <Placemark id="ID_00025">
      <name>Garhi Harsaru</name>
      <Snippet></Snippet>
      <description><![CDATA[<html xmlns:fo="http://www.w3.org/1999/XSL/Format" xmlns:msxsl="urn:schemas-microsoft-com:xslt">

<head>

<META http-equiv="Content-Type" content="text/html">

<meta http-equiv="content-type" content="text/html; charset=UTF-8">

</head>

<body style="margin:0px 0px 0px 0px;overflow:auto;background:#FFFFFF;">

<table style="font-family:Arial,Verdana,Times;font-size:12px;text-align:left;width:100%;border-collapse:collapse;padding:3px 3px 3px 3px">

<tr style="text-align:center;font-weight:bold;background:#9CBCE2">

<td>Gurgaon</td>

</tr>

<tr>

<td>

<table style="font-family:Arial,Verdana,Times;font-size:12px;text-align:left;width:100%;border-spacing:0px; padding:3px 3px 3px 3px">

<tr>

<td>FID</td>

<td>25</td>

</tr>

<tr bgcolor="#D4E4F3">

<td>OBJECTID_1</td>

<td>1712</td>

</tr>

<tr>

<td>OBJECTID_2</td>

<td>0</td>

</tr>

<tr bgcolor="#D4E4F3">

<td>N_D_CODE</td>

<td>05</td>

</tr>

<tr>

<td>N_D_NAME</td>

<td>Gurgaon</td>

</tr>

<tr bgcolor="#D4E4F3">

<td>N_T_CODE</td>

<td>138</td>

</tr>

<tr>

<td>N_T_NAME</td>

<td>Harsaru</td>

</tr>

<tr bgcolor="#D4E4F3">

<td>N_V_CODE</td>

<td>01173</td>

</tr>

<tr>

<td>N_V_NAME</td>

<td>Garhi Harsaru</td>

</tr>

<tr bgcolor="#D4E4F3">

<td>Pin_Code</td>

<td>122505</td>

</tr>

<tr>

<td>HADBAST_NO</td>

<td>46</td>

</tr>

<tr bgcolor="#D4E4F3">

<td>Census_200</td>

<td>00597600</td>

</tr>

<tr>

<td>Census_201</td>

<td>062837</td>

</tr>

<tr bgcolor="#D4E4F3">

<td>Shape_Leng</td>

<td>10208.251365</td>

</tr>

<tr>

<td>B_Code</td>

<td>477</td>

</tr>

<tr bgcolor="#D4E4F3">

<td>B_Name</td>

<td>GURGAON</td>

</tr>

<tr>

<td>GP_Code</td>

<td>29295</td>

</tr>

<tr bgcolor="#D4E4F3">

<td>GP_Name</td>

<td>GARHI HARSARU</td>

</tr>

<tr>

<td>LGD_Code</td>

<td>62837</td>

</tr>

<tr bgcolor="#D4E4F3">

<td>Shape_Le_1</td>

<td>10208.251365</td>

</tr>

<tr>

<td>Shape_Ar_1</td>

<td>2996779.09523</td>

</tr>

<tr bgcolor="#D4E4F3">

<td>SHAPE_Le_2</td>

<td>10208.251365</td>

</tr>

<tr>

<td>Unique__ID</td>

<td>05//138//01173</td>

</tr>

<tr bgcolor="#D4E4F3">

<td>District1</td>

<td>GGM</td>

</tr>

<tr>

<td>Unique_ID2</td>

<td>GGM62837</td>

</tr>

<tr bgcolor="#D4E4F3">

<td>GlobalID</td>

<td>{6BC39277-0B78-45E3-B014-EDED98515B8F}</td>

</tr>

<tr>

<td>UQ</td>

<td>Gurgaon/46</td>

</tr>

<tr bgcolor="#D4E4F3">

<td>LGD_HARTRO</td>

<td>00000</td>

</tr>

<tr>

<td>LGD_HARSAC</td>

<td>62837</td>

</tr>

<tr bgcolor="#D4E4F3">

<td>HARTRON_LG</td>

<td></td>

</tr>

<tr>

<td>HARTRON__1</td>

<td></td>

</tr>

<tr bgcolor="#D4E4F3">

<td>HARTRON__2</td>

<td></td>

</tr>

<tr>

<td>HARTORN_LG</td>

<td></td>

</tr>

<tr bgcolor="#D4E4F3">

<td>New_block</td>

<td>Gurgaon</td>

</tr>

<tr>

<td>Shape_Le_3</td>

<td>0</td>

</tr>

</table>

</td>

</tr>

</table>

</body>

</html>

]]></description>
      <styleUrl>#PolyStyle00</styleUrl>
      <MultiGeometry>
        <Polygon>
          <extrude>0</extrude><altitudeMode>clampToGround</altitudeMode>
          <outerBoundaryIs><LinearRing><coordinates> 76.92857117719996,28.46569429617897,0 76.92854917656031,28.4657105981891,0 76.92828690712493,28.465422094172,0 76.92797936170088,28.46508378041702,0 76.92732930572701,28.46527126670525,0 76.92720175573643,28.4653080539699,0 76.92716643487779,28.46531824049334,0 76.92710058387587,28.46533723232744,0 76.9270990863843,28.465337664301,0 76.92700876437573,28.46536103983325,0 76.92664654568686,28.46537417040445,0 76.92661552416517,28.46537529495682,0 76.92598288742295,28.46539822587198,0 76.92596240044458,28.46539896820273,0 76.92593141305886,28.46540009196513,0 76.92531159976731,28.46537518360717,0 76.9252773434123,28.46537380713612,0 76.92525641625943,28.465372966091,0 76.92524635512825,28.46537256175754,0 76.92510605984045,28.46536692399089,0 76.92507670649022,28.46536574415848,0 76.92507974010091,28.46531906969321,0 76.92506423248417,28.46531962802108,0 76.92508802975436,28.46498280650261,0 76.92511384643731,28.46466461259476,0 76.92511390842107,28.46443759023795,0 76.92511419857691,28.46440732102736,0 76.92527678915175,28.46389072853287,0 76.92534447451347,28.46366347628267,0 76.92543094993599,28.46337314003452,0 76.92543966808582,28.46334386715695,0 76.92544625094021,28.46333504667435,0 76.92585000233791,28.46279403592446,0 76.92585487480004,28.46278483000623,0 76.92586006077416,28.46277503020785,0 76.92588348434521,28.46275239961189,0 76.92601498961795,28.4626253393396,0 76.92603264780151,28.46260827870854,0 76.92635600716778,28.46229585062721,0 76.92639251200598,28.46226057860912,0 76.926416169139,28.46224233094424,0 76.92642722021364,28.46223229654361,0 76.92644603093569,28.46221521452619,0 76.92655130630047,28.46211961756687,0 76.92655647430826,28.46211436975734,0 76.92664715833789,28.46202226651128,0 76.92667883652807,28.46199009333789,0 76.92668002769416,28.46198888345767,0 76.92676467235009,28.46174924319289,0 76.92677705382965,28.46171418975067,0 76.92678824593979,28.46168275015319,0 76.92685449040378,28.46145812142012,0 76.92694740674689,28.46114613772454,0 76.92695035681429,28.46113601634787,0 76.92699567951531,28.46098051931091,0 76.9269953031212,28.46098011496066,0 76.92699679701951,28.46097503452082,0 76.92675179230557,28.46068945465197,0 76.92678840045002,28.4606206367135,0 76.92680031660225,28.46060299845201,0 76.92680517738624,28.46059362807507,0 76.92689991461444,28.46041100941051,0 76.92708476903529,28.46005467481603,0 76.92716604770388,28.45991072003138,0 76.92720000851321,28.45985057072707,0 76.92720445517388,28.45984269607953,0 76.92725038333938,28.45979888045896,0 76.92745401254966,28.45960461624691,0 76.92757299800232,28.45950390245633,0 76.92758357207154,28.45949373432667,0 76.92814684539908,28.4589520997468,0 76.92815753894423,28.45894117181319,0 76.92866216935172,28.45842550663873,0 76.92868643823741,28.45840070562475,0 76.9286963646213,28.45838910396381,0 76.92915752824713,28.45785013393613,0 76.92916829994573,28.45783798253481,0 76.92930538285808,28.45768333201956,0 76.92958440497522,28.45736517142036,0 76.92963888869551,28.45729943854454,0 76.92964944120514,28.45728672713006,0 76.92988643025184,28.45700128893357,0 76.9298978433475,28.45698754208638,0 76.92997584765689,28.45691842320213,0 76.93001190782904,28.45680857702199,0 76.93003119825144,28.45674981122343,0 76.93025998298462,28.4564373918885,0 76.93043377824601,28.45620006099779,0 76.93044343603363,28.45618659915786,0 76.93050179328944,28.45610525469966,0 76.93087060291755,28.45564989643469,0 76.93088172406075,28.45563594722639,0 76.93113003457496,28.45532451341541,0 76.93120468008351,28.45510096740003,0 76.93120976185307,28.45508685779183,0 76.93140176506695,28.45455368776552,0 76.93140678934435,28.4545396238924,0 76.93145759356523,28.45439739835837,0 76.93188585010559,28.45402133091238,0 76.93190707190584,28.45400269561365,0 76.93192809787338,28.45398779369068,0 76.93214651514988,28.4538329906403,0 76.93224477646892,28.45377454147732,0 76.93234838186557,28.45371291333356,0 76.93256271899405,28.45360184120979,0 76.93274475629818,28.45350750804276,0 76.93276254743239,28.45344748225336,0 76.93277010855212,28.45343141134374,0 76.933020409733,28.45289946743745,0 76.93302524446585,28.45288335221535,0 76.93307562647857,28.45271541698546,0 76.9331097822223,28.4526015676346,0 76.93316751425067,28.45240588196425,0 76.93318323476814,28.45235259895622,0 76.93322220458349,28.45222551986489,0 76.93324845784765,28.45213990500159,0 76.93333908348677,28.45184107344663,0 76.93335554511435,28.45178978364767,0 76.93352600403279,28.45125865526385,0 76.93353021174158,28.45124286440741,0 76.9335433091784,28.45119372420745,0 76.93360694673144,28.45095495354876,0 76.93361172576877,28.45093702302027,0 76.9336231352712,28.45089421310108,0 76.93365329530856,28.45081654830326,0 76.93365871304802,28.45080259529802,0 76.93365528417856,28.45046358867488,0 76.93332847528158,28.45015684463055,0 76.93322421950464,28.45005898970562,0 76.93321622629527,28.45005148712767,0 76.93318216846788,28.45002111190972,0 76.93287872295481,28.44975047447759,0 76.93274737039566,28.44963332280891,0 76.93273366300272,28.44962084110347,0 76.93215679008009,28.44909553318003,0 76.93214451370341,28.44908475350654,0 76.93193812397028,28.44890352639988,0 76.93160046252633,28.44855732773021,0 76.9315926624547,28.44854813478931,0 76.93128054191092,28.44818028933308,0 76.93115619261771,28.44800987916297,0 76.93112905451299,28.44797268779716,0 76.93109053475359,28.44791224498741,0 76.93094761458856,28.44768798349756,0 76.93081315296017,28.44747699333957,0 76.93080848351734,28.44747036414974,0 76.93070817853102,28.447327946652,0 76.93054391349648,28.44692966950542,0 76.93042315387116,28.44663687429613,0 76.93041589099208,28.44661668168385,0 76.93039091872549,28.44643276483995,0 76.93038542732417,28.44639232661329,0 76.93036644143064,28.44614990861032,0 76.93034279238245,28.445847933074,0 76.9303348243259,28.44578748431076,0 76.93033428623504,28.44578339283557,0 76.93027079420909,28.44530021298619,0 76.93025718652916,28.44519665390545,0 76.93025231766033,28.44512273283294,0 76.93024225922409,28.44497001389927,0 76.93022347904474,28.44491660866457,0 76.93016848597969,28.44476021654839,0 76.92998582973634,28.44428942431556,0 76.92995805652268,28.44421784062945,0 76.92995723636082,28.44421576800589,0 76.92975123290324,28.4436952277804,0 76.92973576391407,28.44367446273639,0 76.92969190726356,28.44361559011391,0 76.92964234092116,28.44353680940388,0 76.92961066722253,28.44348646579965,0 76.92942762560192,28.44313440586645,0 76.92942760673732,28.44313438295993,0 76.92928394546213,28.44295674277602,0 76.9289922930321,28.4425961013612,0 76.92899119618913,28.44259474671029,0 76.92893958977268,28.44252476218318,0 76.92862094207007,28.44209263764645,0 76.92871937227235,28.44205552081902,0 76.92872598746612,28.44205302714279,0 76.92892983047544,28.44198602171656,0 76.92895067767826,28.44197916785424,0 76.92892911811141,28.44194667183626,0 76.92864085232999,28.44151218948005,0 76.92863884639198,28.44150916656336,0 76.92823230303037,28.44097352679551,0 76.92810645265233,28.44080771248464,0 76.92808937567877,28.44078521304901,0 76.92806074906559,28.44074619684872,0 76.92801670287062,28.4406861661856,0 76.92798157065816,28.4406420337764,0 76.92781672980352,28.44043496247527,0 76.92738814717475,28.43989658025072,0 76.92732104751458,28.43981228955563,0 76.92715167016776,28.4393554811621,0 76.92702775026926,28.43902126657033,0 76.92701372936429,28.43881298748069,0 76.92700355953698,28.43866189771738,0 76.92699604602794,28.43855028133335,0 76.92680948570636,28.43827143259758,0 76.92680939317989,28.43827129436226,0 76.92644864952472,28.43773208987867,0 76.92618559765671,28.43733890162188,0 76.92610648662288,28.43724713462993,0 76.92608285464271,28.43721972110959,0 76.9258714020046,28.43681986159504,0 76.9257830104756,28.43663928491295,0 76.92572815305616,28.43656392334954,0 76.92560774467211,28.43639850815141,0 76.92519499395188,28.43592586896659,0 76.9249658166549,28.43570949879567,0 76.92486561317821,28.43561489531013,0 76.92488861813433,28.43560382830592,0 76.9248833198708,28.43559657669222,0 76.924884038523,28.43559507739338,0 76.92490188265782,28.43555786112412,0 76.92515586693138,28.43502813552624,0 76.92518698457279,28.43496323242308,0 76.92519894294585,28.43493756013109,0 76.9253367876296,28.43464163199071,0 76.92538593715372,28.43459821116914,0 76.92543358649134,28.43455611664563,0 76.92550618563766,28.43449197949899,0 76.92552059730976,28.43447854017398,0 76.92552743348907,28.43447216453168,0 76.92553861302278,28.43446173963292,0 76.92604753827563,28.4339871469444,0 76.92606083154521,28.43398018118119,0 76.9261661769786,28.43392497721497,0 76.92623052060743,28.43388043990145,0 76.92672378912323,28.43353901155674,0 76.92685822829367,28.43344687868106,0 76.92688317630575,28.43342978174407,0 76.92692076361388,28.4334040221853,0 76.92697164688651,28.43336915051523,0 76.92739989893528,28.43308331361292,0 76.92765378888571,28.43291410513373,0 76.92765460545429,28.43291356164385,0 76.92780561674513,28.4328129180179,0 76.92807477446216,28.43255977127432,0 76.92813365274081,28.43250439593592,0 76.92819022145089,28.43255429922937,0 76.928240499259,28.4325986530407,0 76.92847268681052,28.43280348356176,0 76.92849765278889,28.43282611424773,0 76.92857571908202,28.43289687697793,0 76.92876838794751,28.43307152116521,0 76.9292283307629,28.43351181194256,0 76.92926627290554,28.43353195649947,0 76.92946296981678,28.43363638330595,0 76.92988174374098,28.43386865228226,0 76.9298883858842,28.43387233660462,0 76.92993524200944,28.43389832513455,0 76.92995400062918,28.43390872876023,0 76.93015427283525,28.43401980576668,0 76.9306422556639,28.43432094454808,0 76.93077716016171,28.43440419452082,0 76.93082231308115,28.43443314126363,0 76.93084640140547,28.43444858389425,0 76.93099025312351,28.43454523911722,0 76.93133111346816,28.4347742633855,0 76.93153920101722,28.43491407676014,0 76.93157384095288,28.43493735158665,0 76.93162046890602,28.43496883073398,0 76.93202022998723,28.43523872157866,0 76.93223204644302,28.4353817256882,0 76.93241176250044,28.43550468653884,0 76.93264092811931,28.4356614809868,0 76.93270953694913,28.43570842211382,0 76.93292501583633,28.43585585080017,0 76.93319107885719,28.4360407529118,0 76.93320226018753,28.43604852348086,0 76.93339910172755,28.43618885099718,0 76.93346647088228,28.43623687725599,0 76.93361826550404,28.43634509068998,0 76.9339681709853,28.4365769445373,0 76.93406458446981,28.43664083001285,0 76.93408864943795,28.43665677471564,0 76.93420146615954,28.43673152875852,0 76.93425621937442,28.43676780855099,0 76.9343109725893,28.43680408912096,0 76.93467284991834,28.43711385306705,0 76.93524947310934,28.43760743091638,0 76.93530300731038,28.43765149033889,0 76.93570107416897,28.43797910317075,0 76.93573884653004,28.43800981519253,0 76.93595922482881,28.43818900639116,0 76.93616163322859,28.43835358542903,0 76.9363957252085,28.43854392568426,0 76.93662942552291,28.43872650470418,0 76.93685269190532,28.4389009323127,0 76.9371313295435,28.43911861747621,0 76.93722794065738,28.43919278682663,0 76.93727230665263,28.43922590060955,0 76.93730483105581,28.43925017767186,0 76.93741720490794,28.43933405253317,0 76.93743117011736,28.43934532215362,0 76.93754374339552,28.43943616392382,0 76.93770122435302,28.43956324416465,0 76.93778422239708,28.43962819973949,0 76.93788951842309,28.43974768955115,0 76.93793744174688,28.43980207134815,0 76.93797344891841,28.43984293232355,0 76.93815745982121,28.44005174493963,0 76.93816267543976,28.44005766368184,0 76.93842750687037,28.44025842914935,0 76.93846123950756,28.4402840014126,0 76.93848082188246,28.44029884681396,0 76.93865435303917,28.44043248850833,0 76.93881259127646,28.44052251653851,0 76.93917302411452,28.44072757816819,0 76.93976157783081,28.44104125798716,0 76.93986413130028,28.44109591558248,0 76.94056209352993,28.44141761645976,0 76.94069936239357,28.44148075967313,0 76.94149153543864,28.44185092621854,0 76.94159170208439,28.44189773110817,0 76.94151944160294,28.4418757200559,0 76.94152089148383,28.44187700836531,0 76.94159170208439,28.44189773110817,0 76.94162057932753,28.4419457065922,0 76.94162529458445,28.44195353991867,0 76.94215882828622,28.44283992402091,0 76.94217603821042,28.44287957451388,0 76.9422078502496,28.44295286840862,0 76.94235681877146,28.44318223545178,0 76.94264542681101,28.44349107315352,0 76.94272224354758,28.44356801190532,0 76.94299634559192,28.44384254897215,0 76.94302669966534,28.44381998304264,0 76.94318488490207,28.44370238089439,0 76.94323201231849,28.44366734437506,0 76.94333490624943,28.44376858745951,0 76.94364894469638,28.44407757905419,0 76.94368186795153,28.44410419697543,0 76.94387049529655,28.44427179201814,0 76.94428864848493,28.44464331526914,0 76.94446198021561,28.44479304897543,0 76.94460871193243,28.44490904569189,0 76.94466681765996,28.44494124854926,0 76.94515302811253,28.44521070954287,0 76.9458434085612,28.44556798434095,0 76.9459237170493,28.44561128849994,0 76.94592784840131,28.44561351669886,0 76.94591823463114,28.44562214356431,0 76.94543027246372,28.44607357992723,0 76.94532090706946,28.44617510979614,0 76.94516702116971,28.44631558659013,0 76.94475709744768,28.44668978737343,0 76.94468936267864,28.44672856205589,0 76.9444067670633,28.44695076169862,0 76.9440819560195,28.44719879132666,0 76.94390556193198,28.44728418350385,0 76.94358192049471,28.44748120006699,0 76.94356313941705,28.44750376284581,0 76.94355555314446,28.44751287689279,0 76.94340651904558,28.44769191692991,0 76.9433181005671,28.4478039999445,0 76.94293263168205,28.4482571061975,0 76.94288877233663,28.44838756188776,0 76.94282172477878,28.44846413375121,0 76.94273766582437,28.44854616335002,0 76.94258319601968,28.44869690489342,0 76.94233418212461,28.44893990706607,0 76.94225640149575,28.44904671581483,0 76.94223402356369,28.44907744357929,0 76.94206618233601,28.4492567653079,0 76.94196138667161,28.44936872818899,0 76.94196776111686,28.44948956787842,0 76.94195740803319,28.4496405039552,0 76.94180109039398,28.44973313532794,0 76.94139473567859,28.44996989705153,0 76.94126757915011,28.45004398375934,0 76.94097830366232,28.4505925433467,0 76.94072825670467,28.45095598979454,0 76.94066718474008,28.45104475621166,0 76.94056054842765,28.45114293247092,0 76.94014932753835,28.45153799735986,0 76.94016683749989,28.45156013356182,0 76.94027075191698,28.45169149978419,0 76.94026519314203,28.45169778592926,0 76.94006151093113,28.45192813391189,0 76.93984518942419,28.45218201780198,0 76.93979345634528,28.45224273381557,0 76.93966371626209,28.45242600080855,0 76.93949817112824,28.45253795006648,0 76.93938949114856,28.45261144419777,0 76.93908486255425,28.4527972584714,0 76.93882544796482,28.45298811296231,0 76.93871337953985,28.45307056317732,0 76.93847697888968,28.45324448456042,0 76.93842565634088,28.45324521433965,0 76.93835722627578,28.45324618737861,0 76.93832301214157,28.4532466738981,0 76.93803218346663,28.4532508108932,0 76.93790467390025,28.45326051284902,0 76.9378842462107,28.45327225486812,0 76.9377603891943,28.45336053992999,0 76.93738813632368,28.45370478470272,0 76.93727417694505,28.45391189320755,0 76.93701036061074,28.45446008363902,0 76.93696399496565,28.45457924077654,0 76.93677929146178,28.45504850160418,0 76.93669961987924,28.45525091454842,0 76.93662635148802,28.45541034842028,0 76.93660788751566,28.45545052414795,0 76.93655970547708,28.45555536922781,0 76.9365048390745,28.4557376290305,0 76.93641529500697,28.45610186179185,0 76.93636643114708,28.45631943178456,0 76.9363366924196,28.45645184329139,0 76.93631559907843,28.45655668579866,0 76.9362972303275,28.45664797954506,0 76.93625085749591,28.45692085887415,0 76.93622685630812,28.45714445790516,0 76.9362215930789,28.45719349503797,0 76.93626076142191,28.4574651582883,0 76.93629992886662,28.4577368216303,0 76.93630491451644,28.45777579839201,0 76.93634614449302,28.45809815853197,0 76.93635978271566,28.45820479375786,0 76.93636026241604,28.45823114197159,0 76.93636650031735,28.45828990694668,0 76.93637936059896,28.45862919095552,0 76.93608393075316,28.45877658769331,0 76.93590267408501,28.45885645245046,0 76.93540943431536,28.45925393598123,0 76.93525813376699,28.45939184763915,0 76.93478696201058,28.45976618221105,0 76.93473617934924,28.45980652766022,0 76.93466405900497,28.4598755443572,0 76.93461362668663,28.45993853597329,0 76.93437173373681,28.460155285414,0 76.93406433743311,28.46044944499678,0 76.93387866644366,28.46063091372015,0 76.93339386634607,28.46118270529645,0 76.93327297646501,28.46130092216861,0 76.93300934608196,28.461583479622,0 76.93299880525041,28.46159477688165,0 76.93288039471955,28.461710875997,0 76.93272327308816,28.46190077934417,0 76.93216919581417,28.46249407910252,0 76.93205276966178,28.46261874584788,0 76.93140615333709,28.46316695588639,0 76.93138044265537,28.46319320809562,0 76.9313680557859,28.46320585562145,0 76.9313346600169,28.46325169943476,0 76.93119401169119,28.4633876047043,0 76.93092581247659,28.46364675619135,0 76.930776613986,28.46379706317827,0 76.93070964817484,28.46387335537496,0 76.93045847832306,28.46419679621268,0 76.93004489576289,28.46447472211091,0 76.93003801556613,28.46448100117812,0 76.93002235703243,28.46449528800919,0 76.92953358727958,28.46491054266465,0 76.92948153440044,28.46495362093976,0 76.9288642831041,28.46546446070709,0 76.92867361029515,28.46561839462479,0 76.92857117719996,28.46569429617897,0</coordinates></LinearRing></outerBoundaryIs>
        </Polygon>
      </MultiGeometry>
    </Placemark>
    <Placemark id="ID_00026">
      <name>Hayatpur &#38; Bamroli</name>
      <Snippet></Snippet>
      <description><![CDATA[<html xmlns:fo="http://www.w3.org/1999/XSL/Format" xmlns:msxsl="urn:schemas-microsoft-com:xslt">

<head>

<META http-equiv="Content-Type" content="text/html">

<meta http-equiv="content-type" content="text/html; charset=UTF-8">

</head>

<body style="margin:0px 0px 0px 0px;overflow:auto;background:#FFFFFF;">

<table style="font-family:Arial,Verdana,Times;font-size:12px;text-align:left;width:100%;border-collapse:collapse;padding:3px 3px 3px 3px">

<tr style="text-align:center;font-weight:bold;background:#9CBCE2">

<td>Gurgaon</td>

</tr>

<tr>

<td>

<table style="font-family:Arial,Verdana,Times;font-size:12px;text-align:left;width:100%;border-spacing:0px; padding:3px 3px 3px 3px">

<tr>

<td>FID</td>

<td>26</td>

</tr>

<tr bgcolor="#D4E4F3">

<td>OBJECTID_1</td>

<td>1723</td>

</tr>

<tr>

<td>OBJECTID_2</td>

<td>0</td>

</tr>

<tr bgcolor="#D4E4F3">

<td>N_D_CODE</td>

<td>05</td>

</tr>

<tr>

<td>N_D_NAME</td>

<td>Gurgaon</td>

</tr>

<tr bgcolor="#D4E4F3">

<td>N_T_CODE</td>

<td>138</td>

</tr>

<tr>

<td>N_T_NAME</td>

<td>Harsaru</td>

</tr>

<tr bgcolor="#D4E4F3">

<td>N_V_CODE</td>

<td>04116</td>

</tr>

<tr>

<td>N_V_NAME</td>

<td>Hayatpur &amp; Bamroli</td>

</tr>

<tr bgcolor="#D4E4F3">

<td>Pin_Code</td>

<td>122505</td>

</tr>

<tr>

<td>HADBAST_NO</td>

<td>114</td>

</tr>

<tr bgcolor="#D4E4F3">

<td>Census_200</td>

<td>00598600</td>

</tr>

<tr>

<td>Census_201</td>

<td>062828</td>

</tr>

<tr bgcolor="#D4E4F3">

<td>Shape_Leng</td>

<td>12333.582761</td>

</tr>

<tr>

<td>B_Code</td>

<td>477</td>

</tr>

<tr bgcolor="#D4E4F3">

<td>B_Name</td>

<td>GURGAON</td>

</tr>

<tr>

<td>GP_Code</td>

<td>29288</td>

</tr>

<tr bgcolor="#D4E4F3">

<td>GP_Name</td>

<td>BAMROLI</td>

</tr>

<tr>

<td>LGD_Code</td>

<td>62828</td>

</tr>

<tr bgcolor="#D4E4F3">

<td>Shape_Le_1</td>

<td>12333.582761</td>

</tr>

<tr>

<td>Shape_Ar_1</td>

<td>5391461.13832</td>

</tr>

<tr bgcolor="#D4E4F3">

<td>SHAPE_Le_2</td>

<td>12333.582761</td>

</tr>

<tr>

<td>Unique__ID</td>

<td>05//138//04116</td>

</tr>

<tr bgcolor="#D4E4F3">

<td>District1</td>

<td>GGM</td>

</tr>

<tr>

<td>Unique_ID2</td>

<td>GGM62828</td>

</tr>

<tr bgcolor="#D4E4F3">

<td>GlobalID</td>

<td>{1895E87E-E210-4E20-AFE6-1C3CA6AD6E51}</td>

</tr>

<tr>

<td>UQ</td>

<td>Gurgaon/114</td>

</tr>

<tr bgcolor="#D4E4F3">

<td>LGD_HARTRO</td>

<td>62828</td>

</tr>

<tr>

<td>LGD_HARSAC</td>

<td>62828</td>

</tr>

<tr bgcolor="#D4E4F3">

<td>HARTRON_LG</td>

<td></td>

</tr>

<tr>

<td>HARTRON__1</td>

<td></td>

</tr>

<tr bgcolor="#D4E4F3">

<td>HARTRON__2</td>

<td></td>

</tr>

<tr>

<td>HARTORN_LG</td>

<td></td>

</tr>

<tr bgcolor="#D4E4F3">

<td>New_block</td>

<td>Gurgaon</td>

</tr>

<tr>

<td>Shape_Le_3</td>

<td>0</td>

</tr>

</table>

</td>

</tr>

</table>

</body>

</html>

]]></description>
      <styleUrl>#PolyStyle00</styleUrl>
      <MultiGeometry>
        <Polygon>
          <extrude>0</extrude><altitudeMode>clampToGround</altitudeMode>
          <outerBoundaryIs><LinearRing><coordinates> 76.94071342192608,28.42702633630377,0 76.9404344096904,28.42703503736488,0 76.94012663339934,28.42704463428524,0 76.94002804599185,28.42704988146508,0 76.93950930933946,28.42707748563996,0 76.93944318075812,28.42708100429877,0 76.93935320999087,28.42709174671447,0 76.93934219395052,28.42709306206386,0 76.93876034975111,28.42716253460884,0 76.93868981762824,28.42716784340278,0 76.93865551366251,28.4271704243297,0 76.93853318018878,28.42717963097833,0 76.93833456896769,28.42719457775809,0 76.93807719894384,28.42721394536876,0 76.9379693975165,28.4272244365514,0 76.93753357985641,28.42726684841059,0 76.93743741700185,28.42727620594048,0 76.93739429247832,28.42728040241119,0 76.93728285197575,28.42729616919479,0 76.9372348765497,28.42730295685841,0 76.93671180822099,28.42737695911145,0 76.93659568839412,28.4273933871085,0 76.93618877043505,28.42745095578279,0 76.9361146720005,28.42746143904197,0 76.93602937606597,28.42747350545371,0 76.93590823645329,28.42750243592234,0 76.93534779641212,28.42763627626798,0 76.93521935708942,28.42767036457175,0 76.93512719083958,28.42769482440418,0 76.93466647457477,28.42781709741167,0 76.93458160084842,28.42784790955212,0 76.9345297842262,28.42786672088758,0 76.93435869558877,28.42792883097652,0 76.93413756001021,28.42800911086497,0 76.93405401399386,28.42803792900825,0 76.93398598457738,28.4280641370089,0 76.93383816679737,28.42814742745334,0 76.93378142471245,28.4281793992052,0 76.93330713400537,28.42844664431094,0 76.93321222160571,28.42851073219222,0 76.93314341604487,28.4285571906482,0 76.93311149620786,28.42857874390788,0 76.93286470115154,28.42871779207024,0 76.93282577804858,28.42873972212116,0 76.93250258487062,28.4281551741123,0 76.93246946039285,28.42810914286554,0 76.93241825013344,28.42800835800182,0 76.93238365780849,28.4279533887084,0 76.93209758391635,28.42759516805005,0 76.93187890253517,28.42737279503447,0 76.93169048539589,28.42705010266507,0 76.93167024096263,28.42701496662128,0 76.93158514625073,28.42686727597776,0 76.93146412252069,28.42650097148248,0 76.93137254736232,28.42627881815972,0 76.93123776144216,28.42595183903104,0 76.9311709492429,28.42581709910508,0 76.930925842121,28.42540108499575,0 76.93064705087087,28.42497729470994,0 76.93056259036956,28.42484935479471,0 76.93049634410892,28.42475729177598,0 76.93011378307045,28.42429600138595,0 76.93007288187727,28.42423902193143,0 76.92964912140491,28.4236452539625,0 76.92958209720325,28.42353195478421,0 76.9292332921582,28.4231896145428,0 76.9291666820799,28.42311267835355,0 76.92890886828827,28.42287991254331,0 76.92878449833384,28.42263625640842,0 76.92838704412628,28.42208386949728,0 76.92817280491418,28.4217218881378,0 76.92809226376241,28.4215334318956,0 76.92797726233805,28.4212544095437,0 76.92786593232827,28.42098429263661,0 76.92765671380029,28.42043547760979,0 76.92761926213777,28.42035094387911,0 76.92741327574818,28.41988601268437,0 76.92725193383157,28.41954555757778,0 76.92715272928147,28.41933622177391,0 76.9268872582504,28.418840483221,0 76.92685796329069,28.41878577936805,0 76.92675421685851,28.41860292181658,0 76.92669486067612,28.41828324130576,0 76.92668640034276,28.41823767743558,0 76.92657355936667,28.41788850415579,0 76.9265240020074,28.4177351525734,0 76.92650799402901,28.41768944467464,0 76.92633301209315,28.41714127781163,0 76.92630933429891,28.41710993399532,0 76.92628205965022,28.41707382997156,0 76.92625316623742,28.41703558246291,0 76.92637676992894,28.41694880378405,0 76.92641743396692,28.41692025361791,0 76.92645956764869,28.41689067239522,0 76.92636336167504,28.41659701109612,0 76.9262047757897,28.4161001994292,0 76.92618920618922,28.41605142293626,0 76.92618838333242,28.41604884252832,0 76.92616352335523,28.41602804045601,0 76.92619472543831,28.41601285744521,0 76.92626730931325,28.41597753759942,0 76.92651526319629,28.41585688085944,0 76.92663122851296,28.41580045071195,0 76.92690338300976,28.41566801676546,0 76.926925884011,28.41565409704896,0 76.92767642822753,28.41520179375627,0 76.92786510677652,28.41507815512558,0 76.92799435278634,28.41499346226026,0 76.92847165644288,28.41470814223269,0 76.92871842095647,28.41456063194397,0 76.92882290939706,28.4144769626263,0 76.92884109848495,28.41446469641969,0 76.92888523810474,28.41443493278943,0 76.92927223053252,28.41417397782167,0 76.92939641812895,28.41409037930721,0 76.92964031522017,28.41392806804569,0 76.92993047195527,28.413734745932,0 76.93031041260804,28.41345740174743,0 76.93038584504079,28.41340432904406,0 76.93060461625348,28.41324200013892,0 76.93077865585664,28.41312422495151,0 76.93101829223845,28.41293724907635,0 76.93110057791847,28.41287304510322,0 76.93111429519288,28.41285994751951,0 76.93147822157911,28.41251242284624,0 76.93169040185256,28.41233939053839,0 76.93170391700602,28.4123240663592,0 76.93182142023844,28.41219083400406,0 76.93188099830473,28.41212328108665,0 76.93210470037002,28.41186963292112,0 76.93216301540501,28.41180351148492,0 76.9321792425723,28.41178677766511,0 76.93220757274143,28.41175756241153,0 76.93253169118414,28.41142332467246,0 76.93255855799767,28.41139561844165,0 76.93212080087487,28.41069977375406,0 76.93180170581124,28.41015270217152,0 76.93168972452284,28.40996071559316,0 76.9314602543751,28.40960535437836,0 76.93119338287049,28.4091258320155,0 76.93116171905336,28.40905853472701,0 76.93091436883817,28.40851234436345,0 76.93082097189641,28.40827788163385,0 76.93073224888906,28.40815815797003,0 76.93061583890635,28.40796552223031,0 76.93057544166801,28.40790785999633,0 76.93024997934562,28.40744329769047,0 76.93023201124329,28.40741764795996,0 76.92992777880605,28.40687075380331,0 76.92977380217646,28.40663232245616,0 76.92961790764373,28.40632378966013,0 76.92940416969154,28.4058112017012,0 76.92940469340935,28.40577801662274,0 76.9290824767001,28.40504821408288,0 76.92907021379816,28.40493097183791,0 76.9290895302717,28.40491471577243,0 76.92915651045591,28.40480921129475,0 76.92904638329028,28.40453163829588,0 76.92902643709775,28.40451241903881,0 76.92897699562113,28.40446477979298,0 76.92895104149595,28.40437771978639,0 76.92888795011859,28.40428005009829,0 76.92889050941884,28.40417467141587,0 76.92872859258043,28.40349640653493,0 76.92884405573886,28.40341982347022,0 76.9289846869966,28.4033265470732,0 76.9289886261091,28.4033239347482,0 76.92917142967615,28.4031871005042,0 76.92923793105835,28.4031464719147,0 76.92942198508027,28.40303402395273,0 76.92965518413476,28.40289154981845,0 76.92983778917414,28.40277020730782,0 76.92987299145517,28.40274681320362,0 76.93022324907605,28.40250439163302,0 76.9304181197123,28.40236951598719,0 76.93044665739227,28.40235282334704,0 76.93057569858618,28.40227733860277,0 76.93065377386247,28.40219633515019,0 76.9307243284432,28.4022525023022,0 76.93088824223646,28.40238299099558,0 76.93103638161332,28.40250481122025,0 76.93124422122736,28.40267572294113,0 76.93140408451703,28.40281906261353,0 76.93155028892275,28.4029458723223,0 76.93175756529313,28.40307834904183,0 76.93190877690823,28.40317499102581,0 76.93212676928162,28.40332495091577,0 76.932194553458,28.40337158003821,0 76.93257586134665,28.4036101506831,0 76.93273421995821,28.40371386344993,0 76.93303952318728,28.40391381364678,0 76.93321275520499,28.40403313358856,0 76.93338166452956,28.40418267426366,0 76.9333984944664,28.40419915010882,0 76.93346004702966,28.40425940532891,0 76.93348354066929,28.40428121559882,0 76.93387452521021,28.40464417395732,0 76.93433761751893,28.40515601453717,0 76.93436882499191,28.40520223433948,0 76.93440594787103,28.40525297622218,0 76.934555791352,28.40545838905846,0 76.93471565823489,28.40570213686867,0 76.93475170852557,28.40575710191094,0 76.93482068566466,28.40586062609878,0 76.93490239013471,28.40598325065562,0 76.93491628617383,28.40600410527084,0 76.93509328033595,28.4062592869504,0 76.9351297240887,28.40631182987951,0 76.93520615185476,28.40641276972195,0 76.93543439759877,28.40671422170981,0 76.9355040871019,28.40683095470449,0 76.93551518848216,28.40684955090222,0 76.93550910239613,28.40685278577904,0 76.93556874963267,28.40696447825546,0 76.93563338790894,28.40708551886633,0 76.93583953509696,28.40751444717541,0 76.93589387778178,28.40762751617673,0 76.93591856438407,28.40767281201193,0 76.93597838769045,28.40775541368927,0 76.93598916927048,28.40777456598597,0 76.93613953826589,28.4080416674311,0 76.93619157317872,28.40813409896662,0 76.93638640069585,28.40848016755776,0 76.9364633674511,28.40861594013172,0 76.936775579623,28.40916668982101,0 76.93677768707066,28.40917040818869,0 76.93697171418891,28.40952103007829,0 76.93708023426848,28.409717297584,0 76.93710560448874,28.40976318038155,0 76.93712212001523,28.4097930496217,0 76.93728129878865,28.41011949949006,0 76.93729696271222,28.41014516278863,0 76.9373717276967,28.41026765280529,0 76.93741261990677,28.41033464749793,0 76.93753041509166,28.41050160624173,0 76.93768241093603,28.41078789759924,0 76.93772913411058,28.41087590443324,0 76.9377847595896,28.41098151427581,0 76.93778537134233,28.41098267417175,0 76.9377194529668,28.41102880056808,0 76.93767584065804,28.41105931813923,0 76.93741920725274,28.41123889787548,0 76.93714757108387,28.4114289747958,0 76.93697903725509,28.41155900261063,0 76.93688320498059,28.41163294001728,0 76.93711436216444,28.41189730347287,0 76.93713517343463,28.41192110325461,0 76.93718138277285,28.41197395072908,0 76.93721369607191,28.41200783706641,0 76.93760106399549,28.41245135218745,0 76.93764029701718,28.41252776675086,0 76.93803616749493,28.41300442301439,0 76.93830566477511,28.41332734386907,0 76.93833308495086,28.41334545617385,0 76.93862088720157,28.41353555617706,0 76.93864741085864,28.41356082359761,0 76.93867856982259,28.41359050688331,0 76.93878283188771,28.41369076662479,0 76.93927613004792,28.41411755230806,0 76.93936327381698,28.41419294565552,0 76.93945891475035,28.41426985435211,0 76.93947624864204,28.41428781400734,0 76.93978869437596,28.41461154316416,0 76.93983086309204,28.41467287804831,0 76.94016761005102,28.41505907841794,0 76.94031389620345,28.4152268466654,0 76.94063269212813,28.41559959776214,0 76.94078752485217,28.41578063540581,0 76.94096391265148,28.41598519823984,0 76.9409791768248,28.4160029000373,0 76.94128852516759,28.41631609139451,0 76.94142525055049,28.41629698725705,0 76.94183560636215,28.41621112367664,0 76.94201315478482,28.41613744782281,0 76.94234924507529,28.4160068812624,0 76.94236355074621,28.41599857749646,0 76.94262703380556,28.41584564824199,0 76.94272073527621,28.41578958705774,0 76.94304389791147,28.41559623436853,0 76.94335627178016,28.41542051843399,0 76.94373798031742,28.41520903175559,0 76.94390605780205,28.4151004822565,0 76.94427886852642,28.4148874779648,0 76.94441874789426,28.41481699789926,0 76.94443233850619,28.41481015096836,0 76.94452869809177,28.41476159826724,0 76.94495819071393,28.41454519273254,0 76.94512540761251,28.41446448941513,0 76.9456377329887,28.41421722213921,0 76.94567162103451,28.41419518162687,0 76.94581823776697,28.41412847460096,0 76.94582458256779,28.41412558758874,0 76.9458529001605,28.41411084043844,0 76.94614565751834,28.41395837698581,0 76.94629019195597,28.41389308487648,0 76.94632067179356,28.41387931583544,0 76.946511055345,28.41379285693048,0 76.94683271240383,28.41361983856609,0 76.94697240132882,28.4135446992231,0 76.94697927793233,28.41354139028119,0 76.94699636299073,28.41353316928249,0 76.94720453587969,28.41342955699085,0 76.94737454564049,28.41334493944699,0 76.94739509011103,28.41333589198608,0 76.94771678579743,28.41319422102016,0 76.94789683692647,28.41311492779889,0 76.94813320972887,28.41299271682162,0 76.94859019079874,28.41275644439402,0 76.94861789753702,28.41274064937157,0 76.94877835371476,28.41266237267882,0 76.94913464172613,28.41248856077877,0 76.94924826243988,28.41244122378113,0 76.94928258437194,28.41242692359802,0 76.94928284488338,28.41242682009375,0 76.94928501161985,28.41242595887486,0 76.94980064728787,28.41224954159288,0 76.9499730043465,28.41220057369982,0 76.95003709015887,28.41217929838529,0 76.95066323028495,28.41197142078899,0 76.95135236027873,28.4117876452101,0 76.95199451646803,28.41157444304748,0 76.9520425808273,28.41155848429483,0 76.95273316160028,28.41131419371737,0 76.95297488297186,28.41122793419851,0 76.95342519405075,28.41100938891042,0 76.95354000862555,28.41095633710368,0 76.9539659160714,28.4107595361915,0 76.95411758762401,28.41068945318058,0 76.95480779379952,28.41046027882754,0 76.95497271909575,28.41041989085468,0 76.9550551817439,28.41039969686247,0 76.95549654200929,28.41029161176835,0 76.95601230883136,28.41017272001273,0 76.95610686010826,28.41013731604609,0 76.95618565134185,28.41010781273154,0 76.95623718050318,28.41010045665477,0 76.95627021694607,28.41007913272065,0 76.95687657616956,28.4098483744201,0 76.95694065928701,28.40982709468246,0 76.95756676976869,28.40961918639531,0 76.95795256923375,28.40949107542729,0 76.95825696067284,28.40938999550419,0 76.95894731237541,28.40915399395691,0 76.95912005840455,28.40908837414079,0 76.95945668498928,28.40896267165214,0 76.95963696968029,28.4089467306791,0 76.95967155212378,28.40893224513255,0 76.95991998391054,28.40892773583125,0 76.96032461116565,28.40882342213431,0 76.96046194111472,28.40877888927264,0 76.96074974067048,28.40872124565451,0 76.96075304467411,28.4086844916488,0 76.9607584112096,28.40868275097699,0 76.96082785637098,28.40890124970678,0 76.96088341447634,28.40907604884019,0 76.96106553083219,28.40959558125847,0 76.96107566472692,28.40962448579717,0 76.96131706001007,28.41012377723364,0 76.96134010808531,28.41017427577058,0 76.961362188675,28.41022265516684,0 76.96136973452339,28.41024028049521,0 76.96145619916611,28.41046041472882,0 76.96147301742486,28.41050323073551,0 76.96154841661992,28.41065766498625,0 76.96156955218191,28.41070095261601,0 76.96158061673127,28.41072361568137,0 76.96164523524462,28.41085596731725,0 76.961737240696,28.41104441411838,0 76.96180218799275,28.41115565891855,0 76.96185774609815,28.41127364093555,0 76.96190603773117,28.41135886852436,0 76.96216977501373,28.41182432070794,0 76.96235574065059,28.41212042562425,0 76.96235824245868,28.41212606543897,0 76.96238969696834,28.41217977561227,0 76.96241848887152,28.41222033673838,0 76.96263982836761,28.41253215027173,0 76.96273591666197,28.41266637299206,0 76.9629182935293,28.41297874697685,0 76.96305164933155,28.41320715738145,0 76.96338455150111,28.41374780706297,0 76.96342860937422,28.41381263626399,0 76.96375178907745,28.41428819167284,0 76.96398679194904,28.41460427194015,0 76.96410170264355,28.41475882583559,0 76.9641533629589,28.41482830963491,0 76.96440318623605,28.41513513872017,0 76.9644553972187,28.41519926389329,0 76.96445828530233,28.41520281060002,0 76.96454289941556,28.41531083616614,0 76.96454910857081,28.41531876311429,0 76.96457442219722,28.41534945958923,0 76.96458927314546,28.41536816095317,0 76.96478200579135,28.41567885988995,0 76.964788842869,28.41568718817358,0 76.96482373253633,28.41572968287318,0 76.9648725083613,28.41578909167505,0 76.96487640884627,28.41581957785139,0 76.96488785787457,28.41590907218115,0 76.96492149798532,28.4159947021421,0 76.96495327319354,28.41607558601222,0 76.96501524796498,28.41623334548797,0 76.96463068907335,28.41642001689376,0 76.96418841881457,28.41664959867201,0 76.96395046407895,28.41677311932672,0 76.96327081939626,28.41716406828087,0 76.96303672202644,28.41732426903926,0 76.96259314651557,28.41768703259148,0 76.96246949611167,28.41779891906085,0 76.96191678068367,28.41829904656246,0 76.96178502388261,28.41841470178245,0 76.96170500375372,28.41848494322439,0 76.96145708400668,28.41870256451427,0 76.96141570940132,28.41873888208951,0 76.96124381138182,28.41888977038866,0 76.96124013098408,28.41889300094743,0 76.96117054748217,28.41896244490125,0 76.96098866289167,28.41914396347194,0 76.96094825667019,28.41918428728328,0 76.96075618787928,28.41937596877025,0 76.96070750907238,28.41942454858775,0 76.9606153015,28.41951656963063,0 76.96028365068364,28.41985261791117,0 76.96017820823222,28.41995945681466,0 76.96014579072857,28.41999230325766,0 76.96012570080555,28.42001265975164,0 76.96007500707745,28.42006402500071,0 76.96004511922962,28.4201032605603,0 76.95989007270651,28.42030680377927,0 76.95967792746735,28.42049490668289,0 76.95961288045763,28.42055258102506,0 76.95921344276992,28.42090674808952,0 76.95916053918619,28.42095436334922,0 76.959078178946,28.42102849012727,0 76.95893254407213,28.42115956718434,0 76.95865186097004,28.4214622697074,0 76.95855793671718,28.42156356247976,0 76.95853792854086,28.4215851400746,0 76.95831289068073,28.42180496394176,0 76.95826245836237,28.42185422839837,0 76.95810121256551,28.4220117359329,0 76.95795089477407,28.42213707926707,0 76.95780953318598,28.42225495503529,0 76.95778556793086,28.42227408258889,0 76.95737514564382,28.42260163084102,0 76.95725359190779,28.4226590180437,0 76.95715824921511,28.42269274690549,0 76.95700323503138,28.4227475838353,0 76.95656295004939,28.42290333538208,0 76.95651096184893,28.42292960153624,0 76.95638004227774,28.42296505731835,0 76.95629078836606,28.42298922908697,0 76.9559686587934,28.42305622995213,0 76.95587403026136,28.42307591196176,0 76.95581843712168,28.42308747483454,0 76.95565283898725,28.42311094265906,0 76.95562491216171,28.42311490070604,0 76.95539252787917,28.42314783149321,0 76.95513467186676,28.42318437191179,0 76.95508534088292,28.4231924523261,0 76.95500501353024,28.42320560867396,0 76.95488005967084,28.42322607436406,0 76.95475807025191,28.42324176274872,0 76.95470576314952,28.42324848984013,0 76.95449969321662,28.42327499133701,0 76.95445095781582,28.42328125862999,0 76.95381019581185,28.42347127601365,0 76.95376876640928,28.4234835625076,0 76.95349839866157,28.42357811995576,0 76.95346484748404,28.42359430995461,0 76.9533592505224,28.42364526581288,0 76.95311843644922,28.42376146821,0 76.9530878658818,28.42377621954642,0 76.95258983809164,28.42400135887704,0 76.95242610216479,28.42407537686865,0 76.95240719711964,28.424083923328,0 76.95224302910316,28.42416911295589,0 76.95209769875819,28.42424452600713,0 76.95173268990204,28.42443393334679,0 76.9517271733479,28.42443679637734,0 76.95164918430986,28.42448272177853,0 76.9510852992296,28.42468514976294,0 76.95106671847627,28.42469182067139,0 76.95104592876564,28.42469928396695,0 76.95104148929153,28.42470040342173,0 76.95036348313589,28.42487138518918,0 76.95035251740123,28.42487415024588,0 76.95034850642348,28.42487516146658,0 76.94968107972693,28.42504347191129,0 76.9496635868334,28.42504610424102,0 76.94962983083995,28.4250511816667,0 76.9494081293228,28.42511230193972,0 76.9493858699684,28.42511791499201,0 76.94900901592692,28.42521294735853,0 76.94899871674218,28.42521554492344,0 76.94897454038295,28.42522271271699,0 76.9486086314149,28.42533120048802,0 76.9483167993218,28.42541772502272,0 76.94828483726397,28.42542649257704,0 76.9476347175097,28.42560482817191,0 76.94760180503432,28.42561677787367,0 76.94759540004634,28.42561910287502,0 76.94734131605982,28.42571135079658,0 76.94695347292748,28.42585216128567,0 76.94690450486303,28.42587211611846,0 76.94647231100679,28.4260482397318,0 76.94627265684163,28.42612959940587,0 76.94621290989208,28.42615394662339,0 76.9460229808882,28.42623134354588,0 76.9456539484779,28.42638172425355,0 76.94559186680692,28.42640702257881,0 76.94552127359866,28.42643736033702,0 76.94491129955441,28.4266994906247,0 76.94482914143518,28.42674115219209,0 76.94480533967341,28.42675322105593,0 76.9447262933183,28.42679330417844,0 76.94454809361706,28.42688366455388,0 76.94440927426126,28.42694217755632,0 76.94437884293271,28.42696004105199,0 76.9443138093977,28.42699821782537,0 76.94427283993254,28.42702509521357,0 76.94423153988734,28.42705218826492,0 76.94418845309308,28.42708708492647,0 76.9441349413499,28.42713042587995,0 76.94394793546394,28.42728188523785,0 76.94381626040959,28.42738853020444,0 76.94355432424916,28.42760067432123,0 76.94343633592651,28.42770199202986,0 76.94330520165794,28.42781459549992,0 76.9432042292234,28.42790129970313,0 76.94313740983759,28.42786636223035,0 76.94302841904083,28.4278093728478,0 76.94297220516529,28.42777997952629,0 76.94287168099002,28.42772741801873,0 76.9427520855813,28.4276787464218,0 76.94218389128264,28.42744750665601,0 76.94213597065381,28.42742645481418,0 76.94212196951177,28.42742030389623,0 76.94207402732339,28.42739924256901,0 76.9417107836568,28.42723966456434,0 76.94149592101387,28.42714527154677,0 76.94145738867807,28.42712946445072,0 76.94139598074355,28.42711939116839,0 76.94112313903558,28.4270746313708,0 76.94081033577217,28.42702331455323,0 76.94071342192608,28.42702633630377,0</coordinates></LinearRing></outerBoundaryIs>
        </Polygon>
      </MultiGeometry>
    </Placemark>
    <Placemark id="ID_00027">
      <name>Khoh</name>
      <Snippet></Snippet>
      <description><![CDATA[<html xmlns:fo="http://www.w3.org/1999/XSL/Format" xmlns:msxsl="urn:schemas-microsoft-com:xslt">

<head>

<META http-equiv="Content-Type" content="text/html">

<meta http-equiv="content-type" content="text/html; charset=UTF-8">

</head>

<body style="margin:0px 0px 0px 0px;overflow:auto;background:#FFFFFF;">

<table style="font-family:Arial,Verdana,Times;font-size:12px;text-align:left;width:100%;border-collapse:collapse;padding:3px 3px 3px 3px">

<tr style="text-align:center;font-weight:bold;background:#9CBCE2">

<td>Gurgaon</td>

</tr>

<tr>

<td>

<table style="font-family:Arial,Verdana,Times;font-size:12px;text-align:left;width:100%;border-spacing:0px; padding:3px 3px 3px 3px">

<tr>

<td>FID</td>

<td>27</td>

</tr>

<tr bgcolor="#D4E4F3">

<td>OBJECTID_1</td>

<td>226</td>

</tr>

<tr>

<td>OBJECTID_2</td>

<td>1636</td>

</tr>

<tr bgcolor="#D4E4F3">

<td>N_D_CODE</td>

<td>05</td>

</tr>

<tr>

<td>N_D_NAME</td>

<td>Gurgaon</td>

</tr>

<tr bgcolor="#D4E4F3">

<td>N_T_CODE</td>

<td>116</td>

</tr>

<tr>

<td>N_T_NAME</td>

<td>Manesar</td>

</tr>

<tr bgcolor="#D4E4F3">

<td>N_V_CODE</td>

<td>04127</td>

</tr>

<tr>

<td>N_V_NAME</td>

<td>Khoh</td>

</tr>

<tr bgcolor="#D4E4F3">

<td>Pin_Code</td>

<td>122051</td>

</tr>

<tr>

<td>HADBAST_NO</td>

<td>153</td>

</tr>

<tr bgcolor="#D4E4F3">

<td>Census_200</td>

<td>00599200</td>

</tr>

<tr>

<td>Census_201</td>

<td>062913</td>

</tr>

<tr bgcolor="#D4E4F3">

<td>Shape_Leng</td>

<td>7768.577973</td>

</tr>

<tr>

<td>B_Code</td>

<td>477</td>

</tr>

<tr bgcolor="#D4E4F3">

<td>B_Name</td>

<td>GURGAON</td>

</tr>

<tr>

<td>GP_Code</td>

<td>29301</td>

</tr>

<tr bgcolor="#D4E4F3">

<td>GP_Name</td>

<td>KHOH</td>

</tr>

<tr>

<td>LGD_Code</td>

<td>62913</td>

</tr>

<tr bgcolor="#D4E4F3">

<td>Shape_Le_1</td>

<td>7768.577973</td>

</tr>

<tr>

<td>Shape_Ar_1</td>

<td>2442541.49239</td>

</tr>

<tr bgcolor="#D4E4F3">

<td>SHAPE_Le_2</td>

<td>7768.577973</td>

</tr>

<tr>

<td>Unique__ID</td>

<td>05//116//04127</td>

</tr>

<tr bgcolor="#D4E4F3">

<td>District1</td>

<td>GGM</td>

</tr>

<tr>

<td>Unique_ID2</td>

<td>GGM62913</td>

</tr>

<tr bgcolor="#D4E4F3">

<td>GlobalID</td>

<td>{944C9495-2F6F-4C50-AE38-7C6AD1E0AB06}</td>

</tr>

<tr>

<td>UQ</td>

<td>Gurgaon/153</td>

</tr>

<tr bgcolor="#D4E4F3">

<td>LGD_HARTRO</td>

<td>62913</td>

</tr>

<tr>

<td>LGD_HARSAC</td>

<td>62913</td>

</tr>

<tr bgcolor="#D4E4F3">

<td>HARTRON_LG</td>

<td></td>

</tr>

<tr>

<td>HARTRON__1</td>

<td></td>

</tr>

<tr bgcolor="#D4E4F3">

<td>HARTRON__2</td>

<td></td>

</tr>

<tr>

<td>HARTORN_LG</td>

<td></td>

</tr>

<tr bgcolor="#D4E4F3">

<td>New_block</td>

<td>Gurgaon</td>

</tr>

<tr>

<td>Shape_Le_3</td>

<td>14837.889152</td>

</tr>

</table>

</td>

</tr>

</table>

</body>

</html>

]]></description>
      <styleUrl>#PolyStyle00</styleUrl>
      <MultiGeometry>
        <Polygon>
          <extrude>0</extrude><altitudeMode>clampToGround</altitudeMode>
          <outerBoundaryIs><LinearRing><coordinates> 76.92796563258189,28.35073008065007,0 76.92808965235992,28.35073601039338,0 76.92833604676758,28.3507477906589,0 76.92834371838011,28.35076745842628,0 76.92834738799807,28.35077686540158,0 76.92836386935961,28.35082764149348,0 76.92842507789709,28.35101621370653,0 76.92851045970049,28.35133288145794,0 76.92854556802787,28.3514630924778,0 76.92857378860249,28.35156776144171,0 76.92859289037871,28.35164153672169,0 76.92868822678319,28.3520097640935,0 76.92871652371463,28.35211905965778,0 76.92879902319369,28.35250252491644,0 76.92880749251023,28.35255659021507,0 76.9288250914049,28.35266893912833,0 76.92893950353447,28.35310333130315,0 76.92897032203692,28.35322034072272,0 76.92901727697677,28.35342196881309,0 76.92904151442148,28.35346482287563,0 76.92910045019232,28.35364988300658,0 76.92916500043368,28.35381146044132,0 76.92928309565595,28.35419629276107,0 76.92932418549528,28.35430401605749,0 76.9294914500046,28.35474253369011,0 76.92965962181228,28.35517539243749,0 76.92969958426599,28.35528877576139,0 76.92974098043091,28.3555166725084,0 76.92975132273479,28.35556223962487,0 76.92984430645154,28.35583543242234,0 76.92987733211467,28.35606152163678,0 76.92995485762198,28.3562301998758,0 76.93003371353423,28.35638179614527,0 76.93013700991045,28.35665492201064,0 76.93023512749903,28.35691399405001,0 76.93024030718496,28.35692804638296,0 76.93035581975077,28.3574748938135,0 76.9303870748344,28.35769555658963,0 76.93046102235199,28.35802180957337,0 76.93046071872142,28.35803972737527,0 76.93056088446889,28.35829495651565,0 76.93070543058461,28.35856781105676,0 76.93073825322845,28.35867321056194,0 76.93086366882189,28.35892873778155,0 76.93095465468544,28.35911378048305,0 76.93102151359707,28.35921905375561,0 76.93107729807789,28.35930688996577,0 76.93110983865078,28.35935812416423,0 76.93116942929345,28.35947723575396,0 76.93119623053002,28.35953080738854,0 76.93124718926106,28.35965946410122,0 76.93131334209694,28.35976770674714,0 76.93132225068956,28.35978066069569,0 76.93157371518876,28.36008914949863,0 76.93162256377725,28.36020460421328,0 76.93173784727266,28.3604015922606,0 76.93183241112595,28.36054114490328,0 76.9319580719595,28.36075000317913,0 76.93225405426918,28.36129566257571,0 76.9322843059347,28.36135814685517,0 76.93250982259687,28.36165296670643,0 76.93266690649902,28.3618405523955,0 76.93286261616176,28.36206804457729,0 76.9328981112936,28.36210930232406,0 76.93296619460901,28.36218844240461,0 76.93297882043032,28.36220205690196,0 76.93311824435226,28.36236940369715,0 76.93313132202617,28.36238510030103,0 76.93314429280059,28.36240363236142,0 76.93339626215293,28.36276363699181,0 76.9334991219479,28.36289123528773,0 76.93352375195639,28.36293012207087,0 76.93354856791608,28.3629693028975,0 76.93370150070334,28.36330010545667,0 76.93377693403436,28.36347605799167,0 76.93383328804711,28.3636367003596,0 76.93398832828196,28.36385494650329,0 76.93407087088016,28.36402172550614,0 76.93439437218029,28.3645671981319,0 76.93462840127813,28.36496844810597,0 76.93471444011944,28.36511269166768,0 76.93474887973075,28.3652037322724,0 76.93485663714067,28.36537630875938,0 76.9350413855603,28.36565813892427,0 76.93537906586884,28.36611961740583,0 76.93540005051392,28.36614829508291,0 76.93540435254582,28.36616020643436,0 76.93564823077239,28.36643104802632,0 76.93579401117336,28.36659237124204,0 76.93604033102088,28.36687040323325,0 76.9362956025802,28.36715853877442,0 76.93666638311207,28.36759126310221,0 76.93678011521689,28.36772399504969,0 76.93694161972859,28.36791247980511,0 76.93702278880269,28.36799300436175,0 76.93732409003722,28.36829191447847,0 76.93739505335139,28.36838617971159,0 76.93759543874515,28.36851525094413,0 76.93791197001705,28.36874527796967,0 76.93798703503877,28.36879982901662,0 76.93799906976862,28.36880857438147,0 76.93800933391906,28.36881527726357,0 76.93796371657062,28.36886721431004,0 76.9379485691783,28.36888445920293,0 76.93789688101518,28.36892488908714,0 76.93771894182538,28.36903109877571,0 76.93745105791947,28.36919099605237,0 76.93738148519733,28.3692325237285,0 76.93718555095577,28.36934618133356,0 76.93712682898395,28.36938102981594,0 76.9369622917599,28.36947867474731,0 76.93688837119181,28.3695089102426,0 76.93688475816771,28.36951038676393,0 76.93646469156785,28.36973828143054,0 76.93618329789832,28.36989094129007,0 76.93577790707522,28.37010240932687,0 76.93547830006335,28.37027131581549,0 76.93541192624198,28.37030873444986,0 76.93536425354819,28.37032175429778,0 76.93522231614,28.37040020770011,0 76.93477279557854,28.37066202135363,0 76.93475140399671,28.37067321370628,0 76.93429730382397,28.37091078534152,0 76.93406724438135,28.37105359491218,0 76.93382924293338,28.37117414537075,0 76.93353419307495,28.3714272791514,0 76.93335553074132,28.37157196921135,0 76.93304483762054,28.371823582081,0 76.93297371889783,28.37189696309446,0 76.93289108736643,28.37194816196953,0 76.93289077115941,28.37194835799141,0 76.93264047447015,28.3721590244045,0 76.93224957616752,28.37245414305796,0 76.9322306819021,28.37246840753355,0 76.93192695072479,28.37271437557493,0 76.93158748456543,28.372989281288,0 76.9314864151128,28.37307112828688,0 76.93121228162745,28.37329312207652,0 76.93085861130683,28.37350701539043,0 76.93066749832337,28.37364620302349,0 76.93050274011375,28.37376619488673,0 76.93032509467311,28.37385382857061,0 76.93017663729259,28.37396197216603,0 76.9301589827023,28.37394058326193,0 76.93015540022094,28.37393624398774,0 76.93016043258315,28.37393384434533,0 76.92987345857915,28.37358951564966,0 76.9298242686308,28.37353049340674,0 76.9298218521627,28.37352781474425,0 76.92974488001761,28.37344250930851,0 76.92967281806378,28.37335990855421,0 76.92927524797356,28.37290419357062,0 76.9291923244897,28.37281583272057,0 76.92919195348547,28.37281545806893,0 76.92913380104557,28.37275678633499,0 76.92889236893149,28.37251319751599,0 76.92874703319661,28.37236656196549,0 76.92867250177414,28.37227125851049,0 76.92864065200571,28.37223053191729,0 76.92857480280044,28.37214633043076,0 76.92848550936286,28.37202938771886,0 76.92844574723351,28.37196848026891,0 76.92843299385137,28.37194894368593,0 76.92828271558581,28.37172620804784,0 76.92803601395426,28.3713605546902,0 76.9279066655365,28.37118106546793,0 76.92775756945387,28.37097417135952,0 76.92759500493017,28.37074858579261,0 76.92754126142169,28.37066627460586,0 76.92752148231577,28.37063598173971,0 76.92749293205938,28.37059225487143,0 76.92719067591577,28.37028736536022,0 76.92713137453055,28.37021019078001,0 76.927039528081,28.37009152913161,0 76.92671398221525,28.36967093225955,0 76.92662153209778,28.36954665717375,0 76.92645084141401,28.36931721048067,0 76.92634104662507,28.36916962120459,0 76.92633951050594,28.3691675558069,0 76.92631264908232,28.36913212470611,0 76.92630043468935,28.36911525609918,0 76.92621820290826,28.36900168756569,0 76.92613698981673,28.36888952588255,0 76.92608385985753,28.36881615069328,0 76.92607844301641,28.36880876961864,0 76.92592001703116,28.36859289390468,0 76.92556024714979,28.36807486707176,0 76.92554411250902,28.36805346670507,0 76.92517691445849,28.36751393479588,0 76.92505200192156,28.36732256736882,0 76.92484385059217,28.36697400412879,0 76.92480474513125,28.36689133668343,0 76.92464718602027,28.36651031688952,0 76.9246200038981,28.36643279571554,0 76.92448101206573,28.36602869062186,0 76.92431670840368,28.36572846276135,0 76.92427290116052,28.36566121538567,0 76.92419624791732,28.36548586801284,0 76.92405856313371,28.36518253921796,0 76.92400519961262,28.36504598536848,0 76.92394700315519,28.3649300869372,0 76.92390905202942,28.3648582006149,0 76.92352498810951,28.36401768462396,0 76.92339159906959,28.36372801968633,0 76.9232138853569,28.36334990933929,0 76.92319524890799,28.36330656442981,0 76.92314644703191,28.36321101174192,0 76.92307757050409,28.36299850235051,0 76.92296713880961,28.36268753041128,0 76.92291213137152,28.36251996752591,0 76.92290420643404,28.36248491126511,0 76.92289849674209,28.3624520620174,0 76.92281068552475,28.36190502600657,0 76.92280848016075,28.3618746792577,0 76.92281028397785,28.36178501519614,0 76.92270597160706,28.3614972002322,0 76.92253211076866,28.36110746724504,0 76.92251268380232,28.36107034338157,0 76.92238878726002,28.36081255655273,0 76.92220277940235,28.36050924285871,0 76.92213066534626,28.36026662827474,0 76.92198071945737,28.35990061922797,0 76.92188849481704,28.35971340085576,0 76.92177864972243,28.359480327414,0 76.92176927580242,28.35946277743944,0 76.92176422008406,28.35944971120056,0 76.92173923524099,28.35939669683053,0 76.92152088443983,28.35889961072622,0 76.9213885985311,28.35856993990155,0 76.92117648563125,28.35804506334773,0 76.92117481206989,28.35804092263318,0 76.92107922144218,28.35782443766172,0 76.92103903620627,28.35773343104342,0 76.92101894358835,28.35768792730969,0 76.92101224574955,28.35767275965765,0 76.92099215313158,28.35762725589793,0 76.92097206141193,28.35758175290932,0 76.92095196789566,28.35753624911058,0 76.92088499310132,28.35738456990414,0 76.92080213699114,28.35719692337521,0 76.9206924041859,28.35699032611658,0 76.92065961837301,28.35692859974887,0 76.92054002386259,28.35670343255145,0 76.92042419868311,28.35648536301001,0 76.92035537515591,28.35638888479869,0 76.92018628077841,28.35615184192859,0 76.91980821490964,28.35563658210294,0 76.91934454318755,28.35487924941684,0 76.91927326636127,28.35481411143874,0 76.91855234498959,28.35450081030462,0 76.91815453774414,28.35432792600571,0 76.91790445575218,28.35419162934737,0 76.91763148558513,28.35405920618021,0 76.91726344491488,28.35388066164764,0 76.91704835320157,28.35346923334564,0 76.91682437984504,28.35305481911731,0 76.91688297245946,28.35284562947987,0 76.91699030676286,28.35246241132316,0 76.91747219811555,28.35171502734807,0 76.91786089105418,28.35149645820161,0 76.91829914314866,28.35123467474351,0 76.91844267776139,28.35118152503731,0 76.91821901252705,28.3507364752478,0 76.91811248670734,28.35052450772199,0 76.91783601580562,28.34995731700275,0 76.91730061899797,28.34885890985819,0 76.91737862959558,28.34888191423419,0 76.91719013609952,28.34867176372173,0 76.91723862356528,28.34868587248635,0 76.91795894126913,28.34887190308572,0 76.91868128197896,28.34909601170198,0 76.91940241984467,28.3492973898952,0 76.9201231678415,28.34949139398493,0 76.92084431019875,28.3496927651037,0 76.92110018003611,28.34976678755542,0 76.92156584691642,28.34990150162866,0 76.92228617719665,28.35008750875288,0 76.92300693597335,28.35028149716876,0 76.92360915845498,28.35038499725172,0 76.92372319149545,28.3503907194077,0 76.9241221100381,28.35043010983687,0 76.92443738987555,28.35046124151573,0 76.9247510905559,28.35048576818374,0 76.92515080582307,28.35051701864815,0 76.92586543180126,28.35059551831324,0 76.92605791741042,28.3506125448154,0 76.92657924031253,28.35065865873894,0 76.92729223405186,28.35070643995265,0 76.92745171286256,28.35070550866233,0 76.92796563258189,28.35073008065007,0</coordinates></LinearRing></outerBoundaryIs>
        </Polygon>
      </MultiGeometry>
    </Placemark>
  </Folder>
</Document>
</kml>