{"type":"FeatureCollection","features":[{"type":"Feature","properties":{"v":"Garhi Harsaru","m":"0","k":"254","t":"Harsaru","vc":"01173","area":284.3,"lat":28.4645843,"lng":76.9281928},"geometry":{"type":"Polygon","coordinates":[[[76.9281726,28.4644156],[76.9279673,28.4644185],[76.927916,28.4644192],[76.9279325,28.4643888],[76.9281721,28.4643854],[76.9282063,28.4643849],[76.9282118,28.4646873],[76.9282162,28.4649292],[76.9281819,28.4649297],[76.9281726,28.4644156]]]}},{"type":"Feature","properties":{"v":"Garhi Harsaru","m":"0","k":"255","t":"Harsaru","vc":"01173","area":1364.8,"lat":28.4633507,"lng":76.9265532},"geometry":{"type":"Polygon","coordinates":[[[76.9286306,28.4632446],[76.9286887,28.4632438],[76.9286656,28.4632895],[76.9286314,28.46329],[76.927947,28.4632997],[76.9272627,28.4633094],[76.9265783,28.463319],[76.9265881,28.4638633],[76.9265368,28.4638641],[76.926527,28.4633198],[76.9265261,28.4632744],[76.9265775,28.4632737],[76.9269368,28.4632686],[76.9272618,28.463264],[76.9279462,28.4632543],[76.9286306,28.4632446]]]}},{"type":"Feature","properties":{"v":"Garhi Harsaru","m":"0","k":"256","t":"Harsaru","vc":"01173","area":1847.8,"lat":28.4625491,"lng":76.9300127},"geometry":{"type":"Polygon","coordinates":[[[76.9300325,28.4622266],[76.9300416,28.4627256],[76.9300515,28.4632699],[76.9300564,28.463542],[76.9300613,28.4638142],[76.93001,28.4638149],[76.9300001,28.4632706],[76.9299903,28.4627263],[76.9299804,28.462182],[76.9299716,28.4616982],[76.9300218,28.461637],[76.9300317,28.4621813],[76.9306648,28.4621723],[76.9313491,28.4621626],[76.9313499,28.462208],[76.9310078,28.4622128],[76.9306656,28.4622177],[76.9300325,28.4622266]]]}},{"type":"Feature","properties":{"v":"Garhi Harsaru","m":"0","k":"65","t":"Harsaru","vc":"01173","area":6511.5,"lat":28.4623372,"lng":76.9294383},"geometry":{"type":"Polygon","coordinates":[[[76.931693,28.4594355],[76.9316698,28.4594661],[76.9312754,28.4599859],[76.9308575,28.4605363],[76.9304397,28.4610866],[76.9300218,28.461637],[76.9299716,28.4616982],[76.929604,28.4621873],[76.9291861,28.4627377],[76.9287683,28.4632881],[76.9283504,28.4638384],[76.9279325,28.4643888],[76.927916,28.4644192],[76.9275147,28.4649391],[76.9272519,28.4652489],[76.9272018,28.4653081],[76.9271664,28.4653182],[76.9271006,28.4653372],[76.9270991,28.4653377],[76.9271011,28.4653351],[76.9271396,28.4652862],[76.927412,28.4649406],[76.9277298,28.4645368],[76.9278299,28.4643902],[76.9279808,28.4641915],[76.9282478,28.4638399],[76.9286656,28.4632895],[76.9286887,28.4632438],[76.9290835,28.4627392],[76.9295013,28.4621888],[76.9295681,28.4620971],[76.9299192,28.4616384],[76.9299694,28.4615772],[76.930337,28.4610881],[76.9307549,28.4605377],[76.9311393,28.4600332],[76.9311727,28.4599874],[76.9312224,28.4598959],[76.9315902,28.459437],[76.931693,28.4594355]]]}},{"type":"Feature","properties":{"v":"Garhi Harsaru","m":"0","k":"258","t":"Harsaru","vc":"01173","area":200.9,"lat":28.4594466,"lng":76.9319869},"geometry":{"type":"Polygon","coordinates":[[[76.9319846,28.4594616],[76.9316698,28.4594661],[76.931693,28.4594355],[76.9319841,28.4594314],[76.932292,28.459427],[76.9322926,28.4594573],[76.9319846,28.4594616]]]}},{"type":"Feature","properties":{"v":"Garhi Harsaru","m":"0","k":"257","t":"Harsaru","vc":"01173","area":1688.0,"lat":28.4600806,"lng":76.9289925},"geometry":{"type":"Polygon","coordinates":[[[76.9306253,28.4599951],[76.9311727,28.4599874],[76.9311393,28.4600332],[76.9306261,28.4600405],[76.9299417,28.4600502],[76.9292574,28.4600599],[76.9290179,28.4600632],[76.9290203,28.4601993],[76.9285755,28.4602056],[76.9278911,28.4602153],[76.9278903,28.4601699],[76.9285747,28.4601603],[76.9289682,28.4601547],[76.9289669,28.4600867],[76.9289657,28.4600186],[76.9290855,28.4600169],[76.9292566,28.4600145],[76.9298896,28.4600055],[76.9299409,28.4600048],[76.9306253,28.4599951]]]}},{"type":"Feature","properties":{"v":"Garhi Harsaru","m":"1","k":"25","t":"Harsaru","vc":"01173","area":3206.7,"lat":28.4651723,"lng":76.9262676},"geometry":{"type":"Polygon","coordinates":[[[76.9266079,28.4649519],[76.9266146,28.4653232],[76.9266155,28.4653753],[76.9259829,28.4653982],[76.9259624,28.465399],[76.9259314,28.4654001],[76.9259299,28.4653174],[76.9259235,28.4649616],[76.9266079,28.4649519]]]}},{"type":"Feature","properties":{"v":"Garhi Harsaru","m":"1","k":"24","t":"Harsaru","vc":"01173","area":3785.9,"lat":28.4651767,"lng":76.9255161},"geometry":{"type":"Polygon","coordinates":[[[76.9252391,28.4649713],[76.9259235,28.4649616],[76.9259299,28.4653174],[76.9259314,28.4654001],[76.9253116,28.4653752],[76.9252773,28.4653738],[76.9252564,28.465373],[76.9252464,28.4653726],[76.9251061,28.4653669],[76.9250767,28.4653657],[76.9250797,28.4653191],[76.9251022,28.4649732],[76.9252391,28.4649713]]]}},{"type":"Feature","properties":{"v":"Garhi Harsaru","m":"2","k":"24","t":"Harsaru","vc":"01173","area":3313.3,"lat":28.4651514,"lng":76.9289563},"geometry":{"type":"Polygon","coordinates":[[[76.9293454,28.4649132],[76.9295321,28.4649106],[76.9295336,28.4649105],[76.9294815,28.4649536],[76.9288643,28.4654645],[76.9286736,28.4656184],[76.928661,28.4649229],[76.9293454,28.4649132]]]}},{"type":"Feature","properties":{"v":"Garhi Harsaru","m":"2","k":"23","t":"Harsaru","vc":"01173","area":3859.3,"lat":28.4652233,"lng":76.9283973},"geometry":{"type":"Polygon","coordinates":[[[76.9281819,28.4649297],[76.9282162,28.4649292],[76.928661,28.4649229],[76.9286736,28.4656184],[76.9285712,28.4656943],[76.9285492,28.4657106],[76.9282869,28.4654221],[76.9279794,28.4650838],[76.9279782,28.4650173],[76.9279766,28.4649326],[76.9281819,28.4649297]]]}},{"type":"Feature","properties":{"v":"Garhi Harsaru","m":"2","k":"22","t":"Harsaru","vc":"01173","area":1557.8,"lat":28.4650798,"lng":76.9276282},"geometry":{"type":"Polygon","coordinates":[[[76.9279766,28.4649326],[76.9279782,28.4650173],[76.9279794,28.4650838],[76.9273293,28.4652713],[76.9272018,28.4653081],[76.9272519,28.4652489],[76.9275147,28.4649391],[76.9279766,28.4649326]]]}},{"type":"Feature","properties":{"v":"Garhi Harsaru","m":"2","k":"21","t":"Harsaru","vc":"01173","area":2873.0,"lat":28.4651371,"lng":76.9269347},"geometry":{"type":"Polygon","coordinates":[[[76.9272922,28.4649423],[76.927412,28.4649406],[76.9271396,28.4652862],[76.9271011,28.4653351],[76.9270991,28.4653377],[76.9270088,28.465361],[76.9266465,28.4653742],[76.9266155,28.4653753],[76.9266146,28.4653232],[76.9266079,28.4649519],[76.9272922,28.4649423]]]}},{"type":"Feature","properties":{"v":"Garhi Harsaru","m":"3","k":"11/2","t":"Harsaru","vc":"01173","area":1873.0,"lat":28.4634015,"lng":76.9303705},"geometry":{"type":"Polygon","coordinates":[[[76.9300564,28.463542],[76.9300515,28.4632699],[76.9306845,28.4632609],[76.9306894,28.4635331],[76.9300564,28.463542]]]}},{"type":"Feature","properties":{"v":"Garhi Harsaru","m":"3","k":"18","t":"Harsaru","vc":"01173","area":1369.1,"lat":28.4628709,"lng":76.9315303},"geometry":{"type":"Polygon","coordinates":[[[76.9318637,28.4626998],[76.9314062,28.463167],[76.9313804,28.4631932],[76.9313681,28.4632059],[76.931368,28.4632013],[76.931359,28.4627069],[76.9318637,28.4626998]]]}},{"type":"Feature","properties":{"v":"Garhi Harsaru","m":"3","k":"22/2/1","t":"Harsaru","vc":"01173","area":956.4,"lat":28.4623438,"lng":76.930839},"geometry":{"type":"Polygon","coordinates":[[[76.9310124,28.4624699],[76.9306702,28.4624747],[76.9306656,28.4622177],[76.9310078,28.4622128],[76.9310124,28.4624699]]]}},{"type":"Feature","properties":{"v":"Garhi Harsaru","m":"3","k":"23/1","t":"Harsaru","vc":"01173","area":1418.1,"lat":28.4625903,"lng":76.9316684},"geometry":{"type":"Polygon","coordinates":[[[76.931359,28.4627069],[76.9313552,28.4624952],[76.9313894,28.4624948],[76.9320828,28.4624849],[76.9318637,28.4626998],[76.931359,28.4627069]]]}},{"type":"Feature","properties":{"v":"Garhi Harsaru","m":"3","k":"22/1/1","t":"Harsaru","vc":"01173","area":1529.9,"lat":28.4625916,"lng":76.9309633},"geometry":{"type":"Polygon","coordinates":[[[76.9306746,28.4627166],[76.9306702,28.4624747],[76.9310124,28.4624699],[76.931252,28.4624665],[76.9312525,28.4624967],[76.9312563,28.4627084],[76.9306746,28.4627166]]]}},{"type":"Feature","properties":{"v":"Garhi Harsaru","m":"3","k":"21","t":"Harsaru","vc":"01173","area":3434.1,"lat":28.4624716,"lng":76.9303536},"geometry":{"type":"Polygon","coordinates":[[[76.9306746,28.4627166],[76.9300416,28.4627256],[76.9300325,28.4622266],[76.9306656,28.4622177],[76.9306702,28.4624747],[76.9306746,28.4627166]]]}},{"type":"Feature","properties":{"v":"Garhi Harsaru","m":"3","k":"20","t":"Harsaru","vc":"01173","area":3746.1,"lat":28.4629933,"lng":76.930363},"geometry":{"type":"Polygon","coordinates":[[[76.9306746,28.4627166],[76.9306845,28.4632609],[76.9300515,28.4632699],[76.9300416,28.4627256],[76.9306746,28.4627166]]]}},{"type":"Feature","properties":{"v":"Garhi Harsaru","m":"3","k":"19/2","t":"Harsaru","vc":"01173","area":3442.5,"lat":28.4629847,"lng":76.9309704},"geometry":{"type":"Polygon","coordinates":[[[76.9306845,28.4632609],[76.9306746,28.4627166],[76.9312563,28.4627084],[76.9312662,28.4632527],[76.9306845,28.4632609]]]}},{"type":"Feature","properties":{"v":"Garhi Harsaru","m":"3","k":"12","t":"Harsaru","vc":"01173","area":2126.4,"lat":28.4634565,"lng":76.930907},"geometry":{"type":"Polygon","coordinates":[[[76.9312662,28.4632527],[76.9313177,28.4632519],[76.9313347,28.4632517],[76.931194,28.4633876],[76.9309258,28.4636468],[76.9307628,28.4638042],[76.9306944,28.4638052],[76.9306894,28.4635331],[76.9306845,28.4632609],[76.9312662,28.4632527]]]}},{"type":"Feature","properties":{"v":"Garhi Harsaru","m":"3","k":"11/1","t":"Harsaru","vc":"01173","area":1873.2,"lat":28.4636736,"lng":76.9303754},"geometry":{"type":"Polygon","coordinates":[[[76.9300564,28.463542],[76.9306894,28.4635331],[76.9306944,28.4638052],[76.9300613,28.4638142],[76.9300564,28.463542]]]}},{"type":"Feature","properties":{"v":"Garhi Harsaru","m":"3","k":"10/2","t":"Harsaru","vc":"01173","area":2290.0,"lat":28.463981,"lng":76.9302955},"geometry":{"type":"Polygon","coordinates":[[[76.93001,28.4638149],[76.9300613,28.4638142],[76.9306944,28.4638052],[76.9307628,28.4638042],[76.9303903,28.4641519],[76.9303422,28.4642034],[76.9300171,28.464208],[76.93001,28.4638149]]]}},{"type":"Feature","properties":{"v":"Garhi Harsaru","m":"4","k":"2/2","t":"Harsaru","vc":"01173","area":1434.3,"lat":28.4647463,"lng":76.9278175},"geometry":{"type":"Polygon","coordinates":[[[76.9279673,28.4644185],[76.9279766,28.4649326],[76.9275147,28.4649391],[76.927916,28.4644192],[76.9279673,28.4644185]]]}},{"type":"Feature","properties":{"v":"Garhi Harsaru","m":"4","k":"3/1","t":"Harsaru","vc":"01173","area":1147.5,"lat":28.4646741,"lng":76.9280746},"geometry":{"type":"Polygon","coordinates":[[[76.9281726,28.4644156],[76.9281819,28.4649297],[76.9279766,28.4649326],[76.9279673,28.4644185],[76.9281726,28.4644156]]]}},{"type":"Feature","properties":{"v":"Garhi Harsaru","m":"4","k":"7/1","t":"Harsaru","vc":"01173","area":1012.5,"lat":28.4640979,"lng":76.929245},"geometry":{"type":"Polygon","coordinates":[[[76.9293355,28.4643689],[76.9291644,28.4643713],[76.9291545,28.463827],[76.9293256,28.4638246],[76.9293355,28.4643689]]]}},{"type":"Feature","properties":{"v":"Garhi Harsaru","m":"4","k":"14/2","t":"Harsaru","vc":"01173","area":1012.6,"lat":28.4635537,"lng":76.9292351},"geometry":{"type":"Polygon","coordinates":[[[76.9293158,28.4632803],[76.9293256,28.4638246],[76.9291545,28.463827],[76.9291447,28.4632827],[76.9293158,28.4632803]]]}},{"type":"Feature","properties":{"v":"Garhi Harsaru","m":"4","k":"17/2","t":"Harsaru","vc":"01173","area":1410.6,"lat":28.4629284,"lng":76.928781},"geometry":{"type":"Polygon","coordinates":[[[76.9286306,28.4632446],[76.9286215,28.4627457],[76.9290835,28.4627392],[76.9286887,28.4632438],[76.9286306,28.4632446]]]}},{"type":"Feature","properties":{"v":"Garhi Harsaru","m":"4","k":"13","t":"Harsaru","vc":"01173","area":2987.1,"lat":28.4635296,"lng":76.9282187},"geometry":{"type":"Polygon","coordinates":[[[76.927947,28.4632997],[76.9286314,28.46329],[76.9286656,28.4632895],[76.9282478,28.4638399],[76.9279569,28.463844],[76.927947,28.4632997]]]}},{"type":"Feature","properties":{"v":"Garhi Harsaru","m":"4","k":"25","t":"Harsaru","vc":"01173","area":3493.5,"lat":28.4624914,"lng":76.9296779},"geometry":{"type":"Polygon","coordinates":[[[76.9293059,28.462736],[76.9291861,28.4627377],[76.929604,28.4621873],[76.9299804,28.462182],[76.9299903,28.4627263],[76.9293059,28.462736]]]}},{"type":"Feature","properties":{"v":"Garhi Harsaru","m":"4","k":"24","t":"Harsaru","vc":"01173","area":3999.6,"lat":28.4624399,"lng":76.9289653},"geometry":{"type":"Polygon","coordinates":[[[76.9286117,28.4622014],[76.929296,28.4621917],[76.9295013,28.4621888],[76.9290835,28.4627392],[76.9286215,28.4627457],[76.9286117,28.4622014]]]}},{"type":"Feature","properties":{"v":"Garhi Harsaru","m":"4","k":"23","t":"Harsaru","vc":"01173","area":4050.0,"lat":28.4624784,"lng":76.9282744},"geometry":{"type":"Polygon","coordinates":[[[76.9286215,28.4627457],[76.9279372,28.4627554],[76.9279273,28.4622111],[76.9286117,28.4622014],[76.9286215,28.4627457]]]}},{"type":"Feature","properties":{"v":"Garhi Harsaru","m":"4","k":"22","t":"Harsaru","vc":"01173","area":4050.3,"lat":28.4624881,"lng":76.92759},"geometry":{"type":"Polygon","coordinates":[[[76.9279372,28.4627554],[76.9272528,28.4627651],[76.9272429,28.4622208],[76.9279273,28.4622111],[76.9279372,28.4627554]]]}},{"type":"Feature","properties":{"v":"Garhi Harsaru","m":"4","k":"21","t":"Harsaru","vc":"01173","area":4049.9,"lat":28.4624978,"lng":76.9269057},"geometry":{"type":"Polygon","coordinates":[[[76.9265684,28.4627747],[76.9265641,28.4625328],[76.9265586,28.4622304],[76.9272429,28.4622208],[76.9272528,28.4627651],[76.9269277,28.4627697],[76.9265684,28.4627747]]]}},{"type":"Feature","properties":{"v":"Garhi Harsaru","m":"4","k":"20/1","t":"Harsaru","vc":"01173","area":1949.2,"lat":28.4630217,"lng":76.9267526},"geometry":{"type":"Polygon","coordinates":[[[76.9265684,28.4627747],[76.9269277,28.4627697],[76.9269368,28.4632686],[76.9265775,28.4632737],[76.9265684,28.4627747]]]}},{"type":"Feature","properties":{"v":"Garhi Harsaru","m":"4","k":"19","t":"Harsaru","vc":"01173","area":3712.4,"lat":28.4630097,"lng":76.9275995},"geometry":{"type":"Polygon","coordinates":[[[76.9279372,28.4627554],[76.9279462,28.4632543],[76.9272618,28.463264],[76.9272528,28.4627651],[76.9279372,28.4627554]]]}},{"type":"Feature","properties":{"v":"Garhi Harsaru","m":"4","k":"18","t":"Harsaru","vc":"01173","area":3712.2,"lat":28.463,"lng":76.9282839},"geometry":{"type":"Polygon","coordinates":[[[76.9286215,28.4627457],[76.9286306,28.4632446],[76.9279462,28.4632543],[76.9279372,28.4627554],[76.9286215,28.4627457]]]}},{"type":"Feature","properties":{"v":"Garhi Harsaru","m":"4","k":"17/1","t":"Harsaru","vc":"01173","area":1974.4,"lat":28.463069,"lng":76.9291222},"geometry":{"type":"Polygon","coordinates":[[[76.9293059,28.462736],[76.9293158,28.4632803],[76.9291447,28.4632827],[76.9287683,28.4632881],[76.9291861,28.4627377],[76.9293059,28.462736]]]}},{"type":"Feature","properties":{"v":"Garhi Harsaru","m":"4","k":"16","t":"Harsaru","vc":"01173","area":4050.0,"lat":28.4630033,"lng":76.929653},"geometry":{"type":"Polygon","coordinates":[[[76.9293059,28.462736],[76.9299903,28.4627263],[76.9300001,28.4632706],[76.9293158,28.4632803],[76.9293059,28.462736]]]}},{"type":"Feature","properties":{"v":"Garhi Harsaru","m":"4","k":"15","t":"Harsaru","vc":"01173","area":4049.9,"lat":28.4635476,"lng":76.9296629},"geometry":{"type":"Polygon","coordinates":[[[76.9293158,28.4632803],[76.9300001,28.4632706],[76.93001,28.4638149],[76.9293256,28.4638246],[76.9293158,28.4632803]]]}},{"type":"Feature","properties":{"v":"Garhi Harsaru","m":"4","k":"14/1","t":"Harsaru","vc":"01173","area":3492.9,"lat":28.4635921,"lng":76.9288422},"geometry":{"type":"Polygon","coordinates":[[[76.9286413,28.4638343],[76.9283504,28.4638384],[76.9287683,28.4632881],[76.9291447,28.4632827],[76.9291545,28.463827],[76.9286413,28.4638343]]]}},{"type":"Feature","properties":{"v":"Garhi Harsaru","m":"4","k":"12","t":"Harsaru","vc":"01173","area":4049.9,"lat":28.4635767,"lng":76.9276098},"geometry":{"type":"Polygon","coordinates":[[[76.9272627,28.4633094],[76.927947,28.4632997],[76.9279569,28.463844],[76.9272725,28.4638537],[76.9272627,28.4633094]]]}},{"type":"Feature","properties":{"v":"Garhi Harsaru","m":"4","k":"11","t":"Harsaru","vc":"01173","area":4050.2,"lat":28.4635863,"lng":76.9269254},"geometry":{"type":"Polygon","coordinates":[[[76.9272627,28.4633094],[76.9272725,28.4638537],[76.9265881,28.4638633],[76.9265783,28.463319],[76.9272627,28.4633094]]]}},{"type":"Feature","properties":{"v":"Garhi Harsaru","m":"4","k":"10/1","t":"Harsaru","vc":"01173","area":1462.6,"lat":28.4643045,"lng":76.9269384},"geometry":{"type":"Polygon","coordinates":[[[76.9272824,28.464398],[76.926598,28.4644076],[76.9265944,28.4642111],[76.9272788,28.4642014],[76.9272824,28.464398]]]}},{"type":"Feature","properties":{"v":"Garhi Harsaru","m":"4","k":"9/2","t":"Harsaru","vc":"01173","area":3170.7,"lat":28.4640121,"lng":76.9276985},"geometry":{"type":"Polygon","coordinates":[[[76.9282478,28.4638399],[76.9279808,28.4641915],[76.9272788,28.4642014],[76.9272725,28.4638537],[76.9279569,28.463844],[76.9282478,28.4638399]]]}},{"type":"Feature","properties":{"v":"Garhi Harsaru","m":"4","k":"8","t":"Harsaru","vc":"01173","area":2987.1,"lat":28.4641487,"lng":76.9283794},"geometry":{"type":"Polygon","coordinates":[[[76.9286511,28.4643786],[76.9282063,28.4643849],[76.9281721,28.4643854],[76.9279325,28.4643888],[76.9283504,28.4638384],[76.9286413,28.4638343],[76.9286511,28.4643786]]]}},{"type":"Feature","properties":{"v":"Garhi Harsaru","m":"4","k":"7/2","t":"Harsaru","vc":"01173","area":3037.4,"lat":28.4641028,"lng":76.9289028},"geometry":{"type":"Polygon","coordinates":[[[76.9286413,28.4638343],[76.9291545,28.463827],[76.9291644,28.4643713],[76.9286511,28.4643786],[76.9286413,28.4638343]]]}},{"type":"Feature","properties":{"v":"Garhi Harsaru","m":"4","k":"6","t":"Harsaru","vc":"01173","area":4050.1,"lat":28.4640919,"lng":76.9296727},"geometry":{"type":"Polygon","coordinates":[[[76.9293355,28.4643689],[76.9293256,28.4638246],[76.93001,28.4638149],[76.9300171,28.464208],[76.9300199,28.4643592],[76.9293355,28.4643689]]]}},{"type":"Feature","properties":{"v":"Garhi Harsaru","m":"4","k":"5","t":"Harsaru","vc":"01173","area":2949.2,"lat":28.4645863,"lng":76.9296157},"geometry":{"type":"Polygon","coordinates":[[[76.9300199,28.4643592],[76.9300223,28.4644927],[76.9300224,28.4644953],[76.9295336,28.4649105],[76.9295321,28.4649106],[76.9293454,28.4649132],[76.9293404,28.4646411],[76.9293355,28.4643689],[76.9300199,28.4643592]]]}},{"type":"Feature","properties":{"v":"Garhi Harsaru","m":"4","k":"4/1","t":"Harsaru","vc":"01173","area":2025.0,"lat":28.464782,"lng":76.9290007},"geometry":{"type":"Polygon","coordinates":[[[76.928661,28.4649229],[76.9286566,28.464681],[76.9286561,28.4646507],[76.9293404,28.4646411],[76.9293454,28.4649132],[76.928661,28.4649229]]]}},{"type":"Feature","properties":{"v":"Garhi Harsaru","m":"4","k":"3/2/1","t":"Harsaru","vc":"01173","area":1169.8,"lat":28.4648051,"lng":76.9284364},"geometry":{"type":"Polygon","coordinates":[[[76.9282162,28.4649292],[76.9282118,28.4646873],[76.9286566,28.464681],[76.928661,28.4649229],[76.9282162,28.4649292]]]}},{"type":"Feature","properties":{"v":"Garhi Harsaru","m":"4","k":"2/1/1","t":"Harsaru","vc":"01173","area":1225.2,"lat":28.4647022,"lng":76.9274446},"geometry":{"type":"Polygon","coordinates":[[[76.9272922,28.4649423],[76.927285,28.4645431],[76.9277298,28.4645368],[76.927412,28.4649406],[76.9272922,28.4649423]]]}},{"type":"Feature","properties":{"v":"Garhi Harsaru","m":"4","k":"1/1","t":"Harsaru","vc":"01173","area":2969.9,"lat":28.4647475,"lng":76.9269464},"geometry":{"type":"Polygon","coordinates":[[[76.9272922,28.4649423],[76.9266079,28.4649519],[76.9266006,28.4645528],[76.927285,28.4645431],[76.9272922,28.4649423]]]}},{"type":"Feature","properties":{"v":"Garhi Harsaru","m":"5","k":"17","t":"Harsaru","vc":"01173","area":1442.3,"lat":28.4631367,"lng":76.9257385},"geometry":{"type":"Polygon","coordinates":[[[76.9258549,28.4627848],[76.9258841,28.4627844],[76.9258939,28.4633287],[76.9254463,28.463335],[76.9254407,28.4633351],[76.925843,28.4627941],[76.9258498,28.4627849],[76.9258549,28.4627848]]]}},{"type":"Feature","properties":{"v":"Garhi Harsaru","m":"5","k":"25/1","t":"Harsaru","vc":"01173","area":1380.0,"lat":28.46268,"lng":76.9262711},"geometry":{"type":"Polygon","coordinates":[[[76.9265684,28.4627747],[76.9258841,28.4627844],[76.9258549,28.4627848],[76.9258498,28.4627849],[76.9258601,28.462775],[76.9258835,28.4627524],[76.926015,28.4626253],[76.9260326,28.4626083],[76.9265641,28.4625328],[76.9265684,28.4627747]]]}},{"type":"Feature","properties":{"v":"Garhi Harsaru","m":"5","k":"16","t":"Harsaru","vc":"01173","area":4025.0,"lat":28.4630502,"lng":76.9262292},"geometry":{"type":"Polygon","coordinates":[[[76.9258841,28.4627844],[76.9265684,28.4627747],[76.9265775,28.4632737],[76.9265261,28.4632744],[76.926527,28.4633198],[76.9258939,28.4633287],[76.9258841,28.4627844]]]}},{"type":"Feature","properties":{"v":"Garhi Harsaru","m":"5","k":"15","t":"Harsaru","vc":"01173","area":3746.3,"lat":28.4635964,"lng":76.9262154},"geometry":{"type":"Polygon","coordinates":[[[76.926527,28.4633198],[76.9265368,28.4638641],[76.9259038,28.463873],[76.9258939,28.4633287],[76.926527,28.4633198]]]}},{"type":"Feature","properties":{"v":"Garhi Harsaru","m":"5","k":"14","t":"Harsaru","vc":"01173","area":3195.0,"lat":28.4636175,"lng":76.9256273},"geometry":{"type":"Polygon","coordinates":[[[76.9254463,28.463335],[76.9258939,28.4633287],[76.9259038,28.463873],[76.9252878,28.4638817],[76.9253445,28.4636635],[76.9254238,28.4633578],[76.9254341,28.4633439],[76.9254407,28.4633351],[76.9254463,28.463335]]]}},{"type":"Feature","properties":{"v":"Garhi Harsaru","m":"5","k":"7/2","t":"Harsaru","vc":"01173","area":2480.7,"lat":28.4640551,"lng":76.9255786},"geometry":{"type":"Polygon","coordinates":[[[76.9259038,28.463873],[76.9259101,28.4642208],[76.925214,28.4642306],[76.9252878,28.4638817],[76.9259038,28.463873]]]}},{"type":"Feature","properties":{"v":"Garhi Harsaru","m":"5","k":"6/2","t":"Harsaru","vc":"01173","area":2587.4,"lat":28.4640421,"lng":76.9262491},"geometry":{"type":"Polygon","coordinates":[[[76.9265368,28.4638641],[76.9265881,28.4638633],[76.9265944,28.4642111],[76.9259101,28.4642208],[76.9259038,28.463873],[76.9265368,28.4638641]]]}},{"type":"Feature","properties":{"v":"Garhi Harsaru","m":"5","k":"5/1","t":"Harsaru","vc":"01173","area":2969.5,"lat":28.4647572,"lng":76.9262621},"geometry":{"type":"Polygon","coordinates":[[[76.9259235,28.4649616],[76.9259163,28.4645625],[76.9266006,28.4645528],[76.9266079,28.4649519],[76.9259235,28.4649616]]]}},{"type":"Feature","properties":{"v":"Garhi Harsaru","m":"5","k":"4/1","t":"Harsaru","vc":"01173","area":3509.8,"lat":28.4647688,"lng":76.9255155},"geometry":{"type":"Polygon","coordinates":[[[76.9259235,28.4649616],[76.9252391,28.4649713],[76.9251022,28.4649732],[76.9251164,28.4646559],[76.9251201,28.4645737],[76.9252319,28.4645721],[76.9259163,28.4645625],[76.9259235,28.4649616]]]}},{"type":"Feature","properties":{"v":"Garhi Harsaru","m":"6","k":"5","t":"Harsaru","vc":"01173","area":90.0,"lat":28.4621907,"lng":76.9265123},"geometry":{"type":"Polygon","coordinates":[[[76.9265565,28.4621144],[76.9265586,28.4622304],[76.9264272,28.4622323],[76.9264217,28.4622324],[76.9264406,28.4622152],[76.9265512,28.4621142],[76.9265564,28.4621095],[76.9265565,28.4621144]]]}},{"type":"Feature","properties":{"v":"Garhi Harsaru","m":"7","k":"5/3","t":"Harsaru","vc":"01173","area":990.0,"lat":28.4620225,"lng":76.929852},"geometry":{"type":"Polygon","coordinates":[[[76.9299804,28.462182],[76.929604,28.4621873],[76.9299716,28.4616982],[76.9299804,28.462182]]]}},{"type":"Feature","properties":{"v":"Garhi Harsaru","m":"7","k":"5/1","t":"Harsaru","vc":"01173","area":236.2,"lat":28.4621425,"lng":76.9294157},"geometry":{"type":"Polygon","coordinates":[[[76.9292944,28.462101],[76.9295681,28.4620971],[76.9295013,28.4621888],[76.929296,28.4621917],[76.9292944,28.462101]]]}},{"type":"Feature","properties":{"v":"Garhi Harsaru","m":"7","k":"4/1","t":"Harsaru","vc":"01173","area":674.9,"lat":28.4621512,"lng":76.928953},"geometry":{"type":"Polygon","coordinates":[[[76.9292944,28.462101],[76.929296,28.4621917],[76.9286117,28.4622014],[76.92861,28.4621107],[76.9292944,28.462101]]]}},{"type":"Feature","properties":{"v":"Garhi Harsaru","m":"7","k":"14/2","t":"Harsaru","vc":"01173","area":1417.4,"lat":28.4608326,"lng":76.9291516},"geometry":{"type":"Polygon","coordinates":[[[76.9292763,28.4611031],[76.9290368,28.4611065],[76.9290269,28.4605622],[76.9292664,28.4605588],[76.9292763,28.4611031]]]}},{"type":"Feature","properties":{"v":"Garhi Harsaru","m":"7","k":"26","t":"Harsaru","vc":"01173","area":281.3,"lat":28.4606489,"lng":76.9282412},"geometry":{"type":"Polygon","coordinates":[[[76.9281571,28.4607257],[76.9281543,28.4605745],[76.9283254,28.4605721],[76.9283282,28.4607233],[76.9281571,28.4607257]]]}},{"type":"Feature","properties":{"v":"Garhi Harsaru","m":"7","k":"12/1","t":"Harsaru","vc":"01173","area":1721.3,"lat":28.460858,"lng":76.9273637},"geometry":{"type":"Polygon","coordinates":[[[76.9275042,28.4605837],[76.9275141,28.461128],[76.9272232,28.4611322],[76.9272134,28.4605879],[76.9275042,28.4605837]]]}},{"type":"Feature","properties":{"v":"Garhi Harsaru","m":"7","k":"20","t":"Harsaru","vc":"01173","area":1653.9,"lat":28.4603428,"lng":76.927072},"geometry":{"type":"Polygon","coordinates":[[[76.9272,28.4598506],[76.9272035,28.4600436],[76.9272134,28.4605879],[76.9268052,28.4605936],[76.9268028,28.4605937],[76.9268999,28.460411],[76.9270946,28.4600451],[76.927166,28.4599107],[76.9271999,28.459847],[76.9272,28.4598506]]]}},{"type":"Feature","properties":{"v":"Garhi Harsaru","m":"7","k":"17/1","t":"Harsaru","vc":"01173","area":1299.4,"lat":28.460311,"lng":76.9291421},"geometry":{"type":"Polygon","coordinates":[[[76.9290179,28.4600632],[76.9292574,28.4600599],[76.9292664,28.4605588],[76.9290269,28.4605622],[76.9290203,28.4601993],[76.9290179,28.4600632]]]}},{"type":"Feature","properties":{"v":"Garhi Harsaru","m":"7","k":"17/3/1","t":"Harsaru","vc":"01173","area":291.2,"lat":28.4601235,"lng":76.9287708},"geometry":{"type":"Polygon","coordinates":[[[76.9285747,28.4601603],[76.9285734,28.4600922],[76.9289669,28.4600867],[76.9289682,28.4601547],[76.9285747,28.4601603]]]}},{"type":"Feature","properties":{"v":"Garhi Harsaru","m":"7","k":"18/2/1","t":"Harsaru","vc":"01173","area":974.5,"lat":28.4600986,"lng":76.928219},"geometry":{"type":"Polygon","coordinates":[[[76.9278903,28.4601699],[76.9278879,28.4600339],[76.9285209,28.4600249],[76.9285221,28.4600929],[76.9285734,28.4600922],[76.9285747,28.4601603],[76.9278903,28.4601699]]]}},{"type":"Feature","properties":{"v":"Garhi Harsaru","m":"7","k":"13","t":"Harsaru","vc":"01173","area":3769.0,"lat":28.4608601,"lng":76.9282451},"geometry":{"type":"Polygon","coordinates":[[[76.9279076,28.4611225],[76.9278977,28.4605782],[76.9281543,28.4605745],[76.9281571,28.4607257],[76.9283282,28.4607233],[76.9283254,28.4605721],[76.9285821,28.4605685],[76.9285919,28.4611128],[76.9279076,28.4611225]]]}},{"type":"Feature","properties":{"v":"Garhi Harsaru","m":"7","k":"25/1","t":"Harsaru","vc":"01173","area":3746.0,"lat":28.4597379,"lng":76.9295681},"geometry":{"type":"Polygon","coordinates":[[[76.9292566,28.4600145],[76.9292467,28.4594702],[76.9298626,28.4594615],[76.9298797,28.4594612],[76.9298896,28.4600055],[76.9292566,28.4600145]]]}},{"type":"Feature","properties":{"v":"Garhi Harsaru","m":"7","k":"24/1","t":"Harsaru","vc":"01173","area":3037.8,"lat":28.4597484,"lng":76.9288239},"geometry":{"type":"Polygon","coordinates":[[[76.9285722,28.4600242],[76.9285623,28.4594799],[76.9290756,28.4594726],[76.9290855,28.4600169],[76.9289657,28.4600186],[76.9285722,28.4600242]]]}},{"type":"Feature","properties":{"v":"Garhi Harsaru","m":"7","k":"23/1","t":"Harsaru","vc":"01173","area":3796.8,"lat":28.459756,"lng":76.9282037},"geometry":{"type":"Polygon","coordinates":[[[76.9278879,28.4600339],[76.927878,28.4594896],[76.9283057,28.4594835],[76.9285281,28.4594804],[76.9285209,28.4600249],[76.9278879,28.4600339]]]}},{"type":"Feature","properties":{"v":"Garhi Harsaru","m":"7","k":"22","t":"Harsaru","vc":"01173","area":3338.9,"lat":28.4597992,"lng":76.9275876},"geometry":{"type":"Polygon","coordinates":[[[76.9275836,28.4594937],[76.927878,28.4594896],[76.9278879,28.4600339],[76.9272035,28.4600436],[76.9272,28.4598506],[76.9271999,28.459847],[76.9272045,28.4598427],[76.9272504,28.4597989],[76.927454,28.4596046],[76.9275594,28.4595041],[76.92757,28.4594939],[76.9275836,28.4594937]]]}},{"type":"Feature","properties":{"v":"Garhi Harsaru","m":"7","k":"19","t":"Harsaru","vc":"01173","area":4049.6,"lat":28.4603109,"lng":76.9275506},"geometry":{"type":"Polygon","coordinates":[[[76.9272035,28.4600436],[76.9278879,28.4600339],[76.9278903,28.4601699],[76.9278911,28.4602153],[76.9278977,28.4605782],[76.9275042,28.4605837],[76.9272134,28.4605879],[76.9272035,28.4600436]]]}},{"type":"Feature","properties":{"v":"Garhi Harsaru","m":"7","k":"18/1","t":"Harsaru","vc":"01173","area":2700.2,"lat":28.4603919,"lng":76.9282366},"geometry":{"type":"Polygon","coordinates":[[[76.9281543,28.4605745],[76.9278977,28.4605782],[76.9278911,28.4602153],[76.9285755,28.4602056],[76.9285821,28.4605685],[76.9283254,28.4605721],[76.9281543,28.4605745]]]}},{"type":"Feature","properties":{"v":"Garhi Harsaru","m":"7","k":"17/2","t":"Harsaru","vc":"01173","area":1755.1,"lat":28.4603839,"lng":76.9288012},"geometry":{"type":"Polygon","coordinates":[[[76.9290203,28.4601993],[76.9290269,28.4605622],[76.9285821,28.4605685],[76.9285755,28.4602056],[76.9290203,28.4601993]]]}},{"type":"Feature","properties":{"v":"Garhi Harsaru","m":"7","k":"16","t":"Harsaru","vc":"01173","area":3712.3,"lat":28.4603045,"lng":76.9296041},"geometry":{"type":"Polygon","coordinates":[[[76.9299417,28.4600502],[76.9299508,28.4605491],[76.9292664,28.4605588],[76.9292574,28.4600599],[76.9299417,28.4600502]]]}},{"type":"Feature","properties":{"v":"Garhi Harsaru","m":"7","k":"15","t":"Harsaru","vc":"01173","area":4050.0,"lat":28.4608261,"lng":76.9296135},"geometry":{"type":"Polygon","coordinates":[[[76.9292763,28.4611031],[76.9292664,28.4605588],[76.9299508,28.4605491],[76.9299606,28.4610934],[76.9292763,28.4611031]]]}},{"type":"Feature","properties":{"v":"Garhi Harsaru","m":"7","k":"14/1","t":"Harsaru","vc":"01173","area":2632.7,"lat":28.4608375,"lng":76.9288094},"geometry":{"type":"Polygon","coordinates":[[[76.9285821,28.4605685],[76.9290269,28.4605622],[76.9290368,28.4611065],[76.9285919,28.4611128],[76.9285821,28.4605685]]]}},{"type":"Feature","properties":{"v":"Garhi Harsaru","m":"7","k":"12/2","t":"Harsaru","vc":"01173","area":2328.8,"lat":28.4608531,"lng":76.9277059},"geometry":{"type":"Polygon","coordinates":[[[76.9279076,28.4611225],[76.9275141,28.461128],[76.9275042,28.4605837],[76.9278977,28.4605782],[76.9279076,28.4611225]]]}},{"type":"Feature","properties":{"v":"Garhi Harsaru","m":"7","k":"10","t":"Harsaru","vc":"01173","area":2126.5,"lat":28.4614285,"lng":76.9270455},"geometry":{"type":"Polygon","coordinates":[[[76.9269504,28.461136],[76.9272232,28.4611322],[76.9272331,28.4616765],[76.9267882,28.4616828],[76.9268545,28.4614581],[76.9269465,28.4611461],[76.9269495,28.461136],[76.9269504,28.461136]]]}},{"type":"Feature","properties":{"v":"Garhi Harsaru","m":"7","k":"9","t":"Harsaru","vc":"01173","area":4050.3,"lat":28.4613995,"lng":76.9275703},"geometry":{"type":"Polygon","coordinates":[[[76.9279076,28.4611225],[76.9279174,28.4616668],[76.9272331,28.4616765],[76.9272232,28.4611322],[76.9275141,28.461128],[76.9279076,28.4611225]]]}},{"type":"Feature","properties":{"v":"Garhi Harsaru","m":"7","k":"8","t":"Harsaru","vc":"01173","area":4050.0,"lat":28.4613898,"lng":76.9282547},"geometry":{"type":"Polygon","coordinates":[[[76.9279076,28.4611225],[76.9285919,28.4611128],[76.9286018,28.4616571],[76.9279174,28.4616668],[76.9279076,28.4611225]]]}},{"type":"Feature","properties":{"v":"Garhi Harsaru","m":"7","k":"7","t":"Harsaru","vc":"01173","area":4050.3,"lat":28.4613801,"lng":76.928939},"geometry":{"type":"Polygon","coordinates":[[[76.9292763,28.4611031],[76.9292862,28.4616474],[76.9286018,28.4616571],[76.9285919,28.4611128],[76.9290368,28.4611065],[76.9292763,28.4611031]]]}},{"type":"Feature","properties":{"v":"Garhi Harsaru","m":"7","k":"6","t":"Harsaru","vc":"01173","area":4032.8,"lat":28.4613694,"lng":76.929622},"geometry":{"type":"Polygon","coordinates":[[[76.9292763,28.4611031],[76.9299606,28.4610934],[76.9299694,28.4615772],[76.9299192,28.4616384],[76.9292862,28.4616474],[76.9292763,28.4611031]]]}},{"type":"Feature","properties":{"v":"Garhi Harsaru","m":"7","k":"5/2","t":"Harsaru","vc":"01173","area":2235.8,"lat":28.4618408,"lng":76.9295283},"geometry":{"type":"Polygon","coordinates":[[[76.9295681,28.4620971],[76.9292944,28.462101],[76.9292862,28.4616474],[76.9299192,28.4616384],[76.9295681,28.4620971]]]}},{"type":"Feature","properties":{"v":"Garhi Harsaru","m":"7","k":"4/2","t":"Harsaru","vc":"01173","area":3375.4,"lat":28.4618791,"lng":76.9289481},"geometry":{"type":"Polygon","coordinates":[[[76.92861,28.4621107],[76.9286018,28.4616571],[76.9292862,28.4616474],[76.9292944,28.462101],[76.92861,28.4621107]]]}},{"type":"Feature","properties":{"v":"Garhi Harsaru","m":"7","k":"3","t":"Harsaru","vc":"01173","area":4050.2,"lat":28.4619341,"lng":76.9282645},"geometry":{"type":"Polygon","coordinates":[[[76.9279174,28.4616668],[76.9286018,28.4616571],[76.92861,28.4621107],[76.9286117,28.4622014],[76.9279273,28.4622111],[76.9279174,28.4616668]]]}},{"type":"Feature","properties":{"v":"Garhi Harsaru","m":"7","k":"2","t":"Harsaru","vc":"01173","area":4050.0,"lat":28.4619438,"lng":76.9275802},"geometry":{"type":"Polygon","coordinates":[[[76.9279174,28.4616668],[76.9279273,28.4622111],[76.9272429,28.4622208],[76.9272331,28.4616765],[76.9279174,28.4616668]]]}},{"type":"Feature","properties":{"v":"Garhi Harsaru","m":"7","k":"1","t":"Harsaru","vc":"01173","area":3363.8,"lat":28.4619753,"lng":76.9269481},"geometry":{"type":"Polygon","coordinates":[[[76.9272331,28.4616765],[76.9272429,28.4622208],[76.9265586,28.4622304],[76.9265565,28.4621144],[76.9265564,28.4621095],[76.9266472,28.4620223],[76.9266779,28.4619927],[76.9266788,28.4619901],[76.9267646,28.4617492],[76.9267771,28.4617142],[76.9267882,28.4616828],[76.9272331,28.4616765]]]}},{"type":"Feature","properties":{"v":"Garhi Harsaru","m":"8","k":"10/2","t":"Harsaru","vc":"01173","area":990.0,"lat":28.4612529,"lng":76.930089},"geometry":{"type":"Polygon","coordinates":[[[76.9299694,28.4615772],[76.9299606,28.4610934],[76.930337,28.4610881],[76.9299694,28.4615772]]]}},{"type":"Feature","properties":{"v":"Garhi Harsaru","m":"8","k":"7/1","t":"Harsaru","vc":"01173","area":405.4,"lat":28.4613273,"lng":76.9326688},"geometry":{"type":"Polygon","coordinates":[[[76.9326981,28.4610546],[76.932708,28.4615989],[76.9326395,28.4615999],[76.9326296,28.4610556],[76.9326981,28.4610546]]]}},{"type":"Feature","properties":{"v":"Garhi Harsaru","m":"8","k":"19/2","t":"Harsaru","vc":"01173","area":1716.9,"lat":28.4602357,"lng":76.9308083},"geometry":{"type":"Polygon","coordinates":[[[76.9306351,28.4605394],[76.9306261,28.4600405],[76.9311393,28.4600332],[76.9307549,28.4605377],[76.9306351,28.4605394]]]}},{"type":"Feature","properties":{"v":"Garhi Harsaru","m":"8","k":"24/1","t":"Harsaru","vc":"01173","area":1721.5,"lat":28.4597165,"lng":76.9321432},"geometry":{"type":"Polygon","coordinates":[[[76.9322926,28.4594573],[76.9323019,28.4599713],[76.9319939,28.4599757],[76.9319846,28.4594616],[76.9322926,28.4594573]]]}},{"type":"Feature","properties":{"v":"Garhi Harsaru","m":"8","k":"22/1","t":"Harsaru","vc":"01173","area":565.4,"lat":28.459945,"lng":76.9309112},"geometry":{"type":"Polygon","coordinates":[[[76.9312224,28.4598959],[76.9311727,28.4599874],[76.9306253,28.4599951],[76.9306236,28.4599044],[76.9312224,28.4598959]]]}},{"type":"Feature","properties":{"v":"Garhi Harsaru","m":"8","k":"13","t":"Harsaru","vc":"01173","area":4049.7,"lat":28.460797,"lng":76.9316666},"geometry":{"type":"Polygon","coordinates":[[[76.9313294,28.461074],[76.9313195,28.4605297],[76.9320038,28.46052],[76.9320137,28.4610643],[76.9313294,28.461074]]]}},{"type":"Feature","properties":{"v":"Garhi Harsaru","m":"8","k":"25","t":"Harsaru","vc":"01173","area":4050.1,"lat":28.459689,"lng":76.9330155},"geometry":{"type":"Polygon","coordinates":[[[76.9326783,28.459966],[76.9326684,28.4594217],[76.9333528,28.459412],[76.9333626,28.4599563],[76.9326783,28.459966]]]}},{"type":"Feature","properties":{"v":"Garhi Harsaru","m":"8","k":"24/2","t":"Harsaru","vc":"01173","area":2227.4,"lat":28.4596965,"lng":76.9324852},"geometry":{"type":"Polygon","coordinates":[[[76.9322926,28.4594573],[76.932292,28.459427],[76.9326684,28.4594217],[76.9326783,28.459966],[76.9323019,28.4599713],[76.9322926,28.4594573]]]}},{"type":"Feature","properties":{"v":"Garhi Harsaru","m":"8","k":"23","t":"Harsaru","vc":"01173","area":2887.8,"lat":28.459756,"lng":76.9317184},"geometry":{"type":"Polygon","coordinates":[[[76.9316698,28.4594661],[76.9319846,28.4594616],[76.9319939,28.4599757],[76.9313096,28.4599854],[76.9312754,28.4599859],[76.9316698,28.4594661]]]}},{"type":"Feature","properties":{"v":"Garhi Harsaru","m":"8","k":"22/2","t":"Harsaru","vc":"01173","area":3880.4,"lat":28.4596539,"lng":76.9310201},"geometry":{"type":"Polygon","coordinates":[[[76.9306236,28.4599044],[76.9306154,28.4594508],[76.9312997,28.4594411],[76.9315902,28.459437],[76.9312224,28.4598959],[76.9306236,28.4599044]]]}},{"type":"Feature","properties":{"v":"Garhi Harsaru","m":"8","k":"21","t":"Harsaru","vc":"01173","area":4050.2,"lat":28.4597278,"lng":76.9302781},"geometry":{"type":"Polygon","coordinates":[[[76.9299409,28.4600048],[76.929931,28.4594605],[76.9306154,28.4594508],[76.9306236,28.4599044],[76.9306253,28.4599951],[76.9299409,28.4600048]]]}},{"type":"Feature","properties":{"v":"Garhi Harsaru","m":"8","k":"20","t":"Harsaru","vc":"01173","area":3712.2,"lat":28.4602948,"lng":76.9302884},"geometry":{"type":"Polygon","coordinates":[[[76.9306351,28.4605394],[76.9299508,28.4605491],[76.9299417,28.4600502],[76.9306261,28.4600405],[76.9306351,28.4605394]]]}},{"type":"Feature","properties":{"v":"Garhi Harsaru","m":"8","k":"19/1","t":"Harsaru","vc":"01173","area":1468.3,"lat":28.460338,"lng":76.9311612},"geometry":{"type":"Polygon","coordinates":[[[76.9312754,28.4599859],[76.9313096,28.4599854],[76.9313195,28.4605297],[76.9308575,28.4605363],[76.9312754,28.4599859]]]}},{"type":"Feature","properties":{"v":"Garhi Harsaru","m":"8","k":"18","t":"Harsaru","vc":"01173","area":4049.8,"lat":28.4602527,"lng":76.9316567},"geometry":{"type":"Polygon","coordinates":[[[76.9313195,28.4605297],[76.9313096,28.4599854],[76.9319939,28.4599757],[76.9320038,28.46052],[76.9313195,28.4605297]]]}},{"type":"Feature","properties":{"v":"Garhi Harsaru","m":"8","k":"17","t":"Harsaru","vc":"01173","area":4050.5,"lat":28.460243,"lng":76.932341},"geometry":{"type":"Polygon","coordinates":[[[76.9320038,28.46052],[76.9319939,28.4599757],[76.9323019,28.4599713],[76.9326783,28.459966],[76.9326882,28.4605103],[76.9320038,28.46052]]]}},{"type":"Feature","properties":{"v":"Garhi Harsaru","m":"8","k":"16","t":"Harsaru","vc":"01173","area":4049.8,"lat":28.4602333,"lng":76.9330254},"geometry":{"type":"Polygon","coordinates":[[[76.9326882,28.4605103],[76.9326783,28.459966],[76.9333626,28.4599563],[76.9333725,28.4605006],[76.9326882,28.4605103]]]}},{"type":"Feature","properties":{"v":"Garhi Harsaru","m":"8","k":"15","t":"Harsaru","vc":"01173","area":4049.7,"lat":28.4607776,"lng":76.9330353},"geometry":{"type":"Polygon","coordinates":[[[76.9326981,28.4610546],[76.9326882,28.4605103],[76.9333725,28.4605006],[76.9333824,28.4610449],[76.9326981,28.4610546]]]}},{"type":"Feature","properties":{"v":"Garhi Harsaru","m":"8","k":"14","t":"Harsaru","vc":"01173","area":4050.4,"lat":28.4607873,"lng":76.932351},"geometry":{"type":"Polygon","coordinates":[[[76.9326981,28.4610546],[76.9326296,28.4610556],[76.9320137,28.4610643],[76.9320038,28.46052],[76.9326882,28.4605103],[76.9326981,28.4610546]]]}},{"type":"Feature","properties":{"v":"Garhi Harsaru","m":"8","k":"12","t":"Harsaru","vc":"01173","area":3999.5,"lat":28.4608355,"lng":76.9309758},"geometry":{"type":"Polygon","coordinates":[[[76.930645,28.4610837],[76.9304397,28.4610866],[76.9308575,28.4605363],[76.9313195,28.4605297],[76.9313294,28.461074],[76.930645,28.4610837]]]}},{"type":"Feature","properties":{"v":"Garhi Harsaru","m":"8","k":"11","t":"Harsaru","vc":"01173","area":3493.3,"lat":28.460784,"lng":76.9302631},"geometry":{"type":"Polygon","coordinates":[[[76.9306351,28.4605394],[76.9307549,28.4605377],[76.930337,28.4610881],[76.9299606,28.4610934],[76.9299508,28.4605491],[76.9306351,28.4605394]]]}},{"type":"Feature","properties":{"v":"Garhi Harsaru","m":"8","k":"10/1","t":"Harsaru","vc":"01173","area":2480.9,"lat":28.4614054,"lng":76.930423},"geometry":{"type":"Polygon","coordinates":[[[76.930645,28.4610837],[76.9306549,28.461628],[76.9300218,28.461637],[76.9304397,28.4610866],[76.930645,28.4610837]]]}},{"type":"Feature","properties":{"v":"Garhi Harsaru","m":"8","k":"9","t":"Harsaru","vc":"01173","area":4050.0,"lat":28.461351,"lng":76.9309921},"geometry":{"type":"Polygon","coordinates":[[[76.9313392,28.4616183],[76.9306549,28.461628],[76.930645,28.4610837],[76.9313294,28.461074],[76.9313392,28.4616183]]]}},{"type":"Feature","properties":{"v":"Garhi Harsaru","m":"8","k":"8","t":"Harsaru","vc":"01173","area":4050.0,"lat":28.4613413,"lng":76.9316765},"geometry":{"type":"Polygon","coordinates":[[[76.9313294,28.461074],[76.9320137,28.4610643],[76.9320236,28.4616086],[76.9313392,28.4616183],[76.9313294,28.461074]]]}},{"type":"Feature","properties":{"v":"Garhi Harsaru","m":"8","k":"7/2","t":"Harsaru","vc":"01173","area":3644.9,"lat":28.4613321,"lng":76.9323266},"geometry":{"type":"Polygon","coordinates":[[[76.9326395,28.4615999],[76.9320236,28.4616086],[76.9320137,28.4610643],[76.9326296,28.4610556],[76.9326395,28.4615999]]]}},{"type":"Feature","properties":{"v":"Garhi Harsaru","m":"8","k":"6","t":"Harsaru","vc":"01173","area":3176.5,"lat":28.4612853,"lng":76.9329865},"geometry":{"type":"Polygon","coordinates":[[[76.9333824,28.4610449],[76.9333849,28.461181],[76.933273,28.4613009],[76.9330093,28.4615835],[76.9329988,28.4615948],[76.9329762,28.4615951],[76.932708,28.4615989],[76.9326981,28.4610546],[76.9333824,28.4610449]]]}},{"type":"Feature","properties":{"v":"Garhi Harsaru","m":"8","k":"4/1","t":"Harsaru","vc":"01173","area":1392.1,"lat":28.4620184,"lng":76.9323009},"geometry":{"type":"Polygon","coordinates":[[[76.9320335,28.4621529],[76.9320291,28.461911],[76.9326858,28.4619017],[76.9324354,28.4621472],[76.9320335,28.4621529]]]}},{"type":"Feature","properties":{"v":"Garhi Harsaru","m":"8","k":"3/2","t":"Harsaru","vc":"01173","area":1710.1,"lat":28.4620366,"lng":76.9317062},"geometry":{"type":"Polygon","coordinates":[[[76.9313833,28.4621621],[76.9313789,28.4619202],[76.9320291,28.461911],[76.9320335,28.4621529],[76.9313833,28.4621621]]]}},{"type":"Feature","properties":{"v":"Garhi Harsaru","m":"8","k":"2","t":"Harsaru","vc":"01173","area":4049.7,"lat":28.4618953,"lng":76.931002},"geometry":{"type":"Polygon","coordinates":[[[76.9306549,28.461628],[76.9313392,28.4616183],[76.9313447,28.4619207],[76.9313491,28.4621626],[76.9306648,28.4621723],[76.9306549,28.461628]]]}},{"type":"Feature","properties":{"v":"Garhi Harsaru","m":"8","k":"1","t":"Harsaru","vc":"01173","area":3746.7,"lat":28.4619047,"lng":76.9303433},"geometry":{"type":"Polygon","coordinates":[[[76.9306648,28.4621723],[76.9300317,28.4621813],[76.9300218,28.461637],[76.9306549,28.461628],[76.9306648,28.4621723]]]}},{"type":"Feature","properties":{"v":"Garhi Harsaru","m":"7","k":"11","t":"Harsaru","vc":"01173","area":1963.9,"lat":28.4608269,"lng":76.9270417},"geometry":{"type":"Polygon","coordinates":[[[76.9268052,28.4605936],[76.9272134,28.4605879],[76.9272232,28.4611322],[76.9269504,28.461136],[76.9269495,28.461136],[76.9269953,28.4609801],[76.9269968,28.460975],[76.9267518,28.4606895],[76.9267884,28.4606206],[76.9267978,28.460603],[76.9268028,28.4605937],[76.9268052,28.4605936]]]}},{"type":"Feature","properties":{"v":"Garhi Harsaru","m":"4","k":"4/2","t":"Harsaru","vc":"01173","area":2025.0,"lat":28.4645098,"lng":76.9289958},"geometry":{"type":"Polygon","coordinates":[[[76.9293355,28.4643689],[76.9293404,28.4646411],[76.9286561,28.4646507],[76.9286511,28.4643786],[76.9291644,28.4643713],[76.9293355,28.4643689]]]}},{"type":"Feature","properties":{"v":"Garhi Harsaru","m":"4","k":"3/2/2","t":"Harsaru","vc":"01173","area":1462.5,"lat":28.464533,"lng":76.9284315},"geometry":{"type":"Polygon","coordinates":[[[76.9286511,28.4643786],[76.9286561,28.4646507],[76.9286566,28.464681],[76.9282118,28.4646873],[76.9282063,28.4643849],[76.9286511,28.4643786]]]}},{"type":"Feature","properties":{"v":"Garhi Harsaru","m":"3","k":"10/1","t":"Harsaru","vc":"01173","area":507.7,"lat":28.4643022,"lng":76.9301272},"geometry":{"type":"Polygon","coordinates":[[[76.9303422,28.4642034],[76.9300449,28.4644747],[76.930038,28.464481],[76.9300224,28.4644953],[76.9300223,28.4644927],[76.9300199,28.4643592],[76.9300171,28.464208],[76.9303422,28.4642034]]]}},{"type":"Feature","properties":{"v":"Garhi Harsaru","m":"4","k":"2/1/2","t":"Harsaru","vc":"01173","area":782.8,"lat":28.4644645,"lng":76.9275326},"geometry":{"type":"Polygon","coordinates":[[[76.9278299,28.4643902],[76.9277298,28.4645368],[76.927285,28.4645431],[76.9272824,28.464398],[76.9278299,28.4643902]]]}},{"type":"Feature","properties":{"v":"Garhi Harsaru","m":"5","k":"4/2","t":"Harsaru","vc":"01173","area":1249.2,"lat":28.4644956,"lng":76.9255192},"geometry":{"type":"Polygon","coordinates":[[[76.9251266,28.4644284],[76.9252292,28.464427],[76.9259136,28.4644173],[76.9259163,28.4645625],[76.9252319,28.4645721],[76.9251201,28.4645737],[76.9251266,28.4644284]]]}},{"type":"Feature","properties":{"v":"Garhi Harsaru","m":"5","k":"5/2","t":"Harsaru","vc":"01173","area":1080.4,"lat":28.464485,"lng":76.9262571},"geometry":{"type":"Polygon","coordinates":[[[76.926598,28.4644076],[76.9266006,28.4645528],[76.9259163,28.4645625],[76.9259136,28.4644173],[76.926598,28.4644076]]]}},{"type":"Feature","properties":{"v":"Garhi Harsaru","m":"4","k":"1/2","t":"Harsaru","vc":"01173","area":1080.1,"lat":28.4644754,"lng":76.9269415},"geometry":{"type":"Polygon","coordinates":[[[76.926598,28.4644076],[76.9272824,28.464398],[76.927285,28.4645431],[76.9266006,28.4645528],[76.926598,28.4644076]]]}},{"type":"Feature","properties":{"v":"Garhi Harsaru","m":"4","k":"9/1","t":"Harsaru","vc":"01173","area":1335.1,"lat":28.4642912,"lng":76.9275945},"geometry":{"type":"Polygon","coordinates":[[[76.9272824,28.464398],[76.9272788,28.4642014],[76.9279808,28.4641915],[76.9278299,28.4643902],[76.9272824,28.464398]]]}},{"type":"Feature","properties":{"v":"Garhi Harsaru","m":"4","k":"10/2","t":"Harsaru","vc":"01173","area":2587.6,"lat":28.4640324,"lng":76.9269334},"geometry":{"type":"Polygon","coordinates":[[[76.9265944,28.4642111],[76.9265881,28.4638633],[76.9272725,28.4638537],[76.9272788,28.4642014],[76.9265944,28.4642111]]]}},{"type":"Feature","properties":{"v":"Garhi Harsaru","m":"5","k":"6/1","t":"Harsaru","vc":"01173","area":1462.1,"lat":28.4643142,"lng":76.926254},"geometry":{"type":"Polygon","coordinates":[[[76.926598,28.4644076],[76.9259136,28.4644173],[76.9259101,28.4642208],[76.9265944,28.4642111],[76.926598,28.4644076]]]}},{"type":"Feature","properties":{"v":"Garhi Harsaru","m":"5","k":"7/1","t":"Harsaru","vc":"01173","area":1593.6,"lat":28.4643265,"lng":76.9255384},"geometry":{"type":"Polygon","coordinates":[[[76.9251266,28.4644284],[76.9251285,28.464405],[76.925214,28.4642306],[76.9259101,28.4642208],[76.9259136,28.4644173],[76.9252292,28.464427],[76.9251266,28.4644284]]]}},{"type":"Feature","properties":{"v":"Garhi Harsaru","m":"4","k":"20/2","t":"Harsaru","vc":"01173","area":1763.2,"lat":28.4630168,"lng":76.9270948},"geometry":{"type":"Polygon","coordinates":[[[76.9272618,28.463264],[76.9269368,28.4632686],[76.9269277,28.4627697],[76.9272528,28.4627651],[76.9272618,28.463264]]]}},{"type":"Feature","properties":{"v":"Garhi Harsaru","m":"5","k":"25/2","t":"Harsaru","vc":"01173","area":1151.2,"lat":28.4624332,"lng":76.9263737},"geometry":{"type":"Polygon","coordinates":[[[76.9264272,28.4622323],[76.9265586,28.4622304],[76.9265641,28.4625328],[76.9260326,28.4626083],[76.926356,28.4622959],[76.9263925,28.4622606],[76.9264113,28.4622424],[76.9264217,28.4622324],[76.9264272,28.4622323]]]}},{"type":"Feature","properties":{"v":"Garhi Harsaru","m":"3","k":"19/1","t":"Harsaru","vc":"01173","area":599.4,"lat":28.4629762,"lng":76.931312},"geometry":{"type":"Polygon","coordinates":[[[76.931359,28.4627069],[76.931368,28.4632013],[76.9313681,28.4632059],[76.9313347,28.4632517],[76.9313177,28.4632519],[76.9312662,28.4632527],[76.9312563,28.4627084],[76.931359,28.4627069]]]}},{"type":"Feature","properties":{"v":"Garhi Harsaru","m":"3","k":"22/1/2","t":"Harsaru","vc":"01173","area":236.4,"lat":28.4626018,"lng":76.9313058},"geometry":{"type":"Polygon","coordinates":[[[76.931359,28.4627069],[76.9312563,28.4627084],[76.9312525,28.4624967],[76.9313552,28.4624952],[76.931359,28.4627069]]]}},{"type":"Feature","properties":{"v":"Garhi Harsaru","m":"3","k":"22/1/3","t":"Harsaru","vc":"01173","area":33.7,"lat":28.4624809,"lng":76.9313036},"geometry":{"type":"Polygon","coordinates":[[[76.931252,28.4624665],[76.9313546,28.462465],[76.9313552,28.4624952],[76.9312525,28.4624967],[76.931252,28.4624665]]]}},{"type":"Feature","properties":{"v":"Garhi Harsaru","m":"3","k":"23/2","t":"Harsaru","vc":"01173","area":1272.6,"lat":28.462411,"lng":76.9317764},"geometry":{"type":"Polygon","coordinates":[[[76.9313866,28.4623436],[76.9322424,28.4623314],[76.9321271,28.4624414],[76.9320828,28.4624849],[76.9313894,28.4624948],[76.9313866,28.4623436]]]}},{"type":"Feature","properties":{"v":"Garhi Harsaru","m":"3","k":"23/3","t":"Harsaru","vc":"01173","area":1882.0,"lat":28.4622429,"lng":76.9318635},"geometry":{"type":"Polygon","coordinates":[[[76.9324354,28.4621472],[76.9322424,28.4623314],[76.9313866,28.4623436],[76.9313833,28.4621621],[76.9320335,28.4621529],[76.9324354,28.4621472]]]}},{"type":"Feature","properties":{"v":"Garhi Harsaru","m":"3","k":"23/4","t":"Harsaru","vc":"01173","area":123.8,"lat":28.4623287,"lng":76.9313692},"geometry":{"type":"Polygon","coordinates":[[[76.9313499,28.462208],[76.9313491,28.4621626],[76.9313833,28.4621621],[76.9313866,28.4623436],[76.9313894,28.4624948],[76.9313552,28.4624952],[76.9313546,28.462465],[76.9313499,28.462208]]]}},{"type":"Feature","properties":{"v":"Garhi Harsaru","m":"3","k":"22/2/2","t":"Harsaru","vc":"01173","area":956.3,"lat":28.4623389,"lng":76.9311812},"geometry":{"type":"Polygon","coordinates":[[[76.9313546,28.462465],[76.931252,28.4624665],[76.9310124,28.4624699],[76.9310078,28.4622128],[76.9313499,28.462208],[76.9313546,28.462465]]]}},{"type":"Feature","properties":{"v":"Garhi Harsaru","m":"8","k":"3/3","t":"Harsaru","vc":"01173","area":2250.2,"lat":28.4617646,"lng":76.9316842},"geometry":{"type":"Polygon","coordinates":[[[76.9313392,28.4616183],[76.9320236,28.4616086],[76.9320291,28.461911],[76.9313789,28.4619202],[76.9313447,28.4619207],[76.9313392,28.4616183]]]}},{"type":"Feature","properties":{"v":"Garhi Harsaru","m":"8","k":"3/1","t":"Harsaru","vc":"01173","area":90.0,"lat":28.4620414,"lng":76.931364},"geometry":{"type":"Polygon","coordinates":[[[76.9313789,28.4619202],[76.9313833,28.4621621],[76.9313491,28.4621626],[76.9313447,28.4619207],[76.9313789,28.4619202]]]}},{"type":"Feature","properties":{"v":"Garhi Harsaru","m":"8","k":"4/2","t":"Harsaru","vc":"01173","area":2682.8,"lat":28.4617441,"lng":76.9324393},"geometry":{"type":"Polygon","coordinates":[[[76.9326395,28.4615999],[76.932708,28.4615989],[76.9329762,28.4615951],[76.9329988,28.4615948],[76.9328804,28.4617109],[76.9326858,28.4619017],[76.9320291,28.461911],[76.9320236,28.4616086],[76.9326395,28.4615999]]]}},{"type":"Feature","properties":{"v":"Garhi Harsaru","m":"7","k":"25/2","t":"Harsaru","vc":"01173","area":303.6,"lat":28.459733,"lng":76.9299103},"geometry":{"type":"Polygon","coordinates":[[[76.9298896,28.4600055],[76.9298797,28.4594612],[76.929931,28.4594605],[76.9299409,28.4600048],[76.9298896,28.4600055]]]}},{"type":"Feature","properties":{"v":"Garhi Harsaru","m":"7","k":"24/2","t":"Harsaru","vc":"01173","area":1012.6,"lat":28.4597436,"lng":76.9291661},"geometry":{"type":"Polygon","coordinates":[[[76.9290855,28.4600169],[76.9290756,28.4594726],[76.9292467,28.4594702],[76.9292566,28.4600145],[76.9290855,28.4600169]]]}},{"type":"Feature","properties":{"v":"Garhi Harsaru","m":"7","k":"18/2/2","t":"Harsaru","vc":"01173","area":37.9,"lat":28.4600585,"lng":76.9285471},"geometry":{"type":"Polygon","coordinates":[[[76.9285722,28.4600242],[76.9285734,28.4600922],[76.9285221,28.4600929],[76.9285209,28.4600249],[76.9285722,28.4600242]]]}},{"type":"Feature","properties":{"v":"Garhi Harsaru","m":"7","k":"23/2","t":"Harsaru","vc":"01173","area":253.0,"lat":28.4597705,"lng":76.9285459},"geometry":{"type":"Polygon","coordinates":[[[76.9285209,28.4600249],[76.9285281,28.4594804],[76.9285623,28.4594799],[76.9285722,28.4600242],[76.9285209,28.4600249]]]}},{"type":"Feature","properties":{"v":"Garhi Harsaru","m":"7","k":"17/3/2","t":"Harsaru","vc":"01173","area":291.1,"lat":28.4600554,"lng":76.9287696},"geometry":{"type":"Polygon","coordinates":[[[76.9285722,28.4600242],[76.9289657,28.4600186],[76.9289669,28.4600867],[76.9285734,28.4600922],[76.9285722,28.4600242]]]}},{"type":"Feature","properties":{"v":"Garhi Harsaru","m":"11","k":"6","t":"Harsaru","vc":"01173","area":1329.1,"lat":28.4584919,"lng":76.9362136},"geometry":{"type":"Polygon","coordinates":[[[76.9363774,28.4586202],[76.9360791,28.4587683],[76.9360703,28.4582845],[76.9363612,28.4582804],[76.9363774,28.4586202]]]}},{"type":"Feature","properties":{"v":"Garhi Harsaru","m":"11","k":"8/1","t":"Harsaru","vc":"01173","area":1170.4,"lat":28.4583964,"lng":76.935114},"geometry":{"type":"Polygon","coordinates":[[[76.9348385,28.458302],[76.935386,28.4582942],[76.9353896,28.4584908],[76.9348421,28.4584986],[76.9348385,28.458302]]]}},{"type":"Feature","properties":{"v":"Garhi Harsaru","m":"11","k":"13/1","t":"Harsaru","vc":"01173","area":1338.7,"lat":28.458015,"lng":76.9348162},"geometry":{"type":"Polygon","coordinates":[[[76.9349313,28.4577563],[76.9349406,28.4582703],[76.9347011,28.4582737],[76.9346992,28.4581679],[76.9346953,28.4579562],[76.9346917,28.4577597],[76.9349313,28.4577563]]]}},{"type":"Feature","properties":{"v":"Garhi Harsaru","m":"11","k":"14/1","t":"Harsaru","vc":"01173","area":562.5,"lat":28.4582516,"lng":76.9357274},"geometry":{"type":"Polygon","coordinates":[[[76.9360703,28.4582845],[76.935386,28.4582942],[76.9353854,28.458264],[76.9353846,28.4582186],[76.9360689,28.4582089],[76.9360703,28.4582845]]]}},{"type":"Feature","properties":{"v":"Garhi Harsaru","m":"11","k":"15/1","t":"Harsaru","vc":"01173","area":239.2,"lat":28.4582446,"lng":76.9362151},"geometry":{"type":"Polygon","coordinates":[[[76.9363575,28.4582048],[76.9363598,28.4582048],[76.9363603,28.4582311],[76.9363612,28.4582804],[76.9360703,28.4582845],[76.9360689,28.4582089],[76.9363575,28.4582048]]]}},{"type":"Feature","properties":{"v":"Garhi Harsaru","m":"11","k":"15/2","t":"Harsaru","vc":"01173","area":1351.4,"lat":28.4579802,"lng":76.9361978},"geometry":{"type":"Polygon","coordinates":[[[76.9362999,28.4577368],[76.9363049,28.4577758],[76.9363461,28.4580982],[76.9363598,28.4582048],[76.9363575,28.4582048],[76.9360689,28.4582089],[76.9360604,28.4577402],[76.9362999,28.4577368]]]}},{"type":"Feature","properties":{"v":"Garhi Harsaru","m":"11","k":"16/2","t":"Harsaru","vc":"01173","area":557.0,"lat":28.4573348,"lng":76.9361474},"geometry":{"type":"Polygon","coordinates":[[[76.9362216,28.4571935],[76.9362608,28.4574652],[76.9360555,28.4574681],[76.9360505,28.4571959],[76.9362216,28.4571935]]]}},{"type":"Feature","properties":{"v":"Garhi Harsaru","m":"11","k":"16/1","t":"Harsaru","vc":"01173","area":658.0,"lat":28.4576061,"lng":76.9361694},"geometry":{"type":"Polygon","coordinates":[[[76.9360604,28.4577402],[76.9360555,28.4574681],[76.9362608,28.4574652],[76.9362999,28.4577368],[76.9360604,28.4577402]]]}},{"type":"Feature","properties":{"v":"Garhi Harsaru","m":"11","k":"19/1","t":"Harsaru","vc":"01173","area":1721.3,"lat":28.4574896,"lng":76.9345414},"geometry":{"type":"Polygon","coordinates":[[[76.934391,28.4572195],[76.9346819,28.4572154],[76.9346917,28.4577597],[76.9344009,28.4577638],[76.934391,28.4572195]]]}},{"type":"Feature","properties":{"v":"Garhi Harsaru","m":"11","k":"19/2","t":"Harsaru","vc":"01173","area":2025.2,"lat":28.4574941,"lng":76.9342248},"geometry":{"type":"Polygon","coordinates":[[[76.9340488,28.4572244],[76.934391,28.4572195],[76.9344009,28.4577638],[76.9340587,28.4577687],[76.9340488,28.4572244]]]}},{"type":"Feature","properties":{"v":"Garhi Harsaru","m":"11","k":"21/1","t":"Harsaru","vc":"01173","area":990.1,"lat":28.45685,"lng":76.9334317},"geometry":{"type":"Polygon","coordinates":[[[76.9336797,28.4566852],[76.9333121,28.4571743],[76.9333115,28.4571435],[76.9333033,28.4566905],[76.9336797,28.4566852]]]}},{"type":"Feature","properties":{"v":"Garhi Harsaru","m":"11","k":"22/2","t":"Harsaru","vc":"01173","area":1721.6,"lat":28.4569453,"lng":76.9345315},"geometry":{"type":"Polygon","coordinates":[[[76.934672,28.4566711],[76.9346819,28.4572154],[76.934391,28.4572195],[76.9343811,28.4566752],[76.934672,28.4566711]]]}},{"type":"Feature","properties":{"v":"Garhi Harsaru","m":"11","k":"25/1","t":"Harsaru","vc":"01173","area":556.9,"lat":28.4570544,"lng":76.9361423},"geometry":{"type":"Polygon","coordinates":[[[76.9362216,28.4571935],[76.9360505,28.4571959],[76.9360456,28.4569238],[76.9362509,28.4569209],[76.9362269,28.4571445],[76.9362216,28.4571935]]]}},{"type":"Feature","properties":{"v":"Garhi Harsaru","m":"11","k":"24/2","t":"Harsaru","vc":"01173","area":303.8,"lat":28.4567884,"lng":76.9359918},"geometry":{"type":"Polygon","coordinates":[[[76.9359429,28.4569252],[76.935938,28.4566531],[76.9360406,28.4566516],[76.9360456,28.4569238],[76.9359429,28.4569252]]]}},{"type":"Feature","properties":{"v":"Garhi Harsaru","m":"11","k":"25/2","t":"Harsaru","vc":"01173","area":683.5,"lat":28.456781,"lng":76.936159},"geometry":{"type":"Polygon","coordinates":[[[76.9360456,28.4569238],[76.9360406,28.4566516],[76.9362972,28.456648],[76.9362509,28.4569209],[76.9360456,28.4569238]]]}},{"type":"Feature","properties":{"v":"Garhi Harsaru","m":"11","k":"24/1","t":"Harsaru","vc":"01173","area":3746.1,"lat":28.45694,"lng":76.93568},"geometry":{"type":"Polygon","coordinates":[[[76.9353662,28.4572056],[76.9353563,28.4566613],[76.935938,28.4566531],[76.9359429,28.4569252],[76.9360456,28.4569238],[76.9360505,28.4571959],[76.9353662,28.4572056]]]}},{"type":"Feature","properties":{"v":"Garhi Harsaru","m":"11","k":"23","t":"Harsaru","vc":"01173","area":4049.9,"lat":28.4569384,"lng":76.9350191},"geometry":{"type":"Polygon","coordinates":[[[76.9346819,28.4572154],[76.934672,28.4566711],[76.9353563,28.4566613],[76.9353662,28.4572056],[76.9346819,28.4572154]]]}},{"type":"Feature","properties":{"v":"Garhi Harsaru","m":"11","k":"22/1","t":"Harsaru","vc":"01173","area":2328.9,"lat":28.4569502,"lng":76.9341893},"geometry":{"type":"Polygon","coordinates":[[[76.9339975,28.4572251],[76.9339876,28.4566808],[76.9343811,28.4566752],[76.934391,28.4572195],[76.9340488,28.4572244],[76.9339975,28.4572251]]]}},{"type":"Feature","properties":{"v":"Garhi Harsaru","m":"11","k":"21/2","t":"Harsaru","vc":"01173","area":2480.7,"lat":28.4570025,"lng":76.9337656},"geometry":{"type":"Polygon","coordinates":[[[76.9339876,28.4566808],[76.9339975,28.4572251],[76.9333645,28.4572341],[76.9337823,28.4566837],[76.9339876,28.4566808]]]}},{"type":"Feature","properties":{"v":"Garhi Harsaru","m":"11","k":"20","t":"Harsaru","vc":"01173","area":3656.2,"lat":28.4575285,"lng":76.9336625},"geometry":{"type":"Polygon","coordinates":[[[76.9340074,28.4577694],[76.9333231,28.4577791],[76.9333143,28.4572953],[76.9339983,28.4572704],[76.9340074,28.4577694]]]}},{"type":"Feature","properties":{"v":"Garhi Harsaru","m":"11","k":"17/2","t":"Harsaru","vc":"01173","area":2025.5,"lat":28.4573369,"lng":76.9357108},"geometry":{"type":"Polygon","coordinates":[[[76.9360555,28.4574681],[76.9353711,28.4574778],[76.9353662,28.4572056],[76.9360505,28.4571959],[76.9360555,28.4574681]]]}},{"type":"Feature","properties":{"v":"Garhi Harsaru","m":"11","k":"18","t":"Harsaru","vc":"01173","area":4050.1,"lat":28.4574827,"lng":76.935029},"geometry":{"type":"Polygon","coordinates":[[[76.9346917,28.4577597],[76.9346819,28.4572154],[76.9353662,28.4572056],[76.9353711,28.4574778],[76.9353761,28.4577499],[76.9349313,28.4577563],[76.9346917,28.4577597]]]}},{"type":"Feature","properties":{"v":"Garhi Harsaru","m":"11","k":"17/1","t":"Harsaru","vc":"01173","area":2024.7,"lat":28.457609,"lng":76.9357158},"geometry":{"type":"Polygon","coordinates":[[[76.9353761,28.4577499],[76.9353711,28.4574778],[76.9360555,28.4574681],[76.9360604,28.4577402],[76.9353761,28.4577499]]]}},{"type":"Feature","properties":{"v":"Garhi Harsaru","m":"11","k":"14/2","t":"Harsaru","vc":"01173","area":3487.3,"lat":28.4579794,"lng":76.9357225},"geometry":{"type":"Polygon","coordinates":[[[76.9353846,28.4582186],[76.9353761,28.4577499],[76.9360604,28.4577402],[76.9360689,28.4582089],[76.9353846,28.4582186]]]}},{"type":"Feature","properties":{"v":"Garhi Harsaru","m":"11","k":"13/2","t":"Harsaru","vc":"01173","area":2486.2,"lat":28.4580101,"lng":76.9351584},"geometry":{"type":"Polygon","coordinates":[[[76.9349406,28.4582703],[76.9349313,28.4577563],[76.9353761,28.4577499],[76.9353846,28.4582186],[76.9353854,28.458264],[76.9349406,28.4582703]]]}},{"type":"Feature","properties":{"v":"Garhi Harsaru","m":"11","k":"12/1","t":"Harsaru","vc":"01173","area":728.2,"lat":28.4582253,"lng":76.9343837},"geometry":{"type":"Polygon","coordinates":[[[76.9340681,28.4582827],[76.9340662,28.4581769],[76.9346992,28.4581679],[76.9347011,28.4582737],[76.9340681,28.4582827]]]}},{"type":"Feature","properties":{"v":"Garhi Harsaru","m":"11","k":"11","t":"Harsaru","vc":"01173","area":4049.9,"lat":28.4580464,"lng":76.9336702},"geometry":{"type":"Polygon","coordinates":[[[76.9333231,28.4577791],[76.9340074,28.4577694],[76.9340173,28.4583137],[76.933333,28.4583234],[76.9333231,28.4577791]]]}},{"type":"Feature","properties":{"v":"Garhi Harsaru","m":"11","k":"10","t":"Harsaru","vc":"01173","area":4050.0,"lat":28.4585907,"lng":76.9336801},"geometry":{"type":"Polygon","coordinates":[[[76.9340272,28.458858],[76.9333429,28.4588677],[76.9333335,28.4583536],[76.933333,28.4583234],[76.9340173,28.4583137],[76.9340272,28.458858]]]}},{"type":"Feature","properties":{"v":"Garhi Harsaru","m":"11","k":"9","t":"Harsaru","vc":"01173","area":3341.4,"lat":28.4585811,"lng":76.9343559},"geometry":{"type":"Polygon","coordinates":[[[76.9346332,28.4583049],[76.9346431,28.4588492],[76.9340785,28.4588573],[76.9340686,28.458313],[76.9346332,28.4583049]]]}},{"type":"Feature","properties":{"v":"Garhi Harsaru","m":"11","k":"8/2","t":"Harsaru","vc":"01173","area":2880.3,"lat":28.4586423,"lng":76.9350222},"geometry":{"type":"Polygon","coordinates":[[[76.9347115,28.4588483],[76.9347016,28.458304],[76.9348385,28.458302],[76.9348421,28.4584986],[76.9353896,28.4584908],[76.9353959,28.4588385],[76.9347115,28.4588483]]]}},{"type":"Feature","properties":{"v":"Garhi Harsaru","m":"11","k":"7","t":"Harsaru","vc":"01173","area":3985.0,"lat":28.4585575,"lng":76.9357285},"geometry":{"type":"Polygon","coordinates":[[[76.9353959,28.4588385],[76.9353896,28.4584908],[76.935386,28.4582942],[76.9360703,28.4582845],[76.9360791,28.4587683],[76.9358833,28.4588316],[76.9353959,28.4588385]]]}},{"type":"Feature","properties":{"v":"Garhi Harsaru","m":"11","k":"3","t":"Harsaru","vc":"01173","area":4915.2,"lat":28.4590777,"lng":76.9351535},"geometry":{"type":"Polygon","coordinates":[[[76.9347115,28.4588483],[76.9353959,28.4588385],[76.9358833,28.4588316],[76.9354028,28.4592215],[76.9352347,28.4593853],[76.9347214,28.4593926],[76.9347115,28.4588483]]]}},{"type":"Feature","properties":{"v":"Garhi Harsaru","m":"11","k":"2","t":"Harsaru","vc":"01173","area":3746.2,"lat":28.4591249,"lng":76.9344},"geometry":{"type":"Polygon","coordinates":[[[76.9347214,28.4593926],[76.9341671,28.4594004],[76.9341329,28.4594009],[76.9340884,28.4594016],[76.9340785,28.4588573],[76.9346431,28.4588492],[76.9347115,28.4588483],[76.9347214,28.4593926]]]}},{"type":"Feature","properties":{"v":"Garhi Harsaru","m":"11","k":"1","t":"Harsaru","vc":"01173","area":3937.8,"lat":28.4591425,"lng":76.9336901},"geometry":{"type":"Polygon","coordinates":[[[76.9340275,28.4588731],[76.9340371,28.4594023],[76.9333528,28.459412],[76.9333431,28.4588828],[76.9340275,28.4588731]]]}},{"type":"Feature","properties":{"v":"Garhi Harsaru","m":"14","k":"261","t":"Harsaru","vc":"01173","area":582.5,"lat":28.4561055,"lng":76.9350935},"geometry":{"type":"Polygon","coordinates":[[[76.9353458,28.4560868],[76.9359788,28.4560778],[76.9359794,28.4561081],[76.9359281,28.4561088],[76.9353464,28.456117],[76.9346621,28.4561268],[76.9342001,28.4561333],[76.9342167,28.4561028],[76.9346615,28.4560965],[76.9350208,28.4560914],[76.9353458,28.4560868]]]}},{"type":"Feature","properties":{"v":"Garhi Harsaru","m":"14","k":"7/1","t":"Harsaru","vc":"01173","area":303.8,"lat":28.4558356,"lng":76.9360001},"geometry":{"type":"Polygon","coordinates":[[[76.9359788,28.4560778],[76.9359695,28.4555638],[76.9360208,28.455563],[76.9360241,28.4557445],[76.9360307,28.4561073],[76.9359794,28.4561081],[76.9359788,28.4560778]]]}},{"type":"Feature","properties":{"v":"Garhi Harsaru","m":"14","k":"262","t":"Harsaru","vc":"01173","area":545.9,"lat":28.4550691,"lng":76.9343808},"geometry":{"type":"Polygon","coordinates":[[[76.9339088,28.4551696],[76.933908,28.4551242],[76.9339066,28.4550486],[76.933958,28.4550479],[76.9346423,28.4550382],[76.9349502,28.4550338],[76.9349083,28.4550798],[76.9346431,28.4550835],[76.9339588,28.4550932],[76.9339602,28.4551688],[76.9339088,28.4551696]]]}},{"type":"Feature","properties":{"v":"Garhi Harsaru","m":"14","k":"4/2","t":"Harsaru","vc":"01173","area":607.2,"lat":28.4563802,"lng":76.9359844},"geometry":{"type":"Polygon","coordinates":[[[76.9360307,28.4561073],[76.9360406,28.4566516],[76.935938,28.4566531],[76.9359281,28.4561088],[76.9359794,28.4561081],[76.9360307,28.4561073]]]}},{"type":"Feature","properties":{"v":"Garhi Harsaru","m":"14","k":"9/2","t":"Harsaru","vc":"01173","area":1994.5,"lat":28.4558031,"lng":76.9341636},"geometry":{"type":"Polygon","coordinates":[[[76.9339777,28.4561365],[76.9339679,28.4555922],[76.9345221,28.4555843],[76.9340975,28.4561348],[76.9339777,28.4561365]]]}},{"type":"Feature","properties":{"v":"Garhi Harsaru","m":"14","k":"8/1","t":"Harsaru","vc":"01173","area":1816.8,"lat":28.4558321,"lng":76.9351786},"geometry":{"type":"Polygon","coordinates":[[[76.9353458,28.4560868],[76.9350208,28.4560914],[76.9350114,28.4555774],[76.9353365,28.4555727],[76.9353458,28.4560868]]]}},{"type":"Feature","properties":{"v":"Garhi Harsaru","m":"14","k":"6/2","t":"Harsaru","vc":"01173","area":1005.7,"lat":28.4556484,"lng":76.9362776},"geometry":{"type":"Polygon","coordinates":[[[76.9360208,28.455563],[76.9365597,28.4555554],[76.9365048,28.4557376],[76.9360241,28.4557445],[76.9360208,28.455563]]]}},{"type":"Feature","properties":{"v":"Garhi Harsaru","m":"14","k":"11/1/1","t":"Harsaru","vc":"01173","area":1181.7,"lat":28.4553884,"lng":76.933408},"geometry":{"type":"Polygon","coordinates":[[[76.9335325,28.4551749],[76.9335402,28.4555982],[76.9332835,28.4556019],[76.9332758,28.4551785],[76.9335325,28.4551749]]]}},{"type":"Feature","properties":{"v":"Garhi Harsaru","m":"14","k":"11/2/2","t":"Harsaru","vc":"01173","area":520.5,"lat":28.4550909,"lng":76.9335908},"geometry":{"type":"Polygon","coordinates":[[[76.9332736,28.4550576],[76.9334105,28.4550556],[76.9339066,28.4550486],[76.933908,28.4551242],[76.933275,28.4551332],[76.9332736,28.4550576]]]}},{"type":"Feature","properties":{"v":"Garhi Harsaru","m":"14","k":"24/1/2","t":"Harsaru","vc":"01173","area":1694.9,"lat":28.454135,"lng":76.9354862},"geometry":{"type":"Polygon","coordinates":[[[76.93582,28.4539326],[76.9354093,28.4544526],[76.9353161,28.4544539],[76.9353068,28.4539398],[76.93582,28.4539326]]]}},{"type":"Feature","properties":{"v":"Garhi Harsaru","m":"14","k":"16/2","t":"Harsaru","vc":"01173","area":674.9,"lat":28.4545149,"lng":76.936344},"geometry":{"type":"Polygon","coordinates":[[[76.9360027,28.4545651],[76.936001,28.4544744],[76.9366853,28.4544647],[76.936687,28.4545554],[76.9360027,28.4545651]]]}},{"type":"Feature","properties":{"v":"Garhi Harsaru","m":"14","k":"17/2","t":"Harsaru","vc":"01173","area":542.8,"lat":28.4545247,"lng":76.9357263},"geometry":{"type":"Polygon","coordinates":[[[76.9360027,28.4545651],[76.9354153,28.4545735],[76.9354878,28.4544817],[76.936001,28.4544744],[76.9360027,28.4545651]]]}},{"type":"Feature","properties":{"v":"Garhi Harsaru","m":"14","k":"20/2","t":"Harsaru","vc":"01173","area":652.5,"lat":28.4548374,"lng":76.9333381},"geometry":{"type":"Polygon","coordinates":[[[76.9334025,28.4546172],[76.9334105,28.4550556],[76.9332736,28.4550576],[76.9332662,28.4546494],[76.9332657,28.4546191],[76.9334025,28.4546172]]]}},{"type":"Feature","properties":{"v":"Garhi Harsaru","m":"14","k":"20/3","t":"Harsaru","vc":"01173","area":787.4,"lat":28.4545614,"lng":76.9336069},"geometry":{"type":"Polygon","coordinates":[[[76.9339481,28.4545036],[76.93395,28.4546094],[76.9334025,28.4546172],[76.9332657,28.4546191],[76.9332638,28.4545133],[76.9339481,28.4545036]]]}},{"type":"Feature","properties":{"v":"Garhi Harsaru","m":"14","k":"13/1","t":"Harsaru","vc":"01173","area":2767.9,"lat":28.4553611,"lng":76.9350633},"geometry":{"type":"Polygon","coordinates":[[[76.9346522,28.4555825],[76.934618,28.455583],[76.9350255,28.4550781],[76.9353274,28.4550738],[76.9353365,28.4555727],[76.9350114,28.4555774],[76.9346522,28.4555825]]]}},{"type":"Feature","properties":{"v":"Garhi Harsaru","m":"14","k":"25","t":"Harsaru","vc":"01173","area":4050.0,"lat":28.4541974,"lng":76.9363382},"geometry":{"type":"Polygon","coordinates":[[[76.936001,28.4544744],[76.9359911,28.4539301],[76.9366754,28.4539204],[76.9366853,28.4544647],[76.936001,28.4544744]]]}},{"type":"Feature","properties":{"v":"Garhi Harsaru","m":"14","k":"24/2","t":"Harsaru","vc":"01173","area":1721.0,"lat":28.4542741,"lng":76.9358236},"geometry":{"type":"Polygon","coordinates":[[[76.9359911,28.4539301],[76.936001,28.4544744],[76.9354878,28.4544817],[76.9359227,28.4539311],[76.9359911,28.4539301]]]}},{"type":"Feature","properties":{"v":"Garhi Harsaru","m":"14","k":"23","t":"Harsaru","vc":"01173","area":4049.8,"lat":28.4542168,"lng":76.9349696},"geometry":{"type":"Polygon","coordinates":[[[76.9346324,28.4544939],[76.9346225,28.4539496],[76.9353068,28.4539398],[76.9353161,28.4544539],[76.9353167,28.4544841],[76.9346324,28.4544939]]]}},{"type":"Feature","properties":{"v":"Garhi Harsaru","m":"14","k":"22","t":"Harsaru","vc":"01173","area":4050.0,"lat":28.4542266,"lng":76.9342853},"geometry":{"type":"Polygon","coordinates":[[[76.9339481,28.4545036],[76.9339382,28.4539593],[76.9346225,28.4539496],[76.9346324,28.4544939],[76.9339481,28.4545036]]]}},{"type":"Feature","properties":{"v":"Garhi Harsaru","m":"14","k":"21","t":"Harsaru","vc":"01173","area":4050.1,"lat":28.4542363,"lng":76.933601},"geometry":{"type":"Polygon","coordinates":[[[76.9339481,28.4545036],[76.9332638,28.4545133],[76.9332613,28.4543772],[76.9332539,28.453969],[76.9339382,28.4539593],[76.9339481,28.4545036]]]}},{"type":"Feature","properties":{"v":"Garhi Harsaru","m":"14","k":"20/1","t":"Harsaru","vc":"01173","area":2610.1,"lat":28.4548325,"lng":76.9336803},"geometry":{"type":"Polygon","coordinates":[[[76.9334025,28.4546172],[76.93395,28.4546094],[76.933958,28.4550479],[76.9339066,28.4550486],[76.9334105,28.4550556],[76.9334025,28.4546172]]]}},{"type":"Feature","properties":{"v":"Garhi Harsaru","m":"14","k":"19","t":"Harsaru","vc":"01173","area":4050.0,"lat":28.4547709,"lng":76.9342952},"geometry":{"type":"Polygon","coordinates":[[[76.9346423,28.4550382],[76.933958,28.4550479],[76.93395,28.4546094],[76.9339481,28.4545036],[76.9346324,28.4544939],[76.9346423,28.4550382]]]}},{"type":"Feature","properties":{"v":"Garhi Harsaru","m":"14","k":"18","t":"Harsaru","vc":"01173","area":3138.8,"lat":28.454724,"lng":76.9349174},"geometry":{"type":"Polygon","coordinates":[[[76.9346324,28.4544939],[76.9353167,28.4544841],[76.9353851,28.4544832],[76.9349502,28.4550338],[76.9346423,28.4550382],[76.9346324,28.4544939]]]}},{"type":"Feature","properties":{"v":"Garhi Harsaru","m":"14","k":"17/1","t":"Harsaru","vc":"01173","area":3810.8,"lat":28.4548156,"lng":76.9356134},"geometry":{"type":"Polygon","coordinates":[[[76.9354153,28.4545735],[76.9360027,28.4545651],[76.9360109,28.4550187],[76.9354977,28.455026],[76.9353266,28.4550284],[76.9350529,28.4550323],[76.9354153,28.4545735]]]}},{"type":"Feature","properties":{"v":"Garhi Harsaru","m":"14","k":"16/1","t":"Harsaru","vc":"01173","area":3375.1,"lat":28.4547871,"lng":76.9363489},"geometry":{"type":"Polygon","coordinates":[[[76.936687,28.4545554],[76.9366952,28.455009],[76.9360109,28.4550187],[76.9360027,28.4545651],[76.936687,28.4545554]]]}},{"type":"Feature","properties":{"v":"Garhi Harsaru","m":"14","k":"15","t":"Harsaru","vc":"01173","area":3811.2,"lat":28.4552755,"lng":76.9363394},"geometry":{"type":"Polygon","coordinates":[[[76.9366952,28.455009],[76.9366992,28.4552266],[76.9366996,28.4552509],[76.9366264,28.4554103],[76.9366079,28.4554505],[76.9365597,28.4555554],[76.9360208,28.455563],[76.9360109,28.4550187],[76.9366952,28.455009]]]}},{"type":"Feature","properties":{"v":"Garhi Harsaru","m":"14","k":"14/2","t":"Harsaru","vc":"01173","area":3037.6,"lat":28.4552945,"lng":76.9357592},"geometry":{"type":"Polygon","coordinates":[[[76.9360109,28.4550187],[76.9360208,28.455563],[76.9359695,28.4555638],[76.9355076,28.4555703],[76.9354985,28.4550714],[76.9354977,28.455026],[76.9360109,28.4550187]]]}},{"type":"Feature","properties":{"v":"Garhi Harsaru","m":"14","k":"12","t":"Harsaru","vc":"01173","area":4079.2,"lat":28.4553154,"lng":76.9343475},"geometry":{"type":"Polygon","coordinates":[[[76.9349083,28.4550798],[76.9345221,28.4555843],[76.9339679,28.4555922],[76.9339602,28.4551688],[76.9339588,28.4550932],[76.9346431,28.4550835],[76.9349083,28.4550798]]]}},{"type":"Feature","properties":{"v":"Garhi Harsaru","m":"14","k":"11/1/2","t":"Harsaru","vc":"01173","area":1968.6,"lat":28.4553835,"lng":76.9337502},"geometry":{"type":"Polygon","coordinates":[[[76.9339679,28.4555922],[76.9335402,28.4555982],[76.9335325,28.4551749],[76.9339088,28.4551696],[76.9339602,28.4551688],[76.9339679,28.4555922]]]}},{"type":"Feature","properties":{"v":"Garhi Harsaru","m":"14","k":"10","t":"Harsaru","vc":"01173","area":4050.4,"lat":28.4558692,"lng":76.9336306},"geometry":{"type":"Polygon","coordinates":[[[76.9339777,28.4561365],[76.9332934,28.4561462],[76.9332835,28.4556019],[76.9335402,28.4555982],[76.9339679,28.4555922],[76.9339777,28.4561365]]]}},{"type":"Feature","properties":{"v":"Garhi Harsaru","m":"14","k":"9/1","t":"Harsaru","vc":"01173","area":1338.5,"lat":28.455915,"lng":76.9345091},"geometry":{"type":"Polygon","coordinates":[[[76.9346522,28.4555825],[76.9346615,28.4560965],[76.9342167,28.4561028],[76.934618,28.455583],[76.9346522,28.4555825]]]}},{"type":"Feature","properties":{"v":"Garhi Harsaru","m":"14","k":"8/2","t":"Harsaru","vc":"01173","area":2007.8,"lat":28.455837,"lng":76.9348365},"geometry":{"type":"Polygon","coordinates":[[[76.9346522,28.4555825],[76.9350114,28.4555774],[76.9350208,28.4560914],[76.9346615,28.4560965],[76.9346522,28.4555825]]]}},{"type":"Feature","properties":{"v":"Garhi Harsaru","m":"14","k":"7/2","t":"Harsaru","vc":"01173","area":3538.1,"lat":28.4558253,"lng":76.9356576},"geometry":{"type":"Polygon","coordinates":[[[76.9359788,28.4560778],[76.9353458,28.4560868],[76.9353365,28.4555727],[76.9355076,28.4555703],[76.9359695,28.4555638],[76.9359788,28.4560778]]]}},{"type":"Feature","properties":{"v":"Garhi Harsaru","m":"14","k":"6/1","t":"Harsaru","vc":"01173","area":1707.1,"lat":28.4559161,"lng":76.9362445},"geometry":{"type":"Polygon","coordinates":[[[76.9365048,28.4557376],[76.9364153,28.4561019],[76.9360307,28.4561073],[76.9360241,28.4557445],[76.9365048,28.4557376]]]}},{"type":"Feature","properties":{"v":"Garhi Harsaru","m":"14","k":"5","t":"Harsaru","vc":"01173","area":1888.7,"lat":28.4563589,"lng":76.936197},"geometry":{"type":"Polygon","coordinates":[[[76.9364153,28.4561019],[76.9363664,28.4563194],[76.9363367,28.4564518],[76.9363156,28.4565567],[76.9362972,28.456648],[76.9360406,28.4566516],[76.9360307,28.4561073],[76.9364153,28.4561019]]]}},{"type":"Feature","properties":{"v":"Garhi Harsaru","m":"14","k":"4/1","t":"Harsaru","vc":"01173","area":3442.7,"lat":28.4563851,"lng":76.9356422},"geometry":{"type":"Polygon","coordinates":[[[76.9353563,28.4566613],[76.9353464,28.456117],[76.9359281,28.4561088],[76.935938,28.4566531],[76.9353563,28.4566613]]]}},{"type":"Feature","properties":{"v":"Garhi Harsaru","m":"14","k":"3","t":"Harsaru","vc":"01173","area":4049.9,"lat":28.4563941,"lng":76.9350092},"geometry":{"type":"Polygon","coordinates":[[[76.9346621,28.4561268],[76.9353464,28.456117],[76.9353563,28.4566613],[76.934672,28.4566711],[76.9346621,28.4561268]]]}},{"type":"Feature","properties":{"v":"Garhi Harsaru","m":"14","k":"2","t":"Harsaru","vc":"01173","area":4000.0,"lat":28.4564326,"lng":76.9343184},"geometry":{"type":"Polygon","coordinates":[[[76.934672,28.4566711],[76.9343811,28.4566752],[76.9339876,28.4566808],[76.9337823,28.4566837],[76.9342001,28.4561333],[76.9346621,28.4561268],[76.934672,28.4566711]]]}},{"type":"Feature","properties":{"v":"Garhi Harsaru","m":"14","k":"1/1","t":"Harsaru","vc":"01173","area":3105.7,"lat":28.4564083,"lng":76.9335957},"geometry":{"type":"Polygon","coordinates":[[[76.9332942,28.4561916],[76.9340627,28.4561806],[76.9336797,28.4566852],[76.9333033,28.4566905],[76.9332942,28.4561916]]]}},{"type":"Feature","properties":{"v":"Garhi Harsaru","m":"15","k":"20","t":"Harsaru","vc":"01173","area":1391.3,"lat":28.4547253,"lng":76.9367986},"geometry":{"type":"Polygon","coordinates":[[[76.9369248,28.4544613],[76.9370104,28.4544601],[76.936964,28.4545792],[76.9367793,28.4550485],[76.9366996,28.4552509],[76.9366992,28.4552266],[76.9366952,28.455009],[76.936687,28.4545554],[76.9366853,28.4544647],[76.9369248,28.4544613]]]}},{"type":"Feature","properties":{"v":"Garhi Harsaru","m":"15","k":"21/1","t":"Harsaru","vc":"01173","area":1417.5,"lat":28.4541908,"lng":76.9368001},"geometry":{"type":"Polygon","coordinates":[[[76.9366853,28.4544647],[76.9366754,28.4539204],[76.9369149,28.453917],[76.9369248,28.4544613],[76.9366853,28.4544647]]]}},{"type":"Feature","properties":{"v":"Garhi Harsaru","m":"18","k":"65","t":"Harsaru","vc":"01173","area":7129.8,"lat":28.4540082,"lng":76.9358228},"geometry":{"type":"Polygon","coordinates":[[[76.9362549,28.4533819],[76.9363303,28.4532901],[76.936657,28.4529074],[76.9366923,28.4528313],[76.9367064,28.4528008],[76.9371331,28.4522806],[76.9375596,28.4517301],[76.9380287,28.451179],[76.9383914,28.4507134],[76.938386,28.4508343],[76.9383621,28.4508664],[76.9381313,28.4511775],[76.9376622,28.4517286],[76.9372273,28.4522792],[76.9367945,28.4528298],[76.9366592,28.4530314],[76.9363736,28.4533803],[76.9359227,28.4539311],[76.9354878,28.4544817],[76.9354153,28.4545735],[76.9350529,28.4550323],[76.9350255,28.4550781],[76.934618,28.455583],[76.9342167,28.4561028],[76.9342001,28.4561333],[76.9337823,28.4566837],[76.9333645,28.4572341],[76.9333143,28.4572953],[76.9333132,28.4572348],[76.9333121,28.4571743],[76.9336797,28.4566852],[76.9340627,28.4561806],[76.9340975,28.4561348],[76.9345221,28.4555843],[76.9349083,28.4550798],[76.9349502,28.4550338],[76.9353851,28.4544832],[76.9354093,28.4544526],[76.93582,28.4539326],[76.9362549,28.4533819]]]}},{"type":"Feature","properties":{"v":"Garhi Harsaru","m":"18","k":"6/1","t":"Harsaru","vc":"01173","area":307.9,"lat":28.4533363,"lng":76.9361373},"geometry":{"type":"Polygon","coordinates":[[[76.9363303,28.4532901],[76.9362549,28.4533819],[76.9359812,28.4533858],[76.9359796,28.4532951],[76.9363303,28.4532901]]]}},{"type":"Feature","properties":{"v":"Garhi Harsaru","m":"18","k":"26","t":"Harsaru","vc":"01173","area":378.2,"lat":28.4533094,"lng":76.9342002},"geometry":{"type":"Polygon","coordinates":[[[76.9341128,28.453209],[76.9342839,28.4532065],[76.9342875,28.4534099],[76.9341165,28.4534123],[76.9341128,28.453209]]]}},{"type":"Feature","properties":{"v":"Garhi Harsaru","m":"18","k":"11/1","t":"Harsaru","vc":"01173","area":1822.3,"lat":28.452606,"lng":76.9333831},"geometry":{"type":"Polygon","coordinates":[[[76.933542,28.452876],[76.9332341,28.4528804],[76.9332242,28.4523361],[76.9335321,28.4523317],[76.933542,28.452876]]]}},{"type":"Feature","properties":{"v":"Garhi Harsaru","m":"18","k":"27","t":"Harsaru","vc":"01173","area":731.1,"lat":28.4523477,"lng":76.9361334},"geometry":{"type":"Polygon","coordinates":[[[76.9363063,28.4524436],[76.9359642,28.4524484],[76.9359614,28.4522972],[76.9359606,28.4522519],[76.9363027,28.452247],[76.9363035,28.4522924],[76.9363063,28.4524436]]]}},{"type":"Feature","properties":{"v":"Garhi Harsaru","m":"18","k":"14/1","t":"Harsaru","vc":"01173","area":1620.0,"lat":28.4525772,"lng":76.9354189},"geometry":{"type":"Polygon","coordinates":[[[76.9355602,28.4528171],[76.9355607,28.4528474],[76.935287,28.4528512],[76.9352782,28.4523674],[76.9352771,28.4523069],[76.9355508,28.4523031],[76.9355602,28.4528171]]]}},{"type":"Feature","properties":{"v":"Garhi Harsaru","m":"18","k":"13/2","t":"Harsaru","vc":"01173","area":449.8,"lat":28.452342,"lng":76.9349356},"geometry":{"type":"Polygon","coordinates":[[[76.9345939,28.4523771],[76.9345928,28.4523167],[76.9352771,28.4523069],[76.9352782,28.4523674],[76.9345939,28.4523771]]]}},{"type":"Feature","properties":{"v":"Garhi Harsaru","m":"18","k":"17/2","t":"Harsaru","vc":"01173","area":1822.4,"lat":28.4520326,"lng":76.9354261},"geometry":{"type":"Polygon","coordinates":[[[76.9352771,28.4523069],[76.9352672,28.4517626],[76.9354725,28.4517597],[76.935558,28.4517585],[76.9355751,28.4517583],[76.935585,28.4523026],[76.9355508,28.4523031],[76.9352771,28.4523069]]]}},{"type":"Feature","properties":{"v":"Garhi Harsaru","m":"18","k":"13/1","t":"Harsaru","vc":"01173","area":3600.3,"lat":28.4526142,"lng":76.9349404},"geometry":{"type":"Polygon","coordinates":[[[76.935287,28.4528512],[76.9346027,28.452861],[76.9345939,28.4523771],[76.9352782,28.4523674],[76.935287,28.4528512]]]}},{"type":"Feature","properties":{"v":"Garhi Harsaru","m":"18","k":"25/2","t":"Harsaru","vc":"01173","area":3825.1,"lat":28.4514608,"lng":76.9362884},"geometry":{"type":"Polygon","coordinates":[[[76.9366259,28.4511989],[76.9366352,28.451713],[76.935951,28.4517227],[76.9359416,28.4512086],[76.9366259,28.4511989]]]}},{"type":"Feature","properties":{"v":"Garhi Harsaru","m":"18","k":"24/1/2","t":"Harsaru","vc":"01173","area":1288.3,"lat":28.4514256,"lng":76.9354177},"geometry":{"type":"Polygon","coordinates":[[[76.9352639,28.4515812],[76.9352573,28.4512183],[76.9355481,28.4512142],[76.9355575,28.4517283],[76.9354719,28.4517295],[76.9354692,28.4515783],[76.9352639,28.4515812]]]}},{"type":"Feature","properties":{"v":"Garhi Harsaru","m":"18","k":"23/1","t":"Harsaru","vc":"01173","area":2885.9,"lat":28.4514952,"lng":76.9348217},"geometry":{"type":"Polygon","coordinates":[[[76.934573,28.4512281],[76.9347441,28.4512256],[76.9350691,28.451221],[76.9350619,28.4517656],[76.9345829,28.4517724],[76.934573,28.4512281]]]}},{"type":"Feature","properties":{"v":"Garhi Harsaru","m":"18","k":"22","t":"Harsaru","vc":"01173","area":4050.1,"lat":28.4515051,"lng":76.9342358},"geometry":{"type":"Polygon","coordinates":[[[76.9345829,28.4517724],[76.9338986,28.4517821],[76.9338887,28.4512378],[76.934573,28.4512281],[76.9345829,28.4517724]]]}},{"type":"Feature","properties":{"v":"Garhi Harsaru","m":"18","k":"21","t":"Harsaru","vc":"01173","area":2784.3,"lat":28.4515282,"lng":76.9336566},"geometry":{"type":"Polygon","coordinates":[[[76.9335295,28.4512429],[76.9335302,28.4512429],[76.9338887,28.4512378],[76.9338986,28.4517821],[76.9333555,28.4517898],[76.9333512,28.4517898],[76.9334911,28.4512591],[76.9334953,28.4512434],[76.9335295,28.4512429]]]}},{"type":"Feature","properties":{"v":"Garhi Harsaru","m":"18","k":"20","t":"Harsaru","vc":"01173","area":3802.3,"lat":28.4520693,"lng":76.9335809},"geometry":{"type":"Polygon","coordinates":[[[76.9333555,28.4517898],[76.9338986,28.4517821],[76.9339085,28.4523264],[76.9335321,28.4523317],[76.9332242,28.4523361],[76.9332222,28.4522255],[76.9332204,28.4521244],[76.9332472,28.4520559],[76.9333344,28.4518327],[76.9333512,28.4517898],[76.9333555,28.4517898]]]}},{"type":"Feature","properties":{"v":"Garhi Harsaru","m":"18","k":"19","t":"Harsaru","vc":"01173","area":4050.1,"lat":28.4520494,"lng":76.9342457},"geometry":{"type":"Polygon","coordinates":[[[76.9345928,28.4523167],[76.9339085,28.4523264],[76.9338986,28.4517821],[76.9345829,28.4517724],[76.9345928,28.4523167]]]}},{"type":"Feature","properties":{"v":"Garhi Harsaru","m":"18","k":"18","t":"Harsaru","vc":"01173","area":4049.9,"lat":28.4520397,"lng":76.93493},"geometry":{"type":"Polygon","coordinates":[[[76.9352771,28.4523069],[76.9345928,28.4523167],[76.9345829,28.4517724],[76.9350619,28.4517656],[76.9352672,28.4517626],[76.9352771,28.4523069]]]}},{"type":"Feature","properties":{"v":"Garhi Harsaru","m":"18","k":"17/1","t":"Harsaru","vc":"01173","area":2227.8,"lat":28.4520278,"lng":76.9357683},"geometry":{"type":"Polygon","coordinates":[[[76.9355751,28.4517583],[76.9359515,28.4517529],[76.9359606,28.4522519],[76.9359614,28.4522972],[76.935585,28.4523026],[76.9355751,28.4517583]]]}},{"type":"Feature","properties":{"v":"Garhi Harsaru","m":"18","k":"16","t":"Harsaru","vc":"01173","area":3881.5,"lat":28.4520093,"lng":76.9363058},"geometry":{"type":"Polygon","coordinates":[[[76.9359515,28.4517529],[76.9366358,28.4517432],[76.9366457,28.4522875],[76.9363035,28.4522924],[76.9363027,28.452247],[76.9359606,28.4522519],[76.9359515,28.4517529]]]}},{"type":"Feature","properties":{"v":"Garhi Harsaru","m":"18","k":"15","t":"Harsaru","vc":"01173","area":3262.3,"lat":28.4525803,"lng":76.9363383},"geometry":{"type":"Polygon","coordinates":[[[76.9363035,28.4522924],[76.9366457,28.4522875],[76.936655,28.4528016],[76.9359708,28.4528113],[76.9359642,28.4524484],[76.9363063,28.4524436],[76.9363035,28.4522924]]]}},{"type":"Feature","properties":{"v":"Garhi Harsaru","m":"18","k":"14/2","t":"Harsaru","vc":"01173","area":2295.2,"lat":28.4525572,"lng":76.9357608},"geometry":{"type":"Polygon","coordinates":[[[76.9355602,28.4528171],[76.9355508,28.4523031],[76.935585,28.4523026],[76.9359614,28.4522972],[76.9359642,28.4524484],[76.9359708,28.4528113],[76.9355602,28.4528171]]]}},{"type":"Feature","properties":{"v":"Garhi Harsaru","m":"18","k":"12","t":"Harsaru","vc":"01173","area":4050.1,"lat":28.4525937,"lng":76.9342556},"geometry":{"type":"Polygon","coordinates":[[[76.9346027,28.452861],[76.9339184,28.4528707],[76.9339085,28.4523264],[76.9345928,28.4523167],[76.9345939,28.4523771],[76.9346027,28.452861]]]}},{"type":"Feature","properties":{"v":"Garhi Harsaru","m":"18","k":"11/2","t":"Harsaru","vc":"01173","area":2227.7,"lat":28.4526012,"lng":76.9337252},"geometry":{"type":"Polygon","coordinates":[[[76.9335321,28.4523317],[76.9339085,28.4523264],[76.9339184,28.4528707],[76.933542,28.452876],[76.9335321,28.4523317]]]}},{"type":"Feature","properties":{"v":"Garhi Harsaru","m":"18","k":"10","t":"Harsaru","vc":"01173","area":4050.2,"lat":28.4531477,"lng":76.9335812},"geometry":{"type":"Polygon","coordinates":[[[76.9339283,28.453415],[76.933244,28.4534247],[76.9332341,28.4528804],[76.933542,28.452876],[76.9339184,28.4528707],[76.9339283,28.453415]]]}},{"type":"Feature","properties":{"v":"Garhi Harsaru","m":"18","k":"9","t":"Harsaru","vc":"01173","area":3671.7,"lat":28.4531203,"lng":76.9342722},"geometry":{"type":"Polygon","coordinates":[[[76.9346027,28.452861],[76.9346126,28.4534053],[76.9342875,28.4534099],[76.9342839,28.4532065],[76.9341128,28.453209],[76.9341165,28.4534123],[76.9339283,28.453415],[76.9339184,28.4528707],[76.9346027,28.452861]]]}},{"type":"Feature","properties":{"v":"Garhi Harsaru","m":"18","k":"8","t":"Harsaru","vc":"01173","area":4050.1,"lat":28.4531282,"lng":76.9349498},"geometry":{"type":"Polygon","coordinates":[[[76.935287,28.4528512],[76.9352969,28.4533955],[76.9346126,28.4534053],[76.9346027,28.452861],[76.935287,28.4528512]]]}},{"type":"Feature","properties":{"v":"Garhi Harsaru","m":"18","k":"7","t":"Harsaru","vc":"01173","area":4049.9,"lat":28.4531185,"lng":76.9356341},"geometry":{"type":"Polygon","coordinates":[[[76.9359713,28.4528415],[76.9359796,28.4532951],[76.9359812,28.4533858],[76.9352969,28.4533955],[76.935287,28.4528512],[76.9355607,28.4528474],[76.9359713,28.4528415]]]}},{"type":"Feature","properties":{"v":"Garhi Harsaru","m":"18","k":"6/2","t":"Harsaru","vc":"01173","area":2689.5,"lat":28.4530386,"lng":76.9362583},"geometry":{"type":"Polygon","coordinates":[[[76.9359713,28.4528415],[76.9366556,28.4528318],[76.936657,28.4529074],[76.9363303,28.4532901],[76.9359796,28.4532951],[76.9359713,28.4528415]]]}},{"type":"Feature","properties":{"v":"Garhi Harsaru","m":"18","k":"5","t":"Harsaru","vc":"01173","area":3637.9,"lat":28.4536276,"lng":76.9364191},"geometry":{"type":"Polygon","coordinates":[[[76.9359911,28.4539301],[76.9359227,28.4539311],[76.9363736,28.4533803],[76.9366592,28.4530314],[76.9366655,28.4533761],[76.9366754,28.4539204],[76.9359911,28.4539301]]]}},{"type":"Feature","properties":{"v":"Garhi Harsaru","m":"18","k":"4","t":"Harsaru","vc":"01173","area":4354.0,"lat":28.4536349,"lng":76.9356804},"geometry":{"type":"Polygon","coordinates":[[[76.9352969,28.4533955],[76.9359812,28.4533858],[76.9362549,28.4533819],[76.93582,28.4539326],[76.9353068,28.4539398],[76.9352969,28.4533955]]]}},{"type":"Feature","properties":{"v":"Garhi Harsaru","m":"18","k":"3","t":"Harsaru","vc":"01173","area":4050.0,"lat":28.4536726,"lng":76.9349597},"geometry":{"type":"Polygon","coordinates":[[[76.9352969,28.4533955],[76.9353068,28.4539398],[76.9346225,28.4539496],[76.9346126,28.4534053],[76.9352969,28.4533955]]]}},{"type":"Feature","properties":{"v":"Garhi Harsaru","m":"18","k":"2","t":"Harsaru","vc":"01173","area":4050.1,"lat":28.4536823,"lng":76.9342754},"geometry":{"type":"Polygon","coordinates":[[[76.9346126,28.4534053],[76.9346225,28.4539496],[76.9339382,28.4539593],[76.9339283,28.453415],[76.9341165,28.4534123],[76.9342875,28.4534099],[76.9346126,28.4534053]]]}},{"type":"Feature","properties":{"v":"Garhi Harsaru","m":"18","k":"1","t":"Harsaru","vc":"01173","area":4050.0,"lat":28.453692,"lng":76.9335911},"geometry":{"type":"Polygon","coordinates":[[[76.9339283,28.453415],[76.9339382,28.4539593],[76.9332539,28.453969],[76.933244,28.4534247],[76.9339283,28.453415]]]}},{"type":"Feature","properties":{"v":"Garhi Harsaru","m":"17","k":"15","t":"Harsaru","vc":"01173","area":952.5,"lat":28.4523764,"lng":76.939536},"geometry":{"type":"Polygon","coordinates":[[[76.9397859,28.4522428],[76.9397935,28.4522427],[76.9396637,28.452426],[76.9394982,28.452538],[76.9393895,28.4526114],[76.9393829,28.4522486],[76.9397859,28.4522428]]]}},{"type":"Feature","properties":{"v":"Garhi Harsaru","m":"17","k":"7","t":"Harsaru","vc":"01173","area":1468.2,"lat":28.4529493,"lng":76.9386769},"geometry":{"type":"Polygon","coordinates":[[[76.9388254,28.4529881],[76.9387134,28.4530706],[76.938477,28.4532445],[76.938469,28.452806],[76.9387085,28.4528026],[76.9390849,28.4527973],[76.9388254,28.4529881]]]}},{"type":"Feature","properties":{"v":"Garhi Harsaru","m":"17","k":"10/2","t":"Harsaru","vc":"01173","area":15.1,"lat":28.4528568,"lng":76.9366683},"geometry":{"type":"Polygon","coordinates":[[[76.936657,28.4529074],[76.9366556,28.4528318],[76.9366923,28.4528313],[76.936657,28.4529074]]]}},{"type":"Feature","properties":{"v":"Garhi Harsaru","m":"17","k":"11/1","t":"Harsaru","vc":"01173","area":1505.8,"lat":28.4524729,"lng":76.9368132},"geometry":{"type":"Polygon","coordinates":[[[76.9367064,28.4528008],[76.936655,28.4528016],[76.9366457,28.4522875],[76.9371331,28.4522806],[76.9367064,28.4528008]]]}},{"type":"Feature","properties":{"v":"Garhi Harsaru","m":"17","k":"13/2","t":"Harsaru","vc":"01173","area":1366.8,"lat":28.4525355,"lng":76.9385881},"geometry":{"type":"Polygon","coordinates":[[[76.9387085,28.4528026],[76.938469,28.452806],[76.9384762,28.4522615],[76.9386986,28.4522583],[76.9387085,28.4528026]]]}},{"type":"Feature","properties":{"v":"Garhi Harsaru","m":"17","k":"18/2","t":"Harsaru","vc":"01173","area":1974.1,"lat":28.4519912,"lng":76.9381761},"geometry":{"type":"Polygon","coordinates":[[[76.9380044,28.4517237],[76.9383465,28.4517189],[76.9383393,28.4522634],[76.9380143,28.452268],[76.9380044,28.4517237]]]}},{"type":"Feature","properties":{"v":"Garhi Harsaru","m":"17","k":"21/1/3","t":"Harsaru","vc":"01173","area":506.5,"lat":28.4514619,"lng":76.9372724},"geometry":{"type":"Polygon","coordinates":[[[76.9372246,28.4511904],[76.9373102,28.4511892],[76.9373201,28.4517335],[76.9372346,28.4517347],[76.937234,28.4517045],[76.9372246,28.4511904]]]}},{"type":"Feature","properties":{"v":"Garhi Harsaru","m":"17","k":"23/2","t":"Harsaru","vc":"01173","area":1099.7,"lat":28.4514621,"lng":76.9385856},"geometry":{"type":"Polygon","coordinates":[[[76.9386887,28.451714],[76.9384834,28.4517169],[76.9384911,28.4512026],[76.9386793,28.4512],[76.9386887,28.451714]]]}},{"type":"Feature","properties":{"v":"Garhi Harsaru","m":"17","k":"13/1","t":"Harsaru","vc":"01173","area":1873.0,"lat":28.4525355,"lng":76.9381775},"geometry":{"type":"Polygon","coordinates":[[[76.9380242,28.4528123],[76.9380143,28.452268],[76.9383393,28.4522634],[76.9383321,28.452808],[76.9380242,28.4528123]]]}},{"type":"Feature","properties":{"v":"Garhi Harsaru","m":"17","k":"25/1","t":"Harsaru","vc":"01173","area":3374.8,"lat":28.4514726,"lng":76.939711},"geometry":{"type":"Polygon","coordinates":[[[76.9400573,28.4516945],[76.939373,28.4517043],[76.9393647,28.4512507],[76.940049,28.451241],[76.9400573,28.4516945]]]}},{"type":"Feature","properties":{"v":"Garhi Harsaru","m":"17","k":"24","t":"Harsaru","vc":"01173","area":3825.0,"lat":28.4514521,"lng":76.9390262},"geometry":{"type":"Polygon","coordinates":[[[76.9386887,28.451714],[76.9386793,28.4512],[76.9393636,28.4511902],[76.9393647,28.4512507],[76.939373,28.4517043],[76.9386887,28.451714]]]}},{"type":"Feature","properties":{"v":"Garhi Harsaru","m":"17","k":"23/1","t":"Harsaru","vc":"01173","area":2632.5,"lat":28.451499,"lng":76.9380986},"geometry":{"type":"Polygon","coordinates":[[[76.9381313,28.4511775],[76.9383366,28.4511746],[76.9383465,28.4517189],[76.9380044,28.4517237],[76.9376622,28.4517286],[76.9381313,28.4511775]]]}},{"type":"Feature","properties":{"v":"Garhi Harsaru","m":"17","k":"22","t":"Harsaru","vc":"01173","area":2835.2,"lat":28.4514123,"lng":76.9375738},"geometry":{"type":"Polygon","coordinates":[[[76.9373201,28.4517335],[76.9373102,28.4511892],[76.9373957,28.451188],[76.9379945,28.4511794],[76.9380287,28.451179],[76.9375596,28.4517301],[76.9373201,28.4517335]]]}},{"type":"Feature","properties":{"v":"Garhi Harsaru","m":"17","k":"21/1/2","t":"Harsaru","vc":"01173","area":2055.8,"lat":28.4514525,"lng":76.9370112},"geometry":{"type":"Polygon","coordinates":[[[76.9371391,28.4511916],[76.9371904,28.4511909],[76.9371998,28.4517049],[76.9368234,28.4517103],[76.9368312,28.451196],[76.9371049,28.4511921],[76.9371391,28.4511916]]]}},{"type":"Feature","properties":{"v":"Garhi Harsaru","m":"17","k":"20","t":"Harsaru","vc":"01173","area":4176.2,"lat":28.4519821,"lng":76.9370043},"geometry":{"type":"Polygon","coordinates":[[[76.9366358,28.4517432],[76.9372346,28.4517347],[76.9373201,28.4517335],[76.9375596,28.4517301],[76.9371331,28.4522806],[76.9366457,28.4522875],[76.9366358,28.4517432]]]}},{"type":"Feature","properties":{"v":"Garhi Harsaru","m":"17","k":"19","t":"Harsaru","vc":"01173","area":3341.8,"lat":28.4520358,"lng":76.9377131},"geometry":{"type":"Polygon","coordinates":[[[76.9380143,28.452268],[76.93733,28.4522778],[76.9372273,28.4522792],[76.9376622,28.4517286],[76.9380044,28.4517237],[76.9380143,28.452268]]]}},{"type":"Feature","properties":{"v":"Garhi Harsaru","m":"17","k":"18/1","t":"Harsaru","vc":"01173","area":1265.8,"lat":28.4519913,"lng":76.9385867},"geometry":{"type":"Polygon","coordinates":[[[76.9386986,28.4522583],[76.9384762,28.4522615],[76.9384834,28.4517169],[76.9386887,28.451714],[76.9386986,28.4522583]]]}},{"type":"Feature","properties":{"v":"Garhi Harsaru","m":"17","k":"17","t":"Harsaru","vc":"01173","area":4050.1,"lat":28.4519813,"lng":76.9390358},"geometry":{"type":"Polygon","coordinates":[[[76.9386887,28.451714],[76.939373,28.4517043],[76.9393829,28.4522486],[76.9386986,28.4522583],[76.9386887,28.451714]]]}},{"type":"Feature","properties":{"v":"Garhi Harsaru","m":"17","k":"16","t":"Harsaru","vc":"01173","area":3587.5,"lat":28.4519503,"lng":76.9396874},"geometry":{"type":"Polygon","coordinates":[[[76.9400573,28.4516945],[76.9400615,28.4519281],[76.9398452,28.452182],[76.9397935,28.4522427],[76.9397859,28.4522428],[76.9393829,28.4522486],[76.939373,28.4517043],[76.9400573,28.4516945]]]}},{"type":"Feature","properties":{"v":"Garhi Harsaru","m":"17","k":"14","t":"Harsaru","vc":"01173","area":3746.4,"lat":28.4525087,"lng":76.939026},"geometry":{"type":"Polygon","coordinates":[[[76.9386986,28.4522583],[76.9393829,28.4522486],[76.9393895,28.4526114],[76.9390849,28.4527973],[76.9387085,28.4528026],[76.9386986,28.4522583]]]}},{"type":"Feature","properties":{"v":"Garhi Harsaru","m":"17","k":"12","t":"Harsaru","vc":"01173","area":4050.1,"lat":28.4525451,"lng":76.9376771},"geometry":{"type":"Polygon","coordinates":[[[76.9380242,28.4528123],[76.9373399,28.4528221],[76.93733,28.4522778],[76.9380143,28.452268],[76.9380242,28.4528123]]]}},{"type":"Feature","properties":{"v":"Garhi Harsaru","m":"17","k":"11/2","t":"Harsaru","vc":"01173","area":1918.0,"lat":28.4526145,"lng":76.9371488},"geometry":{"type":"Polygon","coordinates":[[[76.9373399,28.4528221],[76.9367945,28.4528298],[76.9372273,28.4522792],[76.93733,28.4522778],[76.9373399,28.4528221]]]}},{"type":"Feature","properties":{"v":"Garhi Harsaru","m":"17","k":"10/1","t":"Harsaru","vc":"01173","area":3200.3,"lat":28.4531514,"lng":76.9369825},"geometry":{"type":"Polygon","coordinates":[[[76.9373498,28.4533664],[76.9366655,28.4533761],[76.9366592,28.4530314],[76.9367945,28.4528298],[76.9373442,28.4530579],[76.9373498,28.4533664]]]}},{"type":"Feature","properties":{"v":"Garhi Harsaru","m":"17","k":"9/1","t":"Harsaru","vc":"01173","area":2737.2,"lat":28.4530072,"lng":76.9377219},"geometry":{"type":"Polygon","coordinates":[[[76.9380242,28.4528123],[76.9380322,28.4532508],[76.9379047,28.4532605],[76.9378842,28.4532723],[76.9373442,28.4530579],[76.9373399,28.4528221],[76.9380242,28.4528123]]]}},{"type":"Feature","properties":{"v":"Garhi Harsaru","m":"17","k":"8","t":"Harsaru","vc":"01173","area":1427.3,"lat":28.4530274,"lng":76.9381779},"geometry":{"type":"Polygon","coordinates":[[[76.9383321,28.452808],[76.938323,28.4532467],[76.9380322,28.4532508],[76.9380242,28.4528123],[76.9383321,28.452808]]]}},{"type":"Feature","properties":{"v":"Garhi Harsaru","m":"17","k":"1","t":"Harsaru","vc":"01173","area":4806.0,"lat":28.4536136,"lng":76.9370897},"geometry":{"type":"Polygon","coordinates":[[[76.9366655,28.4533761],[76.9373498,28.4533664],[76.9377604,28.4533605],[76.9373881,28.4537048],[76.9372742,28.4539119],[76.9369149,28.453917],[76.9366754,28.4539204],[76.9366655,28.4533761]]]}},{"type":"Feature","properties":{"v":"Garhi Harsaru","m":"16","k":"21","t":"Harsaru","vc":"01173","area":1817.7,"lat":28.4514153,"lng":76.940199},"geometry":{"type":"Polygon","coordinates":[[[76.9405605,28.4511429],[76.9401493,28.451538],[76.9401668,28.4515601],[76.9402708,28.4516915],[76.9402652,28.4516978],[76.9400615,28.4519281],[76.9400573,28.4516945],[76.940049,28.451241],[76.9400473,28.4511502],[76.9405605,28.4511429]]]}},{"type":"Feature","properties":{"v":"Garhi Harsaru","m":"23","k":"266","t":"Harsaru","vc":"01173","area":1243.0,"lat":28.449558,"lng":76.9400354},"geometry":{"type":"Polygon","coordinates":[[[76.9407112,28.4500217],[76.9412758,28.4500136],[76.9413943,28.4499439],[76.9415634,28.4498355],[76.9418005,28.4497029],[76.9418011,28.4497331],[76.9413947,28.4499699],[76.9412676,28.450044],[76.9407118,28.4500519],[76.9400617,28.4500612],[76.9400275,28.4500616],[76.9400239,28.4498651],[76.9400176,28.4495173],[76.9400148,28.4493662],[76.9400077,28.448973],[76.940682,28.448419],[76.9406828,28.4484644],[76.9400419,28.4489726],[76.9400518,28.4495169],[76.9400543,28.4496529],[76.9400612,28.4500309],[76.9407112,28.4500217]]]}},{"type":"Feature","properties":{"v":"Garhi Harsaru","m":"23","k":"54","t":"Harsaru","vc":"01173","area":2025.1,"lat":28.4486069,"lng":76.9402291},"geometry":{"type":"Polygon","coordinates":[[[76.940682,28.448419],[76.9400077,28.448973],[76.9399977,28.4484287],[76.9400187,28.4484284],[76.940682,28.448419]]]}},{"type":"Feature","properties":{"v":"Garhi Harsaru","m":"23","k":"11/2","t":"Harsaru","vc":"01173","area":961.6,"lat":28.4495803,"lng":76.9403781},"geometry":{"type":"Polygon","coordinates":[[[76.9400543,28.4496529],[76.9400518,28.4495169],[76.9407018,28.4495076],[76.9407043,28.4496437],[76.9400543,28.4496529]]]}},{"type":"Feature","properties":{"v":"Garhi Harsaru","m":"23","k":"26","t":"Harsaru","vc":"01173","area":347.3,"lat":28.4495891,"lng":76.9418742},"geometry":{"type":"Polygon","coordinates":[[[76.9419574,28.4496405],[76.9418011,28.4497331],[76.9418005,28.4497029],[76.9417989,28.449613],[76.9417967,28.449492],[76.9419678,28.4494896],[76.9419574,28.4496405]]]}},{"type":"Feature","properties":{"v":"Garhi Harsaru","m":"23","k":"13/2","t":"Harsaru","vc":"01173","area":402.3,"lat":28.4496967,"lng":76.9416639},"geometry":{"type":"Polygon","coordinates":[[[76.9415634,28.4498355],[76.9415594,28.4496164],[76.9417989,28.449613],[76.9418005,28.4497029],[76.9415634,28.4498355]]]}},{"type":"Feature","properties":{"v":"Garhi Harsaru","m":"23","k":"13/1","t":"Harsaru","vc":"01173","area":506.2,"lat":28.4497554,"lng":76.9414708},"geometry":{"type":"Polygon","coordinates":[[[76.9415594,28.4496164],[76.9415634,28.4498355],[76.9413943,28.4499439],[76.9413883,28.4496188],[76.9415594,28.4496164]]]}},{"type":"Feature","properties":{"v":"Garhi Harsaru","m":"23","k":"13/3","t":"Harsaru","vc":"01173","area":540.1,"lat":28.4495554,"lng":76.9415925},"geometry":{"type":"Polygon","coordinates":[[[76.9415594,28.4496164],[76.9413883,28.4496188],[76.9413861,28.4494979],[76.9417967,28.449492],[76.9417989,28.449613],[76.9415594,28.4496164]]]}},{"type":"Feature","properties":{"v":"Garhi Harsaru","m":"23","k":"18/2","t":"Harsaru","vc":"01173","area":1341.4,"lat":28.4490138,"lng":76.9418313},"geometry":{"type":"Polygon","coordinates":[[[76.9413762,28.4489536],[76.9420605,28.4489438],[76.9423342,28.4489399],[76.9422564,28.4490467],[76.942234,28.4490774],[76.942063,28.4490799],[76.9413787,28.4490896],[76.9413762,28.4489536]]]}},{"type":"Feature","properties":{"v":"Garhi Harsaru","m":"23","k":"24/2","t":"Harsaru","vc":"01173","area":661.1,"lat":28.448431,"lng":76.9424534},"geometry":{"type":"Polygon","coordinates":[[[76.9420519,28.4484751],[76.9420505,28.4483995],[76.9425124,28.4483929],[76.9427348,28.4483898],[76.9428888,28.4483876],[76.9428217,28.4484641],[76.9427362,28.4484654],[76.9420519,28.4484751]]]}},{"type":"Feature","properties":{"v":"Garhi Harsaru","m":"23","k":"23/2","t":"Harsaru","vc":"01173","area":562.5,"lat":28.4484422,"lng":76.9417091},"geometry":{"type":"Polygon","coordinates":[[[76.9413677,28.4484849],[76.9413663,28.4484093],[76.9420505,28.4483995],[76.9420519,28.4484751],[76.9413677,28.4484849]]]}},{"type":"Feature","properties":{"v":"Garhi Harsaru","m":"23","k":"24/1","t":"Harsaru","vc":"01173","area":2659.1,"lat":28.4486683,"lng":76.9423361},"geometry":{"type":"Polygon","coordinates":[[[76.9423342,28.4489399],[76.9420605,28.4489438],[76.9420519,28.4484751],[76.9427362,28.4484654],[76.9428217,28.4484641],[76.9427377,28.4485462],[76.9425832,28.4486969],[76.9423342,28.4489399]]]}},{"type":"Feature","properties":{"v":"Garhi Harsaru","m":"23","k":"23/1","t":"Harsaru","vc":"01173","area":3487.4,"lat":28.4487144,"lng":76.9417141},"geometry":{"type":"Polygon","coordinates":[[[76.9420519,28.4484751],[76.9420605,28.4489438],[76.9413762,28.4489536],[76.9413677,28.4484849],[76.9420519,28.4484751]]]}},{"type":"Feature","properties":{"v":"Garhi Harsaru","m":"23","k":"22/2","t":"Harsaru","vc":"01173","area":3847.7,"lat":28.4486861,"lng":76.9410462},"geometry":{"type":"Polygon","coordinates":[[[76.9413663,28.4484093],[76.9413677,28.4484849],[76.9413762,28.4489536],[76.9407261,28.4489628],[76.9407162,28.4484185],[76.9407333,28.4484183],[76.9413663,28.4484093]]]}},{"type":"Feature","properties":{"v":"Garhi Harsaru","m":"23","k":"21","t":"Harsaru","vc":"01173","area":1763.2,"lat":28.4488001,"lng":76.9404722},"geometry":{"type":"Polygon","coordinates":[[[76.9406828,28.4484644],[76.9406919,28.4489633],[76.9400419,28.4489726],[76.9406828,28.4484644]]]}},{"type":"Feature","properties":{"v":"Garhi Harsaru","m":"23","k":"20","t":"Harsaru","vc":"01173","area":3847.4,"lat":28.4492401,"lng":76.9403719},"geometry":{"type":"Polygon","coordinates":[[[76.9400518,28.4495169],[76.9400419,28.4489726],[76.9406919,28.4489633],[76.9406961,28.4491901],[76.9407018,28.4495076],[76.9400518,28.4495169]]]}},{"type":"Feature","properties":{"v":"Garhi Harsaru","m":"23","k":"19/1","t":"Harsaru","vc":"01173","area":2362.8,"lat":28.449344,"lng":76.9410411},"geometry":{"type":"Polygon","coordinates":[[[76.9407303,28.4491896],[76.9413803,28.4491803],[76.9413861,28.4494979],[76.9407018,28.4495076],[76.9406961,28.4491901],[76.9407303,28.4491896]]]}},{"type":"Feature","properties":{"v":"Garhi Harsaru","m":"23","k":"18/1","t":"Harsaru","vc":"01173","area":3000.6,"lat":28.4492733,"lng":76.9417263},"geometry":{"type":"Polygon","coordinates":[[[76.942234,28.4490774],[76.9420662,28.4492568],[76.9419614,28.4493687],[76.9419678,28.4494896],[76.9417967,28.449492],[76.9413861,28.4494979],[76.9413803,28.4491803],[76.9413787,28.4490896],[76.942063,28.4490799],[76.942234,28.4490774]]]}},{"type":"Feature","properties":{"v":"Garhi Harsaru","m":"23","k":"12","t":"Harsaru","vc":"01173","area":3780.8,"lat":28.4497571,"lng":76.9410451},"geometry":{"type":"Polygon","coordinates":[[[76.9412758,28.4500136],[76.9407112,28.4500217],[76.9407043,28.4496437],[76.9407018,28.4495076],[76.9413861,28.4494979],[76.9413883,28.4496188],[76.9413943,28.4499439],[76.9412758,28.4500136]]]}},{"type":"Feature","properties":{"v":"Garhi Harsaru","m":"23","k":"11/1","t":"Harsaru","vc":"01173","area":2671.7,"lat":28.4498373,"lng":76.9403827},"geometry":{"type":"Polygon","coordinates":[[[76.9400612,28.4500309],[76.9400543,28.4496529],[76.9407043,28.4496437],[76.9407112,28.4500217],[76.9400612,28.4500309]]]}},{"type":"Feature","properties":{"v":"Garhi Harsaru","m":"23","k":"10","t":"Harsaru","vc":"01173","area":4049.8,"lat":28.4503289,"lng":76.9403746},"geometry":{"type":"Polygon","coordinates":[[[76.9407217,28.4505962],[76.9400374,28.4506059],[76.9400275,28.4500616],[76.9400617,28.4500612],[76.9407118,28.4500519],[76.9407217,28.4505962]]]}},{"type":"Feature","properties":{"v":"Garhi Harsaru","m":"23","k":"9","t":"Harsaru","vc":"01173","area":2404.0,"lat":28.4502876,"lng":76.9409284},"geometry":{"type":"Polygon","coordinates":[[[76.9409783,28.4505925],[76.9407217,28.4505962],[76.9407118,28.4500519],[76.9412676,28.450044],[76.9409783,28.4505925]]]}},{"type":"Feature","properties":{"v":"Garhi Harsaru","m":"23","k":"1","t":"Harsaru","vc":"01173","area":4399.3,"lat":28.4508478,"lng":76.9404229},"geometry":{"type":"Polygon","coordinates":[[[76.9406672,28.4510448],[76.9405605,28.4511429],[76.9400473,28.4511502],[76.9400457,28.4510595],[76.9400374,28.4506059],[76.9407217,28.4505962],[76.9409783,28.4505925],[76.9407283,28.450956],[76.9406672,28.4510448]]]}},{"type":"Feature","properties":{"v":"Garhi Harsaru","m":"22","k":"66","t":"Harsaru","vc":"01173","area":4090.6,"lat":28.4506995,"lng":76.9384285},"geometry":{"type":"Polygon","coordinates":[[[76.9384348,28.4528065],[76.9384257,28.4532452],[76.9383572,28.4532462],[76.9383663,28.4528075],[76.9383735,28.4522629],[76.9383807,28.4517184],[76.9383708,28.4511741],[76.938386,28.4508343],[76.9383914,28.4507134],[76.9383951,28.4506293],[76.938103,28.450089],[76.9375943,28.4491485],[76.937562,28.44909],[76.9375169,28.4490085],[76.9372264,28.4484682],[76.9372607,28.4484677],[76.9373291,28.4484667],[76.9374638,28.4487219],[76.9376127,28.4490071],[76.9378924,28.4495476],[76.9381799,28.4500879],[76.9384636,28.4506283],[76.9384691,28.4509307],[76.9384564,28.4511729],[76.9384569,28.4512031],[76.9384492,28.4517174],[76.938442,28.452262],[76.9384348,28.4528065]]]}},{"type":"Feature","properties":{"v":"Garhi Harsaru","m":"22","k":"265","t":"Harsaru","vc":"01173","area":1012.7,"lat":28.4496578,"lng":76.9368137},"geometry":{"type":"Polygon","coordinates":[[[76.9367134,28.4501088],[76.9369024,28.45059],[76.9368619,28.4505906],[76.9366017,28.4498684],[76.9366,28.4497777],[76.9375354,28.449109],[76.937562,28.44909],[76.9375943,28.4491485],[76.9369914,28.4495604],[76.9366293,28.4498284],[76.9367134,28.4501088]]]}},{"type":"Feature","properties":{"v":"Garhi Harsaru","m":"22","k":"53","t":"Harsaru","vc":"01173","area":2506.1,"lat":28.4496189,"lng":76.9397884},"geometry":{"type":"Polygon","coordinates":[[[76.9395529,28.4493727],[76.9400148,28.4493662],[76.9400176,28.4495173],[76.9400239,28.4498651],[76.9399555,28.4498661],[76.939562,28.4498717],[76.9395557,28.4495239],[76.9395529,28.4493727]]]}},{"type":"Feature","properties":{"v":"Garhi Harsaru","m":"22","k":"56","t":"Harsaru","vc":"01173","area":23027.3,"lat":28.450249,"lng":76.9374752},"geometry":{"type":"Polygon","coordinates":[[[76.9383951,28.4506293],[76.9383914,28.4507134],[76.9379895,28.450905],[76.9373957,28.451188],[76.9373102,28.4511892],[76.9372246,28.4511904],[76.9371904,28.4511909],[76.9371391,28.4511916],[76.9369239,28.4506502],[76.9369024,28.45059],[76.9367134,28.4501088],[76.9366293,28.4498284],[76.9369914,28.4495604],[76.9375943,28.4491485],[76.938103,28.450089],[76.9383951,28.4506293]]]}},{"type":"Feature","properties":{"v":"Garhi Harsaru","m":"22","k":"5/2","t":"Harsaru","vc":"01173","area":202.6,"lat":28.4511063,"lng":76.9399438},"geometry":{"type":"Polygon","coordinates":[[[76.9400457,28.4510595],[76.9400473,28.4511502],[76.939842,28.4511532],[76.9398404,28.4510624],[76.9400457,28.4510595]]]}},{"type":"Feature","properties":{"v":"Garhi Harsaru","m":"22","k":"4/3","t":"Harsaru","vc":"01173","area":2250.0,"lat":28.4507717,"lng":76.9390137},"geometry":{"type":"Polygon","coordinates":[[[76.9386688,28.4506254],[76.9393531,28.4506157],[76.9393586,28.4509181],[76.9392389,28.4509198],[76.9390336,28.4509227],[76.9386744,28.4509278],[76.9386688,28.4506254]]]}},{"type":"Feature","properties":{"v":"Garhi Harsaru","m":"22","k":"4/2","t":"Harsaru","vc":"01173","area":314.9,"lat":28.4510399,"lng":76.939301},"geometry":{"type":"Polygon","coordinates":[[[76.9392389,28.4509198],[76.9393586,28.4509181],[76.9393614,28.4510693],[76.939363,28.45116],[76.9392433,28.4511617],[76.9392389,28.4509198]]]}},{"type":"Feature","properties":{"v":"Garhi Harsaru","m":"22","k":"26","t":"Harsaru","vc":"01173","area":540.0,"lat":28.4510422,"lng":76.9391385},"geometry":{"type":"Polygon","coordinates":[[[76.9390336,28.4509227],[76.9392389,28.4509198],[76.9392433,28.4511617],[76.939038,28.4511646],[76.9390336,28.4509227]]]}},{"type":"Feature","properties":{"v":"Garhi Harsaru","m":"22","k":"4/1","t":"Harsaru","vc":"01173","area":944.8,"lat":28.4510462,"lng":76.9388562},"geometry":{"type":"Polygon","coordinates":[[[76.9390336,28.4509227],[76.939038,28.4511646],[76.9386788,28.4511697],[76.9386744,28.4509278],[76.9390336,28.4509227]]]}},{"type":"Feature","properties":{"v":"Garhi Harsaru","m":"22","k":"3/1","t":"Harsaru","vc":"01173","area":343.5,"lat":28.4510728,"lng":76.9382767},"geometry":{"type":"Polygon","coordinates":[[[76.9383366,28.4511746],[76.9381313,28.4511775],[76.9383621,28.4508664],[76.9383366,28.4511746]]]}},{"type":"Feature","properties":{"v":"Garhi Harsaru","m":"22","k":"3/3","t":"Harsaru","vc":"01173","area":562.4,"lat":28.4507778,"lng":76.9385861},"geometry":{"type":"Polygon","coordinates":[[[76.9386744,28.4509278],[76.9385033,28.4509302],[76.9384978,28.4506279],[76.9386688,28.4506254],[76.9386744,28.4509278]]]}},{"type":"Feature","properties":{"v":"Garhi Harsaru","m":"22","k":"3/2","t":"Harsaru","vc":"01173","area":472.6,"lat":28.4510519,"lng":76.9385867},"geometry":{"type":"Polygon","coordinates":[[[76.9385033,28.4509302],[76.9386744,28.4509278],[76.9386788,28.4511697],[76.9384906,28.4511724],[76.9385033,28.4509302]]]}},{"type":"Feature","properties":{"v":"Garhi Harsaru","m":"22","k":"10/1/2","t":"Harsaru","vc":"01173","area":168.8,"lat":28.4506229,"lng":76.9367438},"geometry":{"type":"Polygon","coordinates":[[[76.936616,28.4506546],[76.9366149,28.4505941],[76.9368619,28.4505906],[76.9368822,28.4506508],[76.936616,28.4506546]]]}},{"type":"Feature","properties":{"v":"Garhi Harsaru","m":"22","k":"10/2","t":"Harsaru","vc":"01173","area":974.6,"lat":28.450351,"lng":76.9366928},"geometry":{"type":"Polygon","coordinates":[[[76.9368619,28.4505906],[76.9366149,28.4505941],[76.9366061,28.4501103],[76.9366017,28.4498684],[76.9368619,28.4505906]]]}},{"type":"Feature","properties":{"v":"Garhi Harsaru","m":"22","k":"27","t":"Harsaru","vc":"01173","area":402.2,"lat":28.4496364,"lng":76.9385567},"geometry":{"type":"Polygon","coordinates":[[[76.938649,28.4495368],[76.9386526,28.4497334],[76.9384644,28.449736],[76.9384608,28.4495395],[76.938649,28.4495368]]]}},{"type":"Feature","properties":{"v":"Garhi Harsaru","m":"22","k":"22/2","t":"Harsaru","vc":"01173","area":1444.9,"lat":28.4485848,"lng":76.9376873},"geometry":{"type":"Polygon","coordinates":[[[76.9379449,28.448458],[76.9379496,28.448715],[76.9374972,28.4487214],[76.9373633,28.4484662],[76.9379449,28.448458]]]}},{"type":"Feature","properties":{"v":"Garhi Harsaru","m":"22","k":"13","t":"Harsaru","vc":"01173","area":3040.3,"lat":28.4498124,"lng":76.938331},"geometry":{"type":"Polygon","coordinates":[[[76.9384644,28.449736],[76.9386526,28.4497334],[76.9386589,28.4500811],[76.9382141,28.4500874],[76.9379305,28.449547],[76.9384608,28.4495395],[76.9384644,28.449736]]]}},{"type":"Feature","properties":{"v":"Garhi Harsaru","m":"22","k":"25","t":"Harsaru","vc":"01173","area":4049.7,"lat":28.4487058,"lng":76.9396606},"geometry":{"type":"Polygon","coordinates":[[[76.9393234,28.4489828],[76.9393135,28.4484385],[76.9398267,28.4484312],[76.9399977,28.4484287],[76.9400077,28.448973],[76.9393234,28.4489828]]]}},{"type":"Feature","properties":{"v":"Garhi Harsaru","m":"22","k":"24/1","t":"Harsaru","vc":"01173","area":2227.5,"lat":28.4487177,"lng":76.9388223},"geometry":{"type":"Polygon","coordinates":[[[76.9386391,28.4489925],[76.9386292,28.4484482],[76.9390055,28.4484429],[76.9390155,28.4489872],[76.9386391,28.4489925]]]}},{"type":"Feature","properties":{"v":"Garhi Harsaru","m":"22","k":"23","t":"Harsaru","vc":"01173","area":4050.1,"lat":28.4487253,"lng":76.938292},"geometry":{"type":"Polygon","coordinates":[[[76.9386391,28.4489925],[76.9379548,28.4490023],[76.9379496,28.448715],[76.9379449,28.448458],[76.9386292,28.4484482],[76.9386391,28.4489925]]]}},{"type":"Feature","properties":{"v":"Garhi Harsaru","m":"22","k":"22/1","t":"Harsaru","vc":"01173","area":1187.5,"lat":28.4488523,"lng":76.9377597},"geometry":{"type":"Polygon","coordinates":[[[76.9379496,28.448715],[76.9379548,28.4490023],[76.9376469,28.4490066],[76.9374972,28.4487214],[76.9379496,28.448715]]]}},{"type":"Feature","properties":{"v":"Garhi Harsaru","m":"22","k":"21","t":"Harsaru","vc":"01173","area":4472.5,"lat":28.4487609,"lng":76.9369638},"geometry":{"type":"Polygon","coordinates":[[[76.9365863,28.4490217],[76.9365764,28.4484774],[76.9371751,28.4484689],[76.9371922,28.4484687],[76.9374818,28.449009],[76.9365863,28.4490217]]]}},{"type":"Feature","properties":{"v":"Garhi Harsaru","m":"22","k":"20","t":"Harsaru","vc":"01173","area":4384.0,"lat":28.4492741,"lng":76.9369401},"geometry":{"type":"Polygon","coordinates":[[[76.9365863,28.4490217],[76.9374818,28.449009],[76.9375354,28.449109],[76.9366,28.4497777],[76.9365962,28.449566],[76.9365863,28.4490217]]]}},{"type":"Feature","properties":{"v":"Garhi Harsaru","m":"22","k":"18","t":"Harsaru","vc":"01173","area":5062.2,"lat":28.4492563,"lng":76.9382125},"geometry":{"type":"Polygon","coordinates":[[[76.938649,28.4495368],[76.9384608,28.4495395],[76.9379305,28.449547],[76.9376469,28.4490066],[76.9379548,28.4490023],[76.9386391,28.4489925],[76.938649,28.4495368]]]}},{"type":"Feature","properties":{"v":"Garhi Harsaru","m":"22","k":"17","t":"Harsaru","vc":"01173","area":4050.0,"lat":28.4492598,"lng":76.9389862},"geometry":{"type":"Polygon","coordinates":[[[76.938649,28.4495368],[76.9386391,28.4489925],[76.9390155,28.4489872],[76.9393234,28.4489828],[76.9393333,28.4495271],[76.938649,28.4495368]]]}},{"type":"Feature","properties":{"v":"Garhi Harsaru","m":"22","k":"16","t":"Harsaru","vc":"01173","area":3290.8,"lat":28.4492051,"lng":76.939644},"geometry":{"type":"Polygon","coordinates":[[[76.9395529,28.4493727],[76.9395557,28.4495239],[76.9393333,28.4495271],[76.9393234,28.4489828],[76.9400077,28.448973],[76.9400148,28.4493662],[76.9395529,28.4493727]]]}},{"type":"Feature","properties":{"v":"Garhi Harsaru","m":"22","k":"15/1","t":"Harsaru","vc":"01173","area":1316.2,"lat":28.4499687,"lng":76.9396493},"geometry":{"type":"Polygon","coordinates":[[[76.9393396,28.4498748],[76.939562,28.4498717],[76.9399555,28.4498661],[76.9399591,28.4500626],[76.9393432,28.4500714],[76.9393396,28.4498748]]]}},{"type":"Feature","properties":{"v":"Garhi Harsaru","m":"22","k":"14","t":"Harsaru","vc":"01173","area":4050.0,"lat":28.4498041,"lng":76.9389961},"geometry":{"type":"Polygon","coordinates":[[[76.9393432,28.4500714],[76.9386589,28.4500811],[76.9386526,28.4497334],[76.938649,28.4495368],[76.9393333,28.4495271],[76.9393396,28.4498748],[76.9393432,28.4500714]]]}},{"type":"Feature","properties":{"v":"Garhi Harsaru","m":"22","k":"8","t":"Harsaru","vc":"01173","area":1822.5,"lat":28.4503153,"lng":76.938499},"geometry":{"type":"Polygon","coordinates":[[[76.9386688,28.4506254],[76.9384978,28.4506279],[76.9382141,28.4500874],[76.9386589,28.4500811],[76.9386688,28.4506254]]]}},{"type":"Feature","properties":{"v":"Garhi Harsaru","m":"22","k":"7","t":"Harsaru","vc":"01173","area":4050.1,"lat":28.4503484,"lng":76.939006},"geometry":{"type":"Polygon","coordinates":[[[76.9386688,28.4506254],[76.9386589,28.4500811],[76.9393432,28.4500714],[76.9393531,28.4506157],[76.9386688,28.4506254]]]}},{"type":"Feature","properties":{"v":"Garhi Harsaru","m":"22","k":"6","t":"Harsaru","vc":"01173","area":4050.1,"lat":28.4503387,"lng":76.9396903},"geometry":{"type":"Polygon","coordinates":[[[76.9393531,28.4506157],[76.9393432,28.4500714],[76.9399591,28.4500626],[76.9400275,28.4500616],[76.9400374,28.4506059],[76.9393531,28.4506157]]]}},{"type":"Feature","properties":{"v":"Garhi Harsaru","m":"22","k":"5/3","t":"Harsaru","vc":"01173","area":3375.2,"lat":28.4508376,"lng":76.9396994},"geometry":{"type":"Polygon","coordinates":[[[76.9393531,28.4506157],[76.9400374,28.4506059],[76.9400457,28.4510595],[76.9398404,28.4510624],[76.9393614,28.4510693],[76.9393586,28.4509181],[76.9393531,28.4506157]]]}},{"type":"Feature","properties":{"v":"Garhi Harsaru","m":"22","k":"5/1","t":"Harsaru","vc":"01173","area":472.7,"lat":28.4511112,"lng":76.9396017},"geometry":{"type":"Polygon","coordinates":[[[76.9398404,28.4510624],[76.939842,28.4511532],[76.939363,28.45116],[76.9393614,28.4510693],[76.9398404,28.4510624]]]}},{"type":"Feature","properties":{"v":"Garhi Harsaru","m":"22","k":"1/1","t":"Harsaru","vc":"01173","area":2205.4,"lat":28.4509499,"lng":76.9368128},"geometry":{"type":"Polygon","coordinates":[[[76.936616,28.4506546],[76.9368822,28.4506508],[76.9371049,28.4511921],[76.9368312,28.451196],[76.9366259,28.4511989],[76.936616,28.4506546]]]}},{"type":"Feature","properties":{"v":"Garhi Harsaru","m":"21","k":"67","t":"Harsaru","vc":"01173","area":2985.1,"lat":28.4496572,"lng":76.9349079},"geometry":{"type":"Polygon","coordinates":[[[76.9361829,28.448483],[76.9356112,28.4490356],[76.9350394,28.4495881],[76.9344677,28.4501407],[76.9338788,28.4506935],[76.9336169,28.4509323],[76.9336117,28.450937],[76.9335919,28.4509551],[76.9335746,28.4509708],[76.9335792,28.4509553],[76.9335969,28.4508945],[76.9336066,28.4508612],[76.9336533,28.4508165],[76.9338772,28.4506028],[76.934348,28.4501424],[76.934735,28.4497684],[76.9349197,28.4495898],[76.9354914,28.4490373],[76.9360632,28.4484847],[76.9361829,28.448483]]]}},{"type":"Feature","properties":{"v":"Garhi Harsaru","m":"21","k":"3/1","t":"Harsaru","vc":"01173","area":1012.7,"lat":28.4509547,"lng":76.9346536},"geometry":{"type":"Polygon","coordinates":[[[76.934573,28.4512281],[76.9345631,28.4506838],[76.9347342,28.4506813],[76.9347441,28.4512256],[76.934573,28.4512281]]]}},{"type":"Feature","properties":{"v":"Garhi Harsaru","m":"21","k":"1","t":"Harsaru","vc":"01173","area":1391.8,"lat":28.451034,"lng":76.9337443},"geometry":{"type":"Polygon","coordinates":[[[76.9338887,28.4512378],[76.9335302,28.4512429],[76.9335295,28.4512429],[76.9335433,28.4511937],[76.9336169,28.4509323],[76.9338788,28.4506935],[76.9338887,28.4512378]]]}},{"type":"Feature","properties":{"v":"Garhi Harsaru","m":"21","k":"10","t":"Harsaru","vc":"01173","area":2166.6,"lat":28.4503963,"lng":76.9336779},"geometry":{"type":"Polygon","coordinates":[[[76.9333285,28.4501568],[76.933869,28.4501492],[76.9338772,28.4506028],[76.9336533,28.4508165],[76.9336066,28.4508612],[76.9336366,28.450758],[76.9335811,28.4504215],[76.9332873,28.4501574],[76.9333285,28.4501568]]]}},{"type":"Feature","properties":{"v":"Garhi Harsaru","m":"21","k":"9/2","t":"Harsaru","vc":"01173","area":1181.3,"lat":28.4502981,"lng":76.9340314},"geometry":{"type":"Polygon","coordinates":[[[76.934348,28.4501424],[76.9338772,28.4506028],[76.933869,28.4501492],[76.934348,28.4501424]]]}},{"type":"Feature","properties":{"v":"Garhi Harsaru","m":"21","k":"6/1","t":"Harsaru","vc":"01173","area":449.8,"lat":28.4506292,"lng":76.9362734},"geometry":{"type":"Polygon","coordinates":[[[76.936616,28.4506546],[76.9359317,28.4506643],[76.9359306,28.4506039],[76.9366149,28.4505941],[76.936616,28.4506546]]]}},{"type":"Feature","properties":{"v":"Garhi Harsaru","m":"21","k":"19/1","t":"Harsaru","vc":"01173","area":1518.7,"lat":28.4493248,"lng":76.9344101},"geometry":{"type":"Polygon","coordinates":[[[76.9342769,28.4490545],[76.9345335,28.4490509],[76.9345433,28.4495952],[76.9342867,28.4495988],[76.9342769,28.4490545]]]}},{"type":"Feature","properties":{"v":"Garhi Harsaru","m":"21","k":"25/2","t":"Harsaru","vc":"01173","area":1721.2,"lat":28.4487516,"lng":76.936436},"geometry":{"type":"Polygon","coordinates":[[[76.9362955,28.4490258],[76.9362856,28.4484815],[76.9365764,28.4484774],[76.9365863,28.4490217],[76.9362955,28.4490258]]]}},{"type":"Feature","properties":{"v":"Garhi Harsaru","m":"21","k":"13","t":"Harsaru","vc":"01173","area":2835.1,"lat":28.4499165,"lng":76.9349646},"geometry":{"type":"Polygon","coordinates":[[[76.9345532,28.4501395],[76.9344677,28.4501407],[76.9350394,28.4495881],[76.9352276,28.4495854],[76.9352375,28.4501297],[76.9345532,28.4501395]]]}},{"type":"Feature","properties":{"v":"Garhi Harsaru","m":"21","k":"25/1","t":"Harsaru","vc":"01173","area":2328.8,"lat":28.448824,"lng":76.9360592},"geometry":{"type":"Polygon","coordinates":[[[76.9362856,28.4484815],[76.9362955,28.4490258],[76.935902,28.4490314],[76.9356112,28.4490356],[76.9361829,28.448483],[76.9362856,28.4484815]]]}},{"type":"Feature","properties":{"v":"Garhi Harsaru","m":"21","k":"24","t":"Harsaru","vc":"01173","area":3341.8,"lat":28.4487179,"lng":76.9355192},"geometry":{"type":"Polygon","coordinates":[[[76.9352177,28.4490411],[76.9352078,28.4484968],[76.9358921,28.4484871],[76.9360632,28.4484847],[76.9354914,28.4490373],[76.9352177,28.4490411]]]}},{"type":"Feature","properties":{"v":"Garhi Harsaru","m":"21","k":"23","t":"Harsaru","vc":"01173","area":4049.6,"lat":28.4487738,"lng":76.9348707},"geometry":{"type":"Polygon","coordinates":[[[76.9345335,28.4490509],[76.9345236,28.4485066],[76.9352078,28.4484968],[76.9352177,28.4490411],[76.9345335,28.4490509]]]}},{"type":"Feature","properties":{"v":"Garhi Harsaru","m":"21","k":"22","t":"Harsaru","vc":"01173","area":4050.1,"lat":28.4487836,"lng":76.9341864},"geometry":{"type":"Polygon","coordinates":[[[76.9338492,28.4490606],[76.9338393,28.4485163],[76.9345236,28.4485066],[76.9345335,28.4490509],[76.9342769,28.4490545],[76.9338492,28.4490606]]]}},{"type":"Feature","properties":{"v":"Garhi Harsaru","m":"21","k":"21/1","t":"Harsaru","vc":"01173","area":2835.1,"lat":28.4487948,"lng":76.9333994},"geometry":{"type":"Polygon","coordinates":[[[76.9331649,28.4490703],[76.933155,28.448526],[76.933634,28.4485192],[76.9336439,28.4490635],[76.9331649,28.4490703]]]}},{"type":"Feature","properties":{"v":"Garhi Harsaru","m":"21","k":"20","t":"Harsaru","vc":"01173","area":4050.2,"lat":28.4493376,"lng":76.933512},"geometry":{"type":"Polygon","coordinates":[[[76.9338591,28.4496049],[76.9331748,28.4496146],[76.9331649,28.4490703],[76.9336439,28.4490635],[76.9338492,28.4490606],[76.9338591,28.4496049]]]}},{"type":"Feature","properties":{"v":"Garhi Harsaru","m":"21","k":"19/2","t":"Harsaru","vc":"01173","area":2531.1,"lat":28.4493297,"lng":76.934068},"geometry":{"type":"Polygon","coordinates":[[[76.9338591,28.4496049],[76.9338492,28.4490606],[76.9342769,28.4490545],[76.9342867,28.4495988],[76.9338591,28.4496049]]]}},{"type":"Feature","properties":{"v":"Garhi Harsaru","m":"21","k":"18","t":"Harsaru","vc":"01173","area":3948.8,"lat":28.4492784,"lng":76.9348924},"geometry":{"type":"Polygon","coordinates":[[[76.9345433,28.4495952],[76.9345335,28.4490509],[76.9352177,28.4490411],[76.9354914,28.4490373],[76.9349197,28.4495898],[76.9345433,28.4495952]]]}},{"type":"Feature","properties":{"v":"Garhi Harsaru","m":"21","k":"17","t":"Harsaru","vc":"01173","area":3442.2,"lat":28.4493534,"lng":76.9355927},"geometry":{"type":"Polygon","coordinates":[[[76.9359119,28.4495757],[76.9352276,28.4495854],[76.9350394,28.4495881],[76.9356112,28.4490356],[76.935902,28.4490314],[76.9359119,28.4495757]]]}},{"type":"Feature","properties":{"v":"Garhi Harsaru","m":"21","k":"16","t":"Harsaru","vc":"01173","area":4050.3,"lat":28.4492987,"lng":76.9362491},"geometry":{"type":"Polygon","coordinates":[[[76.9359119,28.4495757],[76.935902,28.4490314],[76.9362955,28.4490258],[76.9365863,28.4490217],[76.9365962,28.449566],[76.9359119,28.4495757]]]}},{"type":"Feature","properties":{"v":"Garhi Harsaru","m":"21","k":"15","t":"Harsaru","vc":"01173","area":4050.1,"lat":28.449843,"lng":76.936259},"geometry":{"type":"Polygon","coordinates":[[[76.9359218,28.45012],[76.9359119,28.4495757],[76.9365962,28.449566],[76.9366,28.4497777],[76.9366017,28.4498684],[76.9366061,28.4501103],[76.9359218,28.45012]]]}},{"type":"Feature","properties":{"v":"Garhi Harsaru","m":"21","k":"14","t":"Harsaru","vc":"01173","area":4050.2,"lat":28.4498527,"lng":76.9355747},"geometry":{"type":"Polygon","coordinates":[[[76.9359218,28.45012],[76.9352375,28.4501297],[76.9352276,28.4495854],[76.9359119,28.4495757],[76.9359218,28.45012]]]}},{"type":"Feature","properties":{"v":"Garhi Harsaru","m":"21","k":"12/1","t":"Harsaru","vc":"01173","area":4196.5,"lat":28.449853,"lng":76.9342267},"geometry":{"type":"Polygon","coordinates":[[[76.9338591,28.4496049],[76.9342867,28.4495988],[76.9345433,28.4495952],[76.934735,28.4497684],[76.934348,28.4501424],[76.933869,28.4501492],[76.9338591,28.4496049]]]}},{"type":"Feature","properties":{"v":"Garhi Harsaru","m":"21","k":"11","t":"Harsaru","vc":"01173","area":3957.1,"lat":28.4498767,"lng":76.933529},"geometry":{"type":"Polygon","coordinates":[[[76.9338591,28.4496049],[76.933869,28.4501492],[76.9333285,28.4501568],[76.9332873,28.4501574],[76.9332242,28.450059],[76.9331817,28.4499926],[76.9331748,28.4496146],[76.9338591,28.4496049]]]}},{"type":"Feature","properties":{"v":"Garhi Harsaru","m":"21","k":"9/1","t":"Harsaru","vc":"01173","area":2278.1,"lat":28.4504855,"lng":76.9343282},"geometry":{"type":"Polygon","coordinates":[[[76.9345532,28.4501395],[76.9345631,28.4506838],[76.9338788,28.4506935],[76.9344677,28.4501407],[76.9345532,28.4501395]]]}},{"type":"Feature","properties":{"v":"Garhi Harsaru","m":"21","k":"8","t":"Harsaru","vc":"01173","area":4050.0,"lat":28.4504067,"lng":76.9349003},"geometry":{"type":"Polygon","coordinates":[[[76.9345532,28.4501395],[76.9352375,28.4501297],[76.9352474,28.450674],[76.9347342,28.4506813],[76.9345631,28.4506838],[76.9345532,28.4501395]]]}},{"type":"Feature","properties":{"v":"Garhi Harsaru","m":"21","k":"7","t":"Harsaru","vc":"01173","area":4050.1,"lat":28.450397,"lng":76.9355846},"geometry":{"type":"Polygon","coordinates":[[[76.9359218,28.45012],[76.9359306,28.4506039],[76.9359317,28.4506643],[76.9352474,28.450674],[76.9352375,28.4501297],[76.9359218,28.45012]]]}},{"type":"Feature","properties":{"v":"Garhi Harsaru","m":"21","k":"6/2","t":"Harsaru","vc":"01173","area":3600.3,"lat":28.4503571,"lng":76.9362683},"geometry":{"type":"Polygon","coordinates":[[[76.9359218,28.45012],[76.9366061,28.4501103],[76.9366149,28.4505941],[76.9359306,28.4506039],[76.9359218,28.45012]]]}},{"type":"Feature","properties":{"v":"Garhi Harsaru","m":"21","k":"5","t":"Harsaru","vc":"01173","area":4050.1,"lat":28.4509316,"lng":76.9362788},"geometry":{"type":"Polygon","coordinates":[[[76.9359317,28.4506643],[76.936616,28.4506546],[76.9366259,28.4511989],[76.9359416,28.4512086],[76.9359317,28.4506643]]]}},{"type":"Feature","properties":{"v":"Garhi Harsaru","m":"21","k":"4","t":"Harsaru","vc":"01173","area":4050.2,"lat":28.4509413,"lng":76.9355945},"geometry":{"type":"Polygon","coordinates":[[[76.9352474,28.450674],[76.9359317,28.4506643],[76.9359416,28.4512086],[76.9355481,28.4512142],[76.9352573,28.4512183],[76.9352474,28.450674]]]}},{"type":"Feature","properties":{"v":"Garhi Harsaru","m":"21","k":"3/2","t":"Harsaru","vc":"01173","area":3037.5,"lat":28.4509498,"lng":76.9349958},"geometry":{"type":"Polygon","coordinates":[[[76.9352474,28.450674],[76.9352573,28.4512183],[76.9350691,28.451221],[76.9347441,28.4512256],[76.9347342,28.4506813],[76.9352474,28.450674]]]}},{"type":"Feature","properties":{"v":"Garhi Harsaru","m":"21","k":"2","t":"Harsaru","vc":"01173","area":4050.1,"lat":28.4509608,"lng":76.9342259},"geometry":{"type":"Polygon","coordinates":[[[76.9338788,28.4506935],[76.9345631,28.4506838],[76.934573,28.4512281],[76.9338887,28.4512378],[76.9338788,28.4506935]]]}},{"type":"Feature","properties":{"v":"Garhi Harsaru","m":"14","k":"263","t":"Harsaru","vc":"01173","area":298.2,"lat":28.4511816,"lng":76.9389099},"geometry":{"type":"Polygon","coordinates":[[[76.9393636,28.4511902],[76.9386793,28.4512],[76.9384911,28.4512026],[76.9384569,28.4512031],[76.9384564,28.4511729],[76.9384906,28.4511724],[76.9386788,28.4511697],[76.939038,28.4511646],[76.9392433,28.4511617],[76.939363,28.45116],[76.9393636,28.4511902]]]}},{"type":"Feature","properties":{"v":"Garhi Harsaru","m":"18","k":"282","t":"Harsaru","vc":"01173","area":374.2,"lat":28.4528241,"lng":76.9361297},"geometry":{"type":"Polygon","coordinates":[[[76.9355607,28.4528474],[76.9355602,28.4528171],[76.9359708,28.4528113],[76.936655,28.4528016],[76.9367064,28.4528008],[76.9366923,28.4528313],[76.9366556,28.4528318],[76.9359713,28.4528415],[76.9355607,28.4528474]]]}},{"type":"Feature","properties":{"v":"Garhi Harsaru","m":"22","k":"2","t":"Harsaru","vc":"01173","area":1583.8,"lat":28.4510268,"lng":76.9379386},"geometry":{"type":"Polygon","coordinates":[[[76.9380287,28.451179],[76.9379945,28.4511794],[76.9373957,28.451188],[76.9379895,28.450905],[76.9383914,28.4507134],[76.9380287,28.451179]]]}},{"type":"Feature","properties":{"v":"Garhi Harsaru","m":"11","k":"","t":"Harsaru","vc":"01173","area":404.8,"lat":28.4585766,"lng":76.9346723},"geometry":{"type":"Polygon","coordinates":[[[76.9347016,28.458304],[76.9347115,28.4588483],[76.9346431,28.4588492],[76.9346332,28.4583049],[76.9347016,28.458304]]]}},{"type":"Feature","properties":{"v":"Garhi Harsaru","m":"11","k":"11/2","t":"Harsaru","vc":"01173","area":112.4,"lat":28.4588704,"lng":76.9336852},"geometry":{"type":"Polygon","coordinates":[[[76.9333429,28.4588677],[76.9340272,28.458858],[76.9340275,28.4588731],[76.9333431,28.4588828],[76.9333429,28.4588677]]]}},{"type":"Feature","properties":{"v":"Garhi Harsaru","m":"0","k":"","t":"Harsaru","vc":"01173","area":2024.5,"lat":28.4581114,"lng":76.9340393},"geometry":{"type":"Polygon","coordinates":[[[76.935386,28.4582942],[76.9348385,28.458302],[76.9347016,28.458304],[76.9346332,28.4583049],[76.9340686,28.458313],[76.9340785,28.4588573],[76.9340884,28.4594016],[76.9340371,28.4594023],[76.9340275,28.4588731],[76.9340272,28.458858],[76.9340173,28.4583137],[76.9340074,28.4577694],[76.9339983,28.4572704],[76.9333143,28.4572953],[76.9333645,28.4572341],[76.9339975,28.4572251],[76.9340488,28.4572244],[76.9340587,28.4577687],[76.9340623,28.4579652],[76.9340662,28.4581769],[76.9340681,28.4582827],[76.9347011,28.4582737],[76.9349406,28.4582703],[76.9353854,28.458264],[76.935386,28.4582942]]]}},{"type":"Feature","properties":{"v":"Garhi Harsaru","m":"15","k":"21/2","t":"Harsaru","vc":"01173","area":1316.6,"lat":28.4541316,"lng":76.9370441},"geometry":{"type":"Polygon","coordinates":[[[76.9372742,28.4539119],[76.9370104,28.4544601],[76.9369248,28.4544613],[76.9369149,28.453917],[76.9372742,28.4539119]]]}},{"type":"Feature","properties":{"v":"Garhi Harsaru","m":"17","k":"10/2","t":"Harsaru","vc":"01173","area":699.2,"lat":28.4529033,"lng":76.9371595},"geometry":{"type":"Polygon","coordinates":[[[76.9367945,28.4528298],[76.9373399,28.4528221],[76.9373442,28.4530579],[76.9367945,28.4528298]]]}},{"type":"Feature","properties":{"v":"Garhi Harsaru","m":"17","k":"9/2","t":"Harsaru","vc":"01173","area":1091.8,"lat":28.45325,"lng":76.9375506},"geometry":{"type":"Polygon","coordinates":[[[76.9377604,28.4533605],[76.9373498,28.4533664],[76.9373442,28.4530579],[76.9378842,28.4532723],[76.9377604,28.4533605]]]}},{"type":"Feature","properties":{"v":"Garhi Harsaru","m":"23","k":"19/2","t":"Harsaru","vc":"01173","area":1602.9,"lat":28.4490716,"lng":76.9410532},"geometry":{"type":"Polygon","coordinates":[[[76.9413787,28.4490896],[76.9413803,28.4491803],[76.9407303,28.4491896],[76.9407261,28.4489628],[76.9413762,28.4489536],[76.9413787,28.4490896]]]}},{"type":"Feature","properties":{"v":"Garhi Harsaru","m":"23","k":"19/3","t":"Harsaru","vc":"01173","area":84.3,"lat":28.4490764,"lng":76.9407111},"geometry":{"type":"Polygon","coordinates":[[[76.9406919,28.4489633],[76.9407261,28.4489628],[76.9407303,28.4491896],[76.9406961,28.4491901],[76.9406919,28.4489633]]]}},{"type":"Feature","properties":{"v":"Garhi Harsaru","m":"23","k":"22/1","t":"Harsaru","vc":"01173","area":202.5,"lat":28.4486909,"lng":76.940704},"geometry":{"type":"Polygon","coordinates":[[[76.9406828,28.4484644],[76.940682,28.448419],[76.9407162,28.4484185],[76.9407261,28.4489628],[76.9406919,28.4489633],[76.9406828,28.4484644]]]}},{"type":"Feature","properties":{"v":"Garhi Harsaru","m":"22","k":"24/2","t":"Harsaru","vc":"01173","area":1822.8,"lat":28.4487128,"lng":76.9391645},"geometry":{"type":"Polygon","coordinates":[[[76.9393135,28.4484385],[76.9393234,28.4489828],[76.9390155,28.4489872],[76.9390055,28.4484429],[76.9391424,28.4484409],[76.9392279,28.4484397],[76.9393135,28.4484385]]]}},{"type":"Feature","properties":{"v":"Garhi Harsaru","m":"21","k":"21/2","t":"Harsaru","vc":"01173","area":1215.1,"lat":28.4487899,"lng":76.9337416},"geometry":{"type":"Polygon","coordinates":[[[76.9336439,28.4490635],[76.933634,28.4485192],[76.9338393,28.4485163],[76.9338492,28.4490606],[76.9336439,28.4490635]]]}},{"type":"Feature","properties":{"v":"Garhi Harsaru","m":"18","k":"23/2","t":"Harsaru","vc":"01173","area":1164.5,"lat":28.4514958,"lng":76.9351639},"geometry":{"type":"Polygon","coordinates":[[[76.9352672,28.4517626],[76.9350619,28.4517656],[76.9350691,28.451221],[76.9352573,28.4512183],[76.9352639,28.4515812],[76.9352672,28.4517626]]]}},{"type":"Feature","properties":{"v":"Garhi Harsaru","m":"18","k":"28","t":"Harsaru","vc":"01173","area":404.9,"lat":28.4516704,"lng":76.9353682},"geometry":{"type":"Polygon","coordinates":[[[76.9352639,28.4515812],[76.9354692,28.4515783],[76.9354719,28.4517295],[76.9354725,28.4517597],[76.9352672,28.4517626],[76.9352639,28.4515812]]]}},{"type":"Feature","properties":{"v":"Garhi Harsaru","m":"18","k":"24/1/1","t":"Harsaru","vc":"01173","area":28.1,"lat":28.451744,"lng":76.935515},"geometry":{"type":"Polygon","coordinates":[[[76.9354719,28.4517295],[76.9355575,28.4517283],[76.935558,28.4517585],[76.9354725,28.4517597],[76.9354719,28.4517295]]]}},{"type":"Feature","properties":{"v":"Garhi Harsaru","m":"18","k":"24/2/2","t":"Harsaru","vc":"01173","area":2199.8,"lat":28.4514685,"lng":76.9357495},"geometry":{"type":"Polygon","coordinates":[[[76.9355575,28.4517283],[76.9355481,28.4512142],[76.9359416,28.4512086],[76.935951,28.4517227],[76.9355575,28.4517283]]]}},{"type":"Feature","properties":{"v":"Garhi Harsaru","m":"18","k":"24/2/1","t":"Harsaru","vc":"01173","area":129.3,"lat":28.4517406,"lng":76.9357545},"geometry":{"type":"Polygon","coordinates":[[[76.9359515,28.4517529],[76.9355751,28.4517583],[76.935558,28.4517585],[76.9355575,28.4517283],[76.935951,28.4517227],[76.9359515,28.4517529]]]}},{"type":"Feature","properties":{"v":"Garhi Harsaru","m":"18","k":"25/1","t":"Harsaru","vc":"01173","area":224.7,"lat":28.451733,"lng":76.9362934},"geometry":{"type":"Polygon","coordinates":[[[76.9359515,28.4517529],[76.935951,28.4517227],[76.9366352,28.451713],[76.9366358,28.4517432],[76.9359515,28.4517529]]]}},{"type":"Feature","properties":{"v":"Garhi Harsaru","m":"17","k":"21/1/1","t":"Harsaru","vc":"01173","area":1099.8,"lat":28.4514508,"lng":76.9367289},"geometry":{"type":"Polygon","coordinates":[[[76.9366259,28.4511989],[76.9368312,28.451196],[76.9368234,28.4517103],[76.9366352,28.451713],[76.9366259,28.4511989]]]}},{"type":"Feature","properties":{"v":"Garhi Harsaru","m":"17","k":"21/1/4","t":"Harsaru","vc":"01173","area":191.2,"lat":28.4514477,"lng":76.9372122},"geometry":{"type":"Polygon","coordinates":[[[76.937234,28.4517045],[76.9371998,28.4517049],[76.9371904,28.4511909],[76.9372246,28.4511904],[76.937234,28.4517045]]]}},{"type":"Feature","properties":{"v":"Garhi Harsaru","m":"17","k":"21/1/5","t":"Harsaru","vc":"01173","area":196.9,"lat":28.4517238,"lng":76.936935},"geometry":{"type":"Polygon","coordinates":[[[76.9366358,28.4517432],[76.9366352,28.451713],[76.9368234,28.4517103],[76.9371998,28.4517049],[76.937234,28.4517045],[76.9372346,28.4517347],[76.9366358,28.4517432]]]}},{"type":"Feature","properties":{"v":"Garhi Harsaru","m":"22","k":"10/1/1","t":"Harsaru","vc":"01173","area":27.0,"lat":28.4506205,"lng":76.9368927},"geometry":{"type":"Polygon","coordinates":[[[76.9369024,28.45059],[76.9369239,28.4506502],[76.9368822,28.4506508],[76.9368619,28.4505906],[76.9369024,28.45059]]]}},{"type":"Feature","properties":{"v":"Garhi Harsaru","m":"22","k":"1/2","t":"Harsaru","vc":"01173","area":224.6,"lat":28.4509123,"lng":76.9370089},"geometry":{"type":"Polygon","coordinates":[[[76.9371391,28.4511916],[76.9371049,28.4511921],[76.9368822,28.4506508],[76.9369239,28.4506502],[76.9371391,28.4511916]]]}},{"type":"Feature","properties":{"v":"Garhi Harsaru","m":"14","k":"1/2","t":"Harsaru","vc":"01173","area":387.7,"lat":28.4561631,"lng":76.9336869},"geometry":{"type":"Polygon","coordinates":[[[76.9339777,28.4561365],[76.9340975,28.4561348],[76.9340627,28.4561806],[76.9332942,28.4561916],[76.9332934,28.4561462],[76.9339777,28.4561365]]]}},{"type":"Feature","properties":{"v":"Garhi Harsaru","m":"14","k":"13/2","t":"Harsaru","vc":"01173","area":142.1,"lat":28.4550535,"lng":76.935183},"geometry":{"type":"Polygon","coordinates":[[[76.9353266,28.4550284],[76.9353274,28.4550738],[76.9350255,28.4550781],[76.9350529,28.4550323],[76.9353266,28.4550284]]]}},{"type":"Feature","properties":{"v":"Garhi Harsaru","m":"14","k":"14/1","t":"Harsaru","vc":"01173","area":928.2,"lat":28.4553221,"lng":76.9354175},"geometry":{"type":"Polygon","coordinates":[[[76.9353365,28.4555727],[76.9353274,28.4550738],[76.9354985,28.4550714],[76.9355076,28.4555703],[76.9353365,28.4555727]]]}},{"type":"Feature","properties":{"v":"Garhi Harsaru","m":"14","k":"14/3","t":"Harsaru","vc":"01173","area":84.5,"lat":28.4550499,"lng":76.9354125},"geometry":{"type":"Polygon","coordinates":[[[76.9353274,28.4550738],[76.9353266,28.4550284],[76.9354977,28.455026],[76.9354985,28.4550714],[76.9353274,28.4550738]]]}},{"type":"Feature","properties":{"v":"Garhi Harsaru","m":"14","k":"24/1/1","t":"Harsaru","vc":"01173","area":26.6,"lat":28.4544677,"lng":76.9353571},"geometry":{"type":"Polygon","coordinates":[[[76.9353161,28.4544539],[76.9354093,28.4544526],[76.9353851,28.4544832],[76.9353167,28.4544841],[76.9353161,28.4544539]]]}},{"type":"Feature","properties":{"v":"Garhi Harsaru","m":"11","k":"12/2/1","t":"Harsaru","vc":"01173","area":1457.1,"lat":28.4580666,"lng":76.9343808},"geometry":{"type":"Polygon","coordinates":[[[76.9346992,28.4581679],[76.9340662,28.4581769],[76.9340623,28.4579652],[76.9346953,28.4579562],[76.9346992,28.4581679]]]}},{"type":"Feature","properties":{"v":"Garhi Harsaru","m":"11","k":"12/2/2","t":"Harsaru","vc":"01173","area":1352.6,"lat":28.4578624,"lng":76.934377},"geometry":{"type":"Polygon","coordinates":[[[76.9344009,28.4577638],[76.9346917,28.4577597],[76.9346953,28.4579562],[76.9340623,28.4579652],[76.9340587,28.4577687],[76.9344009,28.4577638]]]}},{"type":"Feature","properties":{"v":"Garhi Harsaru","m":"14","k":"11/2/1","t":"Harsaru","vc":"01173","area":312.2,"lat":28.4551514,"lng":76.933592},"geometry":{"type":"Polygon","coordinates":[[[76.9339088,28.4551696],[76.9335325,28.4551749],[76.9332758,28.4551785],[76.933275,28.4551332],[76.933908,28.4551242],[76.9339088,28.4551696]]]}},{"type":"Feature","properties":{"v":"Garhi Harsaru","m":"22","k":"15/3","t":"Harsaru","vc":"01173","area":841.0,"lat":28.4496994,"lng":76.9394477},"geometry":{"type":"Polygon","coordinates":[[[76.9395557,28.4495239],[76.939562,28.4498717],[76.9393396,28.4498748],[76.9393333,28.4495271],[76.9395557,28.4495239]]]}},{"type":"Feature","properties":{"v":"Garhi Harsaru","m":"22","k":"15/2","t":"Harsaru","vc":"01173","area":146.2,"lat":28.4499638,"lng":76.9399915},"geometry":{"type":"Polygon","coordinates":[[[76.9400239,28.4498651],[76.9400275,28.4500616],[76.9399591,28.4500626],[76.9399555,28.4498661],[76.9400239,28.4498651]]]}},{"type":"Feature","properties":{"v":"Garhi Harsaru","m":"21","k":"12/2","t":"Harsaru","vc":"01173","area":360.0,"lat":28.4496511,"lng":76.9347327},"geometry":{"type":"Polygon","coordinates":[[[76.9349197,28.4495898],[76.934735,28.4497684],[76.9345433,28.4495952],[76.9349197,28.4495898]]]}},{"type":"Feature","properties":{"v":"Garhi Harsaru","m":"17","k":"7","t":"Harsaru","vc":"01173","area":203.8,"lat":28.4530402,"lng":76.9384516},"geometry":{"type":"Polygon","coordinates":[[[76.9384257,28.4532452],[76.9384348,28.4528065],[76.938469,28.452806],[76.938477,28.4532445],[76.9384257,28.4532452]]]}},{"type":"Feature","properties":{"v":"Garhi Harsaru","m":"17","k":"7","t":"Harsaru","vc":"01173","area":163.1,"lat":28.4530271,"lng":76.9383446},"geometry":{"type":"Polygon","coordinates":[[[76.9383572,28.4532462],[76.938323,28.4532467],[76.9383321,28.452808],[76.9383663,28.4528075],[76.9383572,28.4532462]]]}},{"type":"Feature","properties":{"v":"Garhi Harsaru","m":"17","k":"7","t":"Harsaru","vc":"01173","area":202.4,"lat":28.452534,"lng":76.9384555},"geometry":{"type":"Polygon","coordinates":[[[76.9384348,28.4528065],[76.938442,28.452262],[76.9384762,28.4522615],[76.938469,28.452806],[76.9384348,28.4528065]]]}},{"type":"Feature","properties":{"v":"Garhi Harsaru","m":"17","k":"7","t":"Harsaru","vc":"01173","area":202.4,"lat":28.4525354,"lng":76.9383528},"geometry":{"type":"Polygon","coordinates":[[[76.9383735,28.4522629],[76.9383663,28.4528075],[76.9383321,28.452808],[76.9383393,28.4522634],[76.9383735,28.4522629]]]}},{"type":"Feature","properties":{"v":"Garhi Harsaru","m":"17","k":"7","t":"Harsaru","vc":"01173","area":202.4,"lat":28.4519894,"lng":76.9384627},"geometry":{"type":"Polygon","coordinates":[[[76.9384492,28.4517174],[76.9384834,28.4517169],[76.9384762,28.4522615],[76.938442,28.452262],[76.9384492,28.4517174]]]}},{"type":"Feature","properties":{"v":"Garhi Harsaru","m":"17","k":"7","t":"Harsaru","vc":"01173","area":202.4,"lat":28.4519909,"lng":76.93836},"geometry":{"type":"Polygon","coordinates":[[[76.9383735,28.4522629],[76.9383393,28.4522634],[76.9383465,28.4517189],[76.9383807,28.4517184],[76.9383735,28.4522629]]]}},{"type":"Feature","properties":{"v":"Garhi Harsaru","m":"17","k":"7","t":"Harsaru","vc":"01173","area":191.2,"lat":28.45146,"lng":76.9384702},"geometry":{"type":"Polygon","coordinates":[[[76.9384569,28.4512031],[76.9384911,28.4512026],[76.9384834,28.4517169],[76.9384492,28.4517174],[76.9384569,28.4512031]]]}},{"type":"Feature","properties":{"v":"Garhi Harsaru","m":"17","k":"7","t":"Harsaru","vc":"01173","area":202.4,"lat":28.4514465,"lng":76.9383586},"geometry":{"type":"Polygon","coordinates":[[[76.9383366,28.4511746],[76.9383708,28.4511741],[76.9383807,28.4517184],[76.9383465,28.4517189],[76.9383366,28.4511746]]]}},{"type":"Feature","properties":{"v":"Garhi Harsaru","m":"17","k":"7","t":"Harsaru","vc":"01173","area":90.0,"lat":28.4510515,"lng":76.9384799},"geometry":{"type":"Polygon","coordinates":[[[76.9384691,28.4509307],[76.9385033,28.4509302],[76.9384906,28.4511724],[76.9384564,28.4511729],[76.9384691,28.4509307]]]}},{"type":"Feature","properties":{"v":"Garhi Harsaru","m":"17","k":"7","t":"Harsaru","vc":"01173","area":112.4,"lat":28.4507793,"lng":76.9384834},"geometry":{"type":"Polygon","coordinates":[[[76.9384691,28.4509307],[76.9384636,28.4506283],[76.9384978,28.4506279],[76.9385033,28.4509302],[76.9384691,28.4509307]]]}},{"type":"Feature","properties":{"v":"Garhi Harsaru","m":"17","k":"7","t":"Harsaru","vc":"01173","area":98.7,"lat":28.451024,"lng":76.9383634},"geometry":{"type":"Polygon","coordinates":[[[76.938386,28.4508343],[76.9383708,28.4511741],[76.9383366,28.4511746],[76.9383621,28.4508664],[76.938386,28.4508343]]]}},{"type":"Feature","properties":{"v":"Garhi Harsaru","m":"17","k":"7","t":"Harsaru","vc":"01173","area":202.3,"lat":28.4503578,"lng":76.9383388},"geometry":{"type":"Polygon","coordinates":[[[76.9381799,28.4500879],[76.9382141,28.4500874],[76.9384978,28.4506279],[76.9384636,28.4506283],[76.9381799,28.4500879]]]}},{"type":"Feature","properties":{"v":"Garhi Harsaru","m":"17","k":"7","t":"Harsaru","vc":"01173","area":214.1,"lat":28.4498126,"lng":76.9380516},"geometry":{"type":"Polygon","coordinates":[[[76.9381799,28.4500879],[76.9378924,28.4495476],[76.9379305,28.449547],[76.9382141,28.4500874],[76.9381799,28.4500879]]]}},{"type":"Feature","properties":{"v":"Garhi Harsaru","m":"17","k":"7","t":"Harsaru","vc":"01173","area":214.1,"lat":28.449282,"lng":76.9377732},"geometry":{"type":"Polygon","coordinates":[[[76.9376127,28.4490071],[76.9376469,28.4490066],[76.9379305,28.449547],[76.9378924,28.4495476],[76.9376127,28.4490071]]]}},{"type":"Feature","properties":{"v":"Garhi Harsaru","m":"17","k":"7","t":"Harsaru","vc":"01173","area":105.6,"lat":28.4488648,"lng":76.9375554},"geometry":{"type":"Polygon","coordinates":[[[76.9374638,28.4487219],[76.9374972,28.4487214],[76.9376469,28.4490066],[76.9376127,28.4490071],[76.9374638,28.4487219]]]}},{"type":"Feature","properties":{"v":"Garhi Harsaru","m":"17","k":"7","t":"Harsaru","vc":"01173","area":94.5,"lat":28.4485936,"lng":76.9374131},"geometry":{"type":"Polygon","coordinates":[[[76.9374638,28.4487219],[76.9373291,28.4484667],[76.9373633,28.4484662],[76.9374972,28.4487214],[76.9374638,28.4487219]]]}},{"type":"Feature","properties":{"v":"Garhi Harsaru","m":"17","k":"7","t":"Harsaru","vc":"01173","area":205.1,"lat":28.4487397,"lng":76.9373549},"geometry":{"type":"Polygon","coordinates":[[[76.9374818,28.449009],[76.9371922,28.4484687],[76.9372093,28.4484684],[76.9372264,28.4484682],[76.9375169,28.4490085],[76.9374818,28.449009]]]}},{"type":"Feature","properties":{"v":"Garhi Harsaru","m":"17","k":"7","t":"Harsaru","vc":"01173","area":35.7,"lat":28.4490546,"lng":76.9375237},"geometry":{"type":"Polygon","coordinates":[[[76.937562,28.44909],[76.9375354,28.449109],[76.9374818,28.449009],[76.9375169,28.4490085],[76.937562,28.44909]]]}},{"type":"Feature","properties":{"v":"Garhi Harsaru","m":"12","k":"25","t":"Harsaru","vc":"01173","area":442.9,"lat":28.4571787,"lng":76.9298041},"geometry":{"type":"Polygon","coordinates":[[[76.9298864,28.4570013],[76.9298915,28.4572833],[76.9296494,28.4572867],[76.9296349,28.4572869],[76.9298858,28.4569658],[76.9298864,28.4570013]]]}},{"type":"Feature","properties":{"v":"Garhi Harsaru","m":"12","k":"16","t":"Harsaru","vc":"01173","area":2986.8,"lat":28.4576039,"lng":76.9296246},"geometry":{"type":"Polygon","coordinates":[[[76.9296494,28.4572867],[76.9298915,28.4572833],[76.9299014,28.4578276],[76.9292171,28.4578373],[76.9291683,28.457838],[76.9291486,28.4578383],[76.9292157,28.4577622],[76.9293001,28.4576665],[76.9295657,28.4573655],[76.9296237,28.4572996],[76.9296349,28.4572869],[76.9296494,28.4572867]]]}},{"type":"Feature","properties":{"v":"Garhi Harsaru","m":"12","k":"15","t":"Harsaru","vc":"01173","area":4050.1,"lat":28.4581046,"lng":76.9295642},"geometry":{"type":"Polygon","coordinates":[[[76.9292269,28.4583816],[76.9292171,28.4578373],[76.9299014,28.4578276],[76.9299113,28.4583719],[76.9292269,28.4583816]]]}},{"type":"Feature","properties":{"v":"Garhi Harsaru","m":"12","k":"14","t":"Harsaru","vc":"01173","area":1822.5,"lat":28.4581826,"lng":76.9290383},"geometry":{"type":"Polygon","coordinates":[[[76.9291683,28.457838],[76.9292171,28.4578373],[76.9292269,28.4583816],[76.9286964,28.4583891],[76.9286795,28.4583893],[76.9291383,28.4578504],[76.9291486,28.4578383],[76.9291683,28.457838]]]}},{"type":"Feature","properties":{"v":"Garhi Harsaru","m":"12","k":"7","t":"Harsaru","vc":"01173","area":4859.7,"lat":28.45869,"lng":76.9288066},"geometry":{"type":"Polygon","coordinates":[[[76.9286964,28.4583891],[76.9292269,28.4583816],[76.9292368,28.4589259],[76.9285525,28.4589356],[76.9282958,28.4589392],[76.9281575,28.4589412],[76.9281419,28.4589414],[76.9285451,28.4585274],[76.9286572,28.4584123],[76.9286682,28.4584009],[76.9286795,28.4583893],[76.9286964,28.4583891]]]}},{"type":"Feature","properties":{"v":"Garhi Harsaru","m":"12","k":"6","t":"Harsaru","vc":"01173","area":4050.4,"lat":28.4586489,"lng":76.929574},"geometry":{"type":"Polygon","coordinates":[[[76.9292269,28.4583816],[76.9299113,28.4583719],[76.9299129,28.4584626],[76.9299212,28.4589162],[76.9298527,28.4589172],[76.9292368,28.4589259],[76.9292269,28.4583816]]]}},{"type":"Feature","properties":{"v":"Garhi Harsaru","m":"12","k":"5/1","t":"Harsaru","vc":"01173","area":3645.0,"lat":28.4591937,"lng":76.9295497},"geometry":{"type":"Polygon","coordinates":[[[76.9298527,28.4589172],[76.9298626,28.4594615],[76.9292467,28.4594702],[76.9292368,28.4589259],[76.9298527,28.4589172]]]}},{"type":"Feature","properties":{"v":"Garhi Harsaru","m":"12","k":"4","t":"Harsaru","vc":"01173","area":4050.0,"lat":28.4592029,"lng":76.9288996},"geometry":{"type":"Polygon","coordinates":[[[76.9285623,28.4594799],[76.9285525,28.4589356],[76.9292368,28.4589259],[76.9292467,28.4594702],[76.9290756,28.4594726],[76.9285623,28.4594799]]]}},{"type":"Feature","properties":{"v":"Garhi Harsaru","m":"12","k":"3/1","t":"Harsaru","vc":"01173","area":2655.8,"lat":28.4592737,"lng":76.9280461},"geometry":{"type":"Polygon","coordinates":[[[76.9281575,28.4589412],[76.9282958,28.4589392],[76.9283057,28.4594835],[76.927878,28.4594896],[76.9275836,28.4594937],[76.92757,28.4594939],[76.9278726,28.4591941],[76.9281302,28.4589523],[76.9281419,28.4589414],[76.9281575,28.4589412]]]}},{"type":"Feature","properties":{"v":"Garhi Harsaru","m":"11","k":"65","t":"Harsaru","vc":"01173","area":2427.2,"lat":28.4583356,"lng":76.9324766},"geometry":{"type":"Polygon","coordinates":[[[76.9333132,28.4572348],[76.9333143,28.4572953],[76.9329467,28.4577844],[76.9325289,28.4583348],[76.932111,28.4588852],[76.931693,28.4594355],[76.9315902,28.459437],[76.9320084,28.4588866],[76.9324262,28.4583363],[76.9325423,28.4581834],[76.9328441,28.4577859],[76.9332271,28.4572814],[76.9332619,28.4572355],[76.9332865,28.4571898],[76.9333115,28.4571435],[76.9333121,28.4571743],[76.9333132,28.4572348]]]}},{"type":"Feature","properties":{"v":"Garhi Harsaru","m":"11","k":"259","t":"Harsaru","vc":"01173","area":1661.1,"lat":28.4572984,"lng":76.930602},"geometry":{"type":"Polygon","coordinates":[[[76.9305759,28.4572736],[76.9305751,28.4572282],[76.9312594,28.4572185],[76.9319437,28.4572088],[76.9324056,28.4572023],[76.932628,28.4571991],[76.9332865,28.4571898],[76.9332619,28.4572355],[76.9326289,28.4572445],[76.9320643,28.4572525],[76.9319445,28.4572542],[76.9312602,28.4572639],[76.9306272,28.4572729],[76.930628,28.4573182],[76.9306371,28.4578172],[76.9306379,28.4578625],[76.9305866,28.4578633],[76.9305857,28.4578179],[76.9305759,28.4572736]]]}},{"type":"Feature","properties":{"v":"Garhi Harsaru","m":"11","k":"26","t":"Harsaru","vc":"01173","area":137.7,"lat":28.4573062,"lng":76.9320054},"geometry":{"type":"Polygon","coordinates":[[[76.9320662,28.4573583],[76.9319465,28.45736],[76.9319454,28.4572996],[76.9319445,28.4572542],[76.9320643,28.4572525],[76.9320651,28.4572979],[76.9320662,28.4573583]]]}},{"type":"Feature","properties":{"v":"Garhi Harsaru","m":"11","k":"7/2","t":"Harsaru","vc":"01173","area":1468.0,"lat":28.4585346,"lng":76.9321226},"geometry":{"type":"Polygon","coordinates":[[[76.9319643,28.4583428],[76.9324262,28.4583363],[76.9320084,28.4588866],[76.9319742,28.4588871],[76.9319739,28.458872],[76.9319643,28.4583428]]]}},{"type":"Feature","properties":{"v":"Garhi Harsaru","m":"11","k":"5/2","t":"Harsaru","vc":"01173","area":112.4,"lat":28.4588801,"lng":76.9330008},"geometry":{"type":"Polygon","coordinates":[[[76.9333429,28.4588677],[76.9333431,28.4588828],[76.9326588,28.4588925],[76.9326585,28.4588774],[76.9333429,28.4588677]]]}},{"type":"Feature","properties":{"v":"Garhi Harsaru","m":"11","k":"16/1","t":"Harsaru","vc":"01173","area":990.0,"lat":28.4576196,"lng":76.9331947},"geometry":{"type":"Polygon","coordinates":[[[76.9333231,28.4577791],[76.9329467,28.4577844],[76.9333143,28.4572953],[76.9333231,28.4577791]]]}},{"type":"Feature","properties":{"v":"Garhi Harsaru","m":"11","k":"16/2/1","t":"Harsaru","vc":"01173","area":2177.2,"lat":28.4574957,"lng":76.9328501},"geometry":{"type":"Polygon","coordinates":[[[76.9326388,28.4577888],[76.9326297,28.4572899],[76.9332271,28.4572814],[76.9328441,28.4577859],[76.9326388,28.4577888]]]}},{"type":"Feature","properties":{"v":"Garhi Harsaru","m":"11","k":"12/1","t":"Harsaru","vc":"01173","area":1012.7,"lat":28.4582893,"lng":76.9309366},"geometry":{"type":"Polygon","coordinates":[[[76.93128,28.4583525],[76.9305956,28.4583622],[76.9305932,28.4582261],[76.9312775,28.4582164],[76.93128,28.4583525]]]}},{"type":"Feature","properties":{"v":"Garhi Harsaru","m":"11","k":"12/2/2","t":"Harsaru","vc":"01173","area":1493.6,"lat":28.4579164,"lng":76.9309395},"geometry":{"type":"Polygon","coordinates":[[[76.9306371,28.4578172],[76.9312701,28.4578082],[76.9312739,28.4580199],[76.9305893,28.4580145],[76.9305866,28.4578633],[76.9306379,28.4578625],[76.9306371,28.4578172]]]}},{"type":"Feature","properties":{"v":"Garhi Harsaru","m":"11","k":"11/2","t":"Harsaru","vc":"01173","area":1316.5,"lat":28.4580916,"lng":76.9304795},"geometry":{"type":"Polygon","coordinates":[[[76.9305857,28.4578179],[76.9305866,28.4578633],[76.9305893,28.4580145],[76.9305932,28.4582261],[76.9305956,28.4583622],[76.9303732,28.4583654],[76.9303633,28.4578211],[76.9305857,28.4578179]]]}},{"type":"Feature","properties":{"v":"Garhi Harsaru","m":"11","k":"10/2","t":"Harsaru","vc":"01173","area":674.7,"lat":28.4584124,"lng":76.9302543},"geometry":{"type":"Polygon","coordinates":[[[76.9299113,28.4583719],[76.9303732,28.4583654],[76.9305956,28.4583622],[76.9305973,28.4584529],[76.9299129,28.4584626],[76.9299113,28.4583719]]]}},{"type":"Feature","properties":{"v":"Garhi Harsaru","m":"11","k":"13/2","t":"Harsaru","vc":"01173","area":2925.1,"lat":28.4579999,"lng":76.9316158},"geometry":{"type":"Polygon","coordinates":[[[76.9312701,28.4578082],[76.9319544,28.4577985],[76.9319616,28.4581916],[76.9312772,28.4582013],[76.9312739,28.4580199],[76.9312701,28.4578082]]]}},{"type":"Feature","properties":{"v":"Garhi Harsaru","m":"11","k":"14/2","t":"Harsaru","vc":"01173","area":3142.6,"lat":28.457976,"lng":76.9323308},"geometry":{"type":"Polygon","coordinates":[[[76.9328441,28.4577859],[76.9325423,28.4581834],[76.9319616,28.4581916],[76.9319544,28.4577985],[76.9326388,28.4577888],[76.9328441,28.4577859]]]}},{"type":"Feature","properties":{"v":"Garhi Harsaru","m":"11","k":"8/2","t":"Harsaru","vc":"01173","area":3937.5,"lat":28.4586123,"lng":76.9316269},"geometry":{"type":"Polygon","coordinates":[[[76.9319643,28.4583428],[76.9319739,28.458872],[76.9312896,28.4588817],[76.93128,28.4583525],[76.9319643,28.4583428]]]}},{"type":"Feature","properties":{"v":"Garhi Harsaru","m":"11","k":"7/1","t":"Harsaru","vc":"01173","area":1974.3,"lat":28.4586661,"lng":76.9324649},"geometry":{"type":"Polygon","coordinates":[[[76.9326585,28.4588774],[76.932111,28.4588852],[76.9325289,28.4583348],[76.9326486,28.4583331],[76.9326585,28.4588774]]]}},{"type":"Feature","properties":{"v":"Garhi Harsaru","m":"11","k":"6","t":"Harsaru","vc":"01173","area":4050.3,"lat":28.4586004,"lng":76.9329957},"geometry":{"type":"Polygon","coordinates":[[[76.9326585,28.4588774],[76.9326486,28.4583331],[76.933333,28.4583234],[76.9333335,28.4583536],[76.9333429,28.4588677],[76.9326585,28.4588774]]]}},{"type":"Feature","properties":{"v":"Garhi Harsaru","m":"11","k":"25","t":"Harsaru","vc":"01173","area":3705.9,"lat":28.4569444,"lng":76.9329651},"geometry":{"type":"Polygon","coordinates":[[[76.9333033,28.4566905],[76.9333115,28.4571435],[76.9332865,28.4571898],[76.932628,28.4571991],[76.932619,28.4567002],[76.9333033,28.4566905]]]}},{"type":"Feature","properties":{"v":"Garhi Harsaru","m":"11","k":"24/1","t":"Harsaru","vc":"01173","area":2505.6,"lat":28.4569561,"lng":76.9321702},"geometry":{"type":"Polygon","coordinates":[[[76.9319347,28.4567099],[76.9323966,28.4567034],[76.9324056,28.4572023],[76.9319437,28.4572088],[76.9319347,28.4567099]]]}},{"type":"Feature","properties":{"v":"Garhi Harsaru","m":"11","k":"23","t":"Harsaru","vc":"01173","area":3712.4,"lat":28.4569642,"lng":76.931597},"geometry":{"type":"Polygon","coordinates":[[[76.9312594,28.4572185],[76.9312503,28.4567196],[76.9319347,28.4567099],[76.9319437,28.4572088],[76.9312594,28.4572185]]]}},{"type":"Feature","properties":{"v":"Garhi Harsaru","m":"11","k":"22","t":"Harsaru","vc":"01173","area":3712.1,"lat":28.4569739,"lng":76.9309127},"geometry":{"type":"Polygon","coordinates":[[[76.9305751,28.4572282],[76.930566,28.4567293],[76.9312503,28.4567196],[76.9312594,28.4572185],[76.9305751,28.4572282]]]}},{"type":"Feature","properties":{"v":"Garhi Harsaru","m":"11","k":"21","t":"Harsaru","vc":"01173","area":3818.3,"lat":28.457018,"lng":76.930246},"geometry":{"type":"Polygon","coordinates":[[[76.930566,28.4567293],[76.9305751,28.4572282],[76.9305759,28.4572736],[76.9298915,28.4572833],[76.9298864,28.4570013],[76.9298858,28.4569658],[76.9298973,28.4569515],[76.929949,28.456887],[76.9300119,28.4568086],[76.9300699,28.4567363],[76.930566,28.4567293]]]}},{"type":"Feature","properties":{"v":"Garhi Harsaru","m":"11","k":"20","t":"Harsaru","vc":"01173","area":4050.3,"lat":28.4575506,"lng":76.9302386},"geometry":{"type":"Polygon","coordinates":[[[76.9305857,28.4578179],[76.9303633,28.4578211],[76.9299014,28.4578276],[76.9298915,28.4572833],[76.9305759,28.4572736],[76.9305857,28.4578179]]]}},{"type":"Feature","properties":{"v":"Garhi Harsaru","m":"11","k":"19","t":"Harsaru","vc":"01173","area":3434.0,"lat":28.4575632,"lng":76.930949},"geometry":{"type":"Polygon","coordinates":[[[76.9312701,28.4578082],[76.9306371,28.4578172],[76.930628,28.4573182],[76.931261,28.4573093],[76.9312673,28.457657],[76.9312701,28.4578082]]]}},{"type":"Feature","properties":{"v":"Garhi Harsaru","m":"11","k":"18/2/1","t":"Harsaru","vc":"01173","area":2531.2,"lat":28.4574746,"lng":76.9316037},"geometry":{"type":"Polygon","coordinates":[[[76.9319514,28.4576322],[76.9312673,28.457657],[76.931261,28.4573093],[76.9319454,28.4572996],[76.9319465,28.45736],[76.9319514,28.4576322]]]}},{"type":"Feature","properties":{"v":"Garhi Harsaru","m":"11","k":"17/1","t":"Harsaru","vc":"01173","area":3633.7,"lat":28.4575489,"lng":76.9322983},"geometry":{"type":"Polygon","coordinates":[[[76.9326388,28.4577888],[76.9319544,28.4577985],[76.9319514,28.4576322],[76.9319465,28.45736],[76.9320662,28.4573583],[76.9320651,28.4572979],[76.9326297,28.4572899],[76.9326388,28.4577888]]]}},{"type":"Feature","properties":{"v":"Garhi Harsaru","m":"11","k":"15","t":"Harsaru","vc":"01173","area":3493.4,"lat":28.4580885,"lng":76.9330206},"geometry":{"type":"Polygon","coordinates":[[[76.9333231,28.4577791],[76.933333,28.4583234],[76.9326486,28.4583331],[76.9325289,28.4583348],[76.9329467,28.4577844],[76.9333231,28.4577791]]]}},{"type":"Feature","properties":{"v":"Garhi Harsaru","m":"11","k":"12/2/1","t":"Harsaru","vc":"01173","area":1518.2,"lat":28.4581192,"lng":76.9309292},"geometry":{"type":"Polygon","coordinates":[[[76.9305893,28.4580145],[76.9312739,28.4580199],[76.9312772,28.4582013],[76.9312775,28.4582164],[76.9305932,28.4582261],[76.9305893,28.4580145]]]}},{"type":"Feature","properties":{"v":"Garhi Harsaru","m":"11","k":"11/1","t":"Harsaru","vc":"01173","area":2733.6,"lat":28.4580965,"lng":76.9301373},"geometry":{"type":"Polygon","coordinates":[[[76.9303732,28.4583654],[76.9299113,28.4583719],[76.9299014,28.4578276],[76.9303633,28.4578211],[76.9303732,28.4583654]]]}},{"type":"Feature","properties":{"v":"Garhi Harsaru","m":"11","k":"10/1","t":"Harsaru","vc":"01173","area":3375.2,"lat":28.4586845,"lng":76.9302592},"geometry":{"type":"Polygon","coordinates":[[[76.9306055,28.4589065],[76.9299212,28.4589162],[76.9299129,28.4584626],[76.9305973,28.4584529],[76.9306052,28.4588914],[76.9306055,28.4589065]]]}},{"type":"Feature","properties":{"v":"Garhi Harsaru","m":"11","k":"9/2","t":"Harsaru","vc":"01173","area":3937.9,"lat":28.458622,"lng":76.9309426},"geometry":{"type":"Polygon","coordinates":[[[76.9305956,28.4583622],[76.93128,28.4583525],[76.9312896,28.4588817],[76.9306052,28.4588914],[76.9305973,28.4584529],[76.9305956,28.4583622]]]}},{"type":"Feature","properties":{"v":"Garhi Harsaru","m":"11","k":"5/1","t":"Harsaru","vc":"01173","area":3937.8,"lat":28.4591523,"lng":76.9330058},"geometry":{"type":"Polygon","coordinates":[[[76.9333431,28.4588828],[76.9333528,28.459412],[76.9326684,28.4594217],[76.9326588,28.4588925],[76.9333431,28.4588828]]]}},{"type":"Feature","properties":{"v":"Garhi Harsaru","m":"11","k":"4","t":"Harsaru","vc":"01173","area":4506.2,"lat":28.4591806,"lng":76.9322732},"geometry":{"type":"Polygon","coordinates":[[[76.9326585,28.4588774],[76.9326588,28.4588925],[76.9326684,28.4594217],[76.932292,28.459427],[76.9319841,28.4594314],[76.931693,28.4594355],[76.932111,28.4588852],[76.9326585,28.4588774]]]}},{"type":"Feature","properties":{"v":"Garhi Harsaru","m":"11","k":"3","t":"Harsaru","vc":"01173","area":2986.1,"lat":28.4591267,"lng":76.9315615},"geometry":{"type":"Polygon","coordinates":[[[76.9320084,28.4588866],[76.9315902,28.459437],[76.9312997,28.4594411],[76.9312964,28.4592597],[76.9312898,28.4588968],[76.9319742,28.4588871],[76.9320084,28.4588866]]]}},{"type":"Feature","properties":{"v":"Garhi Harsaru","m":"11","k":"2/2","t":"Harsaru","vc":"01173","area":2700.2,"lat":28.4590831,"lng":76.9309509},"geometry":{"type":"Polygon","coordinates":[[[76.9306121,28.4592694],[76.9306093,28.4591182],[76.9306055,28.4589065],[76.9312898,28.4588968],[76.9312964,28.4592597],[76.9306121,28.4592694]]]}},{"type":"Feature","properties":{"v":"Garhi Harsaru","m":"11","k":"1/1","t":"Harsaru","vc":"01173","area":2474.9,"lat":28.4592894,"lng":76.9302702},"geometry":{"type":"Polygon","coordinates":[[[76.929931,28.4594605],[76.929925,28.4591279],[76.9306093,28.4591182],[76.9306121,28.4592694],[76.9306154,28.4594508],[76.929931,28.4594605]]]}},{"type":"Feature","properties":{"v":"Garhi Harsaru","m":"13","k":"25/1","t":"Harsaru","vc":"01173","area":1012.8,"lat":28.4544501,"lng":76.9329204},"geometry":{"type":"Polygon","coordinates":[[[76.9325794,28.454523],[76.932577,28.4543869],[76.9332613,28.4543772],[76.9332638,28.4545133],[76.9325794,28.454523]]]}},{"type":"Feature","properties":{"v":"Garhi Harsaru","m":"13","k":"26","t":"Harsaru","vc":"01173","area":337.5,"lat":28.4550827,"lng":76.9325725},"geometry":{"type":"Polygon","coordinates":[[[76.9324886,28.4551746],[76.9324867,28.4550688],[76.9324853,28.4549932],[76.932588,28.4549917],[76.9326564,28.4549907],[76.9326578,28.4550663],[76.9326597,28.4551722],[76.9325913,28.4551731],[76.9324886,28.4551746]]]}},{"type":"Feature","properties":{"v":"Garhi Harsaru","m":"13","k":"13","t":"Harsaru","vc":"01173","area":4049.9,"lat":28.455354,"lng":76.9315678},"geometry":{"type":"Polygon","coordinates":[[[76.9319149,28.4556213],[76.9312306,28.455631],[76.9312207,28.4550867],[76.931905,28.455077],[76.9319149,28.4556213]]]}},{"type":"Feature","properties":{"v":"Garhi Harsaru","m":"13","k":"25/2","t":"Harsaru","vc":"01173","area":3037.3,"lat":28.454178,"lng":76.9329154},"geometry":{"type":"Polygon","coordinates":[[[76.9332613,28.4543772],[76.932577,28.4543869],[76.9325696,28.4539787],[76.9332539,28.453969],[76.9332613,28.4543772]]]}},{"type":"Feature","properties":{"v":"Garhi Harsaru","m":"13","k":"24","t":"Harsaru","vc":"01173","area":4050.1,"lat":28.4542557,"lng":76.9322324},"geometry":{"type":"Polygon","coordinates":[[[76.9319068,28.4539881],[76.9319281,28.4539878],[76.9325696,28.4539787],[76.932577,28.4543869],[76.9325794,28.454523],[76.9318951,28.4545327],[76.9318859,28.4540213],[76.9318855,28.4540035],[76.9318855,28.454003],[76.9318853,28.4539884],[76.9319068,28.4539881]]]}},{"type":"Feature","properties":{"v":"Garhi Harsaru","m":"13","k":"23","t":"Harsaru","vc":"01173","area":1834.8,"lat":28.4543485,"lng":76.9316895},"geometry":{"type":"Polygon","coordinates":[[[76.9318859,28.4540213],[76.9318951,28.4545327],[76.9314068,28.4545396],[76.9313819,28.45454],[76.9314131,28.4543759],[76.9318855,28.4540035],[76.9318859,28.4540213]]]}},{"type":"Feature","properties":{"v":"Garhi Harsaru","m":"13","k":"18","t":"Harsaru","vc":"01173","area":3644.8,"lat":28.4548244,"lng":76.9315896},"geometry":{"type":"Polygon","coordinates":[[[76.9314068,28.4545396],[76.9318951,28.4545327],[76.931905,28.455077],[76.9312207,28.4550867],[76.9312098,28.4550869],[76.9311865,28.4550872],[76.9312191,28.454996],[76.9313769,28.454554],[76.9313819,28.45454],[76.9314068,28.4545396]]]}},{"type":"Feature","properties":{"v":"Garhi Harsaru","m":"13","k":"17","t":"Harsaru","vc":"01173","area":3966.0,"lat":28.4547951,"lng":76.9322359},"geometry":{"type":"Polygon","coordinates":[[[76.932588,28.4549917],[76.9324853,28.4549932],[76.9324867,28.4550688],[76.931905,28.455077],[76.9318951,28.4545327],[76.9325794,28.454523],[76.932588,28.4549917]]]}},{"type":"Feature","properties":{"v":"Garhi Harsaru","m":"13","k":"16/2","t":"Harsaru","vc":"01173","area":3765.8,"lat":28.4547829,"lng":76.9329119},"geometry":{"type":"Polygon","coordinates":[[[76.932588,28.4549917],[76.9325794,28.454523],[76.9332638,28.4545133],[76.9332657,28.4546191],[76.9332662,28.4546494],[76.9332149,28.4546501],[76.9332223,28.4550583],[76.9326578,28.4550663],[76.9326564,28.4549907],[76.932588,28.4549917]]]}},{"type":"Feature","properties":{"v":"Garhi Harsaru","m":"13","k":"15","t":"Harsaru","vc":"01173","area":3971.2,"lat":28.4553389,"lng":76.9329426},"geometry":{"type":"Polygon","coordinates":[[[76.933275,28.4551332],[76.9332758,28.4551785],[76.9332835,28.4556019],[76.9325992,28.4556116],[76.9325913,28.4551731],[76.9326597,28.4551722],[76.9326578,28.4550663],[76.9332223,28.4550583],[76.9332736,28.4550576],[76.933275,28.4551332]]]}},{"type":"Feature","properties":{"v":"Garhi Harsaru","m":"13","k":"14","t":"Harsaru","vc":"01173","area":3931.9,"lat":28.455351,"lng":76.9322435},"geometry":{"type":"Polygon","coordinates":[[[76.9319149,28.4556213],[76.931905,28.455077],[76.9324867,28.4550688],[76.9324886,28.4551746],[76.9325913,28.4551731],[76.9325992,28.4556116],[76.9319149,28.4556213]]]}},{"type":"Feature","properties":{"v":"Garhi Harsaru","m":"13","k":"12","t":"Harsaru","vc":"01173","area":933.6,"lat":28.4554575,"lng":76.9311169},"geometry":{"type":"Polygon","coordinates":[[[76.9312098,28.4550869],[76.9312207,28.4550867],[76.9312306,28.455631],[76.9308817,28.4556359],[76.9308713,28.4556361],[76.9311321,28.4553166],[76.9311832,28.4551012],[76.9311865,28.4550872],[76.9312098,28.4550869]]]}},{"type":"Feature","properties":{"v":"Garhi Harsaru","m":"13","k":"9","t":"Harsaru","vc":"01173","area":3493.5,"lat":28.455943,"lng":76.930926},"geometry":{"type":"Polygon","coordinates":[[[76.9308817,28.4556359],[76.9312306,28.455631],[76.9312405,28.4561753],[76.9305561,28.456185],[76.9304434,28.4561866],[76.9304193,28.4561869],[76.9304965,28.4560928],[76.9305532,28.4560237],[76.9308599,28.45565],[76.9308713,28.4556361],[76.9308817,28.4556359]]]}},{"type":"Feature","properties":{"v":"Garhi Harsaru","m":"13","k":"8","t":"Harsaru","vc":"01173","area":4049.9,"lat":28.4558983,"lng":76.9315777},"geometry":{"type":"Polygon","coordinates":[[[76.9319248,28.4561656],[76.9312405,28.4561753],[76.9312306,28.455631],[76.9319149,28.4556213],[76.9319248,28.4561656]]]}},{"type":"Feature","properties":{"v":"Garhi Harsaru","m":"13","k":"7","t":"Harsaru","vc":"01173","area":4050.1,"lat":28.4558886,"lng":76.932262},"geometry":{"type":"Polygon","coordinates":[[[76.9326091,28.4561559],[76.9323867,28.4561591],[76.9319248,28.4561656],[76.9319149,28.4556213],[76.9325992,28.4556116],[76.9326091,28.4561559]]]}},{"type":"Feature","properties":{"v":"Garhi Harsaru","m":"13","k":"6","t":"Harsaru","vc":"01173","area":4049.9,"lat":28.4558789,"lng":76.9329463},"geometry":{"type":"Polygon","coordinates":[[[76.9332934,28.4561462],[76.9326091,28.4561559],[76.9325992,28.4556116],[76.9332835,28.4556019],[76.9332934,28.4561462]]]}},{"type":"Feature","properties":{"v":"Garhi Harsaru","m":"13","k":"5","t":"Harsaru","vc":"01173","area":4049.8,"lat":28.4564232,"lng":76.9329562},"geometry":{"type":"Polygon","coordinates":[[[76.9326091,28.4561559],[76.9332934,28.4561462],[76.9332942,28.4561916],[76.9333033,28.4566905],[76.932619,28.4567002],[76.9326091,28.4561559]]]}},{"type":"Feature","properties":{"v":"Garhi Harsaru","m":"13","k":"4/1","t":"Harsaru","vc":"01173","area":2733.7,"lat":28.4564345,"lng":76.9321607},"geometry":{"type":"Polygon","coordinates":[[[76.9319347,28.4567099],[76.9319248,28.4561656],[76.9323867,28.4561591],[76.9323966,28.4567034],[76.9319347,28.4567099]]]}},{"type":"Feature","properties":{"v":"Garhi Harsaru","m":"13","k":"3","t":"Harsaru","vc":"01173","area":4050.2,"lat":28.4564426,"lng":76.9315876},"geometry":{"type":"Polygon","coordinates":[[[76.9312405,28.4561753],[76.9319248,28.4561656],[76.9319347,28.4567099],[76.9312503,28.4567196],[76.9312405,28.4561753]]]}},{"type":"Feature","properties":{"v":"Garhi Harsaru","m":"13","k":"2","t":"Harsaru","vc":"01173","area":4050.2,"lat":28.4564523,"lng":76.9309032},"geometry":{"type":"Polygon","coordinates":[[[76.9305561,28.456185],[76.9312405,28.4561753],[76.9312503,28.4567196],[76.930566,28.4567293],[76.9305561,28.456185]]]}},{"type":"Feature","properties":{"v":"Garhi Harsaru","m":"13","k":"1","t":"Harsaru","vc":"01173","area":1873.0,"lat":28.4565111,"lng":76.9303868},"geometry":{"type":"Polygon","coordinates":[[[76.9304434,28.4561866],[76.9305561,28.456185],[76.930566,28.4567293],[76.9300699,28.4567363],[76.93026,28.4564374],[76.9304107,28.4562003],[76.9304193,28.4561869],[76.9304434,28.4561866]]]}},{"type":"Feature","properties":{"v":"Garhi Harsaru","m":"19","k":"15","t":"Harsaru","vc":"01173","area":769.3,"lat":28.4526557,"lng":76.9331593},"geometry":{"type":"Polygon","coordinates":[[[76.9332222,28.4522255],[76.9332242,28.4523361],[76.9332341,28.4528804],[76.9330252,28.4528834],[76.9329946,28.4528838],[76.9330756,28.4527154],[76.933131,28.4526004],[76.9331675,28.4524059],[76.9331775,28.4523527],[76.9331805,28.4523367],[76.9332204,28.4521244],[76.9332222,28.4522255]]]}},{"type":"Feature","properties":{"v":"Garhi Harsaru","m":"19","k":"4","t":"Harsaru","vc":"01173","area":1462.6,"lat":28.4538509,"lng":76.9323391},"geometry":{"type":"Polygon","coordinates":[[[76.9325627,28.4536018],[76.9325696,28.4539787],[76.9319281,28.4539878],[76.9319068,28.4539881],[76.9318853,28.4539884],[76.9318972,28.4539813],[76.9319067,28.4539757],[76.9321465,28.453833],[76.9322448,28.4537745],[76.9323484,28.4537129],[76.9325624,28.4535856],[76.9325627,28.4536018]]]}},{"type":"Feature","properties":{"v":"Garhi Harsaru","m":"19","k":"6","t":"Harsaru","vc":"01173","area":2227.2,"lat":28.4531883,"lng":76.9330432},"geometry":{"type":"Polygon","coordinates":[[[76.9330252,28.4528834],[76.9332341,28.4528804],[76.933244,28.4534247],[76.9327701,28.4534314],[76.9327308,28.453432],[76.9329869,28.4528999],[76.9329946,28.4528838],[76.9330252,28.4528834]]]}},{"type":"Feature","properties":{"v":"Garhi Harsaru","m":"19","k":"5","t":"Harsaru","vc":"01173","area":3842.1,"lat":28.4537132,"lng":76.9329214},"geometry":{"type":"Polygon","coordinates":[[[76.9327701,28.4534314],[76.933244,28.4534247],[76.9332539,28.453969],[76.9325696,28.4539787],[76.9325627,28.4536018],[76.9325624,28.4535856],[76.9327474,28.4534906],[76.9327352,28.4534478],[76.9327308,28.453432],[76.9327701,28.4534314]]]}},{"type":"Feature","properties":{"v":"Garhi Harsaru","m":"20","k":"15","t":"Harsaru","vc":"01173","area":1063.3,"lat":28.4497579,"lng":76.9330234},"geometry":{"type":"Polygon","coordinates":[[[76.9327337,28.4496208],[76.9331748,28.4496146],[76.9331817,28.4499926],[76.9331822,28.4500211],[76.9331825,28.4500379],[76.9328457,28.449739],[76.9327269,28.4496336],[76.9327129,28.4496211],[76.9327337,28.4496208]]]}},{"type":"Feature","properties":{"v":"Garhi Harsaru","m":"20","k":"16","t":"Harsaru","vc":"01173","area":4454.7,"lat":28.449313,"lng":76.9327741},"geometry":{"type":"Polygon","coordinates":[[[76.9321445,28.4490848],[76.9324806,28.44908],[76.9331649,28.4490703],[76.9331748,28.4496146],[76.9327337,28.4496208],[76.9327129,28.4496211],[76.9321332,28.4490958],[76.9321214,28.4490851],[76.9321445,28.4490848]]]}},{"type":"Feature","properties":{"v":"Garhi Harsaru","m":"20","k":"25","t":"Harsaru","vc":"01173","area":4050.2,"lat":28.448803,"lng":76.9328178},"geometry":{"type":"Polygon","coordinates":[[[76.9331649,28.4490703],[76.9324806,28.44908],[76.9324707,28.4485357],[76.933155,28.448526],[76.9331649,28.4490703]]]}},{"type":"Feature","properties":{"v":"Garhi Harsaru","m":"20","k":"24","t":"Harsaru","vc":"01173","area":3746.4,"lat":28.4487734,"lng":76.9321387},"geometry":{"type":"Polygon","coordinates":[[[76.9315927,28.4485481],[76.9317865,28.4485454],[76.9322141,28.4485393],[76.9324707,28.4485357],[76.9324806,28.44908],[76.9321445,28.4490848],[76.9321214,28.4490851],[76.9319074,28.4488791],[76.9317905,28.4487665],[76.9315735,28.4485577],[76.9315641,28.4485485],[76.9315927,28.4485481]]]}},{"type":"Feature","properties":{"v":"Garhi Harsaru","m":"12","k":"3/2","t":"Harsaru","vc":"01173","area":1518.9,"lat":28.4592095,"lng":76.9284291},"geometry":{"type":"Polygon","coordinates":[[[76.9285525,28.4589356],[76.9285623,28.4594799],[76.9285281,28.4594804],[76.9283057,28.4594835],[76.9282958,28.4589392],[76.9285525,28.4589356]]]}},{"type":"Feature","properties":{"v":"Garhi Harsaru","m":"12","k":"5/2","t":"Harsaru","vc":"01173","area":405.0,"lat":28.4591888,"lng":76.9298919},"geometry":{"type":"Polygon","coordinates":[[[76.9299212,28.4589162],[76.929925,28.4591279],[76.929931,28.4594605],[76.9298797,28.4594612],[76.9298626,28.4594615],[76.9298527,28.4589172],[76.9299212,28.4589162]]]}},{"type":"Feature","properties":{"v":"Garhi Harsaru","m":"11","k":"2/1","t":"Harsaru","vc":"01173","area":1349.7,"lat":28.4593553,"lng":76.9309559},"geometry":{"type":"Polygon","coordinates":[[[76.9306154,28.4594508],[76.9306121,28.4592694],[76.9312964,28.4592597],[76.9312997,28.4594411],[76.9306154,28.4594508]]]}},{"type":"Feature","properties":{"v":"Garhi Harsaru","m":"11","k":"1/2","t":"Harsaru","vc":"01173","area":1575.1,"lat":28.4590172,"lng":76.9302653},"geometry":{"type":"Polygon","coordinates":[[[76.9299212,28.4589162],[76.9306055,28.4589065],[76.9306093,28.4591182],[76.929925,28.4591279],[76.9299212,28.4589162]]]}},{"type":"Feature","properties":{"v":"Garhi Harsaru","m":"11","k":"9/1","t":"Harsaru","vc":"01173","area":112.4,"lat":28.4588941,"lng":76.9309475},"geometry":{"type":"Polygon","coordinates":[[[76.9306055,28.4589065],[76.9306052,28.4588914],[76.9312896,28.4588817],[76.9312898,28.4588968],[76.9306055,28.4589065]]]}},{"type":"Feature","properties":{"v":"Garhi Harsaru","m":"11","k":"8/1","t":"Harsaru","vc":"01173","area":112.4,"lat":28.4588844,"lng":76.9316319},"geometry":{"type":"Polygon","coordinates":[[[76.9312898,28.4588968],[76.9312896,28.4588817],[76.9319739,28.458872],[76.9319742,28.4588871],[76.9312898,28.4588968]]]}},{"type":"Feature","properties":{"v":"Garhi Harsaru","m":"11","k":"14/1","t":"Harsaru","vc":"01173","area":857.1,"lat":28.4582606,"lng":76.9322247},"geometry":{"type":"Polygon","coordinates":[[[76.9319643,28.4583428],[76.9319616,28.4581916],[76.9325423,28.4581834],[76.9324262,28.4583363],[76.9319643,28.4583428]]]}},{"type":"Feature","properties":{"v":"Garhi Harsaru","m":"11","k":"13/1","t":"Harsaru","vc":"01173","area":1125.1,"lat":28.458272,"lng":76.9316208},"geometry":{"type":"Polygon","coordinates":[[[76.93128,28.4583525],[76.9312775,28.4582164],[76.9312772,28.4582013],[76.9319616,28.4581916],[76.9319643,28.4583428],[76.93128,28.4583525]]]}},{"type":"Feature","properties":{"v":"Garhi Harsaru","m":"11","k":"18/1","t":"Harsaru","vc":"01173","area":1181.2,"lat":28.4577238,"lng":76.9316162},"geometry":{"type":"Polygon","coordinates":[[[76.9319544,28.4577985],[76.9312701,28.4578082],[76.9312673,28.457657],[76.9319514,28.4576322],[76.9319544,28.4577985]]]}},{"type":"Feature","properties":{"v":"Garhi Harsaru","m":"11","k":"18/2/2","t":"Harsaru","vc":"01173","area":337.8,"lat":28.4572818,"lng":76.9316028},"geometry":{"type":"Polygon","coordinates":[[[76.931261,28.4573093],[76.9312602,28.4572639],[76.9319445,28.4572542],[76.9319454,28.4572996],[76.931261,28.4573093]]]}},{"type":"Feature","properties":{"v":"Garhi Harsaru","m":"11","k":"17/2","t":"Harsaru","vc":"01173","area":278.7,"lat":28.4572712,"lng":76.932347},"geometry":{"type":"Polygon","coordinates":[[[76.9320643,28.4572525],[76.9326289,28.4572445],[76.9326297,28.4572899],[76.9320651,28.4572979],[76.9320643,28.4572525]]]}},{"type":"Feature","properties":{"v":"Garhi Harsaru","m":"11","k":"16/2/2","t":"Harsaru","vc":"01173","area":303.7,"lat":28.4572626,"lng":76.932937},"geometry":{"type":"Polygon","coordinates":[[[76.9332619,28.4572355],[76.9332271,28.4572814],[76.9326297,28.4572899],[76.9326289,28.4572445],[76.9332619,28.4572355]]]}},{"type":"Feature","properties":{"v":"Garhi Harsaru","m":"11","k":"","t":"Harsaru","vc":"01173","area":312.1,"lat":28.4572911,"lng":76.9309442},"geometry":{"type":"Polygon","coordinates":[[[76.9312602,28.4572639],[76.931261,28.4573093],[76.930628,28.4573182],[76.9306272,28.4572729],[76.9312602,28.4572639]]]}},{"type":"Feature","properties":{"v":"Garhi Harsaru","m":"11","k":"24/2","t":"Harsaru","vc":"01173","area":1206.4,"lat":28.4569512,"lng":76.9325123},"geometry":{"type":"Polygon","coordinates":[[[76.932628,28.4571991],[76.9324056,28.4572023],[76.9323966,28.4567034],[76.932619,28.4567002],[76.932628,28.4571991]]]}},{"type":"Feature","properties":{"v":"Garhi Harsaru","m":"13","k":"4/2","t":"Harsaru","vc":"01173","area":1316.2,"lat":28.4564297,"lng":76.9325029},"geometry":{"type":"Polygon","coordinates":[[[76.9326091,28.4561559],[76.932619,28.4567002],[76.9323966,28.4567034],[76.9323867,28.4561591],[76.9326091,28.4561559]]]}},{"type":"Feature","properties":{"v":"Garhi Harsaru","m":"13","k":"16/1","t":"Harsaru","vc":"01173","area":227.7,"lat":28.4548538,"lng":76.9332443},"geometry":{"type":"Polygon","coordinates":[[[76.9332223,28.4550583],[76.9332149,28.4546501],[76.9332662,28.4546494],[76.9332736,28.4550576],[76.9332223,28.4550583]]]}},{"type":"Feature","properties":{"v":"Garhi Harsaru","m":"0","k":"149","t":"Harsaru","vc":"01173","area":543.3,"lat":28.4467697,"lng":76.9390498},"geometry":{"type":"Polygon","coordinates":[[[76.9386893,28.4470432],[76.9386607,28.4470602],[76.9386282,28.4470159],[76.9387417,28.4469483],[76.938848,28.446885],[76.9388764,28.4468681],[76.9391316,28.4467158],[76.9394439,28.4464149],[76.9394965,28.4464361],[76.9393916,28.4465283],[76.939331,28.4465816],[76.9392804,28.4466251],[76.9391429,28.4467598],[76.9389518,28.4468886],[76.9386893,28.4470432]]]}},{"type":"Feature","properties":{"v":"Garhi Harsaru","m":"0","k":"231/2","t":"Harsaru","vc":"01173","area":3108.5,"lat":28.4471069,"lng":76.9362991},"geometry":{"type":"Polygon","coordinates":[[[76.9365588,28.4475098],[76.9363186,28.4473922],[76.9359702,28.4471345],[76.9359651,28.4468528],[76.9365467,28.4468445],[76.9365566,28.4473888],[76.9365588,28.4475098]]]}},{"type":"Feature","properties":{"v":"Garhi Harsaru","m":"0","k":"","t":"Harsaru","vc":"01173","area":656.8,"lat":28.4457392,"lng":76.9366353},"geometry":{"type":"Polygon","coordinates":[[[76.9365219,28.4454838],[76.9365832,28.4455565],[76.9366343,28.4456172],[76.9366854,28.4456778],[76.9367486,28.4457528],[76.9367838,28.4457946],[76.9368553,28.4458795],[76.9365287,28.4458542],[76.9365269,28.4457559],[76.9365219,28.4454838]]]}},{"type":"Feature","properties":{"v":"Garhi Harsaru","m":"0","k":"291","t":"Harsaru","vc":"01173","area":329.2,"lat":28.4457916,"lng":76.9363222},"geometry":{"type":"Polygon","coordinates":[[[76.935911,28.4457647],[76.9365269,28.4457559],[76.9365287,28.4458542],[76.935911,28.4457647]]]}},{"type":"Feature","properties":{"v":"Garhi Harsaru","m":"0","k":"","t":"Harsaru","vc":"01173","area":93.7,"lat":28.4450677,"lng":76.9399958},"geometry":{"type":"Polygon","coordinates":[[[76.9399888,28.4450054],[76.9400666,28.4450739],[76.939986,28.4451345],[76.9399337,28.4450475],[76.9399888,28.4450054]]]}},{"type":"Feature","properties":{"v":"Garhi Harsaru","m":"0","k":"154","t":"Harsaru","vc":"01173","area":154.2,"lat":28.4453309,"lng":76.9399866},"geometry":{"type":"Polygon","coordinates":[[[76.9400879,28.4453039],[76.9399065,28.4454246],[76.9398889,28.4453641],[76.9400488,28.445239],[76.9400879,28.4453039]]]}},{"type":"Feature","properties":{"v":"Garhi Harsaru","m":"0","k":"155","t":"Harsaru","vc":"01173","area":132.9,"lat":28.4452272,"lng":76.9401317},"geometry":{"type":"Polygon","coordinates":[[[76.9400488,28.445239],[76.9401575,28.4451539],[76.9402241,28.4452125],[76.9400879,28.4453039],[76.9400488,28.445239]]]}},{"type":"Feature","properties":{"v":"Garhi Harsaru","m":"0","k":"160","t":"Harsaru","vc":"01173","area":129.2,"lat":28.4443142,"lng":76.9405834},"geometry":{"type":"Polygon","coordinates":[[[76.940596,28.4442408],[76.9406619,28.444329],[76.9405688,28.4443881],[76.9405063,28.4442976],[76.940596,28.4442408]]]}},{"type":"Feature","properties":{"v":"Garhi Harsaru","m":"0","k":"165","t":"Harsaru","vc":"01173","area":186.3,"lat":28.4439901,"lng":76.9407939},"geometry":{"type":"Polygon","coordinates":[[[76.9406746,28.4439313],[76.9407023,28.4439086],[76.9409238,28.4440007],[76.9408063,28.4440751],[76.9406746,28.4439313]]]}},{"type":"Feature","properties":{"v":"Garhi Harsaru","m":"0","k":"187","t":"Harsaru","vc":"01173","area":110.0,"lat":28.443781,"lng":76.9402959},"geometry":{"type":"Polygon","coordinates":[[[76.9403446,28.4438078],[76.9402801,28.4438574],[76.9402224,28.443709],[76.9403851,28.4437767],[76.9403446,28.4438078]]]}},{"type":"Feature","properties":{"v":"Garhi Harsaru","m":"0","k":"186","t":"Harsaru","vc":"01173","area":143.4,"lat":28.4438097,"lng":76.9402174},"geometry":{"type":"Polygon","coordinates":[[[76.9401567,28.4437555],[76.9402224,28.443709],[76.9402801,28.4438574],[76.9402092,28.4439119],[76.9401567,28.4437555]]]}},{"type":"Feature","properties":{"v":"Garhi Harsaru","m":"0","k":"185","t":"Harsaru","vc":"01173","area":147.7,"lat":28.4438602,"lng":76.9401487},"geometry":{"type":"Polygon","coordinates":[[[76.9402092,28.4439119],[76.9401383,28.4439664],[76.9400899,28.4438027],[76.9401567,28.4437555],[76.9402092,28.4439119]]]}},{"type":"Feature","properties":{"v":"Garhi Harsaru","m":"0","k":"184","t":"Harsaru","vc":"01173","area":158.0,"lat":28.443911,"lng":76.9400778},"geometry":{"type":"Polygon","coordinates":[[[76.9401383,28.4439664],[76.9400674,28.4440209],[76.9400166,28.4438546],[76.9400899,28.4438027],[76.9401383,28.4439664]]]}},{"type":"Feature","properties":{"v":"Garhi Harsaru","m":"0","k":"183","t":"Harsaru","vc":"01173","area":154.0,"lat":28.4439643,"lng":76.9400078},"geometry":{"type":"Polygon","coordinates":[[[76.9400674,28.4440209],[76.9399966,28.4440753],[76.9399498,28.4439018],[76.9400166,28.4438546],[76.9400674,28.4440209]]]}},{"type":"Feature","properties":{"v":"Garhi Harsaru","m":"0","k":"182","t":"Harsaru","vc":"01173","area":227.8,"lat":28.4441578,"lng":76.9400668},"geometry":{"type":"Polygon","coordinates":[[[76.9400674,28.4440209],[76.9401428,28.4442231],[76.940056,28.444296],[76.9399966,28.4440753],[76.9400674,28.4440209]]]}},{"type":"Feature","properties":{"v":"Garhi Harsaru","m":"0","k":"181","t":"Harsaru","vc":"01173","area":188.1,"lat":28.4440935,"lng":76.9401375},"geometry":{"type":"Polygon","coordinates":[[[76.9401383,28.4439664],[76.9402048,28.444171],[76.9401428,28.4442231],[76.9400674,28.4440209],[76.9401383,28.4439664]]]}},{"type":"Feature","properties":{"v":"Garhi Harsaru","m":"0","k":"180","t":"Harsaru","vc":"01173","area":184.6,"lat":28.4440401,"lng":76.9402041},"geometry":{"type":"Polygon","coordinates":[[[76.9402092,28.4439119],[76.9402668,28.4441189],[76.9402048,28.444171],[76.9401383,28.4439664],[76.9402092,28.4439119]]]}},{"type":"Feature","properties":{"v":"Garhi Harsaru","m":"0","k":"179","t":"Harsaru","vc":"01173","area":181.2,"lat":28.4439868,"lng":76.9402706},"geometry":{"type":"Polygon","coordinates":[[[76.9402801,28.4438574],[76.9403288,28.4440668],[76.9402668,28.4441189],[76.9402092,28.4439119],[76.9402801,28.4438574]]]}},{"type":"Feature","properties":{"v":"Garhi Harsaru","m":"0","k":"178","t":"Harsaru","vc":"01173","area":169.4,"lat":28.4439363,"lng":76.9403359},"geometry":{"type":"Polygon","coordinates":[[[76.9403446,28.4438078],[76.9403908,28.4440147],[76.9403288,28.4440668],[76.9402801,28.4438574],[76.9403446,28.4438078]]]}},{"type":"Feature","properties":{"v":"Garhi Harsaru","m":"0","k":"177","t":"Harsaru","vc":"01173","area":254.0,"lat":28.4438827,"lng":76.9404219},"geometry":{"type":"Polygon","coordinates":[[[76.9403446,28.4438078],[76.9403851,28.4437767],[76.9404856,28.4438184],[76.9405041,28.4439196],[76.9403908,28.4440147],[76.9403446,28.4438078]]]}},{"type":"Feature","properties":{"v":"Garhi Harsaru","m":"0","k":"176","t":"Harsaru","vc":"01173","area":47.2,"lat":28.443865,"lng":76.9405227},"geometry":{"type":"Polygon","coordinates":[[[76.9405785,28.4438571],[76.9405041,28.4439196],[76.9404856,28.4438184],[76.9405785,28.4438571]]]}},{"type":"Feature","properties":{"v":"Garhi Harsaru","m":"0","k":"175","t":"Harsaru","vc":"01173","area":168.8,"lat":28.4439464,"lng":76.9405898},"geometry":{"type":"Polygon","coordinates":[[[76.9404911,28.4439691],[76.9406094,28.44387],[76.9407023,28.4439086],[76.9406746,28.4439313],[76.940612,28.4439828],[76.9405493,28.4440343],[76.9404911,28.4439691]]]}},{"type":"Feature","properties":{"v":"Garhi Harsaru","m":"0","k":"174/1","t":"Harsaru","vc":"01173","area":172.2,"lat":28.4440578,"lng":76.9404916},"geometry":{"type":"Polygon","coordinates":[[[76.9404911,28.4439691],[76.9405493,28.4440343],[76.9405811,28.4440699],[76.940488,28.4441478],[76.9404043,28.4440421],[76.9404911,28.4439691]]]}},{"type":"Feature","properties":{"v":"Garhi Harsaru","m":"0","k":"169","t":"Harsaru","vc":"01173","area":170.7,"lat":28.4442291,"lng":76.9404598},"geometry":{"type":"Polygon","coordinates":[[[76.9403674,28.4442195],[76.940488,28.4441478],[76.940553,28.4442355],[76.9404319,28.4443122],[76.9403674,28.4442195]]]}},{"type":"Feature","properties":{"v":"Garhi Harsaru","m":"0","k":"168","t":"Harsaru","vc":"01173","area":155.1,"lat":28.444155,"lng":76.9405708},"geometry":{"type":"Polygon","coordinates":[[[76.940553,28.4442355],[76.940488,28.4441478],[76.9405811,28.4440699],[76.9406565,28.44417],[76.940553,28.4442355]]]}},{"type":"Feature","properties":{"v":"Garhi Harsaru","m":"0","k":"167","t":"Harsaru","vc":"01173","area":160.2,"lat":28.4440779,"lng":76.9406388},"geometry":{"type":"Polygon","coordinates":[[[76.9406565,28.44417],[76.9405811,28.4440699],[76.9405493,28.4440343],[76.940612,28.4439828],[76.9407305,28.4441231],[76.9406565,28.44417]]]}},{"type":"Feature","properties":{"v":"Garhi Harsaru","m":"0","k":"166","t":"Harsaru","vc":"01173","area":174.5,"lat":28.4440289,"lng":76.9407071},"geometry":{"type":"Polygon","coordinates":[[[76.9408063,28.4440751],[76.9407305,28.4441231],[76.940612,28.4439828],[76.9406746,28.4439313],[76.9408063,28.4440751]]]}},{"type":"Feature","properties":{"v":"Garhi Harsaru","m":"0","k":"174","t":"Harsaru","vc":"01173","area":171.0,"lat":28.444132,"lng":76.9403969},"geometry":{"type":"Polygon","coordinates":[[[76.9403175,28.444115],[76.9404043,28.4440421],[76.940488,28.4441478],[76.9403674,28.4442195],[76.9403175,28.444115]]]}},{"type":"Feature","properties":{"v":"Garhi Harsaru","m":"0","k":"173","t":"Harsaru","vc":"01173","area":184.6,"lat":28.4442157,"lng":76.9402839},"geometry":{"type":"Polygon","coordinates":[[[76.9401997,28.444214],[76.9403175,28.444115],[76.9403674,28.4442195],[76.9402509,28.4443153],[76.9401997,28.444214]]]}},{"type":"Feature","properties":{"v":"Garhi Harsaru","m":"0","k":"170","t":"Harsaru","vc":"01173","area":168.2,"lat":28.4443082,"lng":76.9403409},"geometry":{"type":"Polygon","coordinates":[[[76.9402509,28.4443153],[76.9403674,28.4442195],[76.9404319,28.4443122],[76.9403067,28.4443915],[76.9402509,28.4443153]]]}},{"type":"Feature","properties":{"v":"Garhi Harsaru","m":"0","k":"172","t":"Harsaru","vc":"01173","area":179.4,"lat":28.4443112,"lng":76.9401646},"geometry":{"type":"Polygon","coordinates":[[[76.9400734,28.4443201],[76.9401997,28.444214],[76.9402509,28.4443153],[76.9401321,28.4444018],[76.9400734,28.4443201]]]}},{"type":"Feature","properties":{"v":"Garhi Harsaru","m":"0","k":"171","t":"Harsaru","vc":"01173","area":143.7,"lat":28.4443942,"lng":76.9402189},"geometry":{"type":"Polygon","coordinates":[[[76.9402509,28.4443153],[76.9403067,28.4443915],[76.9401816,28.4444708],[76.9401321,28.4444018],[76.9402509,28.4443153]]]}},{"type":"Feature","properties":{"v":"Garhi Harsaru","m":"0","k":"164","t":"Harsaru","vc":"01173","area":161.5,"lat":28.444078,"lng":76.9409631},"geometry":{"type":"Polygon","coordinates":[[[76.9408651,28.4440704],[76.9409548,28.4440136],[76.9410786,28.4440651],[76.9409395,28.4441531],[76.9408651,28.4440704]]]}},{"type":"Feature","properties":{"v":"Garhi Harsaru","m":"0","k":"163","t":"Harsaru","vc":"01173","area":127.8,"lat":28.4441406,"lng":76.9408572},"geometry":{"type":"Polygon","coordinates":[[[76.9407754,28.4441272],[76.9408651,28.4440704],[76.9409395,28.4441531],[76.9408482,28.444211],[76.9407754,28.4441272]]]}},{"type":"Feature","properties":{"v":"Garhi Harsaru","m":"0","k":"162","t":"Harsaru","vc":"01173","area":129.1,"lat":28.4441983,"lng":76.9407663},"geometry":{"type":"Polygon","coordinates":[[[76.940755,28.44427],[76.9406857,28.444184],[76.9407754,28.4441272],[76.9408482,28.444211],[76.940755,28.44427]]]}},{"type":"Feature","properties":{"v":"Garhi Harsaru","m":"0","k":"161","t":"Harsaru","vc":"01173","area":129.1,"lat":28.4442562,"lng":76.9406749},"geometry":{"type":"Polygon","coordinates":[[[76.9406857,28.444184],[76.940755,28.44427],[76.9406619,28.444329],[76.940596,28.4442408],[76.9406857,28.444184]]]}},{"type":"Feature","properties":{"v":"Garhi Harsaru","m":"0","k":"159","t":"Harsaru","vc":"01173","area":129.7,"lat":28.4443722,"lng":76.9404921},"geometry":{"type":"Polygon","coordinates":[[[76.9405063,28.4442976],[76.9405688,28.4443881],[76.940476,28.4444476],[76.9404166,28.4443544],[76.9405063,28.4442976]]]}},{"type":"Feature","properties":{"v":"Garhi Harsaru","m":"0","k":"158","t":"Harsaru","vc":"01173","area":193.4,"lat":28.4444438,"lng":76.9403804},"geometry":{"type":"Polygon","coordinates":[[[76.9404166,28.4443544],[76.940476,28.4444476],[76.9404101,28.4444958],[76.9403452,28.4445296],[76.9402811,28.4444402],[76.9404166,28.4443544]]]}},{"type":"Feature","properties":{"v":"Garhi Harsaru","m":"0","k":"157","t":"Harsaru","vc":"01173","area":117.9,"lat":28.4445113,"lng":76.9402714},"geometry":{"type":"Polygon","coordinates":[[[76.9402811,28.4444402],[76.9403452,28.4445296],[76.9402618,28.4445824],[76.9401976,28.4444931],[76.9402811,28.4444402]]]}},{"type":"Feature","properties":{"v":"Garhi Harsaru","m":"0","k":"30","t":"Harsaru","vc":"01173","area":169.6,"lat":28.4445714,"lng":76.9403681},"geometry":{"type":"Polygon","coordinates":[[[76.9403372,28.4446497],[76.9402618,28.4445824],[76.9403452,28.4445296],[76.9404101,28.4444958],[76.9404725,28.4445572],[76.9403372,28.4446497]]]}},{"type":"Feature","properties":{"v":"Garhi Harsaru","m":"0","k":"29","t":"Harsaru","vc":"01173","area":170.0,"lat":28.4446373,"lng":76.9404413},"geometry":{"type":"Polygon","coordinates":[[[76.9405436,28.4446318],[76.9404094,28.4447142],[76.9403372,28.4446497],[76.9404725,28.4445572],[76.9405436,28.4446318]]]}},{"type":"Feature","properties":{"v":"Garhi Harsaru","m":"0","k":"249","t":"Harsaru","vc":"01173","area":433.7,"lat":28.4448659,"lng":76.9405418},"geometry":{"type":"Polygon","coordinates":[[[76.9408278,28.4451503],[76.9406192,28.4449712],[76.9403505,28.4447277],[76.9402254,28.4446144],[76.9402618,28.4445824],[76.9403372,28.4446497],[76.9404094,28.4447142],[76.9405719,28.4448593],[76.9406862,28.4449612],[76.9408547,28.4451117],[76.9408278,28.4451503]]]}},{"type":"Feature","properties":{"v":"Garhi Harsaru","m":"0","k":"96","t":"Harsaru","vc":"01173","area":220.3,"lat":28.4445316,"lng":76.9395071},"geometry":{"type":"Polygon","coordinates":[[[76.9395819,28.4446056],[76.939349,28.4445104],[76.9394324,28.4444575],[76.9396653,28.4445527],[76.9395819,28.4446056]]]}},{"type":"Feature","properties":{"v":"Garhi Harsaru","m":"0","k":"97","t":"Harsaru","vc":"01173","area":1292.6,"lat":28.4443476,"lng":76.9397654},"geometry":{"type":"Polygon","coordinates":[[[76.9394324,28.4444575],[76.9397223,28.4442454],[76.9397636,28.4442184],[76.9399192,28.4441168],[76.9399562,28.4440926],[76.9400196,28.444328],[76.9399241,28.4443885],[76.9396653,28.4445527],[76.9394324,28.4444575]]]}},{"type":"Feature","properties":{"v":"Garhi Harsaru","m":"0","k":"51","t":"Harsaru","vc":"01173","area":95699.6,"lat":28.4450749,"lng":76.93822},"geometry":{"type":"Polygon","coordinates":[[[76.9373153,28.4470114],[76.9371737,28.4467122],[76.9372446,28.4466698],[76.9374572,28.4465428],[76.9374148,28.4464771],[76.9372364,28.4462461],[76.9371667,28.4461247],[76.9370229,28.4459554],[76.9369656,28.445888],[76.9368937,28.4458034],[76.9368568,28.4457512],[76.9368021,28.445674],[76.9367477,28.4455971],[76.9367023,28.445533],[76.936666,28.4454817],[76.9366077,28.4453993],[76.9366944,28.4453262],[76.9366895,28.4452508],[76.9366728,28.4451921],[76.9366602,28.4451481],[76.9366351,28.4450601],[76.9366078,28.4449665],[76.936519,28.4447316],[76.9364931,28.4446363],[76.9364785,28.4446013],[76.9364688,28.4445189],[76.9364406,28.4444397],[76.9365714,28.4442088],[76.9365548,28.4441782],[76.9368528,28.4437997],[76.9369757,28.4435752],[76.9370445,28.4436901],[76.9372087,28.4436739],[76.938369,28.4435682],[76.9385818,28.4435505],[76.9387354,28.4435414],[76.9389057,28.4434149],[76.9391139,28.4436155],[76.9391486,28.443649],[76.9392926,28.4437885],[76.9394426,28.4439336],[76.9397223,28.4442454],[76.9394324,28.4444575],[76.939349,28.4445104],[76.9395819,28.4446056],[76.9396653,28.4445527],[76.9399241,28.4443885],[76.9400196,28.444328],[76.9402254,28.4446144],[76.9401404,28.444689],[76.9399189,28.4449292],[76.9398808,28.4449596],[76.9397919,28.4450305],[76.9398217,28.445133],[76.9398515,28.4452355],[76.9398591,28.4452616],[76.9398889,28.4453641],[76.9399065,28.4454246],[76.939915,28.4454539],[76.9398947,28.4454782],[76.9398238,28.4455635],[76.9397833,28.4456123],[76.9397428,28.445661],[76.939694,28.4457197],[76.9396231,28.4458051],[76.9395922,28.4458458],[76.9397294,28.4459114],[76.9396784,28.4459878],[76.939596,28.4459338],[76.9394979,28.4460572],[76.9396847,28.4461898],[76.939519,28.4463426],[76.9394439,28.4464149],[76.939233,28.4462997],[76.9389447,28.4464624],[76.9389158,28.4464787],[76.9386851,28.4466089],[76.9386565,28.4466255],[76.9385416,28.4466757],[76.9384234,28.4467367],[76.9383493,28.4466356],[76.9381272,28.4467635],[76.9379892,28.446702],[76.9376611,28.4468489],[76.9373153,28.4470114]]]}},{"type":"Feature","properties":{"v":"Garhi Harsaru","m":"0","k":"111","t":"Harsaru","vc":"01173","area":145.9,"lat":28.4451943,"lng":76.9362937},"geometry":{"type":"Polygon","coordinates":[[[76.936245,28.4452155],[76.9361773,28.4451693],[76.9363212,28.4451349],[76.93639,28.4452294],[76.9363011,28.4452562],[76.936245,28.4452155]]]}},{"type":"Feature","properties":{"v":"Garhi Harsaru","m":"0","k":"30","t":"Harsaru","vc":"01173","area":173.5,"lat":28.4452206,"lng":76.9364957},"geometry":{"type":"Polygon","coordinates":[[[76.9364129,28.4452681],[76.9363473,28.4452896],[76.9363011,28.4452562],[76.93639,28.4452294],[76.9364982,28.4451969],[76.9366602,28.4451481],[76.9366728,28.4451921],[76.9365924,28.4452156],[76.9365174,28.4452375],[76.9364129,28.4452681]]]}},{"type":"Feature","properties":{"v":"Garhi Harsaru","m":"0","k":"29","t":"Harsaru","vc":"01173","area":101.7,"lat":28.4452649,"lng":76.9365189},"geometry":{"type":"Polygon","coordinates":[[[76.9364593,28.4453093],[76.9364129,28.4452681],[76.9365174,28.4452375],[76.9365924,28.4452156],[76.9366073,28.4452717],[76.9364593,28.4453093]]]}},{"type":"Feature","properties":{"v":"Garhi Harsaru","m":"0","k":"28","t":"Harsaru","vc":"01173","area":54.5,"lat":28.4452325,"lng":76.9366409},"geometry":{"type":"Polygon","coordinates":[[[76.9366895,28.4452508],[76.9366073,28.4452717],[76.9365924,28.4452156],[76.9366728,28.4451921],[76.9366895,28.4452508]]]}},{"type":"Feature","properties":{"v":"Garhi Harsaru","m":"0","k":"27","t":"Harsaru","vc":"01173","area":158.7,"lat":28.4453102,"lng":76.936592},"geometry":{"type":"Polygon","coordinates":[[[76.9365197,28.4453628],[76.9364593,28.4453093],[76.9366073,28.4452717],[76.9366895,28.4452508],[76.9366944,28.4453262],[76.9365197,28.4453628]]]}},{"type":"Feature","properties":{"v":"Garhi Harsaru","m":"0","k":"32","t":"Harsaru","vc":"01173","area":133.2,"lat":28.4451671,"lng":76.9364108},"geometry":{"type":"Polygon","coordinates":[[[76.9364369,28.4451074],[76.9364982,28.4451969],[76.93639,28.4452294],[76.9363212,28.4451349],[76.9364369,28.4451074]]]}},{"type":"Feature","properties":{"v":"Garhi Harsaru","m":"0","k":"31","t":"Harsaru","vc":"01173","area":196.3,"lat":28.4451273,"lng":76.9365553},"geometry":{"type":"Polygon","coordinates":[[[76.9364982,28.4451969],[76.9364369,28.4451074],[76.9366351,28.4450601],[76.9366602,28.4451481],[76.9364982,28.4451969]]]}},{"type":"Feature","properties":{"v":"Garhi Harsaru","m":"0","k":"224","t":"Harsaru","vc":"01173","area":175.5,"lat":28.4460975,"lng":76.9351072},"geometry":{"type":"Polygon","coordinates":[[[76.9349921,28.4460389],[76.935163,28.4460324],[76.9351665,28.4462212],[76.9349921,28.4460389]]]}},{"type":"Feature","properties":{"v":"Garhi Harsaru","m":"0","k":"112","t":"Harsaru","vc":"01173","area":518.7,"lat":28.4459275,"lng":76.9350376},"geometry":{"type":"Polygon","coordinates":[[[76.9349921,28.4460389],[76.9348516,28.4458402],[76.9351595,28.4458358],[76.9351611,28.4459265],[76.935163,28.4460324],[76.9349921,28.4460389]]]}},{"type":"Feature","properties":{"v":"Garhi Harsaru","m":"0","k":"230/3","t":"Harsaru","vc":"01173","area":923.4,"lat":28.4469659,"lng":76.9356918},"geometry":{"type":"Polygon","coordinates":[[[76.9354938,28.4469676],[76.9353834,28.44686],[76.9358624,28.4468542],[76.9358682,28.4471717],[76.9354938,28.4469676]]]}},{"type":"Feature","properties":{"v":"Garhi Harsaru","m":"0","k":"230/1","t":"Harsaru","vc":"01173","area":706.6,"lat":28.4466205,"lng":76.9352593},"geometry":{"type":"Polygon","coordinates":[[[76.9350176,28.4465033],[76.9351716,28.4465011],[76.9353768,28.4464982],[76.9353834,28.44686],[76.9350176,28.4465033]]]}},{"type":"Feature","properties":{"v":"Garhi Harsaru","m":"0","k":"230/2","t":"Harsaru","vc":"01173","area":607.6,"lat":28.4464147,"lng":76.9352199},"geometry":{"type":"Polygon","coordinates":[[[76.9351683,28.4463196],[76.9353735,28.4463167],[76.9353768,28.4464982],[76.9351716,28.4465011],[76.9350176,28.4465033],[76.9351169,28.4463204],[76.9351683,28.4463196]]]}},{"type":"Feature","properties":{"v":"Garhi Harsaru","m":"0","k":"210","t":"Harsaru","vc":"01173","area":94.7,"lat":28.4458414,"lng":76.9368746},"geometry":{"type":"Polygon","coordinates":[[[76.9369656,28.445888],[76.9368553,28.4458795],[76.9367838,28.4457946],[76.9368937,28.4458034],[76.9369656,28.445888]]]}},{"type":"Feature","properties":{"v":"Garhi Harsaru","m":"0","k":"209","t":"Harsaru","vc":"01173","area":54.3,"lat":28.4457753,"lng":76.9368226},"geometry":{"type":"Polygon","coordinates":[[[76.9368937,28.4458034],[76.9367838,28.4457946],[76.9367486,28.4457528],[76.9368568,28.4457512],[76.9368937,28.4458034]]]}},{"type":"Feature","properties":{"v":"Garhi Harsaru","m":"0","k":"203","t":"Harsaru","vc":"01173","area":205.8,"lat":28.4448443,"lng":76.9360756},"geometry":{"type":"Polygon","coordinates":[[[76.936138,28.4447619],[76.9361396,28.4449096],[76.9360141,28.4449293],[76.9360122,28.4447762],[76.936138,28.4447619]]]}},{"type":"Feature","properties":{"v":"Garhi Harsaru","m":"0","k":"202","t":"Harsaru","vc":"01173","area":134.1,"lat":28.4447191,"lng":76.9360713},"geometry":{"type":"Polygon","coordinates":[[[76.9360122,28.4447762],[76.9360108,28.4446704],[76.936127,28.4446648],[76.936138,28.4447619],[76.9360122,28.4447762]]]}},{"type":"Feature","properties":{"v":"Garhi Harsaru","m":"0","k":"201","t":"Harsaru","vc":"01173","area":141.7,"lat":28.4447279,"lng":76.9359513},"geometry":{"type":"Polygon","coordinates":[[[76.9358913,28.4446761],[76.9360108,28.4446704],[76.9360122,28.4447762],[76.9358933,28.4447887],[76.9358913,28.4446761]]]}},{"type":"Feature","properties":{"v":"Garhi Harsaru","m":"0","k":"200","t":"Harsaru","vc":"01173","area":201.3,"lat":28.4448605,"lng":76.9359536},"geometry":{"type":"Polygon","coordinates":[[[76.9360122,28.4447762],[76.9360141,28.4449293],[76.9358962,28.4449478],[76.9358933,28.4447887],[76.9360122,28.4447762]]]}},{"type":"Feature","properties":{"v":"Garhi Harsaru","m":"0","k":"80/2","t":"Harsaru","vc":"01173","area":773.8,"lat":28.4448867,"lng":76.9357256},"geometry":{"type":"Polygon","coordinates":[[[76.9356603,28.4451482],[76.9356515,28.4446643],[76.935787,28.4445898],[76.9357971,28.4451462],[76.9356603,28.4451482]]]}},{"type":"Feature","properties":{"v":"Garhi Harsaru","m":"0","k":"79","t":"Harsaru","vc":"01173","area":962.2,"lat":28.444933,"lng":76.9355579},"geometry":{"type":"Polygon","coordinates":[[[76.9356515,28.4446643],[76.9356603,28.4451482],[76.935455,28.4451511],[76.9354481,28.4447731],[76.9356515,28.4446643]]]}},{"type":"Feature","properties":{"v":"Garhi Harsaru","m":"0","k":"78","t":"Harsaru","vc":"01173","area":1012.3,"lat":28.4449987,"lng":76.9353111},"geometry":{"type":"Polygon","coordinates":[[[76.935455,28.4451511],[76.9351471,28.4451554],[76.935143,28.4449287],[76.9354481,28.4447731],[76.935455,28.4451511]]]}},{"type":"Feature","properties":{"v":"Garhi Harsaru","m":"0","k":"","t":"Harsaru","vc":"01173","area":3719.0,"lat":28.4434056,"lng":76.9380679},"geometry":{"type":"Polygon","coordinates":[[[76.938369,28.4435682],[76.9372087,28.4436739],[76.9385301,28.4430052],[76.938537,28.4433851],[76.9384148,28.4434162],[76.938369,28.4435682]]]}},{"type":"Feature","properties":{"v":"Garhi Harsaru","m":"0","k":"234","t":"Harsaru","vc":"01173","area":489.4,"lat":28.4448244,"lng":76.9407575},"geometry":{"type":"Polygon","coordinates":[[[76.9409428,28.4447849],[76.9406862,28.4449612],[76.9405719,28.4448593],[76.9408336,28.4446889],[76.9409428,28.4447849]]]}},{"type":"Feature","properties":{"v":"Garhi Harsaru","m":"0","k":"234","t":"Harsaru","vc":"01173","area":760.0,"lat":28.4448911,"lng":76.9409174},"geometry":{"type":"Polygon","coordinates":[[[76.9408547,28.4451117],[76.9406862,28.4449612],[76.9409428,28.4447849],[76.9412113,28.4446004],[76.9408547,28.4451117]]]}},{"type":"Feature","properties":{"v":"Garhi Harsaru","m":"0","k":"233","t":"Harsaru","vc":"01173","area":1769.9,"lat":28.4452357,"lng":76.9405565},"geometry":{"type":"Polygon","coordinates":[[[76.9405925,28.4455278],[76.9402876,28.4452826],[76.9402456,28.4452362],[76.9406192,28.4449712],[76.9408278,28.4451503],[76.9405925,28.4455278]]]}},{"type":"Feature","properties":{"v":"Garhi Harsaru","m":"0","k":"233/1","t":"Harsaru","vc":"01173","area":411.3,"lat":28.4454448,"lng":76.9404122},"geometry":{"type":"Polygon","coordinates":[[[76.9402338,28.4453684],[76.9402876,28.4452826],[76.9405925,28.4455278],[76.9405431,28.4456071],[76.9402338,28.4453684]]]}},{"type":"Feature","properties":{"v":"Garhi Harsaru","m":"0","k":"32","t":"Harsaru","vc":"01173","area":4427.4,"lat":28.4469758,"lng":76.9380434},"geometry":{"type":"Polygon","coordinates":[[[76.9372369,28.44716],[76.9370287,28.4470552],[76.937231,28.4470243],[76.9373153,28.4470114],[76.9376611,28.4468489],[76.9379307,28.4468784],[76.9379647,28.4468821],[76.9379892,28.446702],[76.9381272,28.4467635],[76.9383493,28.4466356],[76.9384234,28.4467367],[76.9386282,28.4470159],[76.9386607,28.4470602],[76.9384209,28.4471761],[76.9383174,28.4472294],[76.938214,28.4472827],[76.9381849,28.447299],[76.9379366,28.4469667],[76.93785,28.4471056],[76.9375781,28.4470388],[76.9374102,28.4470951],[76.9372369,28.44716]]]}},{"type":"Feature","properties":{"v":"Garhi Harsaru","m":"0","k":"88","t":"Harsaru","vc":"01173","area":489.0,"lat":28.4468443,"lng":76.9385835},"geometry":{"type":"Polygon","coordinates":[[[76.9385416,28.4466757],[76.9387417,28.4469483],[76.9386282,28.4470159],[76.9384234,28.4467367],[76.9385416,28.4466757]]]}},{"type":"Feature","properties":{"v":"Garhi Harsaru","m":"0","k":"36","t":"Harsaru","vc":"01173","area":410.8,"lat":28.4460621,"lng":76.9396443},"geometry":{"type":"Polygon","coordinates":[[[76.9396847,28.4461898],[76.9394979,28.4460572],[76.939596,28.4459338],[76.9396784,28.4459878],[76.9397884,28.4460599],[76.939727,28.4461507],[76.9396847,28.4461898]]]}},{"type":"Feature","properties":{"v":"Garhi Harsaru","m":"0","k":"116","t":"Harsaru","vc":"01173","area":1932.9,"lat":28.4413973,"lng":76.9340218},"geometry":{"type":"Polygon","coordinates":[[[76.9337085,28.4413122],[76.9339466,28.441092],[76.9343524,28.4415113],[76.9340704,28.4416825],[76.9337085,28.4413122]]]}},{"type":"Feature","properties":{"v":"Garhi Harsaru","m":"0","k":"119","t":"Harsaru","vc":"01173","area":471.2,"lat":28.4409694,"lng":76.9334967},"geometry":{"type":"Polygon","coordinates":[[[76.9337009,28.4408961],[76.9334989,28.4411101],[76.9332904,28.4409019],[76.9337009,28.4408961]]]}},{"type":"Feature","properties":{"v":"Garhi Harsaru","m":"0","k":"117","t":"Harsaru","vc":"01173","area":503.7,"lat":28.4411519,"lng":76.9337771},"geometry":{"type":"Polygon","coordinates":[[[76.9337085,28.4413122],[76.9336065,28.4412175],[76.9338441,28.4409897],[76.9339466,28.441092],[76.9337085,28.4413122]]]}},{"type":"Feature","properties":{"v":"Garhi Harsaru","m":"0","k":"118","t":"Harsaru","vc":"01173","area":569.4,"lat":28.4410463,"lng":76.9336705},"geometry":{"type":"Polygon","coordinates":[[[76.9337009,28.4408961],[76.9337549,28.4408953],[76.9338441,28.4409897],[76.9336065,28.4412175],[76.9334989,28.4411101],[76.9337009,28.4408961]]]}},{"type":"Feature","properties":{"v":"Garhi Harsaru","m":"0","k":"120","t":"Harsaru","vc":"01173","area":3107.3,"lat":28.4403066,"lng":76.9334779},"geometry":{"type":"Polygon","coordinates":[[[76.9331851,28.4398145],[76.933691,28.4403518],[76.9339701,28.440618],[76.9338934,28.4406993],[76.9337401,28.4407665],[76.9330002,28.4399986],[76.9331851,28.4398145]]]}},{"type":"Feature","properties":{"v":"Garhi Harsaru","m":"0","k":"121","t":"Harsaru","vc":"01173","area":1331.1,"lat":28.4405373,"lng":76.9332119},"geometry":{"type":"Polygon","coordinates":[[[76.9335433,28.4406714],[76.9333547,28.4406741],[76.9332349,28.4406758],[76.9330126,28.440679],[76.9330068,28.4403615],[76.9332472,28.4403581],[76.9335433,28.4406714]]]}},{"type":"Feature","properties":{"v":"Garhi Harsaru","m":"0","k":"281","t":"Harsaru","vc":"01173","area":564.7,"lat":28.4407214,"lng":76.9333001},"geometry":{"type":"Polygon","coordinates":[[[76.9335433,28.4406714],[76.933628,28.440761],[76.9330142,28.4407697],[76.9330126,28.440679],[76.9332349,28.4406758],[76.9333547,28.4406741],[76.9335433,28.4406714]]]}},{"type":"Feature","properties":{"v":"Garhi Harsaru","m":"0","k":"271","t":"Harsaru","vc":"01173","area":646.3,"lat":28.4408114,"lng":76.9333431},"geometry":{"type":"Polygon","coordinates":[[[76.933628,28.440761],[76.9337126,28.4408505],[76.9330158,28.4408604],[76.9330145,28.4407848],[76.9330142,28.4407697],[76.933628,28.440761]]]}},{"type":"Feature","properties":{"v":"Garhi Harsaru","m":"0","k":"266","t":"Harsaru","vc":"01173","area":1116.4,"lat":28.4475892,"lng":76.9406412},"geometry":{"type":"Polygon","coordinates":[[[76.9406622,28.4473304],[76.9406721,28.4478747],[76.9406729,28.4479201],[76.9405018,28.4479225],[76.9406798,28.448298],[76.9407154,28.4483732],[76.9407333,28.4484183],[76.9407162,28.4484185],[76.940682,28.448419],[76.9404497,28.4478779],[76.9404805,28.4478774],[76.9406208,28.4478754],[76.9406114,28.4473614],[76.9399784,28.4473704],[76.9399779,28.4473401],[76.9406108,28.4473311],[76.9406045,28.4469834],[76.9406021,28.4468534],[76.9406538,28.4468694],[76.9406622,28.4473304]]]}},{"type":"Feature","properties":{"v":"Garhi Harsaru","m":"0","k":"280","t":"Harsaru","vc":"01173","area":202.7,"lat":28.4453965,"lng":76.9426631},"geometry":{"type":"Polygon","coordinates":[[[76.9426752,28.445124],[76.9426852,28.4456683],[76.9426509,28.4456688],[76.942641,28.4451245],[76.9426752,28.445124]]]}},{"type":"Feature","properties":{"v":"Garhi Harsaru","m":"0","k":"71","t":"Harsaru","vc":"01173","area":1960.8,"lat":28.4458707,"lng":76.9358789},"geometry":{"type":"Polygon","coordinates":[[[76.9358913,28.4446761],[76.9358933,28.4447887],[76.9358962,28.4449478],[76.9358968,28.4449784],[76.9359012,28.4452204],[76.935911,28.4457647],[76.9359121,28.4458251],[76.9359209,28.446309],[76.9359284,28.4467172],[76.9359308,28.4468533],[76.9359372,28.4472055],[76.9358682,28.4471717],[76.9358624,28.4468542],[76.9358525,28.4463099],[76.9358437,28.4458261],[76.9358426,28.4457656],[76.9358314,28.4451457],[76.9358209,28.4445712],[76.9358887,28.4445348],[76.9358906,28.4446406],[76.9358913,28.4446761]]]}},{"type":"Feature","properties":{"v":"Garhi Harsaru","m":"0","k":"56","t":"Harsaru","vc":"01173","area":4153.6,"lat":28.4444778,"lng":76.9408628},"geometry":{"type":"Polygon","coordinates":[[[76.9412113,28.4446004],[76.9409428,28.4447849],[76.9408336,28.4446889],[76.9405719,28.4448593],[76.9404094,28.4447142],[76.9405436,28.4446318],[76.9404725,28.4445572],[76.9404101,28.4444958],[76.940476,28.4444476],[76.9405688,28.4443881],[76.9406619,28.444329],[76.940755,28.44427],[76.9408482,28.444211],[76.9409395,28.4441531],[76.9410786,28.4440651],[76.9412024,28.4441143],[76.9412113,28.4446004]]]}},{"type":"Feature","properties":{"v":"Garhi Harsaru","m":"0","k":"98/1","t":"Harsaru","vc":"01173","area":483.9,"lat":28.4439525,"lng":76.9397518},"geometry":{"type":"Polygon","coordinates":[[[76.939595,28.444009],[76.939828,28.4437811],[76.9399041,28.4438994],[76.9396833,28.4441204],[76.939595,28.444009]]]}},{"type":"Feature","properties":{"v":"Garhi Harsaru","m":"0","k":"99/1","t":"Harsaru","vc":"01173","area":801.5,"lat":28.4437491,"lng":76.9395115},"geometry":{"type":"Polygon","coordinates":[[[76.9394969,28.4438851],[76.9394426,28.4439336],[76.9392926,28.4437885],[76.9395782,28.4435708],[76.9396775,28.4436541],[76.9397333,28.4437059],[76.9394969,28.4438851]]]}},{"type":"Feature","properties":{"v":"Garhi Harsaru","m":"0","k":"235/1","t":"Harsaru","vc":"01173","area":313.9,"lat":28.4436636,"lng":76.9398734},"geometry":{"type":"Polygon","coordinates":[[[76.9398196,28.4437679],[76.9397333,28.4437059],[76.9398741,28.4435642],[76.9400366,28.4436318],[76.9399575,28.4436814],[76.9399118,28.4437101],[76.9398951,28.4437205],[76.9398502,28.4437487],[76.9398196,28.4437679]]]}},{"type":"Feature","properties":{"v":"Garhi Harsaru","m":"0","k":"100","t":"Harsaru","vc":"01173","area":985.7,"lat":28.4434211,"lng":76.9391472},"geometry":{"type":"Polygon","coordinates":[[[76.9391139,28.4436155],[76.9389057,28.4434149],[76.939135,28.4432568],[76.9394137,28.4433727],[76.9391139,28.4436155]]]}},{"type":"Feature","properties":{"v":"Garhi Harsaru","m":"0","k":"32","t":"Harsaru","vc":"01173","area":244.8,"lat":28.4435041,"lng":76.9384793},"geometry":{"type":"Polygon","coordinates":[[[76.9385818,28.4435505],[76.938369,28.4435682],[76.9384148,28.4434162],[76.9386102,28.4434925],[76.9385818,28.4435505]]]}},{"type":"Feature","properties":{"v":"Garhi Harsaru","m":"0","k":"236","t":"Harsaru","vc":"01173","area":800.3,"lat":28.4434012,"lng":76.9387585},"geometry":{"type":"Polygon","coordinates":[[[76.9389057,28.4434149],[76.9387354,28.4435414],[76.9386102,28.4434925],[76.9384148,28.4434162],[76.938537,28.4433851],[76.9386439,28.4433536],[76.939135,28.4432568],[76.9389057,28.4434149]]]}},{"type":"Feature","properties":{"v":"Garhi Harsaru","m":"0","k":"236/1/1","t":"Harsaru","vc":"01173","area":837.8,"lat":28.4432181,"lng":76.9388006},"geometry":{"type":"Polygon","coordinates":[[[76.9386439,28.4433536],[76.938623,28.4430439],[76.939135,28.4432568],[76.9386439,28.4433536]]]}},{"type":"Feature","properties":{"v":"Garhi Harsaru","m":"0","k":"33","t":"Harsaru","vc":"01173","area":1508.1,"lat":28.4435569,"lng":76.9368713},"geometry":{"type":"Polygon","coordinates":[[[76.9368528,28.4437997],[76.9364848,28.4434426],[76.937169,28.4434329],[76.9371715,28.443569],[76.9371723,28.4436143],[76.9370445,28.4436901],[76.9369757,28.4435752],[76.9368528,28.4437997]]]}},{"type":"Feature","properties":{"v":"Garhi Harsaru","m":"0","k":"115","t":"Harsaru","vc":"01173","area":1015.9,"lat":28.443728,"lng":76.9359656},"geometry":{"type":"Polygon","coordinates":[[[76.9358083,28.4438757],[76.935803,28.4435884],[76.9358025,28.4435582],[76.936042,28.4435548],[76.936122,28.4436573],[76.9360036,28.4437179],[76.9361007,28.4438424],[76.9362192,28.4437818],[76.9362872,28.4438689],[76.9358083,28.4438757]]]}},{"type":"Feature","properties":{"v":"Garhi Harsaru","m":"0","k":"36","t":"Harsaru","vc":"01173","area":224.3,"lat":28.4437499,"lng":76.9361114},"geometry":{"type":"Polygon","coordinates":[[[76.9362192,28.4437818],[76.9361007,28.4438424],[76.9360036,28.4437179],[76.936122,28.4436573],[76.9362192,28.4437818]]]}},{"type":"Feature","properties":{"v":"Garhi Harsaru","m":"0","k":"114","t":"Harsaru","vc":"01173","area":866.4,"lat":28.4439487,"lng":76.9360799},"geometry":{"type":"Polygon","coordinates":[[[76.9358588,28.4440273],[76.9358105,28.4439967],[76.9358083,28.4438757],[76.9362872,28.4438689],[76.9364064,28.4440131],[76.9358588,28.4440273]]]}},{"type":"Feature","properties":{"v":"Garhi Harsaru","m":"0","k":"34","t":"Harsaru","vc":"01173","area":5623.9,"lat":28.444119,"lng":76.9352935},"geometry":{"type":"Polygon","coordinates":[[[76.9351339,28.4444297],[76.9347989,28.4442667],[76.9348982,28.444203],[76.9348507,28.4441464],[76.9347811,28.4440635],[76.9351218,28.4437645],[76.9352305,28.443668],[76.9355442,28.4439358],[76.9356393,28.4438598],[76.9358105,28.4439967],[76.9358588,28.4440273],[76.9358118,28.4440722],[76.9354051,28.4445587],[76.9351339,28.4444297]]]}},{"type":"Feature","properties":{"v":"Garhi Harsaru","m":"0","k":"71","t":"Harsaru","vc":"01173","area":4539.6,"lat":28.4456919,"lng":76.933772},"geometry":{"type":"Polygon","coordinates":[[[76.9364972,28.444123],[76.9365548,28.4441782],[76.9361152,28.4444132],[76.9360495,28.4444485],[76.9358887,28.4445348],[76.9358209,28.4445712],[76.935787,28.4445898],[76.9356515,28.4446643],[76.9354481,28.4447731],[76.935143,28.4449287],[76.9344854,28.4453389],[76.9333801,28.4459496],[76.9339458,28.4471583],[76.9340668,28.4471378],[76.934601,28.4470474],[76.934629,28.4471188],[76.9338853,28.4472258],[76.9338131,28.4470729],[76.9337241,28.4468846],[76.9335638,28.4465369],[76.9334747,28.4463437],[76.9333329,28.4460735],[76.9332617,28.4459445],[76.9335188,28.4457986],[76.9336009,28.4457521],[76.933787,28.445636],[76.9344649,28.4452758],[76.9345326,28.4452398],[76.9351419,28.4448682],[76.9358193,28.4444805],[76.9364972,28.444123]]]}},{"type":"Feature","properties":{"v":"Garhi Harsaru","m":"0","k":"113","t":"Harsaru","vc":"01173","area":1294.2,"lat":28.4442454,"lng":76.9360431},"geometry":{"type":"Polygon","coordinates":[[[76.9364972,28.444123],[76.9358193,28.4444805],[76.9358184,28.4444351],[76.9358129,28.4441327],[76.9364972,28.444123]]]}},{"type":"Feature","properties":{"v":"Garhi Harsaru","m":"0","k":"102","t":"Harsaru","vc":"01173","area":396.6,"lat":28.444699,"lng":76.9363191},"geometry":{"type":"Polygon","coordinates":[[[76.936127,28.4446648],[76.9364931,28.4446363],[76.936519,28.4447316],[76.936138,28.4447619],[76.936127,28.4446648]]]}},{"type":"Feature","properties":{"v":"Garhi Harsaru","m":"0","k":"218","t":"Harsaru","vc":"01173","area":943.5,"lat":28.4450917,"lng":76.9360709},"geometry":{"type":"Polygon","coordinates":[[[76.936245,28.4452155],[76.9359012,28.4452204],[76.9358968,28.4449784],[76.9361402,28.4449403],[76.9362475,28.4450616],[76.9363212,28.4451349],[76.9361773,28.4451693],[76.936245,28.4452155]]]}},{"type":"Feature","properties":{"v":"Garhi Harsaru","m":"0","k":"33","t":"Harsaru","vc":"01173","area":352.6,"lat":28.4450541,"lng":76.9364548},"geometry":{"type":"Polygon","coordinates":[[[76.9362475,28.4450616],[76.9366078,28.4449665],[76.9366351,28.4450601],[76.9364369,28.4451074],[76.9363212,28.4451349],[76.9362475,28.4450616]]]}},{"type":"Feature","properties":{"v":"Garhi Harsaru","m":"0","k":"103","t":"Harsaru","vc":"01173","area":1247.5,"lat":28.4448851,"lng":76.9363546},"geometry":{"type":"Polygon","coordinates":[[[76.9361402,28.4449403],[76.9361396,28.4449096],[76.936138,28.4447619],[76.936519,28.4447316],[76.9366078,28.4449665],[76.9362475,28.4450616],[76.9361402,28.4449403]]]}},{"type":"Feature","properties":{"v":"Garhi Harsaru","m":"0","k":"104","t":"Harsaru","vc":"01173","area":516.3,"lat":28.4453989,"lng":76.9364811},"geometry":{"type":"Polygon","coordinates":[[[76.9363509,28.4454862],[76.9363473,28.4452896],[76.9364129,28.4452681],[76.9364593,28.4453093],[76.9365197,28.4453628],[76.9366944,28.4453262],[76.9366077,28.4453993],[76.936666,28.4454817],[76.9365219,28.4454838],[76.9363509,28.4454862]]]}},{"type":"Feature","properties":{"v":"Garhi Harsaru","m":"0","k":"219","t":"Harsaru","vc":"01173","area":3097.3,"lat":28.4455142,"lng":76.9361767},"geometry":{"type":"Polygon","coordinates":[[[76.9359012,28.4452204],[76.936245,28.4452155],[76.9363011,28.4452562],[76.9363473,28.4452896],[76.9363509,28.4454862],[76.9365219,28.4454838],[76.9365269,28.4457559],[76.935911,28.4457647],[76.9359012,28.4452204]]]}},{"type":"Feature","properties":{"v":"Garhi Harsaru","m":"0","k":"222","t":"Harsaru","vc":"01173","area":3537.7,"lat":28.4454228,"lng":76.9354832},"geometry":{"type":"Polygon","coordinates":[[[76.9351584,28.4457753],[76.9351485,28.445231],[76.9351471,28.4451554],[76.935455,28.4451511],[76.9356603,28.4451482],[76.9357971,28.4451462],[76.9358084,28.4457661],[76.935586,28.4457693],[76.9355805,28.4454669],[76.9353239,28.4454705],[76.9353294,28.4457729],[76.9351584,28.4457753]]]}},{"type":"Feature","properties":{"v":"Garhi Harsaru","m":"0","k":"208","t":"Harsaru","vc":"01173","area":94.8,"lat":28.4457134,"lng":76.936773},"geometry":{"type":"Polygon","coordinates":[[[76.9368021,28.445674],[76.9368568,28.4457512],[76.9367486,28.4457528],[76.9366854,28.4456778],[76.9368021,28.445674]]]}},{"type":"Feature","properties":{"v":"Garhi Harsaru","m":"0","k":"207","t":"Harsaru","vc":"01173","area":92.8,"lat":28.4456409,"lng":76.9367192},"geometry":{"type":"Polygon","coordinates":[[[76.9367477,28.4455971],[76.9368021,28.445674],[76.9366854,28.4456778],[76.9366343,28.4456172],[76.9367477,28.4455971]]]}},{"type":"Feature","properties":{"v":"Garhi Harsaru","m":"0","k":"206","t":"Harsaru","vc":"01173","area":90.3,"lat":28.4455756,"lng":76.9366669},"geometry":{"type":"Polygon","coordinates":[[[76.9367023,28.445533],[76.9367477,28.4455971],[76.9366343,28.4456172],[76.9365832,28.4455565],[76.9367023,28.445533]]]}},{"type":"Feature","properties":{"v":"Garhi Harsaru","m":"0","k":"205","t":"Harsaru","vc":"01173","area":95.5,"lat":28.4455138,"lng":76.9366142},"geometry":{"type":"Polygon","coordinates":[[[76.9365832,28.4455565],[76.9365219,28.4454838],[76.936666,28.4454817],[76.9367023,28.445533],[76.9365832,28.4455565]]]}},{"type":"Feature","properties":{"v":"Garhi Harsaru","m":"0","k":"278","t":"Harsaru","vc":"01173","area":663.8,"lat":28.4458029,"lng":76.9353384},"geometry":{"type":"Polygon","coordinates":[[[76.9351595,28.4458358],[76.9348516,28.4458402],[76.9348162,28.4457802],[76.9351584,28.4457753],[76.9353294,28.4457729],[76.935586,28.4457693],[76.9358084,28.4457661],[76.9358426,28.4457656],[76.9358437,28.4458261],[76.9358095,28.4458266],[76.9352792,28.4458341],[76.9351595,28.4458358]]]}},{"type":"Feature","properties":{"v":"Garhi Harsaru","m":"0","k":"226/2","t":"Harsaru","vc":"01173","area":2757.0,"lat":28.4460858,"lng":76.9362325},"geometry":{"type":"Polygon","coordinates":[[[76.9365296,28.4459071],[76.9365368,28.4463002],[76.9359552,28.4463085],[76.9359465,28.4458297],[76.9365296,28.4459071]]]}},{"type":"Feature","properties":{"v":"Garhi Harsaru","m":"0","k":"241","t":"Harsaru","vc":"01173","area":684.7,"lat":28.4458666,"lng":76.9364604},"geometry":{"type":"Polygon","coordinates":[[[76.935911,28.4457647],[76.9365287,28.4458542],[76.9368553,28.4458795],[76.9369656,28.445888],[76.9370229,28.4459554],[76.9366989,28.4459289],[76.9365804,28.4459137],[76.9365296,28.4459071],[76.9359465,28.4458297],[76.9359121,28.4458251],[76.935911,28.4457647]]]}},{"type":"Feature","properties":{"v":"Garhi Harsaru","m":"0","k":"281","t":"Harsaru","vc":"01173","area":360.2,"lat":28.4463,"lng":76.9368467},"geometry":{"type":"Polygon","coordinates":[[[76.9371411,28.4467214],[76.9370157,28.4465502],[76.9365296,28.4459071],[76.9365804,28.4459137],[76.9368591,28.4462887],[76.9369436,28.4464025],[76.9371267,28.446649],[76.9371737,28.4467122],[76.9371411,28.4467214]]]}},{"type":"Feature","properties":{"v":"Garhi Harsaru","m":"0","k":"108","t":"Harsaru","vc":"01173","area":210.5,"lat":28.4465735,"lng":76.9373296},"geometry":{"type":"Polygon","coordinates":[[[76.9374572,28.4465428],[76.9372446,28.4466698],[76.9372021,28.446604],[76.9373014,28.4465448],[76.9374148,28.4464771],[76.9374572,28.4465428]]]}},{"type":"Feature","properties":{"v":"Garhi Harsaru","m":"0","k":"105","t":"Harsaru","vc":"01173","area":518.0,"lat":28.446265,"lng":76.9370511},"geometry":{"type":"Polygon","coordinates":[[[76.9372364,28.4462461],[76.9371193,28.4463086],[76.9369436,28.4464025],[76.9368591,28.4462887],[76.9369323,28.4462497],[76.9371667,28.4461247],[76.9372364,28.4462461]]]}},{"type":"Feature","properties":{"v":"Garhi Harsaru","m":"0","k":"106","t":"Harsaru","vc":"01173","area":656.3,"lat":28.446477,"lng":76.9371227},"geometry":{"type":"Polygon","coordinates":[[[76.9371193,28.4463086],[76.9373014,28.4465448],[76.9372021,28.446604],[76.9371267,28.446649],[76.9369436,28.4464025],[76.9371193,28.4463086]]]}},{"type":"Feature","properties":{"v":"Garhi Harsaru","m":"0","k":"107","t":"Harsaru","vc":"01173","area":420.3,"lat":28.4463943,"lng":76.9372678},"geometry":{"type":"Polygon","coordinates":[[[76.9374148,28.4464771],[76.9373014,28.4465448],[76.9371193,28.4463086],[76.9372364,28.4462461],[76.9374148,28.4464771]]]}},{"type":"Feature","properties":{"v":"Garhi Harsaru","m":"0","k":"227/2","t":"Harsaru","vc":"01173","area":184.8,"lat":28.4467804,"lng":76.936606},"geometry":{"type":"Polygon","coordinates":[[[76.9365467,28.4468445],[76.9365442,28.4467084],[76.9365439,28.4466933],[76.9365868,28.4466832],[76.9367177,28.4468421],[76.9365467,28.4468445]]]}},{"type":"Feature","properties":{"v":"Garhi Harsaru","m":"0","k":"109","t":"Harsaru","vc":"01173","area":941.4,"lat":28.4466983,"lng":76.9368669},"geometry":{"type":"Polygon","coordinates":[[[76.9365868,28.4466832],[76.9370157,28.4465502],[76.9371411,28.4467214],[76.9367177,28.4468421],[76.9365868,28.4466832]]]}},{"type":"Feature","properties":{"v":"Garhi Harsaru","m":"0","k":"227/1","t":"Harsaru","vc":"01173","area":2034.7,"lat":28.4463845,"lng":76.9366965},"geometry":{"type":"Polygon","coordinates":[[[76.9365868,28.4466832],[76.9365439,28.4466933],[76.9365368,28.4463002],[76.9365296,28.4459071],[76.9370157,28.4465502],[76.9365868,28.4466832]]]}},{"type":"Feature","properties":{"v":"Garhi Harsaru","m":"0","k":"228/2/1","t":"Harsaru","vc":"01173","area":860.8,"lat":28.4467806,"lng":76.9362546},"geometry":{"type":"Polygon","coordinates":[[[76.9365467,28.4468445],[76.9359651,28.4468528],[76.9359626,28.4467167],[76.9365442,28.4467084],[76.9365467,28.4468445]]]}},{"type":"Feature","properties":{"v":"Garhi Harsaru","m":"0","k":"228/1","t":"Harsaru","vc":"01173","area":2581.6,"lat":28.4465084,"lng":76.9362497},"geometry":{"type":"Polygon","coordinates":[[[76.9365439,28.4466933],[76.9365442,28.4467084],[76.9359626,28.4467167],[76.9359552,28.4463085],[76.9365368,28.4463002],[76.9365439,28.4466933]]]}},{"type":"Feature","properties":{"v":"Garhi Harsaru","m":"0","k":"229/2","t":"Harsaru","vc":"01173","area":2731.3,"lat":28.4465887,"lng":76.9356096},"geometry":{"type":"Polygon","coordinates":[[[76.9353768,28.4464982],[76.9353735,28.4463167],[76.9358183,28.4463104],[76.9358624,28.4468542],[76.9353834,28.44686],[76.9353768,28.4464982]]]}},{"type":"Feature","properties":{"v":"Garhi Harsaru","m":"0","k":"225/1","t":"Harsaru","vc":"01173","area":3329.3,"lat":28.4460817,"lng":76.9354956},"geometry":{"type":"Polygon","coordinates":[[[76.9351683,28.4463196],[76.9351169,28.4463204],[76.9351665,28.4462212],[76.935163,28.4460324],[76.9351611,28.4459265],[76.9352809,28.4459248],[76.9352792,28.4458341],[76.9358095,28.4458266],[76.9358183,28.4463104],[76.9353735,28.4463167],[76.9351683,28.4463196]]]}},{"type":"Feature","properties":{"v":"Garhi Harsaru","m":"0","k":"89","t":"Harsaru","vc":"01173","area":440.7,"lat":28.446784,"lng":76.9386966},"geometry":{"type":"Polygon","coordinates":[[[76.9385416,28.4466757],[76.9386565,28.4466255],[76.938848,28.446885],[76.9387417,28.4469483],[76.9385416,28.4466757]]]}},{"type":"Feature","properties":{"v":"Garhi Harsaru","m":"0","k":"90/2","t":"Harsaru","vc":"01173","area":1007.4,"lat":28.446667,"lng":76.9389084},"geometry":{"type":"Polygon","coordinates":[[[76.9388764,28.4468681],[76.9386851,28.4466089],[76.9389158,28.4464787],[76.9389439,28.4465167],[76.9389727,28.4465004],[76.9391316,28.4467158],[76.9388764,28.4468681]]]}},{"type":"Feature","properties":{"v":"Garhi Harsaru","m":"0","k":"94","t":"Harsaru","vc":"01173","area":1103.0,"lat":28.4464849,"lng":76.9391846},"geometry":{"type":"Polygon","coordinates":[[[76.9389447,28.4464624],[76.939233,28.4462997],[76.9394439,28.4464149],[76.9391316,28.4467158],[76.9389727,28.4465004],[76.9389447,28.4464624]]]}},{"type":"Feature","properties":{"v":"Garhi Harsaru","m":"0","k":"35","t":"Harsaru","vc":"01173","area":1030.8,"lat":28.4463177,"lng":76.9398003},"geometry":{"type":"Polygon","coordinates":[[[76.9396847,28.4461898],[76.939727,28.4461507],[76.9400593,28.4462897],[76.9399427,28.4464449],[76.9399137,28.4464834],[76.939519,28.4463426],[76.9396847,28.4461898]]]}},{"type":"Feature","properties":{"v":"Garhi Harsaru","m":"0","k":"33","t":"Harsaru","vc":"01173","area":855.1,"lat":28.4465921,"lng":76.9396216},"geometry":{"type":"Polygon","coordinates":[[[76.9393916,28.4465283],[76.9394965,28.4464361],[76.9399012,28.4465994],[76.9396119,28.4467609],[76.9393916,28.4465283]]]}},{"type":"Feature","properties":{"v":"Garhi Harsaru","m":"0","k":"97","t":"Harsaru","vc":"01173","area":642.4,"lat":28.4467241,"lng":76.9394306},"geometry":{"type":"Polygon","coordinates":[[[76.9393916,28.4465283],[76.9396119,28.4467609],[76.939337,28.4469142],[76.939331,28.4465816],[76.9393916,28.4465283]]]}},{"type":"Feature","properties":{"v":"Garhi Harsaru","m":"0","k":"92","t":"Harsaru","vc":"01173","area":953.2,"lat":28.4468948,"lng":76.9391283},"geometry":{"type":"Polygon","coordinates":[[[76.9389518,28.4468886],[76.9391429,28.4467598],[76.9392804,28.4466251],[76.9392862,28.4469426],[76.9389639,28.4471224],[76.9389518,28.4468886]]]}},{"type":"Feature","properties":{"v":"Garhi Harsaru","m":"0","k":"91","t":"Harsaru","vc":"01173","area":563.1,"lat":28.447061,"lng":76.9388474},"geometry":{"type":"Polygon","coordinates":[[[76.9386893,28.4470432],[76.9389518,28.4468886],[76.9389639,28.4471224],[76.9387903,28.4472193],[76.9386893,28.4470432]]]}},{"type":"Feature","properties":{"v":"Garhi Harsaru","m":"0","k":"86","t":"Harsaru","vc":"01173","area":605.5,"lat":28.4472098,"lng":76.9385916},"geometry":{"type":"Polygon","coordinates":[[[76.9384209,28.4471761],[76.9386607,28.4470602],[76.9387612,28.4472355],[76.9385297,28.4473647],[76.9384831,28.4472838],[76.9384675,28.4472569],[76.9384209,28.4471761]]]}},{"type":"Feature","properties":{"v":"Garhi Harsaru","m":"0","k":"87","t":"Harsaru","vc":"01173","area":553.6,"lat":28.4475049,"lng":76.9380245},"geometry":{"type":"Polygon","coordinates":[[[76.9379251,28.4473694],[76.9380532,28.4473675],[76.9380925,28.447417],[76.938128,28.4474617],[76.9381908,28.4475408],[76.9379306,28.4476717],[76.9379251,28.4473694]]]}},{"type":"Feature","properties":{"v":"Garhi Harsaru","m":"0","k":"31","t":"Harsaru","vc":"01173","area":796.4,"lat":28.4472297,"lng":76.9380424},"geometry":{"type":"Polygon","coordinates":[[[76.9380532,28.4473675],[76.93785,28.4471056],[76.9379366,28.4469667],[76.9381849,28.447299],[76.9382513,28.4474132],[76.938128,28.4474617],[76.9380925,28.447417],[76.9380532,28.4473675]]]}},{"type":"Feature","properties":{"v":"Garhi Harsaru","m":"0","k":"29","t":"Harsaru","vc":"01173","area":331.4,"lat":28.4468929,"lng":76.9371995},"geometry":{"type":"Polygon","coordinates":[[[76.937231,28.4470243],[76.9370971,28.4468868],[76.9371737,28.4467122],[76.9373153,28.4470114],[76.937231,28.4470243]]]}},{"type":"Feature","properties":{"v":"Garhi Harsaru","m":"0","k":"27","t":"Harsaru","vc":"01173","area":316.1,"lat":28.4469809,"lng":76.9370703},"geometry":{"type":"Polygon","coordinates":[[[76.9370971,28.4468868],[76.937231,28.4470243],[76.9370287,28.4470552],[76.936907,28.4469718],[76.9370971,28.4468868]]]}},{"type":"Feature","properties":{"v":"Garhi Harsaru","m":"0","k":"28","t":"Harsaru","vc":"01173","area":397.4,"lat":28.4469925,"lng":76.9368228},"geometry":{"type":"Polygon","coordinates":[[[76.9367221,28.4470802],[76.9367177,28.4468421],[76.936907,28.4469718],[76.9370287,28.4470552],[76.9367221,28.4470802]]]}},{"type":"Feature","properties":{"v":"Garhi Harsaru","m":"0","k":"231/1","t":"Harsaru","vc":"01173","area":1316.6,"lat":28.4471976,"lng":76.9366404},"geometry":{"type":"Polygon","coordinates":[[[76.9367177,28.4468421],[76.9367221,28.4470802],[76.9367314,28.4475925],[76.9365588,28.4475098],[76.9365566,28.4473888],[76.9365467,28.4468445],[76.9367177,28.4468421]]]}},{"type":"Feature","properties":{"v":"Garhi Harsaru","m":"0","k":"82","t":"Harsaru","vc":"01173","area":520.9,"lat":28.4472862,"lng":76.9369571},"geometry":{"type":"Polygon","coordinates":[[[76.9370527,28.4473818],[76.9370533,28.4474146],[76.936865,28.4474124],[76.9368645,28.4473844],[76.9368604,28.4471603],[76.9370486,28.4471576],[76.9370527,28.4473818]]]}},{"type":"Feature","properties":{"v":"Garhi Harsaru","m":"0","k":"85","t":"Harsaru","vc":"01173","area":586.9,"lat":28.4472578,"lng":76.9373501},"geometry":{"type":"Polygon","coordinates":[[[76.9372408,28.4473791],[76.9372369,28.44716],[76.9374102,28.4470951],[76.9374885,28.4473756],[76.9372408,28.4473791]]]}},{"type":"Feature","properties":{"v":"Garhi Harsaru","m":"0","k":"30","t":"Harsaru","vc":"01173","area":1623.2,"lat":28.4472276,"lng":76.9376929},"geometry":{"type":"Polygon","coordinates":[[[76.9374102,28.4470951],[76.9375781,28.4470388],[76.93785,28.4471056],[76.9380532,28.4473675],[76.9379251,28.4473694],[76.9378704,28.4473701],[76.9374885,28.4473756],[76.9374102,28.4470951]]]}},{"type":"Feature","properties":{"v":"Garhi Harsaru","m":"0","k":"84","t":"Harsaru","vc":"01173","area":2070.2,"lat":28.4475258,"lng":76.9375584},"geometry":{"type":"Polygon","coordinates":[[[76.9372408,28.4473791],[76.9374885,28.4473756],[76.9378704,28.4473701],[76.9378759,28.4476725],[76.9372463,28.4476815],[76.9372408,28.4473791]]]}},{"type":"Feature","properties":{"v":"Garhi Harsaru","m":"0","k":"83","t":"Harsaru","vc":"01173","area":1059.4,"lat":28.4474177,"lng":76.9371476},"geometry":{"type":"Polygon","coordinates":[[[76.9372408,28.4473791],[76.9372463,28.4476815],[76.9370579,28.4476717],[76.9370533,28.4474146],[76.9370527,28.4473818],[76.9370486,28.4471576],[76.9372369,28.44716],[76.9372408,28.4473791]]]}},{"type":"Feature","properties":{"v":"Garhi Harsaru","m":"0","k":"81","t":"Harsaru","vc":"01173","area":518.4,"lat":28.4475402,"lng":76.9369619},"geometry":{"type":"Polygon","coordinates":[[[76.936865,28.4474124],[76.9370533,28.4474146],[76.9370579,28.4476717],[76.9368695,28.4476619],[76.936865,28.4474124]]]}},{"type":"Feature","properties":{"v":"Garhi Harsaru","m":"0","k":"66","t":"Harsaru","vc":"01173","area":1858.5,"lat":28.4481227,"lng":76.9365059},"geometry":{"type":"Polygon","coordinates":[[[76.9360632,28.4484847],[76.9365676,28.4479936],[76.9367746,28.4477987],[76.9368448,28.4477325],[76.9369452,28.4477353],[76.93699,28.4478207],[76.9370455,28.4479263],[76.9373291,28.4484667],[76.9372607,28.4484677],[76.9372264,28.4484682],[76.9372093,28.4484684],[76.9368824,28.4478007],[76.9368384,28.4478471],[76.9365701,28.4481297],[76.9361829,28.448483],[76.9360632,28.4484847]]]}},{"type":"Feature","properties":{"v":"Garhi Harsaru","m":"0","k":"68","t":"Harsaru","vc":"01173","area":11143.9,"lat":28.447174,"lng":76.9417284},"geometry":{"type":"Polygon","coordinates":[[[76.9424967,28.4475311],[76.9424451,28.4475142],[76.9420319,28.4473789],[76.9417563,28.447277],[76.9413428,28.4471241],[76.9406538,28.4468694],[76.9406021,28.4468534],[76.9405164,28.4468412],[76.9400467,28.4466706],[76.9399652,28.4466447],[76.9392878,28.4470294],[76.9386102,28.447405],[76.9383804,28.4475262],[76.9379323,28.4477625],[76.9372475,28.4477436],[76.9369794,28.4477363],[76.9369452,28.4477353],[76.9368448,28.4477325],[76.9360422,28.4473332],[76.9358696,28.4472473],[76.9355213,28.4470551],[76.9354288,28.4470041],[76.9349697,28.4465659],[76.9350176,28.4465033],[76.9353834,28.44686],[76.9354938,28.4469676],[76.9358682,28.4471717],[76.9359372,28.4472055],[76.9363186,28.4473922],[76.9365588,28.4475098],[76.9367314,28.4475925],[76.9368695,28.4476619],[76.9370579,28.4476717],[76.9372463,28.4476815],[76.9378759,28.4476725],[76.9379306,28.4476717],[76.9381908,28.4475408],[76.9382981,28.4474939],[76.9383272,28.4474777],[76.938414,28.4474292],[76.9385297,28.4473647],[76.9387612,28.4472355],[76.9387903,28.4472193],[76.9389639,28.4471224],[76.9392862,28.4469426],[76.939337,28.4469142],[76.9396119,28.4467609],[76.9399012,28.4465994],[76.9394965,28.4464361],[76.9394439,28.4464149],[76.939519,28.4463426],[76.9399137,28.4464834],[76.9399819,28.4465078],[76.9400507,28.4465323],[76.9401279,28.4465599],[76.9406511,28.4467256],[76.9409264,28.4468094],[76.9413394,28.4469351],[76.9413739,28.4469496],[76.9418047,28.4471175],[76.9420285,28.44719],[76.9427175,28.4474409],[76.9434065,28.4476919],[76.9433181,28.447804],[76.9427207,28.4476187],[76.9424967,28.4475311]]]}},{"type":"Feature","properties":{"v":"Garhi Harsaru","m":"0","k":"69","t":"Harsaru","vc":"01173","area":2764.4,"lat":28.4451008,"lng":76.9430548},"geometry":{"type":"Polygon","coordinates":[[[76.9440437,28.4451045],[76.9433595,28.4451142],[76.9426752,28.445124],[76.942641,28.4451245],[76.941991,28.4451337],[76.9413067,28.4451435],[76.9409304,28.4451488],[76.9409722,28.4450877],[76.9413056,28.445083],[76.9419899,28.4450732],[76.9426741,28.4450635],[76.9432386,28.4450554],[76.9433584,28.4450537],[76.9440426,28.445044],[76.9447269,28.4450342],[76.9448375,28.4450931],[76.9452278,28.4452919],[76.9452286,28.4453372],[76.944728,28.4450947],[76.9440437,28.4451045]]]}},{"type":"Feature","properties":{"v":"Garhi Harsaru","m":"0","k":"375","t":"Harsaru","vc":"01173","area":858.6,"lat":28.443318,"lng":76.9406061},"geometry":{"type":"Polygon","coordinates":[[[76.940617,28.4429755],[76.9406269,28.4435198],[76.9409348,28.4435154],[76.941277,28.4435106],[76.9419612,28.4435008],[76.9419617,28.4435311],[76.9417308,28.4435344],[76.9415042,28.4435376],[76.9412775,28.4435408],[76.9406275,28.4435501],[76.940628,28.4435803],[76.9406297,28.443671],[76.9405952,28.4436578],[76.9405933,28.4435506],[76.9405927,28.4435203],[76.9405833,28.4430063],[76.9405828,28.442976],[76.9405789,28.4427643],[76.9405759,28.442598],[76.9405748,28.4425376],[76.940609,28.4425371],[76.940617,28.4429755]]]}},{"type":"Feature","properties":{"v":"Garhi Harsaru","m":"0","k":"58","t":"Harsaru","vc":"01173","area":12297.1,"lat":28.442908,"lng":76.9357471},"geometry":{"type":"Polygon","coordinates":[[[76.9345411,28.4417821],[76.9348367,28.4416016],[76.9351575,28.4419643],[76.935393,28.4422029],[76.9354212,28.4422479],[76.9354788,28.4423302],[76.9356088,28.4424853],[76.9356221,28.4425021],[76.9356908,28.4425919],[76.9358104,28.4427224],[76.9358696,28.4427871],[76.9359288,28.4428517],[76.9360472,28.442981],[76.936101,28.4430398],[76.9362062,28.4431744],[76.9364848,28.4434426],[76.9368528,28.4437997],[76.9365548,28.4441782],[76.9364972,28.444123],[76.9364064,28.4440131],[76.9362872,28.4438689],[76.9362192,28.4437818],[76.936122,28.4436573],[76.936042,28.4435548],[76.9358315,28.4432704],[76.9357965,28.4432297],[76.9356392,28.4430463],[76.9351845,28.4425083],[76.9345411,28.4417821]]]}},{"type":"Feature","properties":{"v":"Garhi Harsaru","m":"0","k":"59","t":"Harsaru","vc":"01173","area":17528.8,"lat":28.441034,"lng":76.935147},"geometry":{"type":"Polygon","coordinates":[[[76.9372723,28.4392259],[76.9373048,28.4392502],[76.9374172,28.4393341],[76.9372744,28.4394577],[76.9370995,28.4396092],[76.9369389,28.4397612],[76.9365208,28.4401055],[76.9360305,28.4405303],[76.9356509,28.4408684],[76.9354949,28.4409998],[76.9354147,28.4410674],[76.9352785,28.4411822],[76.9351423,28.4412969],[76.9349937,28.4414222],[76.9348367,28.4416016],[76.9345411,28.4417821],[76.9344031,28.4418768],[76.9338982,28.44218],[76.9330794,28.4426905],[76.9330493,28.442705],[76.9330463,28.4425387],[76.9330444,28.4424328],[76.933043,28.4423572],[76.933618,28.4419861],[76.9337196,28.4419242],[76.9340704,28.4416825],[76.9343524,28.4415113],[76.9344461,28.4414544],[76.9346398,28.4412966],[76.9351682,28.4408663],[76.9357369,28.4404262],[76.9358585,28.440321],[76.9362296,28.4400001],[76.9362885,28.4399564],[76.9364196,28.4398593],[76.9367899,28.4395213],[76.9369582,28.4393677],[76.9370572,28.4392888],[76.9370859,28.4392659],[76.9371513,28.4392137],[76.9372279,28.4391928],[76.9372723,28.4392259]]]}},{"type":"Feature","properties":{"v":"Garhi Harsaru","m":"0","k":"74","t":"Harsaru","vc":"01173","area":2554.2,"lat":28.4393017,"lng":76.9343067},"geometry":{"type":"Polygon","coordinates":[[[76.9336675,28.4390589],[76.934356,28.4392837],[76.9346319,28.4394008],[76.9350447,28.4395233],[76.9357338,28.4397783],[76.9362885,28.4399564],[76.9362296,28.4400001],[76.935046,28.439592],[76.9336686,28.4391172],[76.9329799,28.4388798],[76.9325196,28.4386682],[76.9324421,28.4385746],[76.9329785,28.4388042],[76.9336675,28.4390589]]]}},{"type":"Feature","properties":{"v":"Garhi Harsaru","m":"0","k":"78","t":"Harsaru","vc":"01173","area":480.3,"lat":28.4474182,"lng":76.9359533},"geometry":{"type":"Polygon","coordinates":[[[76.9360439,28.4474263],[76.9360461,28.4475473],[76.9358751,28.4475497],[76.9358723,28.4473985],[76.9358696,28.4472473],[76.9360422,28.4473332],[76.9360434,28.4473961],[76.9360439,28.4474263]]]}},{"type":"Feature","properties":{"v":"Garhi Harsaru","m":"27","k":"5/1","t":"Harsaru","vc":"01173","area":743.8,"lat":28.4483634,"lng":76.9364431},"geometry":{"type":"Polygon","coordinates":[[[76.9361829,28.448483],[76.9365701,28.4481297],[76.9365764,28.4484774],[76.9362856,28.4484815],[76.9361829,28.448483]]]}},{"type":"Feature","properties":{"v":"Garhi Harsaru","m":"27","k":"21/2","t":"Harsaru","vc":"01173","area":703.8,"lat":28.4459198,"lng":76.933238},"geometry":{"type":"Polygon","coordinates":[[[76.9331105,28.4460766],[76.9331056,28.4458045],[76.9335188,28.4457986],[76.9332617,28.4459445],[76.9333329,28.4460735],[76.9331105,28.4460766]]]}},{"type":"Feature","properties":{"v":"Garhi Harsaru","m":"27","k":"21/1","t":"Harsaru","vc":"01173","area":860.7,"lat":28.4462213,"lng":76.9332613},"geometry":{"type":"Polygon","coordinates":[[[76.9333329,28.4460735],[76.9334747,28.4463437],[76.9331155,28.4463488],[76.9331105,28.4460766],[76.9333329,28.4460735]]]}},{"type":"Feature","properties":{"v":"Garhi Harsaru","m":"27","k":"20","t":"Harsaru","vc":"01173","area":2542.0,"lat":28.4466253,"lng":76.9333361},"geometry":{"type":"Polygon","coordinates":[[[76.9331155,28.4463488],[76.9334747,28.4463437],[76.9335638,28.4465369],[76.9335701,28.4468868],[76.9331254,28.4468931],[76.9331155,28.4463488]]]}},{"type":"Feature","properties":{"v":"Garhi Harsaru","m":"27","k":"14/2","t":"Harsaru","vc":"01173","area":1352.4,"lat":28.4472756,"lng":76.9356064},"geometry":{"type":"Polygon","coordinates":[[[76.9358723,28.4473985],[76.9353078,28.4474065],[76.9355213,28.4470551],[76.9358696,28.4472473],[76.9358723,28.4473985]]]}},{"type":"Feature","properties":{"v":"Garhi Harsaru","m":"27","k":"13","t":"Harsaru","vc":"01173","area":4896.0,"lat":28.4470805,"lng":76.9349815},"geometry":{"type":"Polygon","coordinates":[[[76.9347604,28.4474143],[76.9346571,28.4471903],[76.934629,28.4471188],[76.934601,28.4470474],[76.9349697,28.4465659],[76.9354288,28.4470041],[76.9351859,28.447291],[76.9350854,28.4474097],[76.934911,28.447643],[76.9347604,28.4474143]]]}},{"type":"Feature","properties":{"v":"Garhi Harsaru","m":"27","k":"11","t":"Harsaru","vc":"01173","area":3961.8,"lat":28.4471651,"lng":76.9334656},"geometry":{"type":"Polygon","coordinates":[[[76.9338195,28.4474277],[76.9335373,28.4474317],[76.9331353,28.4474374],[76.9331254,28.4468931],[76.9335701,28.4468868],[76.9337241,28.4468846],[76.9338131,28.4470729],[76.9338179,28.447337],[76.9338195,28.4474277]]]}},{"type":"Feature","properties":{"v":"Garhi Harsaru","m":"27","k":"10/2","t":"Harsaru","vc":"01173","area":2379.4,"lat":28.4477067,"lng":76.9333412},"geometry":{"type":"Polygon","coordinates":[[[76.9331451,28.4479817],[76.9331424,28.4478305],[76.9331358,28.4474676],[76.9331353,28.4474374],[76.9335373,28.4474317],[76.9335471,28.447976],[76.9331451,28.4479817]]]}},{"type":"Feature","properties":{"v":"Garhi Harsaru","m":"27","k":"8","t":"Harsaru","vc":"01173","area":3641.9,"lat":28.4477072,"lng":76.9348432},"geometry":{"type":"Polygon","coordinates":[[[76.9345137,28.4479623],[76.9345038,28.447418],[76.9347604,28.4474143],[76.934911,28.447643],[76.9350854,28.4474097],[76.935188,28.4474082],[76.9351979,28.4479525],[76.9345137,28.4479623]]]}},{"type":"Feature","properties":{"v":"Garhi Harsaru","m":"27","k":"7","t":"Harsaru","vc":"01173","area":4050.4,"lat":28.4476755,"lng":76.9355351},"geometry":{"type":"Polygon","coordinates":[[[76.9351979,28.4479525],[76.935188,28.4474082],[76.9353078,28.4474065],[76.9358723,28.4473985],[76.9358751,28.4475497],[76.9358822,28.4479428],[76.9351979,28.4479525]]]}},{"type":"Feature","properties":{"v":"Garhi Harsaru","m":"27","k":"6/1","t":"Harsaru","vc":"01173","area":2882.7,"lat":28.4477392,"lng":76.9361982},"geometry":{"type":"Polygon","coordinates":[[[76.9358822,28.4479428],[76.9358751,28.4475497],[76.9360461,28.4475473],[76.9360439,28.4474263],[76.9365618,28.4476761],[76.9365665,28.4479331],[76.9358822,28.4479428]]]}},{"type":"Feature","properties":{"v":"Garhi Harsaru","m":"27","k":"5/2","t":"Harsaru","vc":"01173","area":2700.4,"lat":28.4481559,"lng":76.9361428},"geometry":{"type":"Polygon","coordinates":[[[76.9358921,28.4484871],[76.9358822,28.4479428],[76.9365665,28.4479331],[76.9365676,28.4479936],[76.9360632,28.4484847],[76.9358921,28.4484871]]]}},{"type":"Feature","properties":{"v":"Garhi Harsaru","m":"27","k":"4","t":"Harsaru","vc":"01173","area":4050.2,"lat":28.4482198,"lng":76.935545},"geometry":{"type":"Polygon","coordinates":[[[76.9358921,28.4484871],[76.9352078,28.4484968],[76.9351979,28.4479525],[76.9358822,28.4479428],[76.9358921,28.4484871]]]}},{"type":"Feature","properties":{"v":"Garhi Harsaru","m":"27","k":"3","t":"Harsaru","vc":"01173","area":4049.8,"lat":28.4482295,"lng":76.9348607},"geometry":{"type":"Polygon","coordinates":[[[76.9352078,28.4484968],[76.9345236,28.4485066],[76.9345214,28.4483856],[76.9345203,28.4483289],[76.9345137,28.4479623],[76.9351979,28.4479525],[76.9352078,28.4484968]]]}},{"type":"Feature","properties":{"v":"Garhi Harsaru","m":"27","k":"2/3","t":"Harsaru","vc":"01173","area":2727.7,"lat":28.4481504,"lng":76.9341749},"geometry":{"type":"Polygon","coordinates":[[[76.9345203,28.4483289],[76.9338361,28.4483386],[76.9338294,28.447972],[76.9342314,28.4479663],[76.9345137,28.4479623],[76.9345203,28.4483289]]]}},{"type":"Feature","properties":{"v":"Garhi Harsaru","m":"27","k":"1","t":"Harsaru","vc":"01173","area":4050.3,"lat":28.448249,"lng":76.9334922},"geometry":{"type":"Polygon","coordinates":[[[76.9338371,28.4483953],[76.9338393,28.4485163],[76.933634,28.4485192],[76.933155,28.448526],[76.9331451,28.4479817],[76.9335471,28.447976],[76.9338294,28.447972],[76.9338361,28.4483386],[76.9338371,28.4483953]]]}},{"type":"Feature","properties":{"v":"Garhi Harsaru","m":"26","k":"6/3","t":"Harsaru","vc":"01173","area":1125.3,"lat":28.4474206,"lng":76.9396371},"geometry":{"type":"Polygon","coordinates":[[[76.9392936,28.4473499],[76.9399779,28.4473401],[76.9399784,28.4473704],[76.9399807,28.4474913],[76.9398096,28.4474938],[76.9392964,28.4475011],[76.9392936,28.4473499]]]}},{"type":"Feature","properties":{"v":"Garhi Harsaru","m":"26","k":"6/1","t":"Harsaru","vc":"01173","area":731.3,"lat":28.4476891,"lng":76.9398987},"geometry":{"type":"Polygon","coordinates":[[[76.9399878,28.4478844],[76.9398167,28.4478869],[76.939814,28.4477357],[76.9398096,28.4474938],[76.9399807,28.4474913],[76.9399878,28.4478844]]]}},{"type":"Feature","properties":{"v":"Garhi Harsaru","m":"26","k":"4/4","t":"Harsaru","vc":"01173","area":1687.4,"lat":28.4480124,"lng":76.9389635},"geometry":{"type":"Polygon","coordinates":[[[76.9392221,28.4481222],[76.9391366,28.4481234],[76.9386234,28.4481307],[76.9386193,28.4479039],[76.9393035,28.4478942],[76.9393077,28.448121],[76.9392221,28.4481222]]]}},{"type":"Feature","properties":{"v":"Garhi Harsaru","m":"26","k":"4/2","t":"Harsaru","vc":"01173","area":295.2,"lat":28.4482816,"lng":76.9391823},"geometry":{"type":"Polygon","coordinates":[[[76.9392221,28.4481222],[76.9392279,28.4484397],[76.9391424,28.4484409],[76.9391366,28.4481234],[76.9392221,28.4481222]]]}},{"type":"Feature","properties":{"v":"Garhi Harsaru","m":"26","k":"4/3","t":"Harsaru","vc":"01173","area":295.5,"lat":28.4482803,"lng":76.9392678},"geometry":{"type":"Polygon","coordinates":[[[76.9393135,28.4484385],[76.9392279,28.4484397],[76.9392221,28.4481222],[76.9393077,28.448121],[76.9393135,28.4484385]]]}},{"type":"Feature","properties":{"v":"Garhi Harsaru","m":"26","k":"5/2","t":"Harsaru","vc":"01173","area":1012.4,"lat":28.4481578,"lng":76.9399072},"geometry":{"type":"Polygon","coordinates":[[[76.9398267,28.4484312],[76.9398167,28.4478869],[76.9399878,28.4478844],[76.9399977,28.4484287],[76.9398267,28.4484312]]]}},{"type":"Feature","properties":{"v":"Garhi Harsaru","m":"26","k":"15/1","t":"Harsaru","vc":"01173","area":3206.0,"lat":28.447115,"lng":76.9396816},"geometry":{"type":"Polygon","coordinates":[[[76.9392936,28.4473499],[76.9392892,28.447108],[76.9399666,28.4467203],[76.9399779,28.4473401],[76.9392936,28.4473499]]]}},{"type":"Feature","properties":{"v":"Garhi Harsaru","m":"26","k":"9/1/1","t":"Harsaru","vc":"01173","area":622.0,"lat":28.4478753,"lng":76.9375894},"geometry":{"type":"Polygon","coordinates":[[[76.9379336,28.4478381],[76.937935,28.4479137],[76.9372679,28.4479231],[76.9372763,28.4478259],[76.9379336,28.4478381]]]}},{"type":"Feature","properties":{"v":"Garhi Harsaru","m":"26","k":"8","t":"Harsaru","vc":"01173","area":2285.1,"lat":28.4477445,"lng":76.9383233},"geometry":{"type":"Polygon","coordinates":[[[76.9383804,28.4475262],[76.9386121,28.4475108],[76.9386193,28.4479039],[76.937935,28.4479137],[76.9379336,28.4478381],[76.9379323,28.4477625],[76.9383804,28.4475262]]]}},{"type":"Feature","properties":{"v":"Garhi Harsaru","m":"26","k":"7","t":"Harsaru","vc":"01173","area":4387.5,"lat":28.4475928,"lng":76.9389939},"geometry":{"type":"Polygon","coordinates":[[[76.9392936,28.4473499],[76.9392964,28.4475011],[76.9393008,28.447743],[76.9393035,28.4478942],[76.9386193,28.4479039],[76.9386121,28.4475108],[76.9388725,28.4473559],[76.9392892,28.447108],[76.9392936,28.4473499]]]}},{"type":"Feature","properties":{"v":"Garhi Harsaru","m":"26","k":"6/2/2","t":"Harsaru","vc":"01173","area":1350.0,"lat":28.4476184,"lng":76.9395552},"geometry":{"type":"Polygon","coordinates":[[[76.9398096,28.4474938],[76.939814,28.4477357],[76.9393008,28.447743],[76.9392964,28.4475011],[76.9398096,28.4474938]]]}},{"type":"Feature","properties":{"v":"Garhi Harsaru","m":"26","k":"5/1","t":"Harsaru","vc":"01173","area":3037.4,"lat":28.4481627,"lng":76.9395651},"geometry":{"type":"Polygon","coordinates":[[[76.9393077,28.448121],[76.9393035,28.4478942],[76.9398167,28.4478869],[76.9398267,28.4484312],[76.9393135,28.4484385],[76.9393077,28.448121]]]}},{"type":"Feature","properties":{"v":"Garhi Harsaru","m":"26","k":"4/1","t":"Harsaru","vc":"01173","area":1772.0,"lat":28.4482858,"lng":76.9388829},"geometry":{"type":"Polygon","coordinates":[[[76.9386292,28.4484482],[76.9386234,28.4481307],[76.9391366,28.4481234],[76.9391424,28.4484409],[76.9390055,28.4484429],[76.9386292,28.4484482]]]}},{"type":"Feature","properties":{"v":"Garhi Harsaru","m":"26","k":"3","t":"Harsaru","vc":"01173","area":4050.2,"lat":28.448181,"lng":76.9382821},"geometry":{"type":"Polygon","coordinates":[[[76.9386292,28.4484482],[76.9379449,28.448458],[76.937935,28.4479137],[76.9386193,28.4479039],[76.9386234,28.4481307],[76.9386292,28.4484482]]]}},{"type":"Feature","properties":{"v":"Garhi Harsaru","m":"26","k":"2/2","t":"Harsaru","vc":"01173","area":4254.1,"lat":28.4481737,"lng":76.9375759},"geometry":{"type":"Polygon","coordinates":[[[76.9379449,28.448458],[76.9373633,28.4484662],[76.9370791,28.4479258],[76.9372507,28.4479234],[76.9372679,28.4479231],[76.937935,28.4479137],[76.9379449,28.448458]]]}},{"type":"Feature","properties":{"v":"Garhi Harsaru","m":"26","k":"1/1","t":"Harsaru","vc":"01173","area":2555.9,"lat":28.4482416,"lng":76.9368225},"geometry":{"type":"Polygon","coordinates":[[[76.9368384,28.4478471],[76.9371751,28.4484689],[76.9365764,28.4484774],[76.9365701,28.4481297],[76.9368384,28.4478471]]]}},{"type":"Feature","properties":{"v":"Garhi Harsaru","m":"25","k":"7/1","t":"Harsaru","vc":"01173","area":658.1,"lat":28.4477098,"lng":76.942605},"geometry":{"type":"Polygon","coordinates":[[[76.9425025,28.4478486],[76.9424967,28.4475311],[76.9427207,28.4476187],[76.9427249,28.4478455],[76.9425025,28.4478486]]]}},{"type":"Feature","properties":{"v":"Garhi Harsaru","m":"25","k":"3/2/1","t":"Harsaru","vc":"01173","area":157.5,"lat":28.4478767,"lng":76.9415962},"geometry":{"type":"Polygon","coordinates":[[[76.9413569,28.4478952],[76.9413563,28.447865],[76.9417669,28.4478591],[76.9418353,28.4478581],[76.9418359,28.4478884],[76.9413569,28.4478952]]]}},{"type":"Feature","properties":{"v":"Garhi Harsaru","m":"25","k":"4/3","t":"Harsaru","vc":"01173","area":1316.4,"lat":28.4481192,"lng":76.9426186},"geometry":{"type":"Polygon","coordinates":[[[76.9425124,28.4483929],[76.9425033,28.447894],[76.9425025,28.4478486],[76.9427249,28.4478455],[76.9427348,28.4483898],[76.9425124,28.4483929]]]}},{"type":"Feature","properties":{"v":"Garhi Harsaru","m":"25","k":"4/2/1","t":"Harsaru","vc":"01173","area":202.5,"lat":28.447875,"lng":76.9422462},"geometry":{"type":"Polygon","coordinates":[[[76.9420412,28.4478854],[76.9420406,28.4478552],[76.9424512,28.4478494],[76.942452,28.4478947],[76.9420414,28.4479006],[76.9420412,28.4478854]]]}},{"type":"Feature","properties":{"v":"Garhi Harsaru","m":"25","k":"13/2","t":"Harsaru","vc":"01173","area":932.5,"lat":28.4469615,"lng":76.9419168},"geometry":{"type":"Polygon","coordinates":[[[76.9418047,28.4471175],[76.9417984,28.4467698],[76.9420208,28.4467666],[76.9420285,28.44719],[76.9418047,28.4471175]]]}},{"type":"Feature","properties":{"v":"Garhi Harsaru","m":"25","k":"18/2","t":"Harsaru","vc":"01173","area":1603.2,"lat":28.4463404,"lng":76.9416879},"geometry":{"type":"Polygon","coordinates":[[[76.9413649,28.4464584],[76.9413608,28.4462316],[76.9420108,28.4462223],[76.942015,28.4464491],[76.9413649,28.4464584]]]}},{"type":"Feature","properties":{"v":"Garhi Harsaru","m":"25","k":"19/2","t":"Harsaru","vc":"01173","area":1570.4,"lat":28.4465042,"lng":76.9407878},"geometry":{"type":"Polygon","coordinates":[[[76.9409264,28.4468094],[76.9406511,28.4467256],[76.9406423,28.4462418],[76.940916,28.4462379],[76.9409259,28.4467822],[76.9409264,28.4468094]]]}},{"type":"Feature","properties":{"v":"Garhi Harsaru","m":"25","k":"17/2","t":"Harsaru","vc":"01173","area":2250.1,"lat":28.4463686,"lng":76.9423557},"geometry":{"type":"Polygon","coordinates":[[[76.9422503,28.4462189],[76.9426951,28.4462126],[76.9427006,28.446515],[76.9420163,28.4465247],[76.942015,28.4464491],[76.9420108,28.4462223],[76.9422503,28.4462189]]]}},{"type":"Feature","properties":{"v":"Garhi Harsaru","m":"25","k":"24/1","t":"Harsaru","vc":"01173","area":1417.6,"lat":28.4459484,"lng":76.9421256},"geometry":{"type":"Polygon","coordinates":[[[76.9420009,28.445678],[76.9422404,28.4456746],[76.9422503,28.4462189],[76.9420108,28.4462223],[76.9420009,28.445678]]]}},{"type":"Feature","properties":{"v":"Garhi Harsaru","m":"25","k":"13/1","t":"Harsaru","vc":"01173","area":1212.4,"lat":28.4469077,"lng":76.9416108},"geometry":{"type":"Polygon","coordinates":[[[76.9413739,28.4469496],[76.9413707,28.4467759],[76.9417984,28.4467698],[76.9418047,28.4471175],[76.9413739,28.4469496]]]}},{"type":"Feature","properties":{"v":"Garhi Harsaru","m":"25","k":"25","t":"Harsaru","vc":"01173","area":4049.7,"lat":28.4459356,"lng":76.9430323},"geometry":{"type":"Polygon","coordinates":[[[76.9426951,28.4462126],[76.9426852,28.4456683],[76.9433694,28.4456585],[76.9433793,28.4462028],[76.9426951,28.4462126]]]}},{"type":"Feature","properties":{"v":"Garhi Harsaru","m":"25","k":"24/2","t":"Harsaru","vc":"01173","area":2632.7,"lat":28.4459436,"lng":76.9424677},"geometry":{"type":"Polygon","coordinates":[[[76.9422503,28.4462189],[76.9422404,28.4456746],[76.9426509,28.4456688],[76.9426852,28.4456683],[76.9426951,28.4462126],[76.9422503,28.4462189]]]}},{"type":"Feature","properties":{"v":"Garhi Harsaru","m":"25","k":"23","t":"Harsaru","vc":"01173","area":4050.0,"lat":28.445955,"lng":76.9416637},"geometry":{"type":"Polygon","coordinates":[[[76.9420108,28.4462223],[76.9413608,28.4462316],[76.9413266,28.4462321],[76.9413166,28.4456878],[76.9420009,28.445678],[76.9420108,28.4462223]]]}},{"type":"Feature","properties":{"v":"Garhi Harsaru","m":"25","k":"22","t":"Harsaru","vc":"01173","area":4050.1,"lat":28.4459648,"lng":76.9409795},"geometry":{"type":"Polygon","coordinates":[[[76.9413266,28.4462321],[76.940916,28.4462379],[76.9406423,28.4462418],[76.940634,28.4457882],[76.9406324,28.4456975],[76.9413166,28.4456878],[76.9413266,28.4462321]]]}},{"type":"Feature","properties":{"v":"Garhi Harsaru","m":"25","k":"21","t":"Harsaru","vc":"01173","area":759.4,"lat":28.4460921,"lng":76.9405369},"geometry":{"type":"Polygon","coordinates":[[[76.9406423,28.4462418],[76.9403344,28.4462462],[76.940634,28.4457882],[76.9406423,28.4462418]]]}},{"type":"Feature","properties":{"v":"Garhi Harsaru","m":"25","k":"20/1","t":"Harsaru","vc":"01173","area":1888.1,"lat":28.4464651,"lng":76.9404447},"geometry":{"type":"Polygon","coordinates":[[[76.9403344,28.4462462],[76.9406423,28.4462418],[76.9406511,28.4467256],[76.9401279,28.4465599],[76.9403344,28.4462462]]]}},{"type":"Feature","properties":{"v":"Garhi Harsaru","m":"25","k":"19/1","t":"Harsaru","vc":"01173","area":2845.3,"lat":28.4465547,"lng":76.9411342},"geometry":{"type":"Polygon","coordinates":[[[76.940916,28.4462379],[76.9413266,28.4462321],[76.9413365,28.4467764],[76.9413394,28.4469351],[76.9409264,28.4468094],[76.9409259,28.4467822],[76.940916,28.4462379]]]}},{"type":"Feature","properties":{"v":"Garhi Harsaru","m":"25","k":"18/1","t":"Harsaru","vc":"01173","area":2244.5,"lat":28.4466125,"lng":76.9416928},"geometry":{"type":"Polygon","coordinates":[[[76.9413649,28.4464584],[76.942015,28.4464491],[76.9420163,28.4465247],[76.9420208,28.4467666],[76.9417984,28.4467698],[76.9413707,28.4467759],[76.9413649,28.4464584]]]}},{"type":"Feature","properties":{"v":"Garhi Harsaru","m":"25","k":"16","t":"Harsaru","vc":"01173","area":4050.0,"lat":28.4464799,"lng":76.9430422},"geometry":{"type":"Polygon","coordinates":[[[76.9433793,28.4462028],[76.9433893,28.4467471],[76.942705,28.4467569],[76.9427006,28.446515],[76.9426951,28.4462126],[76.9433793,28.4462028]]]}},{"type":"Feature","properties":{"v":"Garhi Harsaru","m":"25","k":"12","t":"Harsaru","vc":"01173","area":2446.3,"lat":28.4471529,"lng":76.9409553},"geometry":{"type":"Polygon","coordinates":[[[76.9413464,28.4473207],[76.9406622,28.4473304],[76.9406538,28.4468694],[76.9413428,28.4471241],[76.9413464,28.4473207]]]}},{"type":"Feature","properties":{"v":"Garhi Harsaru","m":"25","k":"11/2","t":"Harsaru","vc":"01173","area":3831.0,"lat":28.4470494,"lng":76.9402606},"geometry":{"type":"Polygon","coordinates":[[[76.9399666,28.4467203],[76.9400467,28.4466706],[76.9405164,28.4468412],[76.940519,28.4469846],[76.9406045,28.4469834],[76.9406108,28.4473311],[76.9399779,28.4473401],[76.9399666,28.4467203]]]}},{"type":"Feature","properties":{"v":"Garhi Harsaru","m":"25","k":"10","t":"Harsaru","vc":"01173","area":3538.0,"lat":28.4476229,"lng":76.9402996},"geometry":{"type":"Polygon","coordinates":[[[76.9406114,28.4473614],[76.9406208,28.4478754],[76.9404805,28.4478774],[76.9404497,28.4478779],[76.9399878,28.4478844],[76.9399807,28.4474913],[76.9399784,28.4473704],[76.9406114,28.4473614]]]}},{"type":"Feature","properties":{"v":"Garhi Harsaru","m":"25","k":"9","t":"Harsaru","vc":"01173","area":4049.6,"lat":28.4475977,"lng":76.9410093},"geometry":{"type":"Polygon","coordinates":[[[76.9413563,28.447865],[76.9406721,28.4478747],[76.9406622,28.4473304],[76.9413464,28.4473207],[76.9413563,28.447865]]]}},{"type":"Feature","properties":{"v":"Garhi Harsaru","m":"25","k":"8/2","t":"Harsaru","vc":"01173","area":2953.5,"lat":28.4475298,"lng":76.9415473},"geometry":{"type":"Polygon","coordinates":[[[76.9413464,28.4473207],[76.9413428,28.4471241],[76.9417563,28.447277],[76.9417669,28.4478591],[76.9413563,28.447865],[76.9413464,28.4473207]]]}},{"type":"Feature","properties":{"v":"Garhi Harsaru","m":"25","k":"7/2/1","t":"Harsaru","vc":"01173","area":1811.7,"lat":28.4476475,"lng":76.9422303},"geometry":{"type":"Polygon","coordinates":[[[76.9420406,28.4478552],[76.9420319,28.4473789],[76.9424451,28.4475142],[76.9424512,28.4478494],[76.9420406,28.4478552]]]}},{"type":"Feature","properties":{"v":"Garhi Harsaru","m":"25","k":"5","t":"Harsaru","vc":"01173","area":2807.4,"lat":28.4479691,"lng":76.942927},"geometry":{"type":"Polygon","coordinates":[[[76.9427348,28.4483898],[76.9427249,28.4478455],[76.9427207,28.4476187],[76.9433181,28.447804],[76.9429326,28.4482571],[76.9428888,28.4483876],[76.9427348,28.4483898]]]}},{"type":"Feature","properties":{"v":"Garhi Harsaru","m":"25","k":"4/1","t":"Harsaru","vc":"01173","area":2506.0,"lat":28.4481467,"lng":76.9422769},"geometry":{"type":"Polygon","coordinates":[[[76.9425033,28.447894],[76.9425124,28.4483929],[76.9420505,28.4483995],[76.9420414,28.4479006],[76.942452,28.4478947],[76.9425033,28.447894]]]}},{"type":"Feature","properties":{"v":"Garhi Harsaru","m":"25","k":"3/1/1","t":"Harsaru","vc":"01173","area":3712.3,"lat":28.4481549,"lng":76.9417038},"geometry":{"type":"Polygon","coordinates":[[[76.9413663,28.4484093],[76.9413654,28.4483639],[76.9413641,28.4482883],[76.9413572,28.4479103],[76.9418362,28.4479035],[76.9420414,28.4479006],[76.9420505,28.4483995],[76.9413663,28.4484093]]]}},{"type":"Feature","properties":{"v":"Garhi Harsaru","m":"25","k":"2/2/2","t":"Harsaru","vc":"01173","area":3501.4,"lat":28.448078,"lng":76.9409779},"geometry":{"type":"Polygon","coordinates":[[[76.9406729,28.4479201],[76.9406721,28.4478747],[76.9413563,28.447865],[76.9413569,28.4478952],[76.9413572,28.4479103],[76.9413641,28.4482883],[76.9406798,28.448298],[76.9405018,28.4479225],[76.9406729,28.4479201]]]}},{"type":"Feature","properties":{"v":"Garhi Harsaru","m":"25","k":"1","t":"Harsaru","vc":"01173","area":1366.9,"lat":28.4480637,"lng":76.9401451},"geometry":{"type":"Polygon","coordinates":[[[76.9399977,28.4484287],[76.9399878,28.4478844],[76.9404497,28.4478779],[76.9399977,28.4484287]]]}},{"type":"Feature","properties":{"v":"Garhi Harsaru","m":"24","k":"10","t":"Harsaru","vc":"01173","area":919.9,"lat":28.4474099,"lng":76.9435583},"geometry":{"type":"Polygon","coordinates":[[[76.9439056,28.4472842],[76.9435819,28.4474812],[76.9435631,28.4475038],[76.9435556,28.4475129],[76.9434065,28.4476919],[76.9433992,28.4472914],[76.9439056,28.4472842]]]}},{"type":"Feature","properties":{"v":"Garhi Harsaru","m":"24","k":"12","t":"Harsaru","vc":"01173","area":1556.8,"lat":28.4468888,"lng":76.9442824},"geometry":{"type":"Polygon","coordinates":[[[76.944082,28.4471988],[76.9440735,28.4467373],[76.9446894,28.4467286],[76.9444068,28.4469508],[76.944082,28.4471988]]]}},{"type":"Feature","properties":{"v":"Garhi Harsaru","m":"24","k":"24","t":"Harsaru","vc":"01173","area":1198.5,"lat":28.445775,"lng":76.9455902},"geometry":{"type":"Polygon","coordinates":[[[76.9459182,28.4456221],[76.9454303,28.4460736],[76.9454222,28.4456292],[76.9459182,28.4456221]]]}},{"type":"Feature","properties":{"v":"Garhi Harsaru","m":"24","k":"23","t":"Harsaru","vc":"01173","area":3990.0,"lat":28.4459027,"lng":76.9450803},"geometry":{"type":"Polygon","coordinates":[[[76.9447379,28.445639],[76.945234,28.4456319],[76.9454222,28.4456292],[76.9454303,28.4460736],[76.9453209,28.4461751],[76.9447478,28.4461833],[76.9447379,28.445639]]]}},{"type":"Feature","properties":{"v":"Garhi Harsaru","m":"24","k":"22","t":"Harsaru","vc":"01173","area":4049.3,"lat":28.445916,"lng":76.9444008},"geometry":{"type":"Polygon","coordinates":[[[76.9447478,28.4461833],[76.9440636,28.446193],[76.9440537,28.4456488],[76.9447379,28.445639],[76.9447478,28.4461833]]]}},{"type":"Feature","properties":{"v":"Garhi Harsaru","m":"24","k":"21","t":"Harsaru","vc":"01173","area":4049.9,"lat":28.4459258,"lng":76.9437165},"geometry":{"type":"Polygon","coordinates":[[[76.9440636,28.446193],[76.9433793,28.4462028],[76.9433694,28.4456585],[76.9440537,28.4456488],[76.9440636,28.446193]]]}},{"type":"Feature","properties":{"v":"Garhi Harsaru","m":"24","k":"20","t":"Harsaru","vc":"01173","area":4050.0,"lat":28.44647,"lng":76.9437264},"geometry":{"type":"Polygon","coordinates":[[[76.9440735,28.4467373],[76.9433893,28.4467471],[76.9433793,28.4462028],[76.9440636,28.446193],[76.9440735,28.4467373]]]}},{"type":"Feature","properties":{"v":"Garhi Harsaru","m":"24","k":"19","t":"Harsaru","vc":"01173","area":4036.1,"lat":28.4464594,"lng":76.9444095},"geometry":{"type":"Polygon","coordinates":[[[76.9440636,28.446193],[76.9447478,28.4461833],[76.9447571,28.4466898],[76.9446894,28.4467286],[76.9440735,28.4467373],[76.9440636,28.446193]]]}},{"type":"Feature","properties":{"v":"Garhi Harsaru","m":"24","k":"11","t":"Harsaru","vc":"01173","area":3970.2,"lat":28.4470095,"lng":76.9437306},"geometry":{"type":"Polygon","coordinates":[[[76.9440735,28.4467373],[76.944082,28.4471988],[76.9439056,28.4472842],[76.9433992,28.4472914],[76.9433893,28.4467471],[76.9440735,28.4467373]]]}},{"type":"Feature","properties":{"v":"Garhi Harsaru","m":"34","k":"1/1","t":"Harsaru","vc":"01173","area":1687.6,"lat":28.4455403,"lng":76.9437095},"geometry":{"type":"Polygon","coordinates":[[[76.9433653,28.4454317],[76.9440495,28.445422],[76.9440537,28.4456488],[76.9433694,28.4456585],[76.9433653,28.4454317]]]}},{"type":"Feature","properties":{"v":"Garhi Harsaru","m":"34","k":"11","t":"Harsaru","vc":"01173","area":3375.0,"lat":28.4442951,"lng":76.9435993},"geometry":{"type":"Polygon","coordinates":[[[76.9436489,28.4440776],[76.943918,28.4443423],[76.9440318,28.4444543],[76.9440338,28.4445602],[76.9433495,28.4445699],[76.9433396,28.4440256],[76.9433359,28.4438245],[76.9433349,28.4437686],[76.9436489,28.4440776]]]}},{"type":"Feature","properties":{"v":"Garhi Harsaru","m":"34","k":"10","t":"Harsaru","vc":"01173","area":3599.9,"lat":28.4448069,"lng":76.9436961},"geometry":{"type":"Polygon","coordinates":[[[76.9433495,28.4445699],[76.9440338,28.4445602],[76.9440426,28.445044],[76.9433584,28.4450537],[76.9433495,28.4445699]]]}},{"type":"Feature","properties":{"v":"Garhi Harsaru","m":"34","k":"9","t":"Harsaru","vc":"01173","area":2082.1,"lat":28.4448452,"lng":76.9442565},"geometry":{"type":"Polygon","coordinates":[[[76.9447269,28.4450342],[76.9440426,28.445044],[76.9440338,28.4445602],[76.9440318,28.4444543],[76.9446345,28.4449867],[76.9447269,28.4450342]]]}},{"type":"Feature","properties":{"v":"Garhi Harsaru","m":"34","k":"3","t":"Harsaru","vc":"01173","area":2263.0,"lat":28.4454199,"lng":76.9449574},"geometry":{"type":"Polygon","coordinates":[[[76.9447379,28.445639],[76.944728,28.4450947],[76.9452286,28.4453372],[76.945234,28.4456319],[76.9447379,28.445639]]]}},{"type":"Feature","properties":{"v":"Garhi Harsaru","m":"34","k":"2","t":"Harsaru","vc":"01173","area":4050.2,"lat":28.4453717,"lng":76.9443908},"geometry":{"type":"Polygon","coordinates":[[[76.9440437,28.4451045],[76.944728,28.4450947],[76.9447379,28.445639],[76.9440537,28.4456488],[76.9440495,28.445422],[76.9440437,28.4451045]]]}},{"type":"Feature","properties":{"v":"Garhi Harsaru","m":"34","k":"1/2","t":"Harsaru","vc":"01173","area":2362.3,"lat":28.4452681,"lng":76.9437045},"geometry":{"type":"Polygon","coordinates":[[[76.9440437,28.4451045],[76.9440495,28.445422],[76.9433653,28.4454317],[76.9433595,28.4451142],[76.9440437,28.4451045]]]}},{"type":"Feature","properties":{"v":"Garhi Harsaru","m":"33","k":"26","t":"Harsaru","vc":"01173","area":478.1,"lat":28.4448474,"lng":76.9400862},"geometry":{"type":"Polygon","coordinates":[[[76.9401404,28.444689],[76.9402601,28.4447972],[76.9399888,28.4450054],[76.9399189,28.4449292],[76.9401404,28.444689]]]}},{"type":"Feature","properties":{"v":"Garhi Harsaru","m":"33","k":"9/2","t":"Harsaru","vc":"01173","area":123.3,"lat":28.4447207,"lng":76.9412573},"geometry":{"type":"Polygon","coordinates":[[[76.9413001,28.4447806],[76.9411751,28.4447824],[76.9412968,28.4445992],[76.9413001,28.4447806]]]}},{"type":"Feature","properties":{"v":"Garhi Harsaru","m":"33","k":"6/1","t":"Harsaru","vc":"01173","area":630.0,"lat":28.4448127,"lng":76.9432941},"geometry":{"type":"Polygon","coordinates":[[[76.9432386,28.4450554],[76.9432298,28.4445716],[76.9433495,28.4445699],[76.9433584,28.4450537],[76.9432386,28.4450554]]]}},{"type":"Feature","properties":{"v":"Garhi Harsaru","m":"33","k":"14/1","t":"Harsaru","vc":"01173","area":1822.8,"lat":28.4443151,"lng":76.94213},"geometry":{"type":"Polygon","coordinates":[[[76.941981,28.4445894],[76.9419711,28.4440451],[76.942279,28.4440407],[76.942289,28.444585],[76.941981,28.4445894]]]}},{"type":"Feature","properties":{"v":"Garhi Harsaru","m":"33","k":"13/1","t":"Harsaru","vc":"01173","area":607.3,"lat":28.4443263,"lng":76.9413431},"geometry":{"type":"Polygon","coordinates":[[[76.9412968,28.4445992],[76.9412869,28.4440549],[76.9413895,28.4440534],[76.9413994,28.4445977],[76.9412968,28.4445992]]]}},{"type":"Feature","properties":{"v":"Garhi Harsaru","m":"33","k":"22/1","t":"Harsaru","vc":"01173","area":1822.5,"lat":28.4432454,"lng":76.9407759},"geometry":{"type":"Polygon","coordinates":[[[76.9409249,28.4429711],[76.9409348,28.4435154],[76.9406269,28.4435198],[76.940617,28.4429755],[76.9409249,28.4429711]]]}},{"type":"Feature","properties":{"v":"Garhi Harsaru","m":"33","k":"13/2","t":"Harsaru","vc":"01173","area":3442.6,"lat":28.4443214,"lng":76.9416852},"geometry":{"type":"Polygon","coordinates":[[[76.9419711,28.4440451],[76.941981,28.4445894],[76.9413994,28.4445977],[76.9413895,28.4440534],[76.9415135,28.4440516],[76.9417402,28.4440484],[76.9419711,28.4440451]]]}},{"type":"Feature","properties":{"v":"Garhi Harsaru","m":"33","k":"24","t":"Harsaru","vc":"01173","area":2674.5,"lat":28.4432687,"lng":76.9422004},"geometry":{"type":"Polygon","coordinates":[[[76.9421636,28.4429535],[76.9422079,28.4429529],[76.9423568,28.4431822],[76.9426454,28.4434911],[76.9425894,28.4434919],[76.9419612,28.4435008],[76.9419513,28.4429565],[76.9421636,28.4429535]]]}},{"type":"Feature","properties":{"v":"Garhi Harsaru","m":"33","k":"23","t":"Harsaru","vc":"01173","area":4050.1,"lat":28.4432335,"lng":76.9416141},"geometry":{"type":"Polygon","coordinates":[[[76.941277,28.4435106],[76.941267,28.4429663],[76.9419513,28.4429565],[76.9419612,28.4435008],[76.941277,28.4435106]]]}},{"type":"Feature","properties":{"v":"Garhi Harsaru","m":"33","k":"22/2","t":"Harsaru","vc":"01173","area":2025.2,"lat":28.4432409,"lng":76.9411009},"geometry":{"type":"Polygon","coordinates":[[[76.941277,28.4435106],[76.9409348,28.4435154],[76.9409249,28.4429711],[76.941267,28.4429663],[76.941277,28.4435106]]]}},{"type":"Feature","properties":{"v":"Garhi Harsaru","m":"33","k":"21/2/3","t":"Harsaru","vc":"01173","area":2266.9,"lat":28.4432799,"lng":76.9403967},"geometry":{"type":"Polygon","coordinates":[[[76.9405927,28.4435203],[76.9405933,28.4435506],[76.940264,28.4435552],[76.9402077,28.4435197],[76.9401985,28.4430117],[76.9405833,28.4430063],[76.9405927,28.4435203]]]}},{"type":"Feature","properties":{"v":"Garhi Harsaru","m":"33","k":"19/1","t":"Harsaru","vc":"01173","area":1389.3,"lat":28.4436659,"lng":76.9410464},"geometry":{"type":"Polygon","coordinates":[[[76.9406275,28.4435501],[76.9412775,28.4435408],[76.9412841,28.4439037],[76.9412324,28.4438782],[76.9411809,28.4438528],[76.9411361,28.4438307],[76.9410912,28.4438086],[76.9410464,28.4437865],[76.9410016,28.4437644],[76.9409568,28.4437423],[76.9409119,28.4437202],[76.9408671,28.4436981],[76.9408223,28.443676],[76.9407774,28.443654],[76.9407326,28.4436319],[76.9406878,28.4436098],[76.940628,28.4435803],[76.9406275,28.4435501]]]}},{"type":"Feature","properties":{"v":"Garhi Harsaru","m":"33","k":"18/1","t":"Harsaru","vc":"01173","area":1290.6,"lat":28.4437898,"lng":76.941851},"geometry":{"type":"Polygon","coordinates":[[[76.9419617,28.4435311],[76.9419711,28.4440451],[76.9417402,28.4440484],[76.9417308,28.4435344],[76.9419617,28.4435311]]]}},{"type":"Feature","properties":{"v":"Garhi Harsaru","m":"33","k":"17","t":"Harsaru","vc":"01173","area":4050.0,"lat":28.4437681,"lng":76.9423083},"geometry":{"type":"Polygon","coordinates":[[[76.9425894,28.4434919],[76.9426454,28.4434911],[76.9426466,28.443558],[76.9426554,28.4440354],[76.942279,28.4440407],[76.9419711,28.4440451],[76.9419617,28.4435311],[76.9419612,28.4435008],[76.9425894,28.4434919]]]}},{"type":"Feature","properties":{"v":"Garhi Harsaru","m":"33","k":"16","t":"Harsaru","vc":"01173","area":2421.0,"lat":28.4438558,"lng":76.942962},"geometry":{"type":"Polygon","coordinates":[[[76.9433396,28.4440256],[76.9426554,28.4440354],[76.9426466,28.443558],[76.9426454,28.4434911],[76.9427222,28.443568],[76.9429963,28.4438425],[76.9430267,28.44382],[76.9431849,28.4437024],[76.943232,28.4436673],[76.9433349,28.4437686],[76.9433359,28.4438245],[76.9433396,28.4440256]]]}},{"type":"Feature","properties":{"v":"Garhi Harsaru","m":"33","k":"15","t":"Harsaru","vc":"01173","area":4049.7,"lat":28.4443026,"lng":76.9430024},"geometry":{"type":"Polygon","coordinates":[[[76.9426653,28.4445797],[76.9426554,28.4440354],[76.9433396,28.4440256],[76.9433495,28.4445699],[76.9432298,28.4445716],[76.9426653,28.4445797]]]}},{"type":"Feature","properties":{"v":"Garhi Harsaru","m":"33","k":"14/2","t":"Harsaru","vc":"01173","area":2227.6,"lat":28.4443102,"lng":76.9424722},"geometry":{"type":"Polygon","coordinates":[[[76.9426554,28.4440354],[76.9426653,28.4445797],[76.942289,28.444585],[76.942279,28.4440407],[76.9426554,28.4440354]]]}},{"type":"Feature","properties":{"v":"Garhi Harsaru","m":"33","k":"9/1","t":"Harsaru","vc":"01173","area":753.6,"lat":28.4449564,"lng":76.9411808},"geometry":{"type":"Polygon","coordinates":[[[76.9411751,28.4447824],[76.9413001,28.4447806],[76.9413056,28.445083],[76.9409722,28.4450877],[76.9411751,28.4447824]]]}},{"type":"Feature","properties":{"v":"Garhi Harsaru","m":"33","k":"8","t":"Harsaru","vc":"01173","area":3600.0,"lat":28.4448362,"lng":76.9416433},"geometry":{"type":"Polygon","coordinates":[[[76.9419899,28.4450732],[76.9413056,28.445083],[76.9413001,28.4447806],[76.9412968,28.4445992],[76.9413994,28.4445977],[76.941981,28.4445894],[76.9419899,28.4450732]]]}},{"type":"Feature","properties":{"v":"Garhi Harsaru","m":"33","k":"7","t":"Harsaru","vc":"01173","area":3600.0,"lat":28.4448264,"lng":76.9423276},"geometry":{"type":"Polygon","coordinates":[[[76.9426741,28.4450635],[76.9419899,28.4450732],[76.941981,28.4445894],[76.942289,28.444585],[76.9426653,28.4445797],[76.9426741,28.4450635]]]}},{"type":"Feature","properties":{"v":"Garhi Harsaru","m":"33","k":"6/2","t":"Harsaru","vc":"01173","area":2969.9,"lat":28.4448175,"lng":76.942952},"geometry":{"type":"Polygon","coordinates":[[[76.9426653,28.4445797],[76.9432298,28.4445716],[76.9432386,28.4450554],[76.9426741,28.4450635],[76.9426653,28.4445797]]]}},{"type":"Feature","properties":{"v":"Garhi Harsaru","m":"33","k":"5","t":"Harsaru","vc":"01173","area":4050.1,"lat":28.4453912,"lng":76.9430223},"geometry":{"type":"Polygon","coordinates":[[[76.9426752,28.445124],[76.9433595,28.4451142],[76.9433653,28.4454317],[76.9433694,28.4456585],[76.9426852,28.4456683],[76.9426752,28.445124]]]}},{"type":"Feature","properties":{"v":"Garhi Harsaru","m":"33","k":"4","t":"Harsaru","vc":"01173","area":3847.3,"lat":28.4454012,"lng":76.942321},"geometry":{"type":"Polygon","coordinates":[[[76.9420009,28.445678],[76.941991,28.4451337],[76.942641,28.4451245],[76.9426509,28.4456688],[76.9422404,28.4456746],[76.9420009,28.445678]]]}},{"type":"Feature","properties":{"v":"Garhi Harsaru","m":"33","k":"3","t":"Harsaru","vc":"01173","area":4050.4,"lat":28.4454108,"lng":76.9416538},"geometry":{"type":"Polygon","coordinates":[[[76.941991,28.4451337],[76.9420009,28.445678],[76.9413166,28.4456878],[76.9413067,28.4451435],[76.941991,28.4451337]]]}},{"type":"Feature","properties":{"v":"Garhi Harsaru","m":"33","k":"2","t":"Harsaru","vc":"01173","area":3214.4,"lat":28.4454471,"lng":76.9410323},"geometry":{"type":"Polygon","coordinates":[[[76.9413067,28.4451435],[76.9413166,28.4456878],[76.9406324,28.4456975],[76.9406316,28.4456522],[76.9409304,28.4451488],[76.9413067,28.4451435]]]}},{"type":"Feature","properties":{"v":"Garhi Harsaru","m":"31","k":"12/3","t":"Harsaru","vc":"01173","area":449.4,"lat":28.4441872,"lng":76.9341029},"geometry":{"type":"Polygon","coordinates":[[[76.9337613,28.4442223],[76.9337602,28.4441619],[76.9344444,28.4441522],[76.9344455,28.4442126],[76.9337613,28.4442223]]]}},{"type":"Feature","properties":{"v":"Garhi Harsaru","m":"31","k":"12/1","t":"Harsaru","vc":"01173","area":337.4,"lat":28.4446333,"lng":76.9341111},"geometry":{"type":"Polygon","coordinates":[[[76.9337693,28.4446608],[76.9337684,28.4446155],[76.9344527,28.4446057],[76.9344535,28.4446511],[76.9337693,28.4446608]]]}},{"type":"Feature","properties":{"v":"Garhi Harsaru","m":"31","k":"11/3","t":"Harsaru","vc":"01173","area":590.4,"lat":28.4443895,"lng":76.9337045},"geometry":{"type":"Polygon","coordinates":[[[76.9336487,28.4446171],[76.9336405,28.4441636],[76.9337602,28.4441619],[76.9337613,28.4442223],[76.9337684,28.4446155],[76.9336487,28.4446171]]]}},{"type":"Feature","properties":{"v":"Garhi Harsaru","m":"31","k":"11/2","t":"Harsaru","vc":"01173","area":59.1,"lat":28.444639,"lng":76.933709},"geometry":{"type":"Polygon","coordinates":[[[76.9336495,28.4446625],[76.9336487,28.4446171],[76.9337684,28.4446155],[76.9337693,28.4446608],[76.9336495,28.4446625]]]}},{"type":"Feature","properties":{"v":"Garhi Harsaru","m":"31","k":"19/1","t":"Harsaru","vc":"01173","area":900.4,"lat":28.4440965,"lng":76.9341012},"geometry":{"type":"Polygon","coordinates":[[[76.9341857,28.4440348],[76.9344422,28.4440312],[76.9344444,28.4441522],[76.9337602,28.4441619],[76.933758,28.4440409],[76.9341857,28.4440348]]]}},{"type":"Feature","properties":{"v":"Garhi Harsaru","m":"31","k":"19/2","t":"Harsaru","vc":"01173","area":1204.7,"lat":28.4438136,"lng":76.9343192},"geometry":{"type":"Polygon","coordinates":[[[76.9344422,28.4440312],[76.9341857,28.4440348],[76.9341795,28.4436962],[76.9344327,28.4435063],[76.9344346,28.4436079],[76.9344422,28.4440312]]]}},{"type":"Feature","properties":{"v":"Garhi Harsaru","m":"31","k":"18/2","t":"Harsaru","vc":"01173","area":1114.0,"lat":28.4436857,"lng":76.9348124},"geometry":{"type":"Polygon","coordinates":[[[76.934506,28.4437732],[76.934503,28.4436069],[76.9351188,28.4435981],[76.9351218,28.4437645],[76.934506,28.4437732]]]}},{"type":"Feature","properties":{"v":"Garhi Harsaru","m":"31","k":"25/3","t":"Harsaru","vc":"01173","area":481.0,"lat":28.4431012,"lng":76.9363147},"geometry":{"type":"Polygon","coordinates":[[[76.9364774,28.4430344],[76.9364799,28.4431705],[76.9362062,28.4431744],[76.936101,28.4430398],[76.9364774,28.4430344]]]}},{"type":"Feature","properties":{"v":"Garhi Harsaru","m":"31","k":"25/1","t":"Harsaru","vc":"01173","area":427.6,"lat":28.4434493,"lng":76.9358818},"geometry":{"type":"Polygon","coordinates":[[[76.936042,28.4435548],[76.9358025,28.4435582],[76.9357973,28.4432709],[76.9358315,28.4432704],[76.936042,28.4435548]]]}},{"type":"Feature","properties":{"v":"Garhi Harsaru","m":"31","k":"24/2","t":"Harsaru","vc":"01173","area":531.6,"lat":28.4434307,"lng":76.9357232},"geometry":{"type":"Polygon","coordinates":[[[76.9356433,28.4432731],[76.9357973,28.4432709],[76.9358025,28.4435582],[76.935803,28.4435884],[76.9356491,28.4435906],[76.9356433,28.4432731]]]}},{"type":"Feature","properties":{"v":"Garhi Harsaru","m":"31","k":"13","t":"Harsaru","vc":"01173","area":2794.4,"lat":28.4444723,"lng":76.9347867},"geometry":{"type":"Polygon","coordinates":[[[76.9347989,28.4442667],[76.9351339,28.4444297],[76.9351386,28.4446867],[76.9345228,28.4446955],[76.9345129,28.4441512],[76.9346839,28.4441488],[76.9346515,28.4441839],[76.9347989,28.4442667]]]}},{"type":"Feature","properties":{"v":"Garhi Harsaru","m":"31","k":"24/1","t":"Harsaru","vc":"01173","area":3138.8,"lat":28.4433222,"lng":76.935379},"geometry":{"type":"Polygon","coordinates":[[[76.9351188,28.4435981],[76.9351089,28.4430538],[76.9356392,28.4430463],[76.9356433,28.4432731],[76.9356491,28.4435906],[76.9351188,28.4435981]]]}},{"type":"Feature","properties":{"v":"Garhi Harsaru","m":"31","k":"23","t":"Harsaru","vc":"01173","area":3117.3,"lat":28.4433437,"lng":76.9348461},"geometry":{"type":"Polygon","coordinates":[[[76.9351089,28.4430538],[76.9351188,28.4435981],[76.934503,28.4436069],[76.9345002,28.4434557],[76.934702,28.4433038],[76.9345615,28.4430616],[76.9351089,28.4430538]]]}},{"type":"Feature","properties":{"v":"Garhi Harsaru","m":"31","k":"21","t":"Harsaru","vc":"01173","area":3846.4,"lat":28.4433861,"lng":76.9334036},"geometry":{"type":"Polygon","coordinates":[[[76.9337503,28.4436176],[76.9330661,28.4436273],[76.9330562,28.443083],[76.9334492,28.4430774],[76.9339727,28.4436144],[76.9337503,28.4436176]]]}},{"type":"Feature","properties":{"v":"Garhi Harsaru","m":"31","k":"20","t":"Harsaru","vc":"01173","area":4049.8,"lat":28.4438946,"lng":76.9334132},"geometry":{"type":"Polygon","coordinates":[[[76.9337503,28.4436176],[76.933758,28.4440409],[76.9337602,28.4441619],[76.9336405,28.4441636],[76.933076,28.4441716],[76.9330661,28.4436273],[76.9337503,28.4436176]]]}},{"type":"Feature","properties":{"v":"Garhi Harsaru","m":"31","k":"19/3","t":"Harsaru","vc":"01173","area":1761.3,"lat":28.4438449,"lng":76.9339533},"geometry":{"type":"Polygon","coordinates":[[[76.9337503,28.4436176],[76.9339727,28.4436144],[76.9340827,28.4437584],[76.9341795,28.4436962],[76.9341857,28.4440348],[76.933758,28.4440409],[76.9337503,28.4436176]]]}},{"type":"Feature","properties":{"v":"Garhi Harsaru","m":"31","k":"18/1","t":"Harsaru","vc":"01173","area":1617.2,"lat":28.4439235,"lng":76.9347265},"geometry":{"type":"Polygon","coordinates":[[[76.9351218,28.4437645],[76.9347811,28.4440635],[76.9346839,28.4441488],[76.9345129,28.4441512],[76.934506,28.4437732],[76.9351218,28.4437645]]]}},{"type":"Feature","properties":{"v":"Garhi Harsaru","m":"31","k":"17","t":"Harsaru","vc":"01173","area":1782.0,"lat":28.4437312,"lng":76.9355369},"geometry":{"type":"Polygon","coordinates":[[[76.9351188,28.4435981],[76.9356491,28.4435906],[76.935803,28.4435884],[76.9358083,28.4438757],[76.9358105,28.4439967],[76.9356393,28.4438598],[76.9355442,28.4439358],[76.9352305,28.443668],[76.9351218,28.4437645],[76.9351188,28.4435981]]]}},{"type":"Feature","properties":{"v":"Garhi Harsaru","m":"31","k":"14","t":"Harsaru","vc":"01173","area":1810.2,"lat":28.4444917,"lng":76.9354837},"geometry":{"type":"Polygon","coordinates":[[[76.9351411,28.4448228],[76.9351386,28.4446867],[76.9351339,28.4444297],[76.9354051,28.4445587],[76.9358118,28.4440722],[76.9358129,28.4441327],[76.9358184,28.4444351],[76.9351411,28.4448228]]]}},{"type":"Feature","properties":{"v":"Garhi Harsaru","m":"31","k":"12/2","t":"Harsaru","vc":"01173","area":2925.4,"lat":28.444414,"lng":76.934107},"geometry":{"type":"Polygon","coordinates":[[[76.9337684,28.4446155],[76.9337613,28.4442223],[76.9344455,28.4442126],[76.9344527,28.4446057],[76.9337684,28.4446155]]]}},{"type":"Feature","properties":{"v":"Garhi Harsaru","m":"31","k":"11/1","t":"Harsaru","vc":"01173","area":3062.6,"lat":28.4444171,"lng":76.9333628},"geometry":{"type":"Polygon","coordinates":[[[76.9336487,28.4446171],[76.9336495,28.4446625],[76.933085,28.4446705],[76.933076,28.4441716],[76.9336405,28.4441636],[76.9336487,28.4446171]]]}},{"type":"Feature","properties":{"v":"Garhi Harsaru","m":"31","k":"10","t":"Harsaru","vc":"01173","area":4050.2,"lat":28.4449832,"lng":76.9334329},"geometry":{"type":"Polygon","coordinates":[[[76.93378,28.4452505],[76.9330957,28.4452602],[76.9330929,28.4451035],[76.9330902,28.4449558],[76.9330858,28.4447159],[76.9337701,28.4447062],[76.93378,28.4452505]]]}},{"type":"Feature","properties":{"v":"Garhi Harsaru","m":"31","k":"9","t":"Harsaru","vc":"01173","area":4049.6,"lat":28.4449735,"lng":76.9341171},"geometry":{"type":"Polygon","coordinates":[[[76.9337701,28.4447062],[76.9344543,28.4446965],[76.9344642,28.4452408],[76.9342555,28.4452437],[76.93378,28.4452505],[76.9337701,28.4447062]]]}},{"type":"Feature","properties":{"v":"Garhi Harsaru","m":"31","k":"8","t":"Harsaru","vc":"01173","area":2430.3,"lat":28.4448884,"lng":76.9347829},"geometry":{"type":"Polygon","coordinates":[[[76.9345326,28.4452398],[76.9345228,28.4446955],[76.9351386,28.4446867],[76.9351411,28.4448228],[76.9351419,28.4448682],[76.9345326,28.4452398]]]}},{"type":"Feature","properties":{"v":"Garhi Harsaru","m":"31","k":"26","t":"Harsaru","vc":"01173","area":843.8,"lat":28.4456199,"lng":76.9354549},"geometry":{"type":"Polygon","coordinates":[[[76.9353239,28.4454705],[76.9355805,28.4454669],[76.935586,28.4457693],[76.9353294,28.4457729],[76.9353239,28.4454705]]]}},{"type":"Feature","properties":{"v":"Garhi Harsaru","m":"31","k":"2","t":"Harsaru","vc":"01173","area":723.1,"lat":28.4453415,"lng":76.9339402},"geometry":{"type":"Polygon","coordinates":[[[76.9342555,28.4452437],[76.9337851,28.4455302],[76.93378,28.4452505],[76.9342555,28.4452437]]]}},{"type":"Feature","properties":{"v":"Garhi Harsaru","m":"31","k":"1","t":"Harsaru","vc":"01173","area":3596.5,"lat":28.4454981,"lng":76.9334333},"geometry":{"type":"Polygon","coordinates":[[[76.9336009,28.4457521],[76.9331048,28.4457591],[76.9330957,28.4452602],[76.93378,28.4452505],[76.9337851,28.4455302],[76.933787,28.445636],[76.9336009,28.4457521]]]}},{"type":"Feature","properties":{"v":"Garhi Harsaru","m":"31","k":"25/2","t":"Harsaru","vc":"01173","area":404.9,"lat":28.4432625,"lng":76.9363903},"geometry":{"type":"Polygon","coordinates":[[[76.9362062,28.4431744],[76.9364799,28.4431705],[76.9364848,28.4434426],[76.9362062,28.4431744]]]}},{"type":"Feature","properties":{"v":"Garhi Harsaru","m":"32","k":"23/1","t":"Harsaru","vc":"01173","area":547.8,"lat":28.4430995,"lng":76.9379788},"geometry":{"type":"Polygon","coordinates":[[[76.9378502,28.4432561],[76.9378459,28.443015],[76.938164,28.4430104],[76.9381654,28.443086],[76.9378502,28.4432561]]]}},{"type":"Feature","properties":{"v":"Garhi Harsaru","m":"32","k":"23/2","t":"Harsaru","vc":"01173","area":81.6,"lat":28.4430347,"lng":76.9382306},"geometry":{"type":"Polygon","coordinates":[[[76.9383625,28.4430076],[76.9381654,28.443086],[76.938164,28.4430104],[76.9383625,28.4430076]]]}},{"type":"Feature","properties":{"v":"Garhi Harsaru","m":"32","k":"25/1","t":"Harsaru","vc":"01173","area":930.9,"lat":28.4430799,"lng":76.9393017},"geometry":{"type":"Polygon","coordinates":[[[76.9395269,28.4432481],[76.938856,28.4430006],[76.9392143,28.4429955],[76.9395222,28.4429911],[76.9395269,28.4432481]]]}},{"type":"Feature","properties":{"v":"Garhi Harsaru","m":"32","k":"25/2/2","t":"Harsaru","vc":"01173","area":1050.9,"lat":28.4431767,"lng":76.9397574},"geometry":{"type":"Polygon","coordinates":[[[76.9398991,28.443016],[76.9399059,28.4433867],[76.9395959,28.4432774],[76.9395912,28.4430204],[76.9398991,28.443016]]]}},{"type":"Feature","properties":{"v":"Garhi Harsaru","m":"32","k":"22","t":"Harsaru","vc":"01173","area":3090.7,"lat":28.4432404,"lng":76.9374599},"geometry":{"type":"Polygon","coordinates":[[[76.9371723,28.4436143],[76.9371715,28.443569],[76.937169,28.4434329],[76.9371616,28.4430247],[76.937709,28.4430169],[76.9378459,28.443015],[76.9378502,28.4432561],[76.9371723,28.4436143]]]}},{"type":"Feature","properties":{"v":"Garhi Harsaru","m":"32","k":"21","t":"Harsaru","vc":"01173","area":3037.1,"lat":28.4432337,"lng":76.9368232},"geometry":{"type":"Polygon","coordinates":[[[76.9364774,28.4430344],[76.9371616,28.4430247],[76.937169,28.4434329],[76.9364848,28.4434426],[76.9364799,28.4431705],[76.9364774,28.4430344]]]}},{"type":"Feature","properties":{"v":"Garhi Harsaru","m":"37","k":"7","t":"Harsaru","vc":"01173","area":1316.2,"lat":28.4420708,"lng":76.9355208},"geometry":{"type":"Polygon","coordinates":[[[76.9357734,28.4419555],[76.9357778,28.4421974],[76.935393,28.4422029],[76.9351575,28.4419643],[76.9353115,28.4419621],[76.9354654,28.4419599],[76.9357734,28.4419555]]]}},{"type":"Feature","properties":{"v":"Garhi Harsaru","m":"37","k":"1/2","t":"Harsaru","vc":"01173","area":716.0,"lat":28.4429025,"lng":76.9331768},"geometry":{"type":"Polygon","coordinates":[[[76.9334232,28.4430173],[76.9330551,28.4430225],[76.9330504,28.4427655],[76.9330493,28.442705],[76.9330794,28.4426905],[76.9334232,28.4430173]]]}},{"type":"Feature","properties":{"v":"Garhi Harsaru","m":"37","k":"1/1","t":"Harsaru","vc":"01173","area":250.3,"lat":28.4430504,"lng":76.933246},"geometry":{"type":"Polygon","coordinates":[[[76.9334232,28.4430173],[76.9334492,28.4430774],[76.9330562,28.443083],[76.9330551,28.4430225],[76.9334232,28.4430173]]]}},{"type":"Feature","properties":{"v":"Garhi Harsaru","m":"37","k":"25","t":"Harsaru","vc":"01173","area":1818.8,"lat":28.440738,"lng":76.9360966},"geometry":{"type":"Polygon","coordinates":[[[76.9357536,28.4408669],[76.9356851,28.4408679],[76.9356509,28.4408684],[76.9360305,28.4405303],[76.9364345,28.4406758],[76.9364378,28.4408572],[76.9357536,28.4408669]]]}},{"type":"Feature","properties":{"v":"Garhi Harsaru","m":"37","k":"20","t":"Harsaru","vc":"01173","area":3109.4,"lat":28.441214,"lng":76.9333024},"geometry":{"type":"Polygon","coordinates":[[[76.9337108,28.4414404],[76.9330265,28.4414501],[76.9330183,28.4409965],[76.9330167,28.4409058],[76.9332904,28.4409019],[76.9334989,28.4411101],[76.9336065,28.4412175],[76.9337085,28.4413122],[76.9337108,28.4414404]]]}},{"type":"Feature","properties":{"v":"Garhi Harsaru","m":"37","k":"17/2/1/1/3/2","t":"Harsaru","vc":"01173","area":1025.6,"lat":28.4412716,"lng":76.9355307},"geometry":{"type":"Polygon","coordinates":[[[76.9354556,28.4414156],[76.9352845,28.441418],[76.9352734,28.4413805],[76.9354096,28.4412658],[76.9355458,28.441151],[76.9354147,28.4410674],[76.9354949,28.4409998],[76.9355627,28.4411135],[76.9356896,28.4411144],[76.935695,28.4414122],[76.9354556,28.4414156]]]}},{"type":"Feature","properties":{"v":"Garhi Harsaru","m":"37","k":"16","t":"Harsaru","vc":"01173","area":4049.9,"lat":28.4411342,"lng":76.9361007},"geometry":{"type":"Polygon","coordinates":[[[76.9357536,28.4408669],[76.9364378,28.4408572],[76.9364477,28.4414015],[76.9357635,28.4414112],[76.9357536,28.4408669]]]}},{"type":"Feature","properties":{"v":"Garhi Harsaru","m":"37","k":"15/2","t":"Harsaru","vc":"01173","area":2812.6,"lat":28.4415954,"lng":76.936109},"geometry":{"type":"Polygon","coordinates":[[[76.9364477,28.4414015],[76.9364529,28.4416888],[76.9364546,28.4417795],[76.9357703,28.4417892],[76.9357635,28.4414112],[76.9364477,28.4414015]]]}},{"type":"Feature","properties":{"v":"Garhi Harsaru","m":"37","k":"14","t":"Harsaru","vc":"01173","area":1822.5,"lat":28.4416856,"lng":76.9356145},"geometry":{"type":"Polygon","coordinates":[[[76.9357734,28.4419555],[76.9354654,28.4419599],[76.9354556,28.4414156],[76.935695,28.4414122],[76.9357635,28.4414112],[76.9357703,28.4417892],[76.9357734,28.4419555]]]}},{"type":"Feature","properties":{"v":"Garhi Harsaru","m":"37","k":"12","t":"Harsaru","vc":"01173","area":1181.7,"lat":28.4416396,"lng":76.9338328},"geometry":{"type":"Polygon","coordinates":[[[76.9337108,28.4414404],[76.9337085,28.4413122],[76.9340704,28.4416825],[76.9337196,28.4419242],[76.9337108,28.4414404]]]}},{"type":"Feature","properties":{"v":"Garhi Harsaru","m":"37","k":"11","t":"Harsaru","vc":"01173","area":4016.5,"lat":28.4417153,"lng":76.933371},"geometry":{"type":"Polygon","coordinates":[[[76.9337108,28.4414404],[76.9337196,28.4419242],[76.933618,28.4419861],[76.9330364,28.4419944],[76.9330265,28.4414501],[76.9337108,28.4414404]]]}},{"type":"Feature","properties":{"v":"Garhi Harsaru","m":"37","k":"10","t":"Harsaru","vc":"01173","area":1147.3,"lat":28.4421126,"lng":76.9332325},"geometry":{"type":"Polygon","coordinates":[[[76.9330364,28.4419944],[76.933618,28.4419861],[76.933043,28.4423572],[76.9330364,28.4419944]]]}},{"type":"Feature","properties":{"v":"Garhi Harsaru","m":"37","k":"9","t":"Harsaru","vc":"01173","area":2254.2,"lat":28.4422371,"lng":76.9342221},"geometry":{"type":"Polygon","coordinates":[[[76.9344148,28.4425193],[76.9341645,28.4425228],[76.9338982,28.44218],[76.9344031,28.4418768],[76.9344049,28.441975],[76.9344148,28.4425193]]]}},{"type":"Feature","properties":{"v":"Garhi Harsaru","m":"37","k":"8","t":"Harsaru","vc":"01173","area":3564.8,"lat":28.4422411,"lng":76.9346778},"geometry":{"type":"Polygon","coordinates":[[[76.9344148,28.4425193],[76.9344049,28.441975],[76.9344031,28.4418768],[76.9345411,28.4417821],[76.9351845,28.4425083],[76.935099,28.4425095],[76.9344148,28.4425193]]]}},{"type":"Feature","properties":{"v":"Garhi Harsaru","m":"37","k":"27/2/1","t":"Harsaru","vc":"01173","area":748.0,"lat":28.4423707,"lng":76.9357176},"geometry":{"type":"Polygon","coordinates":[[[76.9356512,28.4423278],[76.9356497,28.4422446],[76.9358641,28.4422416],[76.9358685,28.4424835],[76.9356088,28.4424853],[76.9354788,28.4423302],[76.9356512,28.4423278]]]}},{"type":"Feature","properties":{"v":"Garhi Harsaru","m":"37","k":"6/1","t":"Harsaru","vc":"01173","area":3049.1,"lat":28.4422463,"lng":76.936197},"geometry":{"type":"Polygon","coordinates":[[[76.9364576,28.4419458],[76.9364675,28.4424901],[76.9358688,28.4424986],[76.9358685,28.4424835],[76.9358641,28.4422416],[76.9358633,28.4421962],[76.9360514,28.4421935],[76.936047,28.4419516],[76.9364576,28.4419458]]]}},{"type":"Feature","properties":{"v":"Garhi Harsaru","m":"37","k":"5/1","t":"Harsaru","vc":"01173","area":333.5,"lat":28.4429981,"lng":76.9362878},"geometry":{"type":"Polygon","coordinates":[[[76.936101,28.4430398],[76.9360472,28.442981],[76.9364757,28.4429437],[76.9364774,28.4430344],[76.936101,28.4430398]]]}},{"type":"Feature","properties":{"v":"Garhi Harsaru","m":"37","k":"4","t":"Harsaru","vc":"01173","area":1822.5,"lat":28.4428446,"lng":76.9352859},"geometry":{"type":"Polygon","coordinates":[[[76.9356392,28.4430463],[76.9351089,28.4430538],[76.935099,28.4425095],[76.9351845,28.4425083],[76.9356392,28.4430463]]]}},{"type":"Feature","properties":{"v":"Garhi Harsaru","m":"37","k":"3","t":"Harsaru","vc":"01173","area":4385.5,"lat":28.4427634,"lng":76.9347246},"geometry":{"type":"Polygon","coordinates":[[[76.935099,28.4425095],[76.9351089,28.4430538],[76.9345615,28.4430616],[76.9341645,28.4425228],[76.9344148,28.4425193],[76.935099,28.4425095]]]}},{"type":"Feature","properties":{"v":"Garhi Harsaru","m":"36","k":"5/1","t":"Harsaru","vc":"01173","area":1822.5,"lat":28.4427211,"lng":76.9393633},"geometry":{"type":"Polygon","coordinates":[[[76.9392044,28.4424512],[76.9395123,28.4424468],[76.9395222,28.4429911],[76.9392143,28.4429955],[76.9392044,28.4424512]]]}},{"type":"Feature","properties":{"v":"Garhi Harsaru","m":"36","k":"26","t":"Harsaru","vc":"01173","area":632.7,"lat":28.4424279,"lng":76.9381859},"geometry":{"type":"Polygon","coordinates":[[[76.9383163,28.4425394],[76.9380597,28.4425431],[76.9380583,28.4424675],[76.9380556,28.4423163],[76.9383122,28.4423127],[76.9383149,28.4424638],[76.9383163,28.4425394]]]}},{"type":"Feature","properties":{"v":"Garhi Harsaru","m":"36","k":"7/1/1","t":"Harsaru","vc":"01173","area":337.8,"lat":28.4424334,"lng":76.9388619},"geometry":{"type":"Polygon","coordinates":[[[76.9392036,28.4424058],[76.9392044,28.4424512],[76.9385715,28.4424602],[76.9385202,28.4424609],[76.9385194,28.4424156],[76.9385707,28.4424148],[76.9392036,28.4424058]]]}},{"type":"Feature","properties":{"v":"Garhi Harsaru","m":"36","k":"17/2","t":"Harsaru","vc":"01173","area":203.8,"lat":28.4408832,"lng":76.9385858},"geometry":{"type":"Polygon","coordinates":[[[76.9384905,28.440828],[76.9386615,28.4408256],[76.9386641,28.4409691],[76.9384918,28.4409036],[76.9384905,28.440828]]]}},{"type":"Feature","properties":{"v":"Garhi Harsaru","m":"36","k":"24/1","t":"Harsaru","vc":"01173","area":857.9,"lat":28.4405946,"lng":76.9385676},"geometry":{"type":"Polygon","coordinates":[[[76.9384905,28.440828],[76.9384808,28.4402988],[76.9386544,28.4404325],[76.9386615,28.4408256],[76.9384905,28.440828]]]}},{"type":"Feature","properties":{"v":"Garhi Harsaru","m":"36","k":"13","t":"Harsaru","vc":"01173","area":4781.7,"lat":28.4415952,"lng":76.9381367},"geometry":{"type":"Polygon","coordinates":[[[76.9385103,28.4419166],[76.937826,28.4419264],[76.9378161,28.4413821],[76.9378117,28.4411401],[76.9383923,28.4413739],[76.9385012,28.4414177],[76.9385103,28.4419166]]]}},{"type":"Feature","properties":{"v":"Garhi Harsaru","m":"36","k":"24/2","t":"Harsaru","vc":"01173","area":1350.0,"lat":28.440686,"lng":76.9388622},"geometry":{"type":"Polygon","coordinates":[[[76.9386544,28.4404325],[76.9388126,28.4405225],[76.939173,28.4407276],[76.9391747,28.4408183],[76.9386615,28.4408256],[76.9386544,28.4404325]]]}},{"type":"Feature","properties":{"v":"Garhi Harsaru","m":"36","k":"23","t":"Harsaru","vc":"01173","area":3576.1,"lat":28.4405354,"lng":76.9381758},"geometry":{"type":"Polygon","coordinates":[[[76.9384905,28.440828],[76.9384918,28.4409036],[76.9378025,28.4406352],[76.9377963,28.4402935],[76.9384292,28.4402845],[76.9384612,28.440284],[76.9384808,28.4402988],[76.9384905,28.440828]]]}},{"type":"Feature","properties":{"v":"Garhi Harsaru","m":"36","k":"22","t":"Harsaru","vc":"01173","area":1574.6,"lat":28.4404114,"lng":76.9375159},"geometry":{"type":"Polygon","coordinates":[[[76.9377963,28.4402935],[76.9378025,28.4406352],[76.9369488,28.4403055],[76.9371121,28.4403032],[76.9377963,28.4402935]]]}},{"type":"Feature","properties":{"v":"Garhi Harsaru","m":"36","k":"20","t":"Harsaru","vc":"01173","area":4499.7,"lat":28.4410906,"lng":76.9367614},"geometry":{"type":"Polygon","coordinates":[[[76.9364477,28.4414015],[76.9364378,28.4408572],[76.9364345,28.4406758],[76.9371231,28.440908],[76.9371319,28.4413918],[76.9364477,28.4414015]]]}},{"type":"Feature","properties":{"v":"Garhi Harsaru","m":"36","k":"19","t":"Harsaru","vc":"01173","area":2700.2,"lat":28.4411993,"lng":76.9374326},"geometry":{"type":"Polygon","coordinates":[[[76.9378117,28.4411401],[76.9378161,28.4413821],[76.9371319,28.4413918],[76.9371231,28.440908],[76.9378117,28.4411401]]]}},{"type":"Feature","properties":{"v":"Garhi Harsaru","m":"36","k":"17/1","t":"Harsaru","vc":"01173","area":1413.1,"lat":28.4409559,"lng":76.9389576},"geometry":{"type":"Polygon","coordinates":[[[76.9391813,28.4411812],[76.9386641,28.4409691],[76.9386615,28.4408256],[76.9391747,28.4408183],[76.9391813,28.4411812]]]}},{"type":"Feature","properties":{"v":"Garhi Harsaru","m":"36","k":"16","t":"Harsaru","vc":"01173","area":2795.1,"lat":28.4410896,"lng":76.9394982},"geometry":{"type":"Polygon","coordinates":[[[76.9391813,28.4411812],[76.9391747,28.4408183],[76.939173,28.4407276],[76.9397616,28.4410413],[76.9398641,28.4410959],[76.9398688,28.4413529],[76.9398696,28.4413937],[76.9391813,28.4411812]]]}},{"type":"Feature","properties":{"v":"Garhi Harsaru","m":"36","k":"14/2","t":"Harsaru","vc":"01173","area":2677.3,"lat":28.441714,"lng":76.9388444},"geometry":{"type":"Polygon","coordinates":[[[76.9391945,28.4419069],[76.9385616,28.4419159],[76.9385411,28.4414307],[76.9391893,28.4416196],[76.9391945,28.4419069]]]}},{"type":"Feature","properties":{"v":"Garhi Harsaru","m":"36","k":"12","t":"Harsaru","vc":"01173","area":4050.0,"lat":28.4416591,"lng":76.9374789},"geometry":{"type":"Polygon","coordinates":[[[76.937826,28.4419264],[76.9371418,28.4419361],[76.9371404,28.4418605],[76.9371371,28.4416791],[76.9371319,28.4413918],[76.9378161,28.4413821],[76.937826,28.4419264]]]}},{"type":"Feature","properties":{"v":"Garhi Harsaru","m":"36","k":"11/1/1","t":"Harsaru","vc":"01173","area":562.5,"lat":28.4419031,"lng":76.936799},"geometry":{"type":"Polygon","coordinates":[[[76.9371418,28.4419361],[76.9364576,28.4419458],[76.9364562,28.4418702],[76.9371404,28.4418605],[76.9371418,28.4419361]]]}},{"type":"Feature","properties":{"v":"Garhi Harsaru","m":"36","k":"10","t":"Harsaru","vc":"01173","area":4049.9,"lat":28.4422131,"lng":76.9368046},"geometry":{"type":"Polygon","coordinates":[[[76.9371517,28.4424804],[76.9364675,28.4424901],[76.9364576,28.4419458],[76.9371418,28.4419361],[76.9371517,28.4424804]]]}},{"type":"Feature","properties":{"v":"Garhi Harsaru","m":"36","k":"9","t":"Harsaru","vc":"01173","area":4049.7,"lat":28.4422034,"lng":76.9374888},"geometry":{"type":"Polygon","coordinates":[[[76.9371418,28.4419361],[76.937826,28.4419264],[76.9378359,28.4424707],[76.9376991,28.4424726],[76.9371517,28.4424804],[76.9371418,28.4419361]]]}},{"type":"Feature","properties":{"v":"Garhi Harsaru","m":"36","k":"8","t":"Harsaru","vc":"01173","area":3628.6,"lat":28.4421708,"lng":76.9381717},"geometry":{"type":"Polygon","coordinates":[[[76.9385103,28.4419166],[76.9385194,28.4424156],[76.9385202,28.4424609],[76.9383149,28.4424638],[76.9383122,28.4423127],[76.9380556,28.4423163],[76.9380583,28.4424675],[76.9378359,28.4424707],[76.937826,28.4419264],[76.9385103,28.4419166]]]}},{"type":"Feature","properties":{"v":"Garhi Harsaru","m":"36","k":"7/2/2/1","t":"Harsaru","vc":"01173","area":3433.8,"lat":28.4421609,"lng":76.9388826},"geometry":{"type":"Polygon","coordinates":[[[76.9391945,28.4419069],[76.9392036,28.4424058],[76.9385707,28.4424148],[76.9385616,28.4419159],[76.9391945,28.4419069]]]}},{"type":"Feature","properties":{"v":"Garhi Harsaru","m":"36","k":"6/1","t":"Harsaru","vc":"01173","area":2461.2,"lat":28.4421415,"lng":76.9396859},"geometry":{"type":"Polygon","coordinates":[[[76.9398878,28.4423961],[76.9398886,28.4424415],[76.9395807,28.4424458],[76.9395123,28.4424468],[76.9395024,28.4419025],[76.9394998,28.4417581],[76.9398136,28.4418981],[76.9398793,28.4419274],[76.9398878,28.4423961]]]}},{"type":"Feature","properties":{"v":"Garhi Harsaru","m":"36","k":"5/2/2","t":"Harsaru","vc":"01173","area":1822.5,"lat":28.4427158,"lng":76.9397397},"geometry":{"type":"Polygon","coordinates":[[[76.9398986,28.4429858],[76.9395907,28.4429901],[76.9395807,28.4424458],[76.9398886,28.4424415],[76.9398897,28.4425019],[76.9398917,28.4426078],[76.9398947,28.4427741],[76.9398986,28.4429858]]]}},{"type":"Feature","properties":{"v":"Garhi Harsaru","m":"36","k":"4/2","t":"Harsaru","vc":"01173","area":3492.7,"lat":28.442712,"lng":76.9389089},"geometry":{"type":"Polygon","coordinates":[[[76.9392044,28.4424512],[76.9392143,28.4429955],[76.938856,28.4430006],[76.9385783,28.4428347],[76.9385715,28.4424602],[76.9392044,28.4424512]]]}},{"type":"Feature","properties":{"v":"Garhi Harsaru","m":"36","k":"3/1","t":"Harsaru","vc":"01173","area":3467.8,"lat":28.4427341,"lng":76.9381551},"geometry":{"type":"Polygon","coordinates":[[[76.9383149,28.4424638],[76.9385202,28.4424609],[76.9385265,28.4428087],[76.9383466,28.4428112],[76.9383625,28.4430076],[76.938164,28.4430104],[76.9378459,28.443015],[76.9378359,28.4424707],[76.9380583,28.4424675],[76.9380597,28.4425431],[76.9383163,28.4425394],[76.9383149,28.4424638]]]}},{"type":"Feature","properties":{"v":"Garhi Harsaru","m":"36","k":"2/1","t":"Harsaru","vc":"01173","area":3240.1,"lat":28.4427486,"lng":76.9374303},"geometry":{"type":"Polygon","coordinates":[[[76.9376991,28.4424726],[76.937709,28.4430169],[76.9371616,28.4430247],[76.9371517,28.4424804],[76.9376991,28.4424726]]]}},{"type":"Feature","properties":{"v":"Garhi Harsaru","m":"36","k":"1","t":"Harsaru","vc":"01173","area":4050.1,"lat":28.4427574,"lng":76.9368145},"geometry":{"type":"Polygon","coordinates":[[[76.9371517,28.4424804],[76.9371616,28.4430247],[76.9364774,28.4430344],[76.9364757,28.4429437],[76.9364724,28.4427623],[76.9364708,28.4426715],[76.9364691,28.4425808],[76.9364675,28.4424901],[76.9371517,28.4424804]]]}},{"type":"Feature","properties":{"v":"Garhi Harsaru","m":"35","k":"1/1/3","t":"Harsaru","vc":"01173","area":1033.6,"lat":28.442873,"lng":76.9403563},"geometry":{"type":"Polygon","coordinates":[[[76.9405789,28.4427643],[76.9405828,28.442976],[76.940138,28.4429823],[76.9401256,28.4427708],[76.9405789,28.4427643]]]}},{"type":"Feature","properties":{"v":"Garhi Harsaru","m":"35","k":"11","t":"Harsaru","vc":"01173","area":2778.8,"lat":28.4414604,"lng":76.9404388},"geometry":{"type":"Polygon","coordinates":[[[76.9405621,28.4414176],[76.9406994,28.4414808],[76.9414915,28.4418509],[76.9415917,28.4418977],[76.9415194,28.4418757],[76.9412456,28.4417923],[76.9406145,28.4416118],[76.9405576,28.4415955],[76.9398696,28.4413937],[76.9398688,28.4413529],[76.9398641,28.4410959],[76.9405621,28.4414176]]]}},{"type":"Feature","properties":{"v":"Garhi Harsaru","m":"35","k":"10/3","t":"Harsaru","vc":"01173","area":2418.7,"lat":28.4422188,"lng":76.9401764},"geometry":{"type":"Polygon","coordinates":[[[76.9405687,28.4422049],[76.940572,28.4423864],[76.9405378,28.4423868],[76.9402128,28.4423915],[76.9398878,28.4423961],[76.9398793,28.4419274],[76.9405687,28.4422049]]]}},{"type":"Feature","properties":{"v":"Garhi Harsaru","m":"35","k":"3","t":"Harsaru","vc":"01173","area":2712.5,"lat":28.4428084,"lng":76.9416294},"geometry":{"type":"Polygon","coordinates":[[[76.9419478,28.4427667],[76.9420675,28.4428082],[76.9421588,28.4428399],[76.942176,28.4428796],[76.9422079,28.4429529],[76.9421636,28.4429535],[76.9419513,28.4429565],[76.941267,28.4429663],[76.941259,28.4425278],[76.9419478,28.4427667]]]}},{"type":"Feature","properties":{"v":"Garhi Harsaru","m":"35","k":"2","t":"Harsaru","vc":"01173","area":3099.1,"lat":28.4427517,"lng":76.940938},"geometry":{"type":"Polygon","coordinates":[[[76.941259,28.4425278],[76.941267,28.4429663],[76.9409249,28.4429711],[76.940617,28.4429755],[76.940609,28.4425371],[76.941259,28.4425278]]]}},{"type":"Feature","properties":{"v":"Garhi Harsaru","m":"35","k":"1/2/1","t":"Harsaru","vc":"01173","area":2199.3,"lat":28.4426188,"lng":76.9402108},"geometry":{"type":"Polygon","coordinates":[[[76.9405789,28.4427643],[76.9401256,28.4427708],[76.9399546,28.4427732],[76.9398947,28.4427741],[76.9398917,28.4426078],[76.9398897,28.4425019],[76.9398886,28.4424415],[76.9402137,28.4424368],[76.9402148,28.4424973],[76.9405398,28.4424927],[76.9405417,28.4425985],[76.9405759,28.442598],[76.9405789,28.4427643]]]}},{"type":"Feature","properties":{"v":"Garhi Harsaru","m":"42","k":"8/2/1","t":"Harsaru","vc":"01173","area":180.1,"lat":28.4393214,"lng":76.9345392},"geometry":{"type":"Polygon","coordinates":[[[76.934356,28.4392837],[76.9346297,28.4392798],[76.9346319,28.4394008],[76.934356,28.4392837]]]}},{"type":"Feature","properties":{"v":"Garhi Harsaru","m":"42","k":"8/1","t":"Harsaru","vc":"01173","area":961.6,"lat":28.4393572,"lng":76.9348568},"geometry":{"type":"Polygon","coordinates":[[[76.9350447,28.4395233],[76.9346319,28.4394008],[76.9346297,28.4392798],[76.9346291,28.4392496],[76.9350397,28.4392437],[76.9350447,28.4395233]]]}},{"type":"Feature","properties":{"v":"Garhi Harsaru","m":"42","k":"6/2","t":"Harsaru","vc":"01173","area":2250.0,"lat":28.4393804,"lng":76.9360687},"geometry":{"type":"Polygon","coordinates":[[[76.9357239,28.439234],[76.9364081,28.4392243],[76.9364108,28.4393755],[76.9364136,28.4395267],[76.9357294,28.4395364],[76.9357239,28.439234]]]}},{"type":"Feature","properties":{"v":"Garhi Harsaru","m":"42","k":"6/1","t":"Harsaru","vc":"01173","area":2557.1,"lat":28.4397071,"lng":76.9361012},"geometry":{"type":"Polygon","coordinates":[[[76.9364136,28.4395267],[76.936418,28.4397686],[76.9364196,28.4398593],[76.9362885,28.4399564],[76.9357338,28.4397783],[76.9357294,28.4395364],[76.9364136,28.4395267]]]}},{"type":"Feature","properties":{"v":"Garhi Harsaru","m":"42","k":"13/2","t":"Harsaru","vc":"01173","area":2430.2,"lat":28.4389745,"lng":76.9348295},"geometry":{"type":"Polygon","coordinates":[[[76.9346193,28.4387053],[76.9350298,28.4386994],[76.9350397,28.4392437],[76.9346291,28.4392496],[76.9346193,28.4387053]]]}},{"type":"Feature","properties":{"v":"Garhi Harsaru","m":"42","k":"16/1","t":"Harsaru","vc":"01173","area":562.6,"lat":28.4386471,"lng":76.9360554},"geometry":{"type":"Polygon","coordinates":[[[76.936138,28.4386081],[76.9361647,28.4386077],[76.9363968,28.4386044],[76.9363982,28.43868],[76.9362382,28.4386823],[76.935714,28.4386897],[76.9357126,28.4386141],[76.936138,28.4386081]]]}},{"type":"Feature","properties":{"v":"Garhi Harsaru","m":"42","k":"26","t":"Harsaru","vc":"01173","area":675.0,"lat":28.4380554,"lng":76.933521},"geometry":{"type":"Polygon","coordinates":[[[76.9333905,28.4379363],[76.9336471,28.4379326],[76.9336515,28.4381745],[76.9333949,28.4381782],[76.9333905,28.4379363]]]}},{"type":"Feature","properties":{"v":"Garhi Harsaru","m":"42","k":"13/1","t":"Harsaru","vc":"01173","area":1619.8,"lat":28.4389793,"lng":76.9344874},"geometry":{"type":"Polygon","coordinates":[[[76.9343555,28.4392534],[76.9343456,28.4387091],[76.9346193,28.4387053],[76.9346291,28.4392496],[76.9343555,28.4392534]]]}},{"type":"Feature","properties":{"v":"Garhi Harsaru","m":"42","k":"24","t":"Harsaru","vc":"01173","area":3136.2,"lat":28.4379215,"lng":76.9353013},"geometry":{"type":"Polygon","coordinates":[[[76.9352495,28.4376074],[76.935303,28.4376515],[76.9357011,28.4379791],[76.9357041,28.4381454],[76.9355254,28.438148],[76.9350199,28.4381551],[76.9350119,28.4377162],[76.9350108,28.4376539],[76.93501,28.4376108],[76.9352495,28.4376074]]]}},{"type":"Feature","properties":{"v":"Garhi Harsaru","m":"42","k":"23","t":"Harsaru","vc":"01173","area":4050.0,"lat":28.4378878,"lng":76.9346728},"geometry":{"type":"Polygon","coordinates":[[[76.9348894,28.4376125],[76.93501,28.4376108],[76.9350108,28.4376539],[76.9350119,28.4377162],[76.9350199,28.4381551],[76.9343357,28.4381648],[76.9343258,28.4376205],[76.9348894,28.4376125]]]}},{"type":"Feature","properties":{"v":"Garhi Harsaru","m":"42","k":"22/1","t":"Harsaru","vc":"01173","area":1822.5,"lat":28.4379252,"lng":76.9341717},"geometry":{"type":"Polygon","coordinates":[[[76.9343357,28.4381648],[76.9339252,28.4381707],[76.9341205,28.4376235],[76.9343258,28.4376205],[76.9343357,28.4381648]]]}},{"type":"Feature","properties":{"v":"Garhi Harsaru","m":"42","k":"21","t":"Harsaru","vc":"01173","area":3375.2,"lat":28.4378776,"lng":76.9332611},"geometry":{"type":"Polygon","coordinates":[[[76.9333949,28.4381782],[76.9329673,28.4381843],[76.932959,28.4377307],[76.9329574,28.43764],[76.9336416,28.4376302],[76.9336471,28.4379326],[76.9333905,28.4379363],[76.9333949,28.4381782]]]}},{"type":"Feature","properties":{"v":"Garhi Harsaru","m":"42","k":"20","t":"Harsaru","vc":"01173","area":4050.1,"lat":28.4384516,"lng":76.9333143},"geometry":{"type":"Polygon","coordinates":[[[76.9329673,28.4381843],[76.9333949,28.4381782],[76.9336515,28.4381745],[76.933655,28.4383711],[76.9336578,28.4385223],[76.9336614,28.4387189],[76.9329772,28.4387286],[76.9329673,28.4381843]]]}},{"type":"Feature","properties":{"v":"Garhi Harsaru","m":"42","k":"19/1","t":"Harsaru","vc":"01173","area":3532.5,"lat":28.4384642,"lng":76.9340357},"geometry":{"type":"Polygon","coordinates":[[[76.9343456,28.4387091],[76.9336614,28.4387189],[76.9336578,28.4385223],[76.9339252,28.4381707],[76.9343357,28.4381648],[76.9343456,28.4387091]]]}},{"type":"Feature","properties":{"v":"Garhi Harsaru","m":"42","k":"18","t":"Harsaru","vc":"01173","area":4050.3,"lat":28.4384321,"lng":76.9346827},"geometry":{"type":"Polygon","coordinates":[[[76.9343456,28.4387091],[76.9343357,28.4381648],[76.9350199,28.4381551],[76.9350298,28.4386994],[76.9346193,28.4387053],[76.9343456,28.4387091]]]}},{"type":"Feature","properties":{"v":"Garhi Harsaru","m":"42","k":"17","t":"Harsaru","vc":"01173","area":4049.8,"lat":28.4384224,"lng":76.9353669},"geometry":{"type":"Polygon","coordinates":[[[76.9355254,28.438148],[76.9357041,28.4381454],[76.9357049,28.4381911],[76.9357068,28.4382925],[76.9357126,28.4386141],[76.935714,28.4386897],[76.9350298,28.4386994],[76.9350199,28.4381551],[76.9355254,28.438148]]]}},{"type":"Feature","properties":{"v":"Garhi Harsaru","m":"42","k":"16/2","t":"Harsaru","vc":"01173","area":2587.3,"lat":28.4383972,"lng":76.9359566},"geometry":{"type":"Polygon","coordinates":[[[76.9357388,28.4380098],[76.9359592,28.438189],[76.9361616,28.4383536],[76.9363957,28.4385439],[76.9363968,28.4386044],[76.9361647,28.4386077],[76.936138,28.4386081],[76.9357126,28.4386141],[76.9357068,28.4382925],[76.9357049,28.4381911],[76.9357041,28.4381454],[76.9357011,28.4379791],[76.9357388,28.4380098]]]}},{"type":"Feature","properties":{"v":"Garhi Harsaru","m":"42","k":"15","t":"Harsaru","vc":"01173","area":4049.9,"lat":28.438957,"lng":76.936061},"geometry":{"type":"Polygon","coordinates":[[[76.9362382,28.4386823],[76.9363982,28.43868],[76.9363991,28.4387284],[76.9364004,28.4388012],[76.9364081,28.4392243],[76.9357239,28.439234],[76.935714,28.4386897],[76.9362382,28.4386823]]]}},{"type":"Feature","properties":{"v":"Garhi Harsaru","m":"42","k":"14","t":"Harsaru","vc":"01173","area":4050.0,"lat":28.4389667,"lng":76.9353768},"geometry":{"type":"Polygon","coordinates":[[[76.9357239,28.439234],[76.9350397,28.4392437],[76.9350298,28.4386994],[76.935714,28.4386897],[76.9357239,28.439234]]]}},{"type":"Feature","properties":{"v":"Garhi Harsaru","m":"42","k":"12","t":"Harsaru","vc":"01173","area":3403.0,"lat":28.4389473,"lng":76.934037},"geometry":{"type":"Polygon","coordinates":[[[76.9343555,28.4392534],[76.934356,28.4392837],[76.9336675,28.4390589],[76.9336614,28.4387189],[76.9343456,28.4387091],[76.9343555,28.4392534]]]}},{"type":"Feature","properties":{"v":"Garhi Harsaru","m":"42","k":"11","t":"Harsaru","vc":"01173","area":1546.3,"lat":28.4388406,"lng":76.9333939},"geometry":{"type":"Polygon","coordinates":[[[76.9336675,28.4390589],[76.9329785,28.4388042],[76.9329772,28.4387286],[76.9336614,28.4387189],[76.9336675,28.4390589]]]}},{"type":"Feature","properties":{"v":"Garhi Harsaru","m":"42","k":"7","t":"Harsaru","vc":"01173","area":3065.4,"lat":28.4394514,"lng":76.9354223},"geometry":{"type":"Polygon","coordinates":[[[76.9357239,28.439234],[76.9357294,28.4395364],[76.9357338,28.4397783],[76.9350447,28.4395233],[76.9350397,28.4392437],[76.9357239,28.439234]]]}},{"type":"Feature","properties":{"v":"Garhi Harsaru","m":"43","k":"10/1","t":"Harsaru","vc":"01173","area":680.5,"lat":28.4396358,"lng":76.936541},"geometry":{"type":"Polygon","coordinates":[[[76.9364136,28.4395267],[76.9367899,28.4395213],[76.9364196,28.4398593],[76.936418,28.4397686],[76.9364136,28.4395267]]]}},{"type":"Feature","properties":{"v":"Garhi Harsaru","m":"43","k":"10/3","t":"Harsaru","vc":"01173","area":1061.0,"lat":28.4392914,"lng":76.9367345},"geometry":{"type":"Polygon","coordinates":[[[76.9369641,28.4392164],[76.9371513,28.4392137],[76.9370859,28.4392659],[76.9370572,28.4392888],[76.9369582,28.4393677],[76.9364108,28.4393755],[76.9364081,28.4392243],[76.9369641,28.4392164]]]}},{"type":"Feature","properties":{"v":"Garhi Harsaru","m":"43","k":"11","t":"Harsaru","vc":"01173","area":3109.4,"lat":28.4389928,"lng":76.9366833},"geometry":{"type":"Polygon","coordinates":[[[76.9366294,28.4387265],[76.9368527,28.4389009],[76.9371313,28.4391186],[76.9372279,28.4391928],[76.9371513,28.4392137],[76.9369641,28.4392164],[76.9364081,28.4392243],[76.9364004,28.4388012],[76.9363991,28.4387284],[76.9363982,28.43868],[76.9363968,28.4386044],[76.9363957,28.4385439],[76.9366294,28.4387265]]]}},{"type":"Feature","properties":{"v":"Garhi Harsaru","m":"43","k":"10/2","t":"Harsaru","vc":"01173","area":759.3,"lat":28.4394431,"lng":76.9366457},"geometry":{"type":"Polygon","coordinates":[[[76.9369582,28.4393677],[76.9367899,28.4395213],[76.9364136,28.4395267],[76.9364108,28.4393755],[76.9369582,28.4393677]]]}},{"type":"Feature","properties":{"v":"Garhi Harsaru","m":"43","k":"9","t":"Harsaru","vc":"01173","area":2060.9,"lat":28.4396032,"lng":76.937432},"geometry":{"type":"Polygon","coordinates":[[[76.9374312,28.4393453],[76.9375437,28.4394362],[76.9377012,28.4395632],[76.9377842,28.4396282],[76.9377864,28.4397492],[76.937681,28.4397507],[76.9371022,28.4397589],[76.9370995,28.4396092],[76.9372744,28.4394577],[76.9374172,28.4393341],[76.9374312,28.4393453]]]}},{"type":"Feature","properties":{"v":"Garhi Harsaru","m":"43","k":"3","t":"Harsaru","vc":"01173","area":2174.2,"lat":28.440077,"lng":76.9380009},"geometry":{"type":"Polygon","coordinates":[[[76.9378895,28.4397477],[76.9379374,28.4398021],[76.9379734,28.4398429],[76.9381575,28.4400517],[76.9381627,28.4400577],[76.9384275,28.4402584],[76.9384612,28.440284],[76.9384292,28.4402845],[76.9377963,28.4402935],[76.9377877,28.4398194],[76.9377874,28.4398033],[76.9377864,28.4397492],[76.9377842,28.4396282],[76.9378895,28.4397477]]]}},{"type":"Feature","properties":{"v":"Garhi Harsaru","m":"43","k":"2","t":"Harsaru","vc":"01173","area":4050.0,"lat":28.4400262,"lng":76.9374493},"geometry":{"type":"Polygon","coordinates":[[[76.937681,28.4397507],[76.9377864,28.4397492],[76.9377874,28.4398033],[76.9377877,28.4398194],[76.9377963,28.4402935],[76.9371121,28.4403032],[76.9371022,28.4397589],[76.937681,28.4397507]]]}},{"type":"Feature","properties":{"v":"Garhi Harsaru","m":"43","k":"1","t":"Harsaru","vc":"01173","area":2355.2,"lat":28.4400274,"lng":76.936908},"geometry":{"type":"Polygon","coordinates":[[[76.9371022,28.4397589],[76.9371121,28.4403032],[76.9369488,28.4403055],[76.9365208,28.4401055],[76.9369389,28.4397612],[76.9370995,28.4396092],[76.9371022,28.4397589]]]}},{"type":"Feature","properties":{"v":"Garhi Harsaru","m":"0","k":"268","t":"Harsaru","vc":"01173","area":264.2,"lat":28.4465872,"lng":76.9413502},"geometry":{"type":"Polygon","coordinates":[[[76.9413707,28.4467759],[76.9413739,28.4469496],[76.9413394,28.4469351],[76.9413365,28.4467764],[76.9413266,28.4462321],[76.9413608,28.4462316],[76.9413649,28.4464584],[76.9413707,28.4467759]]]}},{"type":"Feature","properties":{"v":"Garhi Harsaru","m":"0","k":"","t":"Harsaru","vc":"01173","area":265.0,"lat":28.4442445,"lng":76.9405646},"geometry":{"type":"Polygon","coordinates":[[[76.9408651,28.4440704],[76.9407754,28.4441272],[76.9406857,28.444184],[76.940596,28.4442408],[76.9405063,28.4442976],[76.9404166,28.4443544],[76.9402811,28.4444402],[76.9401976,28.4444931],[76.9401816,28.4444708],[76.9403067,28.4443915],[76.9404319,28.4443122],[76.940553,28.4442355],[76.9406565,28.44417],[76.9407305,28.4441231],[76.9408063,28.4440751],[76.9409238,28.4440007],[76.9409548,28.4440136],[76.9408651,28.4440704]]]}},{"type":"Feature","properties":{"v":"Garhi Harsaru","m":"0","k":"53","t":"Harsaru","vc":"01173","area":205.9,"lat":28.4435078,"lng":76.9392852},"geometry":{"type":"Polygon","coordinates":[[[76.9391486,28.443649],[76.9391139,28.4436155],[76.9394137,28.4433727],[76.9394639,28.4433936],[76.9391486,28.443649]]]}},{"type":"Feature","properties":{"v":"Garhi Harsaru","m":"0","k":"26","t":"Harsaru","vc":"01173","area":13386.5,"lat":28.4429597,"lng":76.9339346},"geometry":{"type":"Polygon","coordinates":[[[76.9341645,28.4425228],[76.9345615,28.4430616],[76.934702,28.4433038],[76.9345002,28.4434557],[76.9344327,28.4435063],[76.9341795,28.4436962],[76.9340827,28.4437584],[76.9339727,28.4436144],[76.9334492,28.4430774],[76.9334232,28.4430173],[76.9330794,28.4426905],[76.9338982,28.44218],[76.9341645,28.4425228]]]}},{"type":"Feature","properties":{"v":"Garhi Harsaru","m":"0","k":"76","t":"Harsaru","vc":"01173","area":1237.6,"lat":28.4424234,"lng":76.9408008},"geometry":{"type":"Polygon","coordinates":[[[76.941259,28.4425278],[76.940609,28.4425371],[76.9405748,28.4425376],[76.9405729,28.4424317],[76.940572,28.4423864],[76.9405687,28.4422049],[76.9410394,28.4424251],[76.941259,28.4425278]]]}},{"type":"Feature","properties":{"v":"Garhi Harsaru","m":"36","k":"6/2","t":"Harsaru","vc":"01173","area":2545.2,"lat":28.4420679,"lng":76.9393466},"geometry":{"type":"Polygon","coordinates":[[[76.9391945,28.4419069],[76.9391893,28.4416196],[76.9394998,28.4417581],[76.9395024,28.4419025],[76.9395123,28.4424468],[76.9392044,28.4424512],[76.9392036,28.4424058],[76.9391945,28.4419069]]]}},{"type":"Feature","properties":{"v":"Garhi Harsaru","m":"0","k":"54","t":"Harsaru","vc":"01173","area":2024.9,"lat":28.4482419,"lng":76.9403765},"geometry":{"type":"Polygon","coordinates":[[[76.940682,28.448419],[76.9400187,28.4484284],[76.9399977,28.4484287],[76.9404497,28.4478779],[76.940682,28.448419]]]}},{"type":"Feature","properties":{"v":"Garhi Harsaru","m":"0","k":"","t":"Harsaru","vc":"01173","area":179.8,"lat":28.4475209,"lng":76.9379005},"geometry":{"type":"Polygon","coordinates":[[[76.9378759,28.4476725],[76.9378704,28.4473701],[76.9379251,28.4473694],[76.9379306,28.4476717],[76.9378759,28.4476725]]]}},{"type":"Feature","properties":{"v":"Garhi Harsaru","m":"0","k":"","t":"Harsaru","vc":"01173","area":128.6,"lat":28.4474768,"lng":76.9382161},"geometry":{"type":"Polygon","coordinates":[[[76.9382513,28.4474132],[76.9382981,28.4474939],[76.9381908,28.4475408],[76.938128,28.4474617],[76.9382513,28.4474132]]]}},{"type":"Feature","properties":{"v":"Garhi Harsaru","m":"0","k":"","t":"Harsaru","vc":"01173","area":100.9,"lat":28.4474131,"lng":76.9383471},"geometry":{"type":"Polygon","coordinates":[[[76.9382803,28.447397],[76.9383671,28.4473485],[76.938414,28.4474292],[76.9383272,28.4474777],[76.9382803,28.447397]]]}},{"type":"Feature","properties":{"v":"Garhi Harsaru","m":"0","k":"","t":"Harsaru","vc":"01173","area":125.1,"lat":28.4472991,"lng":76.9382902},"geometry":{"type":"Polygon","coordinates":[[[76.938366,28.4473136],[76.9382647,28.4473701],[76.938214,28.4472827],[76.9383174,28.4472294],[76.938366,28.4473136]]]}},{"type":"Feature","properties":{"v":"Garhi Harsaru","m":"0","k":"","t":"Harsaru","vc":"01173","area":134.6,"lat":28.4473565,"lng":76.9384485},"geometry":{"type":"Polygon","coordinates":[[[76.9384831,28.4472838],[76.9385297,28.4473647],[76.938414,28.4474292],[76.9383671,28.4473485],[76.9384831,28.4472838]]]}},{"type":"Feature","properties":{"v":"Garhi Harsaru","m":"0","k":"","t":"Harsaru","vc":"01173","area":120.4,"lat":28.4472442,"lng":76.9383926},"geometry":{"type":"Polygon","coordinates":[[[76.9384209,28.4471761],[76.9384675,28.4472569],[76.938366,28.4473136],[76.9383174,28.4472294],[76.9384209,28.4471761]]]}},{"type":"Feature","properties":{"v":"Garhi Harsaru","m":"24","k":"18","t":"Harsaru","vc":"01173","area":1578.3,"lat":28.4463494,"lng":76.9449419},"geometry":{"type":"Polygon","coordinates":[[[76.945167,28.4463156],[76.9447571,28.4466898],[76.9447478,28.4461833],[76.9453209,28.4461751],[76.945167,28.4463156]]]}},{"type":"Feature","properties":{"v":"Garhi Harsaru","m":"0","k":"","t":"Harsaru","vc":"01173","area":118.1,"lat":28.4458803,"lng":76.9352202},"geometry":{"type":"Polygon","coordinates":[[[76.9352792,28.4458341],[76.9352809,28.4459248],[76.9351611,28.4459265],[76.9351595,28.4458358],[76.9352792,28.4458341]]]}},{"type":"Feature","properties":{"v":"Garhi Harsaru","m":"31","k":"","t":"Harsaru","vc":"01173","area":3966.7,"lat":28.445405,"lng":76.9348841},"geometry":{"type":"Polygon","coordinates":[[[76.9347729,28.4457066],[76.934738,28.4454439],[76.9343261,28.4455973],[76.9344854,28.4453389],[76.935143,28.4449287],[76.9351471,28.4451554],[76.9351485,28.445231],[76.9351584,28.4457753],[76.9348162,28.4457802],[76.9347729,28.4457066]]]}},{"type":"Feature","properties":{"v":"Garhi Harsaru","m":"33","k":"","t":"Harsaru","vc":"01173","area":201.5,"lat":28.4447068,"lng":76.9402444},"geometry":{"type":"Polygon","coordinates":[[[76.9403505,28.4447277],[76.9402601,28.4447972],[76.9401404,28.444689],[76.9402254,28.4446144],[76.9403505,28.4447277]]]}},{"type":"Feature","properties":{"v":"Garhi Harsaru","m":"0","k":"","t":"Harsaru","vc":"01173","area":107.5,"lat":28.4453017,"lng":76.9402207},"geometry":{"type":"Polygon","coordinates":[[[76.9401358,28.4453084],[76.9402456,28.4452362],[76.9402876,28.4452826],[76.9402338,28.4453684],[76.9401775,28.445334],[76.9401358,28.4453084]]]}},{"type":"Feature","properties":{"v":"Garhi Harsaru","m":"0","k":"","t":"Harsaru","vc":"01173","area":87.4,"lat":28.4453964,"lng":76.9401718},"geometry":{"type":"Polygon","coordinates":[[[76.9401057,28.445416],[76.9401775,28.445334],[76.9402338,28.4453684],[76.9401748,28.4454605],[76.9401057,28.445416]]]}},{"type":"Feature","properties":{"v":"Garhi Harsaru","m":"0","k":"","t":"Harsaru","vc":"01173","area":75.0,"lat":28.4453608,"lng":76.940111},"geometry":{"type":"Polygon","coordinates":[[[76.9401775,28.445334],[76.9401057,28.445416],[76.9400384,28.4453726],[76.9401358,28.4453084],[76.9401775,28.445334]]]}},{"type":"Feature","properties":{"v":"Garhi Harsaru","m":"0","k":"","t":"Harsaru","vc":"01173","area":251.5,"lat":28.4454606,"lng":76.9400563},"geometry":{"type":"Polygon","coordinates":[[[76.9401057,28.445416],[76.9401748,28.4454605],[76.9401158,28.4455527],[76.939915,28.4454539],[76.9400384,28.4453726],[76.9401057,28.445416]]]}},{"type":"Feature","properties":{"v":"Garhi Harsaru","m":"0","k":"","t":"Harsaru","vc":"01173","area":276.2,"lat":28.4455735,"lng":76.9399641},"geometry":{"type":"Polygon","coordinates":[[[76.9398947,28.4454782],[76.9400989,28.445579],[76.9400399,28.4456711],[76.9398238,28.4455635],[76.9398947,28.4454782]]]}},{"type":"Feature","properties":{"v":"Garhi Harsaru","m":"0","k":"","t":"Harsaru","vc":"01173","area":165.2,"lat":28.4456428,"lng":76.9399133},"geometry":{"type":"Polygon","coordinates":[[[76.9398238,28.4455635],[76.9400399,28.4456711],[76.9400062,28.4457237],[76.9397833,28.4456123],[76.9398238,28.4455635]]]}},{"type":"Feature","properties":{"v":"Garhi Harsaru","m":"0","k":"","t":"Harsaru","vc":"01173","area":207.9,"lat":28.4457484,"lng":76.9398349},"geometry":{"type":"Polygon","coordinates":[[[76.9397839,28.4457638],[76.939694,28.4457197],[76.9397428,28.445661],[76.9399725,28.4457764],[76.9399336,28.4458372],[76.9398588,28.4458005],[76.9397839,28.4457638]]]}},{"type":"Feature","properties":{"v":"Garhi Harsaru","m":"0","k":"","t":"Harsaru","vc":"01173","area":98.3,"lat":28.4458649,"lng":76.9398667},"geometry":{"type":"Polygon","coordinates":[[[76.9398588,28.4458005],[76.9399336,28.4458372],[76.9398746,28.4459293],[76.9397999,28.4458924],[76.9398588,28.4458005]]]}},{"type":"Feature","properties":{"v":"Garhi Harsaru","m":"0","k":"","t":"Harsaru","vc":"01173","area":98.2,"lat":28.4458281,"lng":76.939792},"geometry":{"type":"Polygon","coordinates":[[[76.9397839,28.4457638],[76.9398588,28.4458005],[76.9397999,28.4458924],[76.9397252,28.4458555],[76.9397839,28.4457638]]]}},{"type":"Feature","properties":{"v":"Garhi Harsaru","m":"0","k":"","t":"Harsaru","vc":"01173","area":125.7,"lat":28.445787,"lng":76.9397059},"geometry":{"type":"Polygon","coordinates":[[[76.9397839,28.4457638],[76.9397252,28.4458555],[76.9396231,28.4458051],[76.939694,28.4457197],[76.9397839,28.4457638]]]}},{"type":"Feature","properties":{"v":"Garhi Harsaru","m":"0","k":"","t":"Harsaru","vc":"01173","area":197.1,"lat":28.4452579,"lng":76.9399489},"geometry":{"type":"Polygon","coordinates":[[[76.9400488,28.445239],[76.9398889,28.4453641],[76.9398591,28.4452616],[76.9400011,28.4451596],[76.9400488,28.445239]]]}},{"type":"Feature","properties":{"v":"Garhi Harsaru","m":"0","k":"","t":"Harsaru","vc":"01173","area":51.0,"lat":28.4451968,"lng":76.939926},"geometry":{"type":"Polygon","coordinates":[[[76.9400011,28.4451596],[76.9398591,28.4452616],[76.9398515,28.4452355],[76.939986,28.4451345],[76.9400011,28.4451596]]]}},{"type":"Feature","properties":{"v":"Garhi Harsaru","m":"0","k":"","t":"Harsaru","vc":"01173","area":168.6,"lat":28.4451389,"lng":76.939899},"geometry":{"type":"Polygon","coordinates":[[[76.939986,28.4451345],[76.9398515,28.4452355],[76.9398217,28.445133],[76.9399337,28.4450475],[76.939986,28.4451345]]]}},{"type":"Feature","properties":{"v":"Garhi Harsaru","m":"0","k":"","t":"Harsaru","vc":"01173","area":139.1,"lat":28.4450442,"lng":76.939858},"geometry":{"type":"Polygon","coordinates":[[[76.9398808,28.4449596],[76.9399337,28.4450475],[76.9398217,28.445133],[76.9397919,28.4450305],[76.9398808,28.4449596]]]}},{"type":"Feature","properties":{"v":"Garhi Harsaru","m":"0","k":"","t":"Harsaru","vc":"01173","area":65.8,"lat":28.4449878,"lng":76.9399324},"geometry":{"type":"Polygon","coordinates":[[[76.9399888,28.4450054],[76.9399337,28.4450475],[76.9398808,28.4449596],[76.9399189,28.4449292],[76.9399888,28.4450054]]]}},{"type":"Feature","properties":{"v":"Garhi Harsaru","m":"0","k":"","t":"Harsaru","vc":"01173","area":121.0,"lat":28.4451636,"lng":76.9400751},"geometry":{"type":"Polygon","coordinates":[[[76.9400011,28.4451596],[76.9400908,28.4450952],[76.9401575,28.4451539],[76.9400488,28.445239],[76.9400011,28.4451596]]]}},{"type":"Feature","properties":{"v":"Garhi Harsaru","m":"0","k":"233/1","t":"Harsaru","vc":"01173","area":1716.7,"lat":28.4449834,"lng":76.940303},"geometry":{"type":"Polygon","coordinates":[[[76.9402456,28.4452362],[76.9402241,28.4452125],[76.9401575,28.4451539],[76.9400908,28.4450952],[76.9400666,28.4450739],[76.9399888,28.4450054],[76.9402601,28.4447972],[76.9403505,28.4447277],[76.9406192,28.4449712],[76.9402456,28.4452362]]]}},{"type":"Feature","properties":{"v":"Garhi Harsaru","m":"0","k":"","t":"Harsaru","vc":"01173","area":141.0,"lat":28.4445648,"lng":76.9363952},"geometry":{"type":"Polygon","coordinates":[[[76.9364785,28.4446013],[76.9363175,28.4446097],[76.9363151,28.4445279],[76.9364688,28.4445189],[76.9364785,28.4446013]]]}},{"type":"Feature","properties":{"v":"Garhi Harsaru","m":"0","k":"","t":"Harsaru","vc":"01173","area":123.5,"lat":28.4444847,"lng":76.9363846},"geometry":{"type":"Polygon","coordinates":[[[76.9363151,28.4445279],[76.9363127,28.4444476],[76.9364406,28.4444397],[76.9364688,28.4445189],[76.9363151,28.4445279]]]}},{"type":"Feature","properties":{"v":"Garhi Harsaru","m":"0","k":"","t":"Harsaru","vc":"01173","area":130.0,"lat":28.4445673,"lng":76.9362036},"geometry":{"type":"Polygon","coordinates":[[[76.936143,28.4445214],[76.9362634,28.444515],[76.9362663,28.4446122],[76.9361417,28.4446193],[76.936143,28.4445214]]]}},{"type":"Feature","properties":{"v":"Garhi Harsaru","m":"0","k":"","t":"Harsaru","vc":"01173","area":80.8,"lat":28.4444879,"lng":76.9361983},"geometry":{"type":"Polygon","coordinates":[[[76.9362618,28.4444621],[76.9362634,28.444515],[76.936143,28.4445214],[76.9361349,28.444454],[76.9362618,28.4444621]]]}},{"type":"Feature","properties":{"v":"Garhi Harsaru","m":"0","k":"","t":"Harsaru","vc":"01173","area":138.5,"lat":28.4444955,"lng":76.9360455},"geometry":{"type":"Polygon","coordinates":[[[76.936143,28.4445214],[76.9360166,28.444528],[76.9358887,28.4445348],[76.9360495,28.4444485],[76.9361349,28.444454],[76.936143,28.4445214]]]}},{"type":"Feature","properties":{"v":"Garhi Harsaru","m":"0","k":"","t":"Harsaru","vc":"01173","area":139.9,"lat":28.4445757,"lng":76.9360783},"geometry":{"type":"Polygon","coordinates":[[[76.936143,28.4445214],[76.9361417,28.4446193],[76.9360153,28.4446339],[76.9360166,28.444528],[76.936143,28.4445214]]]}},{"type":"Feature","properties":{"v":"Garhi Harsaru","m":"0","k":"","t":"Harsaru","vc":"01173","area":145.4,"lat":28.4445841,"lng":76.9359528},"geometry":{"type":"Polygon","coordinates":[[[76.9360166,28.444528],[76.9360153,28.4446339],[76.9358906,28.4446406],[76.9358887,28.4445348],[76.9360166,28.444528]]]}},{"type":"Feature","properties":{"v":"Garhi Harsaru","m":"0","k":"","t":"Harsaru","vc":"01173","area":276.3,"lat":28.4440599,"lng":76.9395969},"geometry":{"type":"Polygon","coordinates":[[[76.9394969,28.4438851],[76.939595,28.444009],[76.9396833,28.4441204],[76.9397636,28.4442184],[76.9397223,28.4442454],[76.9394426,28.4439336],[76.9394969,28.4438851]]]}},{"type":"Feature","properties":{"v":"Garhi Harsaru","m":"0","k":"","t":"Harsaru","vc":"01173","area":452.0,"lat":28.4440745,"lng":76.9398316},"geometry":{"type":"Polygon","coordinates":[[[76.9396833,28.4441204],[76.9399041,28.4438994],[76.939916,28.4439435],[76.9399562,28.4440926],[76.9399192,28.4441168],[76.9397636,28.4442184],[76.9396833,28.4441204]]]}},{"type":"Feature","properties":{"v":"Garhi Harsaru","m":"0","k":"","t":"Harsaru","vc":"01173","area":96.1,"lat":28.4437965,"lng":76.9399213},"geometry":{"type":"Polygon","coordinates":[[[76.9398951,28.4437205],[76.9399123,28.4437409],[76.939993,28.4438365],[76.9399416,28.4438729],[76.939914,28.4438355],[76.9398502,28.4437487],[76.9398951,28.4437205]]]}},{"type":"Feature","properties":{"v":"Garhi Harsaru","m":"0","k":"","t":"Harsaru","vc":"01173","area":69.2,"lat":28.4438248,"lng":76.9398806},"geometry":{"type":"Polygon","coordinates":[[[76.9398502,28.4437487],[76.939914,28.4438355],[76.9399416,28.4438729],[76.9399151,28.4438917],[76.9399041,28.4438994],[76.939828,28.4437811],[76.9398196,28.4437679],[76.9398502,28.4437487]]]}},{"type":"Feature","properties":{"v":"Garhi Harsaru","m":"0","k":"","t":"Harsaru","vc":"01173","area":112.4,"lat":28.4437583,"lng":76.939972},"geometry":{"type":"Polygon","coordinates":[[[76.9399575,28.4436814],[76.9400463,28.4437988],[76.939993,28.4438365],[76.9399123,28.4437409],[76.9398951,28.4437205],[76.9399118,28.4437101],[76.9399575,28.4436814]]]}},{"type":"Feature","properties":{"v":"Garhi Harsaru","m":"0","k":"","t":"Harsaru","vc":"01173","area":211.6,"lat":28.4437072,"lng":76.940064},"geometry":{"type":"Polygon","coordinates":[[[76.9399575,28.4436814],[76.9400366,28.4436318],[76.9401914,28.4436961],[76.9400463,28.4437988],[76.9399575,28.4436814]]]}},{"type":"Feature","properties":{"v":"Garhi Harsaru","m":"0","k":"28/1","t":"Harsaru","vc":"01173","area":908.6,"lat":28.4412359,"lng":76.9344465},"geometry":{"type":"Polygon","coordinates":[[[76.934439,28.4410153],[76.9346398,28.4412966],[76.9344461,28.4414544],[76.9342572,28.4411754],[76.934439,28.4410153]]]}},{"type":"Feature","properties":{"v":"Garhi Harsaru","m":"0","k":"28/2","t":"Harsaru","vc":"01173","area":3458.1,"lat":28.4409365,"lng":76.9346857},"geometry":{"type":"Polygon","coordinates":[[[76.9347226,28.4405962],[76.9351682,28.4408663],[76.9346398,28.4412966],[76.934439,28.4410153],[76.9342572,28.4411754],[76.9341728,28.4410506],[76.9347226,28.4405962]]]}},{"type":"Feature","properties":{"v":"Garhi Harsaru","m":"0","k":"28/3","t":"Harsaru","vc":"01173","area":3566.6,"lat":28.4405294,"lng":76.935206},"geometry":{"type":"Polygon","coordinates":[[[76.9351682,28.4408663],[76.9347226,28.4405962],[76.9350221,28.4403329],[76.9351471,28.440223],[76.9354485,28.4403268],[76.9357369,28.4404262],[76.9351682,28.4408663]]]}},{"type":"Feature","properties":{"v":"Garhi Harsaru","m":"0","k":"28/4","t":"Harsaru","vc":"01173","area":2930.2,"lat":28.4402894,"lng":76.934681},"geometry":{"type":"Polygon","coordinates":[[[76.9345431,28.4400105],[76.9351471,28.440223],[76.9350221,28.4403329],[76.9347226,28.4405962],[76.9342552,28.4403157],[76.9345431,28.4400105]]]}},{"type":"Feature","properties":{"v":"Garhi Harsaru","m":"0","k":"28/5","t":"Harsaru","vc":"01173","area":3266.4,"lat":28.4406676,"lng":76.9342758},"geometry":{"type":"Polygon","coordinates":[[[76.9347226,28.4405962],[76.9341728,28.4410506],[76.9338934,28.4406993],[76.9339701,28.440618],[76.9342284,28.4403441],[76.9342552,28.4403157],[76.9347226,28.4405962]]]}},{"type":"Feature","properties":{"v":"Garhi Harsaru","m":"0","k":"119/1","t":"Harsaru","vc":"01173","area":922.4,"lat":28.4409827,"lng":76.9340408},"geometry":{"type":"Polygon","coordinates":[[[76.9338934,28.4406993],[76.9341728,28.4410506],[76.9342572,28.4411754],[76.9344461,28.4414544],[76.9337401,28.4407665],[76.9338934,28.4406993]]]}},{"type":"Feature","properties":{"v":"Garhi Harsaru","m":"25","k":"2/1","t":"Harsaru","vc":"01173","area":316.5,"lat":28.4483911,"lng":76.9410451},"geometry":{"type":"Polygon","coordinates":[[[76.9413663,28.4484093],[76.9407333,28.4484183],[76.9407154,28.4483732],[76.9413654,28.4483639],[76.9413663,28.4484093]]]}},{"type":"Feature","properties":{"v":"Garhi Harsaru","m":"27","k":"14/1","t":"Harsaru","vc":"01173","area":720.2,"lat":28.4472347,"lng":76.9353216},"geometry":{"type":"Polygon","coordinates":[[[76.9350854,28.4474097],[76.9351859,28.447291],[76.9354288,28.4470041],[76.9355213,28.4470551],[76.9353078,28.4474065],[76.935188,28.4474082],[76.9350854,28.4474097]]]}},{"type":"Feature","properties":{"v":"Garhi Harsaru","m":"27","k":"2/3","t":"Harsaru","vc":"01173","area":421.9,"lat":28.4483621,"lng":76.9341787},"geometry":{"type":"Polygon","coordinates":[[[76.9338371,28.4483953],[76.9338361,28.4483386],[76.9345203,28.4483289],[76.9345214,28.4483856],[76.9338371,28.4483953]]]}},{"type":"Feature","properties":{"v":"Garhi Harsaru","m":"27","k":"2/1","t":"Harsaru","vc":"01173","area":900.4,"lat":28.448451,"lng":76.9341804},"geometry":{"type":"Polygon","coordinates":[[[76.9345236,28.4485066],[76.9338393,28.4485163],[76.9338371,28.4483953],[76.9345214,28.4483856],[76.9345236,28.4485066]]]}},{"type":"Feature","properties":{"v":"Garhi Harsaru","m":"27","k":"10/1","t":"Harsaru","vc":"01173","area":1670.6,"lat":28.4477019,"lng":76.9336833},"geometry":{"type":"Polygon","coordinates":[[[76.9338195,28.4474277],[76.9338294,28.447972],[76.9335471,28.447976],[76.9335373,28.4474317],[76.9338195,28.4474277]]]}},{"type":"Feature","properties":{"v":"Garhi Harsaru","m":"27","k":"9/2","t":"Harsaru","vc":"01173","area":2379.4,"lat":28.447697,"lng":76.9340255},"geometry":{"type":"Polygon","coordinates":[[[76.9338294,28.447972],[76.9338195,28.4474277],[76.9342215,28.447422],[76.9342314,28.4479663],[76.9338294,28.447972]]]}},{"type":"Feature","properties":{"v":"Garhi Harsaru","m":"27","k":"9/1","t":"Harsaru","vc":"01173","area":1670.9,"lat":28.4476922,"lng":76.9343676},"geometry":{"type":"Polygon","coordinates":[[[76.9345038,28.447418],[76.9345137,28.4479623],[76.9342314,28.4479663],[76.9342215,28.447422],[76.9345038,28.447418]]]}},{"type":"Feature","properties":{"v":"Garhi Harsaru","m":"27","k":"12/1/1","t":"Harsaru","vc":"01173","area":537.2,"lat":28.4473617,"lng":76.9340369},"geometry":{"type":"Polygon","coordinates":[[[76.9342215,28.447422],[76.9338195,28.4474277],[76.9338179,28.447337],[76.9342187,28.4472669],[76.9342215,28.447422]]]}},{"type":"Feature","properties":{"v":"Garhi Harsaru","m":"27","k":"12/2/2","t":"Harsaru","vc":"01173","area":1031.4,"lat":28.4473245,"lng":76.9344814},"geometry":{"type":"Polygon","coordinates":[[[76.9346571,28.4471903],[76.9347604,28.4474143],[76.9345038,28.447418],[76.9342215,28.447422],[76.9342187,28.4472669],[76.9346571,28.4471903]]]}},{"type":"Feature","properties":{"v":"Garhi Harsaru","m":"0","k":"231/1","t":"Harsaru","vc":"01173","area":298.9,"lat":28.4471524,"lng":76.9359653},"geometry":{"type":"Polygon","coordinates":[[[76.9359308,28.4468533],[76.9359651,28.4468528],[76.9359702,28.4471345],[76.9363186,28.4473922],[76.9359372,28.4472055],[76.9359308,28.4468533]]]}},{"type":"Feature","properties":{"v":"Garhi Harsaru","m":"0","k":"228/2/2","t":"Harsaru","vc":"01173","area":50.7,"lat":28.446785,"lng":76.9359467},"geometry":{"type":"Polygon","coordinates":[[[76.9359284,28.4467172],[76.9359626,28.4467167],[76.9359651,28.4468528],[76.9359308,28.4468533],[76.9359284,28.4467172]]]}},{"type":"Feature","properties":{"v":"Garhi Harsaru","m":"0","k":"225/2","t":"Harsaru","vc":"01173","area":179.9,"lat":28.4460682,"lng":76.935831},"geometry":{"type":"Polygon","coordinates":[[[76.9358525,28.4463099],[76.9358183,28.4463104],[76.9358095,28.4458266],[76.9358437,28.4458261],[76.9358525,28.4463099]]]}},{"type":"Feature","properties":{"v":"Garhi Harsaru","m":"0","k":"229/1","t":"Harsaru","vc":"01173","area":101.2,"lat":28.4464915,"lng":76.9358444},"geometry":{"type":"Polygon","coordinates":[[[76.9358624,28.4468542],[76.9358183,28.4463104],[76.9358525,28.4463099],[76.9358624,28.4468542]]]}},{"type":"Feature","properties":{"v":"Garhi Harsaru","m":"0","k":"","t":"Harsaru","vc":"01173","area":230.9,"lat":28.4454557,"lng":76.9358199},"geometry":{"type":"Polygon","coordinates":[[[76.9357971,28.4451462],[76.9358314,28.4451457],[76.9358426,28.4457656],[76.9358084,28.4457661],[76.9357971,28.4451462]]]}},{"type":"Feature","properties":{"v":"Garhi Harsaru","m":"0","k":"80/1","t":"Harsaru","vc":"01173","area":210.7,"lat":28.4448633,"lng":76.9358092},"geometry":{"type":"Polygon","coordinates":[[[76.9358209,28.4445712],[76.9358314,28.4451457],[76.9357971,28.4451462],[76.935787,28.4445898],[76.9358209,28.4445712]]]}},{"type":"Feature","properties":{"v":"Garhi Harsaru","m":"33","k":"18/2","t":"Harsaru","vc":"01173","area":1266.9,"lat":28.443793,"lng":76.9416222},"geometry":{"type":"Polygon","coordinates":[[[76.9417308,28.4435344],[76.9417402,28.4440484],[76.9415135,28.4440516],[76.9415042,28.4435376],[76.9417308,28.4435344]]]}},{"type":"Feature","properties":{"v":"Garhi Harsaru","m":"33","k":"18/3","t":"Harsaru","vc":"01173","area":1267.1,"lat":28.4437962,"lng":76.9413955},"geometry":{"type":"Polygon","coordinates":[[[76.9412869,28.4440549],[76.9412858,28.4439944],[76.9412841,28.4439037],[76.9412775,28.4435408],[76.9415042,28.4435376],[76.9415135,28.4440516],[76.9413895,28.4440534],[76.9412869,28.4440549]]]}},{"type":"Feature","properties":{"v":"Garhi Harsaru","m":"33","k":"19/2","t":"Harsaru","vc":"01173","area":50.5,"lat":28.4439363,"lng":76.9412591},"geometry":{"type":"Polygon","coordinates":[[[76.9412841,28.4439037],[76.9412858,28.4439944],[76.9412341,28.4439689],[76.9412324,28.4438782],[76.9412841,28.4439037]]]}},{"type":"Feature","properties":{"v":"Garhi Harsaru","m":"33","k":"19/3","t":"Harsaru","vc":"01173","area":50.4,"lat":28.4439109,"lng":76.9412075},"geometry":{"type":"Polygon","coordinates":[[[76.9412324,28.4438782],[76.9412341,28.4439689],[76.9411825,28.4439435],[76.9411809,28.4438528],[76.9412324,28.4438782]]]}},{"type":"Feature","properties":{"v":"Garhi Harsaru","m":"33","k":"19/4","t":"Harsaru","vc":"01173","area":43.8,"lat":28.4438871,"lng":76.9411593},"geometry":{"type":"Polygon","coordinates":[[[76.9411809,28.4438528],[76.9411825,28.4439435],[76.9411377,28.4439214],[76.9411361,28.4438307],[76.9411809,28.4438528]]]}},{"type":"Feature","properties":{"v":"Garhi Harsaru","m":"33","k":"19/5","t":"Harsaru","vc":"01173","area":43.8,"lat":28.443865,"lng":76.9411145},"geometry":{"type":"Polygon","coordinates":[[[76.9411361,28.4438307],[76.9411377,28.4439214],[76.9410929,28.4438993],[76.9410912,28.4438086],[76.9411361,28.4438307]]]}},{"type":"Feature","properties":{"v":"Garhi Harsaru","m":"33","k":"19/6","t":"Harsaru","vc":"01173","area":43.8,"lat":28.4438429,"lng":76.9410697},"geometry":{"type":"Polygon","coordinates":[[[76.9410912,28.4438086],[76.9410929,28.4438993],[76.9410481,28.4438772],[76.9410464,28.4437865],[76.9410912,28.4438086]]]}},{"type":"Feature","properties":{"v":"Garhi Harsaru","m":"33","k":"19/7","t":"Harsaru","vc":"01173","area":43.8,"lat":28.4438208,"lng":76.9410248},"geometry":{"type":"Polygon","coordinates":[[[76.9410464,28.4437865],[76.9410481,28.4438772],[76.9410032,28.4438551],[76.9410016,28.4437644],[76.9410464,28.4437865]]]}},{"type":"Feature","properties":{"v":"Garhi Harsaru","m":"33","k":"19/8","t":"Harsaru","vc":"01173","area":43.8,"lat":28.4437987,"lng":76.94098},"geometry":{"type":"Polygon","coordinates":[[[76.9410016,28.4437644],[76.9410032,28.4438551],[76.9409584,28.443833],[76.9409568,28.4437423],[76.9410016,28.4437644]]]}},{"type":"Feature","properties":{"v":"Garhi Harsaru","m":"33","k":"19/9","t":"Harsaru","vc":"01173","area":43.8,"lat":28.4437766,"lng":76.9409352},"geometry":{"type":"Polygon","coordinates":[[[76.9409568,28.4437423],[76.9409584,28.443833],[76.9409136,28.4438109],[76.9409119,28.4437202],[76.9409568,28.4437423]]]}},{"type":"Feature","properties":{"v":"Garhi Harsaru","m":"33","k":"19/10","t":"Harsaru","vc":"01173","area":43.8,"lat":28.4437545,"lng":76.9408903},"geometry":{"type":"Polygon","coordinates":[[[76.9409119,28.4437202],[76.9409136,28.4438109],[76.9408688,28.4437889],[76.9408671,28.4436981],[76.9409119,28.4437202]]]}},{"type":"Feature","properties":{"v":"Garhi Harsaru","m":"33","k":"19/11","t":"Harsaru","vc":"01173","area":43.9,"lat":28.4437325,"lng":76.9408455},"geometry":{"type":"Polygon","coordinates":[[[76.9408671,28.4436981],[76.9408688,28.4437889],[76.9408239,28.4437668],[76.9408223,28.443676],[76.9408671,28.4436981]]]}},{"type":"Feature","properties":{"v":"Garhi Harsaru","m":"33","k":"19/12","t":"Harsaru","vc":"01173","area":43.9,"lat":28.4437104,"lng":76.9408007},"geometry":{"type":"Polygon","coordinates":[[[76.9408223,28.443676],[76.9408239,28.4437668],[76.9407791,28.4437447],[76.9407774,28.443654],[76.9408223,28.443676]]]}},{"type":"Feature","properties":{"v":"Garhi Harsaru","m":"33","k":"19/13","t":"Harsaru","vc":"01173","area":43.8,"lat":28.4436883,"lng":76.9407559},"geometry":{"type":"Polygon","coordinates":[[[76.9407774,28.443654],[76.9407791,28.4437447],[76.9407343,28.4437226],[76.9407326,28.4436319],[76.9407774,28.443654]]]}},{"type":"Feature","properties":{"v":"Garhi Harsaru","m":"33","k":"19/14","t":"Harsaru","vc":"01173","area":43.8,"lat":28.4436662,"lng":76.940711},"geometry":{"type":"Polygon","coordinates":[[[76.9407326,28.4436319],[76.9407343,28.4437226],[76.9406894,28.4437005],[76.9406878,28.4436098],[76.9407326,28.4436319]]]}},{"type":"Feature","properties":{"v":"Garhi Harsaru","m":"33","k":"19/15","t":"Harsaru","vc":"01173","area":58.4,"lat":28.4436404,"lng":76.9406587},"geometry":{"type":"Polygon","coordinates":[[[76.9406878,28.4436098],[76.9406894,28.4437005],[76.9406297,28.443671],[76.940628,28.4435803],[76.9406878,28.4436098]]]}},{"type":"Feature","properties":{"v":"Garhi Harsaru","m":"35","k":"1/1/1","t":"Harsaru","vc":"01173","area":137.8,"lat":28.4428795,"lng":76.9399266},"geometry":{"type":"Polygon","coordinates":[[[76.9399546,28.4427732],[76.9399584,28.4429849],[76.9398986,28.4429858],[76.9398947,28.4427741],[76.9399546,28.4427732]]]}},{"type":"Feature","properties":{"v":"Garhi Harsaru","m":"35","k":"1/1/2","t":"Harsaru","vc":"01173","area":403.5,"lat":28.4428787,"lng":76.9400442},"geometry":{"type":"Polygon","coordinates":[[[76.940138,28.4429823],[76.9399584,28.4429849],[76.9399546,28.4427732],[76.9401256,28.4427708],[76.940138,28.4429823]]]}},{"type":"Feature","properties":{"v":"Garhi Harsaru","m":"35","k":"1/2/2","t":"Harsaru","vc":"01173","area":213.8,"lat":28.4424647,"lng":76.9403767},"geometry":{"type":"Polygon","coordinates":[[[76.9402148,28.4424973],[76.9402137,28.4424368],[76.9405387,28.4424322],[76.9405398,28.4424927],[76.9402148,28.4424973]]]}},{"type":"Feature","properties":{"v":"Garhi Harsaru","m":"35","k":"1/2/3","t":"Harsaru","vc":"01173","area":61.8,"lat":28.4425151,"lng":76.9405573},"geometry":{"type":"Polygon","coordinates":[[[76.9405729,28.4424317],[76.9405748,28.4425376],[76.9405759,28.442598],[76.9405417,28.4425985],[76.9405398,28.4424927],[76.9405387,28.4424322],[76.9405729,28.4424317]]]}},{"type":"Feature","properties":{"v":"Garhi Harsaru","m":"35","k":"10/2","t":"Harsaru","vc":"01173","area":160.3,"lat":28.4424118,"lng":76.9403758},"geometry":{"type":"Polygon","coordinates":[[[76.9405387,28.4424322],[76.9402137,28.4424368],[76.9402128,28.4423915],[76.9405378,28.4423868],[76.9405387,28.4424322]]]}},{"type":"Feature","properties":{"v":"Garhi Harsaru","m":"35","k":"10/1","t":"Harsaru","vc":"01173","area":16.9,"lat":28.4424093,"lng":76.9405553},"geometry":{"type":"Polygon","coordinates":[[[76.9405729,28.4424317],[76.9405387,28.4424322],[76.9405378,28.4423868],[76.940572,28.4423864],[76.9405729,28.4424317]]]}},{"type":"Feature","properties":{"v":"Garhi Harsaru","m":"36","k":"5/2/1","t":"Harsaru","vc":"01173","area":405.2,"lat":28.4427185,"lng":76.9395515},"geometry":{"type":"Polygon","coordinates":[[[76.9395123,28.4424468],[76.9395807,28.4424458],[76.9395907,28.4429901],[76.9395222,28.4429911],[76.9395123,28.4424468]]]}},{"type":"Feature","properties":{"v":"Garhi Harsaru","m":"32","k":"25/2/1","t":"Harsaru","vc":"01173","area":202.6,"lat":28.4431268,"lng":76.9395596},"geometry":{"type":"Polygon","coordinates":[[[76.9395222,28.4429911],[76.9395907,28.4429901],[76.9395912,28.4430204],[76.9395959,28.4432774],[76.9395269,28.4432481],[76.9395222,28.4429911]]]}},{"type":"Feature","properties":{"v":"Garhi Harsaru","m":"32","k":"25/2/3","t":"Harsaru","vc":"01173","area":101.3,"lat":28.4430031,"lng":76.9397448},"geometry":{"type":"Polygon","coordinates":[[[76.9398986,28.4429858],[76.9398991,28.443016],[76.9395912,28.4430204],[76.9395907,28.4429901],[76.9398986,28.4429858]]]}},{"type":"Feature","properties":{"v":"Garhi Harsaru","m":"33","k":"21/2/2","t":"Harsaru","vc":"01173","area":1121.7,"lat":28.443238,"lng":76.9400924},"geometry":{"type":"Polygon","coordinates":[[[76.9399675,28.443015],[76.9401985,28.4430117],[76.9402077,28.4435197],[76.9399746,28.4434003],[76.9399675,28.443015]]]}},{"type":"Feature","properties":{"v":"Garhi Harsaru","m":"33","k":"21/2/1","t":"Harsaru","vc":"01173","area":281.2,"lat":28.4432045,"lng":76.939937},"geometry":{"type":"Polygon","coordinates":[[[76.9399675,28.443015],[76.9399746,28.4434003],[76.9399059,28.4433867],[76.9398991,28.443016],[76.9399675,28.443015]]]}},{"type":"Feature","properties":{"v":"Garhi Harsaru","m":"33","k":"21/2/4","t":"Harsaru","vc":"01173","area":225.1,"lat":28.442996,"lng":76.9402411},"geometry":{"type":"Polygon","coordinates":[[[76.9398986,28.4429858],[76.9399584,28.4429849],[76.940138,28.4429823],[76.9405828,28.442976],[76.9405833,28.4430063],[76.9401985,28.4430117],[76.9399675,28.443015],[76.9398991,28.443016],[76.9398986,28.4429858]]]}},{"type":"Feature","properties":{"v":"Garhi Harsaru","m":"36","k":"4/1","t":"Harsaru","vc":"01173","area":201.5,"lat":28.4426412,"lng":76.9385494},"geometry":{"type":"Polygon","coordinates":[[[76.9385783,28.4428347],[76.9385265,28.4428087],[76.9385202,28.4424609],[76.9385715,28.4424602],[76.9385783,28.4428347]]]}},{"type":"Feature","properties":{"v":"Garhi Harsaru","m":"36","k":"7/2/2","t":"Harsaru","vc":"01173","area":278.4,"lat":28.4421657,"lng":76.9385405},"geometry":{"type":"Polygon","coordinates":[[[76.9385616,28.4419159],[76.9385707,28.4424148],[76.9385194,28.4424156],[76.9385103,28.4419166],[76.9385616,28.4419159]]]}},{"type":"Feature","properties":{"v":"Garhi Harsaru","m":"36","k":"14/1","t":"Harsaru","vc":"01173","area":243.0,"lat":28.4416809,"lng":76.9385288},"geometry":{"type":"Polygon","coordinates":[[[76.9385103,28.4419166],[76.9385012,28.4414177],[76.9385411,28.4414307],[76.9385616,28.4419159],[76.9385103,28.4419166]]]}},{"type":"Feature","properties":{"v":"Garhi Harsaru","m":"36","k":"2/2","t":"Harsaru","vc":"01173","area":810.0,"lat":28.4427438,"lng":76.9377725},"geometry":{"type":"Polygon","coordinates":[[[76.9378359,28.4424707],[76.9378459,28.443015],[76.937709,28.4430169],[76.9376991,28.4424726],[76.9378359,28.4424707]]]}},{"type":"Feature","properties":{"v":"Garhi Harsaru","m":"36","k":"3/2","t":"Harsaru","vc":"01173","area":302.4,"lat":28.4428902,"lng":76.938434},"geometry":{"type":"Polygon","coordinates":[[[76.9385287,28.4429296],[76.9383625,28.4430076],[76.9383466,28.4428112],[76.9385265,28.4428087],[76.9385287,28.4429296]]]}},{"type":"Feature","properties":{"v":"Garhi Harsaru","m":"36","k":"11/1/2","t":"Harsaru","vc":"01173","area":1349.7,"lat":28.4417746,"lng":76.9367967},"geometry":{"type":"Polygon","coordinates":[[[76.9364562,28.4418702],[76.9364546,28.4417795],[76.9364529,28.4416888],[76.9371371,28.4416791],[76.9371404,28.4418605],[76.9364562,28.4418702]]]}},{"type":"Feature","properties":{"v":"Garhi Harsaru","m":"36","k":"11/2","t":"Harsaru","vc":"01173","area":2137.7,"lat":28.4415403,"lng":76.9367924},"geometry":{"type":"Polygon","coordinates":[[[76.9364529,28.4416888],[76.9364477,28.4414015],[76.9371319,28.4413918],[76.9371371,28.4416791],[76.9364529,28.4416888]]]}},{"type":"Feature","properties":{"v":"Garhi Harsaru","m":"37","k":"15/1","t":"Harsaru","vc":"01173","area":1237.3,"lat":28.4418675,"lng":76.936114},"geometry":{"type":"Polygon","coordinates":[[[76.9364576,28.4419458],[76.936047,28.4419516],[76.9357734,28.4419555],[76.9357703,28.4417892],[76.9364546,28.4417795],[76.9364562,28.4418702],[76.9364576,28.4419458]]]}},{"type":"Feature","properties":{"v":"Garhi Harsaru","m":"37","k":"6/2","t":"Harsaru","vc":"01173","area":719.8,"lat":28.4420745,"lng":76.9359124},"geometry":{"type":"Polygon","coordinates":[[[76.9357778,28.4421974],[76.9357734,28.4419555],[76.936047,28.4419516],[76.9360514,28.4421935],[76.9358633,28.4421962],[76.9357778,28.4421974]]]}},{"type":"Feature","properties":{"v":"Garhi Harsaru","m":"37","k":"27/1","t":"Harsaru","vc":"01173","area":254.4,"lat":28.4425343,"lng":76.9357582},"geometry":{"type":"Polygon","coordinates":[[[76.9358704,28.4425893],[76.9357849,28.4425905],[76.9356908,28.4425919],[76.9356221,28.4425021],[76.9356088,28.4424853],[76.9358685,28.4424835],[76.9358688,28.4424986],[76.9358704,28.4425893]]]}},{"type":"Feature","properties":{"v":"Garhi Harsaru","m":"37","k":"27/2/2","t":"Harsaru","vc":"01173","area":181.3,"lat":28.4422857,"lng":76.9355496},"geometry":{"type":"Polygon","coordinates":[[[76.9354212,28.4422479],[76.9356497,28.4422446],[76.9356512,28.4423278],[76.9354788,28.4423302],[76.9354212,28.4422479]]]}},{"type":"Feature","properties":{"v":"Garhi Harsaru","m":"37","k":"27/2/3","t":"Harsaru","vc":"01173","area":225.3,"lat":28.4422219,"lng":76.9356353},"geometry":{"type":"Polygon","coordinates":[[[76.9357778,28.4421974],[76.9358633,28.4421962],[76.9358641,28.4422416],[76.9356497,28.4422446],[76.9354212,28.4422479],[76.935393,28.4422029],[76.9357778,28.4421974]]]}},{"type":"Feature","properties":{"v":"Garhi Harsaru","m":"37","k":"14/2","t":"Harsaru","vc":"01173","area":1938.9,"lat":28.4416635,"lng":76.9351222},"geometry":{"type":"Polygon","coordinates":[[[76.9348367,28.4416016],[76.9349937,28.4414222],[76.9352845,28.441418],[76.9353115,28.4419621],[76.9351575,28.4419643],[76.9348367,28.4416016]]]}},{"type":"Feature","properties":{"v":"Garhi Harsaru","m":"37","k":"17/2/1/2","t":"Harsaru","vc":"01173","area":405.4,"lat":28.4411396,"lng":76.9357243},"geometry":{"type":"Polygon","coordinates":[[[76.9357536,28.4408669],[76.9357635,28.4414112],[76.935695,28.4414122],[76.9356896,28.4411144],[76.9356851,28.4408679],[76.9357536,28.4408669]]]}},{"type":"Feature","properties":{"v":"Garhi Harsaru","m":"42","k":"19/2","t":"Harsaru","vc":"01173","area":408.0,"lat":28.4383025,"lng":76.9337604},"geometry":{"type":"Polygon","coordinates":[[[76.9337541,28.4381731],[76.9339252,28.4381707],[76.9336578,28.4385223],[76.933655,28.4383711],[76.9337541,28.4381731]]]}},{"type":"Feature","properties":{"v":"Garhi Harsaru","m":"42","k":"19/3","t":"Harsaru","vc":"01173","area":109.7,"lat":28.4382396,"lng":76.9336869},"geometry":{"type":"Polygon","coordinates":[[[76.9336515,28.4381745],[76.9337541,28.4381731],[76.933655,28.4383711],[76.9336515,28.4381745]]]}},{"type":"Feature","properties":{"v":"Garhi Harsaru","m":"42","k":"22/2","t":"Harsaru","vc":"01173","area":1012.5,"lat":28.4378983,"lng":76.9339373},"geometry":{"type":"Polygon","coordinates":[[[76.9337541,28.4381731],[76.9339495,28.4376259],[76.9341205,28.4376235],[76.9339252,28.4381707],[76.9337541,28.4381731]]]}},{"type":"Feature","properties":{"v":"Garhi Harsaru","m":"42","k":"22/3","t":"Harsaru","vc":"01173","area":1215.0,"lat":28.4378554,"lng":76.9337569},"geometry":{"type":"Polygon","coordinates":[[[76.9336515,28.4381745],[76.9336471,28.4379326],[76.9336416,28.4376302],[76.9339495,28.4376259],[76.9337541,28.4381731],[76.9336515,28.4381745]]]}},{"type":"Feature","properties":{"v":"Garhi Harsaru","m":"42","k":"8/2/2","t":"Harsaru","vc":"01173","area":90.0,"lat":28.4392666,"lng":76.9344925},"geometry":{"type":"Polygon","coordinates":[[[76.9343555,28.4392534],[76.9346291,28.4392496],[76.9346297,28.4392798],[76.934356,28.4392837],[76.9343555,28.4392534]]]}},{"type":"Feature","properties":{"v":"Garhi Harsaru","m":"25","k":"8/1","t":"Harsaru","vc":"01173","area":1574.9,"lat":28.4475917,"lng":76.9418943},"geometry":{"type":"Polygon","coordinates":[[[76.9420406,28.4478552],[76.9418353,28.4478581],[76.9417669,28.4478591],[76.9417563,28.447277],[76.9420319,28.4473789],[76.9420406,28.4478552]]]}},{"type":"Feature","properties":{"v":"Garhi Harsaru","m":"25","k":"3/2/2","t":"Harsaru","vc":"01173","area":67.5,"lat":28.4478718,"lng":76.9419382},"geometry":{"type":"Polygon","coordinates":[[[76.9420412,28.4478854],[76.9418359,28.4478884],[76.9418353,28.4478581],[76.9420406,28.4478552],[76.9420412,28.4478854]]]}},{"type":"Feature","properties":{"v":"Garhi Harsaru","m":"25","k":"7/2/2","t":"Harsaru","vc":"01173","area":182.0,"lat":28.4476858,"lng":76.9424736},"geometry":{"type":"Polygon","coordinates":[[[76.9424967,28.4475311],[76.9425025,28.4478486],[76.9424512,28.4478494],[76.9424451,28.4475142],[76.9424967,28.4475311]]]}},{"type":"Feature","properties":{"v":"Garhi Harsaru","m":"25","k":"4/2/2","t":"Harsaru","vc":"01173","area":25.3,"lat":28.4478717,"lng":76.9424773},"geometry":{"type":"Polygon","coordinates":[[[76.9425033,28.447894],[76.942452,28.4478947],[76.9424512,28.4478494],[76.9425025,28.4478486],[76.9425033,28.447894]]]}},{"type":"Feature","properties":{"v":"Garhi Harsaru","m":"25","k":"2/2/1","t":"Harsaru","vc":"01173","area":548.8,"lat":28.4483305,"lng":76.941031},"geometry":{"type":"Polygon","coordinates":[[[76.9413654,28.4483639],[76.9407154,28.4483732],[76.9406798,28.448298],[76.9413641,28.4482883],[76.9413654,28.4483639]]]}},{"type":"Feature","properties":{"v":"Garhi Harsaru","m":"25","k":"3/1/2/1","t":"Harsaru","vc":"01173","area":78.7,"lat":28.4478994,"lng":76.9415965},"geometry":{"type":"Polygon","coordinates":[[[76.9418359,28.4478884],[76.9418362,28.4479035],[76.9413572,28.4479103],[76.9413569,28.4478952],[76.9418359,28.4478884]]]}},{"type":"Feature","properties":{"v":"Garhi Harsaru","m":"25","k":"3/1/2/2","t":"Harsaru","vc":"01173","area":33.8,"lat":28.4478945,"lng":76.9419388},"geometry":{"type":"Polygon","coordinates":[[[76.9420412,28.4478854],[76.9420414,28.4479006],[76.9418362,28.4479035],[76.9418359,28.4478884],[76.9420412,28.4478854]]]}},{"type":"Feature","properties":{"v":"Garhi Harsaru","m":"25","k":"11/1","t":"Harsaru","vc":"01173","area":127.1,"lat":28.4469156,"lng":76.9405598},"geometry":{"type":"Polygon","coordinates":[[[76.9405164,28.4468412],[76.9406021,28.4468534],[76.9406045,28.4469834],[76.940519,28.4469846],[76.9405164,28.4468412]]]}},{"type":"Feature","properties":{"v":"Garhi Harsaru","m":"26","k":"6/2/1","t":"Harsaru","vc":"01173","area":843.8,"lat":28.447815,"lng":76.9395588},"geometry":{"type":"Polygon","coordinates":[[[76.939814,28.4477357],[76.9398167,28.4478869],[76.9393035,28.4478942],[76.9393008,28.447743],[76.939814,28.4477357]]]}},{"type":"Feature","properties":{"v":"Garhi Harsaru","m":"26","k":"2/1","t":"Harsaru","vc":"01173","area":200.7,"lat":28.448197,"lng":76.9372047},"geometry":{"type":"Polygon","coordinates":[[[76.9373291,28.4484667],[76.9370455,28.4479263],[76.9370791,28.4479258],[76.9373633,28.4484662],[76.9373291,28.4484667]]]}},{"type":"Feature","properties":{"v":"Garhi Harsaru","m":"26","k":"9/1/2","t":"Harsaru","vc":"01173","area":241.5,"lat":28.4478717,"lng":76.9371601},"geometry":{"type":"Polygon","coordinates":[[[76.9370791,28.4479258],[76.9370242,28.4478213],[76.9372763,28.4478259],[76.9372679,28.4479231],[76.9372507,28.4479234],[76.9370791,28.4479258]]]}},{"type":"Feature","properties":{"v":"Garhi Harsaru","m":"26","k":"1/2","t":"Harsaru","vc":"01173","area":358.7,"lat":28.4481111,"lng":76.9370084},"geometry":{"type":"Polygon","coordinates":[[[76.9368824,28.4478007],[76.9372093,28.4484684],[76.9371922,28.4484687],[76.9371751,28.4484689],[76.9368384,28.4478471],[76.9368824,28.4478007]]]}},{"type":"Feature","properties":{"v":"Garhi Harsaru","m":"0","k":"90/1","t":"Harsaru","vc":"01173","area":16.9,"lat":28.4464895,"lng":76.9389443},"geometry":{"type":"Polygon","coordinates":[[[76.9389447,28.4464624],[76.9389727,28.4465004],[76.9389439,28.4465167],[76.9389158,28.4464787],[76.9389447,28.4464624]]]}},{"type":"Feature","properties":{"v":"Garhi Harsaru","m":"0","k":"98/2","t":"Harsaru","vc":"01173","area":470.7,"lat":28.4438502,"lng":76.9396596},"geometry":{"type":"Polygon","coordinates":[[[76.9394969,28.4438851],[76.9397333,28.4437059],[76.9398196,28.4437679],[76.939828,28.4437811],[76.939595,28.444009],[76.9394969,28.4438851]]]}},{"type":"Feature","properties":{"v":"Garhi Harsaru","m":"0","k":"99/2","t":"Harsaru","vc":"01173","area":1007.6,"lat":28.4435799,"lng":76.9394032},"geometry":{"type":"Polygon","coordinates":[[[76.9391486,28.443649],[76.9394639,28.4433936],[76.9396883,28.4434869],[76.9395782,28.4435708],[76.9392926,28.4437885],[76.9391486,28.443649]]]}},{"type":"Feature","properties":{"v":"Garhi Harsaru","m":"0","k":"235/2/1","t":"Harsaru","vc":"01173","area":183.6,"lat":28.4436072,"lng":76.9397676},"geometry":{"type":"Polygon","coordinates":[[[76.9398741,28.4435642],[76.9397333,28.4437059],[76.9396775,28.4436541],[76.9397656,28.4435193],[76.9398741,28.4435642]]]}},{"type":"Feature","properties":{"v":"Garhi Harsaru","m":"0","k":"235/2/1","t":"Harsaru","vc":"01173","area":167.3,"lat":28.4435632,"lng":76.9396749},"geometry":{"type":"Polygon","coordinates":[[[76.9396775,28.4436541],[76.9395782,28.4435708],[76.9396883,28.4434869],[76.9397656,28.4435193],[76.9396775,28.4436541]]]}},{"type":"Feature","properties":{"v":"Garhi Harsaru","m":"0","k":"236/1/2","t":"Harsaru","vc":"01173","area":373.9,"lat":28.4432017,"lng":76.938582},"geometry":{"type":"Polygon","coordinates":[[[76.938623,28.4430439],[76.9386439,28.4433536],[76.938537,28.4433851],[76.9385301,28.4430052],[76.938623,28.4430439]]]}},{"type":"Feature","properties":{"v":"Garhi Harsaru","m":"0","k":"228/1/2","t":"Harsaru","vc":"01173","area":152.0,"lat":28.4465128,"lng":76.9359418},"geometry":{"type":"Polygon","coordinates":[[[76.9359284,28.4467172],[76.9359209,28.446309],[76.9359552,28.4463085],[76.9359626,28.4467167],[76.9359284,28.4467172]]]}},{"type":"Feature","properties":{"v":"Garhi Harsaru","m":"25","k":"17/1","t":"Harsaru","vc":"01173","area":1799.9,"lat":28.4466408,"lng":76.9423607},"geometry":{"type":"Polygon","coordinates":[[[76.942705,28.4467569],[76.9420208,28.4467666],[76.9420163,28.4465247],[76.9427006,28.446515],[76.942705,28.4467569]]]}},{"type":"Feature","properties":{"v":"Garhi Harsaru","m":"25","k":"14","t":"Harsaru","vc":"01173","area":4119.6,"lat":28.4470433,"lng":76.9423949},"geometry":{"type":"Polygon","coordinates":[[[76.9420208,28.4467666],[76.942705,28.4467569],[76.9427149,28.4473012],[76.9427175,28.4474409],[76.9420285,28.44719],[76.9420208,28.4467666]]]}},{"type":"Feature","properties":{"v":"Garhi Harsaru","m":"25","k":"15","t":"Harsaru","vc":"01173","area":4050.3,"lat":28.4470242,"lng":76.9430521},"geometry":{"type":"Polygon","coordinates":[[[76.9433893,28.4467471],[76.9433992,28.4472914],[76.9427149,28.4473012],[76.942705,28.4467569],[76.9433893,28.4467471]]]}},{"type":"Feature","properties":{"v":"Garhi Harsaru","m":"25","k":"6","t":"Harsaru","vc":"01173","area":2009.8,"lat":28.4474411,"lng":76.9431148},"geometry":{"type":"Polygon","coordinates":[[[76.9427149,28.4473012],[76.9433992,28.4472914],[76.9434065,28.4476919],[76.9427175,28.4474409],[76.9427149,28.4473012]]]}},{"type":"Feature","properties":{"v":"Garhi Harsaru","m":"0","k":"226/1","t":"Harsaru","vc":"01173","area":179.6,"lat":28.4460681,"lng":76.9359336},"geometry":{"type":"Polygon","coordinates":[[[76.9359209,28.446309],[76.9359121,28.4458251],[76.9359465,28.4458297],[76.9359552,28.4463085],[76.9359209,28.446309]]]}},{"type":"Feature","properties":{"v":"Garhi Harsaru","m":"37","k":"5/2","t":"Harsaru","vc":"01173","area":862.9,"lat":28.44288,"lng":76.9362389},"geometry":{"type":"Polygon","coordinates":[[[76.9364724,28.4427623],[76.9364757,28.4429437],[76.9360472,28.442981],[76.9359288,28.4428517],[76.9364388,28.4427678],[76.9364724,28.4427623]]]}},{"type":"Feature","properties":{"v":"Garhi Harsaru","m":"37","k":"5/3","t":"Harsaru","vc":"01173","area":499.8,"lat":28.4427676,"lng":76.9361921},"geometry":{"type":"Polygon","coordinates":[[[76.9364708,28.4426715],[76.9364724,28.4427623],[76.9364388,28.4427678],[76.9359288,28.4428517],[76.9358696,28.4427871],[76.9364217,28.4426863],[76.9364708,28.4426715]]]}},{"type":"Feature","properties":{"v":"Garhi Harsaru","m":"37","k":"5/4","t":"Harsaru","vc":"01173","area":555.9,"lat":28.4426922,"lng":76.9361623},"geometry":{"type":"Polygon","coordinates":[[[76.9364708,28.4426715],[76.9364217,28.4426863],[76.9358696,28.4427871],[76.9358104,28.4427224],[76.9364047,28.4426048],[76.9364691,28.4425808],[76.9364708,28.4426715]]]}},{"type":"Feature","properties":{"v":"Garhi Harsaru","m":"37","k":"5/5","t":"Harsaru","vc":"01173","area":1186.4,"lat":28.442586,"lng":76.9360864},"geometry":{"type":"Polygon","coordinates":[[[76.9358688,28.4424986],[76.9364675,28.4424901],[76.9364691,28.4425808],[76.9364047,28.4426048],[76.9358104,28.4427224],[76.9356908,28.4425919],[76.9357849,28.4425905],[76.9358704,28.4425893],[76.9358688,28.4424986]]]}},{"type":"Feature","properties":{"v":"Garhi Harsaru","m":"0","k":"54/1","t":"Harsaru","vc":"01173","area":1264.9,"lat":28.4455153,"lng":76.94546},"geometry":{"type":"Polygon","coordinates":[[[76.9459182,28.4456221],[76.9454222,28.4456292],[76.945234,28.4456319],[76.9452286,28.4453372],[76.9452278,28.4452919],[76.9459182,28.4456221]]]}},{"type":"Feature","properties":{"v":"Garhi Harsaru","m":"37","k":"17/2/2","t":"Harsaru","vc":"01173","area":360.2,"lat":28.4410063,"lng":76.9356135},"geometry":{"type":"Polygon","coordinates":[[[76.9356851,28.4408679],[76.9356896,28.4411144],[76.9355627,28.4411135],[76.9354949,28.4409998],[76.9356509,28.4408684],[76.9356851,28.4408679]]]}},{"type":"Feature","properties":{"v":"Garhi Harsaru","m":"37","k":"17/2/1/1/3/1","t":"Harsaru","vc":"01173","area":287.3,"lat":28.4412814,"lng":76.9352759},"geometry":{"type":"Polygon","coordinates":[[[76.9352734,28.4413805],[76.9351423,28.4412969],[76.9352785,28.4411822],[76.9354096,28.4412658],[76.9352734,28.4413805]]]}},{"type":"Feature","properties":{"v":"Garhi Harsaru","m":"37","k":"17/2/1/1/2","t":"Harsaru","vc":"01173","area":287.4,"lat":28.4411666,"lng":76.9354121},"geometry":{"type":"Polygon","coordinates":[[[76.9354096,28.4412658],[76.9352785,28.4411822],[76.9354147,28.4410674],[76.9355458,28.441151],[76.9354096,28.4412658]]]}},{"type":"Feature","properties":{"v":"Garhi Harsaru","m":"0","k":"37","t":"Harsaru","vc":"01173","area":232.0,"lat":28.4431966,"lng":76.9357046},"geometry":{"type":"Polygon","coordinates":[[[76.9356433,28.4432731],[76.9356392,28.4430463],[76.9357965,28.4432297],[76.9358315,28.4432704],[76.9357973,28.4432709],[76.9356433,28.4432731]]]}},{"type":"Feature","properties":{"v":"Garhi Harsaru","m":"0","k":"35","t":"Harsaru","vc":"01173","area":274.2,"lat":28.4441736,"lng":76.9347781},"geometry":{"type":"Polygon","coordinates":[[[76.9347989,28.4442667],[76.9346515,28.4441839],[76.9346839,28.4441488],[76.9347811,28.4440635],[76.9348507,28.4441464],[76.9348982,28.444203],[76.9347989,28.4442667]]]}},{"type":"Feature","properties":{"v":"Garhi Harsaru","m":"0","k":"31","t":"Harsaru","vc":"01173","area":47.0,"lat":28.4435281,"lng":76.9386425},"geometry":{"type":"Polygon","coordinates":[[[76.9387354,28.4435414],[76.9385818,28.4435505],[76.9386102,28.4434925],[76.9387354,28.4435414]]]}},{"type":"Feature","properties":{"v":"Garhi Harsaru","m":"35","k":"10/4","t":"Harsaru","vc":"01173","area":160.3,"lat":28.4424165,"lng":76.9400507},"geometry":{"type":"Polygon","coordinates":[[[76.9398886,28.4424415],[76.9398878,28.4423961],[76.9402128,28.4423915],[76.9402137,28.4424368],[76.9398886,28.4424415]]]}},{"type":"Feature","properties":{"v":"Garhi Harsaru","m":"0","k":"62","t":"Harsaru","vc":"01173","area":29564.6,"lat":28.4393515,"lng":76.9336107},"geometry":{"type":"Polygon","coordinates":[[[76.9345431,28.4400105],[76.9339548,28.4398036],[76.9329887,28.4393636],[76.932609,28.4392098],[76.93248,28.4391692],[76.9324317,28.439154],[76.9322075,28.4390833],[76.931651,28.4388719],[76.9315412,28.438899],[76.9309833,28.4386685],[76.9313232,28.4381966],[76.9319013,28.4384245],[76.9325196,28.4386682],[76.9329799,28.4388798],[76.9336686,28.4391172],[76.935046,28.439592],[76.9362296,28.4400001],[76.9358585,28.440321],[76.9357369,28.4404262],[76.9354485,28.4403268],[76.9351471,28.440223],[76.9345431,28.4400105]]]}},{"type":"Feature","properties":{"v":"Garhi Harsaru","m":"0","k":"271","t":"Harsaru","vc":"01173","area":562.1,"lat":28.4457831,"lng":76.9329905},"geometry":{"type":"Polygon","coordinates":[[[76.9336009,28.4457521],[76.9335188,28.4457986],[76.9331056,28.4458045],[76.9327806,28.4458091],[76.9327464,28.4458096],[76.9326608,28.4458108],[76.9325753,28.445812],[76.9324727,28.4458135],[76.9324213,28.4458142],[76.9324205,28.4457688],[76.9331048,28.4457591],[76.9336009,28.4457521]]]}},{"type":"Feature","properties":{"v":"Garhi Harsaru","m":"0","k":"274","t":"Harsaru","vc":"01173","area":1309.0,"lat":28.4430301,"lng":76.9302919},"geometry":{"type":"Polygon","coordinates":[[[76.9316869,28.443057],[76.9323711,28.4430473],[76.9323377,28.4430932],[76.9316877,28.4431024],[76.9310035,28.4431121],[76.9303192,28.4431218],[76.9302679,28.4431225],[76.930258,28.4425782],[76.9303094,28.4425775],[76.9303184,28.4430764],[76.9310027,28.4430667],[76.9316869,28.443057]]]}},{"type":"Feature","properties":{"v":"Garhi Harsaru","m":"0","k":"280","t":"Harsaru","vc":"01173","area":371.4,"lat":28.4408328,"lng":76.9328271},"geometry":{"type":"Polygon","coordinates":[[[76.9330161,28.4408755],[76.9326398,28.4408809],[76.9326381,28.4407901],[76.9330145,28.4407848],[76.9330158,28.4408604],[76.9330161,28.4408755]]]}},{"type":"Feature","properties":{"v":"Garhi Harsaru","m":"0","k":"72","t":"Harsaru","vc":"01173","area":3647.2,"lat":28.4398948,"lng":76.9290273},"geometry":{"type":"Polygon","coordinates":[[[76.9301493,28.4390931],[76.9298567,28.4393172],[76.9295701,28.4395481],[76.9291311,28.4398719],[76.9284738,28.4404257],[76.9281375,28.4406866],[76.9280607,28.4407462],[76.9280167,28.4407804],[76.9279685,28.4407149],[76.9279394,28.4406753],[76.9279421,28.4406732],[76.9279816,28.440642],[76.9282514,28.4404288],[76.9286257,28.4401513],[76.9289429,28.4398746],[76.9292803,28.4396102],[76.9295668,28.4393667],[76.9296333,28.4393204],[76.9299431,28.4391046],[76.9300366,28.4390388],[76.9301493,28.4390931]]]}},{"type":"Feature","properties":{"v":"Garhi Harsaru","m":"0","k":"64","t":"Harsaru","vc":"01173","area":3219.5,"lat":28.4401089,"lng":76.9312844},"geometry":{"type":"Polygon","coordinates":[[[76.9313513,28.4404741],[76.9312449,28.4403864],[76.9309519,28.4402696],[76.9310811,28.4398443],[76.9310903,28.4398139],[76.9312956,28.439811],[76.9313982,28.4398096],[76.9315443,28.4398075],[76.9315429,28.4398378],[76.9315186,28.4403826],[76.9313513,28.4404741]]]}},{"type":"Feature","properties":{"v":"Garhi Harsaru","m":"0","k":"64/1","t":"Harsaru","vc":"01173","area":1264.6,"lat":28.4393399,"lng":76.9314924},"geometry":{"type":"Polygon","coordinates":[[[76.9316854,28.439015],[76.931618,28.4392023],[76.9316128,28.4392168],[76.9315682,28.4393175],[76.9313982,28.4398096],[76.9312956,28.439811],[76.9313472,28.4396354],[76.9315412,28.438899],[76.9316854,28.439015]]]}},{"type":"Feature","properties":{"v":"Garhi Harsaru","m":"0","k":"26","t":"Harsaru","vc":"01173","area":194.3,"lat":28.4392912,"lng":76.9316736},"geometry":{"type":"Polygon","coordinates":[[[76.9316128,28.4392168],[76.9317805,28.4392745],[76.9317428,28.4393588],[76.9315682,28.4393175],[76.9316128,28.4392168]]]}},{"type":"Feature","properties":{"v":"Garhi Harsaru","m":"0","k":"126/1/2","t":"Harsaru","vc":"01173","area":190.0,"lat":28.4391307,"lng":76.9317274},"geometry":{"type":"Polygon","coordinates":[[[76.9318372,28.439148],[76.9318183,28.4391901],[76.9317067,28.4391518],[76.9316752,28.439222],[76.9316339,28.4392078],[76.9316976,28.4390257],[76.9318372,28.439148]]]}},{"type":"Feature","properties":{"v":"Garhi Harsaru","m":"0","k":"122","t":"Harsaru","vc":"01173","area":2792.8,"lat":28.4399907,"lng":76.9326039},"geometry":{"type":"Polygon","coordinates":[[[76.9323149,28.4399478],[76.9322015,28.4398284],[76.9324595,28.4396325],[76.9330021,28.4401044],[76.9327331,28.4403653],[76.9323149,28.4399478]]]}},{"type":"Feature","properties":{"v":"Garhi Harsaru","m":"0","k":"123","t":"Harsaru","vc":"01173","area":512.1,"lat":28.4396758,"lng":76.932277},"geometry":{"type":"Polygon","coordinates":[[[76.9324595,28.4396325],[76.9322015,28.4398284],[76.932111,28.4397259],[76.9323127,28.4395283],[76.9324595,28.4396325]]]}},{"type":"Feature","properties":{"v":"Garhi Harsaru","m":"0","k":"124","t":"Harsaru","vc":"01173","area":496.2,"lat":28.4395623,"lng":76.932156},"geometry":{"type":"Polygon","coordinates":[[[76.932111,28.4397259],[76.9320175,28.4395993],[76.932163,28.4394042],[76.9323127,28.4395283],[76.932111,28.4397259]]]}},{"type":"Feature","properties":{"v":"Garhi Harsaru","m":"0","k":"125","t":"Harsaru","vc":"01173","area":986.5,"lat":28.4393771,"lng":76.9319437},"geometry":{"type":"Polygon","coordinates":[[[76.9320175,28.4395993],[76.9317428,28.4393588],[76.9317805,28.4392745],[76.9317868,28.4392604],[76.9318183,28.4391901],[76.9318372,28.439148],[76.932163,28.4394042],[76.9320175,28.4395993]]]}},{"type":"Feature","properties":{"v":"Garhi Harsaru","m":"0","k":"127","t":"Harsaru","vc":"01173","area":2117.8,"lat":28.4393541,"lng":76.9310987},"geometry":{"type":"Polygon","coordinates":[[[76.9309373,28.4394607],[76.9305923,28.4393068],[76.93069,28.4391472],[76.9312405,28.4393914],[76.9315412,28.438899],[76.9313472,28.4396354],[76.9309373,28.4394607]]]}},{"type":"Feature","properties":{"v":"Garhi Harsaru","m":"0","k":"128","t":"Harsaru","vc":"01173","area":445.9,"lat":28.4389653,"lng":76.9297894},"geometry":{"type":"Polygon","coordinates":[[[76.9299431,28.4391046],[76.929558,28.4388829],[76.9295566,28.4388073],[76.9300366,28.4390388],[76.9299431,28.4391046]]]}},{"type":"Feature","properties":{"v":"Garhi Harsaru","m":"0","k":"275","t":"Harsaru","vc":"01173","area":569.6,"lat":28.4388049,"lng":76.9286616},"geometry":{"type":"Polygon","coordinates":[[[76.9288724,28.4388169],[76.9281882,28.4388266],[76.9277948,28.4388322],[76.9277942,28.438802],[76.9279482,28.4387998],[76.9281877,28.4387964],[76.92841,28.4387932],[76.9284442,28.4387928],[76.9287521,28.4387884],[76.9294987,28.4387778],[76.9295566,28.4388073],[76.9288724,28.4388169]]]}},{"type":"Feature","properties":{"v":"Garhi Harsaru","m":"0","k":"55","t":"Harsaru","vc":"01173","area":881.8,"lat":28.4383049,"lng":76.928367},"geometry":{"type":"Polygon","coordinates":[[[76.9281806,28.4384033],[76.9281778,28.4382521],[76.9281754,28.438116],[76.928745,28.4383953],[76.9284371,28.4383997],[76.9284029,28.4384001],[76.9281806,28.4384033]]]}},{"type":"Feature","properties":{"v":"Garhi Harsaru","m":"0","k":"73/1","t":"Harsaru","vc":"01173","area":4053.1,"lat":28.4381011,"lng":76.9318072},"geometry":{"type":"Polygon","coordinates":[[[76.9321291,28.4381961],[76.9324421,28.4385746],[76.9325196,28.4386682],[76.9319013,28.4384245],[76.9315062,28.4379233],[76.9309048,28.437669],[76.9311679,28.4376653],[76.9312298,28.4376644],[76.9317677,28.4377978],[76.9319978,28.4380316],[76.9321291,28.4381961]]]}},{"type":"Feature","properties":{"v":"Garhi Harsaru","m":"28","k":"26","t":"Harsaru","vc":"01173","area":843.8,"lat":28.4483863,"lng":76.9323397},"geometry":{"type":"Polygon","coordinates":[[[76.9322087,28.4482369],[76.9324653,28.4482333],[76.9324707,28.4485357],[76.9322141,28.4485393],[76.9322087,28.4482369]]]}},{"type":"Feature","properties":{"v":"Garhi Harsaru","m":"28","k":"9","t":"Harsaru","vc":"01173","area":977.3,"lat":28.4476458,"lng":76.9309726},"geometry":{"type":"Polygon","coordinates":[[[76.9308085,28.4474704],[76.9310824,28.4474665],[76.9310905,28.4479122],[76.9310915,28.4479654],[76.9308717,28.447705],[76.9308215,28.4475842],[76.9307773,28.4474774],[76.9307745,28.4474708],[76.9308085,28.4474704]]]}},{"type":"Feature","properties":{"v":"Garhi Harsaru","m":"28","k":"25/2/1","t":"Harsaru","vc":"01173","area":506.1,"lat":28.4460836,"lng":76.932623},"geometry":{"type":"Polygon","coordinates":[[[76.9325753,28.445812],[76.9326608,28.4458108],[76.9326707,28.4463551],[76.9325852,28.4463563],[76.9325753,28.445812]]]}},{"type":"Feature","properties":{"v":"Garhi Harsaru","m":"28","k":"13","t":"Harsaru","vc":"01173","area":4050.0,"lat":28.4471895,"lng":76.9314196},"geometry":{"type":"Polygon","coordinates":[[[76.9310824,28.4474665],[76.9310726,28.4469222],[76.9317568,28.4469125],[76.9317667,28.4474568],[76.9310824,28.4474665]]]}},{"type":"Feature","properties":{"v":"Garhi Harsaru","m":"28","k":"14/1","t":"Harsaru","vc":"01173","area":2329.2,"lat":28.4471818,"lng":76.9319585},"geometry":{"type":"Polygon","coordinates":[[[76.9317667,28.4474568],[76.9317568,28.4469125],[76.9321332,28.4469071],[76.9321503,28.4469069],[76.9321602,28.4474512],[76.9317667,28.4474568]]]}},{"type":"Feature","properties":{"v":"Garhi Harsaru","m":"28","k":"8","t":"Harsaru","vc":"01173","area":4041.8,"lat":28.4477333,"lng":76.9314302},"geometry":{"type":"Polygon","coordinates":[[[76.9317667,28.4474568],[76.9317766,28.4480011],[76.9311562,28.4480099],[76.9311296,28.4480103],[76.9311265,28.4480103],[76.9310915,28.4479654],[76.9310905,28.4479122],[76.9310824,28.4474665],[76.9317667,28.4474568]]]}},{"type":"Feature","properties":{"v":"Garhi Harsaru","m":"28","k":"7/2","t":"Harsaru","vc":"01173","area":2328.8,"lat":28.4477261,"lng":76.9319684},"geometry":{"type":"Polygon","coordinates":[[[76.9317667,28.4474568],[76.9321602,28.4474512],[76.93217,28.4479955],[76.9317766,28.4480011],[76.9317667,28.4474568]]]}},{"type":"Feature","properties":{"v":"Garhi Harsaru","m":"28","k":"6","t":"Harsaru","vc":"01173","area":4049.9,"lat":28.4477144,"lng":76.9327981},"geometry":{"type":"Polygon","coordinates":[[[76.9331451,28.4479817],[76.9324609,28.4479914],[76.932451,28.4474471],[76.9331353,28.4474374],[76.9331358,28.4474676],[76.9331424,28.4478305],[76.9331451,28.4479817]]]}},{"type":"Feature","properties":{"v":"Garhi Harsaru","m":"28","k":"25/4","t":"Harsaru","vc":"01173","area":1923.5,"lat":28.446079,"lng":76.932948},"geometry":{"type":"Polygon","coordinates":[[[76.9331155,28.4463488],[76.9327905,28.4463534],[76.9327806,28.4458091],[76.9331056,28.4458045],[76.9331105,28.4460766],[76.9331155,28.4463488]]]}},{"type":"Feature","properties":{"v":"Garhi Harsaru","m":"28","k":"24","t":"Harsaru","vc":"01173","area":4049.7,"lat":28.4460912,"lng":76.9320842},"geometry":{"type":"Polygon","coordinates":[[[76.9324312,28.4463585],[76.931747,28.4463682],[76.9317371,28.4458239],[76.9324213,28.4458142],[76.9324312,28.4463585]]]}},{"type":"Feature","properties":{"v":"Garhi Harsaru","m":"28","k":"23","t":"Harsaru","vc":"01173","area":4050.3,"lat":28.4461009,"lng":76.9313999},"geometry":{"type":"Polygon","coordinates":[[[76.931747,28.4463682],[76.9310627,28.4463779],[76.9310528,28.4458336],[76.9317371,28.4458239],[76.931747,28.4463682]]]}},{"type":"Feature","properties":{"v":"Garhi Harsaru","m":"28","k":"22","t":"Harsaru","vc":"01173","area":3948.4,"lat":28.4461082,"lng":76.9307241},"geometry":{"type":"Polygon","coordinates":[[[76.9310627,28.4463779],[76.9304127,28.4463871],[76.9303686,28.4458433],[76.9310528,28.4458336],[76.9310627,28.4463779]]]}},{"type":"Feature","properties":{"v":"Garhi Harsaru","m":"28","k":"19","t":"Harsaru","vc":"01173","area":3602.7,"lat":28.4466674,"lng":76.9307341},"geometry":{"type":"Polygon","coordinates":[[[76.9303793,28.4464329],[76.9303909,28.4464328],[76.9310635,28.4464232],[76.9310726,28.4469222],[76.9305439,28.4469297],[76.9305081,28.4469302],[76.9304251,28.446757],[76.9303836,28.4466703],[76.9303547,28.4466099],[76.9303538,28.4464333],[76.9303793,28.4464329]]]}},{"type":"Feature","properties":{"v":"Garhi Harsaru","m":"28","k":"18","t":"Harsaru","vc":"01173","area":3712.9,"lat":28.4466678,"lng":76.9314102},"geometry":{"type":"Polygon","coordinates":[[[76.9317568,28.4469125],[76.9310726,28.4469222],[76.9310635,28.4464232],[76.9317478,28.4464135],[76.9317568,28.4469125]]]}},{"type":"Feature","properties":{"v":"Garhi Harsaru","m":"28","k":"17/1","t":"Harsaru","vc":"01173","area":278.3,"lat":28.4466537,"lng":76.9324109},"geometry":{"type":"Polygon","coordinates":[[[76.9324411,28.4469028],[76.9323898,28.4469035],[76.9323807,28.4464046],[76.932432,28.4464038],[76.9324411,28.4469028]]]}},{"type":"Feature","properties":{"v":"Garhi Harsaru","m":"28","k":"16","t":"Harsaru","vc":"01173","area":4025.1,"lat":28.4466273,"lng":76.9327803},"geometry":{"type":"Polygon","coordinates":[[[76.9331254,28.4468931],[76.9324411,28.4469028],[76.932432,28.4464038],[76.9324834,28.4464031],[76.9324825,28.4463578],[76.9325852,28.4463563],[76.9326707,28.4463551],[76.9327562,28.4463539],[76.9327905,28.4463534],[76.9331155,28.4463488],[76.9331254,28.4468931]]]}},{"type":"Feature","properties":{"v":"Garhi Harsaru","m":"28","k":"15","t":"Harsaru","vc":"01173","area":4050.3,"lat":28.4471701,"lng":76.9327882},"geometry":{"type":"Polygon","coordinates":[[[76.9331254,28.4468931],[76.9331353,28.4474374],[76.932451,28.4474471],[76.9324411,28.4469028],[76.9331254,28.4468931]]]}},{"type":"Feature","properties":{"v":"Garhi Harsaru","m":"28","k":"12","t":"Harsaru","vc":"01173","area":2581.7,"lat":28.4471708,"lng":76.9308526},"geometry":{"type":"Polygon","coordinates":[[[76.9305439,28.4469297],[76.9310726,28.4469222],[76.9310824,28.4474665],[76.9308085,28.4474704],[76.9307745,28.4474708],[76.9306931,28.4473056],[76.9305081,28.4469302],[76.9305439,28.4469297]]]}},{"type":"Feature","properties":{"v":"Garhi Harsaru","m":"28","k":"5","t":"Harsaru","vc":"01173","area":4049.8,"lat":28.4482587,"lng":76.9328079},"geometry":{"type":"Polygon","coordinates":[[[76.933155,28.448526],[76.9324707,28.4485357],[76.9324653,28.4482333],[76.9324609,28.4479914],[76.9331451,28.4479817],[76.933155,28.448526]]]}},{"type":"Feature","properties":{"v":"Garhi Harsaru","m":"28","k":"4/1","t":"Harsaru","vc":"01173","area":1406.3,"lat":28.4483911,"lng":76.9319976},"geometry":{"type":"Polygon","coordinates":[[[76.9322087,28.4482369],[76.9322141,28.4485393],[76.9317865,28.4485454],[76.931781,28.448243],[76.9322087,28.4482369]]]}},{"type":"Feature","properties":{"v":"Garhi Harsaru","m":"28","k":"3","t":"Harsaru","vc":"01173","area":2632.4,"lat":28.4482348,"lng":76.9315426},"geometry":{"type":"Polygon","coordinates":[[[76.9311296,28.4480103],[76.9311562,28.4480099],[76.9317766,28.4480011],[76.931781,28.448243],[76.9317865,28.4485454],[76.9315927,28.4485481],[76.9315641,28.4485485],[76.931547,28.4485488],[76.9312506,28.4481692],[76.9311297,28.4480143],[76.9311265,28.4480103],[76.9311296,28.4480103]]]}},{"type":"Feature","properties":{"v":"Garhi Harsaru","m":"30","k":"26","t":"Harsaru","vc":"01173","area":1361.2,"lat":28.4445566,"lng":76.9325867},"geometry":{"type":"Polygon","coordinates":[[[76.9324016,28.4447256],[76.9323956,28.4443929],[76.9327719,28.4443876],[76.9327779,28.4447202],[76.9324016,28.4447256]]]}},{"type":"Feature","properties":{"v":"Garhi Harsaru","m":"30","k":"13/1","t":"Harsaru","vc":"01173","area":2936.5,"lat":28.4445288,"lng":76.931276},"geometry":{"type":"Polygon","coordinates":[[[76.9307423,28.4447491],[76.9313824,28.4441956],[76.9315535,28.4441932],[76.9315634,28.4447375],[76.9310331,28.444745],[76.9307423,28.4447491]]]}},{"type":"Feature","properties":{"v":"Garhi Harsaru","m":"30","k":"25","t":"Harsaru","vc":"01173","area":4202.1,"lat":28.4434032,"lng":76.9326808},"geometry":{"type":"Polygon","coordinates":[[[76.9330661,28.4436273],[76.9323818,28.443637],[76.9320226,28.4436421],[76.9326799,28.4430883],[76.9330562,28.443083],[76.9330661,28.4436273]]]}},{"type":"Feature","properties":{"v":"Garhi Harsaru","m":"30","k":"24","t":"Harsaru","vc":"01173","area":1923.7,"lat":28.4432808,"lng":76.9319077},"geometry":{"type":"Polygon","coordinates":[[[76.9316877,28.4431024],[76.9323377,28.4430932],[76.9316976,28.4436467],[76.9316877,28.4431024]]]}},{"type":"Feature","properties":{"v":"Garhi Harsaru","m":"30","k":"23","t":"Harsaru","vc":"01173","area":4050.1,"lat":28.4433794,"lng":76.9313505},"geometry":{"type":"Polygon","coordinates":[[[76.9316976,28.4436467],[76.9310133,28.4436564],[76.9310035,28.4431121],[76.9316877,28.4431024],[76.9316976,28.4436467]]]}},{"type":"Feature","properties":{"v":"Garhi Harsaru","m":"30","k":"22","t":"Harsaru","vc":"01173","area":4050.1,"lat":28.4433891,"lng":76.9306663},"geometry":{"type":"Polygon","coordinates":[[[76.9310133,28.4436564],[76.9303291,28.4436661],[76.9303192,28.4431218],[76.9310035,28.4431121],[76.9310133,28.4436564]]]}},{"type":"Feature","properties":{"v":"Garhi Harsaru","m":"30","k":"21","t":"Harsaru","vc":"01173","area":4022.3,"lat":28.443397,"lng":76.9299842},"geometry":{"type":"Polygon","coordinates":[[[76.9302679,28.4431225],[76.9303192,28.4431218],[76.9303291,28.4436661],[76.9297358,28.4436745],[76.9297133,28.4436748],[76.9296925,28.4436525],[76.9296435,28.4436002],[76.9296423,28.4435368],[76.929635,28.4431314],[76.9302679,28.4431225]]]}},{"type":"Feature","properties":{"v":"Garhi Harsaru","m":"30","k":"20","t":"Harsaru","vc":"01173","area":3088.2,"lat":28.4439256,"lng":76.9300701},"geometry":{"type":"Polygon","coordinates":[[[76.9297358,28.4436745],[76.9303291,28.4436661],[76.930339,28.4442104],[76.9299572,28.4442158],[76.9299113,28.4442164],[76.9297133,28.4436748],[76.9297358,28.4436745]]]}},{"type":"Feature","properties":{"v":"Garhi Harsaru","m":"30","k":"19","t":"Harsaru","vc":"01173","area":4049.8,"lat":28.4439334,"lng":76.9306761},"geometry":{"type":"Polygon","coordinates":[[[76.9310133,28.4436564],[76.9310232,28.4442007],[76.930339,28.4442104],[76.9303291,28.4436661],[76.9310133,28.4436564]]]}},{"type":"Feature","properties":{"v":"Garhi Harsaru","m":"30","k":"18","t":"Harsaru","vc":"01173","area":2025.2,"lat":28.4438346,"lng":76.9312447},"geometry":{"type":"Polygon","coordinates":[[[76.9310133,28.4436564],[76.9316976,28.4436467],[76.9310232,28.4442007],[76.9310133,28.4436564]]]}},{"type":"Feature","properties":{"v":"Garhi Harsaru","m":"30","k":"17","t":"Harsaru","vc":"01173","area":4050.1,"lat":28.4439575,"lng":76.9320197},"geometry":{"type":"Polygon","coordinates":[[[76.9323917,28.4441813],[76.9320667,28.4441859],[76.9317075,28.444191],[76.9315535,28.4441932],[76.9313824,28.4441956],[76.9320226,28.4436421],[76.9323818,28.443637],[76.9323917,28.4441813]]]}},{"type":"Feature","properties":{"v":"Garhi Harsaru","m":"30","k":"16","t":"Harsaru","vc":"01173","area":4050.4,"lat":28.4439043,"lng":76.9327289},"geometry":{"type":"Polygon","coordinates":[[[76.933076,28.4441716],[76.9323917,28.4441813],[76.9323818,28.443637],[76.9330661,28.4436273],[76.933076,28.4441716]]]}},{"type":"Feature","properties":{"v":"Garhi Harsaru","m":"30","k":"15","t":"Harsaru","vc":"01173","area":2688.5,"lat":28.4443939,"lng":76.9328158},"geometry":{"type":"Polygon","coordinates":[[[76.933085,28.4446705],[76.9330858,28.4447159],[76.9327779,28.4447202],[76.9327719,28.4443876],[76.9323956,28.4443929],[76.9323917,28.4441813],[76.933076,28.4441716],[76.933085,28.4446705]]]}},{"type":"Feature","properties":{"v":"Garhi Harsaru","m":"30","k":"14/1","t":"Harsaru","vc":"01173","area":2126.4,"lat":28.4444606,"lng":76.931892},"geometry":{"type":"Polygon","coordinates":[[[76.9317173,28.4447353],[76.9317075,28.444191],[76.9320667,28.4441859],[76.9320766,28.4447302],[76.9317173,28.4447353]]]}},{"type":"Feature","properties":{"v":"Garhi Harsaru","m":"30","k":"12","t":"Harsaru","vc":"01173","area":2249.6,"lat":28.4444087,"lng":76.9305707},"geometry":{"type":"Polygon","coordinates":[[[76.930339,28.4442104],[76.9310232,28.4442007],[76.9303499,28.4448151],[76.9303488,28.4447547],[76.930339,28.4442104]]]}},{"type":"Feature","properties":{"v":"Garhi Harsaru","m":"30","k":"11","t":"Harsaru","vc":"01173","area":2223.7,"lat":28.4445037,"lng":76.930182},"geometry":{"type":"Polygon","coordinates":[[[76.9299572,28.4442158],[76.930339,28.4442104],[76.9303488,28.4447547],[76.9303499,28.4448151],[76.9302235,28.4449166],[76.9301917,28.4449421],[76.9301217,28.4447608],[76.9301205,28.4447579],[76.9299362,28.4442808],[76.9299121,28.4442184],[76.9299113,28.4442164],[76.9299572,28.4442158]]]}},{"type":"Feature","properties":{"v":"Garhi Harsaru","m":"30","k":"9","t":"Harsaru","vc":"01173","area":3767.1,"lat":28.4450663,"lng":76.9306944},"geometry":{"type":"Polygon","coordinates":[[[76.9310331,28.444745],[76.931043,28.4452893],[76.9303587,28.445299],[76.9302708,28.4453002],[76.9302047,28.4453011],[76.9301991,28.4452439],[76.9301918,28.4451689],[76.9302523,28.4451227],[76.9307423,28.4447491],[76.9310331,28.444745]]]}},{"type":"Feature","properties":{"v":"Garhi Harsaru","m":"30","k":"8","t":"Harsaru","vc":"01173","area":4049.7,"lat":28.4450123,"lng":76.9313801},"geometry":{"type":"Polygon","coordinates":[[[76.9317272,28.4452796],[76.931043,28.4452893],[76.9310331,28.444745],[76.9315634,28.4447375],[76.9317173,28.4447353],[76.9317272,28.4452796]]]}},{"type":"Feature","properties":{"v":"Garhi Harsaru","m":"30","k":"7","t":"Harsaru","vc":"01173","area":4050.4,"lat":28.4450026,"lng":76.9320644},"geometry":{"type":"Polygon","coordinates":[[[76.9317272,28.4452796],[76.9317173,28.4447353],[76.9320766,28.4447302],[76.9324016,28.4447256],[76.9324115,28.4452699],[76.9317272,28.4452796]]]}},{"type":"Feature","properties":{"v":"Garhi Harsaru","m":"30","k":"6","t":"Harsaru","vc":"01173","area":4050.2,"lat":28.4449929,"lng":76.9327487},"geometry":{"type":"Polygon","coordinates":[[[76.9330957,28.4452602],[76.9324115,28.4452699],[76.9324016,28.4447256],[76.9327779,28.4447202],[76.9330858,28.4447159],[76.9330902,28.4449558],[76.9330929,28.4451035],[76.9330957,28.4452602]]]}},{"type":"Feature","properties":{"v":"Garhi Harsaru","m":"30","k":"5","t":"Harsaru","vc":"01173","area":3712.2,"lat":28.4455145,"lng":76.9327581},"geometry":{"type":"Polygon","coordinates":[[[76.9324115,28.4452699],[76.9330957,28.4452602],[76.9331048,28.4457591],[76.9324205,28.4457688],[76.9324115,28.4452699]]]}},{"type":"Feature","properties":{"v":"Garhi Harsaru","m":"30","k":"4","t":"Harsaru","vc":"01173","area":4050.1,"lat":28.4455469,"lng":76.9320743},"geometry":{"type":"Polygon","coordinates":[[[76.9317272,28.4452796],[76.9324115,28.4452699],[76.9324205,28.4457688],[76.9324213,28.4458142],[76.9317371,28.4458239],[76.9317272,28.4452796]]]}},{"type":"Feature","properties":{"v":"Garhi Harsaru","m":"30","k":"3","t":"Harsaru","vc":"01173","area":4050.0,"lat":28.4455566,"lng":76.93139},"geometry":{"type":"Polygon","coordinates":[[[76.931043,28.4452893],[76.9317272,28.4452796],[76.9317371,28.4458239],[76.9310528,28.4458336],[76.931043,28.4452893]]]}},{"type":"Feature","properties":{"v":"Garhi Harsaru","m":"30","k":"2","t":"Harsaru","vc":"01173","area":4700.4,"lat":28.4455602,"lng":76.9306496},"geometry":{"type":"Polygon","coordinates":[[[76.9310528,28.4458336],[76.9303686,28.4458433],[76.9303675,28.4457828],[76.9303343,28.4457834],[76.9302744,28.4457845],[76.9302047,28.4453011],[76.9302708,28.4453002],[76.9303587,28.445299],[76.931043,28.4452893],[76.9310528,28.4458336]]]}},{"type":"Feature","properties":{"v":"Garhi Harsaru","m":"29","k":"25","t":"Harsaru","vc":"01173","area":784.6,"lat":28.4432891,"lng":76.9295352},"geometry":{"type":"Polygon","coordinates":[[[76.9294166,28.4431345],[76.9294276,28.4431344],[76.929635,28.4431314],[76.9296423,28.4435368],[76.9296435,28.4436002],[76.9295653,28.4434854],[76.9293271,28.4431358],[76.9294166,28.4431345]]]}},{"type":"Feature","properties":{"v":"Garhi Harsaru","m":"39","k":"7","t":"Harsaru","vc":"01173","area":1142.7,"lat":28.4422397,"lng":76.9288076},"geometry":{"type":"Polygon","coordinates":[[[76.9287194,28.4420555],[76.928931,28.4420525],[76.9289396,28.4425248],[76.9289409,28.4425954],[76.9289409,28.4425968],[76.9289398,28.4425954],[76.9285622,28.442093],[76.9286744,28.4420562],[76.9287194,28.4420555]]]}},{"type":"Feature","properties":{"v":"Garhi Harsaru","m":"39","k":"14","t":"Harsaru","vc":"01173","area":1128.5,"lat":28.4417293,"lng":76.9288128},"geometry":{"type":"Polygon","coordinates":[[[76.9286409,28.4415122],[76.9289212,28.4415082],[76.9289291,28.4419467],[76.9289298,28.441986],[76.928931,28.4420525],[76.9287194,28.4420555],[76.9286744,28.4420562],[76.9286793,28.4420536],[76.9288739,28.441951],[76.9285791,28.4415131],[76.9286409,28.4415122]]]}},{"type":"Feature","properties":{"v":"Garhi Harsaru","m":"39","k":"24/1","t":"Harsaru","vc":"01173","area":129.0,"lat":28.440764,"lng":76.9281008},"geometry":{"type":"Polygon","coordinates":[[[76.9281856,28.4407491],[76.9281065,28.4408077],[76.9280611,28.4408412],[76.9280432,28.4408167],[76.9280167,28.4407804],[76.9280607,28.4407462],[76.9281375,28.4406866],[76.9281856,28.4407491]]]}},{"type":"Feature","properties":{"v":"Garhi Harsaru","m":"39","k":"25/2","t":"Harsaru","vc":"01173","area":1923.7,"lat":28.440688,"lng":76.9291716},"geometry":{"type":"Polygon","coordinates":[[[76.929339,28.4409579],[76.929014,28.4409625],[76.9290041,28.4404182],[76.9293291,28.4404136],[76.929339,28.4409579]]]}},{"type":"Feature","properties":{"v":"Garhi Harsaru","m":"39","k":"24/2/2","t":"Harsaru","vc":"01173","area":2923.7,"lat":28.4407147,"lng":76.9286559},"geometry":{"type":"Polygon","coordinates":[[[76.9289113,28.4409639],[76.9283468,28.4409719],[76.9283444,28.4408358],[76.9285251,28.4404249],[76.9286791,28.4404228],[76.9289015,28.4404196],[76.9289113,28.4409639]]]}},{"type":"Feature","properties":{"v":"Garhi Harsaru","m":"39","k":"23","t":"Harsaru","vc":"01173","area":675.2,"lat":28.4405134,"lng":76.9279764},"geometry":{"type":"Polygon","coordinates":[[[76.9277435,28.440436],[76.9278167,28.440435],[76.9282172,28.4404293],[76.9282514,28.4404288],[76.9279816,28.440642],[76.9279421,28.4406732],[76.9279394,28.4406753],[76.9277383,28.4404361],[76.9277435,28.440436]]]}},{"type":"Feature","properties":{"v":"Garhi Harsaru","m":"39","k":"17","t":"Harsaru","vc":"01173","area":3240.2,"lat":28.4412061,"lng":76.9286291},"geometry":{"type":"Polygon","coordinates":[[[76.9282323,28.4409735],[76.9283468,28.4409719],[76.9289113,28.4409639],[76.9289212,28.4415082],[76.9286409,28.4415122],[76.9285791,28.4415131],[76.9285766,28.4415099],[76.9282287,28.4410643],[76.9281587,28.4409746],[76.9282323,28.4409735]]]}},{"type":"Feature","properties":{"v":"Garhi Harsaru","m":"39","k":"16","t":"Harsaru","vc":"01173","area":4049.6,"lat":28.4412312,"lng":76.9292584},"geometry":{"type":"Polygon","coordinates":[[[76.9289212,28.4415082],[76.9289113,28.4409639],[76.929014,28.4409625],[76.929339,28.4409579],[76.9295955,28.4409542],[76.9296054,28.4414985],[76.9289212,28.4415082]]]}},{"type":"Feature","properties":{"v":"Garhi Harsaru","m":"39","k":"15","t":"Harsaru","vc":"01173","area":4050.2,"lat":28.4417755,"lng":76.9292682},"geometry":{"type":"Polygon","coordinates":[[[76.9296054,28.4414985],[76.9296153,28.4420428],[76.928931,28.4420525],[76.9289298,28.441986],[76.9289291,28.4419467],[76.9289212,28.4415082],[76.9296054,28.4414985]]]}},{"type":"Feature","properties":{"v":"Garhi Harsaru","m":"39","k":"6","t":"Harsaru","vc":"01173","area":4050.2,"lat":28.4423198,"lng":76.9292781},"geometry":{"type":"Polygon","coordinates":[[[76.9296153,28.4420428],[76.9296251,28.4425871],[76.9289923,28.4425961],[76.9289912,28.4425961],[76.9289409,28.4425968],[76.9289409,28.4425954],[76.9289396,28.4425248],[76.928931,28.4420525],[76.9296153,28.4420428]]]}},{"type":"Feature","properties":{"v":"Garhi Harsaru","m":"39","k":"5","t":"Harsaru","vc":"01173","area":2936.3,"lat":28.4428285,"lng":76.9293695},"geometry":{"type":"Polygon","coordinates":[[[76.9289912,28.4425961],[76.9289923,28.4425961],[76.9296251,28.4425871],[76.929635,28.4431314],[76.9294276,28.4431344],[76.9294166,28.4431345],[76.9293271,28.4431358],[76.929327,28.4431356],[76.9292035,28.4429633],[76.9289923,28.4426686],[76.9289409,28.4425968],[76.9289912,28.4425961]]]}},{"type":"Feature","properties":{"v":"Garhi Harsaru","m":"38","k":"5/2","t":"Harsaru","vc":"01173","area":1068.5,"lat":28.4426532,"lng":76.9325743},"geometry":{"type":"Polygon","coordinates":[[[76.9323665,28.4427903],[76.9323621,28.4425484],[76.9329007,28.4425407],[76.9326402,28.4427864],[76.9323665,28.4427903]]]}},{"type":"Feature","properties":{"v":"Garhi Harsaru","m":"38","k":"5/3","t":"Harsaru","vc":"01173","area":649.6,"lat":28.4429789,"lng":76.9329288},"geometry":{"type":"Polygon","coordinates":[[[76.9326799,28.4430883],[76.9330504,28.4427655],[76.9330551,28.4430225],[76.9330562,28.443083],[76.9326799,28.4430883]]]}},{"type":"Feature","properties":{"v":"Garhi Harsaru","m":"38","k":"5/1","t":"Harsaru","vc":"01173","area":382.5,"lat":28.4428747,"lng":76.9324593},"geometry":{"type":"Polygon","coordinates":[[[76.9326402,28.4427864],[76.9323711,28.4430473],[76.9323665,28.4427903],[76.9326402,28.4427864]]]}},{"type":"Feature","properties":{"v":"Garhi Harsaru","m":"38","k":"10/2","t":"Harsaru","vc":"01173","area":202.4,"lat":28.4423148,"lng":76.9296373},"geometry":{"type":"Polygon","coordinates":[[[76.9296495,28.4420424],[76.9296593,28.4425867],[76.9296251,28.4425871],[76.9296153,28.4420428],[76.9296495,28.4420424]]]}},{"type":"Feature","properties":{"v":"Garhi Harsaru","m":"38","k":"26","t":"Harsaru","vc":"01173","area":748.1,"lat":28.4418595,"lng":76.932418},"geometry":{"type":"Polygon","coordinates":[[[76.9322957,28.4417175],[76.932347,28.4417168],[76.9325351,28.4417141],[76.9325404,28.4420014],[76.9323522,28.4420041],[76.9323009,28.4420048],[76.9322957,28.4417175]]]}},{"type":"Feature","properties":{"v":"Garhi Harsaru","m":"38","k":"16/2","t":"Harsaru","vc":"01173","area":675.0,"lat":28.440956,"lng":76.9326754},"geometry":{"type":"Polygon","coordinates":[[[76.9330167,28.4409058],[76.9330183,28.4409965],[76.9323341,28.4410062],[76.9323324,28.4409155],[76.9326403,28.4409111],[76.9330167,28.4409058]]]}},{"type":"Feature","properties":{"v":"Garhi Harsaru","m":"38","k":"17/2","t":"Harsaru","vc":"01173","area":674.9,"lat":28.4409657,"lng":76.9319912},"geometry":{"type":"Polygon","coordinates":[[[76.9323341,28.4410062],[76.9316499,28.4410159],[76.9316482,28.4409252],[76.9323324,28.4409155],[76.9323341,28.4410062]]]}},{"type":"Feature","properties":{"v":"Garhi Harsaru","m":"38","k":"21/1","t":"Harsaru","vc":"01173","area":303.9,"lat":28.4406818,"lng":76.9296163},"geometry":{"type":"Polygon","coordinates":[[[76.929637,28.4404092],[76.9296469,28.4409535],[76.9295955,28.4409542],[76.9295857,28.4404099],[76.929637,28.4404092]]]}},{"type":"Feature","properties":{"v":"Garhi Harsaru","m":"38","k":"23/1","t":"Harsaru","vc":"01173","area":1721.3,"lat":28.4406606,"lng":76.9311045},"geometry":{"type":"Polygon","coordinates":[[[76.9312449,28.4403864],[76.9312548,28.4409307],[76.930964,28.4409349],[76.9309541,28.4403906],[76.9312449,28.4403864]]]}},{"type":"Feature","properties":{"v":"Garhi Harsaru","m":"38","k":"13","t":"Harsaru","vc":"01173","area":4050.2,"lat":28.4417465,"lng":76.9313209},"geometry":{"type":"Polygon","coordinates":[[[76.9309837,28.4420235],[76.9309739,28.4414792],[76.9316581,28.4414695],[76.931668,28.4420138],[76.9309837,28.4420235]]]}},{"type":"Feature","properties":{"v":"Garhi Harsaru","m":"38","k":"25","t":"Harsaru","vc":"01173","area":1822.5,"lat":28.4406412,"lng":76.9324814},"geometry":{"type":"Polygon","coordinates":[[[76.9326398,28.4408809],[76.9326403,28.4409111],[76.9323324,28.4409155],[76.9323226,28.4403712],[76.9326305,28.4403668],[76.9326362,28.4406843],[76.9326381,28.4407901],[76.9326398,28.4408809]]]}},{"type":"Feature","properties":{"v":"Garhi Harsaru","m":"38","k":"24","t":"Harsaru","vc":"01173","area":4050.2,"lat":28.4406482,"lng":76.9319854},"geometry":{"type":"Polygon","coordinates":[[[76.9316482,28.4409252],[76.9316383,28.4403809],[76.9323226,28.4403712],[76.9323324,28.4409155],[76.9316482,28.4409252]]]}},{"type":"Feature","properties":{"v":"Garhi Harsaru","m":"38","k":"23/2","t":"Harsaru","vc":"01173","area":2195.9,"lat":28.4406704,"lng":76.9314511},"geometry":{"type":"Polygon","coordinates":[[[76.9316482,28.4409252],[76.9312548,28.4409307],[76.9312449,28.4403864],[76.9313513,28.4404741],[76.9315186,28.4403826],[76.9316383,28.4403809],[76.9316482,28.4409252]]]}},{"type":"Feature","properties":{"v":"Garhi Harsaru","m":"38","k":"22","t":"Harsaru","vc":"01173","area":4049.9,"lat":28.4406676,"lng":76.930617},"geometry":{"type":"Polygon","coordinates":[[[76.930964,28.4409349],[76.9302798,28.4409445],[76.9302699,28.4404002],[76.9309541,28.4403906],[76.930964,28.4409349]]]}},{"type":"Feature","properties":{"v":"Garhi Harsaru","m":"38","k":"21/2","t":"Harsaru","vc":"01173","area":3746.3,"lat":28.4406768,"lng":76.9299584},"geometry":{"type":"Polygon","coordinates":[[[76.9302798,28.4409445],[76.9296469,28.4409535],[76.929637,28.4404092],[76.9302699,28.4404002],[76.9302798,28.4409445]]]}},{"type":"Feature","properties":{"v":"Garhi Harsaru","m":"38","k":"20","t":"Harsaru","vc":"01173","area":4050.5,"lat":28.4412215,"lng":76.9299426},"geometry":{"type":"Polygon","coordinates":[[[76.9302798,28.4409445],[76.9302896,28.4414889],[76.9296054,28.4414985],[76.9295955,28.4409542],[76.9296469,28.4409535],[76.9302798,28.4409445]]]}},{"type":"Feature","properties":{"v":"Garhi Harsaru","m":"38","k":"19","t":"Harsaru","vc":"01173","area":4050.6,"lat":28.4412119,"lng":76.9306268},"geometry":{"type":"Polygon","coordinates":[[[76.9309739,28.4414792],[76.9302896,28.4414889],[76.9302798,28.4409445],[76.930964,28.4409349],[76.9309739,28.4414792]]]}},{"type":"Feature","properties":{"v":"Garhi Harsaru","m":"38","k":"18","t":"Harsaru","vc":"01173","area":4050.3,"lat":28.4412022,"lng":76.9313111},"geometry":{"type":"Polygon","coordinates":[[[76.9309739,28.4414792],[76.930964,28.4409349],[76.9312548,28.4409307],[76.9316482,28.4409252],[76.9316499,28.4410159],[76.9316581,28.4414695],[76.9309739,28.4414792]]]}},{"type":"Feature","properties":{"v":"Garhi Harsaru","m":"38","k":"17/1","t":"Harsaru","vc":"01173","area":3375.0,"lat":28.4412379,"lng":76.9319961},"geometry":{"type":"Polygon","coordinates":[[[76.9316581,28.4414695],[76.9316499,28.4410159],[76.9323341,28.4410062],[76.9323423,28.4414598],[76.9316581,28.4414695]]]}},{"type":"Feature","properties":{"v":"Garhi Harsaru","m":"38","k":"16/1","t":"Harsaru","vc":"01173","area":3374.8,"lat":28.4412281,"lng":76.9326803},"geometry":{"type":"Polygon","coordinates":[[[76.9323423,28.4414598],[76.9323341,28.4410062],[76.9330183,28.4409965],[76.9330265,28.4414501],[76.9329581,28.441451],[76.9323423,28.4414598]]]}},{"type":"Feature","properties":{"v":"Garhi Harsaru","m":"38","k":"15/1","t":"Harsaru","vc":"01173","area":3057.1,"lat":28.4417022,"lng":76.9326958},"geometry":{"type":"Polygon","coordinates":[[[76.932347,28.4417168],[76.9323423,28.4414598],[76.9329581,28.441451],[76.932968,28.4419953],[76.9325404,28.4420014],[76.9325351,28.4417141],[76.932347,28.4417168]]]}},{"type":"Feature","properties":{"v":"Garhi Harsaru","m":"38","k":"14","t":"Harsaru","vc":"01173","area":3889.6,"lat":28.4417317,"lng":76.931992},"geometry":{"type":"Polygon","coordinates":[[[76.931668,28.4420138],[76.9316581,28.4414695],[76.9323423,28.4414598],[76.932347,28.4417168],[76.9322957,28.4417175],[76.9323009,28.4420048],[76.931668,28.4420138]]]}},{"type":"Feature","properties":{"v":"Garhi Harsaru","m":"38","k":"12","t":"Harsaru","vc":"01173","area":4050.2,"lat":28.4417562,"lng":76.9306367},"geometry":{"type":"Polygon","coordinates":[[[76.9302995,28.4420332],[76.9302896,28.4414889],[76.9309739,28.4414792],[76.9309837,28.4420235],[76.9302995,28.4420332]]]}},{"type":"Feature","properties":{"v":"Garhi Harsaru","m":"38","k":"11","t":"Harsaru","vc":"01173","area":4050.2,"lat":28.4417659,"lng":76.9299524},"geometry":{"type":"Polygon","coordinates":[[[76.9302896,28.4414889],[76.9302995,28.4420332],[76.9296495,28.4420424],[76.9296153,28.4420428],[76.9296054,28.4414985],[76.9302896,28.4414889]]]}},{"type":"Feature","properties":{"v":"Garhi Harsaru","m":"38","k":"10/1","t":"Harsaru","vc":"01173","area":3847.6,"lat":28.44231,"lng":76.9299794},"geometry":{"type":"Polygon","coordinates":[[[76.9303094,28.4425775],[76.930258,28.4425782],[76.9296593,28.4425867],[76.9296495,28.4420424],[76.9302995,28.4420332],[76.9303094,28.4425775]]]}},{"type":"Feature","properties":{"v":"Garhi Harsaru","m":"38","k":"9","t":"Harsaru","vc":"01173","area":4049.9,"lat":28.4423005,"lng":76.9306466},"geometry":{"type":"Polygon","coordinates":[[[76.9309936,28.4425678],[76.9303094,28.4425775],[76.9302995,28.4420332],[76.9309837,28.4420235],[76.9309936,28.4425678]]]}},{"type":"Feature","properties":{"v":"Garhi Harsaru","m":"38","k":"8","t":"Harsaru","vc":"01173","area":4050.1,"lat":28.4422908,"lng":76.9313308},"geometry":{"type":"Polygon","coordinates":[[[76.9316778,28.4425581],[76.9309936,28.4425678],[76.9309837,28.4420235],[76.931668,28.4420138],[76.9316778,28.4425581]]]}},{"type":"Feature","properties":{"v":"Garhi Harsaru","m":"38","k":"7","t":"Harsaru","vc":"01173","area":4050.2,"lat":28.4422811,"lng":76.932015},"geometry":{"type":"Polygon","coordinates":[[[76.9316778,28.4425581],[76.931668,28.4420138],[76.9323009,28.4420048],[76.9323522,28.4420041],[76.9323621,28.4425484],[76.9316778,28.4425581]]]}},{"type":"Feature","properties":{"v":"Garhi Harsaru","m":"38","k":"6","t":"Harsaru","vc":"01173","area":3906.2,"lat":28.4422637,"lng":76.9326883},"geometry":{"type":"Polygon","coordinates":[[[76.9323522,28.4420041],[76.9325404,28.4420014],[76.932968,28.4419953],[76.9330364,28.4419944],[76.933043,28.4423572],[76.9329007,28.4425407],[76.9323621,28.4425484],[76.9323522,28.4420041]]]}},{"type":"Feature","properties":{"v":"Garhi Harsaru","m":"38","k":"4","t":"Harsaru","vc":"01173","area":3712.4,"lat":28.4428027,"lng":76.9320245},"geometry":{"type":"Polygon","coordinates":[[[76.9316778,28.4425581],[76.9323621,28.4425484],[76.9323665,28.4427903],[76.9323711,28.4430473],[76.9316869,28.443057],[76.9316778,28.4425581]]]}},{"type":"Feature","properties":{"v":"Garhi Harsaru","m":"38","k":"3","t":"Harsaru","vc":"01173","area":3712.1,"lat":28.4428124,"lng":76.9313403},"geometry":{"type":"Polygon","coordinates":[[[76.9309936,28.4425678],[76.9316778,28.4425581],[76.9316869,28.443057],[76.9310027,28.4430667],[76.9309936,28.4425678]]]}},{"type":"Feature","properties":{"v":"Garhi Harsaru","m":"38","k":"2","t":"Harsaru","vc":"01173","area":3712.3,"lat":28.4428221,"lng":76.930656},"geometry":{"type":"Polygon","coordinates":[[[76.9309936,28.4425678],[76.9310027,28.4430667],[76.9303184,28.4430764],[76.9303094,28.4425775],[76.9309936,28.4425678]]]}},{"type":"Feature","properties":{"v":"Garhi Harsaru","m":"38","k":"1","t":"Harsaru","vc":"01173","area":3745.9,"lat":28.4428548,"lng":76.9299465},"geometry":{"type":"Polygon","coordinates":[[[76.9302679,28.4431225],[76.929635,28.4431314],[76.9296251,28.4425871],[76.9296593,28.4425867],[76.930258,28.4425782],[76.9302679,28.4431225]]]}},{"type":"Feature","properties":{"v":"Garhi Harsaru","m":"40","k":"21","t":"Harsaru","vc":"01173","area":1456.5,"lat":28.4379358,"lng":76.9266589},"geometry":{"type":"Polygon","coordinates":[[[76.9263792,28.4377331],[76.9264486,28.4377321],[76.9267995,28.4377271],[76.9268094,28.4382713],[76.9268094,28.4382714],[76.9267483,28.4382723],[76.926741,28.4382724],[76.9267343,28.4382626],[76.926715,28.438234],[76.9263758,28.4377331],[76.9263792,28.4377331]]]}},{"type":"Feature","properties":{"v":"Garhi Harsaru","m":"40","k":"6/1/1","t":"Harsaru","vc":"01173","area":577.1,"lat":28.4397716,"lng":76.9294509},"geometry":{"type":"Polygon","coordinates":[[[76.9295758,28.4398656],[76.9293192,28.4398693],[76.9292063,28.4398709],[76.9295706,28.4395784],[76.9295758,28.4398656]]]}},{"type":"Feature","properties":{"v":"Garhi Harsaru","m":"40","k":"27","t":"Harsaru","vc":"01173","area":455.9,"lat":28.4386648,"lng":76.9278688},"geometry":{"type":"Polygon","coordinates":[[[76.9277893,28.4385298],[76.9279433,28.4385276],[76.9279455,28.4386486],[76.9279482,28.4387998],[76.9277942,28.438802],[76.9277893,28.4385298]]]}},{"type":"Feature","properties":{"v":"Garhi Harsaru","m":"40","k":"18/1","t":"Harsaru","vc":"01173","area":393.7,"lat":28.4387225,"lng":76.9280666},"geometry":{"type":"Polygon","coordinates":[[[76.9279455,28.4386486],[76.9281849,28.4386452],[76.9281877,28.4387964],[76.9279482,28.4387998],[76.9279455,28.4386486]]]}},{"type":"Feature","properties":{"v":"Garhi Harsaru","m":"40","k":"17/3","t":"Harsaru","vc":"01173","area":950.5,"lat":28.4385983,"lng":76.9282953},"geometry":{"type":"Polygon","coordinates":[[[76.92841,28.4387932],[76.9281877,28.4387964],[76.9281849,28.4386452],[76.9281806,28.4384033],[76.9284029,28.4384001],[76.92841,28.4387932]]]}},{"type":"Feature","properties":{"v":"Garhi Harsaru","m":"40","k":"17/2","t":"Harsaru","vc":"01173","area":146.2,"lat":28.4385964,"lng":76.9284235},"geometry":{"type":"Polygon","coordinates":[[[76.9284029,28.4384001],[76.9284371,28.4383997],[76.9284442,28.4387928],[76.92841,28.4387932],[76.9284029,28.4384001]]]}},{"type":"Feature","properties":{"v":"Garhi Harsaru","m":"40","k":"19/1","t":"Harsaru","vc":"01173","area":900.1,"lat":28.4387344,"lng":76.9272284},"geometry":{"type":"Polygon","coordinates":[[[76.9270036,28.4386619],[76.9275007,28.4386549],[76.9275035,28.4388061],[76.9270137,28.438813],[76.926964,28.4388137],[76.9269561,28.4388138],[76.9269559,28.4388048],[76.9269539,28.4386957],[76.9269534,28.4386626],[76.9270036,28.4386619]]]}},{"type":"Feature","properties":{"v":"Garhi Harsaru","m":"40","k":"13/2","t":"Harsaru","vc":"01173","area":2756.5,"lat":28.4390167,"lng":76.9278471},"geometry":{"type":"Polygon","coordinates":[[[76.9281882,28.4388266],[76.9281948,28.4391895],[76.9275108,28.4392143],[76.927504,28.4388363],[76.9277948,28.4388322],[76.9281882,28.4388266]]]}},{"type":"Feature","properties":{"v":"Garhi Harsaru","m":"40","k":"23","t":"Harsaru","vc":"01173","area":2306.8,"lat":28.4380866,"lng":76.9277686},"geometry":{"type":"Polygon","coordinates":[[[76.9281754,28.438116],[76.9281778,28.4382521],[76.9274936,28.4382618],[76.9274848,28.4377779],[76.9281754,28.438116]]]}},{"type":"Feature","properties":{"v":"Garhi Harsaru","m":"40","k":"22","t":"Harsaru","vc":"01173","area":3999.7,"lat":28.4379977,"lng":76.9271429},"geometry":{"type":"Polygon","coordinates":[[[76.9273298,28.4377196],[76.9274848,28.4377779],[76.9274936,28.4382618],[76.9268095,28.4382714],[76.9268094,28.4382714],[76.9268094,28.4382713],[76.9267995,28.4377271],[76.9273298,28.4377196]]]}},{"type":"Feature","properties":{"v":"Garhi Harsaru","m":"40","k":"19/2","t":"Harsaru","vc":"01173","area":2696.9,"lat":28.4384514,"lng":76.9271782},"geometry":{"type":"Polygon","coordinates":[[[76.9267483,28.4382723],[76.9268094,28.4382714],[76.9268095,28.4382714],[76.9274936,28.4382618],[76.9275007,28.4386549],[76.9270036,28.4386619],[76.9269534,28.4386626],[76.9269495,28.4386449],[76.9269273,28.4385439],[76.9267652,28.4383076],[76.926741,28.4382724],[76.9267483,28.4382723]]]}},{"type":"Feature","properties":{"v":"Garhi Harsaru","m":"40","k":"18/2","t":"Harsaru","vc":"01173","area":3200.6,"lat":28.438486,"lng":76.9278088},"geometry":{"type":"Polygon","coordinates":[[[76.9277942,28.438802],[76.9275035,28.4388061],[76.9275007,28.4386549],[76.9274936,28.4382618],[76.9281778,28.4382521],[76.9281806,28.4384033],[76.9281849,28.4386452],[76.9279455,28.4386486],[76.9279433,28.4385276],[76.9277893,28.4385298],[76.9277942,28.438802]]]}},{"type":"Feature","properties":{"v":"Garhi Harsaru","m":"40","k":"17/1","t":"Harsaru","vc":"01173","area":1316.3,"lat":28.438594,"lng":76.9285946},"geometry":{"type":"Polygon","coordinates":[[[76.9284371,28.4383997],[76.928745,28.4383953],[76.9287521,28.4387884],[76.9284442,28.4387928],[76.9284371,28.4383997]]]}},{"type":"Feature","properties":{"v":"Garhi Harsaru","m":"40","k":"26","t":"Harsaru","vc":"01173","area":1595.9,"lat":28.4386538,"lng":76.9289986},"geometry":{"type":"Polygon","coordinates":[[[76.928745,28.4383953],[76.9294987,28.4387778],[76.9287521,28.4387884],[76.928745,28.4383953]]]}},{"type":"Feature","properties":{"v":"Garhi Harsaru","m":"40","k":"15","t":"Harsaru","vc":"01173","area":3825.2,"lat":28.4390691,"lng":76.9292192},"geometry":{"type":"Polygon","coordinates":[[[76.9288724,28.4388169],[76.9295566,28.4388073],[76.929558,28.4388829],[76.929566,28.4393213],[76.9292752,28.4393254],[76.9288817,28.439331],[76.9288724,28.4388169]]]}},{"type":"Feature","properties":{"v":"Garhi Harsaru","m":"40","k":"14","t":"Harsaru","vc":"01173","area":3825.2,"lat":28.4390788,"lng":76.928535},"geometry":{"type":"Polygon","coordinates":[[[76.9288817,28.439331],[76.9281975,28.4393407],[76.9281948,28.4391895],[76.9281882,28.4388266],[76.9288724,28.4388169],[76.9288817,28.439331]]]}},{"type":"Feature","properties":{"v":"Garhi Harsaru","m":"40","k":"12","t":"Harsaru","vc":"01173","area":3029.1,"lat":28.4390718,"lng":76.9272512},"geometry":{"type":"Polygon","coordinates":[[[76.926964,28.4388137],[76.9270137,28.438813],[76.9275035,28.4388061],[76.927504,28.4388363],[76.9275108,28.4392143],[76.9275133,28.4393504],[76.9271517,28.4393555],[76.927105,28.4393561],[76.9270686,28.4393567],[76.9270661,28.4393484],[76.9269622,28.4389952],[76.9269561,28.4388138],[76.926964,28.4388137]]]}},{"type":"Feature","properties":{"v":"Garhi Harsaru","m":"40","k":"9","t":"Harsaru","vc":"01173","area":2040.8,"lat":28.4395968,"lng":76.9273397},"geometry":{"type":"Polygon","coordinates":[[[76.927105,28.4393561],[76.9271517,28.4393555],[76.9275133,28.4393504],[76.9275232,28.4398947],[76.9273881,28.4398966],[76.9273195,28.4398976],[76.9273179,28.4398976],[76.9273118,28.4398904],[76.9272308,28.4397949],[76.9270686,28.4393567],[76.927105,28.4393561]]]}},{"type":"Feature","properties":{"v":"Garhi Harsaru","m":"40","k":"8","t":"Harsaru","vc":"01173","area":3392.2,"lat":28.4396155,"lng":76.9279159},"geometry":{"type":"Polygon","coordinates":[[[76.9282074,28.439885],[76.9276429,28.439893],[76.9276159,28.4393489],[76.9281975,28.4393407],[76.9282074,28.439885]]]}},{"type":"Feature","properties":{"v":"Garhi Harsaru","m":"40","k":"7","t":"Harsaru","vc":"01173","area":4050.0,"lat":28.439608,"lng":76.9285445},"geometry":{"type":"Polygon","coordinates":[[[76.9288817,28.439331],[76.9288916,28.4398753],[76.9282074,28.439885],[76.9281975,28.4393407],[76.9288817,28.439331]]]}},{"type":"Feature","properties":{"v":"Garhi Harsaru","m":"40","k":"6/2/2","t":"Harsaru","vc":"01173","area":1846.2,"lat":28.4395521,"lng":76.9290609},"geometry":{"type":"Polygon","coordinates":[[[76.9288916,28.4398753],[76.9288817,28.439331],[76.9292752,28.4393254],[76.9292803,28.4396102],[76.9289429,28.4398746],[76.9288916,28.4398753]]]}},{"type":"Feature","properties":{"v":"Garhi Harsaru","m":"40","k":"5/1/2","t":"Harsaru","vc":"01173","area":2519.3,"lat":28.440215,"lng":76.9290686},"geometry":{"type":"Polygon","coordinates":[[[76.9289015,28.4404196],[76.9286791,28.4404228],[76.928677,28.4403083],[76.9291829,28.4399014],[76.9293198,28.4398995],[76.9293291,28.4404136],[76.9290041,28.4404182],[76.9289015,28.4404196]]]}},{"type":"Feature","properties":{"v":"Garhi Harsaru","m":"40","k":"4/2","t":"Harsaru","vc":"01173","area":1700.1,"lat":28.4400042,"lng":76.9285044},"geometry":{"type":"Polygon","coordinates":[[[76.9289429,28.4398746],[76.9286257,28.4401513],[76.9282123,28.4401571],[76.9282074,28.439885],[76.9288916,28.4398753],[76.9289429,28.4398746]]]}},{"type":"Feature","properties":{"v":"Garhi Harsaru","m":"40","k":"3","t":"Harsaru","vc":"01173","area":4049.9,"lat":28.4401349,"lng":76.9278595},"geometry":{"type":"Polygon","coordinates":[[[76.9273195,28.4398976],[76.9273881,28.4398966],[76.9275232,28.4398947],[76.9276429,28.439893],[76.9282074,28.439885],[76.9282123,28.4401571],[76.9282172,28.4404293],[76.9278167,28.440435],[76.9277435,28.440436],[76.9277383,28.4404361],[76.9277337,28.4404302],[76.9275281,28.4401668],[76.9273179,28.4398976],[76.9273195,28.4398976]]]}},{"type":"Feature","properties":{"v":"Garhi Harsaru","m":"41","k":"6/2/7","t":"Harsaru","vc":"01173","area":157.4,"lat":28.4392908,"lng":76.9323841},"geometry":{"type":"Polygon","coordinates":[[[76.9324317,28.439154],[76.93248,28.4391692],[76.932442,28.4392369],[76.932421,28.4392744],[76.9323297,28.4394369],[76.9322924,28.4394057],[76.9324317,28.439154]]]}},{"type":"Feature","properties":{"v":"Garhi Harsaru","m":"41","k":"6/2/6","t":"Harsaru","vc":"01173","area":94.5,"lat":28.4393722,"lng":76.932393},"geometry":{"type":"Polygon","coordinates":[[[76.9324554,28.439308],[76.9323669,28.4394681],[76.9323297,28.4394369],[76.932421,28.4392744],[76.9324554,28.439308]]]}},{"type":"Feature","properties":{"v":"Garhi Harsaru","m":"41","k":"6/2/5","t":"Harsaru","vc":"01173","area":61.9,"lat":28.4393992,"lng":76.9324228},"geometry":{"type":"Polygon","coordinates":[[[76.9324554,28.439308],[76.9324783,28.4393305],[76.9323917,28.4394889],[76.9323669,28.4394681],[76.9324554,28.439308]]]}},{"type":"Feature","properties":{"v":"Garhi Harsaru","m":"41","k":"6/2/4","t":"Harsaru","vc":"01173","area":151.1,"lat":28.4394369,"lng":76.9324645},"geometry":{"type":"Polygon","coordinates":[[[76.9324783,28.4393305],[76.9325357,28.4393865],[76.9324538,28.4395409],[76.9323917,28.4394889],[76.9324783,28.4393305]]]}},{"type":"Feature","properties":{"v":"Garhi Harsaru","m":"41","k":"6/2/3","t":"Harsaru","vc":"01173","area":145.7,"lat":28.4394909,"lng":76.9325242},"geometry":{"type":"Polygon","coordinates":[[[76.9325357,28.4393865],[76.9325931,28.4394426],[76.9325159,28.4395929],[76.9324538,28.4395409],[76.9325357,28.4393865]]]}},{"type":"Feature","properties":{"v":"Garhi Harsaru","m":"41","k":"6/2/1","t":"Harsaru","vc":"01173","area":113.1,"lat":28.4396042,"lng":76.9326128},"geometry":{"type":"Polygon","coordinates":[[[76.9325532,28.4396241],[76.9326327,28.4394812],[76.9326525,28.4397074],[76.9325532,28.4396241]]]}},{"type":"Feature","properties":{"v":"Garhi Harsaru","m":"41","k":"6/2/2","t":"Harsaru","vc":"01173","area":91.0,"lat":28.4395338,"lng":76.9325744},"geometry":{"type":"Polygon","coordinates":[[[76.9325931,28.4394426],[76.9326327,28.4394812],[76.9325532,28.4396241],[76.9325159,28.4395929],[76.9325931,28.4394426]]]}},{"type":"Feature","properties":{"v":"Garhi Harsaru","m":"41","k":"28","t":"Harsaru","vc":"01173","area":1085.6,"lat":28.4381815,"lng":76.9315769},"geometry":{"type":"Polygon","coordinates":[[[76.9315062,28.4379233],[76.9319013,28.4384245],[76.9313232,28.4381966],[76.9315062,28.4379233]]]}},{"type":"Feature","properties":{"v":"Garhi Harsaru","m":"41","k":"1/1","t":"Harsaru","vc":"01173","area":303.7,"lat":28.4401374,"lng":76.9296064},"geometry":{"type":"Polygon","coordinates":[[[76.9296271,28.4398649],[76.929637,28.4404092],[76.9295857,28.4404099],[76.9295758,28.4398656],[76.9296271,28.4398649]]]}},{"type":"Feature","properties":{"v":"Garhi Harsaru","m":"41","k":"27","t":"Harsaru","vc":"01173","area":3692.1,"lat":28.4390271,"lng":76.931115},"geometry":{"type":"Polygon","coordinates":[[[76.9309833,28.4386685],[76.9315412,28.438899],[76.9312405,28.4393914],[76.93069,28.4391472],[76.9309833,28.4386685]]]}},{"type":"Feature","properties":{"v":"Garhi Harsaru","m":"41","k":"11/2","t":"Harsaru","vc":"01173","area":1002.2,"lat":28.4391181,"lng":76.9296893},"geometry":{"type":"Polygon","coordinates":[[[76.9299431,28.4391046],[76.9296333,28.4393204],[76.9295668,28.4393667],[76.929566,28.4393213],[76.929558,28.4388829],[76.9299431,28.4391046]]]}},{"type":"Feature","properties":{"v":"Garhi Harsaru","m":"41","k":"25/1","t":"Harsaru","vc":"01173","area":3556.0,"lat":28.4379828,"lng":76.9325895},"geometry":{"type":"Polygon","coordinates":[[[76.93228,28.4380276],[76.9323485,28.4380267],[76.9323433,28.4377394],[76.932959,28.4377307],[76.9329673,28.4381843],[76.9322831,28.438194],[76.9321291,28.4381961],[76.9319978,28.4380316],[76.93228,28.4380276]]]}},{"type":"Feature","properties":{"v":"Garhi Harsaru","m":"41","k":"29","t":"Harsaru","vc":"01173","area":2488.9,"lat":28.4378062,"lng":76.9320041},"geometry":{"type":"Polygon","coordinates":[[[76.93228,28.4380276],[76.9319978,28.4380316],[76.9317677,28.4377978],[76.9312298,28.4376644],[76.931589,28.4376593],[76.9318814,28.4376552],[76.9322732,28.4376497],[76.9323416,28.4376487],[76.9323433,28.4377394],[76.9323485,28.4380267],[76.93228,28.4380276]]]}},{"type":"Feature","properties":{"v":"Garhi Harsaru","m":"41","k":"16","t":"Harsaru","vc":"01173","area":3538.3,"lat":28.4384211,"lng":76.9326564},"geometry":{"type":"Polygon","coordinates":[[[76.9329673,28.4381843],[76.9329772,28.4387286],[76.9329785,28.4388042],[76.9324421,28.4385746],[76.9321291,28.4381961],[76.9322831,28.438194],[76.9329673,28.4381843]]]}},{"type":"Feature","properties":{"v":"Garhi Harsaru","m":"41","k":"14","t":"Harsaru","vc":"01173","area":791.8,"lat":28.439103,"lng":76.9320296},"geometry":{"type":"Polygon","coordinates":[[[76.9322075,28.4390833],[76.9322303,28.4393537],[76.931651,28.4388719],[76.9322075,28.4390833]]]}},{"type":"Feature","properties":{"v":"Garhi Harsaru","m":"41","k":"10","t":"Harsaru","vc":"01173","area":3691.5,"lat":28.4396074,"lng":76.9299372},"geometry":{"type":"Polygon","coordinates":[[[76.9302502,28.4393116],[76.93026,28.4398559],[76.9296271,28.4398649],[76.9295758,28.4398656],[76.9295706,28.4395784],[76.9295701,28.4395481],[76.9298567,28.4393172],[76.9302502,28.4393116]]]}},{"type":"Feature","properties":{"v":"Garhi Harsaru","m":"41","k":"9","t":"Harsaru","vc":"01173","area":3755.1,"lat":28.4395964,"lng":76.9305796},"geometry":{"type":"Polygon","coordinates":[[[76.93026,28.4398559],[76.9302502,28.4393116],[76.9305923,28.4393068],[76.9309373,28.4394607],[76.9309443,28.4398463],[76.93026,28.4398559]]]}},{"type":"Feature","properties":{"v":"Garhi Harsaru","m":"41","k":"8","t":"Harsaru","vc":"01173","area":1166.7,"lat":28.4396785,"lng":76.9311079},"geometry":{"type":"Polygon","coordinates":[[[76.9313472,28.4396354],[76.9312956,28.439811],[76.9310903,28.4398139],[76.9310811,28.4398443],[76.9309443,28.4398463],[76.9309373,28.4394607],[76.9313472,28.4396354]]]}},{"type":"Feature","properties":{"v":"Garhi Harsaru","m":"41","k":"7","t":"Harsaru","vc":"01173","area":2684.8,"lat":28.4396358,"lng":76.9317475},"geometry":{"type":"Polygon","coordinates":[[[76.9320175,28.4395993],[76.932111,28.4397259],[76.9322015,28.4398284],[76.9316285,28.4398366],[76.9315429,28.4398378],[76.9315443,28.4398075],[76.9313982,28.4398096],[76.9315682,28.4393175],[76.9317428,28.4393588],[76.9320175,28.4395993]]]}},{"type":"Feature","properties":{"v":"Garhi Harsaru","m":"41","k":"6/1","t":"Harsaru","vc":"01173","area":2172.8,"lat":28.43957,"lng":76.932821},"geometry":{"type":"Polygon","coordinates":[[[76.9329887,28.4393636],[76.9329969,28.4398172],[76.9330002,28.4399986],[76.9326525,28.4397074],[76.9326327,28.4394812],[76.9326248,28.4393908],[76.932609,28.4392098],[76.9329887,28.4393636]]]}},{"type":"Feature","properties":{"v":"Garhi Harsaru","m":"41","k":"5","t":"Harsaru","vc":"01173","area":945.1,"lat":28.4402281,"lng":76.9324569},"geometry":{"type":"Polygon","coordinates":[[[76.9327331,28.4403653],[76.9326305,28.4403668],[76.9323226,28.4403712],[76.9323149,28.4399478],[76.9327331,28.4403653]]]}},{"type":"Feature","properties":{"v":"Garhi Harsaru","m":"41","k":"4","t":"Harsaru","vc":"01173","area":3977.4,"lat":28.4401082,"lng":76.93197},"geometry":{"type":"Polygon","coordinates":[[[76.9316383,28.4403809],[76.9316285,28.4398366],[76.9322015,28.4398284],[76.9323149,28.4399478],[76.9323226,28.4403712],[76.9316383,28.4403809]]]}},{"type":"Feature","properties":{"v":"Garhi Harsaru","m":"41","k":"3","t":"Harsaru","vc":"01173","area":607.6,"lat":28.4401245,"lng":76.9315819},"geometry":{"type":"Polygon","coordinates":[[[76.9316285,28.4398366],[76.9316383,28.4403809],[76.9315186,28.4403826],[76.9315429,28.4398378],[76.9316285,28.4398366]]]}},{"type":"Feature","properties":{"v":"Garhi Harsaru","m":"41","k":"2","t":"Harsaru","vc":"01173","area":4556.4,"lat":28.4401233,"lng":76.9306523},"geometry":{"type":"Polygon","coordinates":[[[76.93026,28.4398559],[76.9309443,28.4398463],[76.9310811,28.4398443],[76.9309519,28.4402696],[76.9312449,28.4403864],[76.9309541,28.4403906],[76.9302699,28.4404002],[76.93026,28.4398559]]]}},{"type":"Feature","properties":{"v":"Garhi Harsaru","m":"41","k":"1/2","t":"Harsaru","vc":"01173","area":3746.3,"lat":28.4401326,"lng":76.9299485},"geometry":{"type":"Polygon","coordinates":[[[76.9302699,28.4404002],[76.929637,28.4404092],[76.9296271,28.4398649],[76.93026,28.4398559],[76.9302699,28.4404002]]]}},{"type":"Feature","properties":{"v":"Garhi Harsaru","m":"0","k":"","t":"Harsaru","vc":"01173","area":8895.0,"lat":28.4438061,"lng":76.9316651},"geometry":{"type":"Polygon","coordinates":[[[76.9330463,28.4425387],[76.9330493,28.442705],[76.9330504,28.4427655],[76.9326799,28.4430883],[76.9320226,28.4436421],[76.9313824,28.4441956],[76.9307423,28.4447491],[76.9302523,28.4451227],[76.9301918,28.4451689],[76.9301917,28.4450087],[76.9301917,28.4449421],[76.9302235,28.4449166],[76.9303499,28.4448151],[76.9310232,28.4442007],[76.9316976,28.4436467],[76.9323377,28.4430932],[76.9329349,28.4425402],[76.9330444,28.4424328],[76.9330463,28.4425387]]]}},{"type":"Feature","properties":{"v":"Garhi Harsaru","m":"0","k":"","t":"Harsaru","vc":"01173","area":230.9,"lat":28.4426654,"lng":76.9327784},"geometry":{"type":"Polygon","coordinates":[[[76.9326402,28.4427864],[76.9329007,28.4425407],[76.933043,28.4423572],[76.9330444,28.4424328],[76.9329349,28.4425402],[76.9323377,28.4430932],[76.9323711,28.4430473],[76.9326402,28.4427864]]]}},{"type":"Feature","properties":{"v":"Garhi Harsaru","m":"0","k":"","t":"Harsaru","vc":"01173","area":123.8,"lat":28.4408933,"lng":76.9328283},"geometry":{"type":"Polygon","coordinates":[[[76.9326398,28.4408809],[76.9330161,28.4408755],[76.9330167,28.4409058],[76.9326403,28.4409111],[76.9326398,28.4408809]]]}},{"type":"Feature","properties":{"v":"Garhi Harsaru","m":"0","k":"","t":"Harsaru","vc":"01173","area":433.1,"lat":28.4407345,"lng":76.9328253},"geometry":{"type":"Polygon","coordinates":[[[76.9330145,28.4407848],[76.9326381,28.4407901],[76.9326362,28.4406843],[76.9330126,28.440679],[76.9330142,28.4407697],[76.9330145,28.4407848]]]}},{"type":"Feature","properties":{"v":"Garhi Harsaru","m":"0","k":"","t":"Harsaru","vc":"01173","area":1299.6,"lat":28.4405229,"lng":76.9328215},"geometry":{"type":"Polygon","coordinates":[[[76.9330126,28.440679],[76.9326362,28.4406843],[76.9326305,28.4403668],[76.9327331,28.4403653],[76.9330068,28.4403615],[76.9330126,28.440679]]]}},{"type":"Feature","properties":{"v":"Garhi Harsaru","m":"0","k":"","t":"Harsaru","vc":"01173","area":718.7,"lat":28.4402759,"lng":76.9329941},"geometry":{"type":"Polygon","coordinates":[[[76.9332472,28.4403581],[76.9330068,28.4403615],[76.9327331,28.4403653],[76.9330021,28.4401044],[76.9332472,28.4403581]]]}},{"type":"Feature","properties":{"v":"Garhi Harsaru","m":"0","k":"60","t":"Harsaru","vc":"01173","area":3401.3,"lat":28.4401727,"lng":76.933118},"geometry":{"type":"Polygon","coordinates":[[[76.9339466,28.441092],[76.9338441,28.4409897],[76.9337549,28.4408953],[76.9337126,28.4408505],[76.933628,28.440761],[76.9335433,28.4406714],[76.9332472,28.4403581],[76.9330021,28.4401044],[76.9324595,28.4396325],[76.9323127,28.4395283],[76.932163,28.4394042],[76.9318372,28.439148],[76.9316976,28.4390257],[76.9316854,28.439015],[76.9315412,28.438899],[76.931651,28.4388719],[76.9322303,28.4393537],[76.9322924,28.4394057],[76.9323297,28.4394369],[76.9323669,28.4394681],[76.9323917,28.4394889],[76.9324538,28.4395409],[76.9325159,28.4395929],[76.9325532,28.4396241],[76.9326525,28.4397074],[76.9330002,28.4399986],[76.9337401,28.4407665],[76.9344461,28.4414544],[76.9343524,28.4415113],[76.9339466,28.441092]]]}},{"type":"Feature","properties":{"v":"Garhi Harsaru","m":"0","k":"","t":"Harsaru","vc":"01173","area":879.4,"lat":28.439239,"lng":76.9301994},"geometry":{"type":"Polygon","coordinates":[[[76.9302502,28.4393116],[76.9298567,28.4393172],[76.9301493,28.4390931],[76.9305923,28.4393068],[76.9302502,28.4393116]]]}},{"type":"Feature","properties":{"v":"Garhi Harsaru","m":"0","k":"","t":"Harsaru","vc":"01173","area":120.8,"lat":28.4392282,"lng":76.9325163},"geometry":{"type":"Polygon","coordinates":[[[76.93248,28.4391692],[76.932609,28.4392098],[76.9325133,28.4392969],[76.932442,28.4392369],[76.93248,28.4391692]]]}},{"type":"Feature","properties":{"v":"Garhi Harsaru","m":"0","k":"","t":"Harsaru","vc":"01173","area":101.6,"lat":28.4392992,"lng":76.9325824},"geometry":{"type":"Polygon","coordinates":[[[76.932609,28.4392098],[76.9326248,28.4393908],[76.9325133,28.4392969],[76.932609,28.4392098]]]}},{"type":"Feature","properties":{"v":"Garhi Harsaru","m":"0","k":"","t":"Harsaru","vc":"01173","area":150.1,"lat":28.4393524,"lng":76.9325363},"geometry":{"type":"Polygon","coordinates":[[[76.9325133,28.4392969],[76.9326248,28.4393908],[76.9326327,28.4394812],[76.9325931,28.4394426],[76.9325357,28.4393865],[76.9324783,28.4393305],[76.9324554,28.439308],[76.932421,28.4392744],[76.932442,28.4392369],[76.9325133,28.4392969]]]}},{"type":"Feature","properties":{"v":"Garhi Harsaru","m":"28","k":"4/2","t":"Harsaru","vc":"01173","area":1800.0,"lat":28.4481172,"lng":76.9321209},"geometry":{"type":"Polygon","coordinates":[[[76.9324609,28.4479914],[76.9324653,28.4482333],[76.9322087,28.4482369],[76.931781,28.448243],[76.9317766,28.4480011],[76.93217,28.4479955],[76.9324609,28.4479914]]]}},{"type":"Feature","properties":{"v":"Garhi Harsaru","m":"28","k":"7/1","t":"Harsaru","vc":"01173","area":1721.5,"lat":28.4477213,"lng":76.9323105},"geometry":{"type":"Polygon","coordinates":[[[76.9324609,28.4479914],[76.93217,28.4479955],[76.9321602,28.4474512],[76.932451,28.4474471],[76.9324609,28.4479914]]]}},{"type":"Feature","properties":{"v":"Garhi Harsaru","m":"30","k":"13/2","t":"Harsaru","vc":"01173","area":911.2,"lat":28.4444642,"lng":76.9316354},"geometry":{"type":"Polygon","coordinates":[[[76.9317173,28.4447353],[76.9315634,28.4447375],[76.9315535,28.4441932],[76.9317075,28.444191],[76.9317173,28.4447353]]]}},{"type":"Feature","properties":{"v":"Garhi Harsaru","m":"30","k":"14/2","t":"Harsaru","vc":"01173","area":1923.8,"lat":28.4444557,"lng":76.9322342},"geometry":{"type":"Polygon","coordinates":[[[76.9323956,28.4443929],[76.9324016,28.4447256],[76.9320766,28.4447302],[76.9320667,28.4441859],[76.9323917,28.4441813],[76.9323956,28.4443929]]]}},{"type":"Feature","properties":{"v":"Garhi Harsaru","m":"28","k":"14/2","t":"Harsaru","vc":"01173","area":1721.3,"lat":28.447177,"lng":76.9323006},"geometry":{"type":"Polygon","coordinates":[[[76.9324411,28.4469028],[76.932451,28.4474471],[76.9321602,28.4474512],[76.9321503,28.4469069],[76.9321845,28.4469064],[76.9323898,28.4469035],[76.9324411,28.4469028]]]}},{"type":"Feature","properties":{"v":"Garhi Harsaru","m":"28","k":"17/2/1","t":"Harsaru","vc":"01173","area":1113.8,"lat":28.4466555,"lng":76.9322826},"geometry":{"type":"Polygon","coordinates":[[[76.9323807,28.4464046],[76.9323898,28.4469035],[76.9321845,28.4469064],[76.9321754,28.4464075],[76.9323807,28.4464046]]]}},{"type":"Feature","properties":{"v":"Garhi Harsaru","m":"28","k":"17/2/2","t":"Harsaru","vc":"01173","area":278.3,"lat":28.4466573,"lng":76.9321543},"geometry":{"type":"Polygon","coordinates":[[[76.9321845,28.4469064],[76.9321503,28.4469069],[76.9321332,28.4469071],[76.9321241,28.4464082],[76.9321754,28.4464075],[76.9321845,28.4469064]]]}},{"type":"Feature","properties":{"v":"Garhi Harsaru","m":"28","k":"17/2/3","t":"Harsaru","vc":"01173","area":2042.0,"lat":28.4466603,"lng":76.9319405},"geometry":{"type":"Polygon","coordinates":[[[76.9321332,28.4469071],[76.9317568,28.4469125],[76.9317478,28.4464135],[76.9321241,28.4464082],[76.9321332,28.4469071]]]}},{"type":"Feature","properties":{"v":"Garhi Harsaru","m":"28","k":"25/1","t":"Harsaru","vc":"01173","area":607.6,"lat":28.4460849,"lng":76.9325289},"geometry":{"type":"Polygon","coordinates":[[[76.9324727,28.4458135],[76.9325753,28.445812],[76.9325852,28.4463563],[76.9324825,28.4463578],[76.9324727,28.4458135]]]}},{"type":"Feature","properties":{"v":"Garhi Harsaru","m":"28","k":"25/2/2","t":"Harsaru","vc":"01173","area":506.4,"lat":28.4460823,"lng":76.9327085},"geometry":{"type":"Polygon","coordinates":[[[76.9326608,28.4458108],[76.9327464,28.4458096],[76.9327562,28.4463539],[76.9326707,28.4463551],[76.9326608,28.4458108]]]}},{"type":"Feature","properties":{"v":"Garhi Harsaru","m":"28","k":"25/2/3","t":"Harsaru","vc":"01173","area":202.7,"lat":28.4460816,"lng":76.9327684},"geometry":{"type":"Polygon","coordinates":[[[76.9327464,28.4458096],[76.9327806,28.4458091],[76.9327905,28.4463534],[76.9327562,28.4463539],[76.9327464,28.4458096]]]}},{"type":"Feature","properties":{"v":"Garhi Harsaru","m":"41","k":"25/2","t":"Harsaru","vc":"01173","area":607.4,"lat":28.4376897,"lng":76.9326503},"geometry":{"type":"Polygon","coordinates":[[[76.9329574,28.43764],[76.932959,28.4377307],[76.9323433,28.4377394],[76.9323416,28.4376487],[76.9329574,28.43764]]]}},{"type":"Feature","properties":{"v":"Garhi Harsaru","m":"40","k":"13/1","t":"Harsaru","vc":"01173","area":1068.7,"lat":28.4392736,"lng":76.9278601},"geometry":{"type":"Polygon","coordinates":[[[76.9275133,28.4393504],[76.9275108,28.4392143],[76.9281948,28.4391895],[76.9281975,28.4393407],[76.9276159,28.4393489],[76.9275133,28.4393504]]]}},{"type":"Feature","properties":{"v":"Garhi Harsaru","m":"40","k":"","t":"Harsaru","vc":"01173","area":95.5,"lat":28.4388192,"lng":76.9276491},"geometry":{"type":"Polygon","coordinates":[[[76.9277942,28.438802],[76.9277948,28.4388322],[76.927504,28.4388363],[76.9275035,28.4388061],[76.9277942,28.438802]]]}},{"type":"Feature","properties":{"v":"Garhi Harsaru","m":"40","k":"","t":"Harsaru","vc":"01173","area":658.0,"lat":28.4396287,"lng":76.9275741},"geometry":{"type":"Polygon","coordinates":[[[76.9275133,28.4393504],[76.9276159,28.4393489],[76.9276429,28.439893],[76.9275232,28.4398947],[76.9275133,28.4393504]]]}},{"type":"Feature","properties":{"v":"Garhi Harsaru","m":"39","k":"25/1","t":"Harsaru","vc":"01173","area":607.6,"lat":28.4406911,"lng":76.9289577},"geometry":{"type":"Polygon","coordinates":[[[76.929014,28.4409625],[76.9289113,28.4409639],[76.9289015,28.4404196],[76.9290041,28.4404182],[76.929014,28.4409625]]]}},{"type":"Feature","properties":{"v":"Garhi Harsaru","m":"39","k":"25/3","t":"Harsaru","vc":"01173","area":1518.6,"lat":28.4406839,"lng":76.9294623},"geometry":{"type":"Polygon","coordinates":[[[76.9295955,28.4409542],[76.929339,28.4409579],[76.9293291,28.4404136],[76.9295857,28.4404099],[76.9295955,28.4409542]]]}},{"type":"Feature","properties":{"v":"Garhi Harsaru","m":"40","k":"4/1","t":"Harsaru","vc":"01173","area":662.4,"lat":28.4402528,"lng":76.9283527},"geometry":{"type":"Polygon","coordinates":[[[76.9282172,28.4404293],[76.9282123,28.4401571],[76.9286257,28.4401513],[76.9282514,28.4404288],[76.9282172,28.4404293]]]}},{"type":"Feature","properties":{"v":"Garhi Harsaru","m":"40","k":"5/1/3","t":"Harsaru","vc":"01173","area":1518.7,"lat":28.4401396,"lng":76.9294525},"geometry":{"type":"Polygon","coordinates":[[[76.9295758,28.4398656],[76.9295857,28.4404099],[76.9293291,28.4404136],[76.9293198,28.4398995],[76.9293192,28.4398693],[76.9295758,28.4398656]]]}},{"type":"Feature","properties":{"v":"Garhi Harsaru","m":"40","k":"5/1/1","t":"Harsaru","vc":"01173","area":95.9,"lat":28.4403853,"lng":76.9286271},"geometry":{"type":"Polygon","coordinates":[[[76.9286791,28.4404228],[76.9285251,28.4404249],[76.928677,28.4403083],[76.9286791,28.4404228]]]}},{"type":"Feature","properties":{"v":"Garhi Harsaru","m":"40","k":"5/2","t":"Harsaru","vc":"01173","area":432.2,"lat":28.4401273,"lng":76.9288646},"geometry":{"type":"Polygon","coordinates":[[[76.9284738,28.4404257],[76.9291311,28.4398719],[76.9292063,28.4398709],[76.9291829,28.4399014],[76.928677,28.4403083],[76.9285251,28.4404249],[76.9284738,28.4404257]]]}},{"type":"Feature","properties":{"v":"Garhi Harsaru","m":"40","k":"6/1/2","t":"Harsaru","vc":"01173","area":190.8,"lat":28.4397325,"lng":76.9293492},"geometry":{"type":"Polygon","coordinates":[[[76.9291311,28.4398719],[76.9295701,28.4395481],[76.9295706,28.4395784],[76.9292063,28.4398709],[76.9291311,28.4398719]]]}},{"type":"Feature","properties":{"v":"Garhi Harsaru","m":"40","k":"6/2/1","t":"Harsaru","vc":"01173","area":522.1,"lat":28.4394209,"lng":76.9293872},"geometry":{"type":"Polygon","coordinates":[[[76.9295668,28.4393667],[76.9292803,28.4396102],[76.9292752,28.4393254],[76.929566,28.4393213],[76.9295668,28.4393667]]]}},{"type":"Feature","properties":{"v":"Garhi Harsaru","m":"41","k":"6/2/8","t":"Harsaru","vc":"01173","area":445.1,"lat":28.439227,"lng":76.9322977},"geometry":{"type":"Polygon","coordinates":[[[76.9322075,28.4390833],[76.9324317,28.439154],[76.9322924,28.4394057],[76.9322303,28.4393537],[76.9322075,28.4390833]]]}},{"type":"Feature","properties":{"v":"Garhi Harsaru","m":"0","k":"126/3","t":"Harsaru","vc":"01173","area":29.8,"lat":28.4392385,"lng":76.9316995},"geometry":{"type":"Polygon","coordinates":[[[76.9317805,28.4392745],[76.9316128,28.4392168],[76.931618,28.4392023],[76.9316339,28.4392078],[76.9316752,28.439222],[76.9317868,28.4392604],[76.9317805,28.4392745]]]}},{"type":"Feature","properties":{"v":"Garhi Harsaru","m":"0","k":"126/1/1","t":"Harsaru","vc":"01173","area":98.4,"lat":28.4392061,"lng":76.9317468},"geometry":{"type":"Polygon","coordinates":[[[76.9317868,28.4392604],[76.9316752,28.439222],[76.9317067,28.4391518],[76.9318183,28.4391901],[76.9317868,28.4392604]]]}},{"type":"Feature","properties":{"v":"Garhi Harsaru","m":"0","k":"126/2","t":"Harsaru","vc":"01173","area":34.0,"lat":28.4391144,"lng":76.9316581},"geometry":{"type":"Polygon","coordinates":[[[76.9316339,28.4392078],[76.931618,28.4392023],[76.9316854,28.439015],[76.9316976,28.4390257],[76.9316339,28.4392078]]]}},{"type":"Feature","properties":{"v":"Garhi Harsaru","m":"39","k":"24/2/1","t":"Harsaru","vc":"01173","area":1196.9,"lat":28.4407354,"lng":76.9282875},"geometry":{"type":"Polygon","coordinates":[[[76.9285251,28.4404249],[76.9283444,28.4408358],[76.9283468,28.4409719],[76.9282323,28.4409735],[76.9281587,28.4409746],[76.9280611,28.4408412],[76.9281065,28.4408077],[76.9281856,28.4407491],[76.9281375,28.4406866],[76.9284738,28.4404257],[76.9285251,28.4404249]]]}},{"type":"Feature","properties":{"v":"Garhi Harsaru","m":"44","k":"11/1","t":"Harsaru","vc":"01173","area":1777.4,"lat":28.4362482,"lng":76.9330615},"geometry":{"type":"Polygon","coordinates":[[[76.9331911,28.4360408],[76.9332023,28.4360485],[76.9332087,28.4364054],[76.9332113,28.4365475],[76.9329376,28.4365513],[76.932932,28.436241],[76.9329284,28.436043],[76.9329278,28.436007],[76.932925,28.4358559],[76.9331911,28.4360408]]]}},{"type":"Feature","properties":{"v":"Garhi Harsaru","m":"44","k":"11/2","t":"Harsaru","vc":"01173","area":1552.6,"lat":28.4363602,"lng":76.9333835},"geometry":{"type":"Polygon","coordinates":[[[76.9333991,28.4361889],[76.9334665,28.4362369],[76.9336183,28.4363451],[76.9336218,28.4365416],[76.9334426,28.4365442],[76.9332113,28.4365475],[76.9332087,28.4364054],[76.9332023,28.4360485],[76.9333991,28.4361889]]]}},{"type":"Feature","properties":{"v":"Garhi Harsaru","m":"44","k":"10","t":"Harsaru","vc":"01173","area":4049.7,"lat":28.4368186,"lng":76.9332847},"geometry":{"type":"Polygon","coordinates":[[[76.9332113,28.4365475],[76.9334426,28.4365442],[76.9336218,28.4365416],[76.9336225,28.4365799],[76.9336239,28.4366555],[76.9336317,28.4370859],[76.9329475,28.4370956],[76.9329426,28.4368235],[76.9329376,28.4365513],[76.9332113,28.4365475]]]}},{"type":"Feature","properties":{"v":"Garhi Harsaru","m":"44","k":"9/3","t":"Harsaru","vc":"01173","area":2592.5,"lat":28.4367679,"lng":76.9338088},"geometry":{"type":"Polygon","coordinates":[[[76.9339682,28.4365769],[76.9340646,28.4366408],[76.9340109,28.4369012],[76.9339738,28.4370811],[76.9336317,28.4370859],[76.9336239,28.4366555],[76.9336225,28.4365799],[76.9336218,28.4365416],[76.9336183,28.4363451],[76.9339682,28.4365769]]]}},{"type":"Feature","properties":{"v":"Garhi Harsaru","m":"44","k":"3","t":"Harsaru","vc":"01173","area":4100.0,"lat":28.437344,"lng":76.9346287},"geometry":{"type":"Polygon","coordinates":[[[76.9346728,28.4371139],[76.9352495,28.4376074],[76.93501,28.4376108],[76.9348894,28.4376125],[76.9343258,28.4376205],[76.9343168,28.4371243],[76.9343167,28.4371169],[76.9343159,28.4370762],[76.934311,28.4368041],[76.9346728,28.4371139]]]}},{"type":"Feature","properties":{"v":"Garhi Harsaru","m":"44","k":"2/1","t":"Harsaru","vc":"01173","area":1923.8,"lat":28.437351,"lng":76.9337992},"geometry":{"type":"Polygon","coordinates":[[[76.9336317,28.4370859],[76.9339738,28.4370811],[76.9339495,28.4376259],[76.9336416,28.4376302],[76.9336317,28.4370859]]]}},{"type":"Feature","properties":{"v":"Garhi Harsaru","m":"44","k":"1","t":"Harsaru","vc":"01173","area":4050.4,"lat":28.4373629,"lng":76.9332945},"geometry":{"type":"Polygon","coordinates":[[[76.9336317,28.4370859],[76.9336416,28.4376302],[76.9329574,28.43764],[76.9329475,28.4370956],[76.9336317,28.4370859]]]}},{"type":"Feature","properties":{"v":"Garhi Harsaru","m":"44","k":"9/2","t":"Harsaru","vc":"01173","area":694.5,"lat":28.4368855,"lng":76.9340924},"geometry":{"type":"Polygon","coordinates":[[[76.9340886,28.4366568],[76.9342015,28.4367315],[76.9341582,28.4369968],[76.9341449,28.4370787],[76.9339738,28.4370811],[76.9340109,28.4369012],[76.9340646,28.4366408],[76.9340886,28.4366568]]]}},{"type":"Feature","properties":{"v":"Garhi Harsaru","m":"44","k":"9/1","t":"Harsaru","vc":"01173","area":482.2,"lat":28.4369318,"lng":76.9342391},"geometry":{"type":"Polygon","coordinates":[[[76.9342562,28.4367678],[76.934311,28.4368041],[76.9343159,28.4370762],[76.9342584,28.4370771],[76.9341449,28.4370787],[76.9341582,28.4369968],[76.9342015,28.4367315],[76.9342562,28.4367678]]]}},{"type":"Feature","properties":{"v":"Garhi Harsaru","m":"44","k":"2/2","t":"Harsaru","vc":"01173","area":1012.5,"lat":28.4373523,"lng":76.9340472},"geometry":{"type":"Polygon","coordinates":[[[76.9339495,28.4376259],[76.9339738,28.4370811],[76.9341449,28.4370787],[76.9341205,28.4376235],[76.9339495,28.4376259]]]}},{"type":"Feature","properties":{"v":"Garhi Harsaru","m":"44","k":"2/3","t":"Harsaru","vc":"01173","area":1113.8,"lat":28.437358,"lng":76.9342267},"geometry":{"type":"Polygon","coordinates":[[[76.9342584,28.4370771],[76.9343159,28.4370762],[76.9343167,28.4371169],[76.9343168,28.4371243],[76.9343258,28.4376205],[76.9341205,28.4376235],[76.9341449,28.4370787],[76.9342584,28.4370771]]]}},{"type":"Feature","properties":{"v":"Garhi Harsaru","m":"46","k":"277","t":"Harsaru","vc":"01173","area":1755.1,"lat":28.435023,"lng":76.9287781},"geometry":{"type":"Polygon","coordinates":[[[76.9288226,28.4360652],[76.9288283,28.4363827],[76.9287765,28.4363539],[76.9287713,28.4360659],[76.9287683,28.4358996],[76.9287614,28.4355216],[76.9287532,28.435068],[76.9287516,28.4349773],[76.9287491,28.4348412],[76.9287417,28.434433],[76.9281088,28.434442],[76.9274247,28.4344516],[76.9274238,28.4344063],[76.928108,28.4343966],[76.9287922,28.4343869],[76.928793,28.4344323],[76.9288029,28.4349766],[76.9288127,28.4355209],[76.9288196,28.4358989],[76.928822,28.436035],[76.9288226,28.4360652]]]}},{"type":"Feature","properties":{"v":"Garhi Harsaru","m":"46","k":"26","t":"Harsaru","vc":"01173","area":1217.4,"lat":28.4369998,"lng":76.9269488},"geometry":{"type":"Polygon","coordinates":[[[76.9267897,28.4371828],[76.926787,28.4370316],[76.9267829,28.4368048],[76.9271971,28.4368988],[76.927117,28.4370409],[76.9270292,28.4371794],[76.9267897,28.4371828]]]}},{"type":"Feature","properties":{"v":"Garhi Harsaru","m":"46","k":"17/1","t":"Harsaru","vc":"01173","area":1875.7,"lat":28.4360596,"lng":76.928525},"geometry":{"type":"Polygon","coordinates":[[[76.9287713,28.4360659],[76.9287765,28.4363539],[76.928137,28.4359993],[76.9281354,28.4359086],[76.9287683,28.4358996],[76.9287713,28.4360659]]]}},{"type":"Feature","properties":{"v":"Garhi Harsaru","m":"46","k":"16/1","t":"Harsaru","vc":"01173","area":607.5,"lat":28.435964,"lng":76.9290261},"geometry":{"type":"Polygon","coordinates":[[[76.9292301,28.4358931],[76.9292326,28.4360291],[76.9290615,28.4360316],[76.928822,28.436035],[76.9288196,28.4358989],[76.9292301,28.4358931]]]}},{"type":"Feature","properties":{"v":"Garhi Harsaru","m":"46","k":"25","t":"Harsaru","vc":"01173","area":4050.1,"lat":28.4352439,"lng":76.9291499},"geometry":{"type":"Polygon","coordinates":[[[76.9288127,28.4355209],[76.9288029,28.4349766],[76.9294871,28.4349669],[76.9294969,28.4355112],[76.9288127,28.4355209]]]}},{"type":"Feature","properties":{"v":"Garhi Harsaru","m":"46","k":"24/1","t":"Harsaru","vc":"01173","area":3122.2,"lat":28.4352993,"lng":76.9284409},"geometry":{"type":"Polygon","coordinates":[[[76.9281285,28.4355306],[76.9281203,28.435077],[76.9287532,28.435068],[76.9287614,28.4355216],[76.9281285,28.4355306]]]}},{"type":"Feature","properties":{"v":"Garhi Harsaru","m":"46","k":"23","t":"Harsaru","vc":"01173","area":4049.7,"lat":28.4352632,"lng":76.9277815},"geometry":{"type":"Polygon","coordinates":[[[76.9281285,28.4355306],[76.9274444,28.4355402],[76.9274345,28.4349959],[76.9281187,28.4349863],[76.9281203,28.435077],[76.9281285,28.4355306]]]}},{"type":"Feature","properties":{"v":"Garhi Harsaru","m":"46","k":"22/2","t":"Harsaru","vc":"01173","area":2232.1,"lat":28.4352533,"lng":76.9272503},"geometry":{"type":"Polygon","coordinates":[[[76.9274444,28.4355402],[76.9274457,28.4356158],[76.9270309,28.4353817],[76.927024,28.4350017],[76.9274345,28.4349959],[76.9274444,28.4355402]]]}},{"type":"Feature","properties":{"v":"Garhi Harsaru","m":"46","k":"21","t":"Harsaru","vc":"01173","area":3470.3,"lat":28.4353854,"lng":76.9264119},"geometry":{"type":"Polygon","coordinates":[[[76.9260661,28.4350153],[76.9261688,28.4350138],[76.9267564,28.4353433],[76.9267602,28.4355499],[76.9267645,28.4357892],[76.926074,28.4354514],[76.9260661,28.4350153]]]}},{"type":"Feature","properties":{"v":"Garhi Harsaru","m":"46","k":"19","t":"Harsaru","vc":"01173","area":3424.5,"lat":28.435774,"lng":76.9271385},"geometry":{"type":"Polygon","coordinates":[[[76.9267564,28.4353433],[76.9276017,28.4358581],[76.9274738,28.4361548],[76.9267645,28.4357892],[76.9267602,28.4355499],[76.9267564,28.4353433]]]}},{"type":"Feature","properties":{"v":"Garhi Harsaru","m":"46","k":"18","t":"Harsaru","vc":"01173","area":2025.0,"lat":28.435694,"lng":76.9278717},"geometry":{"type":"Polygon","coordinates":[[[76.9274444,28.4355402],[76.9281285,28.4355306],[76.9281354,28.4359086],[76.928137,28.4359993],[76.9274457,28.4356158],[76.9274444,28.4355402]]]}},{"type":"Feature","properties":{"v":"Garhi Harsaru","m":"46","k":"17/2","t":"Harsaru","vc":"01173","area":2601.8,"lat":28.4357151,"lng":76.9284484},"geometry":{"type":"Polygon","coordinates":[[[76.9287683,28.4358996],[76.9281354,28.4359086],[76.9281285,28.4355306],[76.9287614,28.4355216],[76.9287683,28.4358996]]]}},{"type":"Feature","properties":{"v":"Garhi Harsaru","m":"46","k":"16/2","t":"Harsaru","vc":"01173","area":3217.6,"lat":28.435737,"lng":76.9291847},"geometry":{"type":"Polygon","coordinates":[[[76.9292301,28.4358931],[76.9288196,28.4358989],[76.9288127,28.4355209],[76.9294969,28.4355112],[76.9295062,28.4360253],[76.929472,28.4360258],[76.9292668,28.4360287],[76.9292326,28.4360291],[76.9292301,28.4358931]]]}},{"type":"Feature","properties":{"v":"Garhi Harsaru","m":"46","k":"15/2","t":"Harsaru","vc":"01173","area":1424.1,"lat":28.4363473,"lng":76.9293786},"geometry":{"type":"Polygon","coordinates":[[[76.9294847,28.4367276],[76.9292772,28.4366032],[76.9292668,28.4360287],[76.929472,28.4360258],[76.9294847,28.4367276]]]}},{"type":"Feature","properties":{"v":"Garhi Harsaru","m":"46","k":"10","t":"Harsaru","vc":"01173","area":3375.4,"lat":28.436959,"lng":76.9264245},"geometry":{"type":"Polygon","coordinates":[[[76.9267897,28.4371828],[76.9261055,28.4371925],[76.9260959,28.4366633],[76.9267829,28.4368048],[76.926787,28.4370316],[76.9267897,28.4371828]]]}},{"type":"Feature","properties":{"v":"Garhi Harsaru","m":"46","k":"5","t":"Harsaru","vc":"01173","area":1331.7,"lat":28.4375098,"lng":76.9269418},"geometry":{"type":"Polygon","coordinates":[[[76.9267995,28.4377271],[76.9267897,28.4371828],[76.9270292,28.4371794],[76.9268637,28.4374613],[76.9273298,28.4377196],[76.9267995,28.4377271]]]}},{"type":"Feature","properties":{"v":"Garhi Harsaru","m":"46","k":"1","t":"Harsaru","vc":"01173","area":3493.3,"lat":28.4374367,"lng":76.9264928},"geometry":{"type":"Polygon","coordinates":[[[76.9267897,28.4371828],[76.9267995,28.4377271],[76.9264486,28.4377321],[76.9263792,28.4377331],[76.9263758,28.4377331],[76.9263682,28.4377221],[76.926172,28.4374365],[76.9261082,28.4373437],[76.9261079,28.4373245],[76.9261065,28.4372471],[76.9261055,28.4371925],[76.9267897,28.4371828]]]}},{"type":"Feature","properties":{"v":"Garhi Harsaru","m":"47","k":"6","t":"Harsaru","vc":"01173","area":1987.0,"lat":28.4368415,"lng":76.9259201},"geometry":{"type":"Polygon","coordinates":[[[76.9257282,28.4365639],[76.9260959,28.4366633],[76.9261055,28.4371925],[76.9261065,28.4372471],[76.9261079,28.4373245],[76.9261082,28.4373437],[76.9260131,28.4372014],[76.9259999,28.4371816],[76.9257591,28.4368212],[76.9256387,28.436641],[76.9255561,28.4365174],[76.9257282,28.4365639]]]}},{"type":"Feature","properties":{"v":"Garhi Harsaru","m":"47","k":"25","t":"Harsaru","vc":"01173","area":1937.6,"lat":28.4351645,"lng":76.9257964},"geometry":{"type":"Polygon","coordinates":[[[76.9253819,28.4350249],[76.9260661,28.4350153],[76.926074,28.4354514],[76.9252491,28.4350268],[76.9253819,28.4350249]]]}},{"type":"Feature","properties":{"v":"Garhi Harsaru","m":"45","k":"276","t":"Harsaru","vc":"01173","area":825.7,"lat":28.4374042,"lng":76.9317119},"geometry":{"type":"Polygon","coordinates":[[[76.93096,28.43755],[76.931384,28.4371981],[76.9315827,28.4373116],[76.9316345,28.4373412],[76.9319541,28.4375067],[76.9320258,28.4375439],[76.9322655,28.4372263],[76.932267,28.4373061],[76.9320416,28.4376046],[76.9313899,28.4372554],[76.9310049,28.4375749],[76.93096,28.43755]]]}},{"type":"Feature","properties":{"v":"Garhi Harsaru","m":"45","k":"9/2","t":"Harsaru","vc":"01173","area":967.9,"lat":28.4366505,"lng":76.9305367},"geometry":{"type":"Polygon","coordinates":[[[76.9302033,28.4367262],[76.9302008,28.4365901],[76.930885,28.4365804],[76.9308856,28.4366107],[76.9308872,28.4367014],[76.9303402,28.4367243],[76.9302033,28.4367262]]]}},{"type":"Feature","properties":{"v":"Garhi Harsaru","m":"45","k":"13/1","t":"Harsaru","vc":"01173","area":562.5,"lat":28.4365377,"lng":76.9312264},"geometry":{"type":"Polygon","coordinates":[[[76.930885,28.4365804],[76.9308837,28.4365048],[76.9315679,28.4364951],[76.9315692,28.4365707],[76.930885,28.4365804]]]}},{"type":"Feature","properties":{"v":"Garhi Harsaru","m":"45","k":"17/1/1","t":"Harsaru","vc":"01173","area":364.1,"lat":28.4359661,"lng":76.9320844},"geometry":{"type":"Polygon","coordinates":[[[76.9322436,28.4360167],[76.9319271,28.4360212],[76.9319252,28.4359154],[76.9322416,28.4359109],[76.9322436,28.4360167]]]}},{"type":"Feature","properties":{"v":"Garhi Harsaru","m":"45","k":"23/2","t":"Harsaru","vc":"01173","area":303.6,"lat":28.4352103,"lng":76.9315189},"geometry":{"type":"Polygon","coordinates":[[[76.9315396,28.4349378],[76.9315402,28.4349695],[76.9315468,28.4353357],[76.9315495,28.4354821],[76.9314982,28.4354829],[76.9314949,28.4353013],[76.9314889,28.43497],[76.9314883,28.4349386],[76.9315396,28.4349378]]]}},{"type":"Feature","properties":{"v":"Garhi Harsaru","m":"45","k":"22/1/1","t":"Harsaru","vc":"01173","area":674.9,"lat":28.4354513,"lng":76.9305224},"geometry":{"type":"Polygon","coordinates":[[[76.9308653,28.4354918],[76.9301811,28.4355015],[76.9301795,28.4354108],[76.9308637,28.4354011],[76.9308653,28.4354918]]]}},{"type":"Feature","properties":{"v":"Garhi Harsaru","m":"45","k":"13/2","t":"Harsaru","vc":"01173","area":3487.5,"lat":28.4362656,"lng":76.9312216},"geometry":{"type":"Polygon","coordinates":[[[76.9308837,28.4365048],[76.9308818,28.436399],[76.9308785,28.4362176],[76.9308752,28.4360361],[76.9315594,28.4360264],[76.9315679,28.4364951],[76.9308837,28.4365048]]]}},{"type":"Feature","properties":{"v":"Garhi Harsaru","m":"45","k":"14/2","t":"Harsaru","vc":"01173","area":1873.2,"lat":28.4362911,"lng":76.9320903},"geometry":{"type":"Polygon","coordinates":[[[76.9322436,28.4360167],[76.9322534,28.436561],[76.931937,28.4365655],[76.9319271,28.4360212],[76.9322436,28.4360167]]]}},{"type":"Feature","properties":{"v":"Garhi Harsaru","m":"45","k":"8/1","t":"Harsaru","vc":"01173","area":2474.9,"lat":28.4369535,"lng":76.931234},"geometry":{"type":"Polygon","coordinates":[[[76.9308949,28.4371247],[76.930893,28.4370189],[76.9308905,28.4368828],[76.9308889,28.4367921],[76.9315731,28.4367824],[76.9315791,28.437115],[76.9308949,28.4371247]]]}},{"type":"Feature","properties":{"v":"Garhi Harsaru","m":"45","k":"7/1","t":"Harsaru","vc":"01173","area":1873.1,"lat":28.4368354,"lng":76.9321002},"geometry":{"type":"Polygon","coordinates":[[[76.9322584,28.4368332],[76.9322633,28.4371053],[76.9319469,28.4371098],[76.931937,28.4365655],[76.9322534,28.436561],[76.9322584,28.4368332]]]}},{"type":"Feature","properties":{"v":"Garhi Harsaru","m":"45","k":"6/1","t":"Harsaru","vc":"01173","area":2024.7,"lat":28.4369644,"lng":76.932603},"geometry":{"type":"Polygon","coordinates":[[[76.9322584,28.4368332],[76.9329426,28.4368235],[76.9329475,28.4370956],[76.9322633,28.4371053],[76.9322584,28.4368332]]]}},{"type":"Feature","properties":{"v":"Garhi Harsaru","m":"45","k":"24","t":"Harsaru","vc":"01173","area":2447.0,"lat":28.4352855,"lng":76.9318059},"geometry":{"type":"Polygon","coordinates":[[[76.9315738,28.4349374],[76.9316205,28.4349688],[76.9320202,28.4352387],[76.932232,28.4353817],[76.9322337,28.4354724],[76.932023,28.4354754],[76.9317636,28.4354791],[76.9315495,28.4354821],[76.9315468,28.4353357],[76.9315402,28.4349695],[76.9315396,28.4349378],[76.9315738,28.4349374]]]}},{"type":"Feature","properties":{"v":"Garhi Harsaru","m":"45","k":"23/1","t":"Harsaru","vc":"01173","area":3746.5,"lat":28.4352152,"lng":76.9311768},"geometry":{"type":"Polygon","coordinates":[[[76.9309627,28.434946],[76.9313331,28.4349408],[76.9314883,28.4349386],[76.9314889,28.43497],[76.9314949,28.4353013],[76.9314982,28.4354829],[76.9308653,28.4354918],[76.9308637,28.4354011],[76.9308628,28.4353558],[76.9308554,28.4349475],[76.9309627,28.434946]]]}},{"type":"Feature","properties":{"v":"Garhi Harsaru","m":"45","k":"22/2","t":"Harsaru","vc":"01173","area":3037.3,"lat":28.4351565,"lng":76.9305171},"geometry":{"type":"Polygon","coordinates":[[[76.9301787,28.4353654],[76.9301713,28.4349572],[76.9308554,28.4349475],[76.9308628,28.4353558],[76.9301787,28.4353654]]]}},{"type":"Feature","properties":{"v":"Garhi Harsaru","m":"45","k":"21","t":"Harsaru","vc":"01173","area":4050.3,"lat":28.4352342,"lng":76.9298341},"geometry":{"type":"Polygon","coordinates":[[[76.9301811,28.4355015],[76.9294969,28.4355112],[76.9294871,28.4349669],[76.9301713,28.4349572],[76.9301787,28.4353654],[76.9301795,28.4354108],[76.9301811,28.4355015]]]}},{"type":"Feature","properties":{"v":"Garhi Harsaru","m":"45","k":"20","t":"Harsaru","vc":"01173","area":4050.3,"lat":28.4357785,"lng":76.9298439},"geometry":{"type":"Polygon","coordinates":[[[76.930191,28.4360458],[76.9295068,28.4360555],[76.9295062,28.4360253],[76.9294969,28.4355112],[76.9301811,28.4355015],[76.930191,28.4360458]]]}},{"type":"Feature","properties":{"v":"Garhi Harsaru","m":"45","k":"19","t":"Harsaru","vc":"01173","area":4050.1,"lat":28.4357688,"lng":76.9305282},"geometry":{"type":"Polygon","coordinates":[[[76.9308752,28.4360361],[76.930191,28.4360458],[76.9301811,28.4355015],[76.9308653,28.4354918],[76.9308752,28.4360361]]]}},{"type":"Feature","properties":{"v":"Garhi Harsaru","m":"45","k":"18","t":"Harsaru","vc":"01173","area":4049.9,"lat":28.4357591,"lng":76.9312123},"geometry":{"type":"Polygon","coordinates":[[[76.9315594,28.4360264],[76.9308752,28.4360361],[76.9308653,28.4354918],[76.9314982,28.4354829],[76.9315495,28.4354821],[76.9315575,28.4359206],[76.9315594,28.4360264]]]}},{"type":"Feature","properties":{"v":"Garhi Harsaru","m":"45","k":"17/2","t":"Harsaru","vc":"01173","area":3262.7,"lat":28.4356965,"lng":76.9318956},"geometry":{"type":"Polygon","coordinates":[[[76.9317636,28.4354791],[76.932023,28.4354754],[76.9322337,28.4354724],[76.9322343,28.4355062],[76.9322396,28.4357965],[76.9322416,28.4359109],[76.9319252,28.4359154],[76.9316088,28.4359199],[76.9315575,28.4359206],[76.9315495,28.4354821],[76.9317636,28.4354791]]]}},{"type":"Feature","properties":{"v":"Garhi Harsaru","m":"45","k":"16","t":"Harsaru","vc":"01173","area":2924.8,"lat":28.4357915,"lng":76.9325115},"geometry":{"type":"Polygon","coordinates":[[[76.9324118,28.4355047],[76.9326409,28.4356615],[76.9327095,28.4357084],[76.932925,28.4358559],[76.9329278,28.436007],[76.9327131,28.4360101],[76.9325562,28.4360123],[76.9322436,28.4360167],[76.9322416,28.4359109],[76.9322396,28.4357965],[76.9322343,28.4355062],[76.9322337,28.4354724],[76.932232,28.4353817],[76.9324118,28.4355047]]]}},{"type":"Feature","properties":{"v":"Garhi Harsaru","m":"45","k":"15","t":"Harsaru","vc":"01173","area":4049.8,"lat":28.436284,"lng":76.9325906},"geometry":{"type":"Polygon","coordinates":[[[76.9325562,28.4360123],[76.9327131,28.4360101],[76.9329278,28.436007],[76.9329284,28.436043],[76.932932,28.436241],[76.9329376,28.4365513],[76.9322534,28.436561],[76.9322436,28.4360167],[76.9325562,28.4360123]]]}},{"type":"Feature","properties":{"v":"Garhi Harsaru","m":"45","k":"12","t":"Harsaru","vc":"01173","area":2699.6,"lat":28.4364039,"lng":76.9305397},"geometry":{"type":"Polygon","coordinates":[[[76.930885,28.4365804],[76.9302008,28.4365901],[76.9301976,28.4364087],[76.9301943,28.4362273],[76.9308785,28.4362176],[76.9308818,28.436399],[76.9308837,28.4365048],[76.930885,28.4365804]]]}},{"type":"Feature","properties":{"v":"Garhi Harsaru","m":"45","k":"11/1","t":"Harsaru","vc":"01173","area":1349.7,"lat":28.4365042,"lng":76.9298571},"geometry":{"type":"Polygon","coordinates":[[[76.9295167,28.4365998],[76.9295134,28.4364184],[76.9301976,28.4364087],[76.9302008,28.4365901],[76.9295167,28.4365998]]]}},{"type":"Feature","properties":{"v":"Garhi Harsaru","m":"45","k":"10","t":"Harsaru","vc":"01173","area":2587.5,"lat":28.4367864,"lng":76.9299267},"geometry":{"type":"Polygon","coordinates":[[[76.9295167,28.4365998],[76.9302008,28.4365901],[76.9302033,28.4367262],[76.9302066,28.4369076],[76.9302088,28.4370286],[76.9302107,28.4371344],[76.9295194,28.436751],[76.9295167,28.4365998]]]}},{"type":"Feature","properties":{"v":"Garhi Harsaru","m":"45","k":"9/1/1/2","t":"Harsaru","vc":"01173","area":216.0,"lat":28.4371019,"lng":76.9302847},"geometry":{"type":"Polygon","coordinates":[[[76.9302107,28.4371344],[76.9302088,28.4370286],[76.9303456,28.4370267],[76.9303476,28.4371325],[76.930349,28.4372111],[76.9302107,28.4371344]]]}},{"type":"Feature","properties":{"v":"Garhi Harsaru","m":"45","k":"5","t":"Harsaru","vc":"01173","area":7117.8,"lat":28.4374366,"lng":76.9321753},"geometry":{"type":"Polygon","coordinates":[[[76.9318814,28.4376552],[76.931589,28.4376593],[76.9312298,28.4376644],[76.9311679,28.4376653],[76.9310049,28.4375749],[76.9313899,28.4372554],[76.9320416,28.4376046],[76.932267,28.4373061],[76.9322655,28.4372263],[76.9322633,28.4371053],[76.9329475,28.4370956],[76.9329574,28.43764],[76.9323416,28.4376487],[76.9322732,28.4376497],[76.9318814,28.4376552]]]}},{"type":"Feature","properties":{"v":"Garhi Harsaru","m":"45","k":"4/1","t":"Harsaru","vc":"01173","area":1073.6,"lat":28.4372717,"lng":76.9318059},"geometry":{"type":"Polygon","coordinates":[[[76.9319541,28.4375067],[76.9316345,28.4373412],[76.9316304,28.4371143],[76.9319469,28.4371098],[76.9319541,28.4375067]]]}},{"type":"Feature","properties":{"v":"Garhi Harsaru","m":"45","k":"3/1","t":"Harsaru","vc":"01173","area":1227.5,"lat":28.4373016,"lng":76.9310636},"geometry":{"type":"Polygon","coordinates":[[[76.930902,28.4375178],[76.9308949,28.4371247],[76.931384,28.4371981],[76.93096,28.43755],[76.930902,28.4375178]]]}},{"type":"Feature","properties":{"v":"Garhi Harsaru","m":"45","k":"2","t":"Harsaru","vc":"01173","area":1404.1,"lat":28.4372631,"lng":76.9306845},"geometry":{"type":"Polygon","coordinates":[[[76.9308949,28.4371247],[76.930902,28.4375178],[76.9307047,28.4374084],[76.9306096,28.4373557],[76.9304886,28.4372886],[76.930349,28.4372111],[76.9303476,28.4371325],[76.9308949,28.4371247]]]}},{"type":"Feature","properties":{"v":"Garhi Harsaru","m":"50","k":"9","t":"Harsaru","vc":"01173","area":1316.4,"lat":28.434279,"lng":76.9303643},"geometry":{"type":"Polygon","coordinates":[[[76.9306423,28.4343209],[76.9307772,28.4344042],[76.9306432,28.4344061],[76.9302304,28.4344119],[76.9301614,28.4344129],[76.9301605,28.4343614],[76.9301543,28.4340198],[76.9306423,28.4343209]]]}},{"type":"Feature","properties":{"v":"Garhi Harsaru","m":"50","k":"10","t":"Harsaru","vc":"01173","area":4387.6,"lat":28.4341126,"lng":76.9297758},"geometry":{"type":"Polygon","coordinates":[[[76.9298817,28.4338687],[76.9298884,28.4338723],[76.9299352,28.4338983],[76.929954,28.4339087],[76.9301543,28.4340198],[76.9301605,28.4343614],[76.9301614,28.4344129],[76.9294772,28.4344226],[76.9294701,28.4340295],[76.9294674,28.4338783],[76.9294671,28.4338669],[76.929463,28.4336364],[76.9298817,28.4338687]]]}},{"type":"Feature","properties":{"v":"Garhi Harsaru","m":"50","k":"3","t":"Harsaru","vc":"01173","area":1949.1,"lat":28.4347778,"lng":76.9310919},"geometry":{"type":"Polygon","coordinates":[[[76.9309903,28.4345452],[76.9313311,28.4347743],[76.9315392,28.4349141],[76.9315738,28.4349374],[76.9315396,28.4349378],[76.9314883,28.4349386],[76.9313331,28.4349408],[76.9309627,28.434946],[76.9308554,28.4349475],[76.930854,28.4348652],[76.9308464,28.4344486],[76.9309903,28.4345452]]]}},{"type":"Feature","properties":{"v":"Garhi Harsaru","m":"50","k":"2","t":"Harsaru","vc":"01173","area":4033.1,"lat":28.4346813,"lng":76.9305071},"geometry":{"type":"Polygon","coordinates":[[[76.9302304,28.4344119],[76.9306432,28.4344061],[76.9307772,28.4344042],[76.9308223,28.4344331],[76.9308464,28.4344486],[76.930854,28.4348652],[76.9308554,28.4349475],[76.9301713,28.4349572],[76.9301614,28.4344129],[76.9302304,28.4344119]]]}},{"type":"Feature","properties":{"v":"Garhi Harsaru","m":"50","k":"1","t":"Harsaru","vc":"01173","area":4050.2,"lat":28.4346899,"lng":76.9298242},"geometry":{"type":"Polygon","coordinates":[[[76.9301614,28.4344129],[76.9301713,28.4349572],[76.9294871,28.4349669],[76.9294772,28.4344226],[76.9301614,28.4344129]]]}},{"type":"Feature","properties":{"v":"Garhi Harsaru","m":"49","k":"11","t":"Harsaru","vc":"01173","area":1160.5,"lat":28.4337937,"lng":76.9265402},"geometry":{"type":"Polygon","coordinates":[[[76.9267243,28.4335659],[76.9267306,28.433917],[76.9262097,28.4339244],[76.9261662,28.433925],[76.9262305,28.4338804],[76.9267238,28.433539],[76.9267243,28.4335659]]]}},{"type":"Feature","properties":{"v":"Garhi Harsaru","m":"49","k":"24","t":"Harsaru","vc":"01173","area":1101.9,"lat":28.4327069,"lng":76.9281373},"geometry":{"type":"Polygon","coordinates":[[[76.9281902,28.4325543],[76.9282405,28.4325987],[76.9284727,28.4328035],[76.928217,28.4328071],[76.9280793,28.432809],[76.9279445,28.432811],[76.9278056,28.4328129],[76.9280748,28.4325598],[76.9281337,28.4325044],[76.9281902,28.4325543]]]}},{"type":"Feature","properties":{"v":"Garhi Harsaru","m":"49","k":"13","t":"Harsaru","vc":"01173","area":4049.9,"lat":28.4336304,"lng":76.927752},"geometry":{"type":"Polygon","coordinates":[[[76.9274148,28.4339073],[76.927405,28.433363],[76.9280891,28.4333534],[76.928099,28.4338977],[76.9274148,28.4339073]]]}},{"type":"Feature","properties":{"v":"Garhi Harsaru","m":"49","k":"18","t":"Harsaru","vc":"01173","area":3459.5,"lat":28.433117,"lng":76.9277777},"geometry":{"type":"Polygon","coordinates":[[[76.9279445,28.432811],[76.9280793,28.432809],[76.9280891,28.4333534],[76.927405,28.433363],[76.927401,28.4331459],[76.9273999,28.4330833],[76.9276538,28.4329141],[76.9276546,28.4329136],[76.9278056,28.4328129],[76.9279445,28.432811]]]}},{"type":"Feature","properties":{"v":"Garhi Harsaru","m":"49","k":"17","t":"Harsaru","vc":"01173","area":3620.2,"lat":28.4330984,"lng":76.9283975},"geometry":{"type":"Polygon","coordinates":[[[76.928217,28.4328071],[76.9284727,28.4328035],[76.9284977,28.4328261],[76.9285757,28.4328969],[76.9287684,28.4330715],[76.9287731,28.4333314],[76.9287733,28.4333437],[76.9280891,28.4333534],[76.9280793,28.432809],[76.928217,28.4328071]]]}},{"type":"Feature","properties":{"v":"Garhi Harsaru","m":"49","k":"15","t":"Harsaru","vc":"01173","area":3687.5,"lat":28.4336061,"lng":76.9290516},"geometry":{"type":"Polygon","coordinates":[[[76.9292283,28.4335118],[76.9292663,28.433532],[76.929463,28.4336364],[76.9294671,28.4338669],[76.9294674,28.4338783],[76.9287832,28.433888],[76.9287733,28.4333437],[76.9287731,28.4333314],[76.9287684,28.4330715],[76.9292283,28.4335118]]]}},{"type":"Feature","properties":{"v":"Garhi Harsaru","m":"49","k":"14","t":"Harsaru","vc":"01173","area":4050.2,"lat":28.4336207,"lng":76.9284361},"geometry":{"type":"Polygon","coordinates":[[[76.928099,28.4338977],[76.9280891,28.4333534],[76.9287733,28.4333437],[76.9287832,28.433888],[76.928099,28.4338977]]]}},{"type":"Feature","properties":{"v":"Garhi Harsaru","m":"49","k":"12","t":"Harsaru","vc":"01173","area":4482.3,"lat":28.4335967,"lng":76.9271092},"geometry":{"type":"Polygon","coordinates":[[[76.927401,28.4331459],[76.927405,28.433363],[76.9274148,28.4339073],[76.9267306,28.433917],[76.9267243,28.4335659],[76.9267238,28.433539],[76.9268582,28.4334469],[76.9268832,28.4334298],[76.9269208,28.433404],[76.9269716,28.4333692],[76.9273999,28.4330833],[76.927401,28.4331459]]]}},{"type":"Feature","properties":{"v":"Garhi Harsaru","m":"49","k":"10","t":"Harsaru","vc":"01173","area":4010.7,"lat":28.4341964,"lng":76.9263965},"geometry":{"type":"Polygon","coordinates":[[[76.9262097,28.4339244],[76.9267306,28.433917],[76.9267405,28.4344613],[76.9260563,28.434471],[76.926049,28.4340695],[76.9260475,28.4339871],[76.9260608,28.4339802],[76.9261662,28.433925],[76.9262097,28.4339244]]]}},{"type":"Feature","properties":{"v":"Garhi Harsaru","m":"49","k":"9","t":"Harsaru","vc":"01173","area":4049.9,"lat":28.4341843,"lng":76.9270776},"geometry":{"type":"Polygon","coordinates":[[[76.9267405,28.4344613],[76.9267306,28.433917],[76.9274148,28.4339073],[76.9274238,28.4344063],[76.9274247,28.4344516],[76.9267405,28.4344613]]]}},{"type":"Feature","properties":{"v":"Garhi Harsaru","m":"49","k":"8","t":"Harsaru","vc":"01173","area":3712.6,"lat":28.434152,"lng":76.9277614},"geometry":{"type":"Polygon","coordinates":[[[76.9274238,28.4344063],[76.9274148,28.4339073],[76.928099,28.4338977],[76.9281017,28.4340489],[76.928108,28.4343966],[76.9274238,28.4344063]]]}},{"type":"Feature","properties":{"v":"Garhi Harsaru","m":"49","k":"7/1","t":"Harsaru","vc":"01173","area":2587.3,"lat":28.4342179,"lng":76.9284469},"geometry":{"type":"Polygon","coordinates":[[[76.9281017,28.4340489],[76.9287859,28.4340392],[76.9287922,28.4343869],[76.928108,28.4343966],[76.9281017,28.4340489]]]}},{"type":"Feature","properties":{"v":"Garhi Harsaru","m":"49","k":"6/1","t":"Harsaru","vc":"01173","area":2925.0,"lat":28.4342309,"lng":76.9291316},"geometry":{"type":"Polygon","coordinates":[[[76.928793,28.4344323],[76.9287922,28.4343869],[76.9287859,28.4340392],[76.9294701,28.4340295],[76.9294772,28.4344226],[76.928793,28.4344323]]]}},{"type":"Feature","properties":{"v":"Garhi Harsaru","m":"49","k":"5","t":"Harsaru","vc":"01173","area":4050.2,"lat":28.4346996,"lng":76.9291401},"geometry":{"type":"Polygon","coordinates":[[[76.928793,28.4344323],[76.9294772,28.4344226],[76.9294871,28.4349669],[76.9288029,28.4349766],[76.928793,28.4344323]]]}},{"type":"Feature","properties":{"v":"Garhi Harsaru","m":"49","k":"4/2","t":"Harsaru","vc":"01173","area":2809.7,"lat":28.4346416,"lng":76.928429},"geometry":{"type":"Polygon","coordinates":[[[76.9287491,28.4348412],[76.9281162,28.4348502],[76.9281088,28.434442],[76.9287417,28.434433],[76.9287491,28.4348412]]]}},{"type":"Feature","properties":{"v":"Garhi Harsaru","m":"49","k":"3","t":"Harsaru","vc":"01173","area":4049.8,"lat":28.434719,"lng":76.9277717},"geometry":{"type":"Polygon","coordinates":[[[76.9274247,28.4344516],[76.9281088,28.434442],[76.9281162,28.4348502],[76.9281187,28.4349863],[76.9274345,28.4349959],[76.9274247,28.4344516]]]}},{"type":"Feature","properties":{"v":"Garhi Harsaru","m":"49","k":"2","t":"Harsaru","vc":"01173","area":4050.1,"lat":28.4347286,"lng":76.9270875},"geometry":{"type":"Polygon","coordinates":[[[76.9274247,28.4344516],[76.9274345,28.4349959],[76.927024,28.4350017],[76.9267503,28.4350056],[76.9267405,28.4344613],[76.9274247,28.4344516]]]}},{"type":"Feature","properties":{"v":"Garhi Harsaru","m":"49","k":"1/2","t":"Harsaru","vc":"01173","area":3695.5,"lat":28.4347186,"lng":76.9264259},"geometry":{"type":"Polygon","coordinates":[[[76.9267405,28.4344613],[76.9267503,28.4350056],[76.926374,28.4350109],[76.9260623,28.4348036],[76.9260563,28.434471],[76.9267405,28.4344613]]]}},{"type":"Feature","properties":{"v":"Garhi Harsaru","m":"48","k":"6","t":"Harsaru","vc":"01173","area":2443.5,"lat":28.4344275,"lng":76.925872},"geometry":{"type":"Polygon","coordinates":[[[76.926049,28.4340695],[76.9260563,28.434471],[76.9260623,28.4348036],[76.925562,28.4345232],[76.9255062,28.434492],[76.9255206,28.4344785],[76.9255274,28.4344722],[76.9255386,28.4344617],[76.9260475,28.4339871],[76.926049,28.4340695]]]}},{"type":"Feature","properties":{"v":"Garhi Harsaru","m":"48","k":"5/2","t":"Harsaru","vc":"01173","area":2080.4,"lat":28.4348781,"lng":76.9256323},"geometry":{"type":"Polygon","coordinates":[[[76.9253819,28.4350249],[76.9252491,28.4350268],[76.9255035,28.4345997],[76.9260649,28.4349492],[76.9260661,28.4350153],[76.9253819,28.4350249]]]}},{"type":"Feature","properties":{"v":"Garhi Harsaru","m":"0","k":"63","t":"Harsaru","vc":"01173","area":105420.7,"lat":28.4372129,"lng":76.9283313},"geometry":{"type":"Polygon","coordinates":[[[76.9295223,28.4369111],[76.9309048,28.437669],[76.9315062,28.4379233],[76.9313232,28.4381966],[76.9309833,28.4386685],[76.93069,28.4391472],[76.9305923,28.4393068],[76.9301493,28.4390931],[76.9300366,28.4390388],[76.9295566,28.4388073],[76.9294987,28.4387778],[76.928745,28.4383953],[76.9281754,28.438116],[76.9274848,28.4377779],[76.9273298,28.4377196],[76.9268637,28.4374613],[76.9270292,28.4371794],[76.927117,28.4370409],[76.9271971,28.4368988],[76.9267829,28.4368048],[76.9260959,28.4366633],[76.9257282,28.4365639],[76.9255561,28.4365174],[76.9254673,28.436396],[76.9251437,28.4359529],[76.9249658,28.4357095],[76.9248886,28.4356038],[76.9248833,28.4355966],[76.924884,28.4355951],[76.9249019,28.4355579],[76.9251559,28.4350281],[76.9252163,28.4350273],[76.9252491,28.4350268],[76.926074,28.4354514],[76.9267645,28.4357892],[76.9274738,28.4361548],[76.9276017,28.4358581],[76.9295223,28.4369111]]]}},{"type":"Feature","properties":{"v":"Garhi Harsaru","m":"49","k":"1/1","t":"Harsaru","vc":"01173","area":36.9,"lat":28.4349928,"lng":76.9260999},"geometry":{"type":"Polygon","coordinates":[[[76.9261688,28.4350138],[76.9260661,28.4350153],[76.9260649,28.4349492],[76.9261688,28.4350138]]]}},{"type":"Feature","properties":{"v":"Garhi Harsaru","m":"0","k":"","t":"Harsaru","vc":"01173","area":8831.2,"lat":28.4361948,"lng":76.9283833},"geometry":{"type":"Polygon","coordinates":[[[76.925562,28.4345232],[76.9260623,28.4348036],[76.926374,28.4350109],[76.9270309,28.4353817],[76.9274457,28.4356158],[76.928137,28.4359993],[76.9287765,28.4363539],[76.9288283,28.4363827],[76.9290696,28.4364793],[76.9292772,28.4366032],[76.9294847,28.4367276],[76.9295194,28.436751],[76.9302107,28.4371344],[76.930349,28.4372111],[76.9304886,28.4372886],[76.9306096,28.4373557],[76.9307047,28.4374084],[76.930902,28.4375178],[76.93096,28.43755],[76.9310049,28.4375749],[76.9311679,28.4376653],[76.9309048,28.437669],[76.9295223,28.4369111],[76.9276017,28.4358581],[76.9267564,28.4353433],[76.9261688,28.4350138],[76.9260649,28.4349492],[76.9255035,28.4345997],[76.9254848,28.434588],[76.9254336,28.4345561],[76.9255062,28.434492],[76.925562,28.4345232]]]}},{"type":"Feature","properties":{"v":"Garhi Harsaru","m":"0","k":"","t":"Harsaru","vc":"01173","area":32.7,"lat":28.435006,"lng":76.9251973},"geometry":{"type":"Polygon","coordinates":[[[76.9252282,28.4350054],[76.9252491,28.4350268],[76.9252163,28.4350273],[76.9251559,28.4350281],[76.925187,28.4349632],[76.9252282,28.4350054]]]}},{"type":"Feature","properties":{"v":"Garhi Harsaru","m":"0","k":"","t":"Harsaru","vc":"01173","area":784.7,"lat":28.4366233,"lng":76.931596},"geometry":{"type":"Polygon","coordinates":[[[76.9316107,28.4360257],[76.9316206,28.43657],[76.9316304,28.4371143],[76.9316345,28.4373412],[76.9315827,28.4373116],[76.9315791,28.437115],[76.9315731,28.4367824],[76.9315714,28.4366917],[76.9315698,28.436601],[76.9315692,28.4365707],[76.9315679,28.4364951],[76.9315594,28.4360264],[76.9315575,28.4359206],[76.9316088,28.4359199],[76.9316107,28.4360257]]]}},{"type":"Feature","properties":{"v":"Garhi Harsaru","m":"45","k":"6/2","t":"Harsaru","vc":"01173","area":2025.4,"lat":28.4366923,"lng":76.932598},"geometry":{"type":"Polygon","coordinates":[[[76.9322534,28.436561],[76.9329376,28.4365513],[76.9329426,28.4368235],[76.9322584,28.4368332],[76.9322534,28.436561]]]}},{"type":"Feature","properties":{"v":"Garhi Harsaru","m":"45","k":"4/2","t":"Harsaru","vc":"01173","area":1063.3,"lat":28.4372782,"lng":76.9320799},"geometry":{"type":"Polygon","coordinates":[[[76.9322633,28.4371053],[76.9322655,28.4372263],[76.9320258,28.4375439],[76.9319541,28.4375067],[76.9319469,28.4371098],[76.9322633,28.4371053]]]}},{"type":"Feature","properties":{"v":"Garhi Harsaru","m":"45","k":"7/2","t":"Harsaru","vc":"01173","area":1873.2,"lat":28.4368399,"lng":76.9317837},"geometry":{"type":"Polygon","coordinates":[[[76.9316206,28.43657],[76.931937,28.4365655],[76.9319469,28.4371098],[76.9316304,28.4371143],[76.9316206,28.43657]]]}},{"type":"Feature","properties":{"v":"Garhi Harsaru","m":"45","k":"14/1","t":"Harsaru","vc":"01173","area":1872.9,"lat":28.4362956,"lng":76.9317738},"geometry":{"type":"Polygon","coordinates":[[[76.9316206,28.43657],[76.9316107,28.4360257],[76.9319271,28.4360212],[76.931937,28.4365655],[76.9316206,28.43657]]]}},{"type":"Feature","properties":{"v":"Garhi Harsaru","m":"45","k":"17/1/2","t":"Harsaru","vc":"01173","area":364.1,"lat":28.4359706,"lng":76.9317679},"geometry":{"type":"Polygon","coordinates":[[[76.9316088,28.4359199],[76.9319252,28.4359154],[76.9319271,28.4360212],[76.9316107,28.4360257],[76.9316088,28.4359199]]]}},{"type":"Feature","properties":{"v":"Garhi Harsaru","m":"45","k":"22/1/2","t":"Harsaru","vc":"01173","area":337.4,"lat":28.4353833,"lng":76.9305211},"geometry":{"type":"Polygon","coordinates":[[[76.9301795,28.4354108],[76.9301787,28.4353654],[76.9308628,28.4353558],[76.9308637,28.4354011],[76.9301795,28.4354108]]]}},{"type":"Feature","properties":{"v":"Garhi Harsaru","m":"45","k":"11/2","t":"Harsaru","vc":"01173","area":1350.2,"lat":28.4363228,"lng":76.9298538},"geometry":{"type":"Polygon","coordinates":[[[76.9295134,28.4364184],[76.9295101,28.4362369],[76.9301943,28.4362273],[76.9301976,28.4364087],[76.9295134,28.4364184]]]}},{"type":"Feature","properties":{"v":"Garhi Harsaru","m":"45","k":"11/3","t":"Harsaru","vc":"01173","area":1350.2,"lat":28.4361414,"lng":76.9298506},"geometry":{"type":"Polygon","coordinates":[[[76.930191,28.4360458],[76.9301943,28.4362273],[76.9295101,28.4362369],[76.9295068,28.4360555],[76.930191,28.4360458]]]}},{"type":"Feature","properties":{"v":"Garhi Harsaru","m":"45","k":"9/1/2/1","t":"Harsaru","vc":"01173","area":765.3,"lat":28.4369584,"lng":76.9306235},"geometry":{"type":"Polygon","coordinates":[[[76.9303456,28.4370267],[76.9303434,28.4369057],[76.9308905,28.4368828],[76.930893,28.4370189],[76.9303456,28.4370267]]]}},{"type":"Feature","properties":{"v":"Garhi Harsaru","m":"45","k":"9/1/2/1","t":"Harsaru","vc":"01173","area":1079.8,"lat":28.4368036,"lng":76.9306153},"geometry":{"type":"Polygon","coordinates":[[[76.9303402,28.4367243],[76.9308872,28.4367014],[76.9308889,28.4367921],[76.9308905,28.4368828],[76.9303434,28.4369057],[76.9303402,28.4367243]]]}},{"type":"Feature","properties":{"v":"Garhi Harsaru","m":"45","k":"9/1/2/2","t":"Harsaru","vc":"01173","area":180.0,"lat":28.4369672,"lng":76.9302761},"geometry":{"type":"Polygon","coordinates":[[[76.9303434,28.4369057],[76.9303456,28.4370267],[76.9302088,28.4370286],[76.9302066,28.4369076],[76.9303434,28.4369057]]]}},{"type":"Feature","properties":{"v":"Garhi Harsaru","m":"45","k":"9/1/1/1","t":"Harsaru","vc":"01173","area":629.8,"lat":28.4370757,"lng":76.9306203},"geometry":{"type":"Polygon","coordinates":[[[76.9308949,28.4371247],[76.9303476,28.4371325],[76.9303456,28.4370267],[76.930893,28.4370189],[76.9308949,28.4371247]]]}},{"type":"Feature","properties":{"v":"Garhi Harsaru","m":"45","k":"9/1/2/2","t":"Harsaru","vc":"01173","area":270.0,"lat":28.4368159,"lng":76.9302734},"geometry":{"type":"Polygon","coordinates":[[[76.9303402,28.4367243],[76.9303434,28.4369057],[76.9302066,28.4369076],[76.9302033,28.4367262],[76.9303402,28.4367243]]]}},{"type":"Feature","properties":{"v":"Garhi Harsaru","m":"45","k":"8/2/1","t":"Harsaru","vc":"01173","area":674.9,"lat":28.4367419,"lng":76.9312301},"geometry":{"type":"Polygon","coordinates":[[[76.9315714,28.4366917],[76.9315731,28.4367824],[76.9308889,28.4367921],[76.9308872,28.4367014],[76.9315714,28.4366917]]]}},{"type":"Feature","properties":{"v":"Garhi Harsaru","m":"45","k":"8/2/2","t":"Harsaru","vc":"01173","area":674.9,"lat":28.4366512,"lng":76.9312285},"geometry":{"type":"Polygon","coordinates":[[[76.9308856,28.4366107],[76.9315698,28.436601],[76.9315714,28.4366917],[76.9308872,28.4367014],[76.9308856,28.4366107]]]}},{"type":"Feature","properties":{"v":"Garhi Harsaru","m":"45","k":"8/2/3","t":"Harsaru","vc":"01173","area":225.5,"lat":28.4365907,"lng":76.9312274},"geometry":{"type":"Polygon","coordinates":[[[76.9315692,28.4365707],[76.9315698,28.436601],[76.9308856,28.4366107],[76.930885,28.4365804],[76.9315692,28.4365707]]]}},{"type":"Feature","properties":{"v":"Garhi Harsaru","m":"46","k":"15/1","t":"Harsaru","vc":"01173","area":266.1,"lat":28.4363825,"lng":76.9294957},"geometry":{"type":"Polygon","coordinates":[[[76.9295167,28.4365998],[76.9295194,28.436751],[76.9294847,28.4367276],[76.929472,28.4360258],[76.9295062,28.4360253],[76.9295068,28.4360555],[76.9295101,28.4362369],[76.9295134,28.4364184],[76.9295167,28.4365998]]]}},{"type":"Feature","properties":{"v":"Garhi Harsaru","m":"46","k":"15/3","t":"Harsaru","vc":"01173","area":1141.2,"lat":28.4362869,"lng":76.929173},"geometry":{"type":"Polygon","coordinates":[[[76.9292326,28.4360291],[76.9292668,28.4360287],[76.9292772,28.4366032],[76.9290696,28.4364793],[76.9290615,28.4360316],[76.9292326,28.4360291]]]}},{"type":"Feature","properties":{"v":"Garhi Harsaru","m":"46","k":"15/4","t":"Harsaru","vc":"01173","area":1035.7,"lat":28.4362331,"lng":76.9289504},"geometry":{"type":"Polygon","coordinates":[[[76.9288226,28.4360652],[76.928822,28.436035],[76.9290615,28.4360316],[76.9290696,28.4364793],[76.9288283,28.4363827],[76.9288226,28.4360652]]]}},{"type":"Feature","properties":{"v":"Garhi Harsaru","m":"49","k":"7/2","t":"Harsaru","vc":"01173","area":1125.1,"lat":28.4339685,"lng":76.9284425},"geometry":{"type":"Polygon","coordinates":[[[76.928099,28.4338977],[76.9287832,28.433888],[76.9287859,28.4340392],[76.9281017,28.4340489],[76.928099,28.4338977]]]}},{"type":"Feature","properties":{"v":"Garhi Harsaru","m":"49","k":"6/2","t":"Harsaru","vc":"01173","area":1125.1,"lat":28.4339588,"lng":76.9291267},"geometry":{"type":"Polygon","coordinates":[[[76.9287832,28.433888],[76.9294674,28.4338783],[76.9294701,28.4340295],[76.9287859,28.4340392],[76.9287832,28.433888]]]}},{"type":"Feature","properties":{"v":"Garhi Harsaru","m":"49","k":"4/1","t":"Harsaru","vc":"01173","area":936.8,"lat":28.4349137,"lng":76.9284339},"geometry":{"type":"Polygon","coordinates":[[[76.9281187,28.4349863],[76.9281162,28.4348502],[76.9287491,28.4348412],[76.9287516,28.4349773],[76.9281187,28.4349863]]]}},{"type":"Feature","properties":{"v":"Garhi Harsaru","m":"46","k":"24/2","t":"Harsaru","vc":"01173","area":624.3,"lat":28.4350271,"lng":76.9284359},"geometry":{"type":"Polygon","coordinates":[[[76.9287516,28.4349773],[76.9287532,28.435068],[76.9281203,28.435077],[76.9281187,28.4349863],[76.9287516,28.4349773]]]}},{"type":"Feature","properties":{"v":"Garhi Harsaru","m":"46","k":"22/1","t":"Harsaru","vc":"01173","area":1343.0,"lat":28.4351314,"lng":76.9268096},"geometry":{"type":"Polygon","coordinates":[[[76.926374,28.4350109],[76.9267503,28.4350056],[76.927024,28.4350017],[76.9270309,28.4353817],[76.926374,28.4350109]]]}},{"type":"Feature","properties":{"v":"Garhi Harsaru","m":"48","k":"5/1","t":"Harsaru","vc":"01173","area":545.0,"lat":28.4347757,"lng":76.9253383},"geometry":{"type":"Polygon","coordinates":[[[76.9254848,28.434588],[76.9255035,28.4345997],[76.9252491,28.4350268],[76.9252282,28.4350054],[76.925187,28.4349632],[76.9251989,28.4349376],[76.9253368,28.4346416],[76.9253859,28.4345982],[76.9254336,28.4345561],[76.9254848,28.434588]]]}},{"type":"Feature","properties":{"v":"Garhi Harsaru","m":"45","k":"3/2","t":"Harsaru","vc":"01173","area":508.9,"lat":28.4371717,"lng":76.9313807},"geometry":{"type":"Polygon","coordinates":[[[76.9315791,28.437115],[76.9315827,28.4373116],[76.931384,28.4371981],[76.9308949,28.4371247],[76.9315791,28.437115]]]}},{"type":"Feature","properties":{"v":"Garhi Harsaru","m":"45","k":"","t":"Harsaru","vc":"01173","area":1350.5,"lat":28.4361317,"lng":76.9305347},"geometry":{"type":"Polygon","coordinates":[[[76.930191,28.4360458],[76.9308752,28.4360361],[76.9308785,28.4362176],[76.9301943,28.4362273],[76.930191,28.4360458]]]}},{"type":"Feature","properties":{"v":"Garhi Harsaru","m":"0","k":"","t":"Harsaru","vc":"01173","area":1468.0,"lat":28.4399913,"lng":76.9335191},"geometry":{"type":"Polygon","coordinates":[[[76.9336811,28.4398075],[76.933691,28.4403518],[76.9331851,28.4398145],[76.9336811,28.4398075]]]}},{"type":"Feature","properties":{"v":"Garhi Harsaru","m":"0","k":"","t":"Harsaru","vc":"01173","area":4610.7,"lat":28.4401465,"lng":76.9340144},"geometry":{"type":"Polygon","coordinates":[[[76.933691,28.4403518],[76.9336811,28.4398075],[76.9339548,28.4398036],[76.9345431,28.4400105],[76.9342552,28.4403157],[76.9342284,28.4403441],[76.9339701,28.440618],[76.933691,28.4403518]]]}},{"type":"Feature","properties":{"v":"Garhi Harsaru","m":"0","k":"","t":"Harsaru","vc":"01173","area":2362.6,"lat":28.4396615,"lng":76.9333135},"geometry":{"type":"Polygon","coordinates":[[[76.9329887,28.4393636],[76.9339548,28.4398036],[76.9336811,28.4398075],[76.9331851,28.4398145],[76.9329969,28.4398172],[76.9329887,28.4393636]]]}},{"type":"Feature","properties":{"v":"Garhi Harsaru","m":"0","k":"","t":"Harsaru","vc":"01173","area":185.6,"lat":28.4398768,"lng":76.9330607},"geometry":{"type":"Polygon","coordinates":[[[76.9331851,28.4398145],[76.9330002,28.4399986],[76.9329969,28.4398172],[76.9331851,28.4398145]]]}},{"type":"Feature","properties":{"v":"Garhi Harsaru","m":"40","k":"","t":"Harsaru","vc":"01173","area":41.0,"lat":28.4398858,"lng":76.9292569},"geometry":{"type":"Polygon","coordinates":[[[76.9293192,28.4398693],[76.9293198,28.4398995],[76.9291829,28.4399014],[76.9292063,28.4398709],[76.9293192,28.4398693]]]}},{"type":"Feature","properties":{"v":"Garhi Harsaru","m":"0","k":"","t":"Harsaru","vc":"01173","area":354.3,"lat":28.4408782,"lng":76.9333751},"geometry":{"type":"Polygon","coordinates":[[[76.9337009,28.4408961],[76.9332904,28.4409019],[76.9330167,28.4409058],[76.9330161,28.4408755],[76.9330158,28.4408604],[76.9337126,28.4408505],[76.9337549,28.4408953],[76.9337009,28.4408961]]]}},{"type":"Feature","properties":{"v":"Garhi Harsaru","m":"38","k":"15/2","t":"Harsaru","vc":"01173","area":404.9,"lat":28.4417227,"lng":76.9329972},"geometry":{"type":"Polygon","coordinates":[[[76.9329581,28.441451],[76.9330265,28.4414501],[76.9330364,28.4419944],[76.932968,28.4419953],[76.9329581,28.441451]]]}},{"type":"Feature","properties":{"v":"Garhi Harsaru","m":"37","k":"","t":"Harsaru","vc":"01173","area":961.9,"lat":28.4416841,"lng":76.9353791},"geometry":{"type":"Polygon","coordinates":[[[76.9354556,28.4414156],[76.9354654,28.4419599],[76.9353115,28.4419621],[76.9352845,28.441418],[76.9354556,28.4414156]]]}},{"type":"Feature","properties":{"v":"Garhi Harsaru","m":"37","k":"","t":"Harsaru","vc":"01173","area":216.4,"lat":28.4413776,"lng":76.9351495},"geometry":{"type":"Polygon","coordinates":[[[76.9351423,28.4412969],[76.9352734,28.4413805],[76.9352845,28.441418],[76.9349937,28.4414222],[76.9351423,28.4412969]]]}},{"type":"Feature","properties":{"v":"Garhi Harsaru","m":"31","k":"","t":"Harsaru","vc":"01173","area":1998.3,"lat":28.4444756,"lng":76.9344846},"geometry":{"type":"Polygon","coordinates":[[[76.9344543,28.4446965],[76.9337701,28.4447062],[76.9330858,28.4447159],[76.933085,28.4446705],[76.9336495,28.4446625],[76.9337693,28.4446608],[76.9344535,28.4446511],[76.9344527,28.4446057],[76.9344455,28.4442126],[76.9344444,28.4441522],[76.9344422,28.4440312],[76.9344346,28.4436079],[76.9344327,28.4435063],[76.9345002,28.4434557],[76.934503,28.4436069],[76.934506,28.4437732],[76.9345129,28.4441512],[76.9345228,28.4446955],[76.9345326,28.4452398],[76.9344649,28.4452758],[76.9344642,28.4452408],[76.9344543,28.4446965]]]}},{"type":"Feature","properties":{"v":"Garhi Harsaru","m":"31","k":"","t":"Harsaru","vc":"01173","area":337.9,"lat":28.4446516,"lng":76.9354802},"geometry":{"type":"Polygon","coordinates":[[[76.9351411,28.4448228],[76.9358184,28.4444351],[76.9358193,28.4444805],[76.9351419,28.4448682],[76.9351411,28.4448228]]]}},{"type":"Feature","properties":{"v":"Garhi Harsaru","m":"0","k":"","t":"Harsaru","vc":"01173","area":739.5,"lat":28.444076,"lng":76.9361408},"geometry":{"type":"Polygon","coordinates":[[[76.9364972,28.444123],[76.9358129,28.4441327],[76.9358118,28.4440722],[76.9358588,28.4440273],[76.9364064,28.4440131],[76.9364972,28.444123]]]}},{"type":"Feature","properties":{"v":"Garhi Harsaru","m":"0","k":"","t":"Harsaru","vc":"01173","area":554.0,"lat":28.4443437,"lng":76.9363772},"geometry":{"type":"Polygon","coordinates":[[[76.9363127,28.4444476],[76.9361152,28.4444132],[76.9365548,28.4441782],[76.9365714,28.4442088],[76.9364406,28.4444397],[76.9363127,28.4444476]]]}},{"type":"Feature","properties":{"v":"Garhi Harsaru","m":"31","k":"","t":"Harsaru","vc":"01173","area":412.9,"lat":28.4445826,"lng":76.9362911},"geometry":{"type":"Polygon","coordinates":[[[76.9358913,28.4446761],[76.9358906,28.4446406],[76.9360153,28.4446339],[76.9361417,28.4446193],[76.9362663,28.4446122],[76.9362634,28.444515],[76.9362618,28.4444621],[76.9361349,28.444454],[76.9360495,28.4444485],[76.9361152,28.4444132],[76.9363127,28.4444476],[76.9363151,28.4445279],[76.9363175,28.4446097],[76.9364785,28.4446013],[76.9364931,28.4446363],[76.936127,28.4446648],[76.9360108,28.4446704],[76.9358913,28.4446761]]]}},{"type":"Feature","properties":{"v":"Garhi Harsaru","m":"31","k":"","t":"Harsaru","vc":"01173","area":81.3,"lat":28.444944,"lng":76.9360183},"geometry":{"type":"Polygon","coordinates":[[[76.9361402,28.4449403],[76.9358968,28.4449784],[76.9358962,28.4449478],[76.9360141,28.4449293],[76.9361396,28.4449096],[76.9361402,28.4449403]]]}},{"type":"Feature","properties":{"v":"Garhi Harsaru","m":"0","k":"","t":"Harsaru","vc":"01173","area":844.8,"lat":28.4460689,"lng":76.9369426},"geometry":{"type":"Polygon","coordinates":[[[76.9366989,28.4459289],[76.9370229,28.4459554],[76.9371667,28.4461247],[76.9369323,28.4462497],[76.9366989,28.4459289]]]}},{"type":"Feature","properties":{"v":"Garhi Harsaru","m":"0","k":"","t":"Harsaru","vc":"01173","area":395.6,"lat":28.4460939,"lng":76.9367653},"geometry":{"type":"Polygon","coordinates":[[[76.9369323,28.4462497],[76.9368591,28.4462887],[76.9365804,28.4459137],[76.9366989,28.4459289],[76.9369323,28.4462497]]]}},{"type":"Feature","properties":{"v":"Garhi Harsaru","m":"0","k":"","t":"Harsaru","vc":"01173","area":20053.5,"lat":28.4463123,"lng":76.9342941},"geometry":{"type":"Polygon","coordinates":[[[76.9347729,28.4457066],[76.9348162,28.4457802],[76.9348516,28.4458402],[76.9349921,28.4460389],[76.9351665,28.4462212],[76.9351169,28.4463204],[76.9350176,28.4465033],[76.9349697,28.4465659],[76.934601,28.4470474],[76.9340668,28.4471378],[76.9339458,28.4471583],[76.9333801,28.4459496],[76.9337899,28.4457948],[76.9343261,28.4455973],[76.934738,28.4454439],[76.9347729,28.4457066]]]}},{"type":"Feature","properties":{"v":"Garhi Harsaru","m":"27","k":"","t":"Harsaru","vc":"01173","area":293.0,"lat":28.4467694,"lng":76.9336193},"geometry":{"type":"Polygon","coordinates":[[[76.9335638,28.4465369],[76.9337241,28.4468846],[76.9335701,28.4468868],[76.9335638,28.4465369]]]}},{"type":"Feature","properties":{"v":"Garhi Harsaru","m":"27","k":"","t":"Harsaru","vc":"01173","area":858.4,"lat":28.4472206,"lng":76.9341836},"geometry":{"type":"Polygon","coordinates":[[[76.9338853,28.4472258],[76.934629,28.4471188],[76.9346571,28.4471903],[76.9342187,28.4472669],[76.9338179,28.447337],[76.9338131,28.4470729],[76.9338853,28.4472258]]]}},{"type":"Feature","properties":{"v":"Garhi Harsaru","m":"0","k":"","t":"Harsaru","vc":"01173","area":1012.5,"lat":28.4456269,"lng":76.9340664},"geometry":{"type":"Polygon","coordinates":[[[76.9344854,28.4453389],[76.9343261,28.4455973],[76.9337899,28.4457948],[76.9333801,28.4459496],[76.9344854,28.4453389]]]}},{"type":"Feature","properties":{"v":"Garhi Harsaru","m":"0","k":"","t":"Harsaru","vc":"01173","area":2710.9,"lat":28.4434544,"lng":76.939929},"geometry":{"type":"Polygon","coordinates":[[[76.9387078,28.4430027],[76.9385287,28.4429296],[76.9385265,28.4428087],[76.9385783,28.4428347],[76.938856,28.4430006],[76.9395269,28.4432481],[76.9395959,28.4432774],[76.9399059,28.4433867],[76.9399746,28.4434003],[76.9402077,28.4435197],[76.940264,28.4435552],[76.9405952,28.4436578],[76.9406297,28.443671],[76.9406894,28.4437005],[76.9407343,28.4437226],[76.9407791,28.4437447],[76.9408239,28.4437668],[76.9408688,28.4437889],[76.9409136,28.4438109],[76.9409584,28.443833],[76.9410032,28.4438551],[76.9410481,28.4438772],[76.9410929,28.4438993],[76.9411377,28.4439214],[76.9411825,28.4439435],[76.9412341,28.4439689],[76.9412858,28.4439944],[76.9412869,28.4440549],[76.9399078,28.4434923],[76.9387078,28.4430027]]]}},{"type":"Feature","properties":{"v":"Garhi Harsaru","m":"0","k":"","t":"Harsaru","vc":"01173","area":191.9,"lat":28.4435879,"lng":76.9404842},"geometry":{"type":"Polygon","coordinates":[[[76.9405952,28.4436578],[76.940264,28.4435552],[76.9405933,28.4435506],[76.9405952,28.4436578]]]}},{"type":"Feature","properties":{"v":"Garhi Harsaru","m":"0","k":"","t":"Harsaru","vc":"01173","area":492.3,"lat":28.4441719,"lng":76.9400001},"geometry":{"type":"Polygon","coordinates":[[[76.9402254,28.4446144],[76.9400196,28.444328],[76.9399562,28.4440926],[76.939916,28.4439435],[76.9399041,28.4438994],[76.9399151,28.4438917],[76.9399416,28.4438729],[76.939993,28.4438365],[76.9400463,28.4437988],[76.9401914,28.4436961],[76.9402224,28.443709],[76.9401567,28.4437555],[76.9400899,28.4438027],[76.9400166,28.4438546],[76.9399498,28.4439018],[76.9399966,28.4440753],[76.940056,28.444296],[76.9400734,28.4443201],[76.9401321,28.4444018],[76.9401816,28.4444708],[76.9401976,28.4444931],[76.9402618,28.4445824],[76.9402254,28.4446144]]]}},{"type":"Feature","properties":{"v":"Garhi Harsaru","m":"33","k":"","t":"Harsaru","vc":"01173","area":6465.7,"lat":28.4442136,"lng":76.941247},"geometry":{"type":"Polygon","coordinates":[[[76.9409304,28.4451488],[76.9406316,28.4456522],[76.9400507,28.4465323],[76.9399819,28.4465078],[76.9400069,28.4464678],[76.9401057,28.4463091],[76.9402213,28.4461237],[76.940246,28.4460839],[76.9405431,28.4456071],[76.9405925,28.4455278],[76.9408278,28.4451503],[76.9408547,28.4451117],[76.9412113,28.4446004],[76.9412024,28.4441143],[76.9410786,28.4440651],[76.9409548,28.4440136],[76.9409238,28.4440007],[76.9407023,28.4439086],[76.9406094,28.44387],[76.9405785,28.4438571],[76.9404856,28.4438184],[76.9403851,28.4437767],[76.9402224,28.443709],[76.9401914,28.4436961],[76.9400366,28.4436318],[76.9398741,28.4435642],[76.9397656,28.4435193],[76.9396883,28.4434869],[76.9394639,28.4433936],[76.9394137,28.4433727],[76.939135,28.4432568],[76.938623,28.4430439],[76.9385301,28.4430052],[76.9372087,28.4436739],[76.9370445,28.4436901],[76.9371723,28.4436143],[76.9378502,28.4432561],[76.9381654,28.443086],[76.9383625,28.4430076],[76.9385287,28.4429296],[76.9387078,28.4430027],[76.9399078,28.4434923],[76.9412869,28.4440549],[76.9412968,28.4445992],[76.9411751,28.4447824],[76.9409722,28.4450877],[76.9409304,28.4451488]]]}},{"type":"Feature","properties":{"v":"Garhi Harsaru","m":"0","k":"","t":"Harsaru","vc":"01173","area":34.8,"lat":28.4451156,"lng":76.9400368},"geometry":{"type":"Polygon","coordinates":[[[76.939986,28.4451345],[76.9400666,28.4450739],[76.9400908,28.4450952],[76.9400011,28.4451596],[76.939986,28.4451345]]]}},{"type":"Feature","properties":{"v":"Garhi Harsaru","m":"0","k":"","t":"Harsaru","vc":"01173","area":75.9,"lat":28.4455161,"lng":76.9400062},"geometry":{"type":"Polygon","coordinates":[[[76.939915,28.4454539],[76.9401158,28.4455527],[76.9400989,28.445579],[76.9398947,28.4454782],[76.939915,28.4454539]]]}},{"type":"Feature","properties":{"v":"Garhi Harsaru","m":"0","k":"","t":"Harsaru","vc":"01173","area":170.5,"lat":28.4456936,"lng":76.9398763},"geometry":{"type":"Polygon","coordinates":[[[76.9397833,28.4456123],[76.9400062,28.4457237],[76.9399725,28.4457764],[76.9397428,28.445661],[76.9397833,28.4456123]]]}},{"type":"Feature","properties":{"v":"Garhi Harsaru","m":"0","k":"","t":"Harsaru","vc":"01173","area":951.4,"lat":28.4461385,"lng":76.9399758},"geometry":{"type":"Polygon","coordinates":[[[76.9398498,28.445969],[76.9402213,28.4461237],[76.9401057,28.4463091],[76.9400593,28.4462897],[76.939727,28.4461507],[76.9397884,28.4460599],[76.9398498,28.445969]]]}},{"type":"Feature","properties":{"v":"Garhi Harsaru","m":"0","k":"","t":"Harsaru","vc":"01173","area":144.4,"lat":28.445983,"lng":76.9397632},"geometry":{"type":"Polygon","coordinates":[[[76.9397884,28.4460599],[76.9396784,28.4459878],[76.9397294,28.4459114],[76.9398498,28.445969],[76.9397884,28.4460599]]]}},{"type":"Feature","properties":{"v":"Garhi Harsaru","m":"0","k":"","t":"Harsaru","vc":"01173","area":350.8,"lat":28.4459672,"lng":76.9399146},"geometry":{"type":"Polygon","coordinates":[[[76.9398498,28.445969],[76.9397294,28.4459114],[76.9395922,28.4458458],[76.9396231,28.4458051],[76.9397252,28.4458555],[76.9397999,28.4458924],[76.9398746,28.4459293],[76.940246,28.4460839],[76.9402213,28.4461237],[76.9398498,28.445969]]]}},{"type":"Feature","properties":{"v":"Garhi Harsaru","m":"0","k":"","t":"Harsaru","vc":"01173","area":2621.5,"lat":28.4457452,"lng":76.940219},"geometry":{"type":"Polygon","coordinates":[[[76.9402338,28.4453684],[76.9405431,28.4456071],[76.940246,28.4460839],[76.9398746,28.4459293],[76.9399336,28.4458372],[76.9399725,28.4457764],[76.9400062,28.4457237],[76.9400399,28.4456711],[76.9400989,28.445579],[76.9401158,28.4455527],[76.9401748,28.4454605],[76.9402338,28.4453684]]]}},{"type":"Feature","properties":{"v":"Garhi Harsaru","m":"0","k":"","t":"Harsaru","vc":"01173","area":843.9,"lat":28.446135,"lng":76.940359},"geometry":{"type":"Polygon","coordinates":[[[76.9403344,28.4462462],[76.9401279,28.4465599],[76.9400507,28.4465323],[76.9406316,28.4456522],[76.9406324,28.4456975],[76.940634,28.4457882],[76.9403344,28.4462462]]]}},{"type":"Feature","properties":{"v":"Garhi Harsaru","m":"0","k":"","t":"Harsaru","vc":"01173","area":119.1,"lat":28.4463816,"lng":76.940026},"geometry":{"type":"Polygon","coordinates":[[[76.9400593,28.4462897],[76.9401057,28.4463091],[76.9400069,28.4464678],[76.9399427,28.4464449],[76.9400593,28.4462897]]]}},{"type":"Feature","properties":{"v":"Garhi Harsaru","m":"0","k":"","t":"Harsaru","vc":"01173","area":35.2,"lat":28.4464762,"lng":76.9399612},"geometry":{"type":"Polygon","coordinates":[[[76.9399819,28.4465078],[76.9399137,28.4464834],[76.9399427,28.4464449],[76.9400069,28.4464678],[76.9399819,28.4465078]]]}},{"type":"Feature","properties":{"v":"Garhi Harsaru","m":"0","k":"","t":"Harsaru","vc":"01173","area":115.2,"lat":28.4467469,"lng":76.9387665},"geometry":{"type":"Polygon","coordinates":[[[76.9386851,28.4466089],[76.9388764,28.4468681],[76.938848,28.446885],[76.9386565,28.4466255],[76.9386851,28.4466089]]]}},{"type":"Feature","properties":{"v":"Garhi Harsaru","m":"0","k":"","t":"Harsaru","vc":"01173","area":181.5,"lat":28.4467657,"lng":76.9393088},"geometry":{"type":"Polygon","coordinates":[[[76.939331,28.4465816],[76.939337,28.4469142],[76.9392862,28.4469426],[76.9392804,28.4466251],[76.939331,28.4465816]]]}},{"type":"Feature","properties":{"v":"Garhi Harsaru","m":"0","k":"","t":"Harsaru","vc":"01173","area":72.6,"lat":28.4466584,"lng":76.9371865},"geometry":{"type":"Polygon","coordinates":[[[76.9371737,28.4467122],[76.9371267,28.446649],[76.9372021,28.446604],[76.9372446,28.4466698],[76.9371737,28.4467122]]]}},{"type":"Feature","properties":{"v":"Garhi Harsaru","m":"0","k":"","t":"Harsaru","vc":"01173","area":600.4,"lat":28.4468456,"lng":76.9369634},"geometry":{"type":"Polygon","coordinates":[[[76.936907,28.4469718],[76.9367177,28.4468421],[76.9371411,28.4467214],[76.9371737,28.4467122],[76.9370971,28.4468868],[76.936907,28.4469718]]]}},{"type":"Feature","properties":{"v":"Garhi Harsaru","m":"0","k":"","t":"Harsaru","vc":"01173","area":301.7,"lat":28.446811,"lng":76.9378717},"geometry":{"type":"Polygon","coordinates":[[[76.9379892,28.446702],[76.9379647,28.4468821],[76.9379307,28.4468784],[76.9376611,28.4468489],[76.9379892,28.446702]]]}},{"type":"Feature","properties":{"v":"Garhi Harsaru","m":"0","k":"","t":"Harsaru","vc":"01173","area":1116.2,"lat":28.4472893,"lng":76.9368521},"geometry":{"type":"Polygon","coordinates":[[[76.9368604,28.4471603],[76.9368645,28.4473844],[76.936865,28.4474124],[76.9368695,28.4476619],[76.9367314,28.4475925],[76.9367221,28.4470802],[76.9370287,28.4470552],[76.9372369,28.44716],[76.9370486,28.4471576],[76.9368604,28.4471603]]]}},{"type":"Feature","properties":{"v":"Garhi Harsaru","m":"0","k":"","t":"Harsaru","vc":"01173","area":159.9,"lat":28.4473582,"lng":76.9383138},"geometry":{"type":"Polygon","coordinates":[[[76.938214,28.4472827],[76.9382647,28.4473701],[76.938366,28.4473136],[76.9384675,28.4472569],[76.9384831,28.4472838],[76.9383671,28.4473485],[76.9382803,28.447397],[76.9383272,28.4474777],[76.9382981,28.4474939],[76.9382513,28.4474132],[76.9381849,28.447299],[76.938214,28.4472827]]]}},{"type":"Feature","properties":{"v":"Garhi Harsaru","m":"0","k":"","t":"Harsaru","vc":"01173","area":133.4,"lat":28.4474807,"lng":76.9385342},"geometry":{"type":"Polygon","coordinates":[[[76.9383804,28.4475262],[76.9386102,28.447405],[76.9386121,28.4475108],[76.9383804,28.4475262]]]}},{"type":"Feature","properties":{"v":"Garhi Harsaru","m":"0","k":"","t":"Harsaru","vc":"01173","area":73.3,"lat":28.4471396,"lng":76.9387254},"geometry":{"type":"Polygon","coordinates":[[[76.9386893,28.4470432],[76.9387903,28.4472193],[76.9387612,28.4472355],[76.9386607,28.4470602],[76.9386893,28.4470432]]]}},{"type":"Feature","properties":{"v":"Garhi Harsaru","m":"0","k":"","t":"Harsaru","vc":"01173","area":1292.9,"lat":28.4470818,"lng":76.9392674},"geometry":{"type":"Polygon","coordinates":[[[76.9399666,28.4467203],[76.9392892,28.447108],[76.9388725,28.4473559],[76.9386121,28.4475108],[76.9386102,28.447405],[76.9392878,28.4470294],[76.9399652,28.4466447],[76.9400467,28.4466706],[76.9399666,28.4467203]]]}},{"type":"Feature","properties":{"v":"Garhi Harsaru","m":"26","k":"","t":"Harsaru","vc":"01173","area":807.6,"lat":28.447789,"lng":76.9374591},"geometry":{"type":"Polygon","coordinates":[[[76.9379323,28.4477625],[76.9379336,28.4478381],[76.9372763,28.4478259],[76.9370242,28.4478213],[76.9369794,28.4477363],[76.9372475,28.4477436],[76.9379323,28.4477625]]]}},{"type":"Feature","properties":{"v":"Garhi Harsaru","m":"26","k":"","t":"Harsaru","vc":"01173","area":31.3,"lat":28.4477784,"lng":76.9369847},"geometry":{"type":"Polygon","coordinates":[[[76.9369794,28.4477363],[76.9370242,28.4478213],[76.93699,28.4478207],[76.9369452,28.4477353],[76.9369794,28.4477363]]]}},{"type":"Feature","properties":{"v":"Garhi Harsaru","m":"26","k":"","t":"Harsaru","vc":"01173","area":38.7,"lat":28.4478735,"lng":76.9370347},"geometry":{"type":"Polygon","coordinates":[[[76.9370242,28.4478213],[76.9370791,28.4479258],[76.9370455,28.4479263],[76.93699,28.4478207],[76.9370242,28.4478213]]]}},{"type":"Feature","properties":{"v":"Garhi Harsaru","m":"26","k":"","t":"Harsaru","vc":"01173","area":363.4,"lat":28.4478228,"lng":76.9366347},"geometry":{"type":"Polygon","coordinates":[[[76.9365665,28.4479331],[76.9365618,28.4476761],[76.9367746,28.4477987],[76.9365676,28.4479936],[76.9365665,28.4479331]]]}},{"type":"Feature","properties":{"v":"Garhi Harsaru","m":"26","k":"","t":"Harsaru","vc":"01173","area":751.3,"lat":28.4475708,"lng":76.9364307},"geometry":{"type":"Polygon","coordinates":[[[76.9360422,28.4473332],[76.9368448,28.4477325],[76.9367746,28.4477987],[76.9365618,28.4476761],[76.9360439,28.4474263],[76.9360434,28.4473961],[76.9360422,28.4473332]]]}},{"type":"Feature","properties":{"v":"Garhi Harsaru","m":"9","k":"11","t":"Harsaru","vc":"01173","area":2174.5,"lat":28.4607212,"lng":76.9335755},"geometry":{"type":"Polygon","coordinates":[[[76.9333725,28.4605006],[76.9334581,28.4604994],[76.9339713,28.4604921],[76.933867,28.4606119],[76.9334913,28.4610433],[76.9333849,28.461181],[76.9333824,28.4610449],[76.9333725,28.4605006]]]}},{"type":"Feature","properties":{"v":"Garhi Harsaru","m":"9","k":"20/2","t":"Harsaru","vc":"01173","area":506.6,"lat":28.4602278,"lng":76.9334104},"geometry":{"type":"Polygon","coordinates":[[[76.9333725,28.4605006],[76.9333626,28.4599563],[76.9334482,28.4599551],[76.9334581,28.4604994],[76.9333725,28.4605006]]]}},{"type":"Feature","properties":{"v":"Garhi Harsaru","m":"9","k":"20/1","t":"Harsaru","vc":"01173","area":3519.1,"lat":28.4602212,"lng":76.9337506},"geometry":{"type":"Polygon","coordinates":[[[76.9340559,28.4604383],[76.9339713,28.4604921],[76.9334581,28.4604994],[76.9334482,28.4599551],[76.934047,28.4599466],[76.9340559,28.4604383]]]}},{"type":"Feature","properties":{"v":"Garhi Harsaru","m":"9","k":"19","t":"Harsaru","vc":"01173","area":1514.6,"lat":28.4601078,"lng":76.9342388},"geometry":{"type":"Polygon","coordinates":[[[76.9341428,28.4599452],[76.934177,28.4599447],[76.934598,28.4599388],[76.9346136,28.4599385],[76.9343717,28.4601553],[76.9340559,28.4604383],[76.934047,28.4599466],[76.9341428,28.4599452]]]}},{"type":"Feature","properties":{"v":"Garhi Harsaru","m":"9","k":"21","t":"Harsaru","vc":"01173","area":4050.1,"lat":28.4596793,"lng":76.9336999},"geometry":{"type":"Polygon","coordinates":[[[76.9333626,28.4599563],[76.9333528,28.459412],[76.9340371,28.4594023],[76.934047,28.4599466],[76.9334482,28.4599551],[76.9333626,28.4599563]]]}},{"type":"Feature","properties":{"v":"Garhi Harsaru","m":"9","k":"22/1","t":"Harsaru","vc":"01173","area":566.9,"lat":28.4596738,"lng":76.93409},"geometry":{"type":"Polygon","coordinates":[[[76.934047,28.4599466],[76.9340371,28.4594023],[76.9340884,28.4594016],[76.9341329,28.4594009],[76.9341428,28.4599452],[76.934047,28.4599466]]]}},{"type":"Feature","properties":{"v":"Garhi Harsaru","m":"9","k":"22/2","t":"Harsaru","vc":"01173","area":3189.5,"lat":28.4596623,"lng":76.9344423},"geometry":{"type":"Polygon","coordinates":[[[76.9347214,28.4593926],[76.9347287,28.4597947],[76.9346641,28.4598755],[76.9346136,28.4599385],[76.934598,28.4599388],[76.934177,28.4599447],[76.9341671,28.4594004],[76.9347214,28.4593926]]]}},{"type":"Feature","properties":{"v":"Garhi Harsaru","m":"9","k":"23","t":"Harsaru","vc":"01173","area":1084.8,"lat":28.4595201,"lng":76.9348944},"geometry":{"type":"Polygon","coordinates":[[[76.9347657,28.4597512],[76.9347287,28.4597947],[76.9347214,28.4593926],[76.9352347,28.4593853],[76.9347657,28.4597512]]]}},{"type":"Feature","properties":{"v":"Garhi Harsaru","m":"9","k":"","t":"Harsaru","vc":"01173","area":202.4,"lat":28.4596728,"lng":76.9341549},"geometry":{"type":"Polygon","coordinates":[[[76.9341428,28.4599452],[76.9341329,28.4594009],[76.9341671,28.4594004],[76.934177,28.4599447],[76.9341428,28.4599452]]]}},{"type":"Feature","properties":{"v":"Garhi Harsaru","m":"17","k":"25/2","t":"Harsaru","vc":"01173","area":675.0,"lat":28.4512005,"lng":76.9397061},"geometry":{"type":"Polygon","coordinates":[[[76.939363,28.45116],[76.939842,28.4511532],[76.9400473,28.4511502],[76.940049,28.451241],[76.9393647,28.4512507],[76.9393636,28.4511902],[76.939363,28.45116]]]}},{"type":"Feature","properties":{"v":"Garhi Harsaru","m":"31","k":"","t":"Harsaru","vc":"01173","area":841.5,"lat":28.4454065,"lng":76.9341061},"geometry":{"type":"Polygon","coordinates":[[[76.9344649,28.4452758],[76.933787,28.445636],[76.9337851,28.4455302],[76.9342555,28.4452437],[76.9344642,28.4452408],[76.9344649,28.4452758]]]}},{"type":"Feature","properties":{"v":"Garhi Harsaru","m":"0","k":"","t":"Harsaru","vc":"01173","area":127.5,"lat":28.4453305,"lng":76.9400751},"geometry":{"type":"Polygon","coordinates":[[[76.9402456,28.4452362],[76.9401358,28.4453084],[76.9400384,28.4453726],[76.939915,28.4454539],[76.9399065,28.4454246],[76.9400879,28.4453039],[76.9402241,28.4452125],[76.9402456,28.4452362]]]}},{"type":"Feature","properties":{"v":"Garhi Harsaru","m":"0","k":"","t":"Harsaru","vc":"01173","area":222.7,"lat":28.4440858,"lng":76.9403293},"geometry":{"type":"Polygon","coordinates":[[[76.9400734,28.4443201],[76.940056,28.444296],[76.9401428,28.4442231],[76.9402048,28.444171],[76.9402668,28.4441189],[76.9403288,28.4440668],[76.9403908,28.4440147],[76.9405041,28.4439196],[76.9405785,28.4438571],[76.9406094,28.44387],[76.9404911,28.4439691],[76.9404043,28.4440421],[76.9403175,28.444115],[76.9401997,28.444214],[76.9400734,28.4443201]]]}},{"type":"Feature","properties":{"v":"Garhi Harsaru","m":"0","k":"61","t":"Harsaru","vc":"01173","area":34368.3,"lat":28.441425,"lng":76.939224},"geometry":{"type":"Polygon","coordinates":[[[76.9369488,28.4403055],[76.9378025,28.4406352],[76.9384918,28.4409036],[76.9386641,28.4409691],[76.9391813,28.4411812],[76.9398696,28.4413937],[76.9406145,28.4416118],[76.9415209,28.441877],[76.9415917,28.4418977],[76.9416206,28.4419457],[76.9416253,28.4419535],[76.9421588,28.4428399],[76.9420675,28.4428082],[76.9419478,28.4427667],[76.941259,28.4425278],[76.9410394,28.4424251],[76.9405687,28.4422049],[76.9398793,28.4419274],[76.9398136,28.4418981],[76.9394998,28.4417581],[76.9391893,28.4416196],[76.9385411,28.4414307],[76.9385012,28.4414177],[76.9383923,28.4413739],[76.9378117,28.4411401],[76.9371231,28.440908],[76.9364345,28.4406758],[76.9360305,28.4405303],[76.9365208,28.4401055],[76.9369488,28.4403055]]]}}]}