{"type":"FeatureCollection","features":[{"type":"Feature","properties":{"v":"Hayatpur","m":"24","k":"21","t":"Harsaru","vc":"04116","area":930.0,"lat":28.4185009,"lng":76.9615895},"geometry":{"type":"Polygon","coordinates":[[[76.9618249,28.4183558],[76.961785,28.4184147],[76.9616841,28.4185637],[76.9614553,28.4187757],[76.9614571,28.4187026],[76.9614656,28.4183491],[76.9618249,28.4183558]]]}},{"type":"Feature","properties":{"v":"Hayatpur","m":"0","k":"104","t":"Harsaru","vc":"04116","area":18534.6,"lat":28.419476,"lng":76.959466},"geometry":{"type":"Polygon","coordinates":[[[76.9644878,28.4151777],[76.9645751,28.4152841],[76.9645429,28.4153108],[76.9644504,28.4153877],[76.9641055,28.4156744],[76.9639784,28.4157757],[76.9634379,28.4162067],[76.9633397,28.4162911],[76.9628171,28.4167399],[76.9627797,28.416771],[76.9625374,28.4169725],[76.9621761,28.4172727],[76.9618922,28.4175352],[76.9615984,28.4178068],[76.9614758,28.4179225],[76.9609865,28.4183401],[76.9607765,28.4185285],[76.9607462,28.4185557],[76.960506,28.4187712],[76.9603916,28.4188738],[76.959851,28.419347],[76.9595474,28.4195946],[76.9594444,28.4196744],[76.9593783,28.4197258],[76.9589413,28.4201027],[76.9586793,28.4203188],[76.9579824,28.4208233],[76.9577384,28.4210034],[76.9572857,28.421321],[76.9570327,28.4215189],[76.9569368,28.421594],[76.9565878,28.421867],[76.9565349,28.4219342],[76.9559848,28.4223854],[76.9557683,28.422563],[76.9557232,28.4226],[76.9555359,28.4227552],[76.955223,28.4230146],[76.9550804,28.4231328],[76.955005,28.4232056],[76.9548539,28.4233516],[76.9548081,28.4233682],[76.954653,28.4234247],[76.9544947,28.4234823],[76.9544961,28.4234245],[76.954705,28.4232788],[76.9547581,28.4232418],[76.9549187,28.4231297],[76.955194,28.4228776],[76.9556138,28.4225072],[76.9561303,28.4220628],[76.9563147,28.421915],[76.9563714,28.4218674],[76.9565009,28.4217674],[76.9565396,28.4217376],[76.9565917,28.4217083],[76.9575006,28.4209989],[76.9579865,28.4206522],[76.9589316,28.4199361],[76.959201,28.4197036],[76.9593235,28.4195979],[76.9595495,28.4194028],[76.9601615,28.4188695],[76.9607811,28.4183363],[76.961417,28.4178034],[76.9614804,28.4177289],[76.9620392,28.4172702],[76.9621797,28.4171245],[76.9622146,28.4170957],[76.9626494,28.4167368],[76.9632691,28.4162036],[76.9639126,28.4156708],[76.9644554,28.4151993],[76.9644847,28.4151738],[76.9644878,28.4151777]]]}},{"type":"Feature","properties":{"v":"Hayatpur","m":"25","k":"23/2","t":"Harsaru","vc":"04116","area":2027.5,"lat":28.4185925,"lng":76.959919},"geometry":{"type":"Polygon","coordinates":[[[76.9597414,28.4188616],[76.9597545,28.418317],[76.9600967,28.4183234],[76.9600836,28.418868],[76.9597414,28.4188616]]]}},{"type":"Feature","properties":{"v":"Hayatpur","m":"25","k":"9/2","t":"Harsaru","vc":"04116","area":747.7,"lat":28.4203374,"lng":76.9588249},"geometry":{"type":"Polygon","coordinates":[[[76.9589322,28.4204809],[76.9586755,28.4204761],[76.9586793,28.4203188],[76.9589413,28.4201027],[76.9589322,28.4204809]]]}},{"type":"Feature","properties":{"v":"Hayatpur","m":"25","k":"13/2","t":"Harsaru","vc":"04116","area":1135.3,"lat":28.4195391,"lng":76.9598267},"geometry":{"type":"Polygon","coordinates":[[[76.9600706,28.4194126],[76.9600677,28.4195336],[76.9597617,28.4197276],[76.9595474,28.4195946],[76.959851,28.419347],[76.9598994,28.4194094],[76.9600706,28.4194126]]]}},{"type":"Feature","properties":{"v":"Hayatpur","m":"25","k":"13/1/2","t":"Harsaru","vc":"04116","area":613.3,"lat":28.4198386,"lng":76.9596637},"geometry":{"type":"Polygon","coordinates":[[[76.9593783,28.4197258],[76.9594444,28.4196744],[76.9600123,28.4199563],[76.9597153,28.4199508],[76.9593783,28.4197258]]]}},{"type":"Feature","properties":{"v":"Hayatpur","m":"25","k":"25/3","t":"Harsaru","vc":"04116","area":2020.3,"lat":28.4186508,"lng":76.9611037},"geometry":{"type":"Polygon","coordinates":[[[76.9614157,28.4187389],[76.9614553,28.4187757],[76.9613156,28.4188911],[76.9612438,28.4188898],[76.9610918,28.4188869],[76.9607765,28.4185285],[76.9609865,28.4183401],[76.9614157,28.4187389]]]}},{"type":"Feature","properties":{"v":"Hayatpur","m":"25","k":"24/2","t":"Harsaru","vc":"04116","area":2258.4,"lat":28.4185278,"lng":76.9603227},"geometry":{"type":"Polygon","coordinates":[[[76.9600836,28.418868],[76.9600967,28.4183234],[76.9607811,28.4183363],[76.9601615,28.4188695],[76.9600836,28.418868]]]}},{"type":"Feature","properties":{"v":"Hayatpur","m":"25","k":"23/1","t":"Harsaru","vc":"04116","area":2027.5,"lat":28.4185861,"lng":76.9595769},"geometry":{"type":"Polygon","coordinates":[[[76.9593992,28.4188552],[76.9594123,28.4183106],[76.9597545,28.418317],[76.9597414,28.4188616],[76.9593992,28.4188552]]]}},{"type":"Feature","properties":{"v":"Hayatpur","m":"25","k":"22","t":"Harsaru","vc":"04116","area":4055.2,"lat":28.4185765,"lng":76.9590635},"geometry":{"type":"Polygon","coordinates":[[[76.9587147,28.4188423],[76.9587278,28.4182978],[76.9594123,28.4183106],[76.9593992,28.4188552],[76.9587147,28.4188423]]]}},{"type":"Feature","properties":{"v":"Hayatpur","m":"25","k":"21","t":"Harsaru","vc":"04116","area":4054.6,"lat":28.4185636,"lng":76.958379},"geometry":{"type":"Polygon","coordinates":[[[76.9587147,28.4188423],[76.9580303,28.4188295],[76.9580434,28.4182849],[76.9580644,28.4182853],[76.9587278,28.4182978],[76.9587147,28.4188423]]]}},{"type":"Feature","properties":{"v":"Hayatpur","m":"25","k":"20/3","t":"Harsaru","vc":"04116","area":2253.1,"lat":28.4190009,"lng":76.9584256},"geometry":{"type":"Polygon","coordinates":[[[76.9587147,28.4188423],[76.9587039,28.4192962],[76.9580267,28.4189808],[76.9580303,28.4188295],[76.9587147,28.4188423]]]}},{"type":"Feature","properties":{"v":"Hayatpur","m":"25","k":"19/1","t":"Harsaru","vc":"04116","area":3954.0,"lat":28.419115,"lng":76.9590576},"geometry":{"type":"Polygon","coordinates":[[[76.9593861,28.4193998],[76.958907,28.4193908],[76.9587039,28.4192962],[76.9587147,28.4188423],[76.9593992,28.4188552],[76.9593861,28.4193998]]]}},{"type":"Feature","properties":{"v":"Hayatpur","m":"25","k":"18","t":"Harsaru","vc":"04116","area":2742.2,"lat":28.4190737,"lng":76.9596578},"geometry":{"type":"Polygon","coordinates":[[[76.9593861,28.4193998],[76.9593992,28.4188552],[76.9597414,28.4188616],[76.9600836,28.418868],[76.9601615,28.4188695],[76.9595495,28.4194028],[76.9593861,28.4193998]]]}},{"type":"Feature","properties":{"v":"Hayatpur","m":"25","k":"17/1","t":"Harsaru","vc":"04116","area":3851.4,"lat":28.4191917,"lng":76.9603982},"geometry":{"type":"Polygon","coordinates":[[[76.9606204,28.4188781],[76.9607649,28.419013],[76.9607562,28.419376],[76.960755,28.4194254],[76.9607075,28.4194245],[76.9600706,28.4194126],[76.9598994,28.4194094],[76.959851,28.419347],[76.9603916,28.4188738],[76.9606204,28.4188781]]]}},{"type":"Feature","properties":{"v":"Hayatpur","m":"25","k":"16/2","t":"Harsaru","vc":"04116","area":1012.3,"lat":28.4190117,"lng":76.960969},"geometry":{"type":"Polygon","coordinates":[[[76.9610918,28.4188869],[76.9611705,28.4189624],[76.9612056,28.418996],[76.9611876,28.4190131],[76.9609832,28.4192169],[76.9609483,28.4191843],[76.9607649,28.419013],[76.9607681,28.4188809],[76.9610918,28.4188869]]]}},{"type":"Feature","properties":{"v":"Hayatpur","m":"25","k":"14","t":"Harsaru","vc":"04116","area":2595.4,"lat":28.4196342,"lng":76.9603115},"geometry":{"type":"Polygon","coordinates":[[[76.9607075,28.4194245],[76.960755,28.4194254],[76.9607755,28.4194258],[76.9606834,28.4195159],[76.9602286,28.4199604],[76.9601782,28.4199595],[76.9600575,28.4199572],[76.9600677,28.4195336],[76.9600706,28.4194126],[76.9607075,28.4194245]]]}},{"type":"Feature","properties":{"v":"Hayatpur","m":"25","k":"12/1","t":"Harsaru","vc":"04116","area":1648.2,"lat":28.4197252,"lng":76.958878},"geometry":{"type":"Polygon","coordinates":[[[76.9586886,28.4199315],[76.9587002,28.4194474],[76.959201,28.4197036],[76.9589316,28.4199361],[76.9586886,28.4199315]]]}},{"type":"Feature","properties":{"v":"Hayatpur","m":"25","k":"11/1","t":"Harsaru","vc":"04116","area":3998.7,"lat":28.4196563,"lng":76.9583488},"geometry":{"type":"Polygon","coordinates":[[[76.9586886,28.4199315],[76.9580042,28.4199187],[76.95801,28.4196766],[76.9580172,28.4193741],[76.9585306,28.4193837],[76.9587002,28.4194474],[76.9586886,28.4199315]]]}},{"type":"Feature","properties":{"v":"Hayatpur","m":"25","k":"10","t":"Harsaru","vc":"04116","area":3700.3,"lat":28.420169,"lng":76.9583075},"geometry":{"type":"Polygon","coordinates":[[[76.9586886,28.4199315],[76.9589316,28.4199361],[76.9579865,28.4206522],[76.9579911,28.4204633],[76.9580042,28.4199187],[76.9586886,28.4199315]]]}},{"type":"Feature","properties":{"v":"Hayatpur","m":"25","k":"9/1","t":"Harsaru","vc":"04116","area":2655.5,"lat":28.4201892,"lng":76.9591772},"geometry":{"type":"Polygon","coordinates":[[[76.959373,28.4199444],[76.95936,28.4204889],[76.9589322,28.4204809],[76.9589413,28.4201027],[76.9593783,28.4197258],[76.959373,28.4199444]]]}},{"type":"Feature","properties":{"v":"Hayatpur","m":"25","k":"8/3","t":"Harsaru","vc":"04116","area":3195.8,"lat":28.4202125,"lng":76.9596458},"geometry":{"type":"Polygon","coordinates":[[[76.9597153,28.4199508],[76.9600451,28.4201033],[76.9600818,28.4201202],[76.9598904,28.4203285],[76.9597364,28.420496],[76.9596779,28.4204949],[76.95936,28.4204889],[76.959373,28.4199444],[76.9597153,28.4199508]]]}},{"type":"Feature","properties":{"v":"Hayatpur","m":"25","k":"2/2","t":"Harsaru","vc":"04116","area":4210.2,"lat":28.4206962,"lng":76.9590942},"geometry":{"type":"Polygon","coordinates":[[[76.9589322,28.4204809],[76.95936,28.4204889],[76.9596779,28.4204949],[76.9597364,28.420496],[76.9595269,28.4206957],[76.9592537,28.4209561],[76.9592141,28.4209554],[76.9591605,28.4209544],[76.9586643,28.4209451],[76.9586755,28.4204761],[76.9589322,28.4204809]]]}},{"type":"Feature","properties":{"v":"Hayatpur","m":"25","k":"1","t":"Harsaru","vc":"04116","area":3300.3,"lat":28.4207687,"lng":76.9583927},"geometry":{"type":"Polygon","coordinates":[[[76.9586625,28.4210207],[76.957978,28.4210078],[76.9579824,28.4208233],[76.9586793,28.4203188],[76.9586755,28.4204761],[76.9586643,28.4209451],[76.9586625,28.4210207]]]}},{"type":"Feature","properties":{"v":"Hayatpur","m":"0","k":"108","t":"Harsaru","vc":"04116","area":212.1,"lat":28.4209484,"lng":76.9560018},"geometry":{"type":"Polygon","coordinates":[[[76.9559257,28.4209239],[76.9562166,28.4209294],[76.9562155,28.4209748],[76.9560102,28.4209709],[76.9559247,28.4209693],[76.9558733,28.4209683],[76.9557535,28.4209661],[76.9558419,28.4209164],[76.9559257,28.4209239]]]}},{"type":"Feature","properties":{"v":"Hayatpur","m":"0","k":"77","t":"Harsaru","vc":"04116","area":24626.5,"lat":28.4202928,"lng":76.9552385},"geometry":{"type":"Polygon","coordinates":[[[76.9558419,28.4209164],[76.9557535,28.4209661],[76.9554041,28.4211828],[76.9552355,28.4211531],[76.9551064,28.4212302],[76.9549073,28.4210874],[76.9547917,28.4210994],[76.9547097,28.4209465],[76.9545623,28.4206713],[76.9544472,28.4204724],[76.9544148,28.4203961],[76.9544086,28.4203355],[76.9543159,28.4198494],[76.9542921,28.4198036],[76.9544177,28.4198513],[76.9545845,28.4197455],[76.9552445,28.4193523],[76.9552795,28.4193227],[76.9553376,28.4193135],[76.9553291,28.4196665],[76.9559451,28.4196781],[76.9561504,28.419682],[76.9561618,28.4196822],[76.9561733,28.4198843],[76.9561413,28.4199745],[76.9559814,28.4204255],[76.9558659,28.420832],[76.9558419,28.4209164]]]}},{"type":"Feature","properties":{"v":"Hayatpur","m":"26","k":"13/2/1","t":"Harsaru","vc":"04116","area":751.5,"lat":28.4197889,"lng":76.9564666},"geometry":{"type":"Polygon","coordinates":[[[76.9566353,28.419893],[76.956293,28.4198866],[76.9562979,28.4196847],[76.9563558,28.4196858],[76.9564242,28.4196871],[76.9566295,28.419691],[76.9566401,28.4196912],[76.9566396,28.4197115],[76.9566353,28.419893]]]}},{"type":"Feature","properties":{"v":"Hayatpur","m":"26","k":"21/2","t":"Harsaru","vc":"04116","area":1014.0,"lat":28.4185042,"lng":76.9552135},"geometry":{"type":"Polygon","coordinates":[[[76.9552926,28.4187781],[76.9551214,28.4187749],[76.9551345,28.4182303],[76.9553056,28.4182335],[76.9552926,28.4187781]]]}},{"type":"Feature","properties":{"v":"Hayatpur","m":"26","k":"20/2","t":"Harsaru","vc":"04116","area":845.0,"lat":28.4188457,"lng":76.954863},"geometry":{"type":"Polygon","coordinates":[[[76.9551204,28.4188203],[76.9551178,28.4189262],[76.9546045,28.4189165],[76.954607,28.4188106],[76.9546081,28.4187652],[76.9551214,28.4187749],[76.9551204,28.4188203]]]}},{"type":"Feature","properties":{"v":"Hayatpur","m":"26","k":"26","t":"Harsaru","vc":"04116","area":281.8,"lat":28.4189956,"lng":76.9560806},"geometry":{"type":"Polygon","coordinates":[[[76.9561686,28.4189256],[76.956165,28.4190769],[76.9560209,28.4190742],[76.9559703,28.4189219],[76.9561686,28.4189256]]]}},{"type":"Feature","properties":{"v":"Hayatpur","m":"26","k":"3/1/2","t":"Harsaru","vc":"04116","area":1333.3,"lat":28.4206435,"lng":76.9560718},"geometry":{"type":"Polygon","coordinates":[[[76.9562286,28.4204302],[76.9562188,28.4208386],[76.9558659,28.420832],[76.9559814,28.4204255],[76.9562286,28.4204302]]]}},{"type":"Feature","properties":{"v":"Hayatpur","m":"26","k":"8/2/1","t":"Harsaru","vc":"04116","area":852.7,"lat":28.4202342,"lng":76.9561416},"geometry":{"type":"Polygon","coordinates":[[[76.9562286,28.4204302],[76.9559814,28.4204255],[76.9561413,28.4199745],[76.9562395,28.4199764],[76.9562286,28.4204302]]]}},{"type":"Feature","properties":{"v":"Hayatpur","m":"26","k":"14/1","t":"Harsaru","vc":"04116","area":1351.5,"lat":28.4198086,"lng":76.9569797},"geometry":{"type":"Polygon","coordinates":[[[76.9573197,28.4199058],[76.9566353,28.419893],[76.9566396,28.4197115],[76.9573241,28.4197243],[76.9573197,28.4199058]]]}},{"type":"Feature","properties":{"v":"Hayatpur","m":"26","k":"18/2","t":"Harsaru","vc":"04116","area":270.3,"lat":28.4189807,"lng":76.9564069},"geometry":{"type":"Polygon","coordinates":[[[76.9563703,28.4190807],[76.9563739,28.4189295],[76.9563771,28.4187985],[76.9564455,28.4187998],[76.9564431,28.4189005],[76.9564395,28.4190518],[76.9564368,28.4191628],[76.9563684,28.4191615],[76.9563703,28.4190807]]]}},{"type":"Feature","properties":{"v":"Hayatpur","m":"26","k":"5/1","t":"Harsaru","vc":"04116","area":240.5,"lat":28.4209448,"lng":76.9578996},"geometry":{"type":"Polygon","coordinates":[[[76.957978,28.4210078],[76.9577384,28.4210034],[76.9579824,28.4208233],[76.957978,28.4210078]]]}},{"type":"Feature","properties":{"v":"Hayatpur","m":"26","k":"13/1/2","t":"Harsaru","vc":"04116","area":73.7,"lat":28.4194963,"lng":76.956203},"geometry":{"type":"Polygon","coordinates":[[[76.9562502,28.4195325],[76.9561541,28.4195307],[76.9561558,28.4194602],[76.9562519,28.419462],[76.9562502,28.4195325]]]}},{"type":"Feature","properties":{"v":"Hayatpur","m":"26","k":"25/3","t":"Harsaru","vc":"04116","area":3683.4,"lat":28.4185298,"lng":76.957717},"geometry":{"type":"Polygon","coordinates":[[[76.9580434,28.4182849],[76.9580303,28.4188295],[76.9577223,28.4188237],[76.9573502,28.4186351],[76.957359,28.4182721],[76.9574103,28.418273],[76.9580434,28.4182849]]]}},{"type":"Feature","properties":{"v":"Hayatpur","m":"26","k":"24/1","t":"Harsaru","vc":"04116","area":1281.1,"lat":28.4186905,"lng":76.9569323},"geometry":{"type":"Polygon","coordinates":[[[76.9573466,28.4187864],[76.9573459,28.4188167],[76.9567193,28.4188049],[76.9567241,28.4186031],[76.9566663,28.418602],[76.9566698,28.4184559],[76.9573466,28.4187864]]]}},{"type":"Feature","properties":{"v":"Hayatpur","m":"26","k":"23/1","t":"Harsaru","vc":"04116","area":1948.7,"lat":28.4184496,"lng":76.9563015},"geometry":{"type":"Polygon","coordinates":[[[76.9562296,28.4182509],[76.9566698,28.4184559],[76.9566663,28.418602],[76.9566557,28.4186018],[76.9564504,28.4185979],[76.9563819,28.4185967],[76.9560161,28.4185898],[76.9560243,28.418247],[76.9562296,28.4182509]]]}},{"type":"Feature","properties":{"v":"Hayatpur","m":"26","k":"22","t":"Harsaru","vc":"04116","area":2679.2,"lat":28.4184239,"lng":76.9556286},"geometry":{"type":"Polygon","coordinates":[[[76.9552926,28.4187781],[76.9553056,28.4182335],[76.9559901,28.4182464],[76.9559818,28.4185891],[76.9553553,28.4185774],[76.9553538,28.4186379],[76.9553504,28.4187792],[76.9552926,28.4187781]]]}},{"type":"Feature","properties":{"v":"Hayatpur","m":"26","k":"21/1","t":"Harsaru","vc":"04116","area":3040.9,"lat":28.4184978,"lng":76.9548713},"geometry":{"type":"Polygon","coordinates":[[[76.9551214,28.4187749],[76.9546081,28.4187652],[76.9546212,28.4182207],[76.9551345,28.4182303],[76.9551214,28.4187749]]]}},{"type":"Feature","properties":{"v":"Hayatpur","m":"26","k":"20/1","t":"Harsaru","vc":"04116","area":2939.4,"lat":28.4191061,"lng":76.9549389},"geometry":{"type":"Polygon","coordinates":[[[76.9552452,28.419322],[76.954595,28.4193098],[76.9546045,28.4189165],[76.9551178,28.4189262],[76.9551204,28.4188203],[76.9552572,28.4188228],[76.9552452,28.419322]]]}},{"type":"Feature","properties":{"v":"Hayatpur","m":"26","k":"18/1","t":"Harsaru","vc":"04116","area":135.1,"lat":28.4192529,"lng":76.9564004},"geometry":{"type":"Polygon","coordinates":[[[76.9564358,28.419203],[76.9564324,28.4193443],[76.956364,28.4193431],[76.9563667,28.419232],[76.9563684,28.4191615],[76.9564368,28.4191628],[76.9564358,28.419203]]]}},{"type":"Feature","properties":{"v":"Hayatpur","m":"26","k":"17","t":"Harsaru","vc":"04116","area":3712.2,"lat":28.4190831,"lng":76.957026},"geometry":{"type":"Polygon","coordinates":[[[76.9567193,28.4188049],[76.9573459,28.4188167],[76.9573328,28.4193612],[76.9567062,28.4193495],[76.9567193,28.4188049]]]}},{"type":"Feature","properties":{"v":"Hayatpur","m":"26","k":"16/1","t":"Harsaru","vc":"04116","area":2984.4,"lat":28.419156,"lng":76.9576351},"geometry":{"type":"Polygon","coordinates":[[[76.9573328,28.4193612],[76.9573459,28.4188167],[76.9573801,28.4188173],[76.958023,28.4191321],[76.9580172,28.4193741],[76.9573328,28.4193612]]]}},{"type":"Feature","properties":{"v":"Hayatpur","m":"26","k":"15/2","t":"Harsaru","vc":"04116","area":2252.9,"lat":28.4195189,"lng":76.9576714},"geometry":{"type":"Polygon","coordinates":[[[76.9580172,28.4193741],[76.95801,28.4196766],[76.9573255,28.4196638],[76.9573328,28.4193612],[76.9580172,28.4193741]]]}},{"type":"Feature","properties":{"v":"Hayatpur","m":"26","k":"14/2/2","t":"Harsaru","vc":"04116","area":2062.5,"lat":28.4195066,"lng":76.9570159},"geometry":{"type":"Polygon","coordinates":[[[76.9573255,28.4196638],[76.9566989,28.419652],[76.9567062,28.4193495],[76.9573328,28.4193612],[76.9573255,28.4196638]]]}},{"type":"Feature","properties":{"v":"Hayatpur","m":"26","k":"11","t":"Harsaru","vc":"04116","area":1648.2,"lat":28.41946,"lng":76.9548223},"geometry":{"type":"Polygon","coordinates":[[[76.9552452,28.419322],[76.9552445,28.4193523],[76.9545845,28.4197455],[76.954595,28.4193098],[76.9552452,28.419322]]]}},{"type":"Feature","properties":{"v":"Hayatpur","m":"26","k":"8/1/1","t":"Harsaru","vc":"04116","area":1689.6,"lat":28.4202074,"lng":76.9564566},"geometry":{"type":"Polygon","coordinates":[[[76.95628,28.4204311],[76.9562909,28.4199773],[76.9566331,28.4199837],[76.9566222,28.4204376],[76.95628,28.4204311]]]}},{"type":"Feature","properties":{"v":"Hayatpur","m":"26","k":"7/1","t":"Harsaru","vc":"04116","area":3379.2,"lat":28.4202171,"lng":76.9569698},"geometry":{"type":"Polygon","coordinates":[[[76.9566222,28.4204376],[76.9566331,28.4199837],[76.9573175,28.4199966],[76.9573066,28.4204504],[76.9566222,28.4204376]]]}},{"type":"Feature","properties":{"v":"Hayatpur","m":"26","k":"6","t":"Harsaru","vc":"04116","area":4055.5,"lat":28.4201845,"lng":76.9576554},"geometry":{"type":"Polygon","coordinates":[[[76.9573066,28.4204504],[76.9573175,28.4199966],[76.9573197,28.4199058],[76.9580042,28.4199187],[76.9579911,28.4204633],[76.9573066,28.4204504]]]}},{"type":"Feature","properties":{"v":"Hayatpur","m":"26","k":"5/2","t":"Harsaru","vc":"04116","area":3131.5,"lat":28.4206828,"lng":76.9575894},"geometry":{"type":"Polygon","coordinates":[[[76.9573066,28.4204504],[76.9579911,28.4204633],[76.9579865,28.4206522],[76.9575006,28.4209989],[76.9572936,28.420995],[76.9572968,28.4208589],[76.9573066,28.4204504]]]}},{"type":"Feature","properties":{"v":"Hayatpur","m":"26","k":"4/2","t":"Harsaru","vc":"04116","area":3041.2,"lat":28.4206482,"lng":76.9569595},"geometry":{"type":"Polygon","coordinates":[[[76.9566222,28.4204376],[76.9573066,28.4204504],[76.9572968,28.4208589],[76.9566124,28.420846],[76.9566222,28.4204376]]]}},{"type":"Feature","properties":{"v":"Hayatpur","m":"26","k":"3/2/2","t":"Harsaru","vc":"04116","area":1520.8,"lat":28.4206386,"lng":76.9564462},"geometry":{"type":"Polygon","coordinates":[[[76.95628,28.4204311],[76.9566222,28.4204376],[76.9566124,28.420846],[76.9562701,28.4208396],[76.95628,28.4204311]]]}},{"type":"Feature","properties":{"v":"Hayatpur","m":"26","k":"1","t":"Harsaru","vc":"04116","area":228.1,"lat":28.4208538,"lng":76.9546092},"geometry":{"type":"Polygon","coordinates":[[[76.9545576,28.4208679],[76.9545608,28.4207318],[76.9545623,28.4206713],[76.9547097,28.4209465],[76.9545557,28.4209436],[76.9545576,28.4208679]]]}},{"type":"Feature","properties":{"v":"Hayatpur","m":"0","k":"115","t":"Harsaru","vc":"04116","area":902.0,"lat":28.4198309,"lng":76.9525279},"geometry":{"type":"Polygon","coordinates":[[[76.9525286,28.4198158],[76.953213,28.4198287],[76.9538975,28.4198415],[76.9538968,28.4198718],[76.9532465,28.4198596],[76.9532123,28.4198589],[76.9525279,28.4198461],[76.9520659,28.4198374],[76.9518434,28.4198332],[76.9515012,28.4198268],[76.9512103,28.4198213],[76.951159,28.4198203],[76.9511597,28.4197901],[76.9511939,28.4197907],[76.9518441,28.4198029],[76.9520837,28.4198074],[76.9525286,28.4198158]]]}},{"type":"Feature","properties":{"v":"Hayatpur","m":"27","k":"5/1","t":"Harsaru","vc":"04116","area":521.0,"lat":28.4208998,"lng":76.9542401},"geometry":{"type":"Polygon","coordinates":[[[76.9539244,28.4208561],[76.9545576,28.4208679],[76.9545557,28.4209436],[76.9545044,28.4209426],[76.9539226,28.4209317],[76.9539244,28.4208561]]]}},{"type":"Feature","properties":{"v":"Hayatpur","m":"27","k":"5/2/1","t":"Harsaru","vc":"04116","area":937.8,"lat":28.4207939,"lng":76.9542426},"geometry":{"type":"Polygon","coordinates":[[[76.9545576,28.4208679],[76.9539244,28.4208561],[76.9539277,28.4207199],[76.9545608,28.4207318],[76.9545576,28.4208679]]]}},{"type":"Feature","properties":{"v":"Hayatpur","m":"27","k":"5/4","t":"Harsaru","vc":"04116","area":408.3,"lat":28.42043,"lng":76.954183},"geometry":{"type":"Polygon","coordinates":[[[76.9539357,28.4203871],[76.9544148,28.4203961],[76.9544472,28.4204724],[76.9539339,28.4204627],[76.9539357,28.4203871]]]}},{"type":"Feature","properties":{"v":"Hayatpur","m":"27","k":"6/1","t":"Harsaru","vc":"04116","area":312.7,"lat":28.4203614,"lng":76.954174},"geometry":{"type":"Polygon","coordinates":[[[76.9539357,28.4203871],[76.9539372,28.4203266],[76.9540912,28.4203295],[76.9544086,28.4203355],[76.9544148,28.4203961],[76.9539357,28.4203871]]]}},{"type":"Feature","properties":{"v":"Hayatpur","m":"27","k":"15/2","t":"Harsaru","vc":"04116","area":146.5,"lat":28.4197046,"lng":76.9542603},"geometry":{"type":"Polygon","coordinates":[[[76.9542237,28.4198023],[76.9542284,28.4196056],[76.9542969,28.4196069],[76.9542921,28.4198036],[76.9542237,28.4198023]]]}},{"type":"Feature","properties":{"v":"Hayatpur","m":"27","k":"15/1","t":"Harsaru","vc":"04116","area":585.8,"lat":28.4197014,"lng":76.9540892},"geometry":{"type":"Polygon","coordinates":[[[76.9539499,28.4197971],[76.9539546,28.4196005],[76.9542284,28.4196056],[76.9542237,28.4198023],[76.9539499,28.4197971]]]}},{"type":"Feature","properties":{"v":"Hayatpur","m":"27","k":"13","t":"Harsaru","vc":"04116","area":4054.8,"lat":28.41955,"lng":76.9528773},"geometry":{"type":"Polygon","coordinates":[[[76.9525286,28.4198158],[76.9525417,28.4192712],[76.953209,28.4192838],[76.9532261,28.4192841],[76.953213,28.4198287],[76.9525286,28.4198158]]]}},{"type":"Feature","properties":{"v":"Hayatpur","m":"27","k":"25","t":"Harsaru","vc":"04116","area":3750.3,"lat":28.418487,"lng":76.9542981},"geometry":{"type":"Polygon","coordinates":[[[76.953975,28.4187533],[76.9539881,28.4182088],[76.9546212,28.4182207],[76.9546081,28.4187652],[76.953975,28.4187533]]]}},{"type":"Feature","properties":{"v":"Hayatpur","m":"27","k":"24","t":"Harsaru","vc":"04116","area":3717.5,"lat":28.4184964,"lng":76.9535875},"geometry":{"type":"Polygon","coordinates":[[[76.9532392,28.4187395],[76.9532512,28.4182403],[76.9539357,28.4182532],[76.9539237,28.4187524],[76.9532392,28.4187395]]]}},{"type":"Feature","properties":{"v":"Hayatpur","m":"27","k":"23/1/2","t":"Harsaru","vc":"04116","area":1458.7,"lat":28.4184835,"lng":76.9527},"geometry":{"type":"Polygon","coordinates":[[[76.9525548,28.4187266],[76.9525632,28.4183787],[76.952601,28.4182281],[76.9528406,28.4182326],[76.9528286,28.4187318],[76.9525548,28.4187266]]]}},{"type":"Feature","properties":{"v":"Hayatpur","m":"27","k":"22","t":"Harsaru","vc":"04116","area":3717.3,"lat":28.4184706,"lng":76.9522186},"geometry":{"type":"Polygon","coordinates":[[[76.9518704,28.4187138],[76.9518824,28.4182146],[76.9525668,28.4182274],[76.9525632,28.4183787],[76.9525548,28.4187266],[76.9524864,28.4187254],[76.9518704,28.4187138]]]}},{"type":"Feature","properties":{"v":"Hayatpur","m":"27","k":"21/1","t":"Harsaru","vc":"04116","area":3066.9,"lat":28.4184541,"lng":76.9514744},"geometry":{"type":"Polygon","coordinates":[[[76.9517797,28.4182126],[76.9517335,28.4187112],[76.9515966,28.4187086],[76.9511859,28.4187009],[76.9511979,28.4182017],[76.9517797,28.4182126]]]}},{"type":"Feature","properties":{"v":"Hayatpur","m":"27","k":"20/2","t":"Harsaru","vc":"04116","area":1875.9,"lat":28.4189493,"lng":76.951343},"geometry":{"type":"Polygon","coordinates":[[[76.9511859,28.4187009],[76.9515966,28.4187086],[76.9513953,28.4192497],[76.9511728,28.4192455],[76.9511859,28.4187009]]]}},{"type":"Feature","properties":{"v":"Hayatpur","m":"27","k":"19/2","t":"Harsaru","vc":"04116","area":3091.7,"lat":28.4189747,"lng":76.952128},"geometry":{"type":"Polygon","coordinates":[[[76.9518573,28.4192584],[76.9518704,28.4187138],[76.9524864,28.4187254],[76.952285,28.4192664],[76.9518573,28.4192584]]]}},{"type":"Feature","properties":{"v":"Hayatpur","m":"27","k":"18/2","t":"Harsaru","vc":"04116","area":3939.6,"lat":28.4190061,"lng":76.9528809},"geometry":{"type":"Polygon","coordinates":[[[76.9525417,28.4192712],[76.9525548,28.4187266],[76.9528286,28.4187318],[76.9531366,28.4187376],[76.9531362,28.4187527],[76.9532218,28.4187543],[76.953209,28.4192838],[76.9525417,28.4192712]]]}},{"type":"Feature","properties":{"v":"Hayatpur","m":"27","k":"17/1","t":"Harsaru","vc":"04116","area":4038.4,"lat":28.4190172,"lng":76.9535762},"geometry":{"type":"Polygon","coordinates":[[[76.9532265,28.419269],[76.9532392,28.4187395],[76.9539237,28.4187524],[76.9539106,28.419297],[76.9533288,28.419286],[76.9533292,28.4192709],[76.9532265,28.419269]]]}},{"type":"Feature","properties":{"v":"Hayatpur","m":"27","k":"16","t":"Harsaru","vc":"04116","area":3438.4,"lat":28.4190542,"lng":76.9542845},"geometry":{"type":"Polygon","coordinates":[[[76.9539619,28.4192979],[76.9539739,28.4187987],[76.954607,28.4188106],[76.9546045,28.4189165],[76.954595,28.4193098],[76.9539619,28.4192979]]]}},{"type":"Feature","properties":{"v":"Hayatpur","m":"27","k":"15/3","t":"Harsaru","vc":"04116","area":2721.3,"lat":28.4195154,"lng":76.9543114},"geometry":{"type":"Polygon","coordinates":[[[76.9539619,28.4192979],[76.954595,28.4193098],[76.9545845,28.4197455],[76.9544177,28.4198513],[76.9542921,28.4198036],[76.9542969,28.4196069],[76.9542284,28.4196056],[76.9539546,28.4196005],[76.9539619,28.4192979]]]}},{"type":"Feature","properties":{"v":"Hayatpur","m":"27","k":"14","t":"Harsaru","vc":"04116","area":4055.3,"lat":28.4195628,"lng":76.9535618},"geometry":{"type":"Polygon","coordinates":[[[76.9538975,28.4198415],[76.953213,28.4198287],[76.9532261,28.4192841],[76.9533288,28.419286],[76.9539106,28.419297],[76.9538975,28.4198415]]]}},{"type":"Feature","properties":{"v":"Hayatpur","m":"27","k":"12/1","t":"Harsaru","vc":"04116","area":1976.5,"lat":28.4195083,"lng":76.9520226},"geometry":{"type":"Polygon","coordinates":[[[76.9518573,28.4192584],[76.952285,28.4192664],[76.9520837,28.4198074],[76.9518441,28.4198029],[76.9518573,28.4192584]]]}},{"type":"Feature","properties":{"v":"Hayatpur","m":"27","k":"11/2","t":"Harsaru","vc":"04116","area":3294.3,"lat":28.4195407,"lng":76.9515696},"geometry":{"type":"Polygon","coordinates":[[[76.9518441,28.4198029],[76.9511939,28.4197907],[76.9513953,28.4192497],[76.9518573,28.4192584],[76.9518441,28.4198029]]]}},{"type":"Feature","properties":{"v":"Hayatpur","m":"27","k":"10/2/1","t":"Harsaru","vc":"04116","area":1872.7,"lat":28.4200855,"lng":76.9513272},"geometry":{"type":"Polygon","coordinates":[[[76.9515012,28.4198268],[76.9514888,28.4203411],[76.9511466,28.4203347],[76.9511553,28.4199716],[76.9512103,28.4198213],[76.9515012,28.4198268]]]}},{"type":"Feature","properties":{"v":"Hayatpur","m":"27","k":"9/2","t":"Harsaru","vc":"04116","area":3063.7,"lat":28.4201115,"lng":76.9522454},"geometry":{"type":"Polygon","coordinates":[[[76.9525279,28.4198461],[76.9525155,28.4203604],[76.9518824,28.4203485],[76.9520659,28.4198374],[76.9525279,28.4198461]]]}},{"type":"Feature","properties":{"v":"Hayatpur","m":"27","k":"8","t":"Harsaru","vc":"04116","area":3829.7,"lat":28.4201097,"lng":76.9528639},"geometry":{"type":"Polygon","coordinates":[[[76.9525279,28.4198461],[76.9532123,28.4198589],[76.9531999,28.4203733],[76.9525155,28.4203604],[76.9525279,28.4198461]]]}},{"type":"Feature","properties":{"v":"Hayatpur","m":"27","k":"7/1","t":"Harsaru","vc":"04116","area":909.3,"lat":28.4203157,"lng":76.9535608},"geometry":{"type":"Polygon","coordinates":[[[76.9532373,28.4202453],[76.9538875,28.4202576],[76.9538844,28.4203861],[76.9532342,28.4203739],[76.9532373,28.4202453]]]}},{"type":"Feature","properties":{"v":"Hayatpur","m":"27","k":"6/2/1","t":"Harsaru","vc":"04116","area":1397.0,"lat":28.4201058,"lng":76.954231},"geometry":{"type":"Polygon","coordinates":[[[76.9540912,28.4203295],[76.9541028,28.4198454],[76.9543159,28.4198494],[76.9544086,28.4203355],[76.9540912,28.4203295]]]}},{"type":"Feature","properties":{"v":"Hayatpur","m":"27","k":"5/3","t":"Harsaru","vc":"04116","area":1226.4,"lat":28.4205699,"lng":76.9542191},"geometry":{"type":"Polygon","coordinates":[[[76.9539339,28.4204627],[76.9544472,28.4204724],[76.9545623,28.4206713],[76.9539292,28.4206594],[76.9539339,28.4204627]]]}},{"type":"Feature","properties":{"v":"Hayatpur","m":"27","k":"4/2","t":"Harsaru","vc":"04116","area":2027.7,"lat":28.4205158,"lng":76.9535389},"geometry":{"type":"Polygon","coordinates":[[[76.9531934,28.4206456],[76.9531999,28.4203733],[76.9532342,28.4203739],[76.9538844,28.4203861],[76.9538778,28.4206584],[76.9531934,28.4206456]]]}},{"type":"Feature","properties":{"v":"Hayatpur","m":"27","k":"3/4","t":"Harsaru","vc":"04116","area":2016.1,"lat":28.4205023,"lng":76.9528563},"geometry":{"type":"Polygon","coordinates":[[[76.9525155,28.4203604],[76.9531999,28.4203733],[76.9531934,28.4206456],[76.9525432,28.4206333],[76.9525439,28.4206031],[76.9525097,28.4206024],[76.9525155,28.4203604]]]}},{"type":"Feature","properties":{"v":"Hayatpur","m":"27","k":"2/1","t":"Harsaru","vc":"04116","area":2027.6,"lat":28.4207624,"lng":76.9521634},"geometry":{"type":"Polygon","coordinates":[[[76.9525024,28.420905],[76.9518179,28.4208921],[76.9518245,28.4206198],[76.9525089,28.4206327],[76.9525031,28.4208747],[76.9525024,28.420905]]]}},{"type":"Feature","properties":{"v":"Hayatpur","m":"27","k":"1/1","t":"Harsaru","vc":"04116","area":3772.8,"lat":28.420602,"lng":76.9514604},"geometry":{"type":"Polygon","coordinates":[[[76.951831,28.4203475],[76.951827,28.4205139],[76.951681,28.4208895],[76.9511335,28.4208792],[76.9511466,28.4203347],[76.9514888,28.4203411],[76.951831,28.4203475]]]}},{"type":"Feature","properties":{"v":"Hayatpur","m":"21","k":"4/1","t":"Harsaru","vc":"04116","area":2027.9,"lat":28.4233717,"lng":76.953299},"geometry":{"type":"Polygon","coordinates":[[[76.9534767,28.4231026],[76.9534648,28.4235943],[76.9534636,28.4236472],[76.9533593,28.4236453],[76.9531213,28.4236408],[76.9531344,28.4230962],[76.9534767,28.4231026]]]}},{"type":"Feature","properties":{"v":"Hayatpur","m":"21","k":"19/2","t":"Harsaru","vc":"04116","area":2027.6,"lat":28.4215793,"lng":76.9521438},"geometry":{"type":"Polygon","coordinates":[[[76.9524893,28.4214496],[76.9524827,28.4217219],[76.9517983,28.421709],[76.9518048,28.4214367],[76.9524893,28.4214496]]]}},{"type":"Feature","properties":{"v":"Hayatpur","m":"21","k":"18/1","t":"Harsaru","vc":"04116","area":1013.7,"lat":28.4217331,"lng":76.9530816},"geometry":{"type":"Polygon","coordinates":[[[76.9531606,28.422007],[76.9529895,28.4220038],[76.9530026,28.4214592],[76.9531737,28.4214624],[76.9531606,28.422007]]]}},{"type":"Feature","properties":{"v":"Hayatpur","m":"21","k":"25/5","t":"Harsaru","vc":"04116","area":287.3,"lat":28.4209598,"lng":76.954213},"geometry":{"type":"Polygon","coordinates":[[[76.9539226,28.4209317],[76.9545044,28.4209426],[76.9545033,28.420988],[76.9544007,28.4209861],[76.9542124,28.4209825],[76.9539215,28.4209771],[76.9539226,28.4209317]]]}},{"type":"Feature","properties":{"v":"Hayatpur","m":"21","k":"25/4","t":"Harsaru","vc":"04116","area":278.7,"lat":28.4211927,"lng":76.9545241},"geometry":{"type":"Polygon","coordinates":[[[76.9544924,28.4214418],[76.9545033,28.420988],[76.9545044,28.4209426],[76.9545557,28.4209436],[76.9545499,28.4211856],[76.9545437,28.4214428],[76.9544924,28.4214418]]]}},{"type":"Feature","properties":{"v":"Hayatpur","m":"21","k":"25/3","t":"Harsaru","vc":"04116","area":506.8,"lat":28.421214,"lng":76.9544465},"geometry":{"type":"Polygon","coordinates":[[[76.9544924,28.4214418],[76.9543897,28.4214399],[76.9544007,28.4209861],[76.9545033,28.420988],[76.9544924,28.4214418]]]}},{"type":"Feature","properties":{"v":"Hayatpur","m":"21","k":"25/1","t":"Harsaru","vc":"04116","area":929.4,"lat":28.4212112,"lng":76.9543011},"geometry":{"type":"Polygon","coordinates":[[[76.9543897,28.4214399],[76.9542015,28.4214364],[76.9542033,28.4213607],[76.9542052,28.4212851],[76.954207,28.4212094],[76.9542088,28.4211338],[76.9542124,28.4209825],[76.9544007,28.4209861],[76.9543897,28.4214399]]]}},{"type":"Feature","properties":{"v":"Hayatpur","m":"21","k":"13","t":"Harsaru","vc":"04116","area":4054.4,"lat":28.4222729,"lng":76.9528119},"geometry":{"type":"Polygon","coordinates":[[[76.9531475,28.4225516],[76.9524631,28.4225387],[76.9524762,28.4219942],[76.9529895,28.4220038],[76.9531606,28.422007],[76.9531475,28.4225516]]]}},{"type":"Feature","properties":{"v":"Hayatpur","m":"21","k":"25/1/1","t":"Harsaru","vc":"04116","area":239.4,"lat":28.4213958,"lng":76.954057},"geometry":{"type":"Polygon","coordinates":[[[76.9539106,28.4214309],[76.9539124,28.4213553],[76.9542033,28.4213607],[76.9542015,28.4214364],[76.9539106,28.4214309]]]}},{"type":"Feature","properties":{"v":"Hayatpur","m":"21","k":"24/1","t":"Harsaru","vc":"04116","area":2027.4,"lat":28.4213327,"lng":76.9535193},"geometry":{"type":"Polygon","coordinates":[[[76.9538582,28.4214753],[76.953824,28.4214747],[76.9531737,28.4214624],[76.9531803,28.4211902],[76.9538647,28.421203],[76.9538582,28.4214753]]]}},{"type":"Feature","properties":{"v":"Hayatpur","m":"21","k":"23/1","t":"Harsaru","vc":"04116","area":2027.2,"lat":28.4213199,"lng":76.9528348},"geometry":{"type":"Polygon","coordinates":[[[76.9524893,28.4214496],[76.9524958,28.4211773],[76.9531803,28.4211902],[76.9531737,28.4214624],[76.9530026,28.4214592],[76.9524893,28.4214496]]]}},{"type":"Feature","properties":{"v":"Hayatpur","m":"21","k":"22","t":"Harsaru","vc":"04116","area":4055.3,"lat":28.4211708,"lng":76.9521536},"geometry":{"type":"Polygon","coordinates":[[[76.9524893,28.4214496],[76.9518048,28.4214367],[76.9518179,28.4208921],[76.9525024,28.420905],[76.9524958,28.4211773],[76.9524893,28.4214496]]]}},{"type":"Feature","properties":{"v":"Hayatpur","m":"21","k":"21/1","t":"Harsaru","vc":"04116","area":2737.0,"lat":28.4211391,"lng":76.951361},"geometry":{"type":"Polygon","coordinates":[[[76.951681,28.4208895],[76.9514968,28.4214309],[76.9511204,28.4214238],[76.9511335,28.4208792],[76.951681,28.4208895]]]}},{"type":"Feature","properties":{"v":"Hayatpur","m":"21","k":"20/2","t":"Harsaru","vc":"04116","area":2331.7,"lat":28.421725,"lng":76.9515979},"geometry":{"type":"Polygon","coordinates":[[[76.9517983,28.421709],[76.9517917,28.4219813],[76.9513468,28.4219729],[76.9513126,28.4219723],[76.9514968,28.4214309],[76.9518048,28.4214367],[76.9517983,28.421709]]]}},{"type":"Feature","properties":{"v":"Hayatpur","m":"21","k":"19/1","t":"Harsaru","vc":"04116","area":2027.6,"lat":28.4218516,"lng":76.9521372},"geometry":{"type":"Polygon","coordinates":[[[76.9524762,28.4219942],[76.9517917,28.4219813],[76.9517983,28.421709],[76.9524827,28.4217219],[76.9524762,28.4219942]]]}},{"type":"Feature","properties":{"v":"Hayatpur","m":"21","k":"18/2","t":"Harsaru","vc":"04116","area":3041.3,"lat":28.4217267,"lng":76.9527394},"geometry":{"type":"Polygon","coordinates":[[[76.9524827,28.4217219],[76.9524893,28.4214496],[76.9530026,28.4214592],[76.9529895,28.4220038],[76.9524762,28.4219942],[76.9524827,28.4217219]]]}},{"type":"Feature","properties":{"v":"Hayatpur","m":"21","k":"17/1","t":"Harsaru","vc":"04116","area":3852.8,"lat":28.4217408,"lng":76.9534923},"geometry":{"type":"Polygon","coordinates":[[[76.9538109,28.4220193],[76.9531606,28.422007],[76.9531737,28.4214624],[76.953824,28.4214747],[76.9538109,28.4220193]]]}},{"type":"Feature","properties":{"v":"Hayatpur","m":"21","k":"16/1","t":"Harsaru","vc":"04116","area":2940.1,"lat":28.4218046,"lng":76.9541342},"geometry":{"type":"Polygon","coordinates":[[[76.9538582,28.4214753],[76.9539095,28.4214763],[76.9541662,28.4214811],[76.9541597,28.4217534],[76.9545361,28.4217605],[76.9545296,28.4220328],[76.9538451,28.4220199],[76.9538582,28.4214753]]]}},{"type":"Feature","properties":{"v":"Hayatpur","m":"21","k":"15","t":"Harsaru","vc":"04116","area":4055.0,"lat":28.4222986,"lng":76.9541808},"geometry":{"type":"Polygon","coordinates":[[[76.953832,28.4225645],[76.9538451,28.4220199],[76.9545296,28.4220328],[76.9545165,28.4225773],[76.953832,28.4225645]]]}},{"type":"Feature","properties":{"v":"Hayatpur","m":"21","k":"14/2","t":"Harsaru","vc":"04116","area":3852.5,"lat":28.4222854,"lng":76.9534792},"geometry":{"type":"Polygon","coordinates":[[[76.9538109,28.4220193],[76.9537978,28.4225638],[76.9531475,28.4225516],[76.9531606,28.422007],[76.9538109,28.4220193]]]}},{"type":"Feature","properties":{"v":"Hayatpur","m":"21","k":"12","t":"Harsaru","vc":"04116","area":4055.0,"lat":28.42226,"lng":76.9521274},"geometry":{"type":"Polygon","coordinates":[[[76.9524631,28.4225387],[76.9519497,28.4225291],[76.9517786,28.4225259],[76.9517917,28.4219813],[76.9524762,28.4219942],[76.9524631,28.4225387]]]}},{"type":"Feature","properties":{"v":"Hayatpur","m":"21","k":"11/2","t":"Harsaru","vc":"04116","area":3305.8,"lat":28.4222648,"lng":76.9515024},"geometry":{"type":"Polygon","coordinates":[[[76.95131,28.4220782],[76.9513443,28.4220788],[76.9513468,28.4219729],[76.9517917,28.4219813],[76.9517786,28.4225259],[76.9511284,28.4225136],[76.9513126,28.4219723],[76.95131,28.4220782]]]}},{"type":"Feature","properties":{"v":"Hayatpur","m":"21","k":"10/1","t":"Harsaru","vc":"04116","area":4041.3,"lat":28.4227926,"lng":76.9514309},"geometry":{"type":"Polygon","coordinates":[[[76.9517655,28.4230705],[76.951081,28.4230576],[76.9510876,28.4227853],[76.9510923,28.4225886],[76.9511284,28.4225136],[76.9517786,28.4225259],[76.9517655,28.4230705]]]}},{"type":"Feature","properties":{"v":"Hayatpur","m":"21","k":"9/1/2","t":"Harsaru","vc":"04116","area":2027.8,"lat":28.4227154,"lng":76.952202},"geometry":{"type":"Polygon","coordinates":[[[76.9524631,28.4225387],[76.9524543,28.4229018],[76.951941,28.4228922],[76.9519497,28.4225291],[76.9524631,28.4225387]]]}},{"type":"Feature","properties":{"v":"Hayatpur","m":"21","k":"8","t":"Harsaru","vc":"04116","area":4055.0,"lat":28.4228175,"lng":76.9527987},"geometry":{"type":"Polygon","coordinates":[[[76.9531475,28.4225516],[76.9531344,28.4230962],[76.95245,28.4230833],[76.9524543,28.4229018],[76.9524631,28.4225387],[76.9531475,28.4225516]]]}},{"type":"Feature","properties":{"v":"Hayatpur","m":"21","k":"7","t":"Harsaru","vc":"04116","area":4055.4,"lat":28.4228303,"lng":76.9534832},"geometry":{"type":"Polygon","coordinates":[[[76.9534767,28.4231026],[76.9531344,28.4230962],[76.9531475,28.4225516],[76.9537978,28.4225638],[76.953832,28.4225645],[76.9538189,28.4231091],[76.9534767,28.4231026]]]}},{"type":"Feature","properties":{"v":"Hayatpur","m":"21","k":"6","t":"Harsaru","vc":"04116","area":4055.4,"lat":28.4228432,"lng":76.9541677},"geometry":{"type":"Polygon","coordinates":[[[76.953832,28.4225645],[76.9545165,28.4225773],[76.9545034,28.4231219],[76.9538189,28.4231091],[76.953832,28.4225645]]]}},{"type":"Feature","properties":{"v":"Hayatpur","m":"21","k":"5","t":"Harsaru","vc":"04116","area":3575.1,"lat":28.423359,"lng":76.9541308},"geometry":{"type":"Polygon","coordinates":[[[76.9545034,28.4231219],[76.9544997,28.423275],[76.9544961,28.4234245],[76.9544947,28.4234823],[76.9544582,28.4234955],[76.9540789,28.423633],[76.9540111,28.4236575],[76.9538058,28.4236537],[76.9538102,28.4234713],[76.9538189,28.4231091],[76.9545034,28.4231219]]]}},{"type":"Feature","properties":{"v":"Hayatpur","m":"21","k":"4/2","t":"Harsaru","vc":"04116","area":2027.6,"lat":28.4233781,"lng":76.9536412},"geometry":{"type":"Polygon","coordinates":[[[76.9538189,28.4231091],[76.9538102,28.4234713],[76.9538058,28.4236537],[76.9537711,28.423653],[76.9534636,28.4236472],[76.9534648,28.4235943],[76.9534767,28.4231026],[76.9538189,28.4231091]]]}},{"type":"Feature","properties":{"v":"Hayatpur","m":"21","k":"3","t":"Harsaru","vc":"04116","area":4054.8,"lat":28.423362,"lng":76.9527857},"geometry":{"type":"Polygon","coordinates":[[[76.9531344,28.4230962],[76.9531213,28.4236408],[76.9524369,28.4236279],[76.952442,28.4234161],[76.95245,28.4230833],[76.9531344,28.4230962]]]}},{"type":"Feature","properties":{"v":"Hayatpur","m":"21","k":"2/2","t":"Harsaru","vc":"04116","area":2478.2,"lat":28.4232433,"lng":76.9521038},"geometry":{"type":"Polygon","coordinates":[[[76.9519366,28.4230737],[76.95245,28.4230833],[76.952442,28.4234161],[76.9517575,28.4234033],[76.9517655,28.4230705],[76.9519366,28.4230737]]]}},{"type":"Feature","properties":{"v":"Hayatpur","m":"21","k":"1","t":"Harsaru","vc":"04116","area":4055.4,"lat":28.4233364,"lng":76.9514167},"geometry":{"type":"Polygon","coordinates":[[[76.9517524,28.4236151],[76.9510679,28.4236022],[76.951081,28.4230576],[76.9517655,28.4230705],[76.9517575,28.4234033],[76.9517524,28.4236151]]]}},{"type":"Feature","properties":{"v":"Hayatpur","m":"0","k":"106","t":"Harsaru","vc":"04116","area":109.9,"lat":28.4216248,"lng":76.9565673},"geometry":{"type":"Polygon","coordinates":[[[76.9565447,28.4215258],[76.956596,28.4215267],[76.9565917,28.4217083],[76.9565396,28.4217376],[76.9565447,28.4215258]]]}},{"type":"Feature","properties":{"v":"Hayatpur","m":"0","k":"105","t":"Harsaru","vc":"04116","area":567.5,"lat":28.4224086,"lng":76.9565493},"geometry":{"type":"Polygon","coordinates":[[[76.9565829,28.4220713],[76.9565699,28.4226159],[76.956563,28.4229033],[76.956511,28.4229296],[76.9565185,28.422615],[76.9565194,28.4225771],[76.9565316,28.4220704],[76.9565349,28.4219342],[76.9565878,28.421867],[76.9565829,28.4220713]]]}},{"type":"Feature","properties":{"v":"Hayatpur","m":"0","k":"107","t":"Harsaru","vc":"04116","area":5815.0,"lat":28.4199047,"lng":76.9562669},"geometry":{"type":"Polygon","coordinates":[[[76.9539546,28.4196005],[76.9539499,28.4197971],[76.9539488,28.4198425],[76.9539372,28.4203266],[76.9539357,28.4203871],[76.9539339,28.4204627],[76.9539292,28.4206594],[76.9539277,28.4207199],[76.9539244,28.4208561],[76.9539226,28.4209317],[76.9539215,28.4209771],[76.9539179,28.4211283],[76.9539161,28.421204],[76.9539143,28.4212796],[76.9539124,28.4213553],[76.9539106,28.4214309],[76.9542015,28.4214364],[76.9543897,28.4214399],[76.9544924,28.4214418],[76.9545437,28.4214428],[76.9547491,28.4214466],[76.9547833,28.4214473],[76.9552282,28.4214557],[76.9559127,28.4214685],[76.9560838,28.4214717],[76.9562035,28.421474],[76.956205,28.4214135],[76.9562155,28.4209748],[76.9562166,28.4209294],[76.9562188,28.4208386],[76.9562286,28.4204302],[76.9562395,28.4199764],[76.9562417,28.4198856],[76.9562466,28.4196838],[76.9562979,28.4196847],[76.956293,28.4198866],[76.9562909,28.4199773],[76.95628,28.4204311],[76.9562701,28.4208396],[76.9562669,28.4209757],[76.9562549,28.4214749],[76.9565971,28.4214814],[76.956596,28.4215267],[76.9565447,28.4215258],[76.956288,28.421521],[76.9561169,28.4215177],[76.9559116,28.4215139],[76.9552271,28.421501],[76.9548678,28.4214943],[76.9547651,28.4214924],[76.9545427,28.4214882],[76.9541662,28.4214811],[76.9539095,28.4214763],[76.9538582,28.4214753],[76.9538647,28.421203],[76.9538713,28.4209307],[76.9538778,28.4206584],[76.9538844,28.4203861],[76.9538875,28.4202576],[76.9538906,28.420129],[76.9538937,28.4200004],[76.9538968,28.4198718],[76.9538975,28.4198415],[76.9539106,28.419297],[76.9539237,28.4187524],[76.9539357,28.4182532],[76.9532512,28.4182403],[76.9531657,28.4182387],[76.9531486,28.4182384],[76.9528406,28.4182326],[76.952601,28.4182281],[76.9525668,28.4182274],[76.9518824,28.4182146],[76.9517797,28.4182126],[76.9511979,28.4182017],[76.951199,28.4181563],[76.951815,28.4181679],[76.9518492,28.4181685],[76.9518835,28.4181692],[76.9525679,28.4181821],[76.9526877,28.4181843],[76.9529101,28.4181885],[76.9532523,28.4181949],[76.9539368,28.4182078],[76.9539881,28.4182088],[76.953975,28.4187533],[76.9546081,28.4187652],[76.954607,28.4188106],[76.9539739,28.4187987],[76.9539619,28.4192979],[76.9539546,28.4196005]]]}},{"type":"Feature","properties":{"v":"Hayatpur","m":"22","k":"20/3","t":"Harsaru","vc":"04116","area":1317.7,"lat":28.4217626,"lng":76.9546473},"geometry":{"type":"Polygon","coordinates":[[[76.954752,28.4220369],[76.9545296,28.4220328],[76.9545361,28.4217605],[76.9545427,28.4214882],[76.9547651,28.4214924],[76.954752,28.4220369]]]}},{"type":"Feature","properties":{"v":"Hayatpur","m":"22","k":"20/2","t":"Harsaru","vc":"04116","area":608.4,"lat":28.4217656,"lng":76.9548099},"geometry":{"type":"Polygon","coordinates":[[[76.9548547,28.4220389],[76.954752,28.4220369],[76.9547651,28.4214924],[76.9548678,28.4214943],[76.9548547,28.4220389]]]}},{"type":"Feature","properties":{"v":"Hayatpur","m":"22","k":"21/1/1","t":"Harsaru","vc":"04116","area":574.6,"lat":28.4213161,"lng":76.9546495},"geometry":{"type":"Polygon","coordinates":[[[76.9547553,28.4211895],[76.9547491,28.4214466],[76.9545437,28.4214428],[76.9545499,28.4211856],[76.9547553,28.4211895]]]}},{"type":"Feature","properties":{"v":"Hayatpur","m":"22","k":"23/1/1","t":"Harsaru","vc":"04116","area":422.3,"lat":28.4213183,"lng":76.9559734},"geometry":{"type":"Polygon","coordinates":[[[76.9560838,28.4214717],[76.9559127,28.4214685],[76.9559236,28.4210147],[76.9560838,28.4214717]]]}},{"type":"Feature","properties":{"v":"Hayatpur","m":"22","k":"26","t":"Harsaru","vc":"04116","area":202.8,"lat":28.4218103,"lng":76.9570473},"geometry":{"type":"Polygon","coordinates":[[[76.9569772,28.4218771],[76.9569805,28.4217409],[76.9570274,28.4217418],[76.9571174,28.4217435],[76.9571141,28.4218797],[76.9570241,28.421878],[76.9569772,28.4218771]]]}},{"type":"Feature","properties":{"v":"Hayatpur","m":"22","k":"27","t":"Harsaru","vc":"04116","area":207.1,"lat":28.4217847,"lng":76.9562774},"geometry":{"type":"Polygon","coordinates":[[[76.9563714,28.4218674],[76.9563147,28.421915],[76.9561839,28.4217116],[76.956244,28.4216531],[76.9563714,28.4218674]]]}},{"type":"Feature","properties":{"v":"Hayatpur","m":"22","k":"12/2","t":"Harsaru","vc":"04116","area":1248.2,"lat":28.4222078,"lng":76.9557896},"geometry":{"type":"Polygon","coordinates":[[[76.9556247,28.4220533],[76.9558985,28.4220585],[76.9561303,28.4220628],[76.9556138,28.4225072],[76.9556247,28.4220533]]]}},{"type":"Feature","properties":{"v":"Hayatpur","m":"22","k":"13/2/2","t":"Harsaru","vc":"04116","area":2417.2,"lat":28.4223454,"lng":76.9563056},"geometry":{"type":"Polygon","coordinates":[[[76.9559804,28.422567],[76.9559848,28.4223854],[76.9565349,28.4219342],[76.9565316,28.4220704],[76.9565194,28.4225771],[76.9559804,28.422567]]]}},{"type":"Feature","properties":{"v":"Hayatpur","m":"22","k":"25","t":"Harsaru","vc":"04116","area":3266.0,"lat":28.4213141,"lng":76.9576751},"geometry":{"type":"Polygon","coordinates":[[[76.9572805,28.4215396],[76.9572857,28.421321],[76.9577384,28.4210034],[76.957978,28.4210078],[76.9579649,28.4215524],[76.9572805,28.4215396]]]}},{"type":"Feature","properties":{"v":"Hayatpur","m":"22","k":"24","t":"Harsaru","vc":"04116","area":3521.4,"lat":28.4212298,"lng":76.9569005},"geometry":{"type":"Polygon","coordinates":[[[76.9565971,28.4214814],[76.9566091,28.4209822],[76.9572936,28.420995],[76.9575006,28.4209989],[76.9565917,28.4217083],[76.956596,28.4215267],[76.9565971,28.4214814]]]}},{"type":"Feature","properties":{"v":"Hayatpur","m":"22","k":"23/2","t":"Harsaru","vc":"04116","area":1858.4,"lat":28.4212286,"lng":76.956432},"geometry":{"type":"Polygon","coordinates":[[[76.9562549,28.4214749],[76.9562669,28.4209757],[76.9566091,28.4209822],[76.9565971,28.4214814],[76.9562549,28.4214749]]]}},{"type":"Feature","properties":{"v":"Hayatpur","m":"22","k":"22/1","t":"Harsaru","vc":"04116","area":2900.6,"lat":28.4212588,"lng":76.9556164},"geometry":{"type":"Polygon","coordinates":[[[76.9552282,28.4214557],[76.9552355,28.4211531],[76.9554041,28.4211828],[76.9557535,28.4209661],[76.9558733,28.4209683],[76.9559236,28.4210147],[76.9559127,28.4214685],[76.9552282,28.4214557]]]}},{"type":"Feature","properties":{"v":"Hayatpur","m":"22","k":"21/2","t":"Harsaru","vc":"04116","area":1453.3,"lat":28.4212976,"lng":76.9549934},"geometry":{"type":"Polygon","coordinates":[[[76.9547895,28.4211901],[76.9547917,28.4210994],[76.9549073,28.4210874],[76.9551064,28.4212302],[76.9552355,28.4211531],[76.9552282,28.4214557],[76.9547833,28.4214473],[76.9547895,28.4211901]]]}},{"type":"Feature","properties":{"v":"Hayatpur","m":"22","k":"20/1","t":"Harsaru","vc":"04116","area":2128.7,"lat":28.4217699,"lng":76.9550409},"geometry":{"type":"Polygon","coordinates":[[[76.955214,28.4220456],[76.9549317,28.4220403],[76.9548547,28.4220389],[76.9548678,28.4214943],[76.9552271,28.421501],[76.955214,28.4220456]]]}},{"type":"Feature","properties":{"v":"Hayatpur","m":"22","k":"19","t":"Harsaru","vc":"04116","area":4055.3,"lat":28.4217797,"lng":76.9555628},"geometry":{"type":"Polygon","coordinates":[[[76.955214,28.4220456],[76.9552271,28.421501],[76.9559116,28.4215139],[76.9558985,28.4220585],[76.9556247,28.4220533],[76.955214,28.4220456]]]}},{"type":"Feature","properties":{"v":"Hayatpur","m":"22","k":"18/3","t":"Harsaru","vc":"04116","area":1873.0,"lat":28.4218002,"lng":76.9560669},"geometry":{"type":"Polygon","coordinates":[[[76.9558985,28.4220585],[76.9559116,28.4215139],[76.9561169,28.4215177],[76.956244,28.4216531],[76.9561839,28.4217116],[76.9563147,28.421915],[76.9561303,28.4220628],[76.9558985,28.4220585]]]}},{"type":"Feature","properties":{"v":"Hayatpur","m":"22","k":"17/3","t":"Harsaru","vc":"04116","area":1281.2,"lat":28.4218935,"lng":76.9567816},"geometry":{"type":"Polygon","coordinates":[[[76.9565878,28.421867],[76.9569368,28.421594],[76.9569252,28.4220778],[76.9565829,28.4220713],[76.9565878,28.421867]]]}},{"type":"Feature","properties":{"v":"Hayatpur","m":"22","k":"16","t":"Harsaru","vc":"04116","area":4055.2,"lat":28.4218183,"lng":76.9576162},"geometry":{"type":"Polygon","coordinates":[[[76.9572674,28.4220842],[76.9572805,28.4215396],[76.9579649,28.4215524],[76.9579577,28.421855],[76.9579519,28.422097],[76.9572674,28.4220842]]]}},{"type":"Feature","properties":{"v":"Hayatpur","m":"22","k":"15","t":"Harsaru","vc":"04116","area":2967.8,"lat":28.4223033,"lng":76.9575514},"geometry":{"type":"Polygon","coordinates":[[[76.9579519,28.422097],[76.9579509,28.4221371],[76.9579481,28.4222536],[76.9579473,28.4222869],[76.9578636,28.4223455],[76.9577512,28.4224241],[76.9573751,28.4226016],[76.9572536,28.422659],[76.9572543,28.4226288],[76.9572674,28.4220842],[76.9579519,28.422097]]]}},{"type":"Feature","properties":{"v":"Hayatpur","m":"22","k":"14/1","t":"Harsaru","vc":"04116","area":2585.1,"lat":28.4223477,"lng":76.9567946},"geometry":{"type":"Polygon","coordinates":[[[76.9565829,28.4220713],[76.9569252,28.4220778],[76.9570193,28.4220795],[76.9570062,28.4226241],[76.9565699,28.4226159],[76.9565829,28.4220713]]]}},{"type":"Feature","properties":{"v":"Hayatpur","m":"22","k":"12/1","t":"Harsaru","vc":"04116","area":2872.8,"lat":28.4223798,"lng":76.9553913},"geometry":{"type":"Polygon","coordinates":[[[76.9552009,28.4225902],[76.955214,28.4220456],[76.9556247,28.4220533],[76.9556138,28.4225072],[76.955194,28.4228776],[76.9552009,28.4225902]]]}},{"type":"Feature","properties":{"v":"Hayatpur","m":"22","k":"11/1","t":"Harsaru","vc":"04116","area":2356.7,"lat":28.4223078,"lng":76.954722},"geometry":{"type":"Polygon","coordinates":[[[76.954752,28.4220369],[76.9548547,28.4220389],[76.9549317,28.4220403],[76.95491,28.4225847],[76.9547218,28.4225812],[76.9545165,28.4225773],[76.9545296,28.4220328],[76.954752,28.4220369]]]}},{"type":"Feature","properties":{"v":"Hayatpur","m":"22","k":"10/1","t":"Harsaru","vc":"04116","area":2636.8,"lat":28.4228522,"lng":76.9549223},"geometry":{"type":"Polygon","coordinates":[[[76.95491,28.4225847],[76.9552009,28.4225902],[76.955194,28.4228776],[76.9549187,28.4231297],[76.9547581,28.4232418],[76.954705,28.4232788],[76.9547058,28.4232485],[76.9547087,28.4231258],[76.9547218,28.4225812],[76.95491,28.4225847]]]}},{"type":"Feature","properties":{"v":"Hayatpur","m":"22","k":"9/2/1","t":"Harsaru","vc":"04116","area":1212.9,"lat":28.4230219,"lng":76.9554772},"geometry":{"type":"Polygon","coordinates":[[[76.9556528,28.4231109],[76.9556839,28.4232053],[76.9554788,28.4232157],[76.9553925,28.4231478],[76.955223,28.4230146],[76.9555359,28.4227552],[76.9556528,28.4231109]]]}},{"type":"Feature","properties":{"v":"Hayatpur","m":"22","k":"8/1","t":"Harsaru","vc":"04116","area":2305.6,"lat":28.4228088,"lng":76.9562263},"geometry":{"type":"Polygon","coordinates":[[[76.9565185,28.422615],[76.956511,28.4229296],[76.95638,28.4229651],[76.9562908,28.4229892],[76.9559682,28.4230766],[76.9559687,28.4230562],[76.9559795,28.4226048],[76.9565185,28.422615]]]}},{"type":"Feature","properties":{"v":"Hayatpur","m":"22","k":"7/2","t":"Harsaru","vc":"04116","area":975.1,"lat":28.4227276,"lng":76.9567564},"geometry":{"type":"Polygon","coordinates":[[[76.9570032,28.4227476],[76.956563,28.4229033],[76.9565699,28.4226159],[76.9570062,28.4226241],[76.9570032,28.4227476]]]}},{"type":"Feature","properties":{"v":"Hayatpur","m":"23","k":"20/1","t":"Harsaru","vc":"04116","area":1029.3,"lat":28.4220144,"lng":76.9580861},"geometry":{"type":"Polygon","coordinates":[[[76.9582625,28.4218542],[76.9583342,28.4218541],[76.958245,28.4219828],[76.9580723,28.4222113],[76.9580031,28.4222531],[76.9579473,28.4222869],[76.9579481,28.4222536],[76.9579509,28.4221371],[76.9579519,28.422097],[76.9579577,28.421855],[76.9582625,28.4218542]]]}},{"type":"Feature","properties":{"v":"Hayatpur","m":"23","k":"22","t":"Harsaru","vc":"04116","area":1466.4,"lat":28.4211938,"lng":76.9588351},"geometry":{"type":"Polygon","coordinates":[[[76.9590782,28.4210285],[76.9591758,28.4210303],[76.9588476,28.4213689],[76.958651,28.4215002],[76.9586519,28.4214623],[76.9586625,28.4210207],[76.9590782,28.4210285]]]}},{"type":"Feature","properties":{"v":"Hayatpur","m":"23","k":"21","t":"Harsaru","vc":"04116","area":4031.4,"lat":28.421285,"lng":76.9583118},"geometry":{"type":"Polygon","coordinates":[[[76.9586625,28.4210207],[76.9586519,28.4214623],[76.958651,28.4215002],[76.9585809,28.421564],[76.9585579,28.4215636],[76.9579649,28.4215524],[76.957978,28.4210078],[76.9586625,28.4210207]]]}},{"type":"Feature","properties":{"v":"Hayatpur","m":"23","k":"20/2","t":"Harsaru","vc":"04116","area":1573.4,"lat":28.4216938,"lng":76.9582084},"geometry":{"type":"Polygon","coordinates":[[[76.9585579,28.4215636],[76.9585809,28.421564],[76.9585383,28.4216077],[76.9584189,28.4217299],[76.9583342,28.4218541],[76.9582625,28.4218542],[76.9579577,28.421855],[76.9579649,28.4215524],[76.9585579,28.4215636]]]}},{"type":"Feature","properties":{"v":"Hayatpur","m":"20","k":"22/1","t":"Harsaru","vc":"04116","area":2027.7,"lat":28.4240299,"lng":76.9520848},"geometry":{"type":"Polygon","coordinates":[[[76.9524303,28.4239002],[76.9524261,28.4240754],[76.9524238,28.4241725],[76.9524084,28.4241722],[76.952243,28.4241691],[76.9517393,28.4241596],[76.9517458,28.4238873],[76.9524303,28.4239002]]]}},{"type":"Feature","properties":{"v":"Hayatpur","m":"20","k":"24","t":"Harsaru","vc":"04116","area":2076.1,"lat":28.423792,"lng":76.9534089},"geometry":{"type":"Polygon","coordinates":[[[76.9533593,28.4236453],[76.9534636,28.4236472],[76.9537711,28.423653],[76.9538058,28.4236537],[76.9540111,28.4236575],[76.9537727,28.4237633],[76.9534688,28.423898],[76.9534208,28.4239237],[76.9531105,28.4240898],[76.9531145,28.4239266],[76.9531184,28.4237615],[76.9531213,28.4236408],[76.9533593,28.4236453]]]}},{"type":"Feature","properties":{"v":"Hayatpur","m":"20","k":"23","t":"Harsaru","vc":"04116","area":3966.3,"lat":28.4239011,"lng":76.9527663},"geometry":{"type":"Polygon","coordinates":[[[76.9531213,28.4236408],[76.9531184,28.4237615],[76.9531145,28.4239266],[76.9531105,28.4240898],[76.9530924,28.4240995],[76.9529371,28.4241822],[76.9524238,28.4241725],[76.9524261,28.4240754],[76.9524303,28.4239002],[76.9524369,28.4236279],[76.9531213,28.4236408]]]}},{"type":"Feature","properties":{"v":"Hayatpur","m":"20","k":"22/2","t":"Harsaru","vc":"04116","area":2027.3,"lat":28.4237576,"lng":76.9520914},"geometry":{"type":"Polygon","coordinates":[[[76.9517458,28.4238873],[76.9517524,28.4236151],[76.9524369,28.4236279],[76.9524303,28.4239002],[76.9517458,28.4238873]]]}},{"type":"Feature","properties":{"v":"Hayatpur","m":"20","k":"21","t":"Harsaru","vc":"04116","area":4054.8,"lat":28.4238809,"lng":76.9514036},"geometry":{"type":"Polygon","coordinates":[[[76.9517393,28.4241596],[76.9510548,28.4241468],[76.9510679,28.4236022],[76.9517524,28.4236151],[76.9517458,28.4238873],[76.9517393,28.4241596]]]}},{"type":"Feature","properties":{"v":"Hayatpur","m":"20","k":"20","t":"Harsaru","vc":"04116","area":4055.0,"lat":28.4244255,"lng":76.9513905},"geometry":{"type":"Polygon","coordinates":[[[76.9517393,28.4241596],[76.9517327,28.4244339],[76.9517315,28.4244819],[76.9517292,28.4245809],[76.9517262,28.4247042],[76.9510667,28.4246918],[76.9510417,28.4246913],[76.951045,28.4245552],[76.9510486,28.4244039],[76.9510541,28.424177],[76.9510548,28.4241468],[76.9517393,28.4241596]]]}},{"type":"Feature","properties":{"v":"Hayatpur","m":"20","k":"19","t":"Harsaru","vc":"04116","area":3379.2,"lat":28.4244023,"lng":76.952034},"geometry":{"type":"Polygon","coordinates":[[[76.952243,28.4241691],[76.9524084,28.4241722],[76.9524238,28.4241725],[76.9524168,28.4244599],[76.9524124,28.424462],[76.9524012,28.4244672],[76.9523825,28.4244758],[76.9517318,28.4247764],[76.9517244,28.4247799],[76.9517262,28.4247042],[76.9517292,28.4245809],[76.9517315,28.4244819],[76.9517327,28.4244339],[76.9517393,28.4241596],[76.952243,28.4241691]]]}},{"type":"Feature","properties":{"v":"Hayatpur","m":"20","k":"18","t":"Harsaru","vc":"04116","area":802.5,"lat":28.4242715,"lng":76.9525926},"geometry":{"type":"Polygon","coordinates":[[[76.9524238,28.4241725],[76.9529371,28.4241822],[76.9525855,28.4243699],[76.9524168,28.4244599],[76.9524238,28.4241725]]]}},{"type":"Feature","properties":{"v":"Hayatpur","m":"20","k":"11","t":"Harsaru","vc":"04116","area":1436.9,"lat":28.4248036,"lng":76.9513158},"geometry":{"type":"Polygon","coordinates":[[[76.9510667,28.4246918],[76.9517262,28.4247042],[76.9517244,28.4247799],[76.9516128,28.4248221],[76.9510499,28.4249893],[76.9510344,28.4249939],[76.9510415,28.4247004],[76.9510417,28.4246913],[76.9510667,28.4246918]]]}},{"type":"Feature","properties":{"v":"Hayatpur","m":"0","k":"","t":"Harsaru","vc":"04116","area":175.0,"lat":28.4198234,"lng":76.9541267},"geometry":{"type":"Polygon","coordinates":[[[76.9542237,28.4198023],[76.9542921,28.4198036],[76.9543159,28.4198494],[76.9541028,28.4198454],[76.9539488,28.4198425],[76.9539499,28.4197971],[76.9542237,28.4198023]]]}},{"type":"Feature","properties":{"v":"Hayatpur","m":"27","k":"21/2","t":"Harsaru","vc":"04116","area":650.7,"lat":28.4184749,"lng":76.9518158},"geometry":{"type":"Polygon","coordinates":[[[76.9518824,28.4182146],[76.9518704,28.4187138],[76.9517335,28.4187112],[76.9517797,28.4182126],[76.9518824,28.4182146]]]}},{"type":"Feature","properties":{"v":"Hayatpur","m":"27","k":"23/2","t":"Harsaru","vc":"04116","area":1672.7,"lat":28.4184851,"lng":76.9529886},"geometry":{"type":"Polygon","coordinates":[[[76.9531486,28.4182384],[76.9531366,28.4187376],[76.9528286,28.4187318],[76.9528406,28.4182326],[76.9531486,28.4182384]]]}},{"type":"Feature","properties":{"v":"Hayatpur","m":"27","k":"23/3","t":"Harsaru","vc":"04116","area":92.9,"lat":28.4184882,"lng":76.9531511},"geometry":{"type":"Polygon","coordinates":[[[76.9531657,28.4182387],[76.9531537,28.4187379],[76.9531366,28.4187376],[76.9531486,28.4182384],[76.9531657,28.4182387]]]}},{"type":"Feature","properties":{"v":"Hayatpur","m":"27","k":"23/4","t":"Harsaru","vc":"04116","area":464.4,"lat":28.4184891,"lng":76.9532025},"geometry":{"type":"Polygon","coordinates":[[[76.9532512,28.4182403],[76.9532392,28.4187395],[76.9532221,28.4187392],[76.9531537,28.4187379],[76.9531657,28.4182387],[76.9532512,28.4182403]]]}},{"type":"Feature","properties":{"v":"Hayatpur","m":"27","k":"1/2","t":"Harsaru","vc":"04116","area":281.7,"lat":28.4207651,"lng":76.9517753},"geometry":{"type":"Polygon","coordinates":[[[76.951681,28.4208895],[76.951827,28.4205139],[76.9518245,28.4206198],[76.9518179,28.4208921],[76.951681,28.4208895]]]}},{"type":"Feature","properties":{"v":"Hayatpur","m":"27","k":"3/1","t":"Harsaru","vc":"04116","area":11.3,"lat":28.4208902,"lng":76.9525198},"geometry":{"type":"Polygon","coordinates":[[[76.9525366,28.4209056],[76.9525024,28.420905],[76.9525031,28.4208747],[76.9525373,28.4208754],[76.9525366,28.4209056]]]}},{"type":"Feature","properties":{"v":"Hayatpur","m":"27","k":"3/2","t":"Harsaru","vc":"04116","area":2016.4,"lat":28.4207746,"lng":76.9528497},"geometry":{"type":"Polygon","coordinates":[[[76.9525373,28.4208754],[76.9525031,28.4208747],[76.9525089,28.4206327],[76.9525432,28.4206333],[76.9531934,28.4206456],[76.9531868,28.4209179],[76.9525366,28.4209056],[76.9525373,28.4208754]]]}},{"type":"Feature","properties":{"v":"Hayatpur","m":"27","k":"3/3","t":"Harsaru","vc":"04116","area":11.3,"lat":28.4206179,"lng":76.9525264},"geometry":{"type":"Polygon","coordinates":[[[76.9525439,28.4206031],[76.9525432,28.4206333],[76.9525089,28.4206327],[76.9525097,28.4206024],[76.9525439,28.4206031]]]}},{"type":"Feature","properties":{"v":"Hayatpur","m":"27","k":"2/2/2","t":"Harsaru","vc":"04116","area":1981.1,"lat":28.4204921,"lng":76.9521776},"geometry":{"type":"Polygon","coordinates":[[[76.9525155,28.4203604],[76.9525097,28.4206024],[76.9525089,28.4206327],[76.9518245,28.4206198],[76.951827,28.4205139],[76.9518824,28.4203485],[76.9525155,28.4203604]]]}},{"type":"Feature","properties":{"v":"Hayatpur","m":"27","k":"2/2/1","t":"Harsaru","vc":"04116","area":46.5,"lat":28.4204033,"lng":76.9518468},"geometry":{"type":"Polygon","coordinates":[[[76.951827,28.4205139],[76.951831,28.4203475],[76.9518824,28.4203485],[76.951827,28.4205139]]]}},{"type":"Feature","properties":{"v":"Hayatpur","m":"27","k":"9/1","t":"Harsaru","vc":"04116","area":766.3,"lat":28.4200383,"lng":76.9519159},"geometry":{"type":"Polygon","coordinates":[[[76.9520659,28.4198374],[76.9518824,28.4203485],[76.951831,28.4203475],[76.9518434,28.4198332],[76.9520659,28.4198374]]]}},{"type":"Feature","properties":{"v":"Hayatpur","m":"27","k":"10/1","t":"Harsaru","vc":"04116","area":1914.6,"lat":28.4200871,"lng":76.9516661},"geometry":{"type":"Polygon","coordinates":[[[76.951831,28.4203475],[76.9514888,28.4203411],[76.9515012,28.4198268],[76.9518434,28.4198332],[76.951831,28.4203475]]]}},{"type":"Feature","properties":{"v":"Hayatpur","m":"27","k":"10/2/2","t":"Harsaru","vc":"04116","area":42.2,"lat":28.4198711,"lng":76.9511749},"geometry":{"type":"Polygon","coordinates":[[[76.9512103,28.4198213],[76.9511553,28.4199716],[76.9511568,28.4199111],[76.951159,28.4198203],[76.9512103,28.4198213]]]}},{"type":"Feature","properties":{"v":"Hayatpur","m":"27","k":"4/1","t":"Harsaru","vc":"04116","area":2027.6,"lat":28.4207882,"lng":76.9535323},"geometry":{"type":"Polygon","coordinates":[[[76.9538778,28.4206584],[76.9538713,28.4209307],[76.9531868,28.4209179],[76.9531934,28.4206456],[76.9538778,28.4206584]]]}},{"type":"Feature","properties":{"v":"Hayatpur","m":"27","k":"7/2","t":"Harsaru","vc":"04116","area":909.7,"lat":28.4201871,"lng":76.9535639},"geometry":{"type":"Polygon","coordinates":[[[76.9532403,28.4201167],[76.9538906,28.420129],[76.9538875,28.4202576],[76.9532373,28.4202453],[76.9532403,28.4201167]]]}},{"type":"Feature","properties":{"v":"Hayatpur","m":"27","k":"7/3","t":"Harsaru","vc":"04116","area":909.5,"lat":28.4200586,"lng":76.953567},"geometry":{"type":"Polygon","coordinates":[[[76.9532434,28.4199882],[76.9538937,28.4200004],[76.9538906,28.420129],[76.9532403,28.4201167],[76.9532434,28.4199882]]]}},{"type":"Feature","properties":{"v":"Hayatpur","m":"27","k":"7/4","t":"Harsaru","vc":"04116","area":909.8,"lat":28.41993,"lng":76.9535701},"geometry":{"type":"Polygon","coordinates":[[[76.9538968,28.4198718],[76.9538937,28.4200004],[76.9532434,28.4199882],[76.9532465,28.4198596],[76.9538968,28.4198718]]]}},{"type":"Feature","properties":{"v":"Hayatpur","m":"27","k":"7/5","t":"Harsaru","vc":"04116","area":191.6,"lat":28.4201166,"lng":76.9532232},"geometry":{"type":"Polygon","coordinates":[[[76.9532373,28.4202453],[76.9532342,28.4203739],[76.9531999,28.4203733],[76.9532123,28.4198589],[76.9532465,28.4198596],[76.9532434,28.4199882],[76.9532403,28.4201167],[76.9532373,28.4202453]]]}},{"type":"Feature","properties":{"v":"Hayatpur","m":"27","k":"11/1","t":"Harsaru","vc":"04116","area":760.4,"lat":28.4194526,"lng":76.9512435},"geometry":{"type":"Polygon","coordinates":[[[76.9511728,28.4192455],[76.9513953,28.4192497],[76.9511939,28.4197907],[76.9511597,28.4197901],[76.9511728,28.4192455]]]}},{"type":"Feature","properties":{"v":"Hayatpur","m":"27","k":"20/1","t":"Harsaru","vc":"04116","area":2179.9,"lat":28.4190058,"lng":76.9516753},"geometry":{"type":"Polygon","coordinates":[[[76.9518704,28.4187138],[76.9518573,28.4192584],[76.9513953,28.4192497],[76.9515966,28.4187086],[76.9517335,28.4187112],[76.9518704,28.4187138]]]}},{"type":"Feature","properties":{"v":"Hayatpur","m":"27","k":"12/2","t":"Harsaru","vc":"04116","area":2078.3,"lat":28.4195645,"lng":76.952355},"geometry":{"type":"Polygon","coordinates":[[[76.9525286,28.4198158],[76.9520837,28.4198074],[76.952285,28.4192664],[76.9525417,28.4192712],[76.9525286,28.4198158]]]}},{"type":"Feature","properties":{"v":"Hayatpur","m":"27","k":"19/1","t":"Harsaru","vc":"04116","area":963.0,"lat":28.4190498,"lng":76.9524566},"geometry":{"type":"Polygon","coordinates":[[[76.9524864,28.4187254],[76.9525548,28.4187266],[76.9525417,28.4192712],[76.952285,28.4192664],[76.9524864,28.4187254]]]}},{"type":"Feature","properties":{"v":"Hayatpur","m":"27","k":"18/1","t":"Harsaru","vc":"04116","area":115.3,"lat":28.4189795,"lng":76.9532186},"geometry":{"type":"Polygon","coordinates":[[[76.9532392,28.4187395],[76.9532265,28.419269],[76.9532261,28.4192841],[76.953209,28.4192838],[76.9532218,28.4187543],[76.9531362,28.4187527],[76.9531366,28.4187376],[76.9531537,28.4187379],[76.9532221,28.4187392],[76.9532392,28.4187395]]]}},{"type":"Feature","properties":{"v":"Hayatpur","m":"27","k":"17/2","t":"Harsaru","vc":"04116","area":16.9,"lat":28.4192775,"lng":76.9532777},"geometry":{"type":"Polygon","coordinates":[[[76.9533288,28.419286],[76.9532261,28.4192841],[76.9532265,28.419269],[76.9533292,28.4192709],[76.9533288,28.419286]]]}},{"type":"Feature","properties":{"v":"Hayatpur","m":"26","k":"3/1/1","t":"Harsaru","vc":"04116","area":357.3,"lat":28.4208808,"lng":76.9560366},"geometry":{"type":"Polygon","coordinates":[[[76.9559257,28.4209239],[76.9558419,28.4209164],[76.9558659,28.420832],[76.9562188,28.4208386],[76.9562166,28.4209294],[76.9559257,28.4209239]]]}},{"type":"Feature","properties":{"v":"Hayatpur","m":"26","k":"3/2/1","t":"Harsaru","vc":"04116","area":506.9,"lat":28.4209109,"lng":76.9564396},"geometry":{"type":"Polygon","coordinates":[[[76.9562701,28.4208396],[76.9566124,28.420846],[76.9566091,28.4209822],[76.9562669,28.4209757],[76.9562701,28.4208396]]]}},{"type":"Feature","properties":{"v":"Hayatpur","m":"26","k":"4/1","t":"Harsaru","vc":"04116","area":1013.8,"lat":28.4209205,"lng":76.9569529},"geometry":{"type":"Polygon","coordinates":[[[76.9572968,28.4208589],[76.9572936,28.420995],[76.9566091,28.4209822],[76.9566124,28.420846],[76.9572968,28.4208589]]]}},{"type":"Feature","properties":{"v":"Hayatpur","m":"26","k":"8/2/2","t":"Harsaru","vc":"04116","area":82.3,"lat":28.4199329,"lng":76.9561984},"geometry":{"type":"Polygon","coordinates":[[[76.9561413,28.4199745],[76.9561733,28.4198843],[76.9562417,28.4198856],[76.9562395,28.4199764],[76.9561413,28.4199745]]]}},{"type":"Feature","properties":{"v":"Hayatpur","m":"26","k":"8/1/2","t":"Harsaru","vc":"04116","area":337.7,"lat":28.4199351,"lng":76.9564631},"geometry":{"type":"Polygon","coordinates":[[[76.9562909,28.4199773],[76.956293,28.4198866],[76.9566353,28.419893],[76.9566331,28.4199837],[76.9562909,28.4199773]]]}},{"type":"Feature","properties":{"v":"Hayatpur","m":"26","k":"7/2","t":"Harsaru","vc":"04116","area":675.7,"lat":28.4199448,"lng":76.9569765},"geometry":{"type":"Polygon","coordinates":[[[76.9573175,28.4199966],[76.9566331,28.4199837],[76.9566353,28.419893],[76.9573197,28.4199058],[76.9573175,28.4199966]]]}},{"type":"Feature","properties":{"v":"Hayatpur","m":"26","k":"14/2/1","t":"Harsaru","vc":"04116","area":425.5,"lat":28.4196886,"lng":76.9570011},"geometry":{"type":"Polygon","coordinates":[[[76.9573241,28.4197243],[76.9566396,28.4197115],[76.9566401,28.4196912],[76.956698,28.4196923],[76.9566989,28.419652],[76.9573255,28.4196638],[76.9573241,28.4197243]]]}},{"type":"Feature","properties":{"v":"Hayatpur","m":"26","k":"13/2/2","t":"Harsaru","vc":"04116","area":105.3,"lat":28.4195756,"lng":76.9563927},"geometry":{"type":"Polygon","coordinates":[[[76.9563601,28.4195043],[76.9564286,28.4195056],[76.9564252,28.4196469],[76.9563567,28.4196456],[76.9563594,28.4195346],[76.9563601,28.4195043]]]}},{"type":"Feature","properties":{"v":"Hayatpur","m":"26","k":"13/1/1","t":"Harsaru","vc":"04116","area":168.2,"lat":28.4197804,"lng":76.9562058},"geometry":{"type":"Polygon","coordinates":[[[76.9561733,28.4198843],[76.9561618,28.4196822],[76.9562466,28.4196838],[76.9562417,28.4198856],[76.9561733,28.4198843]]]}},{"type":"Feature","properties":{"v":"Hayatpur","m":"26","k":"15/1","t":"Harsaru","vc":"04116","area":1802.4,"lat":28.4197912,"lng":76.9576649},"geometry":{"type":"Polygon","coordinates":[[[76.9573241,28.4197243],[76.9573255,28.4196638],[76.95801,28.4196766],[76.9580042,28.4199187],[76.9573197,28.4199058],[76.9573241,28.4197243]]]}},{"type":"Feature","properties":{"v":"Hayatpur","m":"26","k":"23/2","t":"Harsaru","vc":"04116","area":450.6,"lat":28.4183247,"lng":76.9565181},"geometry":{"type":"Polygon","coordinates":[[[76.9565719,28.4182573],[76.9566734,28.4183046],[76.9566698,28.4184559],[76.9562296,28.4182509],[76.9565719,28.4182573]]]}},{"type":"Feature","properties":{"v":"Hayatpur","m":"26","k":"23/3","t":"Harsaru","vc":"04116","area":25.3,"lat":28.4182737,"lng":76.9566399},"geometry":{"type":"Polygon","coordinates":[[[76.9566745,28.4182592],[76.9566734,28.4183046],[76.9565719,28.4182573],[76.9566745,28.4182592]]]}},{"type":"Feature","properties":{"v":"Hayatpur","m":"26","k":"24/2","t":"Harsaru","vc":"04116","area":1126.5,"lat":28.4185455,"lng":76.95701},"geometry":{"type":"Polygon","coordinates":[[[76.9566734,28.4183046],[76.9573502,28.4186351],[76.9573466,28.4187864],[76.9566698,28.4184559],[76.9566734,28.4183046]]]}},{"type":"Feature","properties":{"v":"Hayatpur","m":"26","k":"24/3","t":"Harsaru","vc":"04116","area":1520.7,"lat":28.41839,"lng":76.9571025},"geometry":{"type":"Polygon","coordinates":[[[76.9566745,28.4182592],[76.957359,28.4182721],[76.9573502,28.4186351],[76.9566734,28.4183046],[76.9566745,28.4182592]]]}},{"type":"Feature","properties":{"v":"Hayatpur","m":"26","k":"25/1","t":"Harsaru","vc":"04116","area":5.6,"lat":28.4188068,"lng":76.9573575},"geometry":{"type":"Polygon","coordinates":[[[76.9573459,28.4188167],[76.9573466,28.4187864],[76.9573801,28.4188173],[76.9573459,28.4188167]]]}},{"type":"Feature","properties":{"v":"Hayatpur","m":"26","k":"25/2","t":"Harsaru","vc":"04116","area":366.1,"lat":28.4187577,"lng":76.9574746},"geometry":{"type":"Polygon","coordinates":[[[76.9573801,28.4188173],[76.9573466,28.4187864],[76.9573502,28.4186351],[76.9577223,28.4188237],[76.9573801,28.4188173]]]}},{"type":"Feature","properties":{"v":"Hayatpur","m":"26","k":"16/2","t":"Harsaru","vc":"04116","area":816.9,"lat":28.4189413,"lng":76.9577754},"geometry":{"type":"Polygon","coordinates":[[[76.9580267,28.4189808],[76.958023,28.4191321],[76.9573801,28.4188173],[76.9577223,28.4188237],[76.9580267,28.4189808]]]}},{"type":"Feature","properties":{"v":"Hayatpur","m":"26","k":"16/3","t":"Harsaru","vc":"04116","area":253.5,"lat":28.418878,"lng":76.9579264},"geometry":{"type":"Polygon","coordinates":[[[76.9580267,28.4189808],[76.9577223,28.4188237],[76.9580303,28.4188295],[76.9580267,28.4189808]]]}},{"type":"Feature","properties":{"v":"Hayatpur","m":"25","k":"12/2","t":"Harsaru","vc":"04116","area":887.1,"lat":28.4195272,"lng":76.9590118},"geometry":{"type":"Polygon","coordinates":[[[76.959201,28.4197036],[76.9587002,28.4194474],[76.9587017,28.4193869],[76.958907,28.4193908],[76.9593235,28.4195979],[76.959201,28.4197036]]]}},{"type":"Feature","properties":{"v":"Hayatpur","m":"25","k":"12/3","t":"Harsaru","vc":"04116","area":696.1,"lat":28.4194639,"lng":76.95926},"geometry":{"type":"Polygon","coordinates":[[[76.9593861,28.4193998],[76.9595495,28.4194028],[76.9593235,28.4195979],[76.958907,28.4193908],[76.9593861,28.4193998]]]}},{"type":"Feature","properties":{"v":"Hayatpur","m":"25","k":"11/2","t":"Harsaru","vc":"04116","area":56.3,"lat":28.419406,"lng":76.9586442},"geometry":{"type":"Polygon","coordinates":[[[76.9585306,28.4193837],[76.9587017,28.4193869],[76.9587002,28.4194474],[76.9585306,28.4193837]]]}},{"type":"Feature","properties":{"v":"Hayatpur","m":"25","k":"20/1","t":"Harsaru","vc":"04116","area":675.8,"lat":28.4192966,"lng":76.9581903},"geometry":{"type":"Polygon","coordinates":[[[76.958023,28.4191321],[76.9585306,28.4193837],[76.9580172,28.4193741],[76.958023,28.4191321]]]}},{"type":"Feature","properties":{"v":"Hayatpur","m":"25","k":"20/2","t":"Harsaru","vc":"04116","area":1126.4,"lat":28.4192099,"lng":76.9583521},"geometry":{"type":"Polygon","coordinates":[[[76.9585306,28.4193837],[76.958023,28.4191321],[76.9580267,28.4189808],[76.9587039,28.4192962],[76.9587017,28.4193869],[76.9585306,28.4193837]]]}},{"type":"Feature","properties":{"v":"Hayatpur","m":"25","k":"19/2","t":"Harsaru","vc":"04116","area":101.3,"lat":28.419358,"lng":76.9587709},"geometry":{"type":"Polygon","coordinates":[[[76.958907,28.4193908],[76.9587017,28.4193869],[76.9587039,28.4192962],[76.958907,28.4193908]]]}},{"type":"Feature","properties":{"v":"Hayatpur","m":"25","k":"2/1","t":"Harsaru","vc":"04116","area":453.4,"lat":28.4209872,"lng":76.9589395},"geometry":{"type":"Polygon","coordinates":[[[76.9591605,28.4209544],[76.9592141,28.4209554],[76.9592537,28.4209561],[76.9592147,28.4209932],[76.9591758,28.4210303],[76.9590782,28.4210285],[76.9586625,28.4210207],[76.9586643,28.4209451],[76.9591605,28.4209544]]]}},{"type":"Feature","properties":{"v":"Hayatpur","m":"25","k":"13/1/1","t":"Harsaru","vc":"04116","area":407.0,"lat":28.4198737,"lng":76.9594889},"geometry":{"type":"Polygon","coordinates":[[[76.959373,28.4199444],[76.9593783,28.4197258],[76.9597153,28.4199508],[76.959373,28.4199444]]]}},{"type":"Feature","properties":{"v":"Hayatpur","m":"25","k":"13/1/3","t":"Harsaru","vc":"04116","area":1278.5,"lat":28.4197555,"lng":76.9598605},"geometry":{"type":"Polygon","coordinates":[[[76.9600575,28.4199572],[76.9601458,28.4199923],[76.960185,28.4200079],[76.9601634,28.4200314],[76.9601257,28.4200127],[76.9600123,28.4199563],[76.9594444,28.4196744],[76.9595474,28.4195946],[76.9597617,28.4197276],[76.9600677,28.4195336],[76.9600575,28.4199572]]]}},{"type":"Feature","properties":{"v":"Hayatpur","m":"25","k":"8/2","t":"Harsaru","vc":"04116","area":368.9,"lat":28.4200168,"lng":76.9599795},"geometry":{"type":"Polygon","coordinates":[[[76.9600123,28.4199563],[76.9601257,28.4200127],[76.9601634,28.4200314],[76.9601339,28.4200634],[76.9600818,28.4201202],[76.9600451,28.4201033],[76.9597153,28.4199508],[76.9600123,28.4199563]]]}},{"type":"Feature","properties":{"v":"Hayatpur","m":"25","k":"8/1","t":"Harsaru","vc":"04116","area":44.9,"lat":28.4199752,"lng":76.960157},"geometry":{"type":"Polygon","coordinates":[[[76.9601782,28.4199595],[76.9602286,28.4199604],[76.960207,28.4199839],[76.960185,28.4200079],[76.9601458,28.4199923],[76.9600575,28.4199572],[76.9601782,28.4199595]]]}},{"type":"Feature","properties":{"v":"Hayatpur","m":"25","k":"16/1","t":"Harsaru","vc":"04116","area":523.7,"lat":28.4192246,"lng":76.9608345},"geometry":{"type":"Polygon","coordinates":[[[76.9609483,28.4191843],[76.9609832,28.4192169],[76.9609221,28.4192779],[76.9607755,28.4194258],[76.960755,28.4194254],[76.9607562,28.419376],[76.9607649,28.419013],[76.9609483,28.4191843]]]}},{"type":"Feature","properties":{"v":"Hayatpur","m":"25","k":"17/2","t":"Harsaru","vc":"04116","area":106.1,"lat":28.418924,"lng":76.9607178},"geometry":{"type":"Polygon","coordinates":[[[76.9607649,28.419013],[76.9606204,28.4188781],[76.9607681,28.4188809],[76.9607649,28.419013]]]}},{"type":"Feature","properties":{"v":"Hayatpur","m":"25","k":"24/1/1","t":"Harsaru","vc":"04116","area":130.3,"lat":28.418841,"lng":76.960506},"geometry":{"type":"Polygon","coordinates":[[[76.9603916,28.4188738],[76.960506,28.4187712],[76.9606204,28.4188781],[76.9603916,28.4188738]]]}},{"type":"Feature","properties":{"v":"Hayatpur","m":"25","k":"24/1/2","t":"Harsaru","vc":"04116","area":591.3,"lat":28.4187434,"lng":76.9606761},"geometry":{"type":"Polygon","coordinates":[[[76.9607765,28.4185285],[76.9607681,28.4188809],[76.9606204,28.4188781],[76.960506,28.4187712],[76.9607462,28.4185557],[76.9607765,28.4185285]]]}},{"type":"Feature","properties":{"v":"Hayatpur","m":"25","k":"16/3","t":"Harsaru","vc":"04116","area":130.1,"lat":28.4189247,"lng":76.9612043},"geometry":{"type":"Polygon","coordinates":[[[76.9612438,28.4188898],[76.9613156,28.4188911],[76.9612411,28.4189621],[76.9612056,28.418996],[76.9611705,28.4189624],[76.9610918,28.4188869],[76.9612438,28.4188898]]]}},{"type":"Feature","properties":{"v":"Hayatpur","m":"25","k":"25/1","t":"Harsaru","vc":"04116","area":620.5,"lat":28.4187654,"lng":76.9608788},"geometry":{"type":"Polygon","coordinates":[[[76.9607681,28.4188809],[76.9607765,28.4185285],[76.9610918,28.4188869],[76.9607681,28.4188809]]]}},{"type":"Feature","properties":{"v":"Hayatpur","m":"25","k":"25/4","t":"Harsaru","vc":"04116","area":1111.9,"lat":28.4184883,"lng":76.9613025},"geometry":{"type":"Polygon","coordinates":[[[76.9614656,28.4183491],[76.9614571,28.4187026],[76.9614553,28.4187757],[76.9614157,28.4187389],[76.9609865,28.4183401],[76.9614656,28.4183491]]]}},{"type":"Feature","properties":{"v":"Hayatpur","m":"21","k":"2/1","t":"Harsaru","vc":"04116","area":1577.2,"lat":28.4235156,"lng":76.9520972},"geometry":{"type":"Polygon","coordinates":[[[76.952442,28.4234161],[76.9524369,28.4236279],[76.9517524,28.4236151],[76.9517575,28.4234033],[76.952442,28.4234161]]]}},{"type":"Feature","properties":{"v":"Hayatpur","m":"21","k":"9/1/1","t":"Harsaru","vc":"04116","area":1013.6,"lat":28.4229878,"lng":76.9521955},"geometry":{"type":"Polygon","coordinates":[[[76.951941,28.4228922],[76.9524543,28.4229018],[76.95245,28.4230833],[76.9519366,28.4230737],[76.951941,28.4228922]]]}},{"type":"Feature","properties":{"v":"Hayatpur","m":"21","k":"9/2","t":"Harsaru","vc":"04116","area":1013.8,"lat":28.4227998,"lng":76.9518576},"geometry":{"type":"Polygon","coordinates":[[[76.951941,28.4228922],[76.9519366,28.4230737],[76.9517655,28.4230705],[76.9517786,28.4225259],[76.9519497,28.4225291],[76.951941,28.4228922]]]}},{"type":"Feature","properties":{"v":"Hayatpur","m":"21","k":"14/1","t":"Harsaru","vc":"04116","area":202.6,"lat":28.4222919,"lng":76.9538215},"geometry":{"type":"Polygon","coordinates":[[[76.953832,28.4225645],[76.9537978,28.4225638],[76.9538109,28.4220193],[76.9538451,28.4220199],[76.953832,28.4225645]]]}},{"type":"Feature","properties":{"v":"Hayatpur","m":"21","k":"11/1","t":"Harsaru","vc":"04116","area":709.7,"lat":28.4221772,"lng":76.9511723},"geometry":{"type":"Polygon","coordinates":[[[76.9511073,28.4219684],[76.9513126,28.4219723],[76.9511284,28.4225136],[76.9510941,28.422513],[76.9511073,28.4219684]]]}},{"type":"Feature","properties":{"v":"Hayatpur","m":"21","k":"11/3","t":"Harsaru","vc":"04116","area":39.5,"lat":28.4220256,"lng":76.9513284},"geometry":{"type":"Polygon","coordinates":[[[76.95131,28.4220782],[76.9513126,28.4219723],[76.9513468,28.4219729],[76.9513443,28.4220788],[76.95131,28.4220782]]]}},{"type":"Feature","properties":{"v":"Hayatpur","m":"21","k":"16/2","t":"Harsaru","vc":"04116","area":1115.2,"lat":28.4216208,"lng":76.9543512},"geometry":{"type":"Polygon","coordinates":[[[76.9545427,28.4214882],[76.9545361,28.4217605],[76.9541597,28.4217534],[76.9541662,28.4214811],[76.9545427,28.4214882]]]}},{"type":"Feature","properties":{"v":"Hayatpur","m":"21","k":"17/2","t":"Harsaru","vc":"04116","area":202.6,"lat":28.4217473,"lng":76.9538345},"geometry":{"type":"Polygon","coordinates":[[[76.9538582,28.4214753],[76.9538451,28.4220199],[76.9538109,28.4220193],[76.953824,28.4214747],[76.9538582,28.4214753]]]}},{"type":"Feature","properties":{"v":"Hayatpur","m":"21","k":"20/1","t":"Harsaru","vc":"04116","area":1723.3,"lat":28.4216722,"lng":76.9512641},"geometry":{"type":"Polygon","coordinates":[[[76.9513126,28.4219723],[76.9511073,28.4219684],[76.9511204,28.4214238],[76.9514968,28.4214309],[76.9513126,28.4219723]]]}},{"type":"Feature","properties":{"v":"Hayatpur","m":"21","k":"21/2","t":"Harsaru","vc":"04116","area":1318.0,"lat":28.4211971,"lng":76.9516938},"geometry":{"type":"Polygon","coordinates":[[[76.9518048,28.4214367],[76.9514968,28.4214309],[76.951681,28.4208895],[76.9518179,28.4208921],[76.9518048,28.4214367]]]}},{"type":"Feature","properties":{"v":"Hayatpur","m":"21","k":"23/2","t":"Harsaru","vc":"04116","area":2027.8,"lat":28.4210476,"lng":76.9528413},"geometry":{"type":"Polygon","coordinates":[[[76.9525366,28.4209056],[76.9531868,28.4209179],[76.9531803,28.4211902],[76.9524958,28.4211773],[76.9525024,28.420905],[76.9525366,28.4209056]]]}},{"type":"Feature","properties":{"v":"Hayatpur","m":"21","k":"24/2","t":"Harsaru","vc":"04116","area":2027.6,"lat":28.4210604,"lng":76.9535258},"geometry":{"type":"Polygon","coordinates":[[[76.9531803,28.4211902],[76.9531868,28.4209179],[76.9538713,28.4209307],[76.9538647,28.421203],[76.9531803,28.4211902]]]}},{"type":"Feature","properties":{"v":"Hayatpur","m":"21","k":"25/1/2","t":"Harsaru","vc":"04116","area":239.4,"lat":28.4213202,"lng":76.9540588},"geometry":{"type":"Polygon","coordinates":[[[76.9542052,28.4212851],[76.9542033,28.4213607],[76.9539124,28.4213553],[76.9539143,28.4212796],[76.9542052,28.4212851]]]}},{"type":"Feature","properties":{"v":"Hayatpur","m":"21","k":"25/1/3","t":"Harsaru","vc":"04116","area":239.4,"lat":28.4212445,"lng":76.9540607},"geometry":{"type":"Polygon","coordinates":[[[76.954207,28.4212094],[76.9542052,28.4212851],[76.9539143,28.4212796],[76.9539161,28.421204],[76.954207,28.4212094]]]}},{"type":"Feature","properties":{"v":"Hayatpur","m":"21","k":"25/1/4","t":"Harsaru","vc":"04116","area":239.4,"lat":28.4211689,"lng":76.9540624},"geometry":{"type":"Polygon","coordinates":[[[76.9542088,28.4211338],[76.954207,28.4212094],[76.9539161,28.421204],[76.9539179,28.4211283],[76.9542088,28.4211338]]]}},{"type":"Feature","properties":{"v":"Hayatpur","m":"21","k":"25/1/5","t":"Harsaru","vc":"04116","area":478.7,"lat":28.4210554,"lng":76.9540652},"geometry":{"type":"Polygon","coordinates":[[[76.9542088,28.4211338],[76.9539179,28.4211283],[76.9539215,28.4209771],[76.9542124,28.4209825],[76.9542088,28.4211338]]]}},{"type":"Feature","properties":{"v":"Hayatpur","m":"22","k":"21/1/2","t":"Harsaru","vc":"04116","area":95.7,"lat":28.4213184,"lng":76.9547693},"geometry":{"type":"Polygon","coordinates":[[[76.9547553,28.4211895],[76.9547895,28.4211901],[76.9547833,28.4214473],[76.9547491,28.4214466],[76.9547553,28.4211895]]]}},{"type":"Feature","properties":{"v":"Hayatpur","m":"22","k":"21/1/3","t":"Harsaru","vc":"04116","area":560.4,"lat":28.4210755,"lng":76.9546609},"geometry":{"type":"Polygon","coordinates":[[[76.9545557,28.4209436],[76.9547097,28.4209465],[76.9547917,28.4210994],[76.9547895,28.4211901],[76.9547553,28.4211895],[76.9545499,28.4211856],[76.9545557,28.4209436]]]}},{"type":"Feature","properties":{"v":"Hayatpur","m":"27","k":"6/2/2","t":"Harsaru","vc":"04116","area":811.1,"lat":28.420086,"lng":76.95402},"geometry":{"type":"Polygon","coordinates":[[[76.9539488,28.4198425],[76.9541028,28.4198454],[76.9540912,28.4203295],[76.9539372,28.4203266],[76.9539488,28.4198425]]]}},{"type":"Feature","properties":{"v":"Hayatpur","m":"22","k":"10/2","t":"Harsaru","vc":"04116","area":1725.2,"lat":28.4229666,"lng":76.9546065},"geometry":{"type":"Polygon","coordinates":[[[76.9547218,28.4225812],[76.9547087,28.4231258],[76.9547058,28.4232485],[76.954705,28.4232788],[76.9544961,28.4234245],[76.9544997,28.423275],[76.9545034,28.4231219],[76.9545165,28.4225773],[76.9547218,28.4225812]]]}},{"type":"Feature","properties":{"v":"Hayatpur","m":"22","k":"11/2","t":"Harsaru","vc":"04116","area":1697.9,"lat":28.4223166,"lng":76.9550641},"geometry":{"type":"Polygon","coordinates":[[[76.9552009,28.4225902],[76.95491,28.4225847],[76.9549317,28.4220403],[76.955214,28.4220456],[76.9552009,28.4225902]]]}},{"type":"Feature","properties":{"v":"Hayatpur","m":"22","k":"9/1","t":"Harsaru","vc":"04116","area":1625.4,"lat":28.4228733,"lng":76.955738},"geometry":{"type":"Polygon","coordinates":[[[76.9558854,28.4226031],[76.955874,28.4230759],[76.9558734,28.4231023],[76.9558191,28.4231318],[76.9556839,28.4232053],[76.9556528,28.4231109],[76.9555359,28.4227552],[76.9557232,28.4226],[76.9558854,28.4226031]]]}},{"type":"Feature","properties":{"v":"Hayatpur","m":"22","k":"9/2/2","t":"Harsaru","vc":"04116","area":1218.9,"lat":28.4232135,"lng":76.9552278},"geometry":{"type":"Polygon","coordinates":[[[76.9555595,28.4232729],[76.9551366,28.4233201],[76.9548539,28.4233516],[76.955005,28.4232056],[76.9550804,28.4231328],[76.955223,28.4230146],[76.9553925,28.4231478],[76.9554788,28.4232157],[76.9556839,28.4232053],[76.9555595,28.4232729]]]}},{"type":"Feature","properties":{"v":"Hayatpur","m":"22","k":"8/2","t":"Harsaru","vc":"04116","area":497.2,"lat":28.4228468,"lng":76.9559262},"geometry":{"type":"Polygon","coordinates":[[[76.9559795,28.4226048],[76.9559687,28.4230562],[76.9559682,28.4230766],[76.9558734,28.4231023],[76.955874,28.4230759],[76.9558854,28.4226031],[76.9559795,28.4226048]]]}},{"type":"Feature","properties":{"v":"Hayatpur","m":"22","k":"13/1/1","t":"Harsaru","vc":"04116","area":96.5,"lat":28.4225843,"lng":76.9558625},"geometry":{"type":"Polygon","coordinates":[[[76.9558863,28.4225652],[76.9559804,28.422567],[76.9559795,28.4226048],[76.9558854,28.4226031],[76.9557232,28.4226],[76.9557683,28.422563],[76.9558863,28.4225652]]]}},{"type":"Feature","properties":{"v":"Hayatpur","m":"22","k":"13/1/2","t":"Harsaru","vc":"04116","area":221.9,"lat":28.422591,"lng":76.9562496},"geometry":{"type":"Polygon","coordinates":[[[76.9565185,28.422615],[76.9559795,28.4226048],[76.9559804,28.422567],[76.9565194,28.4225771],[76.9565185,28.422615]]]}},{"type":"Feature","properties":{"v":"Hayatpur","m":"22","k":"13/2/1","t":"Harsaru","vc":"04116","area":209.5,"lat":28.4225051,"lng":76.9559112},"geometry":{"type":"Polygon","coordinates":[[[76.9559804,28.422567],[76.9558863,28.4225652],[76.9557683,28.422563],[76.9559848,28.4223854],[76.9559804,28.422567]]]}},{"type":"Feature","properties":{"v":"Hayatpur","m":"22","k":"7/1","t":"Harsaru","vc":"04116","area":207.4,"lat":28.4226691,"lng":76.9571041},"geometry":{"type":"Polygon","coordinates":[[[76.9570062,28.4226241],[76.9572543,28.4226288],[76.9572536,28.422659],[76.9571582,28.4226927],[76.9570032,28.4227476],[76.9570062,28.4226241]]]}},{"type":"Feature","properties":{"v":"Hayatpur","m":"22","k":"14/2","t":"Harsaru","vc":"04116","area":1469.9,"lat":28.4223542,"lng":76.9571368},"geometry":{"type":"Polygon","coordinates":[[[76.9572543,28.4226288],[76.9570062,28.4226241],[76.9570193,28.4220795],[76.9572674,28.4220842],[76.9572543,28.4226288]]]}},{"type":"Feature","properties":{"v":"Hayatpur","m":"22","k":"17/2","t":"Harsaru","vc":"04116","area":465.0,"lat":28.4218182,"lng":76.9569763},"geometry":{"type":"Polygon","coordinates":[[[76.9570241,28.421878],[76.9570193,28.4220795],[76.9569252,28.4220778],[76.9569368,28.421594],[76.9570327,28.4215189],[76.9570274,28.4217418],[76.9569805,28.4217409],[76.9569772,28.4218771],[76.9570241,28.421878]]]}},{"type":"Feature","properties":{"v":"Hayatpur","m":"22","k":"17/1","t":"Harsaru","vc":"04116","area":1653.5,"lat":28.4217434,"lng":76.9571647},"geometry":{"type":"Polygon","coordinates":[[[76.9572674,28.4220842],[76.9570193,28.4220795],[76.9570241,28.421878],[76.9571141,28.4218797],[76.9571174,28.4217435],[76.9570274,28.4217418],[76.9570327,28.4215189],[76.9572857,28.421321],[76.9572805,28.4215396],[76.9572674,28.4220842]]]}},{"type":"Feature","properties":{"v":"Hayatpur","m":"22","k":"22/2","t":"Harsaru","vc":"04116","area":12.7,"lat":28.4209841,"lng":76.9559072},"geometry":{"type":"Polygon","coordinates":[[[76.9559236,28.4210147],[76.9558733,28.4209683],[76.9559247,28.4209693],[76.9559236,28.4210147]]]}},{"type":"Feature","properties":{"v":"Hayatpur","m":"22","k":"23/1/2","t":"Harsaru","vc":"04116","area":667.1,"lat":28.4212353,"lng":76.9560632},"geometry":{"type":"Polygon","coordinates":[[[76.9559247,28.4209693],[76.9560102,28.4209709],[76.956205,28.4214135],[76.9562035,28.421474],[76.9560838,28.4214717],[76.9559236,28.4210147],[76.9559247,28.4209693]]]}},{"type":"Feature","properties":{"v":"Hayatpur","m":"22","k":"23/1/3","t":"Harsaru","vc":"04116","area":489.9,"lat":28.4211197,"lng":76.9561436},"geometry":{"type":"Polygon","coordinates":[[[76.9560102,28.4209709],[76.9562155,28.4209748],[76.956205,28.4214135],[76.9560102,28.4209709]]]}},{"type":"Feature","properties":{"v":"Hayatpur","m":"22","k":"18/2","t":"Harsaru","vc":"04116","area":555.7,"lat":28.4216744,"lng":76.9563268},"geometry":{"type":"Polygon","coordinates":[[[76.956244,28.4216531],[76.9561169,28.4215177],[76.956288,28.421521],[76.9565009,28.4217674],[76.9563714,28.4218674],[76.956244,28.4216531]]]}},{"type":"Feature","properties":{"v":"Hayatpur","m":"22","k":"18/1","t":"Harsaru","vc":"04116","area":382.1,"lat":28.421613,"lng":76.9564541},"geometry":{"type":"Polygon","coordinates":[[[76.9565396,28.4217376],[76.9565009,28.4217674],[76.956288,28.421521],[76.9565447,28.4215258],[76.9565396,28.4217376]]]}},{"type":"Feature","properties":{"v":"Hayatpur","m":"27","k":"23/1/1","t":"Harsaru","vc":"04116","area":28.1,"lat":28.4182781,"lng":76.952577},"geometry":{"type":"Polygon","coordinates":[[[76.9525632,28.4183787],[76.9525668,28.4182274],[76.952601,28.4182281],[76.9525632,28.4183787]]]}},{"type":"Feature","properties":{"v":"Hayatpur","m":"27","k":"5/2/2","t":"Harsaru","vc":"04116","area":416.7,"lat":28.4206956,"lng":76.954245},"geometry":{"type":"Polygon","coordinates":[[[76.9539292,28.4206594],[76.9545623,28.4206713],[76.9545608,28.4207318],[76.9539277,28.4207199],[76.9539292,28.4206594]]]}},{"type":"Feature","properties":{"v":"Hayatpur","m":"21","k":"10/2","t":"Harsaru","vc":"04116","area":14.1,"lat":28.4225384,"lng":76.9511049},"geometry":{"type":"Polygon","coordinates":[[[76.9510941,28.422513],[76.9511284,28.4225136],[76.9510923,28.4225886],[76.9510941,28.422513]]]}},{"type":"Feature","properties":{"v":"Hayatpur","m":"3","k":"25/2","t":"Harsaru","vc":"04116","area":368.6,"lat":28.4261845,"lng":76.9405979},"geometry":{"type":"Polygon","coordinates":[[[76.940735,28.4261316],[76.940731,28.426298],[76.9403278,28.4261239],[76.940735,28.4261316]]]}},{"type":"Feature","properties":{"v":"Hayatpur","m":"3","k":"25/1","t":"Harsaru","vc":"04116","area":3041.5,"lat":28.4264572,"lng":76.9403468},"geometry":{"type":"Polygon","coordinates":[[[76.9400374,28.4266632],[76.9400506,28.4261186],[76.9407285,28.4264039],[76.9407219,28.4266762],[76.9400374,28.4266632]]]}},{"type":"Feature","properties":{"v":"Hayatpur","m":"3","k":"24/2","t":"Harsaru","vc":"04116","area":3067.9,"lat":28.426386,"lng":76.9397851},"geometry":{"type":"Polygon","coordinates":[[[76.9400506,28.4261186],[76.9400374,28.4266632],[76.9395196,28.4266534],[76.9395229,28.4265173],[76.9395327,28.4261088],[76.9400506,28.4261186]]]}},{"type":"Feature","properties":{"v":"Hayatpur","m":"3","k":"23/2/2","t":"Harsaru","vc":"04116","area":2889.2,"lat":28.4263037,"lng":76.939036},"geometry":{"type":"Polygon","coordinates":[[[76.9387059,28.4265018],[76.9387158,28.4260934],[76.9393661,28.4261057],[76.9393562,28.4265141],[76.9387059,28.4265018]]]}},{"type":"Feature","properties":{"v":"Hayatpur","m":"3","k":"22","t":"Harsaru","vc":"04116","area":4054.9,"lat":28.4263586,"lng":76.9383327},"geometry":{"type":"Polygon","coordinates":[[[76.9386684,28.4266373],[76.9379839,28.4266244],[76.9379971,28.4260798],[76.9386816,28.4260928],[76.9386684,28.4266373]]]}},{"type":"Feature","properties":{"v":"Hayatpur","m":"3","k":"21/2","t":"Harsaru","vc":"04116","area":2027.7,"lat":28.4263488,"lng":76.9378194},"geometry":{"type":"Polygon","coordinates":[[[76.9379971,28.4260798],[76.9379839,28.4266244],[76.9376417,28.4266179],[76.9376548,28.4260733],[76.9379971,28.4260798]]]}},{"type":"Feature","properties":{"v":"Hayatpur","m":"3","k":"20/2/1","t":"Harsaru","vc":"04116","area":1419.5,"lat":28.4268861,"lng":76.9374126},"geometry":{"type":"Polygon","coordinates":[[[76.9372994,28.4266115],[76.937539,28.426616],[76.9375258,28.4271606],[76.9374403,28.427159],[76.9372862,28.4271561],[76.9372994,28.4266115]]]}},{"type":"Feature","properties":{"v":"Hayatpur","m":"3","k":"19","t":"Harsaru","vc":"04116","area":4055.2,"lat":28.4269032,"lng":76.9383196},"geometry":{"type":"Polygon","coordinates":[[[76.9386684,28.4266373],[76.9386555,28.4271704],[76.9386552,28.4271819],[76.9385332,28.4271796],[76.9379707,28.427169],[76.937977,28.4269118],[76.9379788,28.4268362],[76.9379839,28.4266244],[76.9386684,28.4266373]]]}},{"type":"Feature","properties":{"v":"Hayatpur","m":"3","k":"18/2","t":"Harsaru","vc":"04116","area":263.8,"lat":28.4269919,"lng":76.9386769},"geometry":{"type":"Polygon","coordinates":[[[76.9387026,28.426638],[76.9386968,28.42688],[76.9386898,28.4271678],[76.9386895,28.4271826],[76.9386891,28.4271987],[76.9386863,28.4273138],[76.9386856,28.4273437],[76.9386512,28.4273483],[76.938652,28.4273141],[76.9386548,28.4272013],[76.9386552,28.4271819],[76.9386555,28.4271704],[76.9386684,28.4266373],[76.9387026,28.426638]]]}},{"type":"Feature","properties":{"v":"Hayatpur","m":"3","k":"17/1","t":"Harsaru","vc":"04116","area":3196.5,"lat":28.4269421,"lng":76.9397681},"geometry":{"type":"Polygon","coordinates":[[[76.9400374,28.4266632],[76.940028,28.4270499],[76.9400242,28.4272078],[76.9395053,28.4272437],[76.9395093,28.4270775],[76.9395122,28.426956],[76.9395196,28.4266534],[76.9400374,28.4266632]]]}},{"type":"Feature","properties":{"v":"Hayatpur","m":"3","k":"16","t":"Harsaru","vc":"04116","area":3917.5,"lat":28.4269328,"lng":76.9403714},"geometry":{"type":"Polygon","coordinates":[[[76.9407087,28.4272207],[76.9405254,28.4271803],[76.9401286,28.4272021],[76.9400242,28.4272078],[76.940028,28.4270499],[76.9400374,28.4266632],[76.9407219,28.4266762],[76.9407134,28.4270263],[76.9407087,28.4272207]]]}},{"type":"Feature","properties":{"v":"Hayatpur","m":"3","k":"12","t":"Harsaru","vc":"04116","area":1679.5,"lat":28.4272904,"lng":76.9382793},"geometry":{"type":"Polygon","coordinates":[[[76.9385332,28.4271796],[76.9386552,28.4271819],[76.9386548,28.4272013],[76.938652,28.4273141],[76.9386512,28.4273483],[76.9384305,28.4273803],[76.9381994,28.427418],[76.93808,28.4274375],[76.9379638,28.4274564],[76.9379671,28.4273203],[76.9379694,28.4272244],[76.9379707,28.427169],[76.9385332,28.4271796]]]}},{"type":"Feature","properties":{"v":"Hayatpur","m":"3","k":"11/1","t":"Harsaru","vc":"04116","area":1997.0,"lat":28.4273384,"lng":76.9376863},"geometry":{"type":"Polygon","coordinates":[[[76.9375258,28.4271606],[76.9379707,28.427169],[76.9379694,28.4272244],[76.9379671,28.4273203],[76.9379638,28.4274564],[76.9376467,28.4275202],[76.9374305,28.4275636],[76.9374362,28.4273252],[76.9374374,28.4272762],[76.9374403,28.427159],[76.9375258,28.4271606]]]}},{"type":"Feature","properties":{"v":"Hayatpur","m":"4","k":"18/2/1","t":"Harsaru","vc":"04116","area":379.0,"lat":28.427159,"lng":76.9422406},"geometry":{"type":"Polygon","coordinates":[[[76.9423344,28.4272514],[76.9421417,28.4272478],[76.9421476,28.4270663],[76.9423388,28.4270699],[76.9423344,28.4272514]]]}},{"type":"Feature","properties":{"v":"Hayatpur","m":"4","k":"22/1","t":"Harsaru","vc":"04116","area":1239.1,"lat":28.426611,"lng":76.9417299},"geometry":{"type":"Polygon","coordinates":[[[76.9414064,28.4266891],[76.9414111,28.4264924],[76.9420942,28.4265659],[76.9420909,28.426702],[76.9414064,28.4266891]]]}},{"type":"Feature","properties":{"v":"Hayatpur","m":"4","k":"21/2","t":"Harsaru","vc":"04116","area":1095.7,"lat":28.4262322,"lng":76.9410089},"geometry":{"type":"Polygon","coordinates":[[[76.9412655,28.4261416],[76.9412604,28.4263549],[76.940731,28.426298],[76.940735,28.4261316],[76.9412655,28.4261416]]]}},{"type":"Feature","properties":{"v":"Hayatpur","m":"4","k":"13/2","t":"Harsaru","vc":"04116","area":3266.2,"lat":28.4275022,"lng":76.9424748},"geometry":{"type":"Polygon","coordinates":[[[76.9423344,28.4272514],[76.9427622,28.4272595],[76.9427521,28.4276787],[76.9427491,28.4278041],[76.9427487,28.4278189],[76.9427472,28.4278797],[76.9426192,28.4278201],[76.9421861,28.4276183],[76.9421306,28.4275925],[76.942136,28.4274265],[76.9421417,28.4272478],[76.9423344,28.4272514]]]}},{"type":"Feature","properties":{"v":"Hayatpur","m":"4","k":"25","t":"Harsaru","vc":"04116","area":4219.7,"lat":28.426498,"lng":76.9438452},"geometry":{"type":"Polygon","coordinates":[[[76.9441443,28.4267408],[76.9441411,28.4268769],[76.9435112,28.4267288],[76.9435243,28.4261842],[76.9441575,28.4261962],[76.9441443,28.4267408]]]}},{"type":"Feature","properties":{"v":"Hayatpur","m":"4","k":"23","t":"Harsaru","vc":"04116","area":2703.8,"lat":28.4263474,"lng":76.9424608},"geometry":{"type":"Polygon","coordinates":[[[76.9427885,28.4261703],[76.9427783,28.4265939],[76.9420967,28.42646],[76.942104,28.4261574],[76.9427885,28.4261703]]]}},{"type":"Feature","properties":{"v":"Hayatpur","m":"4","k":"22/2/1","t":"Harsaru","vc":"04116","area":1217.3,"lat":28.426275,"lng":76.9416462},"geometry":{"type":"Polygon","coordinates":[[[76.9418645,28.4261529],[76.9418578,28.426429],[76.9414141,28.4263714],[76.9414195,28.4261445],[76.9418645,28.4261529]]]}},{"type":"Feature","properties":{"v":"Hayatpur","m":"4","k":"21/1/1","t":"Harsaru","vc":"04116","area":1115.2,"lat":28.4265548,"lng":76.9409241},"geometry":{"type":"Polygon","coordinates":[[[76.9411326,28.4266839],[76.9407219,28.4266762],[76.9407285,28.4264039],[76.9411381,28.426457],[76.9411326,28.4266839]]]}},{"type":"Feature","properties":{"v":"Hayatpur","m":"4","k":"20/2","t":"Harsaru","vc":"04116","area":2534.4,"lat":28.4269639,"lng":76.9409231},"geometry":{"type":"Polygon","coordinates":[[[76.9411326,28.4266839],[76.9411231,28.4270746],[76.9411183,28.4272739],[76.940813,28.4272343],[76.9407087,28.4272207],[76.9407134,28.4270263],[76.9407219,28.4266762],[76.9411326,28.4266839]]]}},{"type":"Feature","properties":{"v":"Hayatpur","m":"4","k":"19","t":"Harsaru","vc":"04116","area":4055.1,"lat":28.4269678,"lng":76.9417421},"geometry":{"type":"Polygon","coordinates":[[[76.9420909,28.426702],[76.9420821,28.4270651],[76.9420777,28.4272466],[76.9417108,28.4272397],[76.9414971,28.4272356],[76.9413932,28.4272337],[76.941396,28.4271194],[76.9414064,28.4266891],[76.9420909,28.426702]]]}},{"type":"Feature","properties":{"v":"Hayatpur","m":"4","k":"18/1/1","t":"Harsaru","vc":"04116","area":3283.8,"lat":28.4269612,"lng":76.9424849},"geometry":{"type":"Polygon","coordinates":[[[76.9427622,28.4272595],[76.9423344,28.4272514],[76.9423388,28.4270699],[76.9421476,28.4270663],[76.9421593,28.4267033],[76.9427754,28.4267149],[76.9427622,28.4272595]]]}},{"type":"Feature","properties":{"v":"Hayatpur","m":"4","k":"17/2/2","t":"Harsaru","vc":"04116","area":2312.5,"lat":28.4269943,"lng":76.9429624},"geometry":{"type":"Polygon","coordinates":[[[76.9427754,28.4267149],[76.9427761,28.4266847],[76.9431748,28.4267719],[76.9431558,28.4272669],[76.9429847,28.4272637],[76.9427622,28.4272595],[76.9427754,28.4267149]]]}},{"type":"Feature","properties":{"v":"Hayatpur","m":"4","k":"16/1","t":"Harsaru","vc":"04116","area":2027.4,"lat":28.42714,"lng":76.9437669},"geometry":{"type":"Polygon","coordinates":[[[76.9441363,28.4270736],[76.9441349,28.4271304],[76.9441312,28.4272853],[76.9439479,28.4272819],[76.9434467,28.4272724],[76.9434547,28.4269396],[76.9441363,28.4270736]]]}},{"type":"Feature","properties":{"v":"Hayatpur","m":"4","k":"15","t":"Harsaru","vc":"04116","area":1988.3,"lat":28.4274547,"lng":76.9436738},"geometry":{"type":"Polygon","coordinates":[[[76.9439479,28.4272819],[76.9441312,28.4272853],[76.9441297,28.4273459],[76.9437277,28.4275231],[76.9435561,28.4277374],[76.9434914,28.4278181],[76.9434336,28.427817],[76.9434363,28.427702],[76.9434467,28.4272724],[76.9439479,28.4272819]]]}},{"type":"Feature","properties":{"v":"Hayatpur","m":"4","k":"14/1/2","t":"Harsaru","vc":"04116","area":1520.9,"lat":28.4275143,"lng":76.9431101},"geometry":{"type":"Polygon","coordinates":[[[76.9431558,28.4272669],[76.9432756,28.4272692],[76.9433098,28.4272698],[76.9431598,28.4278119],[76.9430284,28.4278094],[76.9429715,28.4278083],[76.9429722,28.42778],[76.9429847,28.4272637],[76.9431558,28.4272669]]]}},{"type":"Feature","properties":{"v":"Hayatpur","m":"4","k":"12","t":"Harsaru","vc":"04116","area":1396.6,"lat":28.4273496,"lng":76.9418097},"geometry":{"type":"Polygon","coordinates":[[[76.9414971,28.4272356],[76.9417108,28.4272397],[76.9420777,28.4272466],[76.942074,28.4273992],[76.94207,28.4275643],[76.9415334,28.4273443],[76.9414983,28.4273357],[76.9413914,28.4273093],[76.9413919,28.4272891],[76.9413932,28.4272337],[76.9414971,28.4272356]]]}},{"type":"Feature","properties":{"v":"Hayatpur","m":"4","k":"7/1","t":"Harsaru","vc":"04116","area":840.4,"lat":28.4279442,"lng":76.9432529},"geometry":{"type":"Polygon","coordinates":[[[76.9433052,28.4278146],[76.9434336,28.427817],[76.9434914,28.4278181],[76.9434317,28.4278927],[76.9432439,28.4281315],[76.9430657,28.4280412],[76.9431374,28.4278664],[76.9431598,28.4278119],[76.9433052,28.4278146]]]}},{"type":"Feature","properties":{"v":"Hayatpur","m":"5","k":"20/1/1","t":"Harsaru","vc":"04116","area":554.8,"lat":28.4271965,"lng":76.9442582},"geometry":{"type":"Polygon","coordinates":[[[76.9441885,28.4270871],[76.9442321,28.4270984],[76.9445087,28.4271702],[76.9443268,28.4272545],[76.9443098,28.4272624],[76.9442347,28.4272972],[76.9441297,28.4273459],[76.9441312,28.4272853],[76.9441349,28.4271304],[76.9441363,28.4270736],[76.9441885,28.4270871]]]}},{"type":"Feature","properties":{"v":"Hayatpur","m":"5","k":"23","t":"Harsaru","vc":"04116","area":2050.0,"lat":28.4263591,"lng":76.9458428},"geometry":{"type":"Polygon","coordinates":[[[76.946023,28.4262313],[76.946211,28.4262349],[76.9462741,28.4262361],[76.9464848,28.42624],[76.9464377,28.4262583],[76.9462752,28.4263213],[76.945611,28.4265788],[76.9455942,28.4265854],[76.945517,28.4266153],[76.9455213,28.4264374],[76.9455265,28.426222],[76.946023,28.4262313]]]}},{"type":"Feature","properties":{"v":"Hayatpur","m":"5","k":"22","t":"Harsaru","vc":"04116","area":4393.1,"lat":28.4265207,"lng":76.9451388},"geometry":{"type":"Polygon","coordinates":[[[76.9455265,28.426222],[76.9455213,28.4264374],[76.945517,28.4266153],[76.9453432,28.4267106],[76.9449145,28.4269455],[76.9448661,28.4269721],[76.944823,28.4269957],[76.9448239,28.4269603],[76.9448288,28.4267537],[76.9448291,28.4267412],[76.944842,28.4262091],[76.9455265,28.426222]]]}},{"type":"Feature","properties":{"v":"Hayatpur","m":"5","k":"21/2","t":"Harsaru","vc":"04116","area":3649.1,"lat":28.4264781,"lng":76.9445273},"geometry":{"type":"Polygon","coordinates":[[[76.944842,28.4262091],[76.9448291,28.4267412],[76.9448288,28.4267537],[76.9448053,28.4267532],[76.9441957,28.4267417],[76.9442431,28.4261978],[76.944842,28.4262091]]]}},{"type":"Feature","properties":{"v":"Hayatpur","m":"5","k":"20/2/1","t":"Harsaru","vc":"04116","area":1679.3,"lat":28.4268746,"lng":76.9445397},"geometry":{"type":"Polygon","coordinates":[[[76.9448053,28.4267532],[76.9448288,28.4267537],[76.9448239,28.4269603],[76.944823,28.4269957],[76.9447312,28.4270416],[76.9447306,28.4270419],[76.9446822,28.4270661],[76.9443788,28.42696],[76.944192,28.4268947],[76.9441957,28.4267417],[76.9448053,28.4267532]]]}},{"type":"Feature","properties":{"v":"Hayatpur","m":"19","k":"13/1/1","t":"Harsaru","vc":"04116","area":2964.6,"lat":28.4249949,"lng":76.9492187},"geometry":{"type":"Polygon","coordinates":[[[76.9495351,28.4246933],[76.9493859,28.4251179],[76.9493153,28.4253186],[76.9490044,28.4254029],[76.949009,28.4252129],[76.9490094,28.4251979],[76.9490218,28.4246836],[76.9495351,28.4246933]]]}},{"type":"Feature","properties":{"v":"Hayatpur","m":"19","k":"25","t":"Harsaru","vc":"04116","area":4054.9,"lat":28.4238681,"lng":76.9507191},"geometry":{"type":"Polygon","coordinates":[[[76.950473,28.4241358],[76.9504388,28.4241352],[76.9503703,28.4241339],[76.9503835,28.4235893],[76.9507599,28.4235964],[76.9508968,28.423599],[76.9510679,28.4236022],[76.9510548,28.4241468],[76.950473,28.4241358]]]}},{"type":"Feature","properties":{"v":"Hayatpur","m":"19","k":"24","t":"Harsaru","vc":"04116","area":4054.9,"lat":28.4238552,"lng":76.9500347},"geometry":{"type":"Polygon","coordinates":[[[76.9496859,28.424121],[76.949699,28.4235764],[76.9498872,28.42358],[76.9502979,28.4235877],[76.9503835,28.4235893],[76.9503703,28.4241339],[76.9496859,28.424121]]]}},{"type":"Feature","properties":{"v":"Hayatpur","m":"19","k":"23","t":"Harsaru","vc":"04116","area":3852.7,"lat":28.4238426,"lng":76.9493673},"geometry":{"type":"Polygon","coordinates":[[[76.9496859,28.424121],[76.9490356,28.4241088],[76.9490487,28.4235642],[76.949699,28.4235764],[76.9496859,28.424121]]]}},{"type":"Feature","properties":{"v":"Hayatpur","m":"19","k":"22","t":"Harsaru","vc":"04116","area":4055.4,"lat":28.4238293,"lng":76.9486657},"geometry":{"type":"Polygon","coordinates":[[[76.9490014,28.4241081],[76.9483169,28.4240952],[76.94833,28.4235506],[76.9490145,28.4235635],[76.9490014,28.4241081]]]}},{"type":"Feature","properties":{"v":"Hayatpur","m":"19","k":"21","t":"Harsaru","vc":"04116","area":4055.1,"lat":28.4238165,"lng":76.9479812},"geometry":{"type":"Polygon","coordinates":[[[76.9483169,28.4240952],[76.9476324,28.4240823],[76.947639,28.42381],[76.9476456,28.4235377],[76.94833,28.4235506],[76.9483169,28.4240952]]]}},{"type":"Feature","properties":{"v":"Hayatpur","m":"19","k":"20","t":"Harsaru","vc":"04116","area":4055.4,"lat":28.4243611,"lng":76.9479681},"geometry":{"type":"Polygon","coordinates":[[[76.9483169,28.4240952],[76.9483038,28.4246398],[76.9476193,28.4246269],[76.9476324,28.4240823],[76.9483169,28.4240952]]]}},{"type":"Feature","properties":{"v":"Hayatpur","m":"19","k":"19","t":"Harsaru","vc":"04116","area":4055.4,"lat":28.424374,"lng":76.9486526},"geometry":{"type":"Polygon","coordinates":[[[76.9490014,28.4241081],[76.9489883,28.4246527],[76.9485263,28.424644],[76.9483038,28.4246398],[76.9483169,28.4240952],[76.9490014,28.4241081]]]}},{"type":"Feature","properties":{"v":"Hayatpur","m":"19","k":"18/2","t":"Harsaru","vc":"04116","area":3590.3,"lat":28.4243783,"lng":76.9493332},"geometry":{"type":"Polygon","coordinates":[[[76.9496859,28.424121],[76.949684,28.4241966],[76.9495701,28.4246637],[76.9490225,28.4246533],[76.9490356,28.4241088],[76.9496859,28.424121]]]}},{"type":"Feature","properties":{"v":"Hayatpur","m":"19","k":"17","t":"Harsaru","vc":"04116","area":4055.0,"lat":28.4243997,"lng":76.9500215},"geometry":{"type":"Polygon","coordinates":[[[76.9503572,28.4246785],[76.9496728,28.4246656],[76.949684,28.4241966],[76.9496859,28.424121],[76.9503703,28.4241339],[76.9503572,28.4246785]]]}},{"type":"Feature","properties":{"v":"Hayatpur","m":"19","k":"16/2/1/1","t":"Harsaru","vc":"04116","area":1757.1,"lat":28.4243312,"lng":76.9507156},"geometry":{"type":"Polygon","coordinates":[[[76.9505626,28.4246823],[76.9504599,28.4246804],[76.9504723,28.4241661],[76.9510541,28.424177],[76.9510486,28.4244039],[76.9508775,28.4244007],[76.9505695,28.4243949],[76.9505626,28.4246823]]]}},{"type":"Feature","properties":{"v":"Hayatpur","m":"19","k":"15/2/1","t":"Harsaru","vc":"04116","area":2585.2,"lat":28.4248735,"lng":76.9506889},"geometry":{"type":"Polygon","coordinates":[[[76.9505626,28.4246823],[76.9510417,28.4246913],[76.9510415,28.4247004],[76.9510344,28.4249939],[76.950785,28.4250331],[76.9503666,28.425099],[76.950347,28.425102],[76.9503486,28.4250372],[76.9503525,28.4248742],[76.9503529,28.42486],[76.9504592,28.4247107],[76.9504599,28.4246804],[76.9505626,28.4246823]]]}},{"type":"Feature","properties":{"v":"Hayatpur","m":"19","k":"14/1/1","t":"Harsaru","vc":"04116","area":3348.3,"lat":28.4249319,"lng":76.949983},"geometry":{"type":"Polygon","coordinates":[[[76.9503565,28.4247087],[76.9503529,28.42486],[76.9503485,28.4248752],[76.9503019,28.4250377],[76.9502799,28.4251141],[76.9500723,28.4251513],[76.9496835,28.425221],[76.9496593,28.4252253],[76.9496596,28.4252102],[76.9496636,28.4250461],[76.949672,28.4246958],[76.9503565,28.4247087]]]}},{"type":"Feature","properties":{"v":"Hayatpur","m":"19","k":"12/2","t":"Harsaru","vc":"04116","area":2737.4,"lat":28.4249207,"lng":76.9487507},"geometry":{"type":"Polygon","coordinates":[[[76.9485263,28.424644],[76.9489883,28.4246527],[76.9489752,28.4251973],[76.9485131,28.4251886],[76.9485263,28.424644]]]}},{"type":"Feature","properties":{"v":"Hayatpur","m":"19","k":"11","t":"Harsaru","vc":"04116","area":4055.3,"lat":28.4249056,"lng":76.947955},"geometry":{"type":"Polygon","coordinates":[[[76.9482907,28.4251844],[76.9476062,28.4251715],[76.9476193,28.4246269],[76.9483038,28.4246398],[76.9482907,28.4251844]]]}},{"type":"Feature","properties":{"v":"Hayatpur","m":"19","k":"10","t":"Harsaru","vc":"04116","area":3773.2,"lat":28.4254341,"lng":76.9479201},"geometry":{"type":"Polygon","coordinates":[[[76.9482907,28.4251844],[76.9482848,28.4254265],[76.9482808,28.4255928],[76.9482576,28.425599],[76.9476368,28.4257645],[76.9475916,28.4257766],[76.9475931,28.4257161],[76.9475954,28.4256191],[76.9476025,28.4253228],[76.9476062,28.4251715],[76.9482907,28.4251844]]]}},{"type":"Feature","properties":{"v":"Hayatpur","m":"19","k":"9","t":"Harsaru","vc":"04116","area":2309.3,"lat":28.4253504,"lng":76.9485929},"geometry":{"type":"Polygon","coordinates":[[[76.9485131,28.4251886],[76.9489752,28.4251973],[76.9489745,28.4252227],[76.9489701,28.4254091],[76.9485604,28.4255183],[76.948319,28.4255827],[76.9482808,28.4255928],[76.9482848,28.4254265],[76.9482907,28.4251844],[76.9485131,28.4251886]]]}},{"type":"Feature","properties":{"v":"Hayatpur","m":"6","k":"6/2","t":"Harsaru","vc":"04116","area":1126.6,"lat":28.4252407,"lng":76.9472621},"geometry":{"type":"Polygon","coordinates":[[[76.9469217,28.4251586],[76.9476062,28.4251715],[76.9476025,28.4253228],[76.9469181,28.4253099],[76.9469217,28.4251586]]]}},{"type":"Feature","properties":{"v":"Hayatpur","m":"6","k":"25/1","t":"Harsaru","vc":"04116","area":2027.5,"lat":28.4239397,"lng":76.9472935},"geometry":{"type":"Polygon","coordinates":[[[76.9469545,28.4237971],[76.947639,28.42381],[76.9476324,28.4240823],[76.946948,28.4240694],[76.9469545,28.4237971]]]}},{"type":"Feature","properties":{"v":"Hayatpur","m":"6","k":"13","t":"Harsaru","vc":"04116","area":4055.3,"lat":28.424867,"lng":76.9459016},"geometry":{"type":"Polygon","coordinates":[[[76.9455527,28.4251328],[76.9455659,28.4245882],[76.9462504,28.4246011],[76.9462372,28.4251457],[76.9455527,28.4251328]]]}},{"type":"Feature","properties":{"v":"Hayatpur","m":"6","k":"25/2","t":"Harsaru","vc":"04116","area":2027.7,"lat":28.4236674,"lng":76.9473001},"geometry":{"type":"Polygon","coordinates":[[[76.9469545,28.4237971],[76.9469611,28.4235248],[76.9471836,28.423529],[76.9476456,28.4235377],[76.947639,28.42381],[76.9469545,28.4237971]]]}},{"type":"Feature","properties":{"v":"Hayatpur","m":"6","k":"24","t":"Harsaru","vc":"04116","area":4055.2,"lat":28.4237907,"lng":76.9466123},"geometry":{"type":"Polygon","coordinates":[[[76.9462635,28.4240565],[76.9462766,28.4235119],[76.9468071,28.4235219],[76.9468755,28.4235232],[76.9469611,28.4235248],[76.9469545,28.4237971],[76.946948,28.4240694],[76.9462635,28.4240565]]]}},{"type":"Feature","properties":{"v":"Hayatpur","m":"6","k":"23","t":"Harsaru","vc":"04116","area":4055.2,"lat":28.4237778,"lng":76.9459278},"geometry":{"type":"Polygon","coordinates":[[[76.945579,28.4240436],[76.9455852,28.4237865],[76.9455922,28.423499],[76.9462766,28.4235119],[76.9462635,28.4240565],[76.945579,28.4240436]]]}},{"type":"Feature","properties":{"v":"Hayatpur","m":"6","k":"22/2/1","t":"Harsaru","vc":"04116","area":1914.4,"lat":28.4239086,"lng":76.9452399},"geometry":{"type":"Polygon","coordinates":[[[76.945579,28.4240436],[76.9448945,28.4240307],[76.9449004,28.4237887],[76.9449008,28.4237736],[76.9455852,28.4237865],[76.945579,28.4240436]]]}},{"type":"Feature","properties":{"v":"Hayatpur","m":"6","k":"21/1","t":"Harsaru","vc":"04116","area":2309.6,"lat":28.4236347,"lng":76.9445589},"geometry":{"type":"Polygon","coordinates":[[[76.9442221,28.4235186],[76.9442232,28.4234732],[76.9449077,28.4234861],[76.9449008,28.4237736],[76.9449004,28.4237887],[76.9442156,28.4237909],[76.9442188,28.4236548],[76.9442221,28.4235186]]]}},{"type":"Feature","properties":{"v":"Hayatpur","m":"6","k":"20","t":"Harsaru","vc":"04116","area":4055.1,"lat":28.4242966,"lng":76.9445457},"geometry":{"type":"Polygon","coordinates":[[[76.9448945,28.4240307],[76.9448814,28.4245753],[76.9444194,28.4245666],[76.9441969,28.4245624],[76.9442101,28.4240178],[76.9448945,28.4240307]]]}},{"type":"Feature","properties":{"v":"Hayatpur","m":"6","k":"19","t":"Harsaru","vc":"04116","area":4055.4,"lat":28.4243095,"lng":76.9452302},"geometry":{"type":"Polygon","coordinates":[[[76.945579,28.4240436],[76.9455659,28.4245882],[76.9448814,28.4245753],[76.9448945,28.4240307],[76.945579,28.4240436]]]}},{"type":"Feature","properties":{"v":"Hayatpur","m":"6","k":"18","t":"Harsaru","vc":"04116","area":4055.4,"lat":28.4243223,"lng":76.9459147},"geometry":{"type":"Polygon","coordinates":[[[76.9462635,28.4240565],[76.9462504,28.4246011],[76.9455659,28.4245882],[76.945579,28.4240436],[76.9462635,28.4240565]]]}},{"type":"Feature","properties":{"v":"Hayatpur","m":"6","k":"17","t":"Harsaru","vc":"04116","area":4055.1,"lat":28.4243352,"lng":76.9465992},"geometry":{"type":"Polygon","coordinates":[[[76.946948,28.4240694],[76.9469348,28.424614],[76.9462504,28.4246011],[76.9462635,28.4240565],[76.946948,28.4240694]]]}},{"type":"Feature","properties":{"v":"Hayatpur","m":"6","k":"16","t":"Harsaru","vc":"04116","area":4055.1,"lat":28.4243482,"lng":76.9472836},"geometry":{"type":"Polygon","coordinates":[[[76.9469348,28.424614],[76.946948,28.4240694],[76.9476324,28.4240823],[76.9476193,28.4246269],[76.9469348,28.424614]]]}},{"type":"Feature","properties":{"v":"Hayatpur","m":"6","k":"15","t":"Harsaru","vc":"04116","area":4055.3,"lat":28.4248927,"lng":76.9472705},"geometry":{"type":"Polygon","coordinates":[[[76.9469217,28.4251586],[76.9469348,28.424614],[76.9476193,28.4246269],[76.9476062,28.4251715],[76.9469217,28.4251586]]]}},{"type":"Feature","properties":{"v":"Hayatpur","m":"6","k":"14","t":"Harsaru","vc":"04116","area":4055.0,"lat":28.4248799,"lng":76.946586},"geometry":{"type":"Polygon","coordinates":[[[76.9462372,28.4251457],[76.9462504,28.4246011],[76.9469348,28.424614],[76.9469217,28.4251586],[76.9462372,28.4251457]]]}},{"type":"Feature","properties":{"v":"Hayatpur","m":"6","k":"12","t":"Harsaru","vc":"04116","area":4055.0,"lat":28.424854,"lng":76.9452171},"geometry":{"type":"Polygon","coordinates":[[[76.9448683,28.4251199],[76.9448814,28.4245753],[76.9455659,28.4245882],[76.9455527,28.4251328],[76.9448683,28.4251199]]]}},{"type":"Feature","properties":{"v":"Hayatpur","m":"6","k":"11/2","t":"Harsaru","vc":"04116","area":2737.4,"lat":28.4248433,"lng":76.9446438},"geometry":{"type":"Polygon","coordinates":[[[76.9448683,28.4251199],[76.9444062,28.4251112],[76.9444194,28.4245666],[76.9448814,28.4245753],[76.9448683,28.4251199]]]}},{"type":"Feature","properties":{"v":"Hayatpur","m":"6","k":"10/1","t":"Harsaru","vc":"04116","area":2737.4,"lat":28.4253878,"lng":76.9446307},"geometry":{"type":"Polygon","coordinates":[[[76.9448683,28.4251199],[76.9448551,28.4256645],[76.9443931,28.4256558],[76.9444062,28.4251112],[76.9448683,28.4251199]]]}},{"type":"Feature","properties":{"v":"Hayatpur","m":"6","k":"9","t":"Harsaru","vc":"04116","area":4055.0,"lat":28.4253987,"lng":76.9452039},"geometry":{"type":"Polygon","coordinates":[[[76.9455396,28.4256774],[76.9448551,28.4256645],[76.9448683,28.4251199],[76.9455527,28.4251328],[76.9455396,28.4256774]]]}},{"type":"Feature","properties":{"v":"Hayatpur","m":"6","k":"8","t":"Harsaru","vc":"04116","area":4055.3,"lat":28.4254115,"lng":76.9458884},"geometry":{"type":"Polygon","coordinates":[[[76.9462241,28.4256903],[76.9455396,28.4256774],[76.9455527,28.4251328],[76.9462372,28.4251457],[76.9462241,28.4256903]]]}},{"type":"Feature","properties":{"v":"Hayatpur","m":"6","k":"7","t":"Harsaru","vc":"04116","area":4055.4,"lat":28.4254244,"lng":76.9465729},"geometry":{"type":"Polygon","coordinates":[[[76.9469181,28.4253099],[76.9469086,28.4257032],[76.9462241,28.4256903],[76.9462372,28.4251457],[76.9469217,28.4251586],[76.9469181,28.4253099]]]}},{"type":"Feature","properties":{"v":"Hayatpur","m":"6","k":"6/1","t":"Harsaru","vc":"04116","area":2928.6,"lat":28.425513,"lng":76.9472556},"geometry":{"type":"Polygon","coordinates":[[[76.9476025,28.4253228],[76.9475954,28.4256191],[76.9475931,28.4257161],[76.9473413,28.4257114],[76.9469086,28.4257032],[76.9469181,28.4253099],[76.9476025,28.4253228]]]}},{"type":"Feature","properties":{"v":"Hayatpur","m":"6","k":"5","t":"Harsaru","vc":"04116","area":1689.6,"lat":28.4258419,"lng":76.9471639},"geometry":{"type":"Polygon","coordinates":[[[76.9473413,28.4257114],[76.9475931,28.4257161],[76.9475916,28.4257766],[76.9475552,28.4257934],[76.9469564,28.4260701],[76.9468991,28.4260965],[76.9469045,28.4258721],[76.9469086,28.4257032],[76.9473413,28.4257114]]]}},{"type":"Feature","properties":{"v":"Hayatpur","m":"6","k":"4","t":"Harsaru","vc":"04116","area":3717.1,"lat":28.4259485,"lng":76.9465416},"geometry":{"type":"Polygon","coordinates":[[[76.9469086,28.4257032],[76.9469045,28.4258721],[76.9468991,28.4260965],[76.9467288,28.4261555],[76.9464848,28.42624],[76.9462741,28.4262361],[76.946211,28.4262349],[76.9462129,28.4261539],[76.9462241,28.4256903],[76.9469086,28.4257032]]]}},{"type":"Feature","properties":{"v":"Hayatpur","m":"6","k":"3","t":"Harsaru","vc":"04116","area":4054.9,"lat":28.4259561,"lng":76.9458753},"geometry":{"type":"Polygon","coordinates":[[[76.9462241,28.4256903],[76.9462129,28.4261539],[76.946211,28.4262349],[76.946023,28.4262313],[76.9455265,28.426222],[76.9455396,28.4256774],[76.9462241,28.4256903]]]}},{"type":"Feature","properties":{"v":"Hayatpur","m":"6","k":"2","t":"Harsaru","vc":"04116","area":4055.3,"lat":28.4259432,"lng":76.9451908},"geometry":{"type":"Polygon","coordinates":[[[76.9455396,28.4256774],[76.9455265,28.426222],[76.944842,28.4262091],[76.9448551,28.4256645],[76.9455396,28.4256774]]]}},{"type":"Feature","properties":{"v":"Hayatpur","m":"6","k":"1/2","t":"Harsaru","vc":"04116","area":3396.1,"lat":28.4259355,"lng":76.9445616},"geometry":{"type":"Polygon","coordinates":[[[76.9448551,28.4256645],[76.944842,28.4262091],[76.9442431,28.4261978],[76.9443075,28.4256542],[76.9443931,28.4256558],[76.9448551,28.4256645]]]}},{"type":"Feature","properties":{"v":"Hayatpur","m":"7","k":"8/2/3","t":"Harsaru","vc":"04116","area":315.4,"lat":28.4252359,"lng":76.9421948},"geometry":{"type":"Polygon","coordinates":[[[76.9422658,28.4251313],[76.9422607,28.4253431],[76.9421238,28.4253405],[76.9421289,28.4251287],[76.9422658,28.4251313]]]}},{"type":"Feature","properties":{"v":"Hayatpur","m":"7","k":"19/1","t":"Harsaru","vc":"04116","area":2027.6,"lat":28.424381,"lng":76.9418045},"geometry":{"type":"Polygon","coordinates":[[[76.9421501,28.4242514],[76.9421435,28.4245236],[76.9421178,28.4245232],[76.941459,28.4245107],[76.9414656,28.4242384],[76.9421501,28.4242514]]]}},{"type":"Feature","properties":{"v":"Hayatpur","m":"7","k":"21/1","t":"Harsaru","vc":"04116","area":1126.2,"lat":28.423884,"lng":76.9411317},"geometry":{"type":"Polygon","coordinates":[[[76.9414722,28.4239661],[76.9407877,28.4239532],[76.9407914,28.4238019],[76.9414758,28.4238149],[76.9414722,28.4239661]]]}},{"type":"Feature","properties":{"v":"Hayatpur","m":"7","k":"13/2","t":"Harsaru","vc":"04116","area":2929.1,"lat":28.4247268,"lng":76.942481},"geometry":{"type":"Polygon","coordinates":[[[76.9421435,28.4245236],[76.942828,28.4245366],[76.9428185,28.4249299],[76.942134,28.424917],[76.9421435,28.4245236]]]}},{"type":"Feature","properties":{"v":"Hayatpur","m":"7","k":"25/1","t":"Harsaru","vc":"04116","area":2500.8,"lat":28.4238303,"lng":76.9438979},"geometry":{"type":"Polygon","coordinates":[[[76.9435769,28.4240059],[76.9435857,28.4236428],[76.9442188,28.4236548],[76.9442156,28.4237909],[76.9442101,28.4240178],[76.9435769,28.4240059]]]}},{"type":"Feature","properties":{"v":"Hayatpur","m":"7","k":"24/1","t":"Harsaru","vc":"04116","area":4004.3,"lat":28.4237249,"lng":76.9431857},"geometry":{"type":"Polygon","coordinates":[[[76.9428543,28.4234474],[76.9435387,28.4234603],[76.9435085,28.4240046],[76.9431149,28.4239971],[76.9428411,28.423992],[76.9428543,28.4234474]]]}},{"type":"Feature","properties":{"v":"Hayatpur","m":"7","k":"23","t":"Harsaru","vc":"04116","area":4055.2,"lat":28.4237132,"lng":76.9425055},"geometry":{"type":"Polygon","coordinates":[[[76.9428411,28.423992],[76.9422593,28.423981],[76.9421566,28.4239791],[76.9421698,28.4234345],[76.9428543,28.4234474],[76.9428411,28.423992]]]}},{"type":"Feature","properties":{"v":"Hayatpur","m":"7","k":"22","t":"Harsaru","vc":"04116","area":4055.2,"lat":28.4237003,"lng":76.941821},"geometry":{"type":"Polygon","coordinates":[[[76.9414758,28.4238149],[76.9414853,28.4234215],[76.9421698,28.4234345],[76.9421566,28.4239791],[76.9414722,28.4239661],[76.9414758,28.4238149]]]}},{"type":"Feature","properties":{"v":"Hayatpur","m":"7","k":"21/2","t":"Harsaru","vc":"04116","area":2928.7,"lat":28.4236117,"lng":76.9411384},"geometry":{"type":"Polygon","coordinates":[[[76.9414758,28.4238149],[76.9407914,28.4238019],[76.9408009,28.4234086],[76.9414853,28.4234215],[76.9414758,28.4238149]]]}},{"type":"Feature","properties":{"v":"Hayatpur","m":"7","k":"20","t":"Harsaru","vc":"04116","area":4055.4,"lat":28.4242319,"lng":76.9411233},"geometry":{"type":"Polygon","coordinates":[[[76.9414656,28.4242384],[76.941459,28.4245107],[76.9407745,28.4244978],[76.9407877,28.4239532],[76.9414722,28.4239661],[76.9414656,28.4242384]]]}},{"type":"Feature","properties":{"v":"Hayatpur","m":"7","k":"19/2","t":"Harsaru","vc":"04116","area":2027.5,"lat":28.4241088,"lng":76.9418111},"geometry":{"type":"Polygon","coordinates":[[[76.9421566,28.4239791],[76.9421501,28.4242514],[76.9414656,28.4242384],[76.9414722,28.4239661],[76.9421566,28.4239791]]]}},{"type":"Feature","properties":{"v":"Hayatpur","m":"7","k":"18/1","t":"Harsaru","vc":"04116","area":3750.9,"lat":28.4242693,"lng":76.9425156},"geometry":{"type":"Polygon","coordinates":[[[76.9428411,28.423992],[76.942828,28.4245366],[76.9421435,28.4245236],[76.9421501,28.4242514],[76.9422527,28.4242533],[76.9422593,28.423981],[76.9428411,28.423992]]]}},{"type":"Feature","properties":{"v":"Hayatpur","m":"7","k":"17/2/1","t":"Harsaru","vc":"04116","area":2230.2,"lat":28.4242688,"lng":76.9432968},"geometry":{"type":"Polygon","coordinates":[[[76.9431149,28.4239971],[76.9435085,28.4240046],[76.9434611,28.4245485],[76.9431018,28.4245417],[76.9431149,28.4239971]]]}},{"type":"Feature","properties":{"v":"Hayatpur","m":"7","k":"16","t":"Harsaru","vc":"04116","area":3751.1,"lat":28.4242841,"lng":76.9438869},"geometry":{"type":"Polygon","coordinates":[[[76.9435638,28.4245505],[76.9435769,28.4240059],[76.9442101,28.4240178],[76.9441969,28.4245624],[76.9435638,28.4245505]]]}},{"type":"Feature","properties":{"v":"Hayatpur","m":"7","k":"15","t":"Harsaru","vc":"04116","area":3750.8,"lat":28.4248287,"lng":76.9438738},"geometry":{"type":"Polygon","coordinates":[[[76.9435638,28.4245505],[76.9441969,28.4245624],[76.9441838,28.425107],[76.9435506,28.425095],[76.9435638,28.4245505]]]}},{"type":"Feature","properties":{"v":"Hayatpur","m":"7","k":"14/1","t":"Harsaru","vc":"04116","area":3649.7,"lat":28.4248122,"lng":76.9431296},"geometry":{"type":"Polygon","coordinates":[[[76.942828,28.4245366],[76.9431018,28.4245417],[76.9434611,28.4245485],[76.9434137,28.4250925],[76.9428148,28.4250812],[76.9428185,28.4249299],[76.942828,28.4245366]]]}},{"type":"Feature","properties":{"v":"Hayatpur","m":"7","k":"12/1","t":"Harsaru","vc":"04116","area":3903.2,"lat":28.4247892,"lng":76.9417818},"geometry":{"type":"Polygon","coordinates":[[[76.9421178,28.4245232],[76.9421047,28.4250678],[76.9417539,28.4250611],[76.9416255,28.4250587],[76.9414459,28.4250553],[76.9414491,28.4249192],[76.941459,28.4245107],[76.9421178,28.4245232]]]}},{"type":"Feature","properties":{"v":"Hayatpur","m":"7","k":"11/1","t":"Harsaru","vc":"04116","area":3827.0,"lat":28.4247641,"lng":76.9410947},"geometry":{"type":"Polygon","coordinates":[[[76.9414491,28.4249192],[76.9412951,28.4249163],[76.9412918,28.4250524],[76.9407614,28.4250424],[76.9407745,28.4244978],[76.941459,28.4245107],[76.9414491,28.4249192]]]}},{"type":"Feature","properties":{"v":"Hayatpur","m":"7","k":"10/2","t":"Harsaru","vc":"04116","area":3142.7,"lat":28.4253197,"lng":76.94102},"geometry":{"type":"Polygon","coordinates":[[[76.9412918,28.4250524],[76.9412787,28.425597],[76.9407482,28.425587],[76.9407614,28.4250424],[76.9412918,28.4250524]]]}},{"type":"Feature","properties":{"v":"Hayatpur","m":"7","k":"9/1","t":"Harsaru","vc":"04116","area":1081.4,"lat":28.4254879,"lng":76.9419147},"geometry":{"type":"Polygon","coordinates":[[[76.9417123,28.425363],[76.942123,28.4253708],[76.9421172,28.4256128],[76.9418776,28.4256083],[76.9417065,28.4256051],[76.9417123,28.425363]]]}},{"type":"Feature","properties":{"v":"Hayatpur","m":"7","k":"8/1/1","t":"Harsaru","vc":"04116","area":11.3,"lat":28.4256103,"lng":76.9427849},"geometry":{"type":"Polygon","coordinates":[[[76.9428017,28.4256257],[76.9427674,28.4256251],[76.9427682,28.4255948],[76.9428024,28.4255955],[76.9428017,28.4256257]]]}},{"type":"Feature","properties":{"v":"Hayatpur","m":"7","k":"7/1","t":"Harsaru","vc":"04116","area":507.2,"lat":28.4253656,"lng":76.9434499},"geometry":{"type":"Polygon","coordinates":[[[76.9434862,28.4256387],[76.9434006,28.425637],[76.9434013,28.4256068],[76.9434137,28.4250925],[76.9434993,28.4250941],[76.9434862,28.4256387]]]}},{"type":"Feature","properties":{"v":"Hayatpur","m":"7","k":"6","t":"Harsaru","vc":"04116","area":3751.1,"lat":28.4253733,"lng":76.9438606},"geometry":{"type":"Polygon","coordinates":[[[76.9435375,28.4256396],[76.9435506,28.425095],[76.9441838,28.425107],[76.9441706,28.4256516],[76.9435375,28.4256396]]]}},{"type":"Feature","properties":{"v":"Hayatpur","m":"7","k":"5","t":"Harsaru","vc":"04116","area":3751.1,"lat":28.4259179,"lng":76.9438475},"geometry":{"type":"Polygon","coordinates":[[[76.9435375,28.4256396],[76.9441706,28.4256516],[76.9441575,28.4261962],[76.9435243,28.4261842],[76.9435375,28.4256396]]]}},{"type":"Feature","properties":{"v":"Hayatpur","m":"7","k":"4/1","t":"Harsaru","vc":"04116","area":3548.4,"lat":28.4259037,"lng":76.9430946},"geometry":{"type":"Polygon","coordinates":[[[76.9431094,28.4261764],[76.943058,28.4261754],[76.9429596,28.4261736],[76.9427885,28.4261703],[76.9427898,28.4261174],[76.9428006,28.4256711],[76.9428017,28.4256257],[76.9434006,28.425637],[76.9433874,28.4261816],[76.9432505,28.4261791],[76.9431094,28.4261764]]]}},{"type":"Feature","properties":{"v":"Hayatpur","m":"7","k":"3/2","t":"Harsaru","vc":"04116","area":3340.0,"lat":28.4258866,"lng":76.9424546},"geometry":{"type":"Polygon","coordinates":[[[76.9427674,28.4256251],[76.9428017,28.4256257],[76.9428006,28.4256711],[76.9427898,28.4261174],[76.9421053,28.4261045],[76.9421161,28.4256582],[76.9423043,28.4256618],[76.9425011,28.4256655],[76.9426979,28.4256692],[76.9427663,28.4256705],[76.9427674,28.4256251]]]}},{"type":"Feature","properties":{"v":"Hayatpur","m":"7","k":"2/1","t":"Harsaru","vc":"04116","area":2636.0,"lat":28.4258764,"lng":76.9416486},"geometry":{"type":"Polygon","coordinates":[[[76.9414327,28.4255999],[76.9416124,28.4256033],[76.9417065,28.4256051],[76.9418776,28.4256083],[76.9418645,28.4261529],[76.9414195,28.4261445],[76.9414327,28.4255999]]]}},{"type":"Feature","properties":{"v":"Hayatpur","m":"7","k":"1/2","t":"Harsaru","vc":"04116","area":3142.9,"lat":28.4258643,"lng":76.9410069},"geometry":{"type":"Polygon","coordinates":[[[76.9412655,28.4261416],[76.940735,28.4261316],[76.9407482,28.425587],[76.9412787,28.425597],[76.9412655,28.4261416]]]}},{"type":"Feature","properties":{"v":"Hayatpur","m":"8","k":"4/1/1","t":"Harsaru","vc":"04116","area":505.6,"lat":28.4259668,"lng":76.9394489},"geometry":{"type":"Polygon","coordinates":[[[76.9393661,28.4261057],[76.9393738,28.425788],[76.9395385,28.4258685],[76.9395327,28.4261088],[76.9393661,28.4261057]]]}},{"type":"Feature","properties":{"v":"Hayatpur","m":"8","k":"9/1","t":"Harsaru","vc":"04116","area":1047.7,"lat":28.4254591,"lng":76.9382772},"geometry":{"type":"Polygon","coordinates":[[[76.9380103,28.4255352],[76.938016,28.4252992],[76.9386959,28.4255028],[76.9386948,28.4255482],[76.9380103,28.4255352]]]}},{"type":"Feature","properties":{"v":"Hayatpur","m":"8","k":"13","t":"Harsaru","vc":"04116","area":4055.2,"lat":28.4247377,"lng":76.9390568},"geometry":{"type":"Polygon","coordinates":[[[76.9387211,28.424459],[76.9394056,28.4244719],[76.9393924,28.4250165],[76.9389123,28.4250074],[76.9387079,28.4250036],[76.9387211,28.424459]]]}},{"type":"Feature","properties":{"v":"Hayatpur","m":"8","k":"25","t":"Harsaru","vc":"04116","area":4055.5,"lat":28.4236745,"lng":76.9404521},"geometry":{"type":"Polygon","coordinates":[[[76.9401032,28.4239403],[76.9401164,28.4233957],[76.9408009,28.4234086],[76.9407914,28.4238019],[76.9407877,28.4239532],[76.9401032,28.4239403]]]}},{"type":"Feature","properties":{"v":"Hayatpur","m":"8","k":"24","t":"Harsaru","vc":"04116","area":4054.7,"lat":28.4236615,"lng":76.9397676},"geometry":{"type":"Polygon","coordinates":[[[76.9394188,28.4239273],[76.9394319,28.4233828],[76.9401164,28.4233957],[76.9401032,28.4239403],[76.9394188,28.4239273]]]}},{"type":"Feature","properties":{"v":"Hayatpur","m":"8","k":"23","t":"Harsaru","vc":"04116","area":4055.2,"lat":28.4236486,"lng":76.9390831},"geometry":{"type":"Polygon","coordinates":[[[76.9387343,28.4239144],[76.9387474,28.4233698],[76.9392608,28.4233795],[76.9394319,28.4233828],[76.9394188,28.4239273],[76.9387343,28.4239144]]]}},{"type":"Feature","properties":{"v":"Hayatpur","m":"8","k":"22","t":"Harsaru","vc":"04116","area":4055.1,"lat":28.4236357,"lng":76.9383986},"geometry":{"type":"Polygon","coordinates":[[[76.9387343,28.4239144],[76.9380498,28.4239015],[76.9380564,28.4236292],[76.938063,28.4233569],[76.9387474,28.4233698],[76.9387343,28.4239144]]]}},{"type":"Feature","properties":{"v":"Hayatpur","m":"8","k":"21/1","t":"Harsaru","vc":"04116","area":2027.7,"lat":28.4237589,"lng":76.9377109},"geometry":{"type":"Polygon","coordinates":[[[76.9380564,28.4236292],[76.9380498,28.4239015],[76.9373653,28.4238885],[76.9373719,28.4236162],[76.9380564,28.4236292]]]}},{"type":"Feature","properties":{"v":"Hayatpur","m":"8","k":"20","t":"Harsaru","vc":"04116","area":4055.4,"lat":28.4241673,"lng":76.937701},"geometry":{"type":"Polygon","coordinates":[[[76.9380366,28.4244461],[76.9373521,28.4244331],[76.9373631,28.4239793],[76.9373653,28.4238885],[76.9380498,28.4239015],[76.9380366,28.4244461]]]}},{"type":"Feature","properties":{"v":"Hayatpur","m":"8","k":"19","t":"Harsaru","vc":"04116","area":4055.4,"lat":28.4241802,"lng":76.9383854},"geometry":{"type":"Polygon","coordinates":[[[76.9387211,28.424459],[76.9380366,28.4244461],[76.9380498,28.4239015],[76.9387343,28.4239144],[76.9387211,28.424459]]]}},{"type":"Feature","properties":{"v":"Hayatpur","m":"8","k":"18","t":"Harsaru","vc":"04116","area":4055.4,"lat":28.4241932,"lng":76.93907},"geometry":{"type":"Polygon","coordinates":[[[76.9394056,28.4244719],[76.9387211,28.424459],[76.9387343,28.4239144],[76.9394188,28.4239273],[76.9394056,28.4244719]]]}},{"type":"Feature","properties":{"v":"Hayatpur","m":"8","k":"17","t":"Harsaru","vc":"04116","area":4055.1,"lat":28.4242061,"lng":76.9397544},"geometry":{"type":"Polygon","coordinates":[[[76.9400901,28.4244849],[76.9394056,28.4244719],[76.9394188,28.4239273],[76.9401032,28.4239403],[76.9400901,28.4244849]]]}},{"type":"Feature","properties":{"v":"Hayatpur","m":"8","k":"16","t":"Harsaru","vc":"04116","area":4055.1,"lat":28.424219,"lng":76.9404389},"geometry":{"type":"Polygon","coordinates":[[[76.9400901,28.4244849],[76.9401032,28.4239403],[76.9407877,28.4239532],[76.9407745,28.4244978],[76.9400901,28.4244849]]]}},{"type":"Feature","properties":{"v":"Hayatpur","m":"8","k":"15","t":"Harsaru","vc":"04116","area":4055.0,"lat":28.4247637,"lng":76.9404257},"geometry":{"type":"Polygon","coordinates":[[[76.9400769,28.4250295],[76.9400901,28.4244849],[76.9407745,28.4244978],[76.9407614,28.4250424],[76.9400769,28.4250295]]]}},{"type":"Feature","properties":{"v":"Hayatpur","m":"8","k":"14","t":"Harsaru","vc":"04116","area":4055.4,"lat":28.4247507,"lng":76.9397412},"geometry":{"type":"Polygon","coordinates":[[[76.9400769,28.4250295],[76.9393924,28.4250165],[76.9394056,28.4244719],[76.9400901,28.4244849],[76.9400769,28.4250295]]]}},{"type":"Feature","properties":{"v":"Hayatpur","m":"8","k":"12","t":"Harsaru","vc":"04116","area":4055.0,"lat":28.4247248,"lng":76.9383723},"geometry":{"type":"Polygon","coordinates":[[[76.9387079,28.4250036],[76.9380234,28.4249906],[76.9380366,28.4244461],[76.9387211,28.424459],[76.9387079,28.4250036]]]}},{"type":"Feature","properties":{"v":"Hayatpur","m":"8","k":"11","t":"Harsaru","vc":"04116","area":4865.8,"lat":28.4247697,"lng":76.9377054},"geometry":{"type":"Polygon","coordinates":[[[76.9380234,28.4249906],[76.9380182,28.4252085],[76.937339,28.4249777],[76.9373521,28.4244331],[76.9380366,28.4244461],[76.9380234,28.4249906]]]}},{"type":"Feature","properties":{"v":"Hayatpur","m":"8","k":"10/1/1","t":"Harsaru","vc":"04116","area":1299.9,"lat":28.4253782,"lng":76.9378004},"geometry":{"type":"Polygon","coordinates":[[[76.9380103,28.4255352],[76.937668,28.4255288],[76.9376167,28.4255278],[76.9376148,28.4251629],[76.938016,28.4252992],[76.9380103,28.4255352]]]}},{"type":"Feature","properties":{"v":"Hayatpur","m":"8","k":"9/2","t":"Harsaru","vc":"04116","area":2331.7,"lat":28.4251592,"lng":76.9383965},"geometry":{"type":"Polygon","coordinates":[[[76.9380234,28.4249906],[76.9387079,28.4250036],[76.938698,28.425412],[76.9380182,28.4252085],[76.9380234,28.4249906]]]}},{"type":"Feature","properties":{"v":"Hayatpur","m":"8","k":"8/1","t":"Harsaru","vc":"04116","area":2123.0,"lat":28.4253866,"lng":76.9391443},"geometry":{"type":"Polygon","coordinates":[[[76.9393762,28.4256852],[76.9389005,28.4254936],[76.9389102,28.4250922],[76.9393862,28.4252737],[76.9393792,28.4255611],[76.9393762,28.4256852]]]}},{"type":"Feature","properties":{"v":"Hayatpur","m":"8","k":"7","t":"Harsaru","vc":"04116","area":4054.9,"lat":28.4252953,"lng":76.939728},"geometry":{"type":"Polygon","coordinates":[[[76.9400637,28.425574],[76.9393792,28.4255611],[76.9393862,28.4252737],[76.9393891,28.4251527],[76.9393924,28.4250165],[76.9400769,28.4250295],[76.9400637,28.425574]]]}},{"type":"Feature","properties":{"v":"Hayatpur","m":"8","k":"6","t":"Harsaru","vc":"04116","area":4055.0,"lat":28.4253082,"lng":76.9404126},"geometry":{"type":"Polygon","coordinates":[[[76.9400637,28.425574],[76.9400769,28.4250295],[76.9407614,28.4250424],[76.9407482,28.425587],[76.9400637,28.425574]]]}},{"type":"Feature","properties":{"v":"Hayatpur","m":"8","k":"5","t":"Harsaru","vc":"04116","area":3895.6,"lat":28.4258433,"lng":76.9404098},"geometry":{"type":"Polygon","coordinates":[[[76.9400637,28.425574],[76.9407482,28.425587],[76.940735,28.4261316],[76.9403278,28.4261239],[76.9400531,28.4260127],[76.9400637,28.425574]]]}},{"type":"Feature","properties":{"v":"Hayatpur","m":"8","k":"4/2","t":"Harsaru","vc":"04116","area":2095.4,"lat":28.4257241,"lng":76.9397815},"geometry":{"type":"Polygon","coordinates":[[[76.9393792,28.4255611],[76.9400637,28.425574],[76.9400531,28.4260127],[76.9393762,28.4256852],[76.9393792,28.4255611]]]}},{"type":"Feature","properties":{"v":"Hayatpur","m":"8","k":"3/2","t":"Harsaru","vc":"04116","area":3268.4,"lat":28.4258619,"lng":76.9390163},"geometry":{"type":"Polygon","coordinates":[[[76.9387298,28.4255145],[76.9390785,28.4256349],[76.9393738,28.425788],[76.9393661,28.4261057],[76.9387158,28.4260934],[76.9387298,28.4255145]]]}},{"type":"Feature","properties":{"v":"Hayatpur","m":"8","k":"2","t":"Harsaru","vc":"04116","area":4055.3,"lat":28.425814,"lng":76.9383459},"geometry":{"type":"Polygon","coordinates":[[[76.9380103,28.4255352],[76.9386948,28.4255482],[76.9386816,28.4260928],[76.9379971,28.4260798],[76.9380103,28.4255352]]]}},{"type":"Feature","properties":{"v":"Hayatpur","m":"8","k":"1/2","t":"Harsaru","vc":"04116","area":2027.8,"lat":28.4258043,"lng":76.9378326},"geometry":{"type":"Polygon","coordinates":[[[76.9380103,28.4255352],[76.9379971,28.4260798],[76.9376548,28.4260733],[76.937668,28.4255288],[76.9380103,28.4255352]]]}},{"type":"Feature","properties":{"v":"Hayatpur","m":"15","k":"6/1","t":"Harsaru","vc":"04116","area":1622.2,"lat":28.4225892,"lng":76.9406837},"geometry":{"type":"Polygon","coordinates":[[[76.9405534,28.4223143],[76.9408272,28.4223194],[76.940814,28.422864],[76.9405402,28.4228589],[76.9405534,28.4223143]]]}},{"type":"Feature","properties":{"v":"Hayatpur","m":"15","k":"13/1","t":"Harsaru","vc":"04116","area":3953.6,"lat":28.4220147,"lng":76.939114},"geometry":{"type":"Polygon","coordinates":[[[76.9394543,28.4217487],[76.9394411,28.4222933],[76.9387738,28.4222806],[76.938787,28.421736],[76.9393859,28.4217474],[76.9394543,28.4217487]]]}},{"type":"Feature","properties":{"v":"Hayatpur","m":"15","k":"25/2","t":"Harsaru","vc":"04116","area":3548.0,"lat":28.4209523,"lng":76.9405607},"geometry":{"type":"Polygon","coordinates":[[[76.9402546,28.4212189],[76.9402678,28.4206744],[76.9408667,28.4206857],[76.9408601,28.420958],[76.9408535,28.4212303],[76.9402546,28.4212189]]]}},{"type":"Feature","properties":{"v":"Hayatpur","m":"15","k":"24","t":"Harsaru","vc":"04116","area":4055.2,"lat":28.4209386,"lng":76.9398334},"geometry":{"type":"Polygon","coordinates":[[[76.9401691,28.4212173],[76.9397071,28.4212086],[76.9394846,28.4212044],[76.9394978,28.4206598],[76.9401822,28.4206727],[76.9401691,28.4212173]]]}},{"type":"Feature","properties":{"v":"Hayatpur","m":"15","k":"23","t":"Harsaru","vc":"04116","area":4055.5,"lat":28.4209257,"lng":76.939149},"geometry":{"type":"Polygon","coordinates":[[[76.9394846,28.4212044],[76.939399,28.4212028],[76.9388001,28.4211915],[76.9388133,28.4206469],[76.9394978,28.4206598],[76.9394846,28.4212044]]]}},{"type":"Feature","properties":{"v":"Hayatpur","m":"15","k":"22/2","t":"Harsaru","vc":"04116","area":3908.8,"lat":28.4209203,"lng":76.9384756},"geometry":{"type":"Polygon","coordinates":[[[76.9388001,28.4211915],[76.9387659,28.4211908],[76.9381157,28.4211785],[76.9381234,28.4208582],[76.9382486,28.4206362],[76.9388133,28.4206469],[76.9388001,28.4211915]]]}},{"type":"Feature","properties":{"v":"Hayatpur","m":"15","k":"21/1","t":"Harsaru","vc":"04116","area":3757.3,"lat":28.4208862,"lng":76.9377577},"geometry":{"type":"Polygon","coordinates":[[[76.9379446,28.4211753],[76.9374312,28.4211656],[76.9374444,28.420621],[76.9381289,28.4206339],[76.9381234,28.4208582],[76.9379446,28.4211753]]]}},{"type":"Feature","properties":{"v":"Hayatpur","m":"15","k":"20/1","t":"Harsaru","vc":"04116","area":2078.0,"lat":28.4214937,"lng":76.9379173},"geometry":{"type":"Polygon","coordinates":[[[76.9381157,28.4211785],[76.9381025,28.4217231],[76.9375721,28.4217131],[76.9379446,28.4211753],[76.9381157,28.4211785]]]}},{"type":"Feature","properties":{"v":"Hayatpur","m":"15","k":"19/2","t":"Harsaru","vc":"04116","area":3852.3,"lat":28.4214569,"lng":76.9384342},"geometry":{"type":"Polygon","coordinates":[[[76.9387527,28.4217354],[76.9381025,28.4217231],[76.9381157,28.4211785],[76.9387659,28.4211908],[76.9387527,28.4217354]]]}},{"type":"Feature","properties":{"v":"Hayatpur","m":"15","k":"18/3","t":"Harsaru","vc":"04116","area":2439.4,"lat":28.4213844,"lng":76.939095},"geometry":{"type":"Polygon","coordinates":[[[76.93939,28.4215772],[76.9387911,28.4215659],[76.9388001,28.4211915],[76.939399,28.4212028],[76.93939,28.4215772]]]}},{"type":"Feature","properties":{"v":"Hayatpur","m":"15","k":"17/1","t":"Harsaru","vc":"04116","area":1976.8,"lat":28.4215609,"lng":76.9399296},"geometry":{"type":"Polygon","coordinates":[[[76.9397034,28.4213599],[76.9401654,28.4213686],[76.9401559,28.4217619],[76.9396939,28.4217532],[76.9397034,28.4213599]]]}},{"type":"Feature","properties":{"v":"Hayatpur","m":"15","k":"16/1","t":"Harsaru","vc":"04116","area":3041.3,"lat":28.4215642,"lng":76.9405031},"geometry":{"type":"Polygon","coordinates":[[[76.9401559,28.4217619],[76.9401654,28.4213686],[76.9401658,28.4213535],[76.9408502,28.4213664],[76.9408447,28.4215933],[76.9408404,28.4217749],[76.9401559,28.4217619]]]}},{"type":"Feature","properties":{"v":"Hayatpur","m":"15","k":"15","t":"Harsaru","vc":"04116","area":4055.3,"lat":28.4220407,"lng":76.9404915},"geometry":{"type":"Polygon","coordinates":[[[76.9401427,28.4223065],[76.9401559,28.4217619],[76.9408404,28.4217749],[76.9408272,28.4223194],[76.9405534,28.4223143],[76.9401427,28.4223065]]]}},{"type":"Feature","properties":{"v":"Hayatpur","m":"15","k":"14","t":"Harsaru","vc":"04116","area":4055.1,"lat":28.4220277,"lng":76.9398071},"geometry":{"type":"Polygon","coordinates":[[[76.9401427,28.4223065],[76.9394583,28.4222936],[76.9394714,28.421749],[76.9396939,28.4217532],[76.9401559,28.4217619],[76.9401427,28.4223065]]]}},{"type":"Feature","properties":{"v":"Hayatpur","m":"15","k":"12","t":"Harsaru","vc":"04116","area":4055.3,"lat":28.4220019,"lng":76.9384381},"geometry":{"type":"Polygon","coordinates":[[[76.9387738,28.4222806],[76.9380893,28.4222677],[76.9381025,28.4217231],[76.9387527,28.4217354],[76.938787,28.421736],[76.9387738,28.4222806]]]}},{"type":"Feature","properties":{"v":"Hayatpur","m":"15","k":"11/1","t":"Harsaru","vc":"04116","area":3813.8,"lat":28.4220004,"lng":76.9377718},"geometry":{"type":"Polygon","coordinates":[[[76.9380893,28.4222677],[76.9374049,28.4222547],[76.9374111,28.4219976],[76.9375721,28.4217131],[76.9381025,28.4217231],[76.9380893,28.4222677]]]}},{"type":"Feature","properties":{"v":"Hayatpur","m":"15","k":"10","t":"Harsaru","vc":"04116","area":4055.1,"lat":28.4225335,"lng":76.9377405},"geometry":{"type":"Polygon","coordinates":[[[76.9380762,28.4228123],[76.9373917,28.4227993],[76.9374005,28.4224363],[76.9374049,28.4222547],[76.9380893,28.4222677],[76.9380762,28.4228123]]]}},{"type":"Feature","properties":{"v":"Hayatpur","m":"15","k":"9","t":"Harsaru","vc":"04116","area":4055.3,"lat":28.4225465,"lng":76.938425},"geometry":{"type":"Polygon","coordinates":[[[76.9387738,28.4222806],[76.9387606,28.4228252],[76.9384184,28.4228188],[76.9380762,28.4228123],[76.9380893,28.4222677],[76.9387738,28.4222806]]]}},{"type":"Feature","properties":{"v":"Hayatpur","m":"15","k":"8","t":"Harsaru","vc":"04116","area":4055.2,"lat":28.4225594,"lng":76.9391094},"geometry":{"type":"Polygon","coordinates":[[[76.9394583,28.4222936],[76.9394451,28.4228382],[76.939274,28.4228349],[76.9387606,28.4228252],[76.9387738,28.4222806],[76.9394411,28.4222933],[76.9394583,28.4222936]]]}},{"type":"Feature","properties":{"v":"Hayatpur","m":"15","k":"7","t":"Harsaru","vc":"04116","area":4055.1,"lat":28.4225724,"lng":76.9397939},"geometry":{"type":"Polygon","coordinates":[[[76.9401427,28.4223065],[76.9401296,28.4228511],[76.9394451,28.4228382],[76.9394583,28.4222936],[76.9401427,28.4223065]]]}},{"type":"Feature","properties":{"v":"Hayatpur","m":"15","k":"6/2","t":"Harsaru","vc":"04116","area":2433.0,"lat":28.4225827,"lng":76.9403415},"geometry":{"type":"Polygon","coordinates":[[[76.9401427,28.4223065],[76.9405534,28.4223143],[76.9405402,28.4228589],[76.9401296,28.4228511],[76.9401427,28.4223065]]]}},{"type":"Feature","properties":{"v":"Hayatpur","m":"15","k":"5","t":"Harsaru","vc":"04116","area":4054.9,"lat":28.4231299,"lng":76.9404652},"geometry":{"type":"Polygon","coordinates":[[[76.9405402,28.4228589],[76.940814,28.422864],[76.9408009,28.4234086],[76.9401164,28.4233957],[76.9401296,28.4228511],[76.9405402,28.4228589]]]}},{"type":"Feature","properties":{"v":"Hayatpur","m":"15","k":"4","t":"Harsaru","vc":"04116","area":4055.4,"lat":28.4231169,"lng":76.9397807},"geometry":{"type":"Polygon","coordinates":[[[76.9394451,28.4228382],[76.9401296,28.4228511],[76.9401164,28.4233957],[76.9394319,28.4233828],[76.9394451,28.4228382]]]}},{"type":"Feature","properties":{"v":"Hayatpur","m":"15","k":"3/1","t":"Harsaru","vc":"04116","area":3041.7,"lat":28.4231024,"lng":76.9390107},"geometry":{"type":"Polygon","coordinates":[[[76.939274,28.4228349],[76.9392608,28.4233795],[76.9387474,28.4233698],[76.9387606,28.4228252],[76.939274,28.4228349]]]}},{"type":"Feature","properties":{"v":"Hayatpur","m":"15","k":"2/1","t":"Harsaru","vc":"04116","area":3379.0,"lat":28.423128,"lng":76.9384451},"geometry":{"type":"Polygon","coordinates":[[[76.9387606,28.4228252],[76.9387474,28.4233698],[76.938063,28.4233569],[76.9380718,28.4229938],[76.938414,28.4230003],[76.9384184,28.4228188],[76.9387606,28.4228252]]]}},{"type":"Feature","properties":{"v":"Hayatpur","m":"15","k":"1/1","t":"Harsaru","vc":"04116","area":3379.3,"lat":28.423059,"lng":76.9376764},"geometry":{"type":"Polygon","coordinates":[[[76.9379006,28.4229906],[76.9378919,28.4233536],[76.9373785,28.4233439],[76.9373917,28.4227993],[76.9380762,28.4228123],[76.9380718,28.4229938],[76.9379006,28.4229906]]]}},{"type":"Feature","properties":{"v":"Hayatpur","m":"0","k":"1201","t":"Harsaru","vc":"04116","area":202.9,"lat":28.422362,"lng":76.9438905},"geometry":{"type":"Polygon","coordinates":[[[76.9441982,28.4223831],[76.9435993,28.4223718],[76.9435658,28.4223409],[76.9441989,28.4223528],[76.9441982,28.4223831]]]}},{"type":"Feature","properties":{"v":"Hayatpur","m":"16","k":"26","t":"Harsaru","vc":"04116","area":291.5,"lat":28.4223516,"lng":76.9431064},"geometry":{"type":"Polygon","coordinates":[[[76.9430517,28.4223614],[76.9429679,28.4222857],[76.9430405,28.4222215],[76.9432476,28.4224232],[76.9431612,28.4224777],[76.9430517,28.4223614]]]}},{"type":"Feature","properties":{"v":"Hayatpur","m":"16","k":"27","t":"Harsaru","vc":"04116","area":2251.3,"lat":28.42255,"lng":76.9434041},"geometry":{"type":"Polygon","coordinates":[[[76.9435993,28.4223718],[76.9437444,28.4225806],[76.943557,28.4227039],[76.9433373,28.4228214],[76.9430169,28.4225406],[76.9431612,28.4224777],[76.9432476,28.4224232],[76.9435161,28.4222537],[76.9435658,28.4223409],[76.9435993,28.4223718]]]}},{"type":"Feature","properties":{"v":"Hayatpur","m":"16","k":"13","t":"Harsaru","vc":"04116","area":4055.1,"lat":28.4220795,"lng":76.9425449},"geometry":{"type":"Polygon","coordinates":[[[76.9428806,28.4223582],[76.9421961,28.4223453],[76.9422093,28.4218007],[76.9428937,28.4218136],[76.9428806,28.4223582]]]}},{"type":"Feature","properties":{"v":"Hayatpur","m":"16","k":"25/1","t":"Harsaru","vc":"04116","area":3244.4,"lat":28.4210435,"lng":76.9438844},"geometry":{"type":"Polygon","coordinates":[[[76.9442245,28.4212939],[76.9435913,28.421282],[76.9435986,28.4209794],[76.9436045,28.4207374],[76.9439809,28.4207445],[76.9439766,28.420926],[76.9442332,28.4209308],[76.9442245,28.4212939]]]}},{"type":"Feature","properties":{"v":"Hayatpur","m":"16","k":"24/1","t":"Harsaru","vc":"04116","area":2308.8,"lat":28.4211204,"lng":76.9432501},"geometry":{"type":"Polygon","coordinates":[[[76.9429069,28.421269],[76.9429146,28.4209514],[76.9435986,28.4209794],[76.9435913,28.421282],[76.9429069,28.421269]]]}},{"type":"Feature","properties":{"v":"Hayatpur","m":"16","k":"23/1","t":"Harsaru","vc":"04116","area":2308.9,"lat":28.4211075,"lng":76.9425712},"geometry":{"type":"Polygon","coordinates":[[[76.9429069,28.421269],[76.9422224,28.4212561],[76.9422297,28.4209536],[76.9429146,28.4209514],[76.9429069,28.421269]]]}},{"type":"Feature","properties":{"v":"Hayatpur","m":"16","k":"22","t":"Harsaru","vc":"04116","area":4055.0,"lat":28.4209773,"lng":76.9418868},"geometry":{"type":"Polygon","coordinates":[[[76.9415511,28.4206986],[76.9422356,28.4207115],[76.9422297,28.4209536],[76.9422224,28.4212561],[76.941538,28.4212432],[76.9415446,28.4209709],[76.9415511,28.4206986]]]}},{"type":"Feature","properties":{"v":"Hayatpur","m":"16","k":"21/1","t":"Harsaru","vc":"04116","area":2027.7,"lat":28.4211006,"lng":76.941199},"geometry":{"type":"Polygon","coordinates":[[[76.9415446,28.4209709],[76.941538,28.4212432],[76.9408535,28.4212303],[76.9408601,28.420958],[76.9415446,28.4209709]]]}},{"type":"Feature","properties":{"v":"Hayatpur","m":"16","k":"20/2","t":"Harsaru","vc":"04116","area":1802.4,"lat":28.4214788,"lng":76.9411899},"geometry":{"type":"Polygon","coordinates":[[[76.9408447,28.4215933],[76.9408502,28.4213664],[76.9408506,28.4213513],[76.941535,28.4213642],[76.9415292,28.4216063],[76.9408447,28.4215933]]]}},{"type":"Feature","properties":{"v":"Hayatpur","m":"16","k":"19","t":"Harsaru","vc":"04116","area":4055.3,"lat":28.421522,"lng":76.9418736},"geometry":{"type":"Polygon","coordinates":[[[76.9422093,28.4218007],[76.9415248,28.4217878],[76.9415292,28.4216063],[76.941535,28.4213642],[76.941538,28.4212432],[76.9422224,28.4212561],[76.9422093,28.4218007]]]}},{"type":"Feature","properties":{"v":"Hayatpur","m":"16","k":"18","t":"Harsaru","vc":"04116","area":4055.2,"lat":28.4215348,"lng":76.9425581},"geometry":{"type":"Polygon","coordinates":[[[76.9428937,28.4218136],[76.9422093,28.4218007],[76.9422224,28.4212561],[76.9429069,28.421269],[76.9428937,28.4218136]]]}},{"type":"Feature","properties":{"v":"Hayatpur","m":"16","k":"17","t":"Harsaru","vc":"04116","area":4054.8,"lat":28.4215478,"lng":76.9432425},"geometry":{"type":"Polygon","coordinates":[[[76.9429069,28.421269],[76.9435913,28.421282],[76.9435782,28.4218265],[76.9428937,28.4218136],[76.9429069,28.421269]]]}},{"type":"Feature","properties":{"v":"Hayatpur","m":"16","k":"16","t":"Harsaru","vc":"04116","area":3750.9,"lat":28.4215602,"lng":76.9439013},"geometry":{"type":"Polygon","coordinates":[[[76.9435782,28.4218265],[76.9435913,28.421282],[76.9442245,28.4212939],[76.9442113,28.4218385],[76.9435782,28.4218265]]]}},{"type":"Feature","properties":{"v":"Hayatpur","m":"16","k":"15","t":"Harsaru","vc":"04116","area":3542.6,"lat":28.4220897,"lng":76.9438885},"geometry":{"type":"Polygon","coordinates":[[[76.9435658,28.4223409],[76.9435782,28.4218265],[76.9442113,28.4218385],[76.9441989,28.4223528],[76.9435658,28.4223409]]]}},{"type":"Feature","properties":{"v":"Hayatpur","m":"16","k":"14","t":"Harsaru","vc":"04116","area":3788.0,"lat":28.4220773,"lng":76.9432267},"geometry":{"type":"Polygon","coordinates":[[[76.9428806,28.4223582],[76.9428937,28.4218136],[76.9435782,28.4218265],[76.9435658,28.4223409],[76.9435161,28.4222537],[76.9432476,28.4224232],[76.9430405,28.4222215],[76.9429679,28.4222857],[76.9430517,28.4223614],[76.9428806,28.4223582]]]}},{"type":"Feature","properties":{"v":"Hayatpur","m":"16","k":"12","t":"Harsaru","vc":"04116","area":4055.0,"lat":28.4220665,"lng":76.9418605},"geometry":{"type":"Polygon","coordinates":[[[76.9421961,28.4223453],[76.9418368,28.4223385],[76.9415117,28.4223324],[76.9415248,28.4217878],[76.9422093,28.4218007],[76.9421961,28.4223453]]]}},{"type":"Feature","properties":{"v":"Hayatpur","m":"16","k":"11","t":"Harsaru","vc":"04116","area":4054.8,"lat":28.4220536,"lng":76.941176},"geometry":{"type":"Polygon","coordinates":[[[76.9415117,28.4223324],[76.9408272,28.4223194],[76.9408404,28.4217749],[76.9415248,28.4217878],[76.9415117,28.4223324]]]}},{"type":"Feature","properties":{"v":"Hayatpur","m":"16","k":"10","t":"Harsaru","vc":"04116","area":4055.4,"lat":28.4225982,"lng":76.9411628},"geometry":{"type":"Polygon","coordinates":[[[76.9414985,28.422877],[76.940814,28.422864],[76.9408272,28.4223194],[76.9415117,28.4223324],[76.9414985,28.422877]]]}},{"type":"Feature","properties":{"v":"Hayatpur","m":"16","k":"9/1","t":"Harsaru","vc":"04116","area":2011.0,"lat":28.4226293,"lng":76.9420095},"geometry":{"type":"Polygon","coordinates":[[[76.941836,28.4223688],[76.9421954,28.4223755],[76.942183,28.4228899],[76.9418236,28.4228831],[76.941836,28.4223688]]]}},{"type":"Feature","properties":{"v":"Hayatpur","m":"16","k":"8/1","t":"Harsaru","vc":"04116","area":3829.9,"lat":28.4226392,"lng":76.9425314},"geometry":{"type":"Polygon","coordinates":[[[76.9428799,28.4223885],[76.9428674,28.4229028],[76.942183,28.4228899],[76.9421954,28.4223755],[76.9428799,28.4223885]]]}},{"type":"Feature","properties":{"v":"Hayatpur","m":"16","k":"7","t":"Harsaru","vc":"04116","area":2157.4,"lat":28.4227078,"lng":76.9431126},"geometry":{"type":"Polygon","coordinates":[[[76.9435519,28.4229157],[76.9428674,28.4229028],[76.9428799,28.4223885],[76.9428806,28.4223582],[76.9430517,28.4223614],[76.9431612,28.4224777],[76.9430169,28.4225406],[76.9433373,28.4228214],[76.943557,28.4227039],[76.9435519,28.4229157]]]}},{"type":"Feature","properties":{"v":"Hayatpur","m":"16","k":"6","t":"Harsaru","vc":"04116","area":3378.9,"lat":28.4226614,"lng":76.9439027},"geometry":{"type":"Polygon","coordinates":[[[76.9435519,28.4229157],[76.943557,28.4227039],[76.9437444,28.4225806],[76.9435993,28.4223718],[76.9441982,28.4223831],[76.944185,28.4229277],[76.9437572,28.4229196],[76.9436203,28.422917],[76.9435519,28.4229157]]]}},{"type":"Feature","properties":{"v":"Hayatpur","m":"16","k":"5/3","t":"Harsaru","vc":"04116","area":2737.5,"lat":28.4232023,"lng":76.9439468},"geometry":{"type":"Polygon","coordinates":[[[76.9441719,28.4234723],[76.9436756,28.4234629],[76.9437572,28.4229196],[76.944185,28.4229277],[76.9441719,28.4234723]]]}},{"type":"Feature","properties":{"v":"Hayatpur","m":"16","k":"4","t":"Harsaru","vc":"04116","area":4055.1,"lat":28.4231815,"lng":76.9432031},"geometry":{"type":"Polygon","coordinates":[[[76.9435519,28.4229157],[76.9435387,28.4234603],[76.9428543,28.4234474],[76.9428674,28.4229028],[76.9435519,28.4229157]]]}},{"type":"Feature","properties":{"v":"Hayatpur","m":"16","k":"3","t":"Harsaru","vc":"04116","area":4055.1,"lat":28.4231687,"lng":76.9425186},"geometry":{"type":"Polygon","coordinates":[[[76.9428674,28.4229028],[76.9428543,28.4234474],[76.9421698,28.4234345],[76.942183,28.4228899],[76.9428674,28.4229028]]]}},{"type":"Feature","properties":{"v":"Hayatpur","m":"16","k":"2","t":"Harsaru","vc":"04116","area":4055.2,"lat":28.4231557,"lng":76.9418342},"geometry":{"type":"Polygon","coordinates":[[[76.942183,28.4228899],[76.9421698,28.4234345],[76.9414853,28.4234215],[76.9414985,28.422877],[76.9418236,28.4228831],[76.942183,28.4228899]]]}},{"type":"Feature","properties":{"v":"Hayatpur","m":"16","k":"1","t":"Harsaru","vc":"04116","area":4054.8,"lat":28.4231428,"lng":76.9411497},"geometry":{"type":"Polygon","coordinates":[[[76.9414985,28.422877],[76.9414853,28.4234215],[76.9408009,28.4234086],[76.940814,28.422864],[76.9414985,28.422877]]]}},{"type":"Feature","properties":{"v":"Hayatpur","m":"17","k":"26","t":"Harsaru","vc":"04116","area":873.0,"lat":28.4229844,"lng":76.9460514},"geometry":{"type":"Polygon","coordinates":[[[76.9451564,28.4224012],[76.9452172,28.4224023],[76.9460579,28.422963],[76.9464881,28.423249],[76.9468755,28.4235232],[76.9468071,28.4235219],[76.9459818,28.4229616],[76.9451564,28.4224012]]]}},{"type":"Feature","properties":{"v":"Hayatpur","m":"17","k":"5/1","t":"Harsaru","vc":"04116","area":1318.1,"lat":28.4232546,"lng":76.9470789},"geometry":{"type":"Polygon","coordinates":[[[76.9469742,28.4229803],[76.9471967,28.4229844],[76.9471836,28.423529],[76.9469611,28.4235248],[76.9469742,28.4229803]]]}},{"type":"Feature","properties":{"v":"Hayatpur","m":"17","k":"10/2","t":"Harsaru","vc":"04116","area":1824.6,"lat":28.4226592,"lng":76.9443969},"geometry":{"type":"Polygon","coordinates":[[[76.9445444,28.4229344],[76.9442364,28.4229286],[76.9442495,28.422384],[76.9445575,28.4223899],[76.9445444,28.4229344]]]}},{"type":"Feature","properties":{"v":"Hayatpur","m":"17","k":"15/2","t":"Harsaru","vc":"04116","area":1622.2,"lat":28.4221737,"lng":76.9475415},"geometry":{"type":"Polygon","coordinates":[[[76.9474112,28.4218988],[76.947685,28.421904],[76.9476718,28.4224486],[76.947398,28.4224434],[76.9474112,28.4218988]]]}},{"type":"Feature","properties":{"v":"Hayatpur","m":"17","k":"16/2","t":"Harsaru","vc":"04116","area":1824.9,"lat":28.4216217,"lng":76.9471611},"geometry":{"type":"Polygon","coordinates":[[[76.9472703,28.4213513],[76.9473216,28.4213523],[76.9473085,28.4218969],[76.9470005,28.4218911],[76.9470136,28.4213465],[76.9472703,28.4213513]]]}},{"type":"Feature","properties":{"v":"Hayatpur","m":"17","k":"25/1","t":"Harsaru","vc":"04116","area":506.9,"lat":28.4212581,"lng":76.9471441},"geometry":{"type":"Polygon","coordinates":[[[76.9472703,28.4213513],[76.9470136,28.4213465],[76.947018,28.421165],[76.9472747,28.4211698],[76.9472703,28.4213513]]]}},{"type":"Feature","properties":{"v":"Hayatpur","m":"17","k":"25/2","t":"Harsaru","vc":"04116","area":1013.8,"lat":28.4209859,"lng":76.9471507},"geometry":{"type":"Polygon","coordinates":[[[76.9472747,28.4211698],[76.947018,28.421165],[76.9470268,28.4208019],[76.9472834,28.4208067],[76.9472747,28.4211698]]]}},{"type":"Feature","properties":{"v":"Hayatpur","m":"17","k":"4/1","t":"Harsaru","vc":"04116","area":1384.2,"lat":28.4230641,"lng":76.9465067},"geometry":{"type":"Polygon","coordinates":[[[76.9462898,28.4229674],[76.9469742,28.4229803],[76.9464881,28.423249],[76.9460579,28.422963],[76.9462898,28.4229674]]]}},{"type":"Feature","properties":{"v":"Hayatpur","m":"17","k":"27","t":"Harsaru","vc":"04116","area":319.5,"lat":28.4210899,"lng":76.9457419},"geometry":{"type":"Polygon","coordinates":[[[76.9456015,28.4210123],[76.9456527,28.4209879],[76.9457373,28.420976],[76.9458724,28.4211865],[76.9457754,28.4212164],[76.9456509,28.4210635],[76.9456015,28.4210123]]]}},{"type":"Feature","properties":{"v":"Hayatpur","m":"17","k":"13","t":"Harsaru","vc":"04116","area":4055.2,"lat":28.4221441,"lng":76.9459672},"geometry":{"type":"Polygon","coordinates":[[[76.9456316,28.4218653],[76.946316,28.4218782],[76.9463029,28.4224228],[76.9456184,28.4224099],[76.9456316,28.4218653]]]}},{"type":"Feature","properties":{"v":"Hayatpur","m":"17","k":"25/3","t":"Harsaru","vc":"04116","area":2534.4,"lat":28.4210831,"lng":76.9474908},"geometry":{"type":"Polygon","coordinates":[[[76.9472747,28.4211698],[76.9472834,28.4208067],[76.947369,28.4208084],[76.9475401,28.4208116],[76.9477112,28.4208148],[76.9476981,28.4213594],[76.9473216,28.4213523],[76.9472703,28.4213513],[76.9472747,28.4211698]]]}},{"type":"Feature","properties":{"v":"Hayatpur","m":"17","k":"24","t":"Harsaru","vc":"04116","area":4055.2,"lat":28.4210677,"lng":76.946678},"geometry":{"type":"Polygon","coordinates":[[[76.947018,28.421165],[76.9470136,28.4213465],[76.9463292,28.4213336],[76.9463423,28.420789],[76.9470268,28.4208019],[76.947018,28.421165]]]}},{"type":"Feature","properties":{"v":"Hayatpur","m":"17","k":"23","t":"Harsaru","vc":"04116","area":3756.8,"lat":28.4210517,"lng":76.9460129},"geometry":{"type":"Polygon","coordinates":[[[76.9463292,28.4213336],[76.9456447,28.4213207],[76.9456509,28.4210635],[76.9457754,28.4212164],[76.9458724,28.4211865],[76.9457373,28.420976],[76.9456527,28.4209879],[76.9456579,28.4207761],[76.9459145,28.4207809],[76.9463423,28.420789],[76.9463292,28.4213336]]]}},{"type":"Feature","properties":{"v":"Hayatpur","m":"17","k":"22","t":"Harsaru","vc":"04116","area":4034.3,"lat":28.421042,"lng":76.9453074},"geometry":{"type":"Polygon","coordinates":[[[76.9456447,28.4213207],[76.9449603,28.4213078],[76.9449734,28.4207632],[76.9453499,28.4207703],[76.9453841,28.4207709],[76.9456579,28.4207761],[76.9456527,28.4209879],[76.9456015,28.4210123],[76.9456509,28.4210635],[76.9456447,28.4213207]]]}},{"type":"Feature","properties":{"v":"Hayatpur","m":"17","k":"21","t":"Harsaru","vc":"04116","area":4055.5,"lat":28.4210291,"lng":76.9446246},"geometry":{"type":"Polygon","coordinates":[[[76.9449603,28.4213078],[76.9442758,28.4212949],[76.9442889,28.4207503],[76.9449734,28.4207632],[76.9449603,28.4213078]]]}},{"type":"Feature","properties":{"v":"Hayatpur","m":"17","k":"20","t":"Harsaru","vc":"04116","area":4055.2,"lat":28.4215736,"lng":76.9446115},"geometry":{"type":"Polygon","coordinates":[[[76.9449471,28.4218524],[76.9442627,28.4218395],[76.9442758,28.4212949],[76.9449603,28.4213078],[76.9449471,28.4218524]]]}},{"type":"Feature","properties":{"v":"Hayatpur","m":"17","k":"19","t":"Harsaru","vc":"04116","area":4055.2,"lat":28.4215866,"lng":76.9452959},"geometry":{"type":"Polygon","coordinates":[[[76.9456447,28.4213207],[76.9456316,28.4218653],[76.9449471,28.4218524],[76.9449603,28.4213078],[76.9456447,28.4213207]]]}},{"type":"Feature","properties":{"v":"Hayatpur","m":"17","k":"18","t":"Harsaru","vc":"04116","area":4055.2,"lat":28.4215994,"lng":76.9459804},"geometry":{"type":"Polygon","coordinates":[[[76.9463292,28.4213336],[76.946316,28.4218782],[76.9456316,28.4218653],[76.9456447,28.4213207],[76.9463292,28.4213336]]]}},{"type":"Feature","properties":{"v":"Hayatpur","m":"17","k":"17","t":"Harsaru","vc":"04116","area":4055.2,"lat":28.4216124,"lng":76.9466648},"geometry":{"type":"Polygon","coordinates":[[[76.9470136,28.4213465],[76.9470005,28.4218911],[76.946316,28.4218782],[76.9463292,28.4213336],[76.9470136,28.4213465]]]}},{"type":"Feature","properties":{"v":"Hayatpur","m":"17","k":"16/1","t":"Harsaru","vc":"04116","area":2230.6,"lat":28.4216281,"lng":76.9475033},"geometry":{"type":"Polygon","coordinates":[[[76.9474112,28.4218988],[76.9473085,28.4218969],[76.9473216,28.4213523],[76.9476981,28.4213594],[76.947685,28.421904],[76.9474112,28.4218988]]]}},{"type":"Feature","properties":{"v":"Hayatpur","m":"17","k":"15/1","t":"Harsaru","vc":"04116","area":2432.9,"lat":28.4221672,"lng":76.9471993},"geometry":{"type":"Polygon","coordinates":[[[76.9473085,28.4218969],[76.9474112,28.4218988],[76.947398,28.4224434],[76.9469874,28.4224357],[76.9470005,28.4218911],[76.9473085,28.4218969]]]}},{"type":"Feature","properties":{"v":"Hayatpur","m":"17","k":"14","t":"Harsaru","vc":"04116","area":4055.4,"lat":28.4221569,"lng":76.9466517},"geometry":{"type":"Polygon","coordinates":[[[76.946316,28.4218782],[76.9470005,28.4218911],[76.9469874,28.4224357],[76.9463029,28.4224228],[76.946316,28.4218782]]]}},{"type":"Feature","properties":{"v":"Hayatpur","m":"17","k":"12","t":"Harsaru","vc":"04116","area":4055.1,"lat":28.4221311,"lng":76.9452828},"geometry":{"type":"Polygon","coordinates":[[[76.9452172,28.4224023],[76.9451564,28.4224012],[76.944934,28.422397],[76.9449471,28.4218524],[76.9456316,28.4218653],[76.9456184,28.4224099],[76.9452172,28.4224023]]]}},{"type":"Feature","properties":{"v":"Hayatpur","m":"17","k":"11","t":"Harsaru","vc":"04116","area":4055.0,"lat":28.4221182,"lng":76.9445983},"geometry":{"type":"Polygon","coordinates":[[[76.9445575,28.4223899],[76.9442495,28.422384],[76.9442627,28.4218395],[76.9449471,28.4218524],[76.944934,28.422397],[76.9445575,28.4223899]]]}},{"type":"Feature","properties":{"v":"Hayatpur","m":"17","k":"10/1","t":"Harsaru","vc":"04116","area":2229.9,"lat":28.4226657,"lng":76.9447392},"geometry":{"type":"Polygon","coordinates":[[[76.9449208,28.4229415],[76.9445444,28.4229344],[76.9445575,28.4223899],[76.944934,28.422397],[76.9449208,28.4229415]]]}},{"type":"Feature","properties":{"v":"Hayatpur","m":"17","k":"9","t":"Harsaru","vc":"04116","area":3801.4,"lat":28.4227355,"lng":76.9452925},"geometry":{"type":"Polygon","coordinates":[[[76.9449208,28.4229415],[76.944934,28.422397],[76.9451564,28.4224012],[76.9459818,28.4229616],[76.9456053,28.4229545],[76.9449208,28.4229415]]]}},{"type":"Feature","properties":{"v":"Hayatpur","m":"17","k":"8","t":"Harsaru","vc":"04116","area":3902.9,"lat":28.4226292,"lng":76.9459223},"geometry":{"type":"Polygon","coordinates":[[[76.9462898,28.4229674],[76.9460579,28.422963],[76.9452172,28.4224023],[76.9456184,28.4224099],[76.9463029,28.4224228],[76.9462898,28.4229674]]]}},{"type":"Feature","properties":{"v":"Hayatpur","m":"17","k":"7","t":"Harsaru","vc":"04116","area":4055.1,"lat":28.4227015,"lng":76.9466386},"geometry":{"type":"Polygon","coordinates":[[[76.9469742,28.4229803],[76.9462898,28.4229674],[76.9463029,28.4224228],[76.9469874,28.4224357],[76.9469742,28.4229803]]]}},{"type":"Feature","properties":{"v":"Hayatpur","m":"17","k":"6","t":"Harsaru","vc":"04116","area":4055.1,"lat":28.4227144,"lng":76.947323},"geometry":{"type":"Polygon","coordinates":[[[76.9469742,28.4229803],[76.9469874,28.4224357],[76.947398,28.4224434],[76.9476718,28.4224486],[76.9476693,28.4225545],[76.9476653,28.4227209],[76.9476587,28.4229932],[76.9471967,28.4229844],[76.9469742,28.4229803]]]}},{"type":"Feature","properties":{"v":"Hayatpur","m":"17","k":"5/2","t":"Harsaru","vc":"04116","area":2737.0,"lat":28.4232611,"lng":76.9474211},"geometry":{"type":"Polygon","coordinates":[[[76.9471967,28.4229844],[76.9476587,28.4229932],[76.9476538,28.4231974],[76.9476456,28.4235377],[76.9471836,28.423529],[76.9471967,28.4229844]]]}},{"type":"Feature","properties":{"v":"Hayatpur","m":"17","k":"4/2","t":"Harsaru","vc":"04116","area":1544.2,"lat":28.4232659,"lng":76.9468052},"geometry":{"type":"Polygon","coordinates":[[[76.9469611,28.4235248],[76.9468755,28.4235232],[76.9464881,28.423249],[76.9469742,28.4229803],[76.9469611,28.4235248]]]}},{"type":"Feature","properties":{"v":"Hayatpur","m":"17","k":"3","t":"Harsaru","vc":"04116","area":4713.3,"lat":28.4232828,"lng":76.9460323},"geometry":{"type":"Polygon","coordinates":[[[76.9456053,28.4229545],[76.9459818,28.4229616],[76.9468071,28.4235219],[76.9462766,28.4235119],[76.9455922,28.423499],[76.9456053,28.4229545]]]}},{"type":"Feature","properties":{"v":"Hayatpur","m":"17","k":"2","t":"Harsaru","vc":"04116","area":4055.0,"lat":28.4232203,"lng":76.9452565},"geometry":{"type":"Polygon","coordinates":[[[76.9456053,28.4229545],[76.9455922,28.423499],[76.9449077,28.4234861],[76.9449208,28.4229415],[76.9456053,28.4229545]]]}},{"type":"Feature","properties":{"v":"Hayatpur","m":"17","k":"1","t":"Harsaru","vc":"04116","area":4055.1,"lat":28.4232074,"lng":76.944572},"geometry":{"type":"Polygon","coordinates":[[[76.9449208,28.4229415],[76.9449077,28.4234861],[76.9442232,28.4234732],[76.9442364,28.4229286],[76.9445444,28.4229344],[76.9449208,28.4229415]]]}},{"type":"Feature","properties":{"v":"Hayatpur","m":"0","k":"117","t":"Harsaru","vc":"04116","area":1702.3,"lat":28.4231196,"lng":76.9490423},"geometry":{"type":"Polygon","coordinates":[[[76.9491143,28.4208412],[76.9491012,28.4213858],[76.9490881,28.4219304],[76.9490865,28.4219985],[76.949075,28.422475],[76.9490619,28.4230196],[76.9490487,28.4235642],[76.9490356,28.4241088],[76.9490225,28.4246533],[76.9490218,28.4246836],[76.9490094,28.4251979],[76.949009,28.4252129],[76.9490044,28.4254029],[76.9490012,28.4254035],[76.9489701,28.4254091],[76.9489745,28.4252227],[76.9489752,28.4251973],[76.9489883,28.4246527],[76.9490014,28.4241081],[76.9490145,28.4235635],[76.9490227,28.4232232],[76.9490276,28.4230189],[76.94904,28.4225046],[76.9490408,28.4224744],[76.949051,28.4220508],[76.9490531,28.42196],[76.9490539,28.4219298],[76.949067,28.4213852],[76.9490801,28.4208406],[76.9491147,28.4208261],[76.9491143,28.4208412]]]}},{"type":"Feature","properties":{"v":"Hayatpur","m":"18","k":"12/1/1/1","t":"Harsaru","vc":"04116","area":1025.1,"lat":28.4222518,"lng":76.9484726},"geometry":{"type":"Polygon","coordinates":[[[76.948589,28.4220421],[76.9485787,28.4224657],[76.9483563,28.4224615],[76.9483665,28.4220379],[76.948589,28.4220421]]]}},{"type":"Feature","properties":{"v":"Hayatpur","m":"18","k":"22/2","t":"Harsaru","vc":"04116","area":1013.7,"lat":28.4209228,"lng":76.9486216},"geometry":{"type":"Polygon","coordinates":[[[76.9483957,28.4208277],[76.9490801,28.4208406],[76.9483891,28.4211],[76.9483957,28.4208277]]]}},{"type":"Feature","properties":{"v":"Hayatpur","m":"18","k":"13/1","t":"Harsaru","vc":"04116","area":3397.1,"lat":28.422241,"lng":76.9494067},"geometry":{"type":"Polygon","coordinates":[[[76.9490865,28.4219985],[76.9497369,28.4220032],[76.9497252,28.4224872],[76.949075,28.422475],[76.9490865,28.4219985]]]}},{"type":"Feature","properties":{"v":"Hayatpur","m":"18","k":"25/2","t":"Harsaru","vc":"04116","area":2433.3,"lat":28.4211665,"lng":76.9509182},"geometry":{"type":"Polygon","coordinates":[[[76.9511204,28.4214238],[76.9506241,28.4214145],[76.9508084,28.4208731],[76.9511335,28.4208792],[76.9511204,28.4214238]]]}},{"type":"Feature","properties":{"v":"Hayatpur","m":"18","k":"24","t":"Harsaru","vc":"04116","area":4054.5,"lat":28.4211322,"lng":76.9501002},"geometry":{"type":"Polygon","coordinates":[[[76.9497515,28.4213981],[76.9497646,28.4208535],[76.950449,28.4208664],[76.9504359,28.4214109],[76.9497515,28.4213981]]]}},{"type":"Feature","properties":{"v":"Hayatpur","m":"18","k":"23","t":"Harsaru","vc":"04116","area":3852.8,"lat":28.4211197,"lng":76.9494329},"geometry":{"type":"Polygon","coordinates":[[[76.9497515,28.4213981],[76.9491012,28.4213858],[76.9491143,28.4208412],[76.9497646,28.4208535],[76.9497515,28.4213981]]]}},{"type":"Feature","properties":{"v":"Hayatpur","m":"18","k":"22/1","t":"Harsaru","vc":"04116","area":3041.5,"lat":28.4211677,"lng":76.9487679},"geometry":{"type":"Polygon","coordinates":[[[76.949067,28.4213852],[76.9483825,28.4213723],[76.9483891,28.4211],[76.9490801,28.4208406],[76.949067,28.4213852]]]}},{"type":"Feature","properties":{"v":"Hayatpur","m":"18","k":"21","t":"Harsaru","vc":"04116","area":4055.2,"lat":28.4210935,"lng":76.9480469},"geometry":{"type":"Polygon","coordinates":[[[76.9483891,28.4211],[76.9483825,28.4213723],[76.9476981,28.4213594],[76.9477112,28.4208148],[76.9483957,28.4208277],[76.9483891,28.4211]]]}},{"type":"Feature","properties":{"v":"Hayatpur","m":"18","k":"20","t":"Harsaru","vc":"04116","area":4054.9,"lat":28.4216381,"lng":76.9480337},"geometry":{"type":"Polygon","coordinates":[[[76.9483825,28.4213723],[76.9483694,28.4219169],[76.947685,28.421904],[76.9476981,28.4213594],[76.9483825,28.4213723]]]}},{"type":"Feature","properties":{"v":"Hayatpur","m":"18","k":"19","t":"Harsaru","vc":"04116","area":4055.5,"lat":28.4216511,"lng":76.9487182},"geometry":{"type":"Polygon","coordinates":[[[76.9490539,28.4219298],[76.9485919,28.4219211],[76.9483694,28.4219169],[76.9483825,28.4213723],[76.949067,28.4213852],[76.9490539,28.4219298]]]}},{"type":"Feature","properties":{"v":"Hayatpur","m":"18","k":"18","t":"Harsaru","vc":"04116","area":3852.5,"lat":28.4216642,"lng":76.9494198},"geometry":{"type":"Polygon","coordinates":[[[76.9490881,28.4219304],[76.9491012,28.4213858],[76.9497515,28.4213981],[76.9497383,28.4219427],[76.9490881,28.4219304]]]}},{"type":"Feature","properties":{"v":"Hayatpur","m":"18","k":"17","t":"Harsaru","vc":"04116","area":4055.1,"lat":28.4216768,"lng":76.9500871},"geometry":{"type":"Polygon","coordinates":[[[76.9497383,28.4219427],[76.9497515,28.4213981],[76.9504359,28.4214109],[76.9504228,28.4219555],[76.9497383,28.4219427]]]}},{"type":"Feature","properties":{"v":"Hayatpur","m":"18","k":"16/1","t":"Harsaru","vc":"04116","area":3497.7,"lat":28.421705,"lng":76.9508158},"geometry":{"type":"Polygon","coordinates":[[[76.9511073,28.4219684],[76.9504228,28.4219555],[76.9506241,28.4214145],[76.9511204,28.4214238],[76.9511073,28.4219684]]]}},{"type":"Feature","properties":{"v":"Hayatpur","m":"18","k":"15","t":"Harsaru","vc":"04116","area":4055.1,"lat":28.4222342,"lng":76.9507585},"geometry":{"type":"Polygon","coordinates":[[[76.9510941,28.422513],[76.9504097,28.4225001],[76.9504228,28.4219555],[76.9511073,28.4219684],[76.9510941,28.422513]]]}},{"type":"Feature","properties":{"v":"Hayatpur","m":"18","k":"14/1","t":"Harsaru","vc":"04116","area":3548.2,"lat":28.4222077,"lng":76.9500336},"geometry":{"type":"Polygon","coordinates":[[[76.9497383,28.4219427],[76.9504228,28.4219555],[76.9502386,28.4224969],[76.9500675,28.4224937],[76.9497252,28.4224872],[76.9497369,28.4220032],[76.9497383,28.4219427]]]}},{"type":"Feature","properties":{"v":"Hayatpur","m":"18","k":"12/2/2/1","t":"Harsaru","vc":"04116","area":2129.3,"lat":28.4222583,"lng":76.9488149},"geometry":{"type":"Polygon","coordinates":[[[76.948589,28.4220421],[76.949051,28.4220508],[76.9490408,28.4224744],[76.9485787,28.4224657],[76.948589,28.4220421]]]}},{"type":"Feature","properties":{"v":"Hayatpur","m":"18","k":"11","t":"Harsaru","vc":"04116","area":4055.2,"lat":28.4221828,"lng":76.9480206},"geometry":{"type":"Polygon","coordinates":[[[76.9483694,28.4219169],[76.9483687,28.4219471],[76.9483665,28.4220379],[76.9483563,28.4224615],[76.9476718,28.4224486],[76.947685,28.421904],[76.9483694,28.4219169]]]}},{"type":"Feature","properties":{"v":"Hayatpur","m":"18","k":"10/1","t":"Harsaru","vc":"04116","area":2027.2,"lat":28.4228635,"lng":76.9480042},"geometry":{"type":"Polygon","coordinates":[[[76.9476653,28.4227209],[76.9483497,28.4227338],[76.9483432,28.423006],[76.9476587,28.4229932],[76.9476653,28.4227209]]]}},{"type":"Feature","properties":{"v":"Hayatpur","m":"18","k":"9/1","t":"Harsaru","vc":"04116","area":3829.5,"lat":28.4227553,"lng":76.9486916},"geometry":{"type":"Polygon","coordinates":[[[76.94904,28.4225046],[76.9490276,28.4230189],[76.9483432,28.423006],[76.9483497,28.4227338],[76.9483537,28.4225674],[76.9483556,28.4224917],[76.94904,28.4225046]]]}},{"type":"Feature","properties":{"v":"Hayatpur","m":"18","k":"8","t":"Harsaru","vc":"04116","area":3852.2,"lat":28.4227534,"lng":76.9493935},"geometry":{"type":"Polygon","coordinates":[[[76.9497121,28.4230318],[76.9490619,28.4230196],[76.949075,28.422475],[76.9497252,28.4224872],[76.9497121,28.4230318]]]}},{"type":"Feature","properties":{"v":"Hayatpur","m":"18","k":"7/2","t":"Harsaru","vc":"04116","area":2027.7,"lat":28.4227627,"lng":76.9498898},"geometry":{"type":"Polygon","coordinates":[[[76.9497252,28.4224872],[76.9500675,28.4224937],[76.9500543,28.4230383],[76.9497121,28.4230318],[76.9497252,28.4224872]]]}},{"type":"Feature","properties":{"v":"Hayatpur","m":"18","k":"6/2/2","t":"Harsaru","vc":"04116","area":2990.8,"lat":28.422733,"lng":76.9506828},"geometry":{"type":"Polygon","coordinates":[[[76.9504097,28.4225001],[76.9510941,28.422513],[76.9510534,28.4227847],[76.9507454,28.4227789],[76.9507388,28.4230511],[76.9503966,28.4230447],[76.9504031,28.4227724],[76.9504097,28.4225001]]]}},{"type":"Feature","properties":{"v":"Hayatpur","m":"18","k":"5/1/1","t":"Harsaru","vc":"04116","area":2737.0,"lat":28.4233063,"lng":76.9506236},"geometry":{"type":"Polygon","coordinates":[[[76.9503835,28.4235893],[76.9503966,28.4230447],[76.9507388,28.4230511],[76.9509099,28.4230544],[76.9509066,28.4231905],[76.9507599,28.4235964],[76.9503835,28.4235893]]]}},{"type":"Feature","properties":{"v":"Hayatpur","m":"18","k":"4/1/2","t":"Harsaru","vc":"04116","area":1977.0,"lat":28.4233332,"lng":76.9501341},"geometry":{"type":"Polygon","coordinates":[[[76.9498872,28.42358],[76.9500543,28.4230383],[76.9501399,28.4230399],[76.950311,28.4230431],[76.9502979,28.4235877],[76.9498872,28.42358]]]}},{"type":"Feature","properties":{"v":"Hayatpur","m":"18","k":"3","t":"Harsaru","vc":"04116","area":3852.5,"lat":28.423298,"lng":76.9493804},"geometry":{"type":"Polygon","coordinates":[[[76.9490619,28.4230196],[76.9497121,28.4230318],[76.949699,28.4235764],[76.9490487,28.4235642],[76.9490619,28.4230196]]]}},{"type":"Feature","properties":{"v":"Hayatpur","m":"18","k":"2/1","t":"Harsaru","vc":"04116","area":2534.1,"lat":28.4233869,"lng":76.9486763},"geometry":{"type":"Polygon","coordinates":[[[76.9483382,28.4232103],[76.9490227,28.4232232],[76.9490145,28.4235635],[76.94833,28.4235506],[76.9483382,28.4232103]]]}},{"type":"Feature","properties":{"v":"Hayatpur","m":"18","k":"1/1","t":"Harsaru","vc":"04116","area":2533.7,"lat":28.423374,"lng":76.9479919},"geometry":{"type":"Polygon","coordinates":[[[76.9483382,28.4232103],[76.94833,28.4235506],[76.9476456,28.4235377],[76.9476538,28.4231974],[76.9483382,28.4232103]]]}},{"type":"Feature","properties":{"v":"Hayatpur","m":"0","k":"116","t":"Harsaru","vc":"04116","area":691.4,"lat":28.4190915,"lng":76.9491051},"geometry":{"type":"Polygon","coordinates":[[[76.9491195,28.4192068],[76.9491064,28.4197514],[76.9491004,28.4200003],[76.9490652,28.4200382],[76.9490721,28.4197508],[76.9490853,28.4192062],[76.9490984,28.4186616],[76.9491104,28.4181624],[76.9491446,28.418163],[76.9491326,28.4186622],[76.9491319,28.4186925],[76.9491195,28.4192068]]]}},{"type":"Feature","properties":{"v":"Hayatpur","m":"0","k":"114","t":"Harsaru","vc":"04116","area":3377.1,"lat":28.4181146,"lng":76.9477774},"geometry":{"type":"Polygon","coordinates":[[[76.946408,28.4180661],[76.9470924,28.418079],[76.9477769,28.4180919],[76.9484613,28.4181048],[76.9491115,28.418117],[76.9491457,28.4181176],[76.9498302,28.4181305],[76.9505146,28.4181434],[76.951199,28.4181563],[76.9511979,28.4182017],[76.9506675,28.4181917],[76.9505135,28.4181888],[76.9501713,28.4181824],[76.9498291,28.4181759],[76.9491446,28.418163],[76.9491104,28.4181624],[76.9484602,28.4181501],[76.9477758,28.4181372],[76.9473309,28.4181289],[76.9472881,28.4181281],[76.9470913,28.4181243],[76.9464069,28.4181114],[76.9457225,28.4180985],[76.945038,28.4180856],[76.9443536,28.4180727],[76.9443547,28.4180273],[76.9443757,28.4180277],[76.9444402,28.418029],[76.9446798,28.4180335],[76.9450391,28.4180402],[76.9457235,28.4180532],[76.9462882,28.4180638],[76.946408,28.4180661]]]}},{"type":"Feature","properties":{"v":"Hayatpur","m":"28","k":"3/1","t":"Harsaru","vc":"04116","area":1337.7,"lat":28.420728,"lng":76.9495421},"geometry":{"type":"Polygon","coordinates":[[[76.9497646,28.4208535],[76.9491143,28.4208412],[76.9491147,28.4208261],[76.9497733,28.4204904],[76.9497646,28.4208535]]]}},{"type":"Feature","properties":{"v":"Hayatpur","m":"28","k":"26","t":"Harsaru","vc":"04116","area":135.0,"lat":28.4200606,"lng":76.9486186},"geometry":{"type":"Polygon","coordinates":[[[76.948542,28.4199909],[76.9486049,28.4199671],[76.9486953,28.4201302],[76.9486323,28.420154],[76.948542,28.4199909]]]}},{"type":"Feature","properties":{"v":"Hayatpur","m":"28","k":"9/1","t":"Harsaru","vc":"04116","area":696.5,"lat":28.420199,"lng":76.9489443},"geometry":{"type":"Polygon","coordinates":[[[76.9490932,28.420296],[76.9486655,28.4202879],[76.9486816,28.420258],[76.9490652,28.4200382],[76.9491004,28.4200003],[76.9490932,28.420296]]]}},{"type":"Feature","properties":{"v":"Hayatpur","m":"28","k":"13","t":"Harsaru","vc":"04116","area":4054.9,"lat":28.4194855,"lng":76.9494552},"geometry":{"type":"Polygon","coordinates":[[[76.9491064,28.4197514],[76.9491195,28.4192068],[76.9498039,28.4192197],[76.9497908,28.4197643],[76.9491064,28.4197514]]]}},{"type":"Feature","properties":{"v":"Hayatpur","m":"28","k":"25/2","t":"Harsaru","vc":"04116","area":2880.6,"lat":28.4184463,"lng":76.9509267},"geometry":{"type":"Polygon","coordinates":[[[76.9506675,28.4181917],[76.9511979,28.4182017],[76.9511859,28.4187009],[76.9506555,28.4186909],[76.9506675,28.4181917]]]}},{"type":"Feature","properties":{"v":"Hayatpur","m":"28","k":"24/1","t":"Harsaru","vc":"04116","area":1858.7,"lat":28.4184288,"lng":76.9499942},"geometry":{"type":"Polygon","coordinates":[[[76.949817,28.4186751],[76.9498291,28.4181759],[76.9501713,28.4181824],[76.9501593,28.4186816],[76.949817,28.4186751]]]}},{"type":"Feature","properties":{"v":"Hayatpur","m":"28","k":"23","t":"Harsaru","vc":"04116","area":3717.2,"lat":28.418419,"lng":76.9494808},"geometry":{"type":"Polygon","coordinates":[[[76.9491326,28.4186622],[76.9491446,28.418163],[76.9498291,28.4181759],[76.949817,28.4186751],[76.9491326,28.4186622]]]}},{"type":"Feature","properties":{"v":"Hayatpur","m":"28","k":"22","t":"Harsaru","vc":"04116","area":3531.2,"lat":28.4184058,"lng":76.9487793},"geometry":{"type":"Polygon","coordinates":[[[76.9484482,28.4186493],[76.9484602,28.4181501],[76.9491104,28.4181624],[76.9490984,28.4186616],[76.9484482,28.4186493]]]}},{"type":"Feature","properties":{"v":"Hayatpur","m":"28","k":"21","t":"Harsaru","vc":"04116","area":3717.2,"lat":28.4183933,"lng":76.948112},"geometry":{"type":"Polygon","coordinates":[[[76.9484482,28.4186493],[76.9477637,28.4186364],[76.9477758,28.4181372],[76.9484602,28.4181501],[76.9484482,28.4186493]]]}},{"type":"Feature","properties":{"v":"Hayatpur","m":"28","k":"20","t":"Harsaru","vc":"04116","area":4055.3,"lat":28.4189151,"lng":76.9480994},"geometry":{"type":"Polygon","coordinates":[[[76.948435,28.4191939],[76.9477506,28.419181],[76.9477637,28.4186364],[76.9484482,28.4186493],[76.948435,28.4191939]]]}},{"type":"Feature","properties":{"v":"Hayatpur","m":"28","k":"19","t":"Harsaru","vc":"04116","area":3852.6,"lat":28.4189278,"lng":76.9487667},"geometry":{"type":"Polygon","coordinates":[[[76.948435,28.4191939],[76.9484482,28.4186493],[76.9490984,28.4186616],[76.9490853,28.4192062],[76.948435,28.4191939]]]}},{"type":"Feature","properties":{"v":"Hayatpur","m":"28","k":"18/1","t":"Harsaru","vc":"04116","area":3829.4,"lat":28.4189561,"lng":76.9494679},"geometry":{"type":"Polygon","coordinates":[[[76.9491195,28.4192068],[76.9491319,28.4186925],[76.9498163,28.4187054],[76.9498039,28.4192197],[76.9491195,28.4192068]]]}},{"type":"Feature","properties":{"v":"Hayatpur","m":"28","k":"17/2","t":"Harsaru","vc":"04116","area":2027.7,"lat":28.4189506,"lng":76.9499816},"geometry":{"type":"Polygon","coordinates":[[[76.9498039,28.4192197],[76.9498163,28.4187054],[76.949817,28.4186751],[76.9501593,28.4186816],[76.9501461,28.4192262],[76.9498039,28.4192197]]]}},{"type":"Feature","properties":{"v":"Hayatpur","m":"28","k":"16","t":"Harsaru","vc":"04116","area":4055.0,"lat":28.4189667,"lng":76.9508371},"geometry":{"type":"Polygon","coordinates":[[[76.9504884,28.4192326],[76.9505015,28.418688],[76.9506555,28.4186909],[76.9511859,28.4187009],[76.9511728,28.4192455],[76.9504884,28.4192326]]]}},{"type":"Feature","properties":{"v":"Hayatpur","m":"28","k":"15","t":"Harsaru","vc":"04116","area":4054.9,"lat":28.4195114,"lng":76.950824},"geometry":{"type":"Polygon","coordinates":[[[76.9511597,28.4197901],[76.9504753,28.4197772],[76.9504884,28.4192326],[76.9511728,28.4192455],[76.9511597,28.4197901]]]}},{"type":"Feature","properties":{"v":"Hayatpur","m":"28","k":"14","t":"Harsaru","vc":"04116","area":4055.3,"lat":28.4194985,"lng":76.9501396},"geometry":{"type":"Polygon","coordinates":[[[76.9504753,28.4197772],[76.9497908,28.4197643],[76.9498039,28.4192197],[76.9501461,28.4192262],[76.9504884,28.4192326],[76.9504753,28.4197772]]]}},{"type":"Feature","properties":{"v":"Hayatpur","m":"28","k":"12","t":"Harsaru","vc":"04116","area":3852.6,"lat":28.4194723,"lng":76.9487536},"geometry":{"type":"Polygon","coordinates":[[[76.9484219,28.4197385],[76.948435,28.4191939],[76.9490853,28.4192062],[76.9490721,28.4197508],[76.9484219,28.4197385]]]}},{"type":"Feature","properties":{"v":"Hayatpur","m":"28","k":"11","t":"Harsaru","vc":"04116","area":4054.9,"lat":28.4194598,"lng":76.9480863},"geometry":{"type":"Polygon","coordinates":[[[76.9484219,28.4197385],[76.9477375,28.4197256],[76.9477506,28.419181],[76.948435,28.4191939],[76.9484219,28.4197385]]]}},{"type":"Feature","properties":{"v":"Hayatpur","m":"28","k":"10","t":"Harsaru","vc":"04116","area":3830.1,"lat":28.4199893,"lng":76.9480735},"geometry":{"type":"Polygon","coordinates":[[[76.9484219,28.4197385],[76.9484095,28.4202529],[76.9477251,28.42024],[76.9477375,28.4197256],[76.9484219,28.4197385]]]}},{"type":"Feature","properties":{"v":"Hayatpur","m":"28","k":"9/2","t":"Harsaru","vc":"04116","area":3036.7,"lat":28.4199746,"lng":76.9487121},"geometry":{"type":"Polygon","coordinates":[[[76.9484095,28.4202529],[76.9484219,28.4197385],[76.9490721,28.4197508],[76.9490652,28.4200382],[76.9486816,28.420258],[76.9484095,28.4202529]],[[76.948542,28.4199909],[76.9486323,28.420154],[76.9486953,28.4201302],[76.9486049,28.4199671],[76.948542,28.4199909]]]}},{"type":"Feature","properties":{"v":"Hayatpur","m":"28","k":"8","t":"Harsaru","vc":"04116","area":4055.2,"lat":28.4200302,"lng":76.949442},"geometry":{"type":"Polygon","coordinates":[[[76.9491064,28.4197514],[76.9497908,28.4197643],[76.9497901,28.4197946],[76.9497777,28.4203089],[76.9490932,28.420296],[76.9491004,28.4200003],[76.9491064,28.4197514]]]}},{"type":"Feature","properties":{"v":"Hayatpur","m":"28","k":"7","t":"Harsaru","vc":"04116","area":3829.7,"lat":28.4200582,"lng":76.9501261},"geometry":{"type":"Polygon","coordinates":[[[76.9504745,28.4198074],[76.9504621,28.4203218],[76.9497777,28.4203089],[76.9497901,28.4197946],[76.9504745,28.4198074]]]}},{"type":"Feature","properties":{"v":"Hayatpur","m":"28","k":"6/2","t":"Harsaru","vc":"04116","area":3475.8,"lat":28.4200586,"lng":76.9507811},"geometry":{"type":"Polygon","coordinates":[[[76.951159,28.4198203],[76.9511568,28.4199111],[76.9509926,28.4203318],[76.9504621,28.4203218],[76.9504745,28.4198074],[76.951159,28.4198203]]]}},{"type":"Feature","properties":{"v":"Hayatpur","m":"28","k":"5/1","t":"Harsaru","vc":"04116","area":2636.0,"lat":28.4205809,"lng":76.9506812},"geometry":{"type":"Polygon","coordinates":[[[76.9508084,28.4208731],[76.950449,28.4208664],[76.9504621,28.4203218],[76.9509926,28.4203318],[76.9508084,28.4208731]]]}},{"type":"Feature","properties":{"v":"Hayatpur","m":"28","k":"4","t":"Harsaru","vc":"04116","area":4055.0,"lat":28.4205876,"lng":76.9501133},"geometry":{"type":"Polygon","coordinates":[[[76.9497777,28.4203089],[76.9504621,28.4203218],[76.950449,28.4208664],[76.9497646,28.4208535],[76.9497733,28.4204904],[76.9497777,28.4203089]]]}},{"type":"Feature","properties":{"v":"Hayatpur","m":"28","k":"3/2","t":"Harsaru","vc":"04116","area":2714.7,"lat":28.4204989,"lng":76.9493735},"geometry":{"type":"Polygon","coordinates":[[[76.9490932,28.420296],[76.9497777,28.4203089],[76.9497733,28.4204904],[76.9491147,28.4208261],[76.9490801,28.4208406],[76.9490932,28.420296]]]}},{"type":"Feature","properties":{"v":"Hayatpur","m":"28","k":"2","t":"Harsaru","vc":"04116","area":4055.1,"lat":28.4205618,"lng":76.9487444},"geometry":{"type":"Polygon","coordinates":[[[76.9486655,28.4202879],[76.9490932,28.420296],[76.9490801,28.4208406],[76.9483957,28.4208277],[76.9484088,28.4202831],[76.9486655,28.4202879]]]}},{"type":"Feature","properties":{"v":"Hayatpur","m":"28","k":"1","t":"Harsaru","vc":"04116","area":4055.5,"lat":28.420549,"lng":76.94806},"geometry":{"type":"Polygon","coordinates":[[[76.9484088,28.4202831],[76.9483957,28.4208277],[76.9477112,28.4208148],[76.9477243,28.4202702],[76.9484088,28.4202831]]]}},{"type":"Feature","properties":{"v":"Hayatpur","m":"0","k":"118","t":"Harsaru","vc":"04116","area":1640.9,"lat":28.4203808,"lng":76.9453764},"geometry":{"type":"Polygon","coordinates":[[[76.945363,28.4202257],[76.9453637,28.4201954],[76.9456717,28.4202013],[76.9463562,28.4202142],[76.9470235,28.4202267],[76.9470406,28.4202271],[76.9470577,28.4202274],[76.9477251,28.42024],[76.9484095,28.4202529],[76.9486816,28.420258],[76.9486655,28.4202879],[76.9484088,28.4202831],[76.9477243,28.4202702],[76.9475532,28.420267],[76.9473821,28.4202638],[76.9470399,28.4202573],[76.9463554,28.4202444],[76.9459277,28.4202364],[76.945671,28.4202315],[76.9453972,28.4202263],[76.9453841,28.4207709],[76.9453499,28.4207703],[76.9449734,28.4207632],[76.9442889,28.4207503],[76.9442897,28.42072],[76.9449741,28.4207329],[76.9453506,28.42074],[76.945363,28.4202257]]]}},{"type":"Feature","properties":{"v":"Hayatpur","m":"29","k":"5/1","t":"Harsaru","vc":"04116","area":2027.3,"lat":28.4205328,"lng":76.9472044},"geometry":{"type":"Polygon","coordinates":[[[76.9473821,28.4202638],[76.947369,28.4208084],[76.9472834,28.4208067],[76.9470268,28.4208019],[76.9470399,28.4202573],[76.9473821,28.4202638]]]}},{"type":"Feature","properties":{"v":"Hayatpur","m":"29","k":"15/2","t":"Harsaru","vc":"04116","area":1723.4,"lat":28.4194506,"lng":76.9475986},"geometry":{"type":"Polygon","coordinates":[[[76.9474466,28.4197201],[76.9474597,28.4191756],[76.9477506,28.419181],[76.9477375,28.4197256],[76.9474466,28.4197201]]]}},{"type":"Feature","properties":{"v":"Hayatpur","m":"29","k":"16/1","t":"Harsaru","vc":"04116","area":1723.5,"lat":28.418906,"lng":76.9476117},"geometry":{"type":"Polygon","coordinates":[[[76.9474597,28.4191756],[76.9474728,28.418631],[76.9477637,28.4186364],[76.9477506,28.419181],[76.9474597,28.4191756]]]}},{"type":"Feature","properties":{"v":"Hayatpur","m":"29","k":"25/1/1","t":"Harsaru","vc":"04116","area":1068.9,"lat":28.4183758,"lng":76.9471837},"geometry":{"type":"Polygon","coordinates":[[[76.9470793,28.4186236],[76.9470913,28.4181243],[76.9472881,28.4181281],[76.9472761,28.4186273],[76.9470793,28.4186236]]]}},{"type":"Feature","properties":{"v":"Hayatpur","m":"29","k":"2/2","t":"Harsaru","vc":"04116","area":1622.2,"lat":28.4205012,"lng":76.9455275},"geometry":{"type":"Polygon","coordinates":[[[76.945671,28.4202315],[76.9456579,28.4207761],[76.9453841,28.4207709],[76.9453972,28.4202263],[76.945671,28.4202315]]]}},{"type":"Feature","properties":{"v":"Hayatpur","m":"29","k":"13","t":"Harsaru","vc":"04116","area":4055.2,"lat":28.4194211,"lng":76.9460329},"geometry":{"type":"Polygon","coordinates":[[[76.9456841,28.4196869],[76.9456885,28.4195054],[76.9456973,28.4191423],[76.9463817,28.4191552],[76.9463686,28.4196998],[76.9456841,28.4196869]]]}},{"type":"Feature","properties":{"v":"Hayatpur","m":"29","k":"25/2","t":"Harsaru","vc":"04116","area":2416.3,"lat":28.4183827,"lng":76.9475473},"geometry":{"type":"Polygon","coordinates":[[[76.9474728,28.418631],[76.9473188,28.4186281],[76.9473309,28.4181289],[76.9477758,28.4181372],[76.9477637,28.4186364],[76.9474728,28.418631]]]}},{"type":"Feature","properties":{"v":"Hayatpur","m":"29","k":"24","t":"Harsaru","vc":"04116","area":3718.0,"lat":28.4183675,"lng":76.9467431},"geometry":{"type":"Polygon","coordinates":[[[76.9463948,28.4186107],[76.9464069,28.4181114],[76.9470913,28.4181243],[76.9470793,28.4186236],[76.9463948,28.4186107]]]}},{"type":"Feature","properties":{"v":"Hayatpur","m":"29","k":"23","t":"Harsaru","vc":"04116","area":3717.3,"lat":28.4183546,"lng":76.9460587},"geometry":{"type":"Polygon","coordinates":[[[76.9457104,28.4185977],[76.9457225,28.4180985],[76.9464069,28.4181114],[76.9463948,28.4186107],[76.9457104,28.4185977]]]}},{"type":"Feature","properties":{"v":"Hayatpur","m":"29","k":"22","t":"Harsaru","vc":"04116","area":3717.2,"lat":28.4183416,"lng":76.9453742},"geometry":{"type":"Polygon","coordinates":[[[76.945026,28.4185848],[76.945038,28.4180856],[76.9457225,28.4180985],[76.9457104,28.4185977],[76.945026,28.4185848]]]}},{"type":"Feature","properties":{"v":"Hayatpur","m":"29","k":"21","t":"Harsaru","vc":"04116","area":3717.2,"lat":28.4183288,"lng":76.9446898},"geometry":{"type":"Polygon","coordinates":[[[76.945026,28.4185848],[76.9443415,28.4185719],[76.9443536,28.4180727],[76.945038,28.4180856],[76.945026,28.4185848]]]}},{"type":"Feature","properties":{"v":"Hayatpur","m":"29","k":"20","t":"Harsaru","vc":"04116","area":4055.3,"lat":28.4188506,"lng":76.9446772},"geometry":{"type":"Polygon","coordinates":[[[76.9450128,28.4191294],[76.9443284,28.4191165],[76.9443415,28.4185719],[76.945026,28.4185848],[76.9450128,28.4191294]]]}},{"type":"Feature","properties":{"v":"Hayatpur","m":"29","k":"19","t":"Harsaru","vc":"04116","area":4055.3,"lat":28.4188636,"lng":76.9453616},"geometry":{"type":"Polygon","coordinates":[[[76.9456973,28.4191423],[76.9450128,28.4191294],[76.945026,28.4185848],[76.9457104,28.4185977],[76.9456973,28.4191423]]]}},{"type":"Feature","properties":{"v":"Hayatpur","m":"29","k":"18","t":"Harsaru","vc":"04116","area":4054.6,"lat":28.4188765,"lng":76.946046},"geometry":{"type":"Polygon","coordinates":[[[76.9456973,28.4191423],[76.9457104,28.4185977],[76.9463948,28.4186107],[76.9463817,28.4191552],[76.9456973,28.4191423]]]}},{"type":"Feature","properties":{"v":"Hayatpur","m":"29","k":"17","t":"Harsaru","vc":"04116","area":4054.8,"lat":28.4188894,"lng":76.9467305},"geometry":{"type":"Polygon","coordinates":[[[76.9463817,28.4191552],[76.9463948,28.4186107],[76.9470793,28.4186236],[76.9470662,28.4191681],[76.9463817,28.4191552]]]}},{"type":"Feature","properties":{"v":"Hayatpur","m":"29","k":"16/2","t":"Harsaru","vc":"04116","area":2331.2,"lat":28.4188996,"lng":76.9472695},"geometry":{"type":"Polygon","coordinates":[[[76.9474597,28.4191756],[76.9470662,28.4191681],[76.9470793,28.4186236],[76.9472761,28.4186273],[76.9473188,28.4186281],[76.9474728,28.418631],[76.9474597,28.4191756]]]}},{"type":"Feature","properties":{"v":"Hayatpur","m":"29","k":"15/1/2","t":"Harsaru","vc":"04116","area":2306.2,"lat":28.4194414,"lng":76.9472583},"geometry":{"type":"Polygon","coordinates":[[[76.9474466,28.4197201],[76.9471044,28.4197137],[76.9471055,28.4196683],[76.9470541,28.4196673],[76.9470662,28.4191681],[76.9474597,28.4191756],[76.9474466,28.4197201]]]}},{"type":"Feature","properties":{"v":"Hayatpur","m":"29","k":"14/1","t":"Harsaru","vc":"04116","area":4030.2,"lat":28.4194324,"lng":76.9467154},"geometry":{"type":"Polygon","coordinates":[[[76.9470541,28.4196673],[76.9470028,28.4196664],[76.9470017,28.4197118],[76.9463686,28.4196998],[76.9463817,28.4191552],[76.9470662,28.4191681],[76.9470541,28.4196673]]]}},{"type":"Feature","properties":{"v":"Hayatpur","m":"29","k":"12/2","t":"Harsaru","vc":"04116","area":2703.7,"lat":28.4193174,"lng":76.9453507},"geometry":{"type":"Polygon","coordinates":[[[76.9450041,28.4194925],[76.9450128,28.4191294],[76.9456973,28.4191423],[76.9456885,28.4195054],[76.9450041,28.4194925]]]}},{"type":"Feature","properties":{"v":"Hayatpur","m":"29","k":"11","t":"Harsaru","vc":"04116","area":4055.3,"lat":28.4193953,"lng":76.944664},"geometry":{"type":"Polygon","coordinates":[[[76.9449997,28.419674],[76.9443152,28.4196611],[76.9443284,28.4191165],[76.9450128,28.4191294],[76.9450041,28.4194925],[76.9449997,28.419674]]]}},{"type":"Feature","properties":{"v":"Hayatpur","m":"29","k":"10/1","t":"Harsaru","vc":"04116","area":2703.5,"lat":28.4200306,"lng":76.9446487},"geometry":{"type":"Polygon","coordinates":[[[76.9443109,28.4198426],[76.9449953,28.4198555],[76.9449865,28.4202186],[76.9443021,28.4202057],[76.9443109,28.4198426]]]}},{"type":"Feature","properties":{"v":"Hayatpur","m":"29","k":"9/1","t":"Harsaru","vc":"04116","area":2602.2,"lat":28.4200369,"lng":76.945326},"geometry":{"type":"Polygon","coordinates":[[[76.945363,28.4202257],[76.9449865,28.4202186],[76.9449953,28.4198555],[76.9456798,28.4198685],[76.9456717,28.4202013],[76.9453637,28.4201954],[76.945363,28.4202257]]]}},{"type":"Feature","properties":{"v":"Hayatpur","m":"29","k":"8","t":"Harsaru","vc":"04116","area":3830.4,"lat":28.4199506,"lng":76.9460202},"geometry":{"type":"Polygon","coordinates":[[[76.9456841,28.4196869],[76.9463686,28.4196998],[76.9463562,28.4202142],[76.9456717,28.4202013],[76.9456798,28.4198685],[76.9456841,28.4196869]]]}},{"type":"Feature","properties":{"v":"Hayatpur","m":"29","k":"7/3","t":"Harsaru","vc":"04116","area":3717.0,"lat":28.4199643,"lng":76.9466946},"geometry":{"type":"Polygon","coordinates":[[[76.9470348,28.4197578],[76.9470235,28.4202267],[76.9463562,28.4202142],[76.9463686,28.4196998],[76.9470017,28.4197118],[76.9470006,28.4197571],[76.9470348,28.4197578]]]}},{"type":"Feature","properties":{"v":"Hayatpur","m":"29","k":"6/1","t":"Harsaru","vc":"04116","area":3717.9,"lat":28.4199776,"lng":76.947399},"geometry":{"type":"Polygon","coordinates":[[[76.9470577,28.4202274],[76.947069,28.4197584],[76.9471033,28.4197591],[76.9471044,28.4197137],[76.9474466,28.4197201],[76.9477375,28.4197256],[76.9477251,28.42024],[76.9470577,28.4202274]]]}},{"type":"Feature","properties":{"v":"Hayatpur","m":"29","k":"5/2/1","t":"Harsaru","vc":"04116","area":1013.7,"lat":28.4205377,"lng":76.9474611},"geometry":{"type":"Polygon","coordinates":[[[76.9475532,28.420267],[76.9475401,28.4208116],[76.947369,28.4208084],[76.9473821,28.4202638],[76.9475532,28.420267]]]}},{"type":"Feature","properties":{"v":"Hayatpur","m":"29","k":"4","t":"Harsaru","vc":"04116","area":4055.5,"lat":28.4205232,"lng":76.9466911},"geometry":{"type":"Polygon","coordinates":[[[76.9470399,28.4202573],[76.9470268,28.4208019],[76.9463423,28.420789],[76.9463554,28.4202444],[76.9470399,28.4202573]]]}},{"type":"Feature","properties":{"v":"Hayatpur","m":"29","k":"3/2","t":"Harsaru","vc":"04116","area":2534.1,"lat":28.4205127,"lng":76.946135},"geometry":{"type":"Polygon","coordinates":[[[76.9463554,28.4202444],[76.9463423,28.420789],[76.9459145,28.4207809],[76.9459277,28.4202364],[76.9463554,28.4202444]]]}},{"type":"Feature","properties":{"v":"Hayatpur","m":"29","k":"2/1","t":"Harsaru","vc":"04116","area":2106.6,"lat":28.4204793,"lng":76.9451685},"geometry":{"type":"Polygon","coordinates":[[[76.945363,28.4202257],[76.9453506,28.42074],[76.9449741,28.4207329],[76.9449865,28.4202186],[76.945363,28.4202257]]]}},{"type":"Feature","properties":{"v":"Hayatpur","m":"29","k":"1","t":"Harsaru","vc":"04116","area":3829.3,"lat":28.4204693,"lng":76.9446381},"geometry":{"type":"Polygon","coordinates":[[[76.9449865,28.4202186],[76.9449741,28.4207329],[76.9442897,28.42072],[76.9443021,28.4202057],[76.9449865,28.4202186]]]}},{"type":"Feature","properties":{"v":"Hayatpur","m":"30","k":"2/1","t":"Harsaru","vc":"04116","area":1464.3,"lat":28.4206067,"lng":76.9418957},"geometry":{"type":"Polygon","coordinates":[[[76.9415559,28.4205019],[76.9422403,28.4205149],[76.9422356,28.4207115],[76.9415511,28.4206986],[76.9415559,28.4205019]]]}},{"type":"Feature","properties":{"v":"Hayatpur","m":"30","k":"26","t":"Harsaru","vc":"04116","area":310.5,"lat":28.4201764,"lng":76.9437624},"geometry":{"type":"Polygon","coordinates":[[[76.9437075,28.420039],[76.9438401,28.420197],[76.9439076,28.4202654],[76.9438204,28.4203134],[76.9436202,28.4200869],[76.9437075,28.420039]]]}},{"type":"Feature","properties":{"v":"Hayatpur","m":"30","k":"13","t":"Harsaru","vc":"04116","area":4054.6,"lat":28.4193565,"lng":76.9426107},"geometry":{"type":"Polygon","coordinates":[[[76.9422751,28.4190778],[76.9429595,28.4190907],[76.9429463,28.4196353],[76.9422619,28.4196223],[76.9422751,28.4190778]]]}},{"type":"Feature","properties":{"v":"Hayatpur","m":"30","k":"25/1","t":"Harsaru","vc":"04116","area":2344.2,"lat":28.4183948,"lng":76.9439754},"geometry":{"type":"Polygon","coordinates":[[[76.9436571,28.418559],[76.9436655,28.4182111],[76.9442982,28.4182382],[76.9442902,28.418571],[76.9436571,28.418559]]]}},{"type":"Feature","properties":{"v":"Hayatpur","m":"30","k":"24","t":"Harsaru","vc":"04116","area":4055.1,"lat":28.4182802,"lng":76.9433215},"geometry":{"type":"Polygon","coordinates":[[[76.9436571,28.418559],[76.9429727,28.4185461],[76.9429858,28.4180015],[76.9436702,28.4180144],[76.9436655,28.4182111],[76.9436571,28.418559]]]}},{"type":"Feature","properties":{"v":"Hayatpur","m":"30","k":"23/1","t":"Harsaru","vc":"04116","area":2636.0,"lat":28.4182651,"lng":76.9425172},"geometry":{"type":"Polygon","coordinates":[[[76.9422882,28.4185332],[76.9423014,28.4179886],[76.9427463,28.417997],[76.9427331,28.4185416],[76.9422882,28.4185332]]]}},{"type":"Feature","properties":{"v":"Hayatpur","m":"30","k":"22","t":"Harsaru","vc":"04116","area":4054.9,"lat":28.4182544,"lng":76.9419526},"geometry":{"type":"Polygon","coordinates":[[[76.9416038,28.4185202],[76.9416169,28.4179757],[76.9423014,28.4179886],[76.9422882,28.4185332],[76.9416038,28.4185202]]]}},{"type":"Feature","properties":{"v":"Hayatpur","m":"30","k":"21","t":"Harsaru","vc":"04116","area":4054.9,"lat":28.4182415,"lng":76.9412681},"geometry":{"type":"Polygon","coordinates":[[[76.9416038,28.4185202],[76.9409193,28.4185073],[76.9409325,28.4179627],[76.9416169,28.4179757],[76.9416038,28.4185202]]]}},{"type":"Feature","properties":{"v":"Hayatpur","m":"30","k":"20","t":"Harsaru","vc":"04116","area":4055.3,"lat":28.418786,"lng":76.941255},"geometry":{"type":"Polygon","coordinates":[[[76.9415906,28.4190648],[76.9409062,28.4190519],[76.9409193,28.4185073],[76.9416038,28.4185202],[76.9415906,28.4190648]]]}},{"type":"Feature","properties":{"v":"Hayatpur","m":"30","k":"19","t":"Harsaru","vc":"04116","area":4055.3,"lat":28.418799,"lng":76.9419394},"geometry":{"type":"Polygon","coordinates":[[[76.9422751,28.4190778],[76.9415906,28.4190648],[76.9416038,28.4185202],[76.9422882,28.4185332],[76.9422751,28.4190778]]]}},{"type":"Feature","properties":{"v":"Hayatpur","m":"30","k":"18","t":"Harsaru","vc":"04116","area":4055.2,"lat":28.4188119,"lng":76.9426239},"geometry":{"type":"Polygon","coordinates":[[[76.9429595,28.4190907],[76.9422751,28.4190778],[76.9422882,28.4185332],[76.9427331,28.4185416],[76.9429727,28.4185461],[76.9429595,28.4190907]]]}},{"type":"Feature","properties":{"v":"Hayatpur","m":"30","k":"17","t":"Harsaru","vc":"04116","area":4055.0,"lat":28.4188249,"lng":76.9433083},"geometry":{"type":"Polygon","coordinates":[[[76.9429595,28.4190907],[76.9429727,28.4185461],[76.9436571,28.418559],[76.9436439,28.4191036],[76.9429595,28.4190907]]]}},{"type":"Feature","properties":{"v":"Hayatpur","m":"30","k":"16","t":"Harsaru","vc":"04116","area":3751.1,"lat":28.4188373,"lng":76.9439671},"geometry":{"type":"Polygon","coordinates":[[[76.9436571,28.418559],[76.9442902,28.418571],[76.9442771,28.4191155],[76.9436953,28.4191046],[76.9436439,28.4191036],[76.9436571,28.418559]]]}},{"type":"Feature","properties":{"v":"Hayatpur","m":"30","k":"15/2","t":"Harsaru","vc":"04116","area":3447.1,"lat":28.4193823,"lng":76.9439796},"geometry":{"type":"Polygon","coordinates":[[[76.9436953,28.4191046],[76.9442771,28.4191155],[76.9442639,28.4196601],[76.9436821,28.4196492],[76.9436953,28.4191046]]]}},{"type":"Feature","properties":{"v":"Hayatpur","m":"30","k":"14","t":"Harsaru","vc":"04116","area":4055.2,"lat":28.4193695,"lng":76.9432951},"geometry":{"type":"Polygon","coordinates":[[[76.9436308,28.4196482],[76.9429463,28.4196353],[76.9429595,28.4190907],[76.9436439,28.4191036],[76.9436308,28.4196482]]]}},{"type":"Feature","properties":{"v":"Hayatpur","m":"30","k":"12","t":"Harsaru","vc":"04116","area":4054.9,"lat":28.4193436,"lng":76.9419263},"geometry":{"type":"Polygon","coordinates":[[[76.9422619,28.4196223],[76.9415775,28.4196094],[76.9415906,28.4190648],[76.9422751,28.4190778],[76.9422619,28.4196223]]]}},{"type":"Feature","properties":{"v":"Hayatpur","m":"30","k":"11","t":"Harsaru","vc":"04116","area":4055.2,"lat":28.4193307,"lng":76.9412418},"geometry":{"type":"Polygon","coordinates":[[[76.9415775,28.4196094],[76.9414406,28.4196068],[76.940893,28.4195965],[76.9409062,28.4190519],[76.9415906,28.4190648],[76.9415775,28.4196094]]]}},{"type":"Feature","properties":{"v":"Hayatpur","m":"30","k":"10/2","t":"Harsaru","vc":"04116","area":3269.8,"lat":28.4198747,"lng":76.9411623},"geometry":{"type":"Polygon","coordinates":[[[76.9408798,28.4201411],[76.940893,28.4195965],[76.9414406,28.4196068],[76.941436,28.4201516],[76.9412221,28.4201475],[76.9408798,28.4201411]]]}},{"type":"Feature","properties":{"v":"Hayatpur","m":"30","k":"9","t":"Harsaru","vc":"04116","area":4054.9,"lat":28.4198881,"lng":76.9419131},"geometry":{"type":"Polygon","coordinates":[[[76.9415643,28.420154],[76.9415775,28.4196094],[76.9422619,28.4196223],[76.9422487,28.4201669],[76.9415643,28.420154]]]}},{"type":"Feature","properties":{"v":"Hayatpur","m":"30","k":"8","t":"Harsaru","vc":"04116","area":4055.2,"lat":28.4199011,"lng":76.9425975},"geometry":{"type":"Polygon","coordinates":[[[76.9422487,28.4201669],[76.9422619,28.4196223],[76.9429463,28.4196353],[76.9429332,28.4201799],[76.9422487,28.4201669]]]}},{"type":"Feature","properties":{"v":"Hayatpur","m":"30","k":"7","t":"Harsaru","vc":"04116","area":4055.3,"lat":28.419914,"lng":76.943282},"geometry":{"type":"Polygon","coordinates":[[[76.9436202,28.4200869],[76.9436176,28.4201928],[76.9429332,28.4201799],[76.9429463,28.4196353],[76.9436308,28.4196482],[76.9436202,28.4200869]]]}},{"type":"Feature","properties":{"v":"Hayatpur","m":"30","k":"6","t":"Harsaru","vc":"04116","area":3513.4,"lat":28.4199123,"lng":76.9439566},"geometry":{"type":"Polygon","coordinates":[[[76.9442639,28.4196601],[76.9442508,28.4202047],[76.9438401,28.420197],[76.9437075,28.420039],[76.9436202,28.4200869],[76.9436308,28.4196482],[76.9436821,28.4196492],[76.9442639,28.4196601]]]}},{"type":"Feature","properties":{"v":"Hayatpur","m":"30","k":"5","t":"Harsaru","vc":"04116","area":3678.5,"lat":28.4204742,"lng":76.9439273},"geometry":{"type":"Polygon","coordinates":[[[76.9436176,28.4201928],[76.9436202,28.4200869],[76.9438204,28.4203134],[76.9439076,28.4202654],[76.9438401,28.420197],[76.9442508,28.4202047],[76.9442376,28.4207493],[76.9439809,28.4207445],[76.9436045,28.4207374],[76.9436176,28.4201928]]]}},{"type":"Feature","properties":{"v":"Hayatpur","m":"30","k":"4","t":"Harsaru","vc":"04116","area":4054.9,"lat":28.4204586,"lng":76.9432688},"geometry":{"type":"Polygon","coordinates":[[[76.9429332,28.4201799],[76.9436176,28.4201928],[76.9436045,28.4207374],[76.94292,28.4207244],[76.9429332,28.4201799]]]}},{"type":"Feature","properties":{"v":"Hayatpur","m":"30","k":"3","t":"Harsaru","vc":"04116","area":4054.9,"lat":28.4204457,"lng":76.9425844},"geometry":{"type":"Polygon","coordinates":[[[76.9422403,28.4205149],[76.9422487,28.4201669],[76.9429332,28.4201799],[76.94292,28.4207244],[76.9422356,28.4207115],[76.9422403,28.4205149]]]}},{"type":"Feature","properties":{"v":"Hayatpur","m":"30","k":"2/2","t":"Harsaru","vc":"04116","area":2590.7,"lat":28.4203344,"lng":76.9419023},"geometry":{"type":"Polygon","coordinates":[[[76.9415643,28.420154],[76.9422487,28.4201669],[76.9422403,28.4205149],[76.9415559,28.4205019],[76.9415643,28.420154]]]}},{"type":"Feature","properties":{"v":"Hayatpur","m":"30","k":"1/1","t":"Harsaru","vc":"04116","area":2027.8,"lat":28.4204166,"lng":76.9410444},"geometry":{"type":"Polygon","coordinates":[[[76.9408798,28.4201411],[76.9412221,28.4201475],[76.9412089,28.4206921],[76.9408667,28.4206857],[76.9408798,28.4201411]]]}},{"type":"Feature","properties":{"v":"Hayatpur","m":"31","k":"13/2/1","t":"Harsaru","vc":"04116","area":608.3,"lat":28.4190813,"lng":76.9390585},"geometry":{"type":"Polygon","coordinates":[[[76.9388528,28.4190131],[76.9391951,28.4190196],[76.939332,28.4190222],[76.9391918,28.4191557],[76.9390207,28.4191525],[76.9388495,28.4191492],[76.9388528,28.4190131]]]}},{"type":"Feature","properties":{"v":"Hayatpur","m":"31","k":"16/1","t":"Harsaru","vc":"04116","area":608.2,"lat":28.4187787,"lng":76.9408614},"geometry":{"type":"Polygon","coordinates":[[[76.9408035,28.41905],[76.9408167,28.4185054],[76.9409193,28.4185073],[76.9409062,28.4190519],[76.9408035,28.41905]]]}},{"type":"Feature","properties":{"v":"Hayatpur","m":"31","k":"25/2","t":"Harsaru","vc":"04116","area":1926.3,"lat":28.418232,"lng":76.9407633},"geometry":{"type":"Polygon","coordinates":[[[76.9405942,28.4185012],[76.9405982,28.4183348],[76.9406074,28.4179566],[76.9409325,28.4179627],[76.9409193,28.4185073],[76.9408167,28.4185054],[76.9405942,28.4185012]]]}},{"type":"Feature","properties":{"v":"Hayatpur","m":"31","k":"20/1/2","t":"Harsaru","vc":"04116","area":1681.6,"lat":28.4188717,"lng":76.9378405},"geometry":{"type":"Polygon","coordinates":[[[76.9381743,28.4187581],[76.9381724,28.4188338],[76.9381342,28.4189995],[76.9380315,28.4189976],[76.9375182,28.4189879],[76.937524,28.4187458],[76.9381743,28.4187581]]]}},{"type":"Feature","properties":{"v":"Hayatpur","m":"31","k":"13/1/2","t":"Harsaru","vc":"04116","area":2547.1,"lat":28.4193681,"lng":76.9392412},"geometry":{"type":"Polygon","coordinates":[[[76.9390207,28.4191525],[76.9391918,28.4191557],[76.939534,28.4191622],[76.9395241,28.4195706],[76.9389594,28.41956],[76.938891,28.4195587],[76.9390207,28.4191525]]]}},{"type":"Feature","properties":{"v":"Hayatpur","m":"31","k":"25/1/2","t":"Harsaru","vc":"04116","area":1478.4,"lat":28.4181423,"lng":76.9404232},"geometry":{"type":"Polygon","coordinates":[[[76.9405982,28.4183348],[76.9402389,28.418328],[76.9402481,28.4179498],[76.9406074,28.4179566],[76.9405982,28.4183348]]]}},{"type":"Feature","properties":{"v":"Hayatpur","m":"31","k":"24/2","t":"Harsaru","vc":"04116","area":3942.6,"lat":28.4182081,"lng":76.9398995},"geometry":{"type":"Polygon","coordinates":[[[76.9395679,28.4184666],[76.9395508,28.4184663],[76.9395564,28.4182356],[76.9395636,28.4179369],[76.9395807,28.4179372],[76.9400427,28.4179459],[76.9402481,28.4179498],[76.9402389,28.418328],[76.9402353,28.4184793],[76.9395679,28.4184666]]]}},{"type":"Feature","properties":{"v":"Hayatpur","m":"31","k":"23/1","t":"Harsaru","vc":"04116","area":506.6,"lat":28.418197,"lng":76.9389154},"geometry":{"type":"Polygon","coordinates":[[[76.9388747,28.4181115],[76.9388792,28.4179239],[76.9389647,28.4179255],[76.9389575,28.4182243],[76.9389516,28.4184701],[76.938866,28.4184685],[76.9388688,28.4183548],[76.9388747,28.4181115]]]}},{"type":"Feature","properties":{"v":"Hayatpur","m":"31","k":"22/1/1","t":"Harsaru","vc":"04116","area":1483.2,"lat":28.41815,"lng":76.9383266},"geometry":{"type":"Polygon","coordinates":[[[76.9384761,28.4183093],[76.9384541,28.4183203],[76.9381816,28.4184556],[76.9381889,28.418153],[76.9381948,28.417911],[76.9384856,28.4179165],[76.9384831,28.4180224],[76.9384761,28.4183093]]]}},{"type":"Feature","properties":{"v":"Hayatpur","m":"31","k":"21/1","t":"Harsaru","vc":"04116","area":2087.2,"lat":28.4183019,"lng":76.9378628},"geometry":{"type":"Polygon","coordinates":[[[76.9381816,28.4184556],[76.9375314,28.4184433],[76.9375383,28.4181558],[76.9381889,28.418153],[76.9381816,28.4184556]]]}},{"type":"Feature","properties":{"v":"Hayatpur","m":"31","k":"20/2","t":"Harsaru","vc":"04116","area":2140.0,"lat":28.4186007,"lng":76.9378528},"geometry":{"type":"Polygon","coordinates":[[[76.9381743,28.4187581],[76.937524,28.4187458],[76.9375314,28.4184433],[76.9381816,28.4184556],[76.9381743,28.4187581]]]}},{"type":"Feature","properties":{"v":"Hayatpur","m":"31","k":"19/1","t":"Harsaru","vc":"04116","area":3633.0,"lat":28.4187519,"lng":76.9385486},"geometry":{"type":"Polygon","coordinates":[[[76.9388528,28.4190131],[76.9381684,28.4190002],[76.9381724,28.4188338],[76.9383869,28.4184594],[76.938866,28.4184685],[76.9388528,28.4190131]]]}},{"type":"Feature","properties":{"v":"Hayatpur","m":"31","k":"18/2","t":"Harsaru","vc":"04116","area":2889.6,"lat":28.4187185,"lng":76.9391111},"geometry":{"type":"Polygon","coordinates":[[[76.9388528,28.4190131],[76.938866,28.4184685],[76.9389516,28.4184701],[76.9394991,28.4184805],[76.9392409,28.4189383],[76.9391951,28.4190196],[76.9388528,28.4190131]]]}},{"type":"Feature","properties":{"v":"Hayatpur","m":"31","k":"17/1","t":"Harsaru","vc":"04116","area":3871.7,"lat":28.4187495,"lng":76.9398977},"geometry":{"type":"Polygon","coordinates":[[[76.9395505,28.4184814],[76.9402349,28.4184944],[76.9402217,28.419039],[76.9397426,28.4190299],[76.9397446,28.4189478],[76.9395393,28.418944],[76.9395505,28.4184814]]]}},{"type":"Feature","properties":{"v":"Hayatpur","m":"31","k":"16/2","t":"Harsaru","vc":"04116","area":3447.1,"lat":28.4187722,"lng":76.9405192},"geometry":{"type":"Polygon","coordinates":[[[76.9402217,28.419039],[76.9402349,28.4184944],[76.9405942,28.4185012],[76.9408167,28.4185054],[76.9408035,28.41905],[76.9402217,28.419039]]]}},{"type":"Feature","properties":{"v":"Hayatpur","m":"31","k":"15","t":"Harsaru","vc":"04116","area":4055.1,"lat":28.4193178,"lng":76.9405574},"geometry":{"type":"Polygon","coordinates":[[[76.9402086,28.4195836],[76.9402217,28.419039],[76.9408035,28.41905],[76.9409062,28.4190519],[76.940893,28.4195965],[76.9402086,28.4195836]]]}},{"type":"Feature","properties":{"v":"Hayatpur","m":"31","k":"14/2","t":"Harsaru","vc":"04116","area":2787.9,"lat":28.4193052,"lng":76.9399799},"geometry":{"type":"Polygon","coordinates":[[[76.9402086,28.4195836],[76.9397466,28.4195748],[76.9397426,28.4190299],[76.9402217,28.419039],[76.9402086,28.4195836]]]}},{"type":"Feature","properties":{"v":"Hayatpur","m":"31","k":"12","t":"Harsaru","vc":"04116","area":4054.8,"lat":28.4192789,"lng":76.938504},"geometry":{"type":"Polygon","coordinates":[[[76.9388495,28.4191492],[76.9388397,28.4195577],[76.9381552,28.4195447],[76.9381684,28.4190002],[76.9388528,28.4190131],[76.9388495,28.4191492]]]}},{"type":"Feature","properties":{"v":"Hayatpur","m":"31","k":"11/5","t":"Harsaru","vc":"04116","area":3716.5,"lat":28.4192765,"lng":76.937796},"geometry":{"type":"Polygon","coordinates":[[[76.9381552,28.4195447],[76.9377103,28.4195363],[76.9374708,28.4195318],[76.937484,28.4189872],[76.9375182,28.4189879],[76.9380315,28.4189976],[76.9380297,28.4190732],[76.9380278,28.4191488],[76.938026,28.4192245],[76.9380242,28.4193001],[76.9381269,28.4193021],[76.9381287,28.4192264],[76.9381305,28.4191508],[76.9381323,28.4190751],[76.9381342,28.4189995],[76.9381684,28.4190002],[76.9381552,28.4195447]]]}},{"type":"Feature","properties":{"v":"Hayatpur","m":"31","k":"10/1","t":"Harsaru","vc":"04116","area":3503.2,"lat":28.419832,"lng":76.9378472},"geometry":{"type":"Polygon","coordinates":[[[76.938142,28.4200893],[76.9374576,28.4200764],[76.9374605,28.4199554],[76.9377103,28.4195363],[76.9381552,28.4195447],[76.938142,28.4200893]]]}},{"type":"Feature","properties":{"v":"Hayatpur","m":"31","k":"9/2","t":"Harsaru","vc":"04116","area":2595.5,"lat":28.4197553,"lng":76.938409},"geometry":{"type":"Polygon","coordinates":[[[76.9381552,28.4195447],[76.9388397,28.4195577],[76.9388382,28.4196182],[76.9388377,28.4196409],[76.9382447,28.4200913],[76.938142,28.4200893],[76.9381552,28.4195447]]]}},{"type":"Feature","properties":{"v":"Hayatpur","m":"31","k":"8/1/1","t":"Harsaru","vc":"04116","area":3345.1,"lat":28.4198376,"lng":76.9392352},"geometry":{"type":"Polygon","coordinates":[[[76.9395109,28.4201152],[76.9389463,28.4201045],[76.9389594,28.41956],[76.9395241,28.4195706],[76.9395109,28.4201152]]]}},{"type":"Feature","properties":{"v":"Hayatpur","m":"31","k":"7","t":"Harsaru","vc":"04116","area":4055.7,"lat":28.4198494,"lng":76.9398597},"geometry":{"type":"Polygon","coordinates":[[[76.9402086,28.4195836],[76.9401954,28.4201282],[76.9395109,28.4201152],[76.9395241,28.4195706],[76.9397466,28.4195748],[76.9402086,28.4195836]]]}},{"type":"Feature","properties":{"v":"Hayatpur","m":"31","k":"6","t":"Harsaru","vc":"04116","area":4055.0,"lat":28.4198624,"lng":76.9405442},"geometry":{"type":"Polygon","coordinates":[[[76.9402086,28.4195836],[76.940893,28.4195965],[76.9408798,28.4201411],[76.9401954,28.4201282],[76.9402086,28.4195836]]]}},{"type":"Feature","properties":{"v":"Hayatpur","m":"31","k":"5","t":"Harsaru","vc":"04116","area":4055.1,"lat":28.420407,"lng":76.940531},"geometry":{"type":"Polygon","coordinates":[[[76.9401954,28.4201282],[76.9408798,28.4201411],[76.9408667,28.4206857],[76.9402678,28.4206744],[76.9401822,28.4206727],[76.9401954,28.4201282]]]}},{"type":"Feature","properties":{"v":"Hayatpur","m":"31","k":"4","t":"Harsaru","vc":"04116","area":4054.9,"lat":28.420394,"lng":76.9398466},"geometry":{"type":"Polygon","coordinates":[[[76.9395109,28.4201152],[76.9401954,28.4201282],[76.9401822,28.4206727],[76.9394978,28.4206598],[76.9395109,28.4201152]]]}},{"type":"Feature","properties":{"v":"Hayatpur","m":"31","k":"3","t":"Harsaru","vc":"04116","area":4055.4,"lat":28.420381,"lng":76.9391621},"geometry":{"type":"Polygon","coordinates":[[[76.9395109,28.4201152],[76.9394978,28.4206598],[76.9388133,28.4206469],[76.9388265,28.4201023],[76.9389463,28.4201045],[76.9395109,28.4201152]]]}},{"type":"Feature","properties":{"v":"Hayatpur","m":"31","k":"2/2","t":"Harsaru","vc":"04116","area":2433.4,"lat":28.4204046,"lng":76.9386041},"geometry":{"type":"Polygon","coordinates":[[[76.9388265,28.4201023],[76.9388133,28.4206469],[76.9382486,28.4206362],[76.9385698,28.4200974],[76.9388265,28.4201023]]]}},{"type":"Feature","properties":{"v":"Hayatpur","m":"31","k":"1","t":"Harsaru","vc":"04116","area":4055.2,"lat":28.4203552,"lng":76.9377932},"geometry":{"type":"Polygon","coordinates":[[[76.938142,28.4200893],[76.9381289,28.4206339],[76.9374444,28.420621],[76.9374576,28.4200764],[76.938142,28.4200893]]]}},{"type":"Feature","properties":{"v":"Hayatpur","m":"0","k":"","t":"Harsaru","vc":"04116","area":405.6,"lat":28.4184428,"lng":76.9375142},"geometry":{"type":"Polygon","coordinates":[[[76.9375182,28.4189879],[76.937484,28.4189872],[76.9374971,28.4184426],[76.9375103,28.417898],[76.9375445,28.4178987],[76.9375383,28.4181558],[76.9375314,28.4184433],[76.937524,28.4187458],[76.9375182,28.4189879]]]}},{"type":"Feature","properties":{"v":"Hayatpur","m":"0","k":"","t":"Harsaru","vc":"04116","area":450.1,"lat":28.4197923,"lng":76.9504745},"geometry":{"type":"Polygon","coordinates":[[[76.9504753,28.4197772],[76.9511597,28.4197901],[76.951159,28.4198203],[76.9504745,28.4198074],[76.9497901,28.4197946],[76.9497908,28.4197643],[76.9504753,28.4197772]]]}},{"type":"Feature","properties":{"v":"Hayatpur","m":"0","k":"119","t":"Harsaru","vc":"04116","area":5177.4,"lat":28.4224457,"lng":76.9442223},"geometry":{"type":"Polygon","coordinates":[[[76.9435377,28.4235057],[76.9435387,28.4234603],[76.9436756,28.4234629],[76.9441719,28.4234723],[76.944185,28.4229277],[76.9441982,28.4223831],[76.9441989,28.4223528],[76.9442113,28.4218385],[76.9442245,28.4212939],[76.9442332,28.4209308],[76.9442376,28.4207493],[76.9442508,28.4202047],[76.9442639,28.4196601],[76.9442771,28.4191155],[76.9442902,28.418571],[76.9442982,28.4182382],[76.9443033,28.4180264],[76.9443547,28.4180273],[76.9443536,28.4180727],[76.9443415,28.4185719],[76.9443284,28.4191165],[76.9443152,28.4196611],[76.9443109,28.4198426],[76.9443021,28.4202057],[76.9442897,28.42072],[76.9442889,28.4207503],[76.9442758,28.4212949],[76.9442627,28.4218395],[76.9442495,28.422384],[76.9442364,28.4229286],[76.9442232,28.4234732],[76.9442221,28.4235186],[76.943589,28.4235067],[76.9435857,28.4236428],[76.9435769,28.4240059],[76.9435638,28.4245505],[76.9435506,28.425095],[76.9435375,28.4256396],[76.9435243,28.4261842],[76.9435112,28.4267288],[76.9434599,28.4267278],[76.943473,28.4261833],[76.9434862,28.4256387],[76.9434993,28.4250941],[76.9435125,28.4245495],[76.9435256,28.4240049],[76.9435377,28.4235057]]]}},{"type":"Feature","properties":{"v":"Hayatpur","m":"0","k":"","t":"Harsaru","vc":"04116","area":8062.1,"lat":28.4262156,"lng":76.9404107},"geometry":{"type":"Polygon","coordinates":[[[76.9380182,28.4252085],[76.938698,28.425412],[76.9389005,28.4254936],[76.9393762,28.4256852],[76.9400531,28.4260127],[76.9403278,28.4261239],[76.940731,28.426298],[76.9412604,28.4263549],[76.9414141,28.4263714],[76.9418578,28.426429],[76.9420967,28.42646],[76.9427783,28.4265939],[76.9429487,28.4266274],[76.9430505,28.4266474],[76.9431006,28.4266572],[76.9432426,28.4266852],[76.9433763,28.4267114],[76.9434599,28.4267278],[76.9435112,28.4267288],[76.9441411,28.4268769],[76.944192,28.4268947],[76.9443788,28.42696],[76.9446822,28.4270661],[76.9445996,28.427128],[76.9442728,28.4270251],[76.9441385,28.4269828],[76.9434573,28.4268337],[76.9432912,28.4267974],[76.9431748,28.4267719],[76.9427761,28.4266847],[76.9420942,28.4265659],[76.9414111,28.4264924],[76.9411381,28.426457],[76.9407285,28.4264039],[76.9400506,28.4261186],[76.9395385,28.4258685],[76.9393738,28.425788],[76.9390785,28.4256349],[76.9387298,28.4255145],[76.9386959,28.4255028],[76.938016,28.4252992],[76.9376148,28.4251629],[76.9373368,28.4250685],[76.937339,28.4249777],[76.9380182,28.4252085]]]}},{"type":"Feature","properties":{"v":"Hayatpur","m":"31","k":"10/1","t":"Harsaru","vc":"04116","area":551.9,"lat":28.4196745,"lng":76.9375472},"geometry":{"type":"Polygon","coordinates":[[[76.9374605,28.4199554],[76.9374708,28.4195318],[76.9377103,28.4195363],[76.9374605,28.4199554]]]}},{"type":"Feature","properties":{"v":"Hayatpur","m":"31","k":"21/2","t":"Harsaru","vc":"04116","area":1765.4,"lat":28.4180296,"lng":76.9378633},"geometry":{"type":"Polygon","coordinates":[[[76.9375445,28.4178987],[76.9381948,28.417911],[76.9381889,28.418153],[76.9375383,28.4181558],[76.9375445,28.4178987]]]}},{"type":"Feature","properties":{"v":"Hayatpur","m":"31","k":"20/1/1","t":"Harsaru","vc":"04116","area":31.0,"lat":28.4189445,"lng":76.9381583},"geometry":{"type":"Polygon","coordinates":[[[76.9381342,28.4189995],[76.9381724,28.4188338],[76.9381684,28.4190002],[76.9381342,28.4189995]]]}},{"type":"Feature","properties":{"v":"Hayatpur","m":"31","k":"11/4","t":"Harsaru","vc":"04116","area":84.5,"lat":28.4192633,"lng":76.9380765},"geometry":{"type":"Polygon","coordinates":[[[76.9381269,28.4193021],[76.9380242,28.4193001],[76.938026,28.4192245],[76.9381287,28.4192264],[76.9381269,28.4193021]]]}},{"type":"Feature","properties":{"v":"Hayatpur","m":"31","k":"11/3","t":"Harsaru","vc":"04116","area":84.5,"lat":28.4191876,"lng":76.9380782},"geometry":{"type":"Polygon","coordinates":[[[76.938026,28.4192245],[76.9380278,28.4191488],[76.9381305,28.4191508],[76.9381287,28.4192264],[76.938026,28.4192245]]]}},{"type":"Feature","properties":{"v":"Hayatpur","m":"31","k":"11/2","t":"Harsaru","vc":"04116","area":84.5,"lat":28.419112,"lng":76.9380801},"geometry":{"type":"Polygon","coordinates":[[[76.9380278,28.4191488],[76.9380297,28.4190732],[76.9381323,28.4190751],[76.9381305,28.4191508],[76.9380278,28.4191488]]]}},{"type":"Feature","properties":{"v":"Hayatpur","m":"31","k":"11/1","t":"Harsaru","vc":"04116","area":84.4,"lat":28.4190363,"lng":76.9380819},"geometry":{"type":"Polygon","coordinates":[[[76.9380297,28.4190732],[76.9380315,28.4189976],[76.9381342,28.4189995],[76.9381323,28.4190751],[76.9380297,28.4190732]]]}},{"type":"Feature","properties":{"v":"Hayatpur","m":"31","k":"19/2","t":"Harsaru","vc":"04116","area":422.2,"lat":28.4185829,"lng":76.938247},"geometry":{"type":"Polygon","coordinates":[[[76.9381743,28.4187581],[76.9381816,28.4184556],[76.9383869,28.4184594],[76.9381724,28.4188338],[76.9381743,28.4187581]]]}},{"type":"Feature","properties":{"v":"Hayatpur","m":"31","k":"22/2/1/1","t":"Harsaru","vc":"04116","area":156.7,"lat":28.4184118,"lng":76.9383409},"geometry":{"type":"Polygon","coordinates":[[[76.9383869,28.4184594],[76.9381816,28.4184556],[76.9384541,28.4183203],[76.9383869,28.4184594]]]}},{"type":"Feature","properties":{"v":"Hayatpur","m":"31","k":"22/2/2","t":"Harsaru","vc":"04116","area":328.5,"lat":28.4182499,"lng":76.9388022},"geometry":{"type":"Polygon","coordinates":[[[76.9388747,28.4181115],[76.9388688,28.4183548],[76.9387214,28.418352],[76.9387254,28.4181856],[76.9388747,28.4181115]]]}},{"type":"Feature","properties":{"v":"Hayatpur","m":"31","k":"22/2/1/2","t":"Harsaru","vc":"04116","area":843.9,"lat":28.4183699,"lng":76.9386336},"geometry":{"type":"Polygon","coordinates":[[[76.9384761,28.4183093],[76.9387254,28.4181856],[76.9387214,28.418352],[76.9388688,28.4183548],[76.938866,28.4184685],[76.9383869,28.4184594],[76.9384541,28.4183203],[76.9384761,28.4183093]]]}},{"type":"Feature","properties":{"v":"Hayatpur","m":"31","k":"22/1/2/2","t":"Harsaru","vc":"04116","area":226.7,"lat":28.4179543,"lng":76.938616},"geometry":{"type":"Polygon","coordinates":[[[76.9388792,28.4179239],[76.9384831,28.4180224],[76.9384856,28.4179165],[76.9387081,28.4179207],[76.9388792,28.4179239]]]}},{"type":"Feature","properties":{"v":"Hayatpur","m":"31","k":"22/1/2/1","t":"Harsaru","vc":"04116","area":1015.9,"lat":28.4180969,"lng":76.9386644},"geometry":{"type":"Polygon","coordinates":[[[76.9388747,28.4181115],[76.9387254,28.4181856],[76.9384761,28.4183093],[76.9384831,28.4180224],[76.9388792,28.4179239],[76.9388747,28.4181115]]]}},{"type":"Feature","properties":{"v":"Hayatpur","m":"31","k":"23/2/2","t":"Harsaru","vc":"04116","area":1946.6,"lat":28.4180806,"lng":76.9392605},"geometry":{"type":"Polygon","coordinates":[[[76.9395564,28.4182356],[76.9389575,28.4182243],[76.9389647,28.4179255],[76.9395636,28.4179369],[76.9395564,28.4182356]]]}},{"type":"Feature","properties":{"v":"Hayatpur","m":"31","k":"23/2/1","t":"Harsaru","vc":"04116","area":1601.7,"lat":28.4183529,"lng":76.939254},"geometry":{"type":"Polygon","coordinates":[[[76.9389575,28.4182243],[76.9395564,28.4182356],[76.9395508,28.4184663],[76.9395505,28.4184814],[76.9394991,28.4184805],[76.9389516,28.4184701],[76.9389575,28.4182243]]]}},{"type":"Feature","properties":{"v":"Hayatpur","m":"31","k":"13/2/2","t":"Harsaru","vc":"04116","area":405.4,"lat":28.4190971,"lng":76.9393958},"geometry":{"type":"Polygon","coordinates":[[[76.9391918,28.4191557],[76.939332,28.4190222],[76.9395373,28.419026],[76.939534,28.4191622],[76.9391918,28.4191557]]]}},{"type":"Feature","properties":{"v":"Hayatpur","m":"31","k":"13/1/1","t":"Harsaru","vc":"04116","area":494.4,"lat":28.4193179,"lng":76.9389065},"geometry":{"type":"Polygon","coordinates":[[[76.9388397,28.4195577],[76.9388495,28.4191492],[76.9390207,28.4191525],[76.938891,28.4195587],[76.9388397,28.4195577]]]}},{"type":"Feature","properties":{"v":"Hayatpur","m":"31","k":"24/1","t":"Harsaru","vc":"04116","area":112.5,"lat":28.4184803,"lng":76.9398928},"geometry":{"type":"Polygon","coordinates":[[[76.9395505,28.4184814],[76.9395508,28.4184663],[76.9395679,28.4184666],[76.9402353,28.4184793],[76.9402349,28.4184944],[76.9395505,28.4184814]]]}},{"type":"Feature","properties":{"v":"Hayatpur","m":"31","k":"25/1/1","t":"Harsaru","vc":"04116","area":650.4,"lat":28.4184146,"lng":76.9404166},"geometry":{"type":"Polygon","coordinates":[[[76.9405942,28.4185012],[76.9402349,28.4184944],[76.9402353,28.4184793],[76.9402389,28.418328],[76.9405982,28.4183348],[76.9405942,28.4185012]]]}},{"type":"Feature","properties":{"v":"Hayatpur","m":"31","k":"14/1","t":"Harsaru","vc":"04116","area":1267.3,"lat":28.419304,"lng":76.9396376},"geometry":{"type":"Polygon","coordinates":[[[76.939534,28.4191622],[76.9395373,28.419026],[76.9397426,28.4190299],[76.9397466,28.4195748],[76.9395241,28.4195706],[76.939534,28.4191622]]]}},{"type":"Feature","properties":{"v":"Hayatpur","m":"31","k":"17/2","t":"Harsaru","vc":"04116","area":183.3,"lat":28.4189869,"lng":76.939641},"geometry":{"type":"Polygon","coordinates":[[[76.9397446,28.4189478],[76.9397426,28.4190299],[76.9395373,28.419026],[76.9395393,28.418944],[76.9397446,28.4189478]]]}},{"type":"Feature","properties":{"v":"Hayatpur","m":"31","k":"8/1/2","t":"Harsaru","vc":"04116","area":692.5,"lat":28.4198373,"lng":76.9388939},"geometry":{"type":"Polygon","coordinates":[[[76.938891,28.4195587],[76.9389594,28.41956],[76.9389463,28.4201045],[76.9388265,28.4201023],[76.9388377,28.4196409],[76.9388382,28.4196182],[76.938891,28.4195587]]]}},{"type":"Feature","properties":{"v":"Hayatpur","m":"31","k":"8/2","t":"Harsaru","vc":"04116","area":16.9,"lat":28.4195782,"lng":76.9388563},"geometry":{"type":"Polygon","coordinates":[[[76.9388397,28.4195577],[76.938891,28.4195587],[76.9388382,28.4196182],[76.9388397,28.4195577]]]}},{"type":"Feature","properties":{"v":"Hayatpur","m":"31","k":"9/1","t":"Harsaru","vc":"04116","area":1460.1,"lat":28.4199448,"lng":76.9386363},"geometry":{"type":"Polygon","coordinates":[[[76.9385698,28.4200974],[76.9382447,28.4200913],[76.9388377,28.4196409],[76.9388265,28.4201023],[76.9385698,28.4200974]]]}},{"type":"Feature","properties":{"v":"Hayatpur","m":"31","k":"2/1","t":"Harsaru","vc":"04116","area":1621.9,"lat":28.4203134,"lng":76.938288},"geometry":{"type":"Polygon","coordinates":[[[76.9381289,28.4206339],[76.938142,28.4200893],[76.9382447,28.4200913],[76.9385698,28.4200974],[76.9382486,28.4206362],[76.9381289,28.4206339]]]}},{"type":"Feature","properties":{"v":"Hayatpur","m":"15","k":"22/1","t":"Harsaru","vc":"04116","area":146.0,"lat":28.4207094,"lng":76.938167},"geometry":{"type":"Polygon","coordinates":[[[76.9382486,28.4206362],[76.9381234,28.4208582],[76.9381289,28.4206339],[76.9382486,28.4206362]]]}},{"type":"Feature","properties":{"v":"Hayatpur","m":"15","k":"21/2","t":"Harsaru","vc":"04116","area":298.1,"lat":28.4210707,"lng":76.9380612},"geometry":{"type":"Polygon","coordinates":[[[76.9381157,28.4211785],[76.9379446,28.4211753],[76.9381234,28.4208582],[76.9381157,28.4211785]]]}},{"type":"Feature","properties":{"v":"Hayatpur","m":"15","k":"20/2","t":"Harsaru","vc":"04116","area":1977.4,"lat":28.4213925,"lng":76.9376088},"geometry":{"type":"Polygon","coordinates":[[[76.9374312,28.4211656],[76.9379446,28.4211753],[76.9375721,28.4217131],[76.937418,28.4217102],[76.9374312,28.4211656]]]}},{"type":"Feature","properties":{"v":"Hayatpur","m":"15","k":"11/1","t":"Harsaru","vc":"04116","area":240.9,"lat":28.421807,"lng":76.9374671},"geometry":{"type":"Polygon","coordinates":[[[76.937418,28.4217102],[76.9375721,28.4217131],[76.9374111,28.4219976],[76.937414,28.4218766],[76.937418,28.4217102]]]}},{"type":"Feature","properties":{"v":"Hayatpur","m":"8","k":"21/2","t":"Harsaru","vc":"04116","area":2027.9,"lat":28.4234865,"lng":76.9377175},"geometry":{"type":"Polygon","coordinates":[[[76.9380564,28.4236292],[76.9373719,28.4236162],[76.9373785,28.4233439],[76.9378919,28.4233536],[76.938063,28.4233569],[76.9380564,28.4236292]]]}},{"type":"Feature","properties":{"v":"Hayatpur","m":"15","k":"1/2","t":"Harsaru","vc":"04116","area":676.0,"lat":28.4231737,"lng":76.9379818},"geometry":{"type":"Polygon","coordinates":[[[76.938063,28.4233569],[76.9378919,28.4233536],[76.9379006,28.4229906],[76.9380718,28.4229938],[76.938063,28.4233569]]]}},{"type":"Feature","properties":{"v":"Hayatpur","m":"15","k":"2/2","t":"Harsaru","vc":"04116","area":675.7,"lat":28.4229063,"lng":76.9382451},"geometry":{"type":"Polygon","coordinates":[[[76.9380718,28.4229938],[76.9380762,28.4228123],[76.9384184,28.4228188],[76.938414,28.4230003],[76.9380718,28.4229938]]]}},{"type":"Feature","properties":{"v":"Hayatpur","m":"15","k":"3/2","t":"Harsaru","vc":"04116","area":1013.7,"lat":28.4231088,"lng":76.9393529},"geometry":{"type":"Polygon","coordinates":[[[76.9394451,28.4228382],[76.9394319,28.4233828],[76.9392608,28.4233795],[76.939274,28.4228349],[76.9394451,28.4228382]]]}},{"type":"Feature","properties":{"v":"Hayatpur","m":"15","k":"13/2","t":"Harsaru","vc":"04116","area":101.6,"lat":28.4220214,"lng":76.9394563},"geometry":{"type":"Polygon","coordinates":[[[76.9394583,28.4222936],[76.9394411,28.4222933],[76.9394543,28.4217487],[76.9394714,28.421749],[76.9394583,28.4222936]]]}},{"type":"Feature","properties":{"v":"Hayatpur","m":"15","k":"17/3","t":"Harsaru","vc":"04116","area":1318.2,"lat":28.4214788,"lng":76.9395892},"geometry":{"type":"Polygon","coordinates":[[[76.9396939,28.4217532],[76.9394714,28.421749],[76.9394846,28.4212044],[76.9397071,28.4212086],[76.9397034,28.4213599],[76.9396939,28.4217532]]]}},{"type":"Feature","properties":{"v":"Hayatpur","m":"15","k":"17/2","t":"Harsaru","vc":"04116","area":760.5,"lat":28.4212886,"lng":76.9399363},"geometry":{"type":"Polygon","coordinates":[[[76.9401691,28.4212173],[76.9401658,28.4213535],[76.9401654,28.4213686],[76.9397034,28.4213599],[76.9397071,28.4212086],[76.9401691,28.4212173]]]}},{"type":"Feature","properties":{"v":"Hayatpur","m":"15","k":"16/2","t":"Harsaru","vc":"04116","area":1013.8,"lat":28.4212919,"lng":76.9405096},"geometry":{"type":"Polygon","coordinates":[[[76.9401658,28.4213535],[76.9401691,28.4212173],[76.9402546,28.4212189],[76.9408535,28.4212303],[76.9408506,28.4213513],[76.9408502,28.4213664],[76.9401658,28.4213535]]]}},{"type":"Feature","properties":{"v":"Hayatpur","m":"16","k":"20/1","t":"Harsaru","vc":"04116","area":1351.8,"lat":28.4216906,"lng":76.9411847},"geometry":{"type":"Polygon","coordinates":[[[76.9408447,28.4215933],[76.9415292,28.4216063],[76.9415248,28.4217878],[76.9408404,28.4217749],[76.9408447,28.4215933]]]}},{"type":"Feature","properties":{"v":"Hayatpur","m":"16","k":"20/3","t":"Harsaru","vc":"04116","area":901.0,"lat":28.4212972,"lng":76.9411943},"geometry":{"type":"Polygon","coordinates":[[[76.941538,28.4212432],[76.941535,28.4213642],[76.9408506,28.4213513],[76.9408535,28.4212303],[76.941538,28.4212432]]]}},{"type":"Feature","properties":{"v":"Hayatpur","m":"15","k":"25/1","t":"Harsaru","vc":"04116","area":506.8,"lat":28.4209458,"lng":76.9402184},"geometry":{"type":"Polygon","coordinates":[[[76.9401822,28.4206727],[76.9402678,28.4206744],[76.9402546,28.4212189],[76.9401691,28.4212173],[76.9401822,28.4206727]]]}},{"type":"Feature","properties":{"v":"Hayatpur","m":"15","k":"18/1","t":"Harsaru","vc":"04116","area":506.8,"lat":28.4214759,"lng":76.9394352},"geometry":{"type":"Polygon","coordinates":[[[76.9394714,28.421749],[76.9394543,28.4217487],[76.9393859,28.4217474],[76.93939,28.4215772],[76.939399,28.4212028],[76.9394846,28.4212044],[76.9394714,28.421749]]]}},{"type":"Feature","properties":{"v":"Hayatpur","m":"15","k":"18/2","t":"Harsaru","vc":"04116","area":1108.6,"lat":28.4216566,"lng":76.9390885},"geometry":{"type":"Polygon","coordinates":[[[76.93939,28.4215772],[76.9393859,28.4217474],[76.938787,28.421736],[76.9387911,28.4215659],[76.93939,28.4215772]]]}},{"type":"Feature","properties":{"v":"Hayatpur","m":"15","k":"19/1","t":"Harsaru","vc":"04116","area":202.9,"lat":28.4214636,"lng":76.9387764},"geometry":{"type":"Polygon","coordinates":[[[76.938787,28.421736],[76.9387527,28.4217354],[76.9387659,28.4211908],[76.9388001,28.4211915],[76.9387911,28.4215659],[76.938787,28.421736]]]}},{"type":"Feature","properties":{"v":"Hayatpur","m":"31","k":"18/1/2","t":"Harsaru","vc":"04116","area":880.1,"lat":28.4187652,"lng":76.9394416},"geometry":{"type":"Polygon","coordinates":[[[76.9395505,28.4184814],[76.9395393,28.418944],[76.9392409,28.4189383],[76.9394991,28.4184805],[76.9395505,28.4184814]]]}},{"type":"Feature","properties":{"v":"Hayatpur","m":"31","k":"18/1/1","t":"Harsaru","vc":"04116","area":286.0,"lat":28.4189829,"lng":76.9393778},"geometry":{"type":"Polygon","coordinates":[[[76.9391951,28.4190196],[76.9392409,28.4189383],[76.9395393,28.418944],[76.9395373,28.419026],[76.939332,28.4190222],[76.9391951,28.4190196]]]}},{"type":"Feature","properties":{"v":"Hayatpur","m":"8","k":"8/2/2","t":"Harsaru","vc":"04116","area":994.5,"lat":28.4252298,"lng":76.9388076},"geometry":{"type":"Polygon","coordinates":[[[76.9387079,28.4250036],[76.9389123,28.4250074],[76.9389102,28.4250922],[76.9389005,28.4254936],[76.938698,28.425412],[76.9387079,28.4250036]]]}},{"type":"Feature","properties":{"v":"Hayatpur","m":"8","k":"8/2/1","t":"Harsaru","vc":"04116","area":893.2,"lat":28.4251055,"lng":76.9391904},"geometry":{"type":"Polygon","coordinates":[[[76.9389123,28.4250074],[76.9393924,28.4250165],[76.9393891,28.4251527],[76.9393862,28.4252737],[76.9389102,28.4250922],[76.9389123,28.4250074]]]}},{"type":"Feature","properties":{"v":"Hayatpur","m":"8","k":"1/1","t":"Harsaru","vc":"04116","area":2027.2,"lat":28.4257978,"lng":76.9374903},"geometry":{"type":"Polygon","coordinates":[[[76.937668,28.4255288],[76.9376548,28.4260733],[76.9373126,28.4260669],[76.9373258,28.4255223],[76.9376167,28.4255278],[76.937668,28.4255288]]]}},{"type":"Feature","properties":{"v":"Hayatpur","m":"3","k":"20/2/2","t":"Harsaru","vc":"04116","area":2495.3,"lat":28.4268936,"lng":76.9377471},"geometry":{"type":"Polygon","coordinates":[[[76.9375258,28.4271606],[76.937539,28.426616],[76.9376417,28.4266179],[76.9379839,28.4266244],[76.9379788,28.4268362],[76.9378077,28.426833],[76.9378058,28.4269086],[76.937977,28.4269118],[76.9379707,28.427169],[76.9375258,28.4271606]]]}},{"type":"Feature","properties":{"v":"Hayatpur","m":"3","k":"20/1","t":"Harsaru","vc":"04116","area":140.8,"lat":28.4268724,"lng":76.9378923},"geometry":{"type":"Polygon","coordinates":[[[76.9378077,28.426833],[76.9379788,28.4268362],[76.937977,28.4269118],[76.9378058,28.4269086],[76.9378077,28.426833]]]}},{"type":"Feature","properties":{"v":"Hayatpur","m":"3","k":"21/1","t":"Harsaru","vc":"04116","area":2027.7,"lat":28.4263424,"lng":76.9374771},"geometry":{"type":"Polygon","coordinates":[[[76.9372994,28.4266115],[76.9373126,28.4260669],[76.9376548,28.4260733],[76.9376417,28.4266179],[76.937539,28.426616],[76.9372994,28.4266115]]]}},{"type":"Feature","properties":{"v":"Hayatpur","m":"8","k":"10/1/2","t":"Harsaru","vc":"04116","area":1268.6,"lat":28.4253209,"lng":76.9374682},"geometry":{"type":"Polygon","coordinates":[[[76.9376148,28.4251629],[76.9376167,28.4255278],[76.9373258,28.4255223],[76.9373368,28.4250685],[76.9376148,28.4251629]]]}},{"type":"Feature","properties":{"v":"Hayatpur","m":"8","k":"3/1","t":"Harsaru","vc":"04116","area":217.3,"lat":28.4258009,"lng":76.9387057},"geometry":{"type":"Polygon","coordinates":[[[76.9386948,28.4255482],[76.9386959,28.4255028],[76.9387298,28.4255145],[76.9387158,28.4260934],[76.9386816,28.4260928],[76.9386948,28.4255482]]]}},{"type":"Feature","properties":{"v":"Hayatpur","m":"8","k":"4/1/2","t":"Harsaru","vc":"04116","area":676.9,"lat":28.426032,"lng":76.9397073},"geometry":{"type":"Polygon","coordinates":[[[76.9395385,28.4258685],[76.9400506,28.4261186],[76.9395327,28.4261088],[76.9395385,28.4258685]]]}},{"type":"Feature","properties":{"v":"Hayatpur","m":"3","k":"17/2/2","t":"Harsaru","vc":"04116","area":548.6,"lat":28.4268031,"lng":76.9394326},"geometry":{"type":"Polygon","coordinates":[[[76.9395122,28.426956],[76.9393456,28.4269528],[76.939347,28.4268923],[76.9393529,28.4266503],[76.9395196,28.4266534],[76.9395122,28.426956]]]}},{"type":"Feature","properties":{"v":"Hayatpur","m":"3","k":"17/2/1","t":"Harsaru","vc":"04116","area":535.0,"lat":28.427102,"lng":76.9394246},"geometry":{"type":"Polygon","coordinates":[[[76.9395122,28.426956],[76.9395093,28.4270775],[76.9395053,28.4272437],[76.9394453,28.4272479],[76.9394441,28.427248],[76.9393383,28.4272554],[76.9393422,28.4270931],[76.9393456,28.4269528],[76.9395122,28.426956]]]}},{"type":"Feature","properties":{"v":"Hayatpur","m":"3","k":"24/1/1","t":"Harsaru","vc":"04116","area":246.9,"lat":28.4265838,"lng":76.9394379},"geometry":{"type":"Polygon","coordinates":[[[76.9395196,28.4266534],[76.9393529,28.4266503],[76.9393562,28.4265141],[76.9395229,28.4265173],[76.9395196,28.4266534]]]}},{"type":"Feature","properties":{"v":"Hayatpur","m":"3","k":"24/1/2","t":"Harsaru","vc":"04116","area":740.5,"lat":28.4263115,"lng":76.9394445},"geometry":{"type":"Polygon","coordinates":[[[76.9393562,28.4265141],[76.9393661,28.4261057],[76.9395327,28.4261088],[76.9395229,28.4265173],[76.9393562,28.4265141]]]}},{"type":"Feature","properties":{"v":"Hayatpur","m":"3","k":"23/2/1","t":"Harsaru","vc":"04116","area":963.5,"lat":28.4265761,"lng":76.9390294},"geometry":{"type":"Polygon","coordinates":[[[76.9393562,28.4265141],[76.9393529,28.4266503],[76.9387026,28.426638],[76.9387059,28.4265018],[76.9393562,28.4265141]]]}},{"type":"Feature","properties":{"v":"Hayatpur","m":"3","k":"23/1","t":"Harsaru","vc":"04116","area":202.6,"lat":28.4263654,"lng":76.9386921},"geometry":{"type":"Polygon","coordinates":[[[76.9386684,28.4266373],[76.9386816,28.4260928],[76.9387158,28.4260934],[76.9387059,28.4265018],[76.9387026,28.426638],[76.9386684,28.4266373]]]}},{"type":"Feature","properties":{"v":"Hayatpur","m":"3","k":"18/1/1","t":"Harsaru","vc":"04116","area":2924.2,"lat":28.4270936,"lng":76.9390037},"geometry":{"type":"Polygon","coordinates":[[[76.939347,28.4268923],[76.9393456,28.4269528],[76.9393422,28.4270931],[76.9393383,28.4272554],[76.9389225,28.4273116],[76.9387625,28.4273333],[76.9387283,28.4273379],[76.9386856,28.4273437],[76.9386863,28.4273138],[76.9386891,28.4271987],[76.9386895,28.4271826],[76.9386898,28.4271678],[76.9386968,28.42688],[76.939347,28.4268923]]]}},{"type":"Feature","properties":{"v":"Hayatpur","m":"3","k":"18/1/2","t":"Harsaru","vc":"04116","area":1711.8,"lat":28.4267651,"lng":76.9390248},"geometry":{"type":"Polygon","coordinates":[[[76.9386968,28.42688],[76.9387026,28.426638],[76.9393529,28.4266503],[76.939347,28.4268923],[76.9386968,28.42688]]]}},{"type":"Feature","properties":{"v":"Hayatpur","m":"30","k":"23/2","t":"Harsaru","vc":"04116","area":1419.3,"lat":28.4182716,"lng":76.9428595},"geometry":{"type":"Polygon","coordinates":[[[76.9429858,28.4180015],[76.9429727,28.4185461],[76.9427331,28.4185416],[76.9427463,28.417997],[76.9429858,28.4180015]]]}},{"type":"Feature","properties":{"v":"Hayatpur","m":"30","k":"25/2","t":"Harsaru","vc":"04116","area":1406.8,"lat":28.4181226,"lng":76.9439882},"geometry":{"type":"Polygon","coordinates":[[[76.9443033,28.4180264],[76.9442982,28.4182382],[76.9436655,28.4182111],[76.9436702,28.4180144],[76.9443033,28.4180264]]]}},{"type":"Feature","properties":{"v":"Hayatpur","m":"30","k":"15/1","t":"Harsaru","vc":"04116","area":304.2,"lat":28.4193763,"lng":76.943663},"geometry":{"type":"Polygon","coordinates":[[[76.9436821,28.4196492],[76.9436308,28.4196482],[76.9436439,28.4191036],[76.9436953,28.4191046],[76.9436821,28.4196492]]]}},{"type":"Feature","properties":{"v":"Hayatpur","m":"30","k":"1/2","t":"Harsaru","vc":"04116","area":2027.5,"lat":28.4204231,"lng":76.9413866},"geometry":{"type":"Polygon","coordinates":[[[76.9415559,28.4205019],[76.9415511,28.4206986],[76.9412089,28.4206921],[76.9412221,28.4201475],[76.941436,28.4201516],[76.9415643,28.420154],[76.9415559,28.4205019]]]}},{"type":"Feature","properties":{"v":"Hayatpur","m":"30","k":"10/1","t":"Harsaru","vc":"04116","area":785.7,"lat":28.4198775,"lng":76.9415046},"geometry":{"type":"Polygon","coordinates":[[[76.9415775,28.4196094],[76.9415643,28.420154],[76.941436,28.4201516],[76.9414406,28.4196068],[76.9415775,28.4196094]]]}},{"type":"Feature","properties":{"v":"Hayatpur","m":"16","k":"21/2","t":"Harsaru","vc":"04116","area":2027.8,"lat":28.4208283,"lng":76.9412056},"geometry":{"type":"Polygon","coordinates":[[[76.9415446,28.4209709],[76.9408601,28.420958],[76.9408667,28.4206857],[76.9412089,28.4206921],[76.9415511,28.4206986],[76.9415446,28.4209709]]]}},{"type":"Feature","properties":{"v":"Hayatpur","m":"16","k":"23/2","t":"Harsaru","vc":"04116","area":1746.6,"lat":28.4208352,"lng":76.9425713},"geometry":{"type":"Polygon","coordinates":[[[76.9422356,28.4207115],[76.94292,28.4207244],[76.9429146,28.4209514],[76.9422297,28.4209536],[76.9422356,28.4207115]]]}},{"type":"Feature","properties":{"v":"Hayatpur","m":"16","k":"24/2","t":"Harsaru","vc":"04116","area":1746.1,"lat":28.4208483,"lng":76.9432631},"geometry":{"type":"Polygon","coordinates":[[[76.9436045,28.4207374],[76.9435986,28.4209794],[76.9429146,28.4209514],[76.94292,28.4207244],[76.9436045,28.4207374]]]}},{"type":"Feature","properties":{"v":"Hayatpur","m":"16","k":"25/2","t":"Harsaru","vc":"04116","area":506.8,"lat":28.4208376,"lng":76.9441071},"geometry":{"type":"Polygon","coordinates":[[[76.9439766,28.420926],[76.9439809,28.4207445],[76.9442376,28.4207493],[76.9442332,28.4209308],[76.9439766,28.420926]]]}},{"type":"Feature","properties":{"v":"Hayatpur","m":"16","k":"9/2","t":"Harsaru","vc":"04116","area":1925.9,"lat":28.4226078,"lng":76.9416676},"geometry":{"type":"Polygon","coordinates":[[[76.9418236,28.4228831],[76.9414985,28.422877],[76.9415117,28.4223324],[76.9418368,28.4223385],[76.941836,28.4223688],[76.9418236,28.4228831]]]}},{"type":"Feature","properties":{"v":"Hayatpur","m":"16","k":"9/3","t":"Harsaru","vc":"04116","area":118.3,"lat":28.422357,"lng":76.942016},"geometry":{"type":"Polygon","coordinates":[[[76.9421961,28.4223453],[76.9421954,28.4223755],[76.941836,28.4223688],[76.9418368,28.4223385],[76.9421961,28.4223453]]]}},{"type":"Feature","properties":{"v":"Hayatpur","m":"16","k":"8/2","t":"Harsaru","vc":"04116","area":225.3,"lat":28.4223669,"lng":76.9425382},"geometry":{"type":"Polygon","coordinates":[[[76.9428806,28.4223582],[76.9428799,28.4223885],[76.9421954,28.4223755],[76.9421961,28.4223453],[76.9428806,28.4223582]]]}},{"type":"Feature","properties":{"v":"Hayatpur","m":"16","k":"5/2","t":"Harsaru","vc":"04116","area":811.1,"lat":28.42319,"lng":76.9436479},"geometry":{"type":"Polygon","coordinates":[[[76.9436203,28.422917],[76.9437572,28.4229196],[76.9436756,28.4234629],[76.9435387,28.4234603],[76.9436203,28.422917]]]}},{"type":"Feature","properties":{"v":"Hayatpur","m":"16","k":"5/1","t":"Harsaru","vc":"04116","area":202.6,"lat":28.4230977,"lng":76.9435703},"geometry":{"type":"Polygon","coordinates":[[[76.9435519,28.4229157],[76.9436203,28.422917],[76.9435387,28.4234603],[76.9435519,28.4229157]]]}},{"type":"Feature","properties":{"v":"Hayatpur","m":"7","k":"18/2","t":"Harsaru","vc":"04116","area":304.1,"lat":28.4241162,"lng":76.9422047},"geometry":{"type":"Polygon","coordinates":[[[76.9422593,28.423981],[76.9422527,28.4242533],[76.9421501,28.4242514],[76.9421566,28.4239791],[76.9422593,28.423981]]]}},{"type":"Feature","properties":{"v":"Hayatpur","m":"7","k":"25/2","t":"Harsaru","vc":"04116","area":937.7,"lat":28.4235807,"lng":76.9439039},"geometry":{"type":"Polygon","coordinates":[[[76.9442221,28.4235186],[76.9442188,28.4236548],[76.9435857,28.4236428],[76.943589,28.4235067],[76.9442221,28.4235186]]]}},{"type":"Feature","properties":{"v":"Hayatpur","m":"7","k":"24/2","t":"Harsaru","vc":"04116","area":50.9,"lat":28.4238224,"lng":76.9435243},"geometry":{"type":"Polygon","coordinates":[[[76.9435377,28.4235057],[76.9435256,28.4240049],[76.9435085,28.4240046],[76.9435387,28.4234603],[76.9435377,28.4235057]]]}},{"type":"Feature","properties":{"v":"Hayatpur","m":"7","k":"17/2/2","t":"Harsaru","vc":"04116","area":1622.1,"lat":28.4242668,"lng":76.9429715},"geometry":{"type":"Polygon","coordinates":[[[76.9431149,28.4239971],[76.9431018,28.4245417],[76.942828,28.4245366],[76.9428411,28.423992],[76.9431149,28.4239971]]]}},{"type":"Feature","properties":{"v":"Hayatpur","m":"7","k":"14/2","t":"Harsaru","vc":"04116","area":405.9,"lat":28.4248438,"lng":76.9434704},"geometry":{"type":"Polygon","coordinates":[[[76.9435125,28.4245495],[76.9434993,28.4250941],[76.9434137,28.4250925],[76.9434611,28.4245485],[76.9435125,28.4245495]]]}},{"type":"Feature","properties":{"v":"Hayatpur","m":"7","k":"17/1","t":"Harsaru","vc":"04116","area":202.9,"lat":28.4243223,"lng":76.9434994},"geometry":{"type":"Polygon","coordinates":[[[76.9435256,28.4240049],[76.9435125,28.4245495],[76.9434611,28.4245485],[76.9435085,28.4240046],[76.9435256,28.4240049]]]}},{"type":"Feature","properties":{"v":"Hayatpur","m":"7","k":"13/1","t":"Harsaru","vc":"04116","area":1126.3,"lat":28.4249991,"lng":76.9424744},"geometry":{"type":"Polygon","coordinates":[[[76.9422672,28.4250708],[76.9421303,28.4250682],[76.942134,28.424917],[76.9428185,28.4249299],[76.9428148,28.4250812],[76.9422672,28.4250708]]]}},{"type":"Feature","properties":{"v":"Hayatpur","m":"7","k":"12/2","t":"Harsaru","vc":"04116","area":152.1,"lat":28.4247956,"lng":76.9421241},"geometry":{"type":"Polygon","coordinates":[[[76.9421435,28.4245236],[76.942134,28.424917],[76.9421303,28.4250682],[76.9421218,28.4250681],[76.9421047,28.4250678],[76.9421178,28.4245232],[76.9421435,28.4245236]]]}},{"type":"Feature","properties":{"v":"Hayatpur","m":"7","k":"11/2","t":"Harsaru","vc":"04116","area":228.1,"lat":28.4249858,"lng":76.9413705},"geometry":{"type":"Polygon","coordinates":[[[76.9412951,28.4249163],[76.9414491,28.4249192],[76.9414459,28.4250553],[76.9412918,28.4250524],[76.9412951,28.4249163]]]}},{"type":"Feature","properties":{"v":"Hayatpur","m":"4","k":"21/2/2","t":"Harsaru","vc":"04116","area":368.8,"lat":28.4262532,"lng":76.9413407},"geometry":{"type":"Polygon","coordinates":[[[76.9414195,28.4261445],[76.9414141,28.4263714],[76.9412604,28.4263549],[76.9412655,28.4261416],[76.9414195,28.4261445]]]}},{"type":"Feature","properties":{"v":"Hayatpur","m":"4","k":"22/2/2","t":"Harsaru","vc":"04116","area":753.9,"lat":28.4263,"lng":76.9419826},"geometry":{"type":"Polygon","coordinates":[[[76.942104,28.4261574],[76.9420967,28.42646],[76.9418578,28.426429],[76.9418645,28.4261529],[76.942104,28.4261574]]]}},{"type":"Feature","properties":{"v":"Hayatpur","m":"4","k":"20/1","t":"Harsaru","vc":"04116","area":1802.5,"lat":28.4269891,"lng":76.9412633},"geometry":{"type":"Polygon","coordinates":[[[76.9414064,28.4266891],[76.941396,28.4271194],[76.9413932,28.4272337],[76.9413919,28.4272891],[76.9413914,28.4273093],[76.9412457,28.4272904],[76.9411183,28.4272739],[76.9411231,28.4270746],[76.9411326,28.4266839],[76.9414064,28.4266891]]]}},{"type":"Feature","properties":{"v":"Hayatpur","m":"4","k":"21/1/2","t":"Harsaru","vc":"04116","area":630.8,"lat":28.4265804,"lng":76.9412688},"geometry":{"type":"Polygon","coordinates":[[[76.9414064,28.4266891],[76.9411326,28.4266839],[76.9411381,28.426457],[76.9414111,28.4264924],[76.9414064,28.4266891]]]}},{"type":"Feature","properties":{"v":"Hayatpur","m":"7","k":"10/1","t":"Harsaru","vc":"04116","area":912.7,"lat":28.4253261,"lng":76.9413623},"geometry":{"type":"Polygon","coordinates":[[[76.9414327,28.4255999],[76.9412787,28.425597],[76.9412918,28.4250524],[76.9414459,28.4250553],[76.9414327,28.4255999]]]}},{"type":"Feature","properties":{"v":"Hayatpur","m":"7","k":"1/1","t":"Harsaru","vc":"04116","area":912.4,"lat":28.4258708,"lng":76.9413491},"geometry":{"type":"Polygon","coordinates":[[[76.9414327,28.4255999],[76.9414195,28.4261445],[76.9412655,28.4261416],[76.9412787,28.425597],[76.9414327,28.4255999]]]}},{"type":"Feature","properties":{"v":"Hayatpur","m":"7","k":"2/2","t":"Harsaru","vc":"04116","area":1419.3,"lat":28.4258828,"lng":76.9419908},"geometry":{"type":"Polygon","coordinates":[[[76.9421172,28.4256128],[76.9421161,28.4256582],[76.9421053,28.4261045],[76.942104,28.4261574],[76.9418645,28.4261529],[76.9418776,28.4256083],[76.9421172,28.4256128]]]}},{"type":"Feature","properties":{"v":"Hayatpur","m":"7","k":"3/1","t":"Harsaru","vc":"04116","area":393.9,"lat":28.4261374,"lng":76.9424469},"geometry":{"type":"Polygon","coordinates":[[[76.9427898,28.4261174],[76.9427885,28.4261703],[76.942104,28.4261574],[76.9421053,28.4261045],[76.9427898,28.4261174]]]}},{"type":"Feature","properties":{"v":"Hayatpur","m":"7","k":"3/3/1","t":"Harsaru","vc":"04116","area":93.0,"lat":28.4256373,"lng":76.9422108},"geometry":{"type":"Polygon","coordinates":[[[76.9421172,28.4256128],[76.9422541,28.4256154],[76.9423054,28.4256164],[76.9423043,28.4256618],[76.9421161,28.4256582],[76.9421172,28.4256128]]]}},{"type":"Feature","properties":{"v":"Hayatpur","m":"7","k":"3/3/2","t":"Harsaru","vc":"04116","area":97.2,"lat":28.4256409,"lng":76.9424032},"geometry":{"type":"Polygon","coordinates":[[[76.9425022,28.4256201],[76.9425011,28.4256655],[76.9423043,28.4256618],[76.9423054,28.4256164],[76.9425022,28.4256201]]]}},{"type":"Feature","properties":{"v":"Hayatpur","m":"7","k":"3/3/3","t":"Harsaru","vc":"04116","area":97.2,"lat":28.4256446,"lng":76.9426},"geometry":{"type":"Polygon","coordinates":[[[76.9426979,28.4256692],[76.9425011,28.4256655],[76.9425022,28.4256201],[76.942699,28.4256238],[76.9426979,28.4256692]]]}},{"type":"Feature","properties":{"v":"Hayatpur","m":"7","k":"3/3/4","t":"Harsaru","vc":"04116","area":33.8,"lat":28.4256471,"lng":76.9427326},"geometry":{"type":"Polygon","coordinates":[[[76.9426979,28.4256692],[76.942699,28.4256238],[76.9427674,28.4256251],[76.9427663,28.4256705],[76.9426979,28.4256692]]]}},{"type":"Feature","properties":{"v":"Hayatpur","m":"7","k":"4/2","t":"Harsaru","vc":"04116","area":507.1,"lat":28.4259101,"lng":76.9434368},"geometry":{"type":"Polygon","coordinates":[[[76.9434862,28.4256387],[76.943473,28.4261833],[76.9433874,28.4261816],[76.9434006,28.425637],[76.9434862,28.4256387]]]}},{"type":"Feature","properties":{"v":"Hayatpur","m":"7","k":"7/2/2","t":"Harsaru","vc":"04116","area":3350.7,"lat":28.425344,"lng":76.9431081},"geometry":{"type":"Polygon","coordinates":[[[76.9428148,28.4250812],[76.9434137,28.4250925],[76.9434013,28.4256068],[76.9428024,28.4255955],[76.9428075,28.4253837],[76.9428082,28.4253535],[76.9428134,28.4251417],[76.9428148,28.4250812]]]}},{"type":"Feature","properties":{"v":"Hayatpur","m":"7","k":"7/2/1","t":"Harsaru","vc":"04116","area":196.8,"lat":28.4256163,"lng":76.9431015},"geometry":{"type":"Polygon","coordinates":[[[76.9434013,28.4256068],[76.9434006,28.425637],[76.9428017,28.4256257],[76.9428024,28.4255955],[76.9434013,28.4256068]]]}},{"type":"Feature","properties":{"v":"Hayatpur","m":"7","k":"9/2","t":"Harsaru","vc":"04116","area":247.8,"lat":28.4254832,"lng":76.9416624},"geometry":{"type":"Polygon","coordinates":[[[76.9417065,28.4256051],[76.9416124,28.4256033],[76.9416182,28.4253613],[76.9417123,28.425363],[76.9417065,28.4256051]]]}},{"type":"Feature","properties":{"v":"Hayatpur","m":"7","k":"9/3","t":"Harsaru","vc":"04116","area":166.1,"lat":28.4253509,"lng":76.941871},"geometry":{"type":"Polygon","coordinates":[[[76.9421152,28.4253404],[76.9421238,28.4253405],[76.942123,28.4253708],[76.9417123,28.425363],[76.9416182,28.4253613],[76.941619,28.425331],[76.9417473,28.4253334],[76.9421152,28.4253404]]]}},{"type":"Feature","properties":{"v":"Hayatpur","m":"7","k":"9/4","t":"Harsaru","vc":"04116","area":25.4,"lat":28.4252045,"lng":76.9421228},"geometry":{"type":"Polygon","coordinates":[[[76.9421152,28.4253404],[76.9421218,28.4250681],[76.9421303,28.4250682],[76.9421289,28.4251287],[76.9421238,28.4253405],[76.9421152,28.4253404]]]}},{"type":"Feature","properties":{"v":"Hayatpur","m":"7","k":"9/5","t":"Harsaru","vc":"04116","area":1089.8,"lat":28.4252008,"lng":76.9419345},"geometry":{"type":"Polygon","coordinates":[[[76.9421218,28.4250681],[76.9421152,28.4253404],[76.9417473,28.4253334],[76.9417539,28.4250611],[76.9421047,28.4250678],[76.9421218,28.4250681]]]}},{"type":"Feature","properties":{"v":"Hayatpur","m":"7","k":"9/6","t":"Harsaru","vc":"04116","area":380.2,"lat":28.425196,"lng":76.9416864},"geometry":{"type":"Polygon","coordinates":[[[76.9416255,28.4250587],[76.9417539,28.4250611],[76.9417473,28.4253334],[76.941619,28.425331],[76.9416255,28.4250587]]]}},{"type":"Feature","properties":{"v":"Hayatpur","m":"7","k":"9/7","t":"Harsaru","vc":"04116","area":1064.4,"lat":28.4253293,"lng":76.9415291},"geometry":{"type":"Polygon","coordinates":[[[76.9414459,28.4250553],[76.9416255,28.4250587],[76.941619,28.425331],[76.9416182,28.4253613],[76.9416124,28.4256033],[76.9414327,28.4255999],[76.9414459,28.4250553]]]}},{"type":"Feature","properties":{"v":"Hayatpur","m":"7","k":"8/3","t":"Harsaru","vc":"04116","area":78.8,"lat":28.4254893,"lng":76.9427879},"geometry":{"type":"Polygon","coordinates":[[[76.9428075,28.4253837],[76.9428024,28.4255955],[76.9427682,28.4255948],[76.9427733,28.4253831],[76.9428075,28.4253837]]]}},{"type":"Feature","properties":{"v":"Hayatpur","m":"7","k":"8/1/2/1","t":"Harsaru","vc":"04116","area":180.3,"lat":28.4255034,"lng":76.9427361},"geometry":{"type":"Polygon","coordinates":[[[76.942699,28.4256238],[76.9427048,28.4253818],[76.9427733,28.4253831],[76.9427682,28.4255948],[76.9427674,28.4256251],[76.942699,28.4256238]]]}},{"type":"Feature","properties":{"v":"Hayatpur","m":"7","k":"8/1/2/2","t":"Harsaru","vc":"04116","area":518.0,"lat":28.425501,"lng":76.9426035},"geometry":{"type":"Polygon","coordinates":[[[76.942699,28.4256238],[76.9425022,28.4256201],[76.9425081,28.4253781],[76.9427048,28.4253818],[76.942699,28.4256238]]]}},{"type":"Feature","properties":{"v":"Hayatpur","m":"7","k":"8/1/2/3","t":"Harsaru","vc":"04116","area":518.2,"lat":28.4254972,"lng":76.9424067},"geometry":{"type":"Polygon","coordinates":[[[76.9425022,28.4256201],[76.9423054,28.4256164],[76.9423113,28.4253743],[76.9425081,28.4253781],[76.9425022,28.4256201]]]}},{"type":"Feature","properties":{"v":"Hayatpur","m":"7","k":"8/1/2/4","t":"Harsaru","vc":"04116","area":135.2,"lat":28.4254948,"lng":76.9422827},"geometry":{"type":"Polygon","coordinates":[[[76.9422541,28.4256154],[76.9422599,28.4253734],[76.9423113,28.4253743],[76.9423054,28.4256164],[76.9422541,28.4256154]]]}},{"type":"Feature","properties":{"v":"Hayatpur","m":"7","k":"8/1/2/5","t":"Harsaru","vc":"04116","area":180.3,"lat":28.4253634,"lng":76.9425342},"geometry":{"type":"Polygon","coordinates":[[[76.9428082,28.4253535],[76.9428075,28.4253837],[76.9427733,28.4253831],[76.9427048,28.4253818],[76.9425081,28.4253781],[76.9423113,28.4253743],[76.9422599,28.4253734],[76.9422607,28.4253431],[76.942312,28.4253441],[76.9425088,28.4253478],[76.9427056,28.4253515],[76.9428082,28.4253535]]]}},{"type":"Feature","properties":{"v":"Hayatpur","m":"7","k":"8/1/2/6","t":"Harsaru","vc":"04116","area":236.5,"lat":28.4252466,"lng":76.9427595},"geometry":{"type":"Polygon","coordinates":[[[76.9428082,28.4253535],[76.9427056,28.4253515],[76.9427107,28.4251397],[76.9428134,28.4251417],[76.9428082,28.4253535]]]}},{"type":"Feature","properties":{"v":"Hayatpur","m":"7","k":"8/1/2/7","t":"Harsaru","vc":"04116","area":453.4,"lat":28.4252437,"lng":76.9426098},"geometry":{"type":"Polygon","coordinates":[[[76.9427056,28.4253515],[76.9425088,28.4253478],[76.9425139,28.425136],[76.9427107,28.4251397],[76.9427056,28.4253515]]]}},{"type":"Feature","properties":{"v":"Hayatpur","m":"7","k":"8/1/2/8","t":"Harsaru","vc":"04116","area":453.4,"lat":28.42524,"lng":76.942413},"geometry":{"type":"Polygon","coordinates":[[[76.9423171,28.4251323],[76.9425139,28.425136],[76.9425088,28.4253478],[76.942312,28.4253441],[76.9423171,28.4251323]]]}},{"type":"Feature","properties":{"v":"Hayatpur","m":"7","k":"8/1/2/9","t":"Harsaru","vc":"04116","area":118.2,"lat":28.4252377,"lng":76.9422889},"geometry":{"type":"Polygon","coordinates":[[[76.9423171,28.4251323],[76.942312,28.4253441],[76.9422607,28.4253431],[76.9422658,28.4251313],[76.9423171,28.4251323]]]}},{"type":"Feature","properties":{"v":"Hayatpur","m":"7","k":"8/1/2/9","t":"Harsaru","vc":"04116","area":360.3,"lat":28.4251062,"lng":76.9425403},"geometry":{"type":"Polygon","coordinates":[[[76.9422672,28.4250708],[76.9428148,28.4250812],[76.9428134,28.4251417],[76.9427107,28.4251397],[76.9425139,28.425136],[76.9423171,28.4251323],[76.9422658,28.4251313],[76.9422672,28.4250708]]]}},{"type":"Feature","properties":{"v":"Hayatpur","m":"7","k":"8/2/4","t":"Harsaru","vc":"04116","area":90.1,"lat":28.4250998,"lng":76.9421981},"geometry":{"type":"Polygon","coordinates":[[[76.9421289,28.4251287],[76.9421303,28.4250682],[76.9422672,28.4250708],[76.9422658,28.4251313],[76.9421289,28.4251287]]]}},{"type":"Feature","properties":{"v":"Hayatpur","m":"7","k":"8/2/2","t":"Harsaru","vc":"04116","area":45.1,"lat":28.425357,"lng":76.9421919},"geometry":{"type":"Polygon","coordinates":[[[76.9421238,28.4253405],[76.9422607,28.4253431],[76.9422599,28.4253734],[76.942123,28.4253708],[76.9421238,28.4253405]]]}},{"type":"Feature","properties":{"v":"Hayatpur","m":"7","k":"8/2/1","t":"Harsaru","vc":"04116","area":360.4,"lat":28.4254931,"lng":76.9421885},"geometry":{"type":"Polygon","coordinates":[[[76.942123,28.4253708],[76.9422599,28.4253734],[76.9422541,28.4256154],[76.9421172,28.4256128],[76.942123,28.4253708]]]}},{"type":"Feature","properties":{"v":"Hayatpur","m":"4","k":"18/1/2","t":"Harsaru","vc":"04116","area":264.4,"lat":28.4268829,"lng":76.94212},"geometry":{"type":"Polygon","coordinates":[[[76.9420909,28.426702],[76.9421593,28.4267033],[76.9421476,28.4270663],[76.9420821,28.4270651],[76.9420909,28.426702]]]}},{"type":"Feature","properties":{"v":"Hayatpur","m":"4","k":"18/2/2","t":"Harsaru","vc":"04116","area":127.9,"lat":28.4271561,"lng":76.9421123},"geometry":{"type":"Polygon","coordinates":[[[76.9420821,28.4270651],[76.9421476,28.4270663],[76.9421417,28.4272478],[76.9420777,28.4272466],[76.9420821,28.4270651]]]}},{"type":"Feature","properties":{"v":"Hayatpur","m":"4","k":"","t":"Harsaru","vc":"04116","area":619.2,"lat":28.4266599,"lng":76.9423616},"geometry":{"type":"Polygon","coordinates":[[[76.9420909,28.426702],[76.9420942,28.4265659],[76.9427761,28.4266847],[76.9427754,28.4267149],[76.9421593,28.4267033],[76.9420909,28.426702]]]}},{"type":"Feature","properties":{"v":"Hayatpur","m":"4","k":"13/1","t":"Harsaru","vc":"04116","area":226.0,"lat":28.4274118,"lng":76.9421055},"geometry":{"type":"Polygon","coordinates":[[[76.9421417,28.4272478],[76.942136,28.4274265],[76.9421306,28.4275925],[76.9421241,28.4275895],[76.94207,28.4275643],[76.942074,28.4273992],[76.9420777,28.4272466],[76.9421417,28.4272478]]]}},{"type":"Feature","properties":{"v":"Hayatpur","m":"4","k":"14/1/1","t":"Harsaru","vc":"04116","area":1317.9,"lat":28.4275339,"lng":76.9428669},"geometry":{"type":"Polygon","coordinates":[[[76.9429847,28.4272637],[76.9429722,28.42778],[76.9429715,28.4278083],[76.9428727,28.4278064],[76.9427491,28.4278041],[76.9427521,28.4276787],[76.9427622,28.4272595],[76.9429847,28.4272637]]]}},{"type":"Feature","properties":{"v":"Hayatpur","m":"4","k":"14/2","t":"Harsaru","vc":"04116","area":1216.4,"lat":28.427573,"lng":76.9433329},"geometry":{"type":"Polygon","coordinates":[[[76.9434467,28.4272724],[76.9434363,28.427702],[76.9434336,28.427817],[76.9433052,28.4278146],[76.9431598,28.4278119],[76.9433098,28.4272698],[76.9434467,28.4272724]]]}},{"type":"Feature","properties":{"v":"Hayatpur","m":"4","k":"7/2/1","t":"Harsaru","vc":"04116","area":355.3,"lat":28.427906,"lng":76.943042},"geometry":{"type":"Polygon","coordinates":[[[76.9430284,28.4278094],[76.9431598,28.4278119],[76.9431374,28.4278664],[76.9430657,28.4280412],[76.9429477,28.4279813],[76.9429715,28.4278083],[76.9430284,28.4278094]]]}},{"type":"Feature","properties":{"v":"Hayatpur","m":"4","k":"7/2/2","t":"Harsaru","vc":"04116","area":293.2,"lat":28.4278713,"lng":76.9428681},"geometry":{"type":"Polygon","coordinates":[[[76.9428727,28.4278064],[76.9429715,28.4278083],[76.9429477,28.4279813],[76.9428745,28.4279442],[76.9427472,28.4278797],[76.9427487,28.4278189],[76.9427491,28.4278041],[76.9428727,28.4278064]]]}},{"type":"Feature","properties":{"v":"Hayatpur","m":"4","k":"16/2","t":"Harsaru","vc":"04116","area":732.4,"lat":28.4269556,"lng":76.943788},"geometry":{"type":"Polygon","coordinates":[[[76.9441385,28.4269828],[76.9441363,28.4270736],[76.9434547,28.4269396],[76.9434573,28.4268337],[76.9441385,28.4269828]]]}},{"type":"Feature","properties":{"v":"Hayatpur","m":"5","k":"20/1/2","t":"Harsaru","vc":"04116","area":362.4,"lat":28.4270844,"lng":76.9443368},"geometry":{"type":"Polygon","coordinates":[[[76.9442728,28.4270251],[76.9445996,28.427128],[76.9445087,28.4271702],[76.9442321,28.4270984],[76.9441885,28.4270871],[76.9441363,28.4270736],[76.9441385,28.4269828],[76.9442728,28.4270251]]]}},{"type":"Feature","properties":{"v":"Hayatpur","m":"5","k":"20/2/2","t":"Harsaru","vc":"04116","area":80.7,"lat":28.4268136,"lng":76.9441688},"geometry":{"type":"Polygon","coordinates":[[[76.9441411,28.4268769],[76.9441443,28.4267408],[76.9441957,28.4267417],[76.944192,28.4268947],[76.9441411,28.4268769]]]}},{"type":"Feature","properties":{"v":"Hayatpur","m":"5","k":"21/1","t":"Harsaru","vc":"04116","area":405.8,"lat":28.4264465,"lng":76.9441864},"geometry":{"type":"Polygon","coordinates":[[[76.9441575,28.4261962],[76.9442431,28.4261978],[76.9441957,28.4267417],[76.9441443,28.4267408],[76.9441575,28.4261962]]]}},{"type":"Feature","properties":{"v":"Hayatpur","m":"4","k":"17/2/1","t":"Harsaru","vc":"04116","area":623.4,"lat":28.4270272,"lng":76.9432238},"geometry":{"type":"Polygon","coordinates":[[[76.9432912,28.4267974],[76.9432756,28.4272692],[76.9431558,28.4272669],[76.9431748,28.4267719],[76.9432912,28.4267974]]]}},{"type":"Feature","properties":{"v":"Hayatpur","m":"4","k":"17/1","t":"Harsaru","vc":"04116","area":837.3,"lat":28.427044,"lng":76.9433666},"geometry":{"type":"Polygon","coordinates":[[[76.9434573,28.4268337],[76.9434547,28.4269396],[76.9434467,28.4272724],[76.9433098,28.4272698],[76.9432756,28.4272692],[76.9432912,28.4267974],[76.9434573,28.4268337]]]}},{"type":"Feature","properties":{"v":"Hayatpur","m":"3","k":"11/2","t":"Harsaru","vc":"04116","area":706.4,"lat":28.4273685,"lng":76.9373571},"geometry":{"type":"Polygon","coordinates":[[[76.9374403,28.427159],[76.9374374,28.4272762],[76.9374362,28.4273252],[76.9374305,28.4275636],[76.9373979,28.4275702],[76.9373136,28.4275871],[76.9372756,28.4275948],[76.9372829,28.4272962],[76.9372862,28.4271561],[76.9374403,28.427159]]]}},{"type":"Feature","properties":{"v":"Hayatpur","m":"4","k":"24/1/1","t":"Harsaru","vc":"04116","area":816.6,"lat":28.4263914,"lng":76.9428698},"geometry":{"type":"Polygon","coordinates":[[[76.9429487,28.4266274],[76.9427783,28.4265939],[76.9427885,28.4261703],[76.9429596,28.4261736],[76.9429487,28.4266274]]]}},{"type":"Feature","properties":{"v":"Hayatpur","m":"4","k":"24/1/2/1","t":"Harsaru","vc":"04116","area":504.9,"lat":28.4264074,"lng":76.9430045},"geometry":{"type":"Polygon","coordinates":[[[76.943058,28.4261754],[76.9430505,28.4266474],[76.9429487,28.4266274],[76.9429596,28.4261736],[76.943058,28.4261754]]]}},{"type":"Feature","properties":{"v":"Hayatpur","m":"4","k":"24/1/2/2","t":"Harsaru","vc":"04116","area":263.4,"lat":28.4264132,"lng":76.9430797},"geometry":{"type":"Polygon","coordinates":[[[76.9431094,28.4261764],[76.9431006,28.4266572],[76.9430505,28.4266474],[76.943058,28.4261754],[76.9431094,28.4261764]]]}},{"type":"Feature","properties":{"v":"Hayatpur","m":"4","k":"24/1/3","t":"Harsaru","vc":"04116","area":761.1,"lat":28.4264249,"lng":76.9431764},"geometry":{"type":"Polygon","coordinates":[[[76.9432505,28.4261791],[76.9432495,28.4262471],[76.9432484,28.4263152],[76.9432474,28.4263833],[76.9432463,28.4264514],[76.9432452,28.4265195],[76.9432442,28.4265876],[76.9432426,28.4266852],[76.9431006,28.4266572],[76.9431094,28.4261764],[76.9432505,28.4261791]]]}},{"type":"Feature","properties":{"v":"Hayatpur","m":"4","k":"24/1/4","t":"Harsaru","vc":"04116","area":160.0,"lat":28.4266438,"lng":76.9433129},"geometry":{"type":"Polygon","coordinates":[[[76.9432442,28.4265876],[76.9433789,28.4265901],[76.9433763,28.4267114],[76.9432426,28.4266852],[76.9432442,28.4265876]]]}},{"type":"Feature","properties":{"v":"Hayatpur","m":"4","k":"24/1/5","t":"Harsaru","vc":"04116","area":99.9,"lat":28.4265548,"lng":76.9433122},"geometry":{"type":"Polygon","coordinates":[[[76.9432452,28.4265195],[76.9433803,28.426522],[76.9433789,28.4265901],[76.9432442,28.4265876],[76.9432452,28.4265195]]]}},{"type":"Feature","properties":{"v":"Hayatpur","m":"4","k":"24/1/6","t":"Harsaru","vc":"04116","area":100.2,"lat":28.4264867,"lng":76.9433134},"geometry":{"type":"Polygon","coordinates":[[[76.9432463,28.4264514],[76.9433817,28.4264539],[76.9433803,28.426522],[76.9432452,28.4265195],[76.9432463,28.4264514]]]}},{"type":"Feature","properties":{"v":"Hayatpur","m":"4","k":"24/1/7","t":"Harsaru","vc":"04116","area":100.4,"lat":28.4264186,"lng":76.9433146},"geometry":{"type":"Polygon","coordinates":[[[76.9432474,28.4263833],[76.9433832,28.4263859],[76.9433817,28.4264539],[76.9432463,28.4264514],[76.9432474,28.4263833]]]}},{"type":"Feature","properties":{"v":"Hayatpur","m":"4","k":"24/1/8","t":"Harsaru","vc":"04116","area":100.7,"lat":28.4263505,"lng":76.9433159},"geometry":{"type":"Polygon","coordinates":[[[76.9432484,28.4263152],[76.9433846,28.4263178],[76.9433832,28.4263859],[76.9432474,28.4263833],[76.9432484,28.4263152]]]}},{"type":"Feature","properties":{"v":"Hayatpur","m":"4","k":"24/1/9","t":"Harsaru","vc":"04116","area":101.0,"lat":28.4262824,"lng":76.9433171},"geometry":{"type":"Polygon","coordinates":[[[76.9432495,28.4262471],[76.943386,28.4262497],[76.9433846,28.4263178],[76.9432484,28.4263152],[76.9432495,28.4262471]]]}},{"type":"Feature","properties":{"v":"Hayatpur","m":"4","k":"24/1/10","t":"Harsaru","vc":"04116","area":101.2,"lat":28.4262144,"lng":76.9433184},"geometry":{"type":"Polygon","coordinates":[[[76.9433874,28.4261816],[76.943386,28.4262497],[76.9432495,28.4262471],[76.9432505,28.4261791],[76.9433874,28.4261816]]]}},{"type":"Feature","properties":{"v":"Hayatpur","m":"4","k":"24/2","t":"Harsaru","vc":"04116","area":495.1,"lat":28.4264502,"lng":76.9434244},"geometry":{"type":"Polygon","coordinates":[[[76.943473,28.4261833],[76.9434599,28.4267278],[76.9433763,28.4267114],[76.9433789,28.4265901],[76.9433803,28.426522],[76.9433817,28.4264539],[76.9433832,28.4263859],[76.9433846,28.4263178],[76.943386,28.4262497],[76.9433874,28.4261816],[76.943473,28.4261833]]]}},{"type":"Feature","properties":{"v":"Hayatpur","m":"6","k":"1/1","t":"Harsaru","vc":"04116","area":659.1,"lat":28.425904,"lng":76.9442212},"geometry":{"type":"Polygon","coordinates":[[[76.9441575,28.4261962],[76.9441706,28.4256516],[76.9443075,28.4256542],[76.9442431,28.4261978],[76.9441575,28.4261962]]]}},{"type":"Feature","properties":{"v":"Hayatpur","m":"6","k":"10/2","t":"Harsaru","vc":"04116","area":1317.9,"lat":28.4253814,"lng":76.9442884},"geometry":{"type":"Polygon","coordinates":[[[76.9441706,28.4256516],[76.9441838,28.425107],[76.9444062,28.4251112],[76.9443931,28.4256558],[76.9443075,28.4256542],[76.9441706,28.4256516]]]}},{"type":"Feature","properties":{"v":"Hayatpur","m":"6","k":"11/1","t":"Harsaru","vc":"04116","area":1317.9,"lat":28.4248368,"lng":76.9443016},"geometry":{"type":"Polygon","coordinates":[[[76.9444194,28.4245666],[76.9444062,28.4251112],[76.9441838,28.425107],[76.9441969,28.4245624],[76.9444194,28.4245666]]]}},{"type":"Feature","properties":{"v":"Hayatpur","m":"6","k":"21/2","t":"Harsaru","vc":"04116","area":1745.6,"lat":28.4239071,"lng":76.9445588},"geometry":{"type":"Polygon","coordinates":[[[76.9448945,28.4240307],[76.9442101,28.4240178],[76.9442156,28.4237909],[76.9449004,28.4237887],[76.9448945,28.4240307]]]}},{"type":"Feature","properties":{"v":"Hayatpur","m":"6","k":"22/2/2","t":"Harsaru","vc":"04116","area":2140.7,"lat":28.4236363,"lng":76.9452465},"geometry":{"type":"Polygon","coordinates":[[[76.9449008,28.4237736],[76.9449077,28.4234861],[76.9455922,28.423499],[76.9455852,28.4237865],[76.9449008,28.4237736]]]}},{"type":"Feature","properties":{"v":"Hayatpur","m":"19","k":"12/1","t":"Harsaru","vc":"04116","area":1317.9,"lat":28.4249142,"lng":76.9484085},"geometry":{"type":"Polygon","coordinates":[[[76.9485131,28.4251886],[76.9482907,28.4251844],[76.9483038,28.4246398],[76.9485263,28.424644],[76.9485131,28.4251886]]]}},{"type":"Feature","properties":{"v":"Hayatpur","m":"19","k":"13/2","t":"Harsaru","vc":"04116","area":214.1,"lat":28.4246746,"lng":76.9493471},"geometry":{"type":"Polygon","coordinates":[[[76.9495351,28.4246933],[76.9490218,28.4246836],[76.9490225,28.4246533],[76.9495701,28.4246637],[76.9496728,28.4246656],[76.949672,28.4246958],[76.9495351,28.4246933]]]}},{"type":"Feature","properties":{"v":"Hayatpur","m":"19","k":"13/1/2","t":"Harsaru","vc":"04116","area":1452.1,"lat":28.4250227,"lng":76.9495355},"geometry":{"type":"Polygon","coordinates":[[[76.949672,28.4246958],[76.9496636,28.4250461],[76.9496596,28.4252102],[76.9496593,28.4252253],[76.9495938,28.4252431],[76.949503,28.4252677],[76.9494106,28.4252928],[76.9493153,28.4253186],[76.9493859,28.4251179],[76.9495351,28.4246933],[76.949672,28.4246958]]]}},{"type":"Feature","properties":{"v":"Hayatpur","m":"19","k":"14/1/2","t":"Harsaru","vc":"04116","area":87.8,"lat":28.4250254,"lng":76.9503266},"geometry":{"type":"Polygon","coordinates":[[[76.9503525,28.4248742],[76.9503486,28.4250372],[76.950347,28.425102],[76.9502799,28.4251141],[76.9503019,28.4250377],[76.9503485,28.4248752],[76.9503529,28.42486],[76.9503525,28.4248742]]]}},{"type":"Feature","properties":{"v":"Hayatpur","m":"19","k":"14/2","t":"Harsaru","vc":"04116","area":224.9,"lat":28.4246872,"lng":76.9500146},"geometry":{"type":"Polygon","coordinates":[[[76.949672,28.4246958],[76.9496728,28.4246656],[76.9503572,28.4246785],[76.9503565,28.4247087],[76.949672,28.4246958]]]}},{"type":"Feature","properties":{"v":"Hayatpur","m":"19","k":"15/1","t":"Harsaru","vc":"04116","area":33.8,"lat":28.4246946,"lng":76.9504082},"geometry":{"type":"Polygon","coordinates":[[[76.9504599,28.4246804],[76.9504592,28.4247107],[76.9503565,28.4247087],[76.9503572,28.4246785],[76.9504257,28.4246798],[76.9504599,28.4246804]]]}},{"type":"Feature","properties":{"v":"Hayatpur","m":"19","k":"15/2/2","t":"Harsaru","vc":"04116","area":84.5,"lat":28.4247598,"lng":76.9503895},"geometry":{"type":"Polygon","coordinates":[[[76.9504592,28.4247107],[76.9503529,28.42486],[76.9503565,28.4247087],[76.9504592,28.4247107]]]}},{"type":"Feature","properties":{"v":"Hayatpur","m":"19","k":"18/1","t":"Harsaru","vc":"04116","area":262.0,"lat":28.4245086,"lng":76.9496423},"geometry":{"type":"Polygon","coordinates":[[[76.9495701,28.4246637],[76.949684,28.4241966],[76.9496728,28.4246656],[76.9495701,28.4246637]]]}},{"type":"Feature","properties":{"v":"Hayatpur","m":"19","k":"16/2/1","t":"Harsaru","vc":"04116","area":1216.3,"lat":28.4245582,"lng":76.9507696},"geometry":{"type":"Polygon","coordinates":[[[76.9508739,28.424552],[76.951045,28.4245552],[76.9510417,28.4246913],[76.9505626,28.4246823],[76.9505695,28.4243949],[76.9508775,28.4244007],[76.9508739,28.424552]]]}},{"type":"Feature","properties":{"v":"Hayatpur","m":"19","k":"16/1","t":"Harsaru","vc":"04116","area":281.6,"lat":28.4244779,"lng":76.9509613},"geometry":{"type":"Polygon","coordinates":[[[76.9508739,28.424552],[76.9508775,28.4244007],[76.9510486,28.4244039],[76.951045,28.4245552],[76.9508739,28.424552]]]}},{"type":"Feature","properties":{"v":"Hayatpur","m":"19","k":"16/2/2/1/2/1","t":"Harsaru","vc":"04116","area":191.5,"lat":28.4241564,"lng":76.9507634},"geometry":{"type":"Polygon","coordinates":[[[76.950473,28.4241358],[76.9510548,28.4241468],[76.9510541,28.424177],[76.9504723,28.4241661],[76.950473,28.4241358]]]}},{"type":"Feature","properties":{"v":"Hayatpur","m":"19","k":"16/2/2/3/2","t":"Harsaru","vc":"04116","area":405.8,"lat":28.4244069,"lng":76.950398},"geometry":{"type":"Polygon","coordinates":[[[76.9504388,28.4241352],[76.9504257,28.4246798],[76.9503572,28.4246785],[76.9503703,28.4241339],[76.9504388,28.4241352]]]}},{"type":"Feature","properties":{"v":"Hayatpur","m":"19","k":"16/2/2/3/1","t":"Harsaru","vc":"04116","area":202.7,"lat":28.4244078,"lng":76.9504494},"geometry":{"type":"Polygon","coordinates":[[[76.9504257,28.4246798],[76.9504388,28.4241352],[76.950473,28.4241358],[76.9504723,28.4241661],[76.9504599,28.4246804],[76.9504257,28.4246798]]]}},{"type":"Feature","properties":{"v":"Hayatpur","m":"18","k":"1/2","t":"Harsaru","vc":"04116","area":1520.9,"lat":28.4231017,"lng":76.9479985},"geometry":{"type":"Polygon","coordinates":[[[76.9476587,28.4229932],[76.9483432,28.423006],[76.9483382,28.4232103],[76.9476538,28.4231974],[76.9476587,28.4229932]]]}},{"type":"Feature","properties":{"v":"Hayatpur","m":"18","k":"2/2","t":"Harsaru","vc":"04116","area":1521.2,"lat":28.4231146,"lng":76.9486829},"geometry":{"type":"Polygon","coordinates":[[[76.9490276,28.4230189],[76.9490227,28.4232232],[76.9483382,28.4232103],[76.9483432,28.423006],[76.9490276,28.4230189]]]}},{"type":"Feature","properties":{"v":"Hayatpur","m":"18","k":"10/2","t":"Harsaru","vc":"04116","area":1238.9,"lat":28.4226441,"lng":76.9480095},"geometry":{"type":"Polygon","coordinates":[[[76.9476693,28.4225545],[76.9483537,28.4225674],[76.9483497,28.4227338],[76.9476653,28.4227209],[76.9476693,28.4225545]]]}},{"type":"Feature","properties":{"v":"Hayatpur","m":"18","k":"10/3","t":"Harsaru","vc":"04116","area":788.6,"lat":28.422508,"lng":76.9480128},"geometry":{"type":"Polygon","coordinates":[[[76.9483563,28.4224615],[76.9483556,28.4224917],[76.9483537,28.4225674],[76.9476693,28.4225545],[76.9476718,28.4224486],[76.9483563,28.4224615]]]}},{"type":"Feature","properties":{"v":"Hayatpur","m":"18","k":"4/1/1","t":"Harsaru","vc":"04116","area":1571.3,"lat":28.4232803,"lng":76.9498425},"geometry":{"type":"Polygon","coordinates":[[[76.949699,28.4235764],[76.9497121,28.4230318],[76.9500543,28.4230383],[76.9498872,28.42358],[76.949699,28.4235764]]]}},{"type":"Feature","properties":{"v":"Hayatpur","m":"18","k":"4/2","t":"Harsaru","vc":"04116","area":507.1,"lat":28.4233162,"lng":76.9503473},"geometry":{"type":"Polygon","coordinates":[[[76.9503966,28.4230447],[76.9503835,28.4235893],[76.9502979,28.4235877],[76.950311,28.4230431],[76.9503966,28.4230447]]]}},{"type":"Feature","properties":{"v":"Hayatpur","m":"18","k":"7/1/1","t":"Harsaru","vc":"04116","area":1267.1,"lat":28.4227885,"lng":76.9502943},"geometry":{"type":"Polygon","coordinates":[[[76.9502386,28.4224969],[76.9504097,28.4225001],[76.9504031,28.4227724],[76.9503966,28.4230447],[76.950311,28.4230431],[76.9501399,28.4230399],[76.9502386,28.4224969]]]}},{"type":"Feature","properties":{"v":"Hayatpur","m":"18","k":"7/1/2","t":"Harsaru","vc":"04116","area":760.4,"lat":28.422737,"lng":76.9501282},"geometry":{"type":"Polygon","coordinates":[[[76.9500675,28.4224937],[76.9502386,28.4224969],[76.9501399,28.4230399],[76.9500543,28.4230383],[76.9500675,28.4224937]]]}},{"type":"Feature","properties":{"v":"Hayatpur","m":"18","k":"5/2","t":"Harsaru","vc":"04116","area":937.8,"lat":28.4233468,"lng":76.9509926},"geometry":{"type":"Polygon","coordinates":[[[76.9510679,28.4236022],[76.9508968,28.423599],[76.9509066,28.4231905],[76.9510126,28.4230563],[76.951081,28.4230576],[76.9510679,28.4236022]]]}},{"type":"Feature","properties":{"v":"Hayatpur","m":"18","k":"5/1/2","t":"Harsaru","vc":"04116","area":304.2,"lat":28.423462,"lng":76.9508544},"geometry":{"type":"Polygon","coordinates":[[[76.9508968,28.423599],[76.9507599,28.4235964],[76.9509066,28.4231905],[76.9508968,28.423599]]]}},{"type":"Feature","properties":{"v":"Hayatpur","m":"18","k":"5/2/2","t":"Harsaru","vc":"04116","area":76.0,"lat":28.4231004,"lng":76.950943},"geometry":{"type":"Polygon","coordinates":[[[76.9509066,28.4231905],[76.9509099,28.4230544],[76.9510126,28.4230563],[76.9509066,28.4231905]]]}},{"type":"Feature","properties":{"v":"Hayatpur","m":"18","k":"6/1/2","t":"Harsaru","vc":"04116","area":861.6,"lat":28.4229151,"lng":76.9508878},"geometry":{"type":"Polygon","coordinates":[[[76.9510534,28.4227847],[76.9510126,28.4230563],[76.9509099,28.4230544],[76.9507388,28.4230511],[76.9507454,28.4227789],[76.9510534,28.4227847]]]}},{"type":"Feature","properties":{"v":"Hayatpur","m":"18","k":"6/1/1","t":"Harsaru","vc":"04116","area":151.9,"lat":28.4229361,"lng":76.9510573},"geometry":{"type":"Polygon","coordinates":[[[76.951081,28.4230576],[76.9510126,28.4230563],[76.9510534,28.4227847],[76.9510876,28.4227853],[76.951081,28.4230576]]]}},{"type":"Feature","properties":{"v":"Hayatpur","m":"18","k":"6/2/1","t":"Harsaru","vc":"04116","area":50.7,"lat":28.4226943,"lng":76.9510784},"geometry":{"type":"Polygon","coordinates":[[[76.9510941,28.422513],[76.9510923,28.4225886],[76.9510876,28.4227853],[76.9510534,28.4227847],[76.9510941,28.422513]]]}},{"type":"Feature","properties":{"v":"Hayatpur","m":"18","k":"14/2","t":"Harsaru","vc":"04116","area":506.9,"lat":28.4223175,"lng":76.950357},"geometry":{"type":"Polygon","coordinates":[[[76.9504228,28.4219555],[76.9504097,28.4225001],[76.9502386,28.4224969],[76.9504228,28.4219555]]]}},{"type":"Feature","properties":{"v":"Hayatpur","m":"18","k":"13/2","t":"Harsaru","vc":"04116","area":454.8,"lat":28.4219686,"lng":76.949406},"geometry":{"type":"Polygon","coordinates":[[[76.9490881,28.4219304],[76.9497383,28.4219427],[76.9497369,28.4220032],[76.9490865,28.4219985],[76.9490881,28.4219304]]]}},{"type":"Feature","properties":{"v":"Hayatpur","m":"18","k":"12/1/1/2","t":"Harsaru","vc":"04116","area":219.7,"lat":28.4219946,"lng":76.9484788},"geometry":{"type":"Polygon","coordinates":[[[76.9485911,28.4219513],[76.948589,28.4220421],[76.9483665,28.4220379],[76.9483687,28.4219471],[76.9485911,28.4219513]]]}},{"type":"Feature","properties":{"v":"Hayatpur","m":"18","k":"12/1/2","t":"Harsaru","vc":"04116","area":73.1,"lat":28.4219341,"lng":76.9484803},"geometry":{"type":"Polygon","coordinates":[[[76.9483694,28.4219169],[76.9485919,28.4219211],[76.9485911,28.4219513],[76.9483687,28.4219471],[76.9483694,28.4219169]]]}},{"type":"Feature","properties":{"v":"Hayatpur","m":"18","k":"12/2/1/2","t":"Harsaru","vc":"04116","area":456.4,"lat":28.422001,"lng":76.9488211},"geometry":{"type":"Polygon","coordinates":[[[76.9485911,28.4219513],[76.9490531,28.42196],[76.949051,28.4220508],[76.948589,28.4220421],[76.9485911,28.4219513]]]}},{"type":"Feature","properties":{"v":"Hayatpur","m":"18","k":"12/2/2","t":"Harsaru","vc":"04116","area":151.8,"lat":28.4219405,"lng":76.9488225},"geometry":{"type":"Polygon","coordinates":[[[76.9485919,28.4219211],[76.9490539,28.4219298],[76.9490531,28.42196],[76.9485911,28.4219513],[76.9485919,28.4219211]]]}},{"type":"Feature","properties":{"v":"Hayatpur","m":"18","k":"9/2","t":"Harsaru","vc":"04116","area":224.8,"lat":28.4224831,"lng":76.9486982},"geometry":{"type":"Polygon","coordinates":[[[76.94904,28.4225046],[76.9483556,28.4224917],[76.9483563,28.4224615],[76.9485787,28.4224657],[76.9490408,28.4224744],[76.94904,28.4225046]]]}},{"type":"Feature","properties":{"v":"Hayatpur","m":"18","k":"16/2","t":"Harsaru","vc":"04116","area":557.5,"lat":28.4215936,"lng":76.9504943},"geometry":{"type":"Polygon","coordinates":[[[76.9504228,28.4219555],[76.9504359,28.4214109],[76.9506241,28.4214145],[76.9504228,28.4219555]]]}},{"type":"Feature","properties":{"v":"Hayatpur","m":"18","k":"25/1","t":"Harsaru","vc":"04116","area":1622.1,"lat":28.4211129,"lng":76.9505845},"geometry":{"type":"Polygon","coordinates":[[[76.9508084,28.4208731],[76.9506241,28.4214145],[76.9504359,28.4214109],[76.950449,28.4208664],[76.9508084,28.4208731]]]}},{"type":"Feature","properties":{"v":"Hayatpur","m":"28","k":"6/1","t":"Harsaru","vc":"04116","area":354.7,"lat":28.4201926,"lng":76.9510987},"geometry":{"type":"Polygon","coordinates":[[[76.9511466,28.4203347],[76.9509926,28.4203318],[76.9511568,28.4199111],[76.9511553,28.4199716],[76.9511466,28.4203347]]]}},{"type":"Feature","properties":{"v":"Hayatpur","m":"28","k":"5/2","t":"Harsaru","vc":"04116","area":1419.0,"lat":28.420637,"lng":76.9510144},"geometry":{"type":"Polygon","coordinates":[[[76.9511466,28.4203347],[76.9511335,28.4208792],[76.9508084,28.4208731],[76.9509926,28.4203318],[76.9511466,28.4203347]]]}},{"type":"Feature","properties":{"v":"Hayatpur","m":"28","k":"17/1","t":"Harsaru","vc":"04116","area":2027.8,"lat":28.4189571,"lng":76.9503238},"geometry":{"type":"Polygon","coordinates":[[[76.9501593,28.4186816],[76.9505015,28.418688],[76.9504884,28.4192326],[76.9501461,28.4192262],[76.9501593,28.4186816]]]}},{"type":"Feature","properties":{"v":"Hayatpur","m":"28","k":"18/2","t":"Harsaru","vc":"04116","area":225.6,"lat":28.4186838,"lng":76.9494744},"geometry":{"type":"Polygon","coordinates":[[[76.9498163,28.4187054],[76.9491319,28.4186925],[76.9491326,28.4186622],[76.949817,28.4186751],[76.9498163,28.4187054]]]}},{"type":"Feature","properties":{"v":"Hayatpur","m":"28","k":"24/2","t":"Harsaru","vc":"04116","area":1858.5,"lat":28.4184352,"lng":76.9503364},"geometry":{"type":"Polygon","coordinates":[[[76.9505135,28.4181888],[76.9505015,28.418688],[76.9501593,28.4186816],[76.9501713,28.4181824],[76.9505135,28.4181888]]]}},{"type":"Feature","properties":{"v":"Hayatpur","m":"28","k":"25/1","t":"Harsaru","vc":"04116","area":836.4,"lat":28.4184399,"lng":76.9505845},"geometry":{"type":"Polygon","coordinates":[[[76.9505015,28.418688],[76.9505135,28.4181888],[76.9506675,28.4181917],[76.9506555,28.4186909],[76.9505015,28.418688]]]}},{"type":"Feature","properties":{"v":"Hayatpur","m":"29","k":"3/1","t":"Harsaru","vc":"04116","area":1520.5,"lat":28.4205062,"lng":76.9457928},"geometry":{"type":"Polygon","coordinates":[[[76.9459145,28.4207809],[76.9456579,28.4207761],[76.945671,28.4202315],[76.9459277,28.4202364],[76.9459145,28.4207809]]]}},{"type":"Feature","properties":{"v":"Hayatpur","m":"29","k":"5/2/2","t":"Harsaru","vc":"04116","area":1013.7,"lat":28.4205409,"lng":76.9476322},"geometry":{"type":"Polygon","coordinates":[[[76.9475532,28.420267],[76.9477243,28.4202702],[76.9477112,28.4208148],[76.9475401,28.4208116],[76.9475532,28.420267]]]}},{"type":"Feature","properties":{"v":"Hayatpur","m":"29","k":"9/2","t":"Harsaru","vc":"04116","area":1351.9,"lat":28.4197712,"lng":76.9453398},"geometry":{"type":"Polygon","coordinates":[[[76.9456841,28.4196869],[76.9456798,28.4198685],[76.9449953,28.4198555],[76.9449997,28.419674],[76.9456841,28.4196869]]]}},{"type":"Feature","properties":{"v":"Hayatpur","m":"29","k":"10/2","t":"Harsaru","vc":"04116","area":1351.5,"lat":28.4197583,"lng":76.9446553},"geometry":{"type":"Polygon","coordinates":[[[76.9449997,28.419674],[76.9449953,28.4198555],[76.9443109,28.4198426],[76.9443152,28.4196611],[76.9449997,28.419674]]]}},{"type":"Feature","properties":{"v":"Hayatpur","m":"29","k":"12/1","t":"Harsaru","vc":"04116","area":1351.4,"lat":28.4195897,"lng":76.9453441},"geometry":{"type":"Polygon","coordinates":[[[76.9456841,28.4196869],[76.9449997,28.419674],[76.9450041,28.4194925],[76.9456885,28.4195054],[76.9456841,28.4196869]]]}},{"type":"Feature","properties":{"v":"Hayatpur","m":"29","k":"7/1","t":"Harsaru","vc":"04116","area":87.2,"lat":28.4199924,"lng":76.9470377},"geometry":{"type":"Polygon","coordinates":[[[76.9470519,28.4197581],[76.9470406,28.4202271],[76.9470235,28.4202267],[76.9470348,28.4197578],[76.9470519,28.4197581]]]}},{"type":"Feature","properties":{"v":"Hayatpur","m":"29","k":"7/2","t":"Harsaru","vc":"04116","area":25.3,"lat":28.4197349,"lng":76.9470268},"geometry":{"type":"Polygon","coordinates":[[[76.947053,28.4197127],[76.9470519,28.4197581],[76.9470348,28.4197578],[76.9470006,28.4197571],[76.9470017,28.4197118],[76.947053,28.4197127]]]}},{"type":"Feature","properties":{"v":"Hayatpur","m":"29","k":"6/3","t":"Harsaru","vc":"04116","area":25.4,"lat":28.4197359,"lng":76.9470782},"geometry":{"type":"Polygon","coordinates":[[[76.9471033,28.4197591],[76.947069,28.4197584],[76.9470519,28.4197581],[76.947053,28.4197127],[76.9471044,28.4197137],[76.9471033,28.4197591]]]}},{"type":"Feature","properties":{"v":"Hayatpur","m":"29","k":"6/2","t":"Harsaru","vc":"04116","area":87.2,"lat":28.4199928,"lng":76.9470548},"geometry":{"type":"Polygon","coordinates":[[[76.947069,28.4197584],[76.9470577,28.4202274],[76.9470406,28.4202271],[76.9470519,28.4197581],[76.947069,28.4197584]]]}},{"type":"Feature","properties":{"v":"Hayatpur","m":"29","k":"14/1","t":"Harsaru","vc":"04116","area":25.3,"lat":28.4196896,"lng":76.9470279},"geometry":{"type":"Polygon","coordinates":[[[76.947053,28.4197127],[76.9470017,28.4197118],[76.9470028,28.4196664],[76.9470541,28.4196673],[76.947053,28.4197127]]]}},{"type":"Feature","properties":{"v":"Hayatpur","m":"29","k":"15/1/1","t":"Harsaru","vc":"04116","area":25.4,"lat":28.4196905,"lng":76.9470793},"geometry":{"type":"Polygon","coordinates":[[[76.9471055,28.4196683],[76.9471044,28.4197137],[76.947053,28.4197127],[76.9470541,28.4196673],[76.9471055,28.4196683]]]}},{"type":"Feature","properties":{"v":"Hayatpur","m":"29","k":"25/1/2","t":"Harsaru","vc":"04116","area":232.2,"lat":28.418378,"lng":76.9473035},"geometry":{"type":"Polygon","coordinates":[[[76.9473309,28.4181289],[76.9473188,28.4186281],[76.9472761,28.4186273],[76.9472881,28.4181281],[76.9473309,28.4181289]]]}},{"type":"Feature","properties":{"v":"Hayatpur","m":"31","k":"11/5/1","t":"Harsaru","vc":"04116","area":2823.3,"lat":28.4190527,"lng":76.9556299},"geometry":{"type":"Polygon","coordinates":[[[76.9559602,28.4190489],[76.9559596,28.419073],[76.9559562,28.4192157],[76.9553376,28.4193135],[76.9553493,28.4188246],[76.9558903,28.4188347],[76.9559602,28.4190489]]]}},{"type":"Feature","properties":{"v":"Hayatpur","m":"31","k":"11/5/2","t":"Harsaru","vc":"04116","area":337.9,"lat":28.4196044,"lng":76.9560495},"geometry":{"type":"Polygon","coordinates":[[[76.9559451,28.4196781],[76.9559487,28.4195268],[76.9561532,28.4195307],[76.9561538,28.419541],[76.9561504,28.419682],[76.9559451,28.4196781]]]}},{"type":"Feature","properties":{"v":"Hayatpur","m":"31","k":"11/5/10","t":"Harsaru","vc":"04116","area":316.5,"lat":28.4194553,"lng":76.956047},"geometry":{"type":"Polygon","coordinates":[[[76.9559487,28.4195268],[76.9559524,28.4193756],[76.9561222,28.4193788],[76.9561492,28.4194601],[76.9561532,28.4195307],[76.9559487,28.4195268]]]}},{"type":"Feature","properties":{"v":"Hayatpur","m":"31","k":"11/5/3","t":"Harsaru","vc":"04116","area":84.5,"lat":28.4196086,"lng":76.956274},"geometry":{"type":"Polygon","coordinates":[[[76.9562979,28.4196847],[76.9562466,28.4196838],[76.9562475,28.4196436],[76.9562502,28.4195325],[76.9563015,28.4195335],[76.9562989,28.4196445],[76.9562979,28.4196847]]]}},{"type":"Feature","properties":{"v":"Hayatpur","m":"31","k":"11/5/4","t":"Harsaru","vc":"04116","area":120.1,"lat":28.4194243,"lng":76.9563963},"geometry":{"type":"Polygon","coordinates":[[[76.9564286,28.4195056],[76.9563601,28.4195043],[76.956363,28.4193833],[76.956364,28.4193431],[76.9564324,28.4193443],[76.9564322,28.4193543],[76.9564286,28.4195056]]]}},{"type":"Feature","properties":{"v":"Hayatpur","m":"31","k":"11/5/5","t":"Harsaru","vc":"04116","area":315.6,"lat":28.4195781,"lng":76.9565295},"geometry":{"type":"Polygon","coordinates":[[[76.9566305,28.4196507],[76.9564252,28.4196469],[76.9564286,28.4195056],[76.9566339,28.4195094],[76.9566305,28.4196507]]]}},{"type":"Feature","properties":{"v":"Hayatpur","m":"31","k":"11/5/7","t":"Harsaru","vc":"04116","area":337.8,"lat":28.4194319,"lng":76.956533},"geometry":{"type":"Polygon","coordinates":[[[76.9564322,28.4193543],[76.9566375,28.4193582],[76.9566339,28.4195094],[76.9564286,28.4195056],[76.9564322,28.4193543]]]}},{"type":"Feature","properties":{"v":"Hayatpur","m":"31","k":"11/5/8","t":"Harsaru","vc":"04116","area":315.7,"lat":28.4192756,"lng":76.9565368},"geometry":{"type":"Polygon","coordinates":[[[76.9564358,28.419203],[76.9566412,28.4192069],[76.9566378,28.4193482],[76.9564324,28.4193443],[76.9564358,28.419203]]]}},{"type":"Feature","properties":{"v":"Hayatpur","m":"31","k":"11/4","t":"Harsaru","vc":"04116","area":248.0,"lat":28.4191092,"lng":76.9565408},"geometry":{"type":"Polygon","coordinates":[[[76.9564395,28.4190518],[76.9566448,28.4190556],[76.9566421,28.4191667],[76.9564368,28.4191628],[76.9564395,28.4190518]]]}},{"type":"Feature","properties":{"v":"Hayatpur","m":"31","k":"11/5/11","t":"Harsaru","vc":"04116","area":234.9,"lat":28.4193061,"lng":76.9560263},"geometry":{"type":"Polygon","coordinates":[[[76.9559524,28.4193756],[76.955956,28.4192243],[76.9560716,28.4192265],[76.9561222,28.4193788],[76.9559524,28.4193756]]]}},{"type":"Feature","properties":{"v":"Hayatpur","m":"31","k":"11/5/12","t":"Harsaru","vc":"04116","area":158.2,"lat":28.4193047,"lng":76.9562076},"geometry":{"type":"Polygon","coordinates":[[[76.9561613,28.4192282],[76.9562575,28.41923],[76.9562548,28.419341],[76.9562538,28.4193812],[76.9561577,28.4193794],[76.9561613,28.4192282]]]}},{"type":"Feature","properties":{"v":"Hayatpur","m":"31","k":"11/5/6","t":"Harsaru","vc":"04116","area":190.2,"lat":28.4195002,"lng":76.9566736},"geometry":{"type":"Polygon","coordinates":[[[76.9566484,28.4193484],[76.9567062,28.4193495],[76.9566989,28.419652],[76.9566411,28.4196509],[76.9566484,28.4193484]]]}},{"type":"Feature","properties":{"v":"Hayatpur","m":"31","k":"11/5/9","t":"Harsaru","vc":"04116","area":84.5,"lat":28.4194573,"lng":76.9562777},"geometry":{"type":"Polygon","coordinates":[[[76.9562502,28.4195325],[76.9562519,28.419462],[76.9562538,28.4193812],[76.9563052,28.4193822],[76.9563015,28.4195335],[76.9562502,28.4195325]]]}},{"type":"Feature","properties":{"v":"Hayatpur","m":"31","k":"11/5/14","t":"Harsaru","vc":"04116","area":72.0,"lat":28.4191365,"lng":76.9560146},"geometry":{"type":"Polygon","coordinates":[[[76.9559681,28.4190732],[76.9560209,28.4190742],[76.9560597,28.4191906],[76.9560117,28.4192069],[76.9559681,28.4190732]]]}},{"type":"Feature","properties":{"v":"Hayatpur","m":"31","k":"11/5/13","t":"Harsaru","vc":"04116","area":158.3,"lat":28.4191535,"lng":76.9562112},"geometry":{"type":"Polygon","coordinates":[[[76.956165,28.4190769],[76.9562611,28.4190787],[76.9562575,28.41923],[76.9561613,28.4192282],[76.956165,28.4190769]]]}},{"type":"Feature","properties":{"v":"Hayatpur","m":"31","k":"11/5/16","t":"Harsaru","vc":"04116","area":158.2,"lat":28.4190022,"lng":76.9562148},"geometry":{"type":"Polygon","coordinates":[[[76.9561686,28.4189256],[76.9562647,28.4189274],[76.9562611,28.4190787],[76.956165,28.4190769],[76.9561686,28.4189256]]]}},{"type":"Feature","properties":{"v":"Hayatpur","m":"31","k":"11/5/15","t":"Harsaru","vc":"04116","area":55.8,"lat":28.4190155,"lng":76.9559818},"geometry":{"type":"Polygon","coordinates":[[[76.9559633,28.4189217],[76.9559637,28.418902],[76.9559703,28.4189219],[76.9560209,28.4190742],[76.9559681,28.4190732],[76.9559602,28.4190489],[76.9559633,28.4189217]]]}},{"type":"Feature","properties":{"v":"Hayatpur","m":"31","k":"11/5/18","t":"Harsaru","vc":"04116","area":246.7,"lat":28.4187225,"lng":76.9560932},"geometry":{"type":"Polygon","coordinates":[[[76.9561717,28.4187946],[76.9560112,28.4187916],[76.9560146,28.4186503],[76.9561751,28.4186533],[76.9561717,28.4187946]]]}},{"type":"Feature","properties":{"v":"Hayatpur","m":"31","k":"11/5/17","t":"Harsaru","vc":"04116","area":1136.8,"lat":28.4189309,"lng":76.9562903},"geometry":{"type":"Polygon","coordinates":[[[76.9552452,28.419322],[76.9552572,28.4188228],[76.9551204,28.4188203],[76.9551214,28.4187749],[76.9552926,28.4187781],[76.9553504,28.4187792],[76.9559664,28.4187908],[76.955977,28.418791],[76.9559804,28.4186497],[76.9560146,28.4186503],[76.9560112,28.4187916],[76.9561717,28.4187946],[76.9563192,28.4187974],[76.9563181,28.4188428],[76.9563161,28.4189284],[76.9563124,28.4190796],[76.9563105,28.4191604],[76.9563088,28.4192309],[76.9563061,28.419342],[76.9563052,28.4193822],[76.9562538,28.4193812],[76.9562548,28.419341],[76.9562575,28.41923],[76.9562611,28.4190787],[76.9562647,28.4189274],[76.9562668,28.4188418],[76.9561707,28.41884],[76.9559759,28.4188363],[76.9559653,28.4188361],[76.9559417,28.4188357],[76.9558903,28.4188347],[76.9553493,28.4188246],[76.9552915,28.4188235],[76.9552795,28.4193227],[76.9552445,28.4193523],[76.9552452,28.419322]]]}},{"type":"Feature","properties":{"v":"Hayatpur","m":"31","k":"11/5/19","t":"Harsaru","vc":"04116","area":412.7,"lat":28.4186135,"lng":76.9556679},"geometry":{"type":"Polygon","coordinates":[[[76.9553538,28.4186379],[76.9553553,28.4185774],[76.9559818,28.4185891],[76.9559804,28.4186497],[76.9559698,28.4186495],[76.9553538,28.4186379]]]}},{"type":"Feature","properties":{"v":"Hayatpur","m":"31","k":"11/1","t":"Harsaru","vc":"04116","area":338.0,"lat":28.4186755,"lng":76.9565512},"geometry":{"type":"Polygon","coordinates":[[[76.9566557,28.4186018],[76.9566521,28.4187531],[76.9564467,28.4187492],[76.9564504,28.4185979],[76.9566557,28.4186018]]]}},{"type":"Feature","properties":{"v":"Hayatpur","m":"31","k":"11/2","t":"Harsaru","vc":"04116","area":112.9,"lat":28.4187764,"lng":76.9565487},"geometry":{"type":"Polygon","coordinates":[[[76.9564467,28.4187492],[76.9566521,28.4187531],[76.9566508,28.4188036],[76.9564455,28.4187998],[76.9564467,28.4187492]]]}},{"type":"Feature","properties":{"v":"Hayatpur","m":"31","k":"11/3","t":"Harsaru","vc":"04116","area":337.9,"lat":28.418978,"lng":76.9565439},"geometry":{"type":"Polygon","coordinates":[[[76.9564431,28.4189005],[76.9566484,28.4189043],[76.9566448,28.4190556],[76.9564395,28.4190518],[76.9564431,28.4189005]]]}},{"type":"Feature","properties":{"v":"Hayatpur","m":"1","k":"13","t":"Harsaru","vc":"04116","area":3659.0,"lat":28.4273008,"lng":76.9321681},"geometry":{"type":"Polygon","coordinates":[[[76.9316951,28.4270502],[76.9318103,28.4270524],[76.9324948,28.4270653],[76.9324816,28.4276099],[76.9321051,28.4276028],[76.9320976,28.4275952],[76.9318789,28.4273728],[76.9316905,28.4270501],[76.9316951,28.4270502]]]}},{"type":"Feature","properties":{"v":"Hayatpur","m":"1","k":"25/2","t":"Harsaru","vc":"04116","area":3154.3,"lat":28.4262074,"lng":76.9335428},"geometry":{"type":"Polygon","coordinates":[[[76.9331954,28.4264127],[76.9332057,28.4259891],[76.9338902,28.4260021],[76.9338799,28.4264257],[76.9331954,28.4264127]]]}},{"type":"Feature","properties":{"v":"Hayatpur","m":"1","k":"24","t":"Harsaru","vc":"04116","area":4055.3,"lat":28.426255,"lng":76.9328568},"geometry":{"type":"Polygon","coordinates":[[[76.932508,28.4265208],[76.9325087,28.4264905],[76.9325204,28.4260064],[76.9325212,28.4259762],[76.9328634,28.4259827],[76.9332057,28.4259891],[76.9331954,28.4264127],[76.9331925,28.4265337],[76.932508,28.4265208]]]}},{"type":"Feature","properties":{"v":"Hayatpur","m":"1","k":"23/2","t":"Harsaru","vc":"04116","area":3717.1,"lat":28.4262341,"lng":76.9321673},"geometry":{"type":"Polygon","coordinates":[[[76.9321782,28.4259999],[76.9325204,28.4260064],[76.9325087,28.4264905],[76.9318242,28.4264775],[76.9318367,28.4259632],[76.9321789,28.4259697],[76.9321782,28.4259999]]]}},{"type":"Feature","properties":{"v":"Hayatpur","m":"1","k":"22","t":"Harsaru","vc":"04116","area":2838.6,"lat":28.4262082,"lng":76.9315861},"geometry":{"type":"Polygon","coordinates":[[[76.9318235,28.4265078],[76.9314641,28.426501],[76.9313725,28.4262788],[76.9312378,28.4259518],[76.9313233,28.4259535],[76.9318367,28.4259632],[76.9318242,28.4264775],[76.9318235,28.4265078]]]}},{"type":"Feature","properties":{"v":"Hayatpur","m":"1","k":"19","t":"Harsaru","vc":"04116","area":1509.2,"lat":28.4267367,"lng":76.9316818},"geometry":{"type":"Polygon","coordinates":[[[76.9318235,28.4265078],[76.9318103,28.4270524],[76.9316951,28.4270502],[76.9316905,28.4270501],[76.9316702,28.427015],[76.9315851,28.4268673],[76.9314641,28.426501],[76.9318235,28.4265078]]]}},{"type":"Feature","properties":{"v":"Hayatpur","m":"1","k":"18","t":"Harsaru","vc":"04116","area":4054.9,"lat":28.4267866,"lng":76.9321591},"geometry":{"type":"Polygon","coordinates":[[[76.9318103,28.4270524],[76.9318235,28.4265078],[76.932508,28.4265208],[76.9324948,28.4270653],[76.9318103,28.4270524]]]}},{"type":"Feature","properties":{"v":"Hayatpur","m":"1","k":"17","t":"Harsaru","vc":"04116","area":4054.9,"lat":28.4267995,"lng":76.9328437},"geometry":{"type":"Polygon","coordinates":[[[76.9324948,28.4270653],[76.932508,28.4265208],[76.9331925,28.4265337],[76.9331793,28.4270783],[76.9324948,28.4270653]]]}},{"type":"Feature","properties":{"v":"Hayatpur","m":"1","k":"16","t":"Harsaru","vc":"04116","area":4055.1,"lat":28.4268125,"lng":76.9335281},"geometry":{"type":"Polygon","coordinates":[[[76.9331793,28.4270783],[76.9331925,28.4265337],[76.933877,28.4265467],[76.9338718,28.4267585],[76.9338711,28.4267887],[76.9338638,28.4270913],[76.9331793,28.4270783]]]}},{"type":"Feature","properties":{"v":"Hayatpur","m":"1","k":"15","t":"Harsaru","vc":"04116","area":4055.3,"lat":28.4273571,"lng":76.933515},"geometry":{"type":"Polygon","coordinates":[[[76.9331661,28.4276229],[76.9331793,28.4270783],[76.9338638,28.4270913],[76.9338506,28.4276359],[76.9331661,28.4276229]]]}},{"type":"Feature","properties":{"v":"Hayatpur","m":"1","k":"14","t":"Harsaru","vc":"04116","area":4055.3,"lat":28.4273441,"lng":76.9328304},"geometry":{"type":"Polygon","coordinates":[[[76.9324816,28.4276099],[76.9324948,28.4270653],[76.9331793,28.4270783],[76.9331661,28.4276229],[76.9324816,28.4276099]]]}},{"type":"Feature","properties":{"v":"Hayatpur","m":"1","k":"8","t":"Harsaru","vc":"04116","area":899.1,"lat":28.4277608,"lng":76.9323575},"geometry":{"type":"Polygon","coordinates":[[[76.9324816,28.4276099],[76.9324699,28.4280905],[76.9324695,28.4281091],[76.9324183,28.4280084],[76.9323619,28.4278975],[76.9321051,28.4276028],[76.9324816,28.4276099]]]}},{"type":"Feature","properties":{"v":"Hayatpur","m":"1","k":"7","t":"Harsaru","vc":"04116","area":4046.8,"lat":28.4278882,"lng":76.9328179},"geometry":{"type":"Polygon","coordinates":[[[76.9331661,28.4276229],[76.9331653,28.4276532],[76.9331529,28.4281675],[76.9325107,28.4281553],[76.9325026,28.4281552],[76.9324695,28.4281091],[76.9324699,28.4280905],[76.9324816,28.4276099],[76.9331661,28.4276229]]]}},{"type":"Feature","properties":{"v":"Hayatpur","m":"1","k":"6/1","t":"Harsaru","vc":"04116","area":3829.9,"lat":28.4279168,"lng":76.9335014},"geometry":{"type":"Polygon","coordinates":[[[76.9338498,28.4276661],[76.9338382,28.4281474],[76.9338374,28.4281805],[76.9337814,28.4281794],[76.9331529,28.4281675],[76.9331653,28.4276532],[76.9338498,28.4276661]]]}},{"type":"Feature","properties":{"v":"Hayatpur","m":"1","k":"5","t":"Harsaru","vc":"04116","area":1802.1,"lat":28.4283094,"lng":76.9334205},"geometry":{"type":"Polygon","coordinates":[[[76.9337814,28.4281794],[76.9338374,28.4281805],[76.9338359,28.4282404],[76.9338352,28.4282712],[76.9334185,28.4284456],[76.9333092,28.4284914],[76.9333077,28.428492],[76.9331433,28.4285608],[76.9331434,28.4285572],[76.9331529,28.4281675],[76.9337814,28.4281794]]]}},{"type":"Feature","properties":{"v":"Hayatpur","m":"1","k":"4","t":"Harsaru","vc":"04116","area":2714.6,"lat":28.4283875,"lng":76.9328798},"geometry":{"type":"Polygon","coordinates":[[[76.9325107,28.4281553],[76.9331529,28.4281675],[76.9331434,28.4285572],[76.9331433,28.4285608],[76.9331115,28.4285787],[76.9328647,28.4287178],[76.9328258,28.4287397],[76.9325026,28.4281552],[76.9325107,28.4281553]]]}},{"type":"Feature","properties":{"v":"Hayatpur","m":"2","k":"20/2","t":"Harsaru","vc":"04116","area":788.6,"lat":28.4266559,"lng":76.9340455},"geometry":{"type":"Polygon","coordinates":[[[76.9338718,28.4267585],[76.933877,28.4265467],[76.9342192,28.4265532],[76.9342141,28.426765],[76.9338718,28.4267585]]]}},{"type":"Feature","properties":{"v":"Hayatpur","m":"2","k":"23/1","t":"Harsaru","vc":"04116","area":1318.2,"lat":28.4263024,"lng":76.9353637},"geometry":{"type":"Polygon","coordinates":[[[76.9354684,28.4265768],[76.9352459,28.4265726],[76.9352591,28.426028],[76.9354816,28.4260322],[76.9354684,28.4265768]]]}},{"type":"Feature","properties":{"v":"Hayatpur","m":"2","k":"14/1","t":"Harsaru","vc":"04116","area":1209.0,"lat":28.4274027,"lng":76.9360126},"geometry":{"type":"Polygon","coordinates":[[[76.9361226,28.427134],[76.9361147,28.4274614],[76.9361098,28.4276635],[76.9360318,28.4276709],[76.9359039,28.4276831],[76.9359041,28.4276747],[76.9359082,28.4275024],[76.9359173,28.4271302],[76.9361226,28.427134]]]}},{"type":"Feature","properties":{"v":"Hayatpur","m":"2","k":"13","t":"Harsaru","vc":"04116","area":4642.0,"lat":28.4274365,"lng":76.9355546},"geometry":{"type":"Polygon","coordinates":[[[76.9359173,28.4271302],[76.9359082,28.4275024],[76.9359041,28.4276747],[76.9359039,28.4276831],[76.9353496,28.4277865],[76.9352421,28.4278066],[76.9352161,28.427804],[76.9352194,28.4276704],[76.9352196,28.4276618],[76.9352328,28.4271172],[76.9359173,28.4271302]]]}},{"type":"Feature","properties":{"v":"Hayatpur","m":"2","k":"14/2","t":"Harsaru","vc":"04116","area":2641.4,"lat":28.427392,"lng":76.9363525},"geometry":{"type":"Polygon","coordinates":[[[76.9366017,28.4271431],[76.9365957,28.4273934],[76.93659,28.4276272],[76.9363001,28.4276491],[76.9361098,28.4276635],[76.9361147,28.4274614],[76.9361226,28.427134],[76.9366017,28.4271431]]]}},{"type":"Feature","properties":{"v":"Hayatpur","m":"2","k":"25","t":"Harsaru","vc":"04116","area":4055.3,"lat":28.4263327,"lng":76.9369637},"geometry":{"type":"Polygon","coordinates":[[[76.9372994,28.4266115],[76.9366149,28.4265985],[76.9366281,28.4260539],[76.9373126,28.4260669],[76.9372994,28.4266115]]]}},{"type":"Feature","properties":{"v":"Hayatpur","m":"2","k":"24","t":"Harsaru","vc":"04116","area":4055.4,"lat":28.4263197,"lng":76.9362792},"geometry":{"type":"Polygon","coordinates":[[[76.9366149,28.4265985],[76.9359304,28.4265856],[76.9359436,28.426041],[76.9359607,28.4260413],[76.9366281,28.4260539],[76.9366149,28.4265985]]]}},{"type":"Feature","properties":{"v":"Hayatpur","m":"2","k":"23/2","t":"Harsaru","vc":"04116","area":2737.1,"lat":28.4263089,"lng":76.935706},"geometry":{"type":"Polygon","coordinates":[[[76.9359304,28.4265856],[76.9354684,28.4265768],[76.9354816,28.4260322],[76.9356014,28.4260345],[76.9359436,28.426041],[76.9359304,28.4265856]]]}},{"type":"Feature","properties":{"v":"Hayatpur","m":"2","k":"22","t":"Harsaru","vc":"04116","area":3750.8,"lat":28.4262943,"lng":76.9349359},"geometry":{"type":"Polygon","coordinates":[[[76.9352459,28.4265726],[76.9346128,28.4265606],[76.934626,28.426016],[76.9352591,28.426028],[76.9352459,28.4265726]]]}},{"type":"Feature","properties":{"v":"Hayatpur","m":"2","k":"21/2","t":"Harsaru","vc":"04116","area":3846.3,"lat":28.426267,"lng":76.9342275},"geometry":{"type":"Polygon","coordinates":[[[76.9345615,28.4265597],[76.9345101,28.4265587],[76.9345108,28.4265284],[76.9338777,28.4265164],[76.9338799,28.4264257],[76.9338902,28.4260021],[76.9345746,28.4260151],[76.9345615,28.4265597]]]}},{"type":"Feature","properties":{"v":"Hayatpur","m":"2","k":"20/1/1/1","t":"Harsaru","vc":"04116","area":2084.2,"lat":28.426946,"lng":76.934184},"geometry":{"type":"Polygon","coordinates":[[[76.9345043,28.4268007],[76.9344969,28.4271033],[76.9338638,28.4270913],[76.9338711,28.4267887],[76.9345043,28.4268007]]]}},{"type":"Feature","properties":{"v":"Hayatpur","m":"2","k":"19/1","t":"Harsaru","vc":"04116","area":3646.9,"lat":28.4268465,"lng":76.9349226},"geometry":{"type":"Polygon","coordinates":[[[76.9352328,28.4271172],[76.9345996,28.4271052],[76.9346124,28.4265758],[76.9352456,28.4265877],[76.9352379,28.4269054],[76.9352328,28.4271172]]]}},{"type":"Feature","properties":{"v":"Hayatpur","m":"2","k":"18/2","t":"Harsaru","vc":"04116","area":2478.1,"lat":28.4267455,"lng":76.9355842},"geometry":{"type":"Polygon","coordinates":[[[76.9354684,28.4265768],[76.9359304,28.4265856],[76.9359224,28.4269184],[76.9352379,28.4269054],[76.9352456,28.4265877],[76.9352459,28.4265726],[76.9354684,28.4265768]]]}},{"type":"Feature","properties":{"v":"Hayatpur","m":"2","k":"17","t":"Harsaru","vc":"04116","area":4054.7,"lat":28.4268643,"lng":76.9362661},"geometry":{"type":"Polygon","coordinates":[[[76.9359173,28.4271302],[76.9359224,28.4269184],[76.9359304,28.4265856],[76.9366149,28.4265985],[76.9366017,28.4271431],[76.9361226,28.427134],[76.9359173,28.4271302]]]}},{"type":"Feature","properties":{"v":"Hayatpur","m":"2","k":"16","t":"Harsaru","vc":"04116","area":4055.3,"lat":28.4268773,"lng":76.9369506},"geometry":{"type":"Polygon","coordinates":[[[76.9372862,28.4271561],[76.9366017,28.4271431],[76.9366149,28.4265985],[76.9372994,28.4266115],[76.9372862,28.4271561]]]}},{"type":"Feature","properties":{"v":"Hayatpur","m":"2","k":"15","t":"Harsaru","vc":"04116","area":3435.8,"lat":28.4273804,"lng":76.9369328},"geometry":{"type":"Polygon","coordinates":[[[76.9372862,28.4271561],[76.9372829,28.4272962],[76.9372756,28.4275948],[76.9367148,28.4276213],[76.93659,28.4276272],[76.9365957,28.4273934],[76.9366017,28.4271431],[76.9372862,28.4271561]]]}},{"type":"Feature","properties":{"v":"Hayatpur","m":"2","k":"12","t":"Harsaru","vc":"04116","area":3751.3,"lat":28.4273835,"lng":76.9349096},"geometry":{"type":"Polygon","coordinates":[[[76.9352196,28.4276618],[76.9345864,28.4276498],[76.9345996,28.4271052],[76.9352328,28.4271172],[76.9352196,28.4276618]]]}},{"type":"Feature","properties":{"v":"Hayatpur","m":"2","k":"11","t":"Harsaru","vc":"04116","area":4055.0,"lat":28.4273701,"lng":76.9341994},"geometry":{"type":"Polygon","coordinates":[[[76.9345483,28.4271042],[76.9345351,28.4276488],[76.9338506,28.4276359],[76.9338638,28.4270913],[76.9344969,28.4271033],[76.9345483,28.4271042]]]}},{"type":"Feature","properties":{"v":"Hayatpur","m":"2","k":"10/2","t":"Harsaru","vc":"04116","area":3433.7,"lat":28.4278797,"lng":76.9341516},"geometry":{"type":"Polygon","coordinates":[[[76.9345351,28.4276488],[76.9345298,28.4278667],[76.9345274,28.4279665],[76.9340554,28.4281535],[76.9339874,28.4281804],[76.9338359,28.4282404],[76.9338374,28.4281805],[76.9338382,28.4281474],[76.9338498,28.4276661],[76.9338506,28.4276359],[76.9345351,28.4276488]]]}},{"type":"Feature","properties":{"v":"Hayatpur","m":"2","k":"9","t":"Harsaru","vc":"04116","area":1583.7,"lat":28.4277756,"lng":76.9348598},"geometry":{"type":"Polygon","coordinates":[[[76.9352196,28.4276618],[76.9352194,28.4276704],[76.9352161,28.427804],[76.934879,28.4278904],[76.934668,28.4279446],[76.9345787,28.4279675],[76.9345816,28.4278479],[76.9345864,28.4276498],[76.9352196,28.4276618]]]}},{"type":"Feature","properties":{"v":"Hayatpur","m":"9","k":"25/2","t":"Harsaru","vc":"04116","area":2027.2,"lat":28.423613,"lng":76.9372008},"geometry":{"type":"Polygon","coordinates":[[[76.9370231,28.423882],[76.9370363,28.4233375],[76.9373785,28.4233439],[76.9373719,28.4236162],[76.9373653,28.4238885],[76.9370231,28.423882]]]}},{"type":"Feature","properties":{"v":"Hayatpur","m":"9","k":"14/1","t":"Harsaru","vc":"04116","area":1103.8,"lat":28.4248808,"lng":76.9362768},"geometry":{"type":"Polygon","coordinates":[[[76.93597,28.4249518],[76.9359748,28.4247551],[76.9366569,28.4248649],[76.9366545,28.4249647],[76.9359871,28.4249521],[76.93597,28.4249518]]]}},{"type":"Feature","properties":{"v":"Hayatpur","m":"9","k":"18/2","t":"Harsaru","vc":"04116","area":811.0,"lat":28.4241233,"lng":76.9353737},"geometry":{"type":"Polygon","coordinates":[[[76.9353119,28.4238497],[76.9354488,28.4238523],[76.9354356,28.4243968],[76.9352987,28.4243943],[76.9353119,28.4238497]]]}},{"type":"Feature","properties":{"v":"Hayatpur","m":"9","k":"13/2","t":"Harsaru","vc":"04116","area":1498.2,"lat":28.4245039,"lng":76.9356668},"geometry":{"type":"Polygon","coordinates":[[[76.9352987,28.4243943],[76.9354356,28.4243968],[76.9359832,28.4244072],[76.9359771,28.4246583],[76.935295,28.4245455],[76.9352987,28.4243943]]]}},{"type":"Feature","properties":{"v":"Hayatpur","m":"9","k":"26","t":"Harsaru","vc":"04116","area":835.8,"lat":28.4244517,"lng":76.9342652},"geometry":{"type":"Polygon","coordinates":[[[76.9345059,28.4243437],[76.9342712,28.4246315],[76.9340529,28.4245009],[76.9341832,28.4243227],[76.9345059,28.4243437]]]}},{"type":"Feature","properties":{"v":"Hayatpur","m":"9","k":"13/1/1","t":"Harsaru","vc":"04116","area":1004.6,"lat":28.4248067,"lng":76.9354547},"geometry":{"type":"Polygon","coordinates":[[[76.9352855,28.4249388],[76.9352926,28.4246446],[76.9356337,28.4246999],[76.9356278,28.4249453],[76.9352855,28.4249388]]]}},{"type":"Feature","properties":{"v":"Hayatpur","m":"9","k":"25/1","t":"Harsaru","vc":"04116","area":2027.5,"lat":28.4236065,"lng":76.9368586},"geometry":{"type":"Polygon","coordinates":[[[76.9370231,28.423882],[76.9366809,28.4238756],[76.936694,28.423331],[76.9370363,28.4233375],[76.9370231,28.423882]]]}},{"type":"Feature","properties":{"v":"Hayatpur","m":"9","k":"24/2","t":"Harsaru","vc":"04116","area":3167.8,"lat":28.4235701,"lng":76.9362779},"geometry":{"type":"Polygon","coordinates":[[[76.9359964,28.4238626],[76.9360096,28.423318],[76.936694,28.423331],[76.9363814,28.4238699],[76.9359964,28.4238626]]]}},{"type":"Feature","properties":{"v":"Hayatpur","m":"9","k":"23/2","t":"Harsaru","vc":"04116","area":3471.1,"lat":28.4236054,"lng":76.9357044},"geometry":{"type":"Polygon","coordinates":[[[76.9353119,28.4238497],[76.9353142,28.4237536],[76.9355647,28.4233096],[76.9360096,28.423318],[76.9359964,28.4238626],[76.9354488,28.4238523],[76.9353119,28.4238497]]]}},{"type":"Feature","properties":{"v":"Hayatpur","m":"9","k":"22/2","t":"Harsaru","vc":"04116","area":4028.4,"lat":28.4235693,"lng":76.9349741},"geometry":{"type":"Polygon","coordinates":[[[76.9346406,28.4232921],[76.9353251,28.4233051],[76.9353142,28.4237536],[76.9352606,28.4238487],[76.9346274,28.4238367],[76.9346406,28.4232921]]]}},{"type":"Feature","properties":{"v":"Hayatpur","m":"9","k":"21/2","t":"Harsaru","vc":"04116","area":3649.6,"lat":28.4235585,"lng":76.934326},"geometry":{"type":"Polygon","coordinates":[[[76.9346274,28.4238367],[76.9340114,28.423825],[76.9340246,28.4232804],[76.9346406,28.4232921],[76.9346274,28.4238367]]]}},{"type":"Feature","properties":{"v":"Hayatpur","m":"9","k":"20/1","t":"Harsaru","vc":"04116","area":2838.6,"lat":28.4240433,"lng":76.9343232},"geometry":{"type":"Polygon","coordinates":[[[76.9346274,28.4238367],[76.9346163,28.4242973],[76.934002,28.4242115],[76.9340114,28.423825],[76.9346274,28.4238367]]]}},{"type":"Feature","properties":{"v":"Hayatpur","m":"9","k":"19/2","t":"Harsaru","vc":"04116","area":2758.2,"lat":28.4240758,"lng":76.9348778},"geometry":{"type":"Polygon","coordinates":[[[76.9349313,28.4244125],[76.9346163,28.4242973],[76.9346274,28.4238367],[76.9352606,28.4238487],[76.9349313,28.4244125]]]}},{"type":"Feature","properties":{"v":"Hayatpur","m":"9","k":"18/1","t":"Harsaru","vc":"04116","area":3244.0,"lat":28.4241297,"lng":76.935716},"geometry":{"type":"Polygon","coordinates":[[[76.9359964,28.4238626],[76.9359832,28.4244072],[76.9354356,28.4243968],[76.9354488,28.4238523],[76.9359964,28.4238626]]]}},{"type":"Feature","properties":{"v":"Hayatpur","m":"9","k":"17/1","t":"Harsaru","vc":"04116","area":2661.6,"lat":28.4241737,"lng":76.9364406},"geometry":{"type":"Polygon","coordinates":[[[76.9366677,28.4244202],[76.9360687,28.4244088],[76.9363814,28.4238699],[76.9366809,28.4238756],[76.9366677,28.4244202]]]}},{"type":"Feature","properties":{"v":"Hayatpur","m":"9","k":"16/1","t":"Harsaru","vc":"04116","area":3745.1,"lat":28.4241731,"lng":76.9370015},"geometry":{"type":"Polygon","coordinates":[[[76.9366677,28.4244202],[76.9366809,28.4238756],[76.9370231,28.423882],[76.9370213,28.4239577],[76.9373631,28.4239793],[76.9373521,28.4244331],[76.9366677,28.4244202]]]}},{"type":"Feature","properties":{"v":"Hayatpur","m":"9","k":"15","t":"Harsaru","vc":"04116","area":3328.4,"lat":28.4246542,"lng":76.9370293},"geometry":{"type":"Polygon","coordinates":[[[76.9373521,28.4244331],[76.937339,28.4249777],[76.9366592,28.4247696],[76.9366677,28.4244202],[76.9373521,28.4244331]]]}},{"type":"Feature","properties":{"v":"Hayatpur","m":"9","k":"14/2/2","t":"Harsaru","vc":"04116","area":2189.2,"lat":28.4245671,"lng":76.9363479},"geometry":{"type":"Polygon","coordinates":[[[76.9366677,28.4244202],[76.9366592,28.4247696],[76.9359771,28.4246583],[76.9360174,28.4244079],[76.9360687,28.4244088],[76.9366677,28.4244202]]]}},{"type":"Feature","properties":{"v":"Hayatpur","m":"9","k":"12","t":"Harsaru","vc":"04116","area":2865.1,"lat":28.4247183,"lng":76.9349432},"geometry":{"type":"Polygon","coordinates":[[[76.9346524,28.4249269],[76.9346654,28.4243891],[76.9352926,28.4246446],[76.9352855,28.4249388],[76.9346524,28.4249269]]]}},{"type":"Feature","properties":{"v":"Hayatpur","m":"9","k":"11","t":"Harsaru","vc":"04116","area":3563.9,"lat":28.4246639,"lng":76.9342595},"geometry":{"type":"Polygon","coordinates":[[[76.934601,28.4249259],[76.9339166,28.4249129],[76.9339298,28.4243683],[76.9339316,28.4242927],[76.9341832,28.4243227],[76.9340529,28.4245009],[76.9342712,28.4246315],[76.9345059,28.4243437],[76.9346142,28.4243813],[76.934601,28.4249259]]]}},{"type":"Feature","properties":{"v":"Hayatpur","m":"9","k":"10","t":"Harsaru","vc":"04116","area":4054.7,"lat":28.4251917,"lng":76.9342522},"geometry":{"type":"Polygon","coordinates":[[[76.9345878,28.4254705],[76.9339034,28.4254575],[76.9339166,28.4249129],[76.934601,28.4249259],[76.9345878,28.4254705]]]}},{"type":"Feature","properties":{"v":"Hayatpur","m":"9","k":"9","t":"Harsaru","vc":"04116","area":3750.5,"lat":28.4252051,"lng":76.9349624},"geometry":{"type":"Polygon","coordinates":[[[76.9352723,28.4254834],[76.9346392,28.4254714],[76.9346524,28.4249269],[76.9352855,28.4249388],[76.9352723,28.4254834]]]}},{"type":"Feature","properties":{"v":"Hayatpur","m":"9","k":"8/1","t":"Harsaru","vc":"04116","area":2027.4,"lat":28.4252209,"lng":76.9357923},"geometry":{"type":"Polygon","coordinates":[[[76.9359568,28.4254964],[76.9356146,28.4254899],[76.9356278,28.4249453],[76.93597,28.4249518],[76.9359568,28.4254964]]]}},{"type":"Feature","properties":{"v":"Hayatpur","m":"9","k":"7/1","t":"Harsaru","vc":"04116","area":3954.0,"lat":28.4252307,"lng":76.9363142},"geometry":{"type":"Polygon","coordinates":[[[76.9359739,28.4254967],[76.9359871,28.4249521],[76.9366545,28.4249647],[76.9366413,28.4255093],[76.9359739,28.4254967]]]}},{"type":"Feature","properties":{"v":"Hayatpur","m":"9","k":"6","t":"Harsaru","vc":"04116","area":4088.8,"lat":28.4252381,"lng":76.9369705},"geometry":{"type":"Polygon","coordinates":[[[76.9373258,28.4255223],[76.9366413,28.4255093],[76.9366545,28.4249647],[76.9366569,28.4248649],[76.9373368,28.4250685],[76.9373258,28.4255223]]]}},{"type":"Feature","properties":{"v":"Hayatpur","m":"9","k":"5","t":"Harsaru","vc":"04116","area":4055.3,"lat":28.4257881,"lng":76.936977},"geometry":{"type":"Polygon","coordinates":[[[76.9366413,28.4255093],[76.9373258,28.4255223],[76.9373126,28.4260669],[76.9366281,28.4260539],[76.9366413,28.4255093]]]}},{"type":"Feature","properties":{"v":"Hayatpur","m":"9","k":"4/2","t":"Harsaru","vc":"04116","area":3954.0,"lat":28.4257753,"lng":76.936301},"geometry":{"type":"Polygon","coordinates":[[[76.9359739,28.4254967],[76.9366413,28.4255093],[76.9366281,28.4260539],[76.9359607,28.4260413],[76.9359739,28.4254967]]]}},{"type":"Feature","properties":{"v":"Hayatpur","m":"9","k":"3/1","t":"Harsaru","vc":"04116","area":2027.9,"lat":28.4257589,"lng":76.9354368},"geometry":{"type":"Polygon","coordinates":[[[76.9356014,28.4260345],[76.9354816,28.4260322],[76.9352591,28.426028],[76.9352723,28.4254834],[76.9356146,28.4254899],[76.9356014,28.4260345]]]}},{"type":"Feature","properties":{"v":"Hayatpur","m":"9","k":"2","t":"Harsaru","vc":"04116","area":3750.8,"lat":28.4257497,"lng":76.9349491},"geometry":{"type":"Polygon","coordinates":[[[76.9346392,28.4254714],[76.9352723,28.4254834],[76.9352591,28.426028],[76.934626,28.426016],[76.9346392,28.4254714]]]}},{"type":"Feature","properties":{"v":"Hayatpur","m":"9","k":"1","t":"Harsaru","vc":"04116","area":4054.7,"lat":28.4257363,"lng":76.934239},"geometry":{"type":"Polygon","coordinates":[[[76.9345878,28.4254705],[76.9345746,28.4260151],[76.9338902,28.4260021],[76.9339034,28.4254575],[76.9345878,28.4254705]]]}},{"type":"Feature","properties":{"v":"Hayatpur","m":"10","k":"15/1","t":"Harsaru","vc":"04116","area":1622.0,"lat":28.4246303,"lng":76.9333756},"geometry":{"type":"Polygon","coordinates":[[[76.9332321,28.4249],[76.9332453,28.4243554],[76.9335191,28.4243606],[76.9335059,28.4249051],[76.9332321,28.4249]]]}},{"type":"Feature","properties":{"v":"Hayatpur","m":"10","k":"16/1","t":"Harsaru","vc":"04116","area":901.1,"lat":28.4242977,"lng":76.9335463},"geometry":{"type":"Polygon","coordinates":[[[76.9332453,28.4243554],[76.9332493,28.424189],[76.9339316,28.4242927],[76.9339298,28.4243683],[76.9336902,28.4243638],[76.9335191,28.4243606],[76.9332453,28.4243554]]]}},{"type":"Feature","properties":{"v":"Hayatpur","m":"10","k":"17/2/2","t":"Harsaru","vc":"04116","area":1515.1,"lat":28.4239214,"lng":76.9328889},"geometry":{"type":"Polygon","coordinates":[[[76.9325694,28.4239877],[76.932574,28.4237978],[76.9331729,28.4238092],[76.9331662,28.4240844],[76.9325694,28.4239877]]]}},{"type":"Feature","properties":{"v":"Hayatpur","m":"10","k":"18/2","t":"Harsaru","vc":"04116","area":1101.3,"lat":28.4238679,"lng":76.9322623},"geometry":{"type":"Polygon","coordinates":[[[76.932574,28.4237978],[76.9325694,28.4239877],[76.931887,28.4238907],[76.9318895,28.4237848],[76.932574,28.4237978]]]}},{"type":"Feature","properties":{"v":"Hayatpur","m":"10","k":"13/1","t":"Harsaru","vc":"04116","area":1976.7,"lat":28.4246072,"lng":76.9320365},"geometry":{"type":"Polygon","coordinates":[[[76.9318631,28.424874],[76.9318763,28.4243294],[76.9322014,28.4243356],[76.9322053,28.4248805],[76.9318631,28.424874]]]}},{"type":"Feature","properties":{"v":"Hayatpur","m":"10","k":"25/1","t":"Harsaru","vc":"04116","area":3345.6,"lat":28.4235439,"lng":76.9335475},"geometry":{"type":"Polygon","coordinates":[[[76.9332585,28.4238108],[76.9332717,28.4232662],[76.9338364,28.4232769],[76.9338232,28.4238215],[76.9332585,28.4238108]]]}},{"type":"Feature","properties":{"v":"Hayatpur","m":"10","k":"24/1","t":"Harsaru","vc":"04116","area":2940.2,"lat":28.4235843,"lng":76.9328873},"geometry":{"type":"Polygon","coordinates":[[[76.9332007,28.4233708],[76.93319,28.4238095],[76.9331729,28.4238092],[76.932574,28.4237978],[76.9325846,28.4233591],[76.9332007,28.4233708]]]}},{"type":"Feature","properties":{"v":"Hayatpur","m":"10","k":"23/1","t":"Harsaru","vc":"04116","area":3266.6,"lat":28.423572,"lng":76.9322371},"geometry":{"type":"Polygon","coordinates":[[[76.9318895,28.4237848],[76.9319002,28.4233461],[76.9325846,28.4233591],[76.932574,28.4237978],[76.9318895,28.4237848]]]}},{"type":"Feature","properties":{"v":"Hayatpur","m":"10","k":"22/2","t":"Harsaru","vc":"04116","area":2439.6,"lat":28.4235481,"lng":76.931666},"geometry":{"type":"Polygon","coordinates":[[[76.9318382,28.4237839],[76.9318358,28.4238829],[76.9314774,28.4238371],[76.9314921,28.4232325],[76.9318514,28.4232393],[76.9318382,28.4237839]]]}},{"type":"Feature","properties":{"v":"Hayatpur","m":"10","k":"21/2/1","t":"Harsaru","vc":"04116","area":2014.2,"lat":28.4234779,"lng":76.9308302},"geometry":{"type":"Polygon","coordinates":[[[76.9309997,28.4237665],[76.9306417,28.423704],[76.9306536,28.4232166],[76.9310129,28.4232234],[76.9309997,28.4237665]]]}},{"type":"Feature","properties":{"v":"Hayatpur","m":"10","k":"20","t":"Harsaru","vc":"04116","area":3548.0,"lat":28.4240705,"lng":76.9308427},"geometry":{"type":"Polygon","coordinates":[[[76.9311918,28.4243164],[76.9305074,28.4243035],[76.9305125,28.4240917],[76.9305202,28.423774],[76.9312021,28.4238929],[76.9311918,28.4243164]]]}},{"type":"Feature","properties":{"v":"Hayatpur","m":"10","k":"19","t":"Harsaru","vc":"04116","area":2872.2,"lat":28.4241292,"lng":76.9315276},"geometry":{"type":"Polygon","coordinates":[[[76.9318763,28.4243294],[76.9311918,28.4243164],[76.9312021,28.4238929],[76.9318848,28.4239815],[76.9318763,28.4243294]]]}},{"type":"Feature","properties":{"v":"Hayatpur","m":"10","k":"18/1/3","t":"Harsaru","vc":"04116","area":1160.0,"lat":28.4241682,"lng":76.9320396},"geometry":{"type":"Polygon","coordinates":[[[76.9322089,28.4240275],[76.9322014,28.4243356],[76.9318763,28.4243294],[76.9318848,28.4239815],[76.9322089,28.4240275]]]}},{"type":"Feature","properties":{"v":"Hayatpur","m":"10","k":"17/1","t":"Harsaru","vc":"04116","area":1602.4,"lat":28.424239,"lng":76.9328798},"geometry":{"type":"Polygon","coordinates":[[[76.9332453,28.4243554],[76.932903,28.4243489],[76.9325608,28.4243424],[76.9325672,28.4240784],[76.9332493,28.424189],[76.9332453,28.4243554]]]}},{"type":"Feature","properties":{"v":"Hayatpur","m":"10","k":"16/2/2","t":"Harsaru","vc":"04116","area":1989.5,"lat":28.423979,"lng":76.9335475},"geometry":{"type":"Polygon","coordinates":[[[76.9332585,28.4238108],[76.9338232,28.4238215],[76.9338144,28.4241818],[76.9332515,28.4240982],[76.9332585,28.4238108]]]}},{"type":"Feature","properties":{"v":"Hayatpur","m":"10","k":"15/2/1","t":"Harsaru","vc":"04116","area":1013.6,"lat":28.4246345,"lng":76.9335981},"geometry":{"type":"Polygon","coordinates":[[[76.9335059,28.4249051],[76.9335191,28.4243606],[76.9336902,28.4243638],[76.933677,28.4249084],[76.9335059,28.4249051]]]}},{"type":"Feature","properties":{"v":"Hayatpur","m":"10","k":"14/2","t":"Harsaru","vc":"04116","area":2028.0,"lat":28.4246244,"lng":76.9330675},"geometry":{"type":"Polygon","coordinates":[[[76.9332453,28.4243554],[76.9332321,28.4249],[76.9328898,28.4248935],[76.932903,28.4243489],[76.9332453,28.4243554]]]}},{"type":"Feature","properties":{"v":"Hayatpur","m":"10","k":"12","t":"Harsaru","vc":"04116","area":4055.4,"lat":28.4245952,"lng":76.9315274},"geometry":{"type":"Polygon","coordinates":[[[76.9311786,28.424861],[76.9311918,28.4243164],[76.9318763,28.4243294],[76.9318631,28.424874],[76.9311786,28.424861]]]}},{"type":"Feature","properties":{"v":"Hayatpur","m":"10","k":"11","t":"Harsaru","vc":"04116","area":4021.3,"lat":28.4245803,"lng":76.9308457},"geometry":{"type":"Polygon","coordinates":[[[76.9311786,28.424861],[76.9305626,28.4248494],[76.9304963,28.4247573],[76.9305074,28.4243035],[76.9311918,28.4243164],[76.9311786,28.424861]]]}},{"type":"Feature","properties":{"v":"Hayatpur","m":"10","k":"10","t":"Harsaru","vc":"04116","area":2533.7,"lat":28.4250891,"lng":76.9309454},"geometry":{"type":"Polygon","coordinates":[[[76.9311786,28.424861],[76.9311654,28.4254056],[76.9309258,28.4254011],[76.9306471,28.4249773],[76.9305626,28.4248494],[76.9311786,28.424861]]]}},{"type":"Feature","properties":{"v":"Hayatpur","m":"10","k":"9","t":"Harsaru","vc":"04116","area":4055.2,"lat":28.4251398,"lng":76.9315143},"geometry":{"type":"Polygon","coordinates":[[[76.9318499,28.4254186],[76.9313194,28.4254085],[76.9311654,28.4254056],[76.9311786,28.424861],[76.9318631,28.424874],[76.9318499,28.4254186]]]}},{"type":"Feature","properties":{"v":"Hayatpur","m":"10","k":"8/3","t":"Harsaru","vc":"04116","area":2078.3,"lat":28.4251519,"lng":76.9320319},"geometry":{"type":"Polygon","coordinates":[[[76.9318631,28.424874],[76.9322053,28.4248805],[76.9322093,28.4254254],[76.9318499,28.4254186],[76.9318631,28.424874]]]}},{"type":"Feature","properties":{"v":"Hayatpur","m":"10","k":"7/1","t":"Harsaru","vc":"04116","area":2027.8,"lat":28.425169,"lng":76.9330543},"geometry":{"type":"Polygon","coordinates":[[[76.9332189,28.4254445],[76.9328766,28.4254381],[76.9328898,28.4248935],[76.9332321,28.4249],[76.9332189,28.4254445]]]}},{"type":"Feature","properties":{"v":"Hayatpur","m":"10","k":"6/2","t":"Harsaru","vc":"04116","area":2635.8,"lat":28.4251765,"lng":76.933448},"geometry":{"type":"Polygon","coordinates":[[[76.933677,28.4249084],[76.9336638,28.425453],[76.9332189,28.4254445],[76.9332321,28.4249],[76.9335059,28.4249051],[76.933677,28.4249084]]]}},{"type":"Feature","properties":{"v":"Hayatpur","m":"10","k":"5/1","t":"Harsaru","vc":"04116","area":3615.9,"lat":28.4257512,"lng":76.9335684},"geometry":{"type":"Polygon","coordinates":[[[76.9332167,28.4255353],[76.9336616,28.4255437],[76.9336638,28.425453],[76.9339034,28.4254575],[76.9338902,28.4260021],[76.9332057,28.4259891],[76.9332167,28.4255353]]]}},{"type":"Feature","properties":{"v":"Hayatpur","m":"10","k":"4/2","t":"Harsaru","vc":"04116","area":2028.0,"lat":28.4257136,"lng":76.9330412},"geometry":{"type":"Polygon","coordinates":[[[76.9328766,28.4254381],[76.9332189,28.4254445],[76.9332167,28.4255353],[76.9332057,28.4259891],[76.9328634,28.4259827],[76.9328766,28.4254381]]]}},{"type":"Feature","properties":{"v":"Hayatpur","m":"10","k":"3/1","t":"Harsaru","vc":"04116","area":1200.5,"lat":28.4258069,"lng":76.9320143},"geometry":{"type":"Polygon","coordinates":[[[76.9318367,28.4259632],[76.9318444,28.4256455],[76.9321969,28.4256522],[76.9321789,28.4259697],[76.9318367,28.4259632]]]}},{"type":"Feature","properties":{"v":"Hayatpur","m":"10","k":"2/2","t":"Harsaru","vc":"04116","area":3092.5,"lat":28.4256845,"lng":76.9315823},"geometry":{"type":"Polygon","coordinates":[[[76.9313194,28.4254085],[76.9318499,28.4254186],[76.9318444,28.4256455],[76.9318367,28.4259632],[76.9313233,28.4259535],[76.9313194,28.4254085]]]}},{"type":"Feature","properties":{"v":"Hayatpur","m":"11","k":"25","t":"Harsaru","vc":"04116","area":3154.0,"lat":28.4234206,"lng":76.9301986},"geometry":{"type":"Polygon","coordinates":[[[76.9298493,28.4232013],[76.9305338,28.4232143],[76.9305224,28.4236832],[76.9298401,28.4235795],[76.9298493,28.4232013]]]}},{"type":"Feature","properties":{"v":"Hayatpur","m":"11","k":"24","t":"Harsaru","vc":"04116","area":1657.5,"lat":28.4233494,"lng":76.9296199},"geometry":{"type":"Polygon","coordinates":[[[76.9298493,28.4232013],[76.9298401,28.4235795],[76.9295821,28.423532],[76.9292333,28.4231896],[76.9298493,28.4232013]]]}},{"type":"Feature","properties":{"v":"Hayatpur","m":"11","k":"16/1","t":"Harsaru","vc":"04116","area":2876.2,"lat":28.4239066,"lng":76.9301551},"geometry":{"type":"Polygon","coordinates":[[[76.9299361,28.4236877],[76.9305202,28.423774],[76.9305125,28.4240917],[76.9301703,28.4240852],[76.9301651,28.424297],[76.930148,28.4242967],[76.9299934,28.4240818],[76.9296829,28.4236502],[76.9299361,28.4236877]]]}},{"type":"Feature","properties":{"v":"Hayatpur","m":"11","k":"15","t":"Harsaru","vc":"04116","area":971.5,"lat":28.4244523,"lng":76.9303725},"geometry":{"type":"Polygon","coordinates":[[[76.930148,28.4242967],[76.9301651,28.424297],[76.9305074,28.4243035],[76.9304963,28.4247573],[76.9301138,28.424296],[76.930148,28.4242967]]]}},{"type":"Feature","properties":{"v":"Hayatpur","m":"13","k":"20/1","t":"Harsaru","vc":"04116","area":608.4,"lat":28.4213202,"lng":76.9312132},"geometry":{"type":"Polygon","coordinates":[[[76.9312579,28.4215935],[76.9311552,28.4215915],[76.9311684,28.421047],[76.9312711,28.4210489],[76.9312579,28.4215935]]]}},{"type":"Feature","properties":{"v":"Hayatpur","m":"13","k":"21/2","t":"Harsaru","vc":"04116","area":2027.6,"lat":28.420634,"lng":76.9309388},"geometry":{"type":"Polygon","coordinates":[[[76.9312796,28.420701],[76.9312777,28.4207766],[76.9305933,28.4207636],[76.9305999,28.4204913],[76.9312843,28.4205043],[76.9312796,28.420701]]]}},{"type":"Feature","properties":{"v":"Hayatpur","m":"13","k":"22/2","t":"Harsaru","vc":"04116","area":1464.3,"lat":28.4206091,"lng":76.9316241},"geometry":{"type":"Polygon","coordinates":[[[76.9319688,28.4205173],[76.931964,28.4207139],[76.9312796,28.420701],[76.9312843,28.4205043],[76.9319688,28.4205173]]]}},{"type":"Feature","properties":{"v":"Hayatpur","m":"13","k":"13","t":"Harsaru","vc":"04116","area":4054.9,"lat":28.4218852,"lng":76.932278},"geometry":{"type":"Polygon","coordinates":[[[76.9319424,28.4216065],[76.9326268,28.4216194],[76.9326136,28.422164],[76.9319292,28.4221511],[76.9319424,28.4216065]]]}},{"type":"Feature","properties":{"v":"Hayatpur","m":"13","k":"25/1","t":"Harsaru","vc":"04116","area":3345.7,"lat":28.4208208,"lng":76.9336134},"geometry":{"type":"Polygon","coordinates":[[[76.9338892,28.4210985],[76.9333245,28.4210878],[76.9333377,28.4205432],[76.9339024,28.4205539],[76.9338892,28.4210985]]]}},{"type":"Feature","properties":{"v":"Hayatpur","m":"13","k":"24","t":"Harsaru","vc":"04116","area":4055.5,"lat":28.420809,"lng":76.9329889},"geometry":{"type":"Polygon","coordinates":[[[76.9333245,28.4210878],[76.93264,28.4210749],[76.9326532,28.4205303],[76.9333377,28.4205432],[76.9333245,28.4210878]]]}},{"type":"Feature","properties":{"v":"Hayatpur","m":"13","k":"23","t":"Harsaru","vc":"04116","area":4055.0,"lat":28.4207961,"lng":76.9323044},"geometry":{"type":"Polygon","coordinates":[[[76.931964,28.4207139],[76.9319688,28.4205173],[76.9326532,28.4205303],[76.93264,28.4210749],[76.9319556,28.4210619],[76.931964,28.4207139]]]}},{"type":"Feature","properties":{"v":"Hayatpur","m":"13","k":"22/1","t":"Harsaru","vc":"04116","area":2591.0,"lat":28.4208814,"lng":76.9316176},"geometry":{"type":"Polygon","coordinates":[[[76.9312777,28.4207766],[76.9312796,28.420701],[76.931964,28.4207139],[76.9319556,28.4210619],[76.9312711,28.4210489],[76.9312777,28.4207766]]]}},{"type":"Feature","properties":{"v":"Hayatpur","m":"13","k":"21/1","t":"Harsaru","vc":"04116","area":2027.6,"lat":28.4209063,"lng":76.9309322},"geometry":{"type":"Polygon","coordinates":[[[76.9312711,28.4210489],[76.9311684,28.421047],[76.9305867,28.4210359],[76.9305933,28.4207636],[76.9312777,28.4207766],[76.9312711,28.4210489]]]}},{"type":"Feature","properties":{"v":"Hayatpur","m":"13","k":"20/2","t":"Harsaru","vc":"04116","area":3446.4,"lat":28.4213137,"lng":76.9308709},"geometry":{"type":"Polygon","coordinates":[[[76.9311552,28.4215915],[76.9305734,28.4215805],[76.9305867,28.4210359],[76.9311684,28.421047],[76.9311552,28.4215915]]]}},{"type":"Feature","properties":{"v":"Hayatpur","m":"13","k":"19","t":"Harsaru","vc":"04116","area":4055.3,"lat":28.4213277,"lng":76.9316067},"geometry":{"type":"Polygon","coordinates":[[[76.9319556,28.4210619],[76.9319471,28.4214098],[76.9319424,28.4216065],[76.9312579,28.4215935],[76.9312711,28.4210489],[76.9319556,28.4210619]]]}},{"type":"Feature","properties":{"v":"Hayatpur","m":"13","k":"18/2","t":"Harsaru","vc":"04116","area":2590.5,"lat":28.4212424,"lng":76.9322936},"geometry":{"type":"Polygon","coordinates":[[[76.93264,28.4210749],[76.9326316,28.4214228],[76.9319471,28.4214098],[76.9319556,28.4210619],[76.93264,28.4210749]]]}},{"type":"Feature","properties":{"v":"Hayatpur","m":"13","k":"17","t":"Harsaru","vc":"04116","area":4055.0,"lat":28.4213536,"lng":76.9329757},"geometry":{"type":"Polygon","coordinates":[[[76.9333245,28.4210878],[76.9333113,28.4216324],[76.9326268,28.4216194],[76.9326316,28.4214228],[76.93264,28.4210749],[76.9333245,28.4210878]]]}},{"type":"Feature","properties":{"v":"Hayatpur","m":"13","k":"16/1","t":"Harsaru","vc":"04116","area":3345.7,"lat":28.4213654,"lng":76.9336002},"geometry":{"type":"Polygon","coordinates":[[[76.9333113,28.4216324],[76.9333245,28.4210878],[76.9338892,28.4210985],[76.933876,28.4216431],[76.9337391,28.4216405],[76.9333113,28.4216324]]]}},{"type":"Feature","properties":{"v":"Hayatpur","m":"13","k":"15/2/1","t":"Harsaru","vc":"04116","area":3187.9,"lat":28.4219207,"lng":76.9335762},"geometry":{"type":"Polygon","coordinates":[[[76.9332981,28.422177],[76.9333113,28.4216324],[76.9337391,28.4216405],[76.9337365,28.4217464],[76.9338734,28.421749],[76.9338628,28.4221877],[76.9332981,28.422177]]]}},{"type":"Feature","properties":{"v":"Hayatpur","m":"13","k":"14","t":"Harsaru","vc":"04116","area":4055.5,"lat":28.4218982,"lng":76.9329625},"geometry":{"type":"Polygon","coordinates":[[[76.9326268,28.4216194],[76.9333113,28.4216324],[76.9332981,28.422177],[76.9326136,28.422164],[76.9326268,28.4216194]]]}},{"type":"Feature","properties":{"v":"Hayatpur","m":"13","k":"12","t":"Harsaru","vc":"04116","area":4055.5,"lat":28.4218723,"lng":76.9315936},"geometry":{"type":"Polygon","coordinates":[[[76.9312579,28.4215935],[76.9319424,28.4216065],[76.9319292,28.4221511],[76.9312447,28.4221381],[76.9312579,28.4215935]]]}},{"type":"Feature","properties":{"v":"Hayatpur","m":"13","k":"11","t":"Harsaru","vc":"04116","area":4055.7,"lat":28.4218593,"lng":76.9309091},"geometry":{"type":"Polygon","coordinates":[[[76.9311552,28.4215915],[76.9312579,28.4215935],[76.9312447,28.4221381],[76.9305602,28.4221251],[76.9305734,28.4215805],[76.9311552,28.4215915]]]}},{"type":"Feature","properties":{"v":"Hayatpur","m":"13","k":"10","t":"Harsaru","vc":"04116","area":4055.4,"lat":28.4224039,"lng":76.9308958},"geometry":{"type":"Polygon","coordinates":[[[76.9312315,28.4226827],[76.930547,28.4226697],[76.9305602,28.4221251],[76.9312447,28.4221381],[76.9312315,28.4226827]]]}},{"type":"Feature","properties":{"v":"Hayatpur","m":"13","k":"9","t":"Harsaru","vc":"04116","area":4055.0,"lat":28.4224169,"lng":76.9315803},"geometry":{"type":"Polygon","coordinates":[[[76.9319159,28.4226957],[76.9318646,28.4226947],[76.9314283,28.4226864],[76.9312315,28.4226827],[76.9312447,28.4221381],[76.9319292,28.4221511],[76.9319159,28.4226957]]]}},{"type":"Feature","properties":{"v":"Hayatpur","m":"13","k":"8","t":"Harsaru","vc":"04116","area":4055.1,"lat":28.4224299,"lng":76.9322648},"geometry":{"type":"Polygon","coordinates":[[[76.9326004,28.4227086],[76.9319159,28.4226957],[76.9319292,28.4221511],[76.9326136,28.422164],[76.9326004,28.4227086]]]}},{"type":"Feature","properties":{"v":"Hayatpur","m":"13","k":"7","t":"Harsaru","vc":"04116","area":4055.4,"lat":28.4224428,"lng":76.9329492},"geometry":{"type":"Polygon","coordinates":[[[76.9332849,28.4227216],[76.9326004,28.4227086],[76.9326136,28.422164],[76.9332981,28.422177],[76.9332849,28.4227216]]]}},{"type":"Feature","properties":{"v":"Hayatpur","m":"13","k":"6/2","t":"Harsaru","vc":"04116","area":3345.7,"lat":28.4224546,"lng":76.9335739},"geometry":{"type":"Polygon","coordinates":[[[76.9332981,28.422177],[76.9338628,28.4221877],[76.9338496,28.4227323],[76.9332849,28.4227216],[76.9332981,28.422177]]]}},{"type":"Feature","properties":{"v":"Hayatpur","m":"13","k":"5/1/1","t":"Harsaru","vc":"04116","area":2881.2,"lat":28.4230371,"lng":76.9335597},"geometry":{"type":"Polygon","coordinates":[[[76.9338477,28.4228079],[76.9338364,28.4232769],[76.9332717,28.4232662],[76.933283,28.4227972],[76.9338477,28.4228079]]]}},{"type":"Feature","properties":{"v":"Hayatpur","m":"13","k":"4","t":"Harsaru","vc":"04116","area":3717.2,"lat":28.4230101,"lng":76.9329355},"geometry":{"type":"Polygon","coordinates":[[[76.9325993,28.422754],[76.9332838,28.422767],[76.933283,28.4227972],[76.9332717,28.4232662],[76.9332032,28.4232649],[76.9325872,28.4232532],[76.9325993,28.422754]]]}},{"type":"Feature","properties":{"v":"Hayatpur","m":"13","k":"3","t":"Harsaru","vc":"04116","area":3717.4,"lat":28.4229971,"lng":76.932251},"geometry":{"type":"Polygon","coordinates":[[[76.9325993,28.422754],[76.9325872,28.4232532],[76.9319027,28.4232402],[76.9319148,28.422741],[76.9325993,28.422754]]]}},{"type":"Feature","properties":{"v":"Hayatpur","m":"13","k":"2/2","t":"Harsaru","vc":"04116","area":2585.3,"lat":28.4229629,"lng":76.9316398},"geometry":{"type":"Polygon","coordinates":[[[76.9318635,28.4227401],[76.9318514,28.4232393],[76.9314921,28.4232325],[76.931415,28.423231],[76.9314283,28.4226864],[76.9318646,28.4226947],[76.9318635,28.4227401]]]}},{"type":"Feature","properties":{"v":"Hayatpur","m":"13","k":"1/2","t":"Harsaru","vc":"04116","area":2675.2,"lat":28.4228559,"lng":76.9308861},"geometry":{"type":"Polygon","coordinates":[[[76.930547,28.4226697],[76.9312315,28.4226827],[76.9312227,28.4230457],[76.9305384,28.4230252],[76.930547,28.4226697]]]}},{"type":"Feature","properties":{"v":"Hayatpur","m":"14","k":"26","t":"Harsaru","vc":"04116","area":261.9,"lat":28.4223262,"lng":76.9346733},"geometry":{"type":"Polygon","coordinates":[[[76.9346629,28.4223713],[76.9345357,28.422268],[76.9345909,28.4222015],[76.9348127,28.4223905],[76.9347601,28.4224502],[76.9346629,28.4223713]]]}},{"type":"Feature","properties":{"v":"Hayatpur","m":"14","k":"24/1/2","t":"Harsaru","vc":"04116","area":1441.8,"lat":28.4208401,"lng":76.9362094},"geometry":{"type":"Polygon","coordinates":[[[76.9363493,28.4206003],[76.9363368,28.4211146],[76.9360645,28.4210489],[76.9360755,28.4205951],[76.9363493,28.4206003]]]}},{"type":"Feature","properties":{"v":"Hayatpur","m":"14","k":"18/2","t":"Harsaru","vc":"04116","area":912.4,"lat":28.4214005,"lng":76.9354483},"geometry":{"type":"Polygon","coordinates":[[[76.9353647,28.4216713],[76.9353779,28.4211267],[76.9355319,28.4211296],[76.9355187,28.4216742],[76.9353647,28.4216713]]]}},{"type":"Feature","properties":{"v":"Hayatpur","m":"14","k":"13","t":"Harsaru","vc":"04116","area":4054.6,"lat":28.4219501,"lng":76.9357003},"geometry":{"type":"Polygon","coordinates":[[[76.9353515,28.4222159],[76.9353647,28.4216713],[76.9355187,28.4216742],[76.9360491,28.4216843],[76.9360359,28.4222288],[76.9353515,28.4222159]]]}},{"type":"Feature","properties":{"v":"Hayatpur","m":"14","k":"25","t":"Harsaru","vc":"04116","area":4054.9,"lat":28.4208868,"lng":76.9370956},"geometry":{"type":"Polygon","coordinates":[[[76.9367468,28.4211526],[76.93676,28.420608],[76.9374444,28.420621],[76.9374312,28.4211656],[76.9367468,28.4211526]]]}},{"type":"Feature","properties":{"v":"Hayatpur","m":"14","k":"24/2/2","t":"Harsaru","vc":"04116","area":2408.0,"lat":28.4208737,"lng":76.9365497},"geometry":{"type":"Polygon","coordinates":[[[76.9367468,28.4211526],[76.9364901,28.4211478],[76.9363368,28.4211146],[76.9363493,28.4206003],[76.9365033,28.4206032],[76.93676,28.420608],[76.9367468,28.4211526]]]}},{"type":"Feature","properties":{"v":"Hayatpur","m":"14","k":"23/2","t":"Harsaru","vc":"04116","area":2816.3,"lat":28.4207806,"lng":76.9357514},"geometry":{"type":"Polygon","coordinates":[[[76.9360755,28.4205951],[76.9360645,28.4210489],[76.9353837,28.4208847],[76.935391,28.4205821],[76.9360755,28.4205951]]]}},{"type":"Feature","properties":{"v":"Hayatpur","m":"14","k":"22/1","t":"Harsaru","vc":"04116","area":2365.7,"lat":28.4209579,"lng":76.9350124},"geometry":{"type":"Polygon","coordinates":[[[76.9353779,28.4211267],[76.9346934,28.4211138],[76.9347029,28.4207204],[76.9353837,28.4208847],[76.9353779,28.4211267]]]}},{"type":"Feature","properties":{"v":"Hayatpur","m":"14","k":"21/2/1","t":"Harsaru","vc":"04116","area":3142.9,"lat":28.4208711,"lng":76.9343746},"geometry":{"type":"Polygon","coordinates":[[[76.9346934,28.4211138],[76.9340774,28.4211021],[76.9340906,28.4205575],[76.9347029,28.4207204],[76.9346934,28.4211138]]]}},{"type":"Feature","properties":{"v":"Hayatpur","m":"14","k":"20/1","t":"Harsaru","vc":"04116","area":3649.3,"lat":28.4213802,"lng":76.9343788},"geometry":{"type":"Polygon","coordinates":[[[76.9346934,28.4211138],[76.9346802,28.4216583],[76.9340642,28.4216467],[76.9340774,28.4211021],[76.9346934,28.4211138]]]}},{"type":"Feature","properties":{"v":"Hayatpur","m":"14","k":"19","t":"Harsaru","vc":"04116","area":4055.1,"lat":28.4213925,"lng":76.9350291},"geometry":{"type":"Polygon","coordinates":[[[76.9353647,28.4216713],[76.9346802,28.4216583],[76.9346934,28.4211138],[76.9353779,28.4211267],[76.9353647,28.4216713]]]}},{"type":"Feature","properties":{"v":"Hayatpur","m":"14","k":"18/1","t":"Harsaru","vc":"04116","area":3142.5,"lat":28.421407,"lng":76.9357905},"geometry":{"type":"Polygon","coordinates":[[[76.9355187,28.4216742],[76.9355319,28.4211296],[76.9360623,28.4211397],[76.9360491,28.4216843],[76.9355187,28.4216742]]]}},{"type":"Feature","properties":{"v":"Hayatpur","m":"14","k":"17/3","t":"Harsaru","vc":"04116","area":3623.6,"lat":28.4214072,"lng":76.9363646},"geometry":{"type":"Polygon","coordinates":[[[76.9360491,28.4216843],[76.9360623,28.4211397],[76.9363361,28.4211448],[76.9364901,28.4211478],[76.9367459,28.4211897],[76.9367435,28.4212888],[76.9365625,28.421694],[76.9365111,28.421693],[76.9360491,28.4216843]]]}},{"type":"Feature","properties":{"v":"Hayatpur","m":"14","k":"16/1","t":"Harsaru","vc":"04116","area":4040.6,"lat":28.4214321,"lng":76.9370836},"geometry":{"type":"Polygon","coordinates":[[[76.9367336,28.4216972],[76.9367435,28.4212888],[76.936772,28.4212096],[76.9367459,28.4211897],[76.9367468,28.4211526],[76.9374312,28.4211656],[76.937418,28.4217102],[76.9367336,28.4216972]]]}},{"type":"Feature","properties":{"v":"Hayatpur","m":"14","k":"15/1","t":"Harsaru","vc":"04116","area":3878.8,"lat":28.4219691,"lng":76.9370551},"geometry":{"type":"Polygon","coordinates":[[[76.9367204,28.4222418],[76.9367336,28.4216972],[76.937418,28.4217102],[76.937414,28.4218766],[76.9373193,28.4222531],[76.9367204,28.4222418]]]}},{"type":"Feature","properties":{"v":"Hayatpur","m":"14","k":"14/2","t":"Harsaru","vc":"04116","area":2230.6,"lat":28.4220029,"lng":76.9365274},"geometry":{"type":"Polygon","coordinates":[[[76.9367336,28.4216972],[76.9367204,28.4222418],[76.9361899,28.4222318],[76.9365111,28.421693],[76.9365625,28.421694],[76.9367336,28.4216972]]]}},{"type":"Feature","properties":{"v":"Hayatpur","m":"14","k":"12","t":"Harsaru","vc":"04116","area":4055.5,"lat":28.4219371,"lng":76.9350158},"geometry":{"type":"Polygon","coordinates":[[[76.934667,28.4222029],[76.9346802,28.4216583],[76.9353647,28.4216713],[76.9353515,28.4222159],[76.934667,28.4222029]]]}},{"type":"Feature","properties":{"v":"Hayatpur","m":"14","k":"11/1","t":"Harsaru","vc":"04116","area":405.8,"lat":28.4219183,"lng":76.9340233},"geometry":{"type":"Polygon","coordinates":[[[76.9339957,28.4216454],[76.9340642,28.4216467],[76.934051,28.4221913],[76.9339825,28.42219],[76.9339957,28.4216454]]]}},{"type":"Feature","properties":{"v":"Hayatpur","m":"14","k":"10/1","t":"Harsaru","vc":"04116","area":3502.7,"lat":28.4224778,"lng":76.9343413},"geometry":{"type":"Polygon","coordinates":[[[76.9346538,28.4227475],[76.9340378,28.4227359],[76.934051,28.4221913],[76.9345909,28.4222015],[76.9345357,28.422268],[76.9346629,28.4223713],[76.9346538,28.4227475]]]}},{"type":"Feature","properties":{"v":"Hayatpur","m":"14","k":"9","t":"Harsaru","vc":"04116","area":3940.3,"lat":28.4224841,"lng":76.9350102},"geometry":{"type":"Polygon","coordinates":[[[76.9353383,28.4227605],[76.9346538,28.4227475],[76.9346629,28.4223713],[76.9347601,28.4224502],[76.9348127,28.4223905],[76.9345909,28.4222015],[76.934667,28.4222029],[76.9353515,28.4222159],[76.9353383,28.4227605]]]}},{"type":"Feature","properties":{"v":"Hayatpur","m":"14","k":"8/2","t":"Harsaru","vc":"04116","area":3864.4,"lat":28.4224851,"lng":76.9356727},"geometry":{"type":"Polygon","coordinates":[[[76.9353515,28.4222159],[76.9360359,28.4222288],[76.936029,28.4225172],[76.9358859,28.4227708],[76.9353383,28.4227605],[76.9353515,28.4222159]]]}},{"type":"Feature","properties":{"v":"Hayatpur","m":"14","k":"7/1","t":"Harsaru","vc":"04116","area":3813.2,"lat":28.4225191,"lng":76.9363897},"geometry":{"type":"Polygon","coordinates":[[[76.936716,28.4224233],[76.9367072,28.4227864],[76.9360228,28.4227734],[76.936029,28.4225172],[76.9361899,28.4222318],[76.9367204,28.4222418],[76.936716,28.4224233]]]}},{"type":"Feature","properties":{"v":"Hayatpur","m":"14","k":"6/1/2","t":"Harsaru","vc":"04116","area":1599.7,"lat":28.4225943,"lng":76.9369183},"geometry":{"type":"Polygon","coordinates":[[[76.936716,28.4224233],[76.937218,28.4224328],[76.9370152,28.4227922],[76.9367072,28.4227864],[76.936716,28.4224233]]]}},{"type":"Feature","properties":{"v":"Hayatpur","m":"14","k":"5/2","t":"Harsaru","vc":"04116","area":3143.2,"lat":28.4230928,"lng":76.9371118},"geometry":{"type":"Polygon","coordinates":[[[76.9370363,28.4233375],[76.936694,28.423331],[76.9370152,28.4227922],[76.9373917,28.4227993],[76.9373785,28.4233439],[76.9370363,28.4233375]]]}},{"type":"Feature","properties":{"v":"Hayatpur","m":"14","k":"4","t":"Harsaru","vc":"04116","area":4054.8,"lat":28.4230522,"lng":76.9363584},"geometry":{"type":"Polygon","coordinates":[[[76.9360228,28.4227734],[76.9367072,28.4227864],[76.936694,28.423331],[76.9360096,28.423318],[76.9360228,28.4227734]]]}},{"type":"Feature","properties":{"v":"Hayatpur","m":"14","k":"3/2","t":"Harsaru","vc":"04116","area":1723.5,"lat":28.4230907,"lng":76.935856},"geometry":{"type":"Polygon","coordinates":[[[76.9360228,28.4227734],[76.9360096,28.423318],[76.9355647,28.4233096],[76.9358859,28.4227708],[76.9360228,28.4227734]]]}},{"type":"Feature","properties":{"v":"Hayatpur","m":"14","k":"2","t":"Harsaru","vc":"04116","area":4055.4,"lat":28.4230263,"lng":76.9349895},"geometry":{"type":"Polygon","coordinates":[[[76.9346538,28.4227475],[76.9353383,28.4227605],[76.9353251,28.4233051],[76.9346406,28.4232921],[76.9346538,28.4227475]]]}},{"type":"Feature","properties":{"v":"Hayatpur","m":"14","k":"1/2","t":"Harsaru","vc":"04116","area":3649.3,"lat":28.423014,"lng":76.9343392},"geometry":{"type":"Polygon","coordinates":[[[76.9346538,28.4227475],[76.9346406,28.4232921],[76.9340246,28.4232804],[76.9340378,28.4227359],[76.9346538,28.4227475]]]}},{"type":"Feature","properties":{"v":"Hayatpur","m":"32","k":"19/1","t":"Harsaru","vc":"04116","area":563.3,"lat":28.4189041,"lng":76.9350894},"geometry":{"type":"Polygon","coordinates":[[[76.9347462,28.4189354],[76.934748,28.4188598],[76.9354325,28.4188727],[76.9354306,28.4189484],[76.9347462,28.4189354]]]}},{"type":"Feature","properties":{"v":"Hayatpur","m":"32","k":"13","t":"Harsaru","vc":"04116","area":4055.0,"lat":28.4192271,"lng":76.9357662},"geometry":{"type":"Polygon","coordinates":[[[76.9354174,28.4194929],[76.9354306,28.4189484],[76.9361151,28.4189613],[76.9361066,28.4193092],[76.9361019,28.4195059],[76.9354174,28.4194929]]]}},{"type":"Feature","properties":{"v":"Hayatpur","m":"32","k":"25","t":"Harsaru","vc":"04116","area":4055.1,"lat":28.4181638,"lng":76.9371615},"geometry":{"type":"Polygon","coordinates":[[[76.9368127,28.4184297],[76.9368259,28.4178851],[76.936843,28.4178854],[76.9375103,28.417898],[76.9374971,28.4184426],[76.9368127,28.4184297]]]}},{"type":"Feature","properties":{"v":"Hayatpur","m":"32","k":"24","t":"Harsaru","vc":"04116","area":4055.3,"lat":28.4181509,"lng":76.9364771},"geometry":{"type":"Polygon","coordinates":[[[76.9361283,28.4184167],[76.9361414,28.4178721],[76.9364837,28.4178786],[76.9368259,28.4178851],[76.9368127,28.4184297],[76.9364705,28.4184232],[76.9361283,28.4184167]]]}},{"type":"Feature","properties":{"v":"Hayatpur","m":"32","k":"23/2","t":"Harsaru","vc":"04116","area":2230.8,"lat":28.4181386,"lng":76.9358268},"geometry":{"type":"Polygon","coordinates":[[[76.935632,28.4184073],[76.9356452,28.4178627],[76.9357137,28.417864],[76.9360217,28.4178699],[76.9360085,28.4184145],[76.935632,28.4184073]]]}},{"type":"Feature","properties":{"v":"Hayatpur","m":"32","k":"22","t":"Harsaru","vc":"04116","area":4055.0,"lat":28.418125,"lng":76.9351082},"geometry":{"type":"Polygon","coordinates":[[[76.9347594,28.4183908],[76.9347726,28.4178462],[76.935457,28.4178592],[76.9354438,28.4184038],[76.9347594,28.4183908]]]}},{"type":"Feature","properties":{"v":"Hayatpur","m":"32","k":"21/2","t":"Harsaru","vc":"04116","area":3649.8,"lat":28.4181127,"lng":76.934458},"geometry":{"type":"Polygon","coordinates":[[[76.9347726,28.4178462],[76.9347594,28.4183908],[76.9341434,28.4183791],[76.9341566,28.4178345],[76.9347726,28.4178462]]]}},{"type":"Feature","properties":{"v":"Hayatpur","m":"32","k":"20/1/2","t":"Harsaru","vc":"04116","area":2027.9,"lat":28.4185362,"lng":76.9344477},"geometry":{"type":"Polygon","coordinates":[[[76.9341434,28.4183791],[76.9347594,28.4183908],[76.934752,28.4186934],[76.934136,28.4186817],[76.9341434,28.4183791]]]}},{"type":"Feature","properties":{"v":"Hayatpur","m":"32","k":"19/2","t":"Harsaru","vc":"04116","area":3492.1,"lat":28.4186318,"lng":76.9350959},"geometry":{"type":"Polygon","coordinates":[[[76.934752,28.4186934],[76.9347594,28.4183908],[76.9354438,28.4184038],[76.9354325,28.4188727],[76.934748,28.4188598],[76.934752,28.4186934]]]}},{"type":"Feature","properties":{"v":"Hayatpur","m":"32","k":"18","t":"Harsaru","vc":"04116","area":4055.4,"lat":28.4186825,"lng":76.9357795},"geometry":{"type":"Polygon","coordinates":[[[76.9354325,28.4188727],[76.9354438,28.4184038],[76.935632,28.4184073],[76.9360085,28.4184145],[76.9361283,28.4184167],[76.9361151,28.4189613],[76.9354306,28.4189484],[76.9354325,28.4188727]]]}},{"type":"Feature","properties":{"v":"Hayatpur","m":"32","k":"17/1","t":"Harsaru","vc":"04116","area":2027.5,"lat":28.4186922,"lng":76.9362928},"geometry":{"type":"Polygon","coordinates":[[[76.9361151,28.4189613],[76.9361283,28.4184167],[76.9364705,28.4184232],[76.9364573,28.4189678],[76.9361151,28.4189613]]]}},{"type":"Feature","properties":{"v":"Hayatpur","m":"32","k":"16","t":"Harsaru","vc":"04116","area":4055.3,"lat":28.4187085,"lng":76.9371483},"geometry":{"type":"Polygon","coordinates":[[[76.9367995,28.4189743],[76.9368127,28.4184297],[76.9374971,28.4184426],[76.937484,28.4189872],[76.9367995,28.4189743]]]}},{"type":"Feature","properties":{"v":"Hayatpur","m":"32","k":"15","t":"Harsaru","vc":"04116","area":4055.1,"lat":28.419253,"lng":76.9371352},"geometry":{"type":"Polygon","coordinates":[[[76.9367863,28.4195188],[76.9367911,28.4193222],[76.9367995,28.4189743],[76.937484,28.4189872],[76.9374708,28.4195318],[76.9367863,28.4195188]]]}},{"type":"Feature","properties":{"v":"Hayatpur","m":"32","k":"14","t":"Harsaru","vc":"04116","area":2590.5,"lat":28.4191417,"lng":76.9364531},"geometry":{"type":"Polygon","coordinates":[[[76.9361151,28.4189613],[76.9364573,28.4189678],[76.9367995,28.4189743],[76.9367911,28.4193222],[76.936466,28.419316],[76.9361066,28.4193092],[76.9361151,28.4189613]]]}},{"type":"Feature","properties":{"v":"Hayatpur","m":"32","k":"12","t":"Harsaru","vc":"04116","area":4054.6,"lat":28.4192142,"lng":76.9350818},"geometry":{"type":"Polygon","coordinates":[[[76.934733,28.41948],[76.9347462,28.4189354],[76.9354306,28.4189484],[76.9354174,28.4194929],[76.934733,28.41948]]]}},{"type":"Feature","properties":{"v":"Hayatpur","m":"32","k":"11/2/2","t":"Harsaru","vc":"04116","area":1690.2,"lat":28.419113,"lng":76.9343353},"geometry":{"type":"Polygon","coordinates":[[[76.9345494,28.4189317],[76.9345404,28.4193023],[76.9341212,28.4192943],[76.9341302,28.4189237],[76.9345494,28.4189317]]]}},{"type":"Feature","properties":{"v":"Hayatpur","m":"32","k":"10/1/2","t":"Harsaru","vc":"04116","area":2635.8,"lat":28.4196727,"lng":76.934436},"geometry":{"type":"Polygon","coordinates":[[[76.934733,28.41948],[76.934722,28.4199338],[76.9341089,28.4198011],[76.934117,28.4194683],[76.934733,28.41948]]]}},{"type":"Feature","properties":{"v":"Hayatpur","m":"32","k":"9/2","t":"Harsaru","vc":"04116","area":3604.5,"lat":28.4197285,"lng":76.9350693},"geometry":{"type":"Polygon","coordinates":[[[76.9354057,28.419977],[76.9349608,28.4199686],[76.9347213,28.4199641],[76.934722,28.4199338],[76.934733,28.41948],[76.9354174,28.4194929],[76.9354057,28.419977]]]}},{"type":"Feature","properties":{"v":"Hayatpur","m":"32","k":"8","t":"Harsaru","vc":"04116","area":4055.5,"lat":28.4197717,"lng":76.9357531},"geometry":{"type":"Polygon","coordinates":[[[76.9354174,28.4194929],[76.9361019,28.4195059],[76.9360887,28.4200505],[76.9354042,28.4200375],[76.9354057,28.419977],[76.9354174,28.4194929]]]}},{"type":"Feature","properties":{"v":"Hayatpur","m":"32","k":"7/1","t":"Harsaru","vc":"04116","area":1926.2,"lat":28.419788,"lng":76.9366172},"geometry":{"type":"Polygon","coordinates":[[[76.9367863,28.4195188],[76.9367731,28.4200634],[76.936448,28.4200573],[76.9364612,28.4195127],[76.9367863,28.4195188]]]}},{"type":"Feature","properties":{"v":"Hayatpur","m":"32","k":"6","t":"Harsaru","vc":"04116","area":4055.5,"lat":28.4197976,"lng":76.9371219},"geometry":{"type":"Polygon","coordinates":[[[76.9374605,28.4199554],[76.9374576,28.4200764],[76.9367731,28.4200634],[76.9367863,28.4195188],[76.9374708,28.4195318],[76.9374605,28.4199554]]]}},{"type":"Feature","properties":{"v":"Hayatpur","m":"32","k":"5/1","t":"Harsaru","vc":"04116","area":2688.4,"lat":28.4202675,"lng":76.9370764},"geometry":{"type":"Polygon","coordinates":[[[76.9367731,28.4200634],[76.9374576,28.4200764],[76.9372443,28.4205387],[76.9367644,28.4204265],[76.9367731,28.4200634]]]}},{"type":"Feature","properties":{"v":"Hayatpur","m":"32","k":"4/1","t":"Harsaru","vc":"04116","area":1915.0,"lat":28.4204686,"lng":76.9363874},"geometry":{"type":"Polygon","coordinates":[[[76.93676,28.420608],[76.9365033,28.4206032],[76.9363493,28.4206003],[76.9360755,28.4205951],[76.9360836,28.4202623],[76.9363597,28.4203289],[76.9364235,28.4203443],[76.9367644,28.4204265],[76.93676,28.420608]]]}},{"type":"Feature","properties":{"v":"Hayatpur","m":"32","k":"3/1/1","t":"Harsaru","vc":"04116","area":2765.7,"lat":28.4204026,"lng":76.9357328},"geometry":{"type":"Polygon","coordinates":[[[76.9360755,28.4205951],[76.935391,28.4205821],[76.9354002,28.4202039],[76.9358793,28.420213],[76.9360836,28.4202623],[76.9360755,28.4205951]]]}},{"type":"Feature","properties":{"v":"Hayatpur","m":"32","k":"2/2","t":"Harsaru","vc":"04116","area":3959.4,"lat":28.4203093,"lng":76.9350493},"geometry":{"type":"Polygon","coordinates":[[[76.9347198,28.4200246],[76.9351133,28.420032],[76.9354028,28.420098],[76.9354002,28.4202039],[76.935391,28.4205821],[76.9347066,28.4205692],[76.9347198,28.4200246]]]}},{"type":"Feature","properties":{"v":"Hayatpur","m":"32","k":"1/2","t":"Harsaru","vc":"04116","area":3649.7,"lat":28.420291,"lng":76.9344052},"geometry":{"type":"Polygon","coordinates":[[[76.9347066,28.4205692],[76.9340906,28.4205575],[76.9341038,28.4200129],[76.9347198,28.4200246],[76.9347066,28.4205692]]]}},{"type":"Feature","properties":{"v":"Hayatpur","m":"33","k":"5/1/1","t":"Harsaru","vc":"04116","area":464.4,"lat":28.4204964,"lng":76.9335272},"geometry":{"type":"Polygon","coordinates":[[[76.9333377,28.4205432],[76.9333414,28.420392],[76.9339024,28.4205539],[76.9333377,28.4205432]]]}},{"type":"Feature","properties":{"v":"Hayatpur","m":"33","k":"4/1","t":"Harsaru","vc":"04116","area":1413.7,"lat":28.4204412,"lng":76.9329879},"geometry":{"type":"Polygon","coordinates":[[[76.9333377,28.4205432],[76.9326532,28.4205303],[76.932658,28.4203336],[76.9331371,28.4203427],[76.9333414,28.420392],[76.9333377,28.4205432]]]}},{"type":"Feature","properties":{"v":"Hayatpur","m":"33","k":"3/1","t":"Harsaru","vc":"04116","area":1577.1,"lat":28.4204179,"lng":76.9323136},"geometry":{"type":"Polygon","coordinates":[[[76.932658,28.4203336],[76.9326532,28.4205303],[76.9319688,28.4205173],[76.9319739,28.4203055],[76.9326584,28.4203185],[76.932658,28.4203336]]]}},{"type":"Feature","properties":{"v":"Hayatpur","m":"33","k":"16/1/2","t":"Harsaru","vc":"04116","area":1672.9,"lat":28.4187787,"lng":76.9336629},"geometry":{"type":"Polygon","coordinates":[[[76.9339486,28.4186479],[76.933942,28.4189202],[76.9333773,28.4189095],[76.9333839,28.4186372],[76.9339486,28.4186479]]]}},{"type":"Feature","properties":{"v":"Hayatpur","m":"33","k":"17/2","t":"Harsaru","vc":"04116","area":2027.5,"lat":28.4184945,"lng":76.933045},"geometry":{"type":"Polygon","coordinates":[[[76.9326995,28.4186242],[76.9327061,28.4183519],[76.9333905,28.4183649],[76.9333839,28.4186372],[76.9326995,28.4186242]]]}},{"type":"Feature","properties":{"v":"Hayatpur","m":"33","k":"25/1","t":"Harsaru","vc":"04116","area":1579.8,"lat":28.4181181,"lng":76.933542},"geometry":{"type":"Polygon","coordinates":[[[76.9333905,28.4183649],[76.9334026,28.4178657],[76.9336935,28.4178712],[76.9336915,28.4179544],[76.9336894,28.4180376],[76.9336874,28.4181208],[76.9336858,28.4181889],[76.9336814,28.4183704],[76.9333905,28.4183649]]]}},{"type":"Feature","properties":{"v":"Hayatpur","m":"33","k":"13/2","t":"Harsaru","vc":"04116","area":3491.9,"lat":28.4191269,"lng":76.9323633},"geometry":{"type":"Polygon","coordinates":[[[76.9326928,28.4188965],[76.9326888,28.4190629],[76.9326817,28.4193579],[76.9326796,28.4194411],[76.9319989,28.4192768],[76.9320084,28.4188835],[76.9326928,28.4188965]]]}},{"type":"Feature","properties":{"v":"Hayatpur","m":"33","k":"24","t":"Harsaru","vc":"04116","area":3717.0,"lat":28.4181088,"lng":76.9330544},"geometry":{"type":"Polygon","coordinates":[[[76.9327061,28.4183519],[76.9327182,28.4178527],[76.9334026,28.4178657],[76.9333905,28.4183649],[76.9327061,28.4183519]]]}},{"type":"Feature","properties":{"v":"Hayatpur","m":"33","k":"23","t":"Harsaru","vc":"04116","area":3717.5,"lat":28.4180958,"lng":76.9323699},"geometry":{"type":"Polygon","coordinates":[[[76.9320216,28.4183389],[76.9320337,28.4178397],[76.9327182,28.4178527],[76.9327061,28.4183519],[76.9320216,28.4183389]]]}},{"type":"Feature","properties":{"v":"Hayatpur","m":"33","k":"22","t":"Harsaru","vc":"04116","area":3717.0,"lat":28.4180828,"lng":76.9316855},"geometry":{"type":"Polygon","coordinates":[[[76.9313372,28.4183259],[76.9313493,28.4178267],[76.9320337,28.4178397],[76.9320216,28.4183389],[76.9313372,28.4183259]]]}},{"type":"Feature","properties":{"v":"Hayatpur","m":"33","k":"21","t":"Harsaru","vc":"04116","area":3717.5,"lat":28.4180699,"lng":76.931001},"geometry":{"type":"Polygon","coordinates":[[[76.9313372,28.4183259],[76.9306527,28.418313],[76.9306648,28.4178138],[76.9313493,28.4178267],[76.9313372,28.4183259]]]}},{"type":"Feature","properties":{"v":"Hayatpur","m":"33","k":"20","t":"Harsaru","vc":"04116","area":4055.6,"lat":28.4185918,"lng":76.9309884},"geometry":{"type":"Polygon","coordinates":[[[76.931324,28.4188705],[76.9306395,28.4188576],[76.9306527,28.418313],[76.9313372,28.4183259],[76.931324,28.4188705]]]}},{"type":"Feature","properties":{"v":"Hayatpur","m":"33","k":"19","t":"Harsaru","vc":"04116","area":4055.0,"lat":28.4186047,"lng":76.9316728},"geometry":{"type":"Polygon","coordinates":[[[76.9320084,28.4188835],[76.931324,28.4188705],[76.9313372,28.4183259],[76.9320216,28.4183389],[76.9320084,28.4188835]]]}},{"type":"Feature","properties":{"v":"Hayatpur","m":"33","k":"18","t":"Harsaru","vc":"04116","area":4055.5,"lat":28.4186177,"lng":76.9323572},"geometry":{"type":"Polygon","coordinates":[[[76.9326995,28.4186242],[76.9326928,28.4188965],[76.9320084,28.4188835],[76.9320216,28.4183389],[76.9327061,28.4183519],[76.9326995,28.4186242]]]}},{"type":"Feature","properties":{"v":"Hayatpur","m":"33","k":"17/1","t":"Harsaru","vc":"04116","area":2027.7,"lat":28.4187669,"lng":76.9330384},"geometry":{"type":"Polygon","coordinates":[[[76.9326928,28.4188965],[76.9326995,28.4186242],[76.9333839,28.4186372],[76.9333773,28.4189095],[76.9326928,28.4188965]]]}},{"type":"Feature","properties":{"v":"Hayatpur","m":"33","k":"16/2/2","t":"Harsaru","vc":"04116","area":1672.9,"lat":28.4185064,"lng":76.9336696},"geometry":{"type":"Polygon","coordinates":[[[76.9333905,28.4183649],[76.9336814,28.4183704],[76.9339552,28.4183756],[76.9339486,28.4186479],[76.9333839,28.4186372],[76.9333905,28.4183649]]]}},{"type":"Feature","properties":{"v":"Hayatpur","m":"33","k":"15/1/1","t":"Harsaru","vc":"04116","area":2323.0,"lat":28.4192703,"lng":76.933651},"geometry":{"type":"Polygon","coordinates":[[[76.9339379,28.4190866],[76.9339288,28.4194647],[76.9333641,28.4194541],[76.9333661,28.4193708],[76.9333733,28.4190759],[76.9339379,28.4190866]]]}},{"type":"Feature","properties":{"v":"Hayatpur","m":"33","k":"14/1/2","t":"Harsaru","vc":"04116","area":2196.3,"lat":28.4192169,"lng":76.9330275},"geometry":{"type":"Polygon","coordinates":[[[76.9333661,28.4193708],[76.9326817,28.4193579],[76.9326888,28.4190629],[76.9333733,28.4190759],[76.9333661,28.4193708]]]}},{"type":"Feature","properties":{"v":"Hayatpur","m":"33","k":"12/2","t":"Harsaru","vc":"04116","area":2393.6,"lat":28.4190409,"lng":76.9316877},"geometry":{"type":"Polygon","coordinates":[[[76.931324,28.4188705],[76.9320084,28.4188835],[76.9319989,28.4192768],[76.9313179,28.4191201],[76.931324,28.4188705]]]}},{"type":"Feature","properties":{"v":"Hayatpur","m":"33","k":"11/1","t":"Harsaru","vc":"04116","area":2730.6,"lat":28.4192225,"lng":76.9309507},"geometry":{"type":"Polygon","coordinates":[[[76.9313107,28.4194151],[76.9306263,28.4194022],[76.930627,28.4193719],[76.9306369,28.4189638],[76.9313179,28.4191201],[76.9313107,28.4194151]]]}},{"type":"Feature","properties":{"v":"Hayatpur","m":"33","k":"10/2","t":"Harsaru","vc":"04116","area":3041.4,"lat":28.4196156,"lng":76.9309846},"geometry":{"type":"Polygon","coordinates":[[[76.9313107,28.4194151],[76.931299,28.4198992],[76.9306182,28.419735],[76.9306263,28.4194022],[76.9313107,28.4194151]]]}},{"type":"Feature","properties":{"v":"Hayatpur","m":"33","k":"9/2","t":"Harsaru","vc":"04116","area":3965.4,"lat":28.4196883,"lng":76.9316522},"geometry":{"type":"Polygon","coordinates":[[[76.9319952,28.4194281],[76.9319897,28.419655],[76.931982,28.4199727],[76.9315713,28.4199649],[76.931299,28.4198992],[76.9313107,28.4194151],[76.9319952,28.4194281]]]}},{"type":"Feature","properties":{"v":"Hayatpur","m":"33","k":"8/2/1","t":"Harsaru","vc":"04116","area":739.1,"lat":28.4195517,"lng":76.9325271},"geometry":{"type":"Polygon","coordinates":[[[76.9323802,28.4194354],[76.9326796,28.4194411],[76.9326741,28.419668],[76.9323747,28.4196623],[76.9323802,28.4194354]]]}},{"type":"Feature","properties":{"v":"Hayatpur","m":"33","k":"7/2/1/1","t":"Harsaru","vc":"04116","area":357.4,"lat":28.4196213,"lng":76.9331948},"geometry":{"type":"Polygon","coordinates":[[[76.9333586,28.419681],[76.9330591,28.4196753],[76.9330626,28.4195316],[76.9333604,28.4196053],[76.9333601,28.4196205],[76.9333586,28.419681]]]}},{"type":"Feature","properties":{"v":"Hayatpur","m":"33","k":"6/2/1","t":"Harsaru","vc":"04116","area":1951.2,"lat":28.4198452,"lng":76.9336371},"geometry":{"type":"Polygon","coordinates":[[[76.9339156,28.4200093],[76.9333509,28.4199986],[76.9333586,28.419681],[76.9339233,28.4196917],[76.9339156,28.4200093]]]}},{"type":"Feature","properties":{"v":"Hayatpur","m":"33","k":"5/2/1","t":"Harsaru","vc":"04116","area":2230.6,"lat":28.4201855,"lng":76.9336289},"geometry":{"type":"Polygon","coordinates":[[[76.9333425,28.4203466],[76.9333509,28.4199986],[76.9339156,28.4200093],[76.9339068,28.4203724],[76.9333421,28.4203617],[76.9333425,28.4203466]]]}},{"type":"Feature","properties":{"v":"Hayatpur","m":"33","k":"4/2/2","t":"Harsaru","vc":"04116","area":1689.9,"lat":28.4201175,"lng":76.9330665},"geometry":{"type":"Polygon","coordinates":[[[76.9333509,28.4199986],[76.9333425,28.4203466],[76.9326639,28.4200916],[76.9326664,28.4199857],[76.9333509,28.4199986]]]}},{"type":"Feature","properties":{"v":"Hayatpur","m":"33","k":"3/2/1","t":"Harsaru","vc":"04116","area":1239.1,"lat":28.4202243,"lng":76.9322768},"geometry":{"type":"Polygon","coordinates":[[[76.9326584,28.4203185],[76.9319739,28.4203055],[76.9319794,28.4200786],[76.9326609,28.4202126],[76.9326584,28.4203185]]]}},{"type":"Feature","properties":{"v":"Hayatpur","m":"33","k":"2","t":"Harsaru","vc":"04116","area":3818.8,"lat":28.4202529,"lng":76.9316201},"geometry":{"type":"Polygon","coordinates":[[[76.9319739,28.4203055],[76.9319688,28.4205173],[76.9312843,28.4205043],[76.9312975,28.4199597],[76.9315713,28.4199649],[76.9319794,28.4200786],[76.9319739,28.4203055]]]}},{"type":"Feature","properties":{"v":"Hayatpur","m":"33","k":"1","t":"Harsaru","vc":"04116","area":4055.0,"lat":28.4202255,"lng":76.9309487},"geometry":{"type":"Polygon","coordinates":[[[76.9312975,28.4199597],[76.9312843,28.4205043],[76.9305999,28.4204913],[76.9306131,28.4199467],[76.9312975,28.4199597]]]}},{"type":"Feature","properties":{"v":"Hayatpur","m":"34","k":"26","t":"Harsaru","vc":"04116","area":134.9,"lat":28.4196282,"lng":76.9298616},"geometry":{"type":"Polygon","coordinates":[[[76.9298762,28.4197273],[76.9297851,28.4195478],[76.9298027,28.4195382],[76.9298619,28.4195525],[76.9299344,28.4196954],[76.9298762,28.4197273]]]}},{"type":"Feature","properties":{"v":"Hayatpur","m":"34","k":"3/1","t":"Harsaru","vc":"04116","area":2027.8,"lat":28.4201833,"lng":76.9287242},"geometry":{"type":"Polygon","coordinates":[[[76.9285597,28.4199078],[76.928902,28.4199143],[76.9288887,28.4204589],[76.9285465,28.4204524],[76.9285597,28.4199078]]]}},{"type":"Feature","properties":{"v":"Hayatpur","m":"34","k":"8/2","t":"Harsaru","vc":"04116","area":2027.8,"lat":28.4196388,"lng":76.9287375},"geometry":{"type":"Polygon","coordinates":[[[76.9285597,28.4199078],[76.928573,28.4193632],[76.9289152,28.4193697],[76.928902,28.4199143],[76.9285597,28.4199078]]]}},{"type":"Feature","properties":{"v":"Hayatpur","m":"34","k":"13/1/1","t":"Harsaru","vc":"04116","area":1717.8,"lat":28.4190532,"lng":76.9287564},"geometry":{"type":"Polygon","coordinates":[[[76.9289284,28.4188251],[76.9289163,28.4193243],[76.9285759,28.4192422],[76.9285862,28.4188186],[76.9289284,28.4188251]]]}},{"type":"Feature","properties":{"v":"Hayatpur","m":"34","k":"11/2","t":"Harsaru","vc":"04116","area":450.5,"lat":28.4188294,"lng":76.9275588},"geometry":{"type":"Polygon","coordinates":[[[76.9279017,28.4188056],[76.9279003,28.4188661],[76.9272158,28.4188531],[76.9272173,28.4187926],[76.9279017,28.4188056]]]}},{"type":"Feature","properties":{"v":"Hayatpur","m":"34","k":"13/2/2","t":"Harsaru","vc":"04116","area":1981.1,"lat":28.4190947,"lng":76.9290956},"geometry":{"type":"Polygon","coordinates":[[[76.9292706,28.4188316],[76.9292574,28.4193762],[76.9291034,28.4193733],[76.9289163,28.4193243],[76.9289284,28.4188251],[76.9292706,28.4188316]]]}},{"type":"Feature","properties":{"v":"Hayatpur","m":"34","k":"25","t":"Harsaru","vc":"04116","area":3531.2,"lat":28.4180565,"lng":76.9302995},"geometry":{"type":"Polygon","coordinates":[[[76.9299683,28.4183],[76.9299804,28.4178008],[76.9306306,28.4178131],[76.9306185,28.4183123],[76.9299683,28.4183]]]}},{"type":"Feature","properties":{"v":"Hayatpur","m":"34","k":"24/2","t":"Harsaru","vc":"04116","area":3438.4,"lat":28.4180444,"lng":76.9296578},"geometry":{"type":"Polygon","coordinates":[[[76.9299804,28.4178008],[76.9299683,28.4183],[76.9293352,28.418288],[76.9293473,28.4177888],[76.9299804,28.4178008]]]}},{"type":"Feature","properties":{"v":"Hayatpur","m":"34","k":"23/2","t":"Harsaru","vc":"04116","area":3531.8,"lat":28.4180312,"lng":76.9289648},"geometry":{"type":"Polygon","coordinates":[[[76.929296,28.4177878],[76.9292839,28.418287],[76.9290272,28.4182821],[76.9288561,28.4182789],[76.9286336,28.4182747],[76.9286458,28.4177754],[76.929296,28.4177878]]]}},{"type":"Feature","properties":{"v":"Hayatpur","m":"34","k":"22","t":"Harsaru","vc":"04116","area":3717.0,"lat":28.4180179,"lng":76.9282633},"geometry":{"type":"Polygon","coordinates":[[[76.927915,28.418261],[76.9279271,28.4177618],[76.9286115,28.4177748],[76.9285994,28.418274],[76.927915,28.418261]]]}},{"type":"Feature","properties":{"v":"Hayatpur","m":"34","k":"21/2","t":"Harsaru","vc":"04116","area":3431.2,"lat":28.4179873,"lng":76.927594},"geometry":{"type":"Polygon","coordinates":[[[76.9279271,28.4177618],[76.927915,28.418261],[76.9277268,28.4182574],[76.9272331,28.4181421],[76.9272427,28.4177488],[76.9279271,28.4177618]]]}},{"type":"Feature","properties":{"v":"Hayatpur","m":"34","k":"20/2","t":"Harsaru","vc":"04116","area":2612.6,"lat":28.4184368,"lng":76.9275625},"geometry":{"type":"Polygon","coordinates":[[[76.9277268,28.4182574],[76.9279137,28.418314],[76.9279063,28.4186191],[76.9272218,28.4186061],[76.9272294,28.4182934],[76.9272305,28.418248],[76.9277268,28.4182574]]]}},{"type":"Feature","properties":{"v":"Hayatpur","m":"34","k":"19/2/1","t":"Harsaru","vc":"04116","area":2994.8,"lat":28.4185979,"lng":76.9282146},"geometry":{"type":"Polygon","coordinates":[[[76.9279137,28.418314],[76.9285606,28.4184628],[76.928552,28.4188179],[76.9279017,28.4188056],[76.9279063,28.4186191],[76.9279137,28.418314]]]}},{"type":"Feature","properties":{"v":"Hayatpur","m":"34","k":"18/1/1/1","t":"Harsaru","vc":"04116","area":1957.2,"lat":28.4186896,"lng":76.9288999},"geometry":{"type":"Polygon","coordinates":[[[76.9289284,28.4188251],[76.9285862,28.4188186],[76.9285946,28.4184707],[76.9288495,28.4185512],[76.9292754,28.4186349],[76.9292706,28.4188316],[76.9289284,28.4188251]]]}},{"type":"Feature","properties":{"v":"Hayatpur","m":"34","k":"17/2","t":"Harsaru","vc":"04116","area":3153.8,"lat":28.4185079,"lng":76.9296413},"geometry":{"type":"Polygon","coordinates":[[[76.9292839,28.418287],[76.9293352,28.418288],[76.9299683,28.4183],[76.9299562,28.4187992],[76.9292754,28.4186349],[76.9292839,28.418287]]]}},{"type":"Feature","properties":{"v":"Hayatpur","m":"34","k":"16/2","t":"Harsaru","vc":"04116","area":3793.1,"lat":28.4185745,"lng":76.9302907},"geometry":{"type":"Polygon","coordinates":[[[76.9299683,28.4183],[76.9306185,28.4183123],[76.9306053,28.4188569],[76.9301946,28.4188491],[76.9299562,28.4187992],[76.9299683,28.4183]]]}},{"type":"Feature","properties":{"v":"Hayatpur","m":"34","k":"15/1","t":"Harsaru","vc":"04116","area":3435.3,"lat":28.4191211,"lng":76.9302625},"geometry":{"type":"Polygon","coordinates":[[[76.9299426,28.4193589],[76.9299551,28.4188446],[76.9301946,28.4188491],[76.9306031,28.4189477],[76.9305928,28.4193712],[76.9299426,28.4193589]]]}},{"type":"Feature","properties":{"v":"Hayatpur","m":"34","k":"14","t":"Harsaru","vc":"04116","area":4055.5,"lat":28.4191104,"lng":76.9296062},"geometry":{"type":"Polygon","coordinates":[[[76.9299426,28.4193589],[76.9299419,28.4193892],[76.9292574,28.4193762],[76.9292706,28.4188316],[76.9299551,28.4188446],[76.9299426,28.4193589]]]}},{"type":"Feature","properties":{"v":"Hayatpur","m":"34","k":"12/2","t":"Harsaru","vc":"04116","area":2591.2,"lat":28.4189893,"lng":76.9282645},"geometry":{"type":"Polygon","coordinates":[[[76.9279003,28.4188661],[76.9279017,28.4188056],[76.928552,28.4188179],[76.9285862,28.4188186],[76.9285759,28.4192422],[76.9278951,28.4190779],[76.9279003,28.4188661]]]}},{"type":"Feature","properties":{"v":"Hayatpur","m":"34","k":"11/1/1","t":"Harsaru","vc":"04116","area":2590.7,"lat":28.4191665,"lng":76.9275258},"geometry":{"type":"Polygon","coordinates":[[[76.9278885,28.4193502],[76.9272041,28.4193372],[76.9272144,28.4189136],[76.9278951,28.4190779],[76.9278885,28.4193502]]]}},{"type":"Feature","properties":{"v":"Hayatpur","m":"34","k":"10","t":"Harsaru","vc":"04116","area":3548.4,"lat":28.419596,"lng":76.9275777},"geometry":{"type":"Polygon","coordinates":[[[76.9278753,28.4198948],[76.9274133,28.419886],[76.9272519,28.4195456],[76.9271527,28.4193362],[76.9272041,28.4193372],[76.9278885,28.4193502],[76.9278753,28.4198948]]]}},{"type":"Feature","properties":{"v":"Hayatpur","m":"34","k":"9","t":"Harsaru","vc":"04116","area":4055.3,"lat":28.419629,"lng":76.9282241},"geometry":{"type":"Polygon","coordinates":[[[76.9278753,28.4198948],[76.9278885,28.4193502],[76.928573,28.4193632],[76.9285597,28.4199078],[76.9278753,28.4198948]]]}},{"type":"Feature","properties":{"v":"Hayatpur","m":"34","k":"8/1/2","t":"Harsaru","vc":"04116","area":2002.2,"lat":28.4196485,"lng":76.9290781},"geometry":{"type":"Polygon","coordinates":[[[76.928902,28.4199143],[76.9289152,28.4193697],[76.9291034,28.4193733],[76.9292567,28.4194064],[76.9292442,28.4199208],[76.928902,28.4199143]]]}},{"type":"Feature","properties":{"v":"Hayatpur","m":"34","k":"7/1","t":"Harsaru","vc":"04116","area":3080.4,"lat":28.4197104,"lng":76.9295538},"geometry":{"type":"Polygon","coordinates":[[[76.9292442,28.4199208],[76.9292567,28.4194064],[76.9298027,28.4195382],[76.9297851,28.4195478],[76.9298762,28.4197273],[76.9299344,28.4196954],[76.9299286,28.4199338],[76.9292442,28.4199208]]]}},{"type":"Feature","properties":{"v":"Hayatpur","m":"34","k":"6/2","t":"Harsaru","vc":"04116","area":2252.5,"lat":28.4195559,"lng":76.9303258},"geometry":{"type":"Polygon","coordinates":[[[76.9306263,28.4194022],[76.9306182,28.419735],[76.930616,28.4198257],[76.9299374,28.4195707],[76.9299419,28.4193892],[76.9306263,28.4194022]]]}},{"type":"Feature","properties":{"v":"Hayatpur","m":"34","k":"5","t":"Harsaru","vc":"04116","area":4055.2,"lat":28.4202125,"lng":76.9302643},"geometry":{"type":"Polygon","coordinates":[[[76.9299286,28.4199338],[76.9306131,28.4199467],[76.9305999,28.4204913],[76.9299154,28.4204783],[76.9299286,28.4199338]]]}},{"type":"Feature","properties":{"v":"Hayatpur","m":"34","k":"4","t":"Harsaru","vc":"04116","area":4054.6,"lat":28.4201996,"lng":76.9295798},"geometry":{"type":"Polygon","coordinates":[[[76.9292442,28.4199208],[76.9299286,28.4199338],[76.9299154,28.4204783],[76.929231,28.4204654],[76.9292442,28.4199208]]]}},{"type":"Feature","properties":{"v":"Hayatpur","m":"34","k":"3/2","t":"Harsaru","vc":"04116","area":2027.8,"lat":28.4201899,"lng":76.9290665},"geometry":{"type":"Polygon","coordinates":[[[76.928902,28.4199143],[76.9292442,28.4199208],[76.929231,28.4204654],[76.9288887,28.4204589],[76.928902,28.4199143]]]}},{"type":"Feature","properties":{"v":"Hayatpur","m":"34","k":"2","t":"Harsaru","vc":"04116","area":4055.3,"lat":28.4201736,"lng":76.9282109},"geometry":{"type":"Polygon","coordinates":[[[76.9278753,28.4198948],[76.9285597,28.4199078],[76.9285465,28.4204524],[76.927862,28.4204394],[76.9278753,28.4198948]]]}},{"type":"Feature","properties":{"v":"Hayatpur","m":"34","k":"1","t":"Harsaru","vc":"04116","area":1976.6,"lat":28.4201288,"lng":76.9276945},"geometry":{"type":"Polygon","coordinates":[[[76.9278753,28.4198948],[76.927862,28.4204394],[76.9276567,28.4204355],[76.9276193,28.4203509],[76.9274133,28.419886],[76.9278753,28.4198948]]]}},{"type":"Feature","properties":{"v":"Hayatpur","m":"35","k":"15/2","t":"Harsaru","vc":"04116","area":224.3,"lat":28.418819,"lng":76.927046},"geometry":{"type":"Polygon","coordinates":[[[76.9272173,28.4187926],[76.9272158,28.4188531],[76.9269185,28.4188475],[76.9268873,28.4188405],[76.926858,28.4187858],[76.9272173,28.4187926]]]}},{"type":"Feature","properties":{"v":"Hayatpur","m":"35","k":"25/2","t":"Harsaru","vc":"04116","area":2019.1,"lat":28.4178865,"lng":76.9269467},"geometry":{"type":"Polygon","coordinates":[[[76.9272427,28.4177488],[76.9272331,28.4181421],[76.9265736,28.4178885],[76.926524,28.4177352],[76.9265582,28.4177358],[76.9272427,28.4177488]]]}},{"type":"Feature","properties":{"v":"Hayatpur","m":"35","k":"16/1","t":"Harsaru","vc":"04116","area":2548.7,"lat":28.418524,"lng":76.9269865},"geometry":{"type":"Polygon","coordinates":[[[76.9272173,28.4187926],[76.926858,28.4187858],[76.9267542,28.4186029],[76.9266949,28.4182832],[76.9272294,28.4182934],[76.9272218,28.4186061],[76.9272173,28.4187926]]]}},{"type":"Feature","properties":{"v":"Hayatpur","m":"35","k":"15/1/1","t":"Harsaru","vc":"04116","area":894.5,"lat":28.419052,"lng":76.9270988},"geometry":{"type":"Polygon","coordinates":[[[76.9271527,28.4193362],[76.9268873,28.4188405],[76.9269185,28.4188475],[76.9272144,28.4189136],[76.9272041,28.4193372],[76.9271527,28.4193362]]]}},{"type":"Feature","properties":{"v":"Hayatpur","m":"0","k":"","t":"Harsaru","vc":"04116","area":9461.3,"lat":28.4198306,"lng":76.934014},"geometry":{"type":"Polygon","coordinates":[[[76.9299419,28.4193892],[76.9299426,28.4193589],[76.9305928,28.4193712],[76.9306031,28.4189477],[76.9306053,28.4188569],[76.9306185,28.4183123],[76.9306306,28.4178131],[76.9299804,28.4178008],[76.9293473,28.4177888],[76.929296,28.4177878],[76.9286458,28.4177754],[76.9286115,28.4177748],[76.9279271,28.4177618],[76.9272427,28.4177488],[76.9265582,28.4177358],[76.926524,28.4177352],[76.926508,28.4176894],[76.9265593,28.4176904],[76.9272438,28.4177034],[76.9279282,28.4177164],[76.9286126,28.4177294],[76.9292971,28.4177424],[76.9296051,28.4177483],[76.9296393,28.4177489],[76.9299815,28.4177554],[76.9306659,28.4177684],[76.930687,28.4177688],[76.9313504,28.4177814],[76.9320348,28.4177943],[76.9327193,28.4178073],[76.9334037,28.4178203],[76.9339684,28.417831],[76.9340368,28.4178323],[76.9340881,28.4178332],[76.934087,28.4178786],[76.9340749,28.4183778],[76.9340617,28.4189224],[76.9340485,28.419467],[76.9340353,28.4200116],[76.9340221,28.4205562],[76.9340089,28.4211008],[76.9339957,28.4216454],[76.9339825,28.42219],[76.9339693,28.4227346],[76.9339682,28.4227815],[76.9339561,28.4232791],[76.9339429,28.4238237],[76.9339338,28.4242019],[76.9338997,28.4241945],[76.9339087,28.4238231],[76.9339219,28.4232785],[76.933934,28.4227793],[76.9338485,28.4227777],[76.9332838,28.422767],[76.9325993,28.422754],[76.9319148,28.422741],[76.9319027,28.4232402],[76.9319002,28.4233461],[76.9318895,28.4237848],[76.931887,28.4238907],[76.9318358,28.4238829],[76.9318382,28.4237839],[76.9318514,28.4232393],[76.9318635,28.4227401],[76.9318646,28.4226947],[76.9319159,28.4226957],[76.9326004,28.4227086],[76.9332849,28.4227216],[76.9338496,28.4227323],[76.933918,28.4227336],[76.9339312,28.422189],[76.9339444,28.4216444],[76.9339576,28.4210998],[76.9339708,28.4205552],[76.9339752,28.4203737],[76.933984,28.4200106],[76.9339972,28.419466],[76.9340104,28.4189215],[76.934017,28.4186492],[76.9340236,28.4183769],[76.9340357,28.4178777],[76.9339673,28.4178764],[76.9336935,28.4178712],[76.9334026,28.4178657],[76.9327182,28.4178527],[76.9320337,28.4178397],[76.9313493,28.4178267],[76.9306648,28.4178138],[76.9306527,28.418313],[76.9306395,28.4188576],[76.9306369,28.4189638],[76.930627,28.4193719],[76.9306263,28.4194022],[76.9299419,28.4193892]]]}},{"type":"Feature","properties":{"v":"Hayatpur","m":"0","k":"","t":"Harsaru","vc":"04116","area":7678.9,"lat":28.4242311,"lng":76.9338346},"geometry":{"type":"Polygon","coordinates":[[[76.9298401,28.4235795],[76.9305224,28.4236832],[76.9306417,28.423704],[76.9309997,28.4237665],[76.9312043,28.4238021],[76.9314774,28.4238371],[76.9318358,28.4238829],[76.931887,28.4238907],[76.9325694,28.4239877],[76.9331662,28.4240844],[76.9332515,28.4240982],[76.9338144,28.4241818],[76.9338997,28.4241945],[76.9339338,28.4242019],[76.934002,28.4242115],[76.9346163,28.4242973],[76.9349313,28.4244125],[76.935295,28.4245455],[76.9359771,28.4246583],[76.9366592,28.4247696],[76.937339,28.4249777],[76.9373368,28.4250685],[76.9366569,28.4248649],[76.9359748,28.4247551],[76.9356337,28.4246999],[76.9352926,28.4246446],[76.9346654,28.4243891],[76.9346142,28.4243813],[76.9345059,28.4243437],[76.9341832,28.4243227],[76.9339316,28.4242927],[76.9332493,28.424189],[76.9325672,28.4240784],[76.932243,28.4240324],[76.9322089,28.4240275],[76.9318848,28.4239815],[76.9312021,28.4238929],[76.9305202,28.423774],[76.9299361,28.4236877],[76.9296829,28.4236502],[76.9296491,28.4236453],[76.9295821,28.423532],[76.9298401,28.4235795]]]}},{"type":"Feature","properties":{"v":"Hayatpur","m":"0","k":"","t":"Harsaru","vc":"04116","area":2009.3,"lat":28.4261829,"lng":76.9345962},"geometry":{"type":"Polygon","coordinates":[[[76.9346654,28.4243891],[76.9346524,28.4249269],[76.9346392,28.4254714],[76.934626,28.426016],[76.9346128,28.4265606],[76.9346124,28.4265758],[76.9345996,28.4271052],[76.9345864,28.4276498],[76.9345816,28.4278479],[76.9345787,28.4279675],[76.9345266,28.4279968],[76.9345274,28.4279665],[76.9345298,28.4278667],[76.9345351,28.4276488],[76.9345483,28.4271042],[76.9345615,28.4265597],[76.9345746,28.4260151],[76.9345878,28.4254705],[76.934601,28.4249259],[76.9346142,28.4243813],[76.9346654,28.4243891]]]}},{"type":"Feature","properties":{"v":"Hayatpur","m":"12","k":"5","t":"Harsaru","vc":"04116","area":4055.5,"lat":28.4229355,"lng":76.9301982},"geometry":{"type":"Polygon","coordinates":[[[76.9298625,28.4226567],[76.930547,28.4226697],[76.9305384,28.4230252],[76.9305338,28.4232143],[76.9298493,28.4232013],[76.9298625,28.4226567]]]}},{"type":"Feature","properties":{"v":"Hayatpur","m":"12","k":"4","t":"Harsaru","vc":"04116","area":4026.9,"lat":28.4229208,"lng":76.929516},"geometry":{"type":"Polygon","coordinates":[[[76.9291781,28.4226437],[76.9296743,28.4226531],[76.9298625,28.4226567],[76.9298493,28.4232013],[76.9292333,28.4231896],[76.9291667,28.4231127],[76.9291781,28.4226437]]]}},{"type":"Feature","properties":{"v":"Hayatpur","m":"12","k":"3","t":"Harsaru","vc":"04116","area":1188.1,"lat":28.4228098,"lng":76.9290292},"geometry":{"type":"Polygon","coordinates":[[[76.9291781,28.4226437],[76.9291667,28.4231127],[76.9289089,28.4228799],[76.9287845,28.4226363],[76.9291781,28.4226437]]]}},{"type":"Feature","properties":{"v":"Hayatpur","m":"12","k":"7/1","t":"Harsaru","vc":"04116","area":1115.2,"lat":28.4223826,"lng":76.929775},"geometry":{"type":"Polygon","coordinates":[[[76.9298758,28.4221121],[76.9298625,28.4226567],[76.9296743,28.4226531],[76.9296875,28.4221086],[76.9298758,28.4221121]]]}},{"type":"Feature","properties":{"v":"Hayatpur","m":"12","k":"24/2","t":"Harsaru","vc":"04116","area":901.4,"lat":28.4205324,"lng":76.9295718},"geometry":{"type":"Polygon","coordinates":[[[76.929228,28.4205864],[76.929231,28.4204654],[76.9299154,28.4204783],[76.9299125,28.4205994],[76.929228,28.4205864]]]}},{"type":"Feature","properties":{"v":"Hayatpur","m":"12","k":"25/1","t":"Harsaru","vc":"04116","area":2027.8,"lat":28.4208933,"lng":76.9302478},"geometry":{"type":"Polygon","coordinates":[[[76.9299088,28.4207506],[76.9305933,28.4207636],[76.9305867,28.4210359],[76.9299022,28.4210229],[76.9299088,28.4207506]]]}},{"type":"Feature","properties":{"v":"Hayatpur","m":"12","k":"13/2","t":"Harsaru","vc":"04116","area":2027.2,"lat":28.4216842,"lng":76.928859},"geometry":{"type":"Polygon","coordinates":[[[76.9285134,28.4218138],[76.9285201,28.4215416],[76.9292045,28.4215545],[76.9291979,28.4218268],[76.9285134,28.4218138]]]}},{"type":"Feature","properties":{"v":"Hayatpur","m":"12","k":"25/2","t":"Harsaru","vc":"04116","area":2027.7,"lat":28.420621,"lng":76.9302544},"geometry":{"type":"Polygon","coordinates":[[[76.9299088,28.4207506],[76.9299125,28.4205994],[76.9299154,28.4204783],[76.9305999,28.4204913],[76.9305933,28.4207636],[76.9299088,28.4207506]]]}},{"type":"Feature","properties":{"v":"Hayatpur","m":"12","k":"24/1","t":"Harsaru","vc":"04116","area":3154.0,"lat":28.4208047,"lng":76.9295651},"geometry":{"type":"Polygon","coordinates":[[[76.9292177,28.42101],[76.929228,28.4205864],[76.9299125,28.4205994],[76.9299088,28.4207506],[76.9299022,28.4210229],[76.9292177,28.42101]]]}},{"type":"Feature","properties":{"v":"Hayatpur","m":"12","k":"23","t":"Harsaru","vc":"04116","area":4055.1,"lat":28.4207312,"lng":76.9288821},"geometry":{"type":"Polygon","coordinates":[[[76.929228,28.4205864],[76.9292177,28.42101],[76.9285333,28.420997],[76.9285465,28.4204524],[76.9288887,28.4204589],[76.929231,28.4204654],[76.929228,28.4205864]]]}},{"type":"Feature","properties":{"v":"Hayatpur","m":"12","k":"22","t":"Harsaru","vc":"04116","area":4612.9,"lat":28.4207043,"lng":76.9281483},"geometry":{"type":"Polygon","coordinates":[[[76.9285333,28.420997],[76.9278659,28.4209843],[76.9276567,28.4204355],[76.927862,28.4204394],[76.9285465,28.4204524],[76.9285333,28.420997]]]}},{"type":"Feature","properties":{"v":"Hayatpur","m":"12","k":"19","t":"Harsaru","vc":"04116","area":3244.1,"lat":28.4212441,"lng":76.928249},"geometry":{"type":"Polygon","coordinates":[[[76.9285201,28.4215416],[76.9280923,28.4215334],[76.9279773,28.4212544],[76.9278659,28.4209843],[76.9285333,28.420997],[76.9285201,28.4215416]]]}},{"type":"Feature","properties":{"v":"Hayatpur","m":"12","k":"18","t":"Harsaru","vc":"04116","area":4054.5,"lat":28.4212758,"lng":76.9288689},"geometry":{"type":"Polygon","coordinates":[[[76.9292045,28.4215545],[76.9285201,28.4215416],[76.9285333,28.420997],[76.9292177,28.42101],[76.9292045,28.4215545]]]}},{"type":"Feature","properties":{"v":"Hayatpur","m":"12","k":"17","t":"Harsaru","vc":"04116","area":4055.1,"lat":28.4212887,"lng":76.9295534},"geometry":{"type":"Polygon","coordinates":[[[76.9292177,28.42101],[76.9299022,28.4210229],[76.929889,28.4215675],[76.9292045,28.4215545],[76.9292177,28.42101]]]}},{"type":"Feature","properties":{"v":"Hayatpur","m":"12","k":"16","t":"Harsaru","vc":"04116","area":4055.2,"lat":28.4213017,"lng":76.9302378},"geometry":{"type":"Polygon","coordinates":[[[76.929889,28.4215675],[76.9299022,28.4210229],[76.9305867,28.4210359],[76.9305734,28.4215805],[76.929889,28.4215675]]]}},{"type":"Feature","properties":{"v":"Hayatpur","m":"12","k":"15","t":"Harsaru","vc":"04116","area":4055.1,"lat":28.4218463,"lng":76.9302246},"geometry":{"type":"Polygon","coordinates":[[[76.9298758,28.4221121],[76.9298805,28.4219155],[76.929889,28.4215675],[76.9305734,28.4215805],[76.9305602,28.4221251],[76.9298758,28.4221121]]]}},{"type":"Feature","properties":{"v":"Hayatpur","m":"12","k":"14/2","t":"Harsaru","vc":"04116","area":2591.3,"lat":28.421735,"lng":76.9295425},"geometry":{"type":"Polygon","coordinates":[[[76.9298805,28.4219155],[76.9291961,28.4219025],[76.9291979,28.4218268],[76.9292045,28.4215545],[76.929889,28.4215675],[76.9298805,28.4219155]]]}},{"type":"Feature","properties":{"v":"Hayatpur","m":"12","k":"12","t":"Harsaru","vc":"04116","area":1683.1,"lat":28.4217606,"lng":76.928358},"geometry":{"type":"Polygon","coordinates":[[[76.9285068,28.4220861],[76.928387,28.4220839],[76.9281728,28.4217219],[76.9280923,28.4215334],[76.9285201,28.4215416],[76.9285134,28.4218138],[76.9285068,28.4220861]]]}},{"type":"Feature","properties":{"v":"Hayatpur","m":"12","k":"8","t":"Harsaru","vc":"04116","area":3549.0,"lat":28.4223344,"lng":76.9288742},"geometry":{"type":"Polygon","coordinates":[[[76.9285068,28.4220861],[76.9291913,28.4220991],[76.9291781,28.4226437],[76.9287845,28.4226363],[76.928387,28.4220839],[76.9285068,28.4220861]]]}},{"type":"Feature","properties":{"v":"Hayatpur","m":"12","k":"7/2","t":"Harsaru","vc":"04116","area":2939.6,"lat":28.4223761,"lng":76.9294328},"geometry":{"type":"Polygon","coordinates":[[[76.9296875,28.4221086],[76.9296743,28.4226531],[76.9291781,28.4226437],[76.9291913,28.4220991],[76.9296875,28.4221086]]]}},{"type":"Feature","properties":{"v":"Hayatpur","m":"12","k":"6","t":"Harsaru","vc":"04116","area":4055.2,"lat":28.4223909,"lng":76.9302114},"geometry":{"type":"Polygon","coordinates":[[[76.9298625,28.4226567],[76.9298758,28.4221121],[76.9305602,28.4221251],[76.930547,28.4226697],[76.9298625,28.4226567]]]}},{"type":"Feature","properties":{"v":"Hayatpur","m":"35","k":"25/1","t":"Harsaru","vc":"04116","area":1410.1,"lat":28.4181161,"lng":76.9268797},"geometry":{"type":"Polygon","coordinates":[[[76.9272305,28.418248],[76.9266864,28.4182377],[76.9265736,28.4178885],[76.9272331,28.4181421],[76.9272305,28.418248]]]}},{"type":"Feature","properties":{"v":"Hayatpur","m":"35","k":"16/2","t":"Harsaru","vc":"04116","area":266.1,"lat":28.4182655,"lng":76.9269604},"geometry":{"type":"Polygon","coordinates":[[[76.9272294,28.4182934],[76.9266949,28.4182832],[76.9266864,28.4182377],[76.9272305,28.418248],[76.9272294,28.4182934]]]}},{"type":"Feature","properties":{"v":"Hayatpur","m":"34","k":"20/1","t":"Harsaru","vc":"04116","area":1388.8,"lat":28.4187058,"lng":76.9275618},"geometry":{"type":"Polygon","coordinates":[[[76.9272173,28.4187926],[76.9272218,28.4186061],[76.9279063,28.4186191],[76.9279017,28.4188056],[76.9272173,28.4187926]]]}},{"type":"Feature","properties":{"v":"Hayatpur","m":"34","k":"21/1","t":"Harsaru","vc":"04116","area":285.9,"lat":28.4182158,"lng":76.9273968},"geometry":{"type":"Polygon","coordinates":[[[76.9272305,28.418248],[76.9272331,28.4181421],[76.9277268,28.4182574],[76.9272305,28.418248]]]}},{"type":"Feature","properties":{"v":"Hayatpur","m":"35","k":"15/1/2","t":"Harsaru","vc":"04116","area":97.8,"lat":28.4188714,"lng":76.9271162},"geometry":{"type":"Polygon","coordinates":[[[76.9272158,28.4188531],[76.9272144,28.4189136],[76.9269185,28.4188475],[76.9272158,28.4188531]]]}},{"type":"Feature","properties":{"v":"Hayatpur","m":"34","k":"11/1/2","t":"Harsaru","vc":"04116","area":1013.8,"lat":28.4189359,"lng":76.9276196},"geometry":{"type":"Polygon","coordinates":[[[76.9272158,28.4188531],[76.9279003,28.4188661],[76.9278951,28.4190779],[76.9272144,28.4189136],[76.9272158,28.4188531]]]}},{"type":"Feature","properties":{"v":"Hayatpur","m":"34","k":"12/1","t":"Harsaru","vc":"04116","area":1464.4,"lat":28.4192527,"lng":76.9281894},"geometry":{"type":"Polygon","coordinates":[[[76.928573,28.4193632],[76.9278885,28.4193502],[76.9278951,28.4190779],[76.9285759,28.4192422],[76.928573,28.4193632]]]}},{"type":"Feature","properties":{"v":"Hayatpur","m":"33","k":"4/2/1","t":"Harsaru","vc":"04116","area":901.1,"lat":28.4202573,"lng":76.9328881},"geometry":{"type":"Polygon","coordinates":[[[76.9326584,28.4203185],[76.9326609,28.4202126],[76.9326639,28.4200916],[76.9333425,28.4203466],[76.9331371,28.4203427],[76.932658,28.4203336],[76.9326584,28.4203185]]]}},{"type":"Feature","properties":{"v":"Hayatpur","m":"32","k":"23/3","t":"Harsaru","vc":"04116","area":709.5,"lat":28.4181433,"lng":76.936075},"geometry":{"type":"Polygon","coordinates":[[[76.9360085,28.4184145],[76.9360217,28.4178699],[76.9361414,28.4178721],[76.9361283,28.4184167],[76.9360085,28.4184145]]]}},{"type":"Feature","properties":{"v":"Hayatpur","m":"32","k":"23/1","t":"Harsaru","vc":"04116","area":1115.0,"lat":28.4181333,"lng":76.9355445},"geometry":{"type":"Polygon","coordinates":[[[76.9354438,28.4184038],[76.935457,28.4178592],[76.9354741,28.4178595],[76.9355939,28.4178618],[76.9356452,28.4178627],[76.935632,28.4184073],[76.9354438,28.4184038]]]}},{"type":"Feature","properties":{"v":"Hayatpur","m":"32","k":"17/2","t":"Harsaru","vc":"04116","area":2027.5,"lat":28.4186988,"lng":76.936635},"geometry":{"type":"Polygon","coordinates":[[[76.9364705,28.4184232],[76.9368127,28.4184297],[76.9367995,28.4189743],[76.9364573,28.4189678],[76.9364705,28.4184232]]]}},{"type":"Feature","properties":{"v":"Hayatpur","m":"12","k":"14/1","t":"Harsaru","vc":"04116","area":1464.2,"lat":28.4220073,"lng":76.9295359},"geometry":{"type":"Polygon","coordinates":[[[76.9291913,28.4220991],[76.9291961,28.4219025],[76.9298805,28.4219155],[76.9298758,28.4221121],[76.9296875,28.4221086],[76.9291913,28.4220991]]]}},{"type":"Feature","properties":{"v":"Hayatpur","m":"12","k":"13/1","t":"Harsaru","vc":"04116","area":2027.8,"lat":28.4219564,"lng":76.9288524},"geometry":{"type":"Polygon","coordinates":[[[76.9291913,28.4220991],[76.9285068,28.4220861],[76.9285134,28.4218138],[76.9291979,28.4218268],[76.9291961,28.4219025],[76.9291913,28.4220991]]]}},{"type":"Feature","properties":{"v":"Hayatpur","m":"1","k":"6/2","t":"Harsaru","vc":"04116","area":225.3,"lat":28.4276445,"lng":76.9335078},"geometry":{"type":"Polygon","coordinates":[[[76.9331661,28.4276229],[76.9338506,28.4276359],[76.9338498,28.4276661],[76.9331653,28.4276532],[76.9331661,28.4276229]]]}},{"type":"Feature","properties":{"v":"Hayatpur","m":"2","k":"10/1","t":"Harsaru","vc":"04116","area":227.4,"lat":28.4281192,"lng":76.9341802},"geometry":{"type":"Polygon","coordinates":[[[76.9345266,28.4279968],[76.9342817,28.428094],[76.9340558,28.4281837],[76.9339877,28.4282107],[76.9338352,28.4282712],[76.9338359,28.4282404],[76.9339874,28.4281804],[76.9340554,28.4281535],[76.9345274,28.4279665],[76.9345266,28.4279968]]]}},{"type":"Feature","properties":{"v":"Hayatpur","m":"1","k":"25/1","t":"Harsaru","vc":"04116","area":901.0,"lat":28.4264797,"lng":76.9335362},"geometry":{"type":"Polygon","coordinates":[[[76.9331954,28.4264127],[76.9338799,28.4264257],[76.9338777,28.4265164],[76.933877,28.4265467],[76.9331925,28.4265337],[76.9331954,28.4264127]]]}},{"type":"Feature","properties":{"v":"Hayatpur","m":"10","k":"2/1","t":"Harsaru","vc":"04116","area":1391.0,"lat":28.4256179,"lng":76.9311861},"geometry":{"type":"Polygon","coordinates":[[[76.9313233,28.4259535],[76.9312378,28.4259518],[76.9311709,28.4258171],[76.9309258,28.4254011],[76.9311654,28.4254056],[76.9313194,28.4254085],[76.9313233,28.4259535]]]}},{"type":"Feature","properties":{"v":"Hayatpur","m":"1","k":"23/1","t":"Harsaru","vc":"04116","area":225.6,"lat":28.4264991,"lng":76.9321661},"geometry":{"type":"Polygon","coordinates":[[[76.932508,28.4265208],[76.9318235,28.4265078],[76.9318242,28.4264775],[76.9325087,28.4264905],[76.932508,28.4265208]]]}},{"type":"Feature","properties":{"v":"Hayatpur","m":"1","k":"23/3","t":"Harsaru","vc":"04116","area":112.5,"lat":28.425988,"lng":76.9323496},"geometry":{"type":"Polygon","coordinates":[[[76.9321782,28.4259999],[76.9321789,28.4259697],[76.9322132,28.4259703],[76.9325212,28.4259762],[76.9325204,28.4260064],[76.9321782,28.4259999]]]}},{"type":"Feature","properties":{"v":"Hayatpur","m":"10","k":"5/2","t":"Harsaru","vc":"04116","area":439.2,"lat":28.4254941,"lng":76.9334402},"geometry":{"type":"Polygon","coordinates":[[[76.9332167,28.4255353],[76.9332189,28.4254445],[76.9336638,28.425453],[76.9336616,28.4255437],[76.9332167,28.4255353]]]}},{"type":"Feature","properties":{"v":"Hayatpur","m":"10","k":"6/1","t":"Harsaru","vc":"04116","area":1419.5,"lat":28.4251829,"lng":76.9337902},"geometry":{"type":"Polygon","coordinates":[[[76.9336638,28.425453],[76.933677,28.4249084],[76.9339166,28.4249129],[76.9339034,28.4254575],[76.9336638,28.425453]]]}},{"type":"Feature","properties":{"v":"Hayatpur","m":"10","k":"4/1","t":"Harsaru","vc":"04116","area":2027.4,"lat":28.4257072,"lng":76.9326989},"geometry":{"type":"Polygon","coordinates":[[[76.9325212,28.4259762],[76.9325344,28.4254316],[76.9328766,28.4254381],[76.9328634,28.4259827],[76.9325212,28.4259762]]]}},{"type":"Feature","properties":{"v":"Hayatpur","m":"10","k":"7/2","t":"Harsaru","vc":"04116","area":2027.4,"lat":28.4251626,"lng":76.9327121},"geometry":{"type":"Polygon","coordinates":[[[76.9325476,28.424887],[76.9328898,28.4248935],[76.9328766,28.4254381],[76.9325344,28.4254316],[76.9325476,28.424887]]]}},{"type":"Feature","properties":{"v":"Hayatpur","m":"10","k":"14/1","t":"Harsaru","vc":"04116","area":2027.4,"lat":28.4246179,"lng":76.9327253},"geometry":{"type":"Polygon","coordinates":[[[76.9325476,28.424887],[76.9325608,28.4243424],[76.932903,28.4243489],[76.9328898,28.4248935],[76.9325476,28.424887]]]}},{"type":"Feature","properties":{"v":"Hayatpur","m":"10","k":"15/2/2","t":"Harsaru","vc":"04116","area":1419.5,"lat":28.4246383,"lng":76.9338034},"geometry":{"type":"Polygon","coordinates":[[[76.9336902,28.4243638],[76.9339298,28.4243683],[76.9339166,28.4249129],[76.933677,28.4249084],[76.9336902,28.4243638]]]}},{"type":"Feature","properties":{"v":"Hayatpur","m":"10","k":"18/1/2","t":"Harsaru","vc":"04116","area":114.0,"lat":28.424183,"lng":76.9322222},"geometry":{"type":"Polygon","coordinates":[[[76.932243,28.4240324],[76.9322357,28.4243362],[76.9322014,28.4243356],[76.9322089,28.4240275],[76.932243,28.4240324]]]}},{"type":"Feature","properties":{"v":"Hayatpur","m":"10","k":"18/1/1","t":"Harsaru","vc":"04116","area":1004.2,"lat":28.424197,"lng":76.9323979},"geometry":{"type":"Polygon","coordinates":[[[76.9325608,28.4243424],[76.9322357,28.4243362],[76.932243,28.4240324],[76.9325672,28.4240784],[76.9325608,28.4243424]]]}},{"type":"Feature","properties":{"v":"Hayatpur","m":"10","k":"13/2","t":"Harsaru","vc":"04116","area":203.2,"lat":28.4246083,"lng":76.9322205},"geometry":{"type":"Polygon","coordinates":[[[76.9322357,28.4243362],[76.9322396,28.4248811],[76.9322053,28.4248805],[76.9322014,28.4243356],[76.9322357,28.4243362]]]}},{"type":"Feature","properties":{"v":"Hayatpur","m":"10","k":"13/3","t":"Harsaru","vc":"04116","area":1875.4,"lat":28.4246092,"lng":76.9323959},"geometry":{"type":"Polygon","coordinates":[[[76.9325608,28.4243424],[76.9325476,28.424887],[76.9322396,28.4248811],[76.9322357,28.4243362],[76.9325608,28.4243424]]]}},{"type":"Feature","properties":{"v":"Hayatpur","m":"10","k":"3/2","t":"Harsaru","vc":"04116","area":878.7,"lat":28.4255351,"lng":76.9320251},"geometry":{"type":"Polygon","coordinates":[[[76.9318444,28.4256455],[76.9318499,28.4254186],[76.9322093,28.4254254],[76.9321969,28.4256522],[76.9318444,28.4256455]]]}},{"type":"Feature","properties":{"v":"Hayatpur","m":"10","k":"3/3","t":"Harsaru","vc":"04116","area":202.1,"lat":28.4256981,"lng":76.9322113},"geometry":{"type":"Polygon","coordinates":[[[76.9322435,28.4254261],[76.9322132,28.4259703],[76.9321789,28.4259697],[76.9321969,28.4256522],[76.9322093,28.4254254],[76.9322435,28.4254261]]]}},{"type":"Feature","properties":{"v":"Hayatpur","m":"10","k":"3/4","t":"Harsaru","vc":"04116","area":1774.0,"lat":28.4257036,"lng":76.932378},"geometry":{"type":"Polygon","coordinates":[[[76.9325344,28.4254316],[76.9325212,28.4259762],[76.9322132,28.4259703],[76.9322435,28.4254261],[76.9325344,28.4254316]]]}},{"type":"Feature","properties":{"v":"Hayatpur","m":"10","k":"8/2","t":"Harsaru","vc":"04116","area":202.9,"lat":28.4251531,"lng":76.9322244},"geometry":{"type":"Polygon","coordinates":[[[76.9322053,28.4248805],[76.9322396,28.4248811],[76.9322435,28.4254261],[76.9322093,28.4254254],[76.9322053,28.4248805]]]}},{"type":"Feature","properties":{"v":"Hayatpur","m":"10","k":"8/1","t":"Harsaru","vc":"04116","area":1774.2,"lat":28.4251539,"lng":76.9323913},"geometry":{"type":"Polygon","coordinates":[[[76.9325344,28.4254316],[76.9322435,28.4254261],[76.9322396,28.4248811],[76.9325476,28.424887],[76.9325344,28.4254316]]]}},{"type":"Feature","properties":{"v":"Hayatpur","m":"11","k":"16/2","t":"Harsaru","vc":"04116","area":788.6,"lat":28.4241944,"lng":76.9303388},"geometry":{"type":"Polygon","coordinates":[[[76.9305074,28.4243035],[76.9301651,28.424297],[76.9301703,28.4240852],[76.9305125,28.4240917],[76.9305074,28.4243035]]]}},{"type":"Feature","properties":{"v":"Hayatpur","m":"11","k":"16/3","t":"Harsaru","vc":"04116","area":226.3,"lat":28.4239781,"lng":76.9299027},"geometry":{"type":"Polygon","coordinates":[[[76.9301138,28.424296],[76.9300729,28.424239],[76.9296491,28.4236453],[76.9296829,28.4236502],[76.9299934,28.4240818],[76.930148,28.4242967],[76.9301138,28.424296]]]}},{"type":"Feature","properties":{"v":"Hayatpur","m":"10","k":"22/1","t":"Harsaru","vc":"04116","area":1756.7,"lat":28.4235248,"lng":76.9313492},"geometry":{"type":"Polygon","coordinates":[[[76.931205,28.4237719],[76.9312183,28.4232273],[76.931415,28.423231],[76.9314921,28.4232325],[76.9314774,28.4238371],[76.9312043,28.4238021],[76.931205,28.4237719]]]}},{"type":"Feature","properties":{"v":"Hayatpur","m":"10","k":"21/2/2","t":"Harsaru","vc":"04116","area":1248.8,"lat":28.4235049,"lng":76.9311098},"geometry":{"type":"Polygon","coordinates":[[[76.931205,28.4237719],[76.9312043,28.4238021],[76.9309997,28.4237665],[76.9310129,28.4232234],[76.9312183,28.4232273],[76.931205,28.4237719]]]}},{"type":"Feature","properties":{"v":"Hayatpur","m":"10","k":"21/1","t":"Harsaru","vc":"04116","area":623.0,"lat":28.4234545,"lng":76.9305883},"geometry":{"type":"Polygon","coordinates":[[[76.9306417,28.423704],[76.9305224,28.4236832],[76.9305338,28.4232143],[76.9306536,28.4232166],[76.9306417,28.423704]]]}},{"type":"Feature","properties":{"v":"Hayatpur","m":"13","k":"1/1","t":"Harsaru","vc":"04116","area":1380.3,"lat":28.4231281,"lng":76.930876},"geometry":{"type":"Polygon","coordinates":[[[76.9312227,28.4230457],[76.9312183,28.4232273],[76.9310129,28.4232234],[76.9306536,28.4232166],[76.9305338,28.4232143],[76.9305384,28.4230252],[76.9312227,28.4230457]]]}},{"type":"Feature","properties":{"v":"Hayatpur","m":"13","k":"2/1","t":"Harsaru","vc":"04116","area":1165.7,"lat":28.4229568,"lng":76.9313233},"geometry":{"type":"Polygon","coordinates":[[[76.931415,28.423231],[76.9312183,28.4232273],[76.9312227,28.4230457],[76.9312315,28.4226827],[76.9314283,28.4226864],[76.931415,28.423231]]]}},{"type":"Feature","properties":{"v":"Hayatpur","m":"10","k":"17/2/1","t":"Harsaru","vc":"04116","area":262.0,"lat":28.4239507,"lng":76.9332126},"geometry":{"type":"Polygon","coordinates":[[[76.9332585,28.4238108],[76.9332515,28.4240982],[76.9331662,28.4240844],[76.9331729,28.4238092],[76.93319,28.4238095],[76.9332585,28.4238108]]]}},{"type":"Feature","properties":{"v":"Hayatpur","m":"10","k":"23/2","t":"Harsaru","vc":"04116","area":788.5,"lat":28.4232996,"lng":76.9322437},"geometry":{"type":"Polygon","coordinates":[[[76.9319027,28.4232402],[76.9325872,28.4232532],[76.9325846,28.4233591],[76.9319002,28.4233461],[76.9319027,28.4232402]]]}},{"type":"Feature","properties":{"v":"Hayatpur","m":"10","k":"24/2","t":"Harsaru","vc":"04116","area":709.7,"lat":28.423312,"lng":76.9328939},"geometry":{"type":"Polygon","coordinates":[[[76.9332007,28.4233708],[76.9325846,28.4233591],[76.9325872,28.4232532],[76.9332032,28.4232649],[76.9332007,28.4233708]]]}},{"type":"Feature","properties":{"v":"Hayatpur","m":"10","k":"24/3","t":"Harsaru","vc":"04116","area":405.6,"lat":28.4235379,"lng":76.9332309},"geometry":{"type":"Polygon","coordinates":[[[76.9332585,28.4238108],[76.93319,28.4238095],[76.9332007,28.4233708],[76.9332032,28.4232649],[76.9332717,28.4232662],[76.9332585,28.4238108]]]}},{"type":"Feature","properties":{"v":"Hayatpur","m":"13","k":"18/1","t":"Harsaru","vc":"04116","area":1464.3,"lat":28.4215146,"lng":76.9322869},"geometry":{"type":"Polygon","coordinates":[[[76.9326316,28.4214228],[76.9326268,28.4216194],[76.9319424,28.4216065],[76.9319471,28.4214098],[76.9326316,28.4214228]]]}},{"type":"Feature","properties":{"v":"Hayatpur","m":"34","k":"20/2/2","t":"Harsaru","vc":"04116","area":54.3,"lat":28.4182775,"lng":76.9278518},"geometry":{"type":"Polygon","coordinates":[[[76.927915,28.418261],[76.9279137,28.418314],[76.9277268,28.4182574],[76.927915,28.418261]]]}},{"type":"Feature","properties":{"v":"Hayatpur","m":"10","k":"16/2/1","t":"Harsaru","vc":"04116","area":340.4,"lat":28.4240053,"lng":76.9338617},"geometry":{"type":"Polygon","coordinates":[[[76.9338997,28.4241945],[76.9338144,28.4241818],[76.9338232,28.4238215],[76.9339087,28.4238231],[76.9338997,28.4241945]]]}},{"type":"Feature","properties":{"v":"Hayatpur","m":"10","k":"25/2","t":"Harsaru","vc":"04116","area":506.6,"lat":28.42355,"lng":76.9338726},"geometry":{"type":"Polygon","coordinates":[[[76.9339219,28.4232785],[76.9339087,28.4238231],[76.9338232,28.4238215],[76.9338364,28.4232769],[76.9339219,28.4232785]]]}},{"type":"Feature","properties":{"v":"Hayatpur","m":"13","k":"5/1/2","t":"Harsaru","vc":"04116","area":185.5,"lat":28.4227875,"lng":76.9335657},"geometry":{"type":"Polygon","coordinates":[[[76.9338485,28.4227777],[76.9338477,28.4228079],[76.933283,28.4227972],[76.9332838,28.422767],[76.9338485,28.4227777]]]}},{"type":"Feature","properties":{"v":"Hayatpur","m":"13","k":"5/2","t":"Harsaru","vc":"04116","area":464.5,"lat":28.4230281,"lng":76.9338852},"geometry":{"type":"Polygon","coordinates":[[[76.933934,28.4227793],[76.9339219,28.4232785],[76.9338364,28.4232769],[76.9338477,28.4228079],[76.9338485,28.4227777],[76.933934,28.4227793]]]}},{"type":"Feature","properties":{"v":"Hayatpur","m":"13","k":"6/1","t":"Harsaru","vc":"04116","area":405.2,"lat":28.4224606,"lng":76.9338904},"geometry":{"type":"Polygon","coordinates":[[[76.933918,28.4227336],[76.9338496,28.4227323],[76.9338628,28.4221877],[76.9339312,28.422189],[76.933918,28.4227336]]]}},{"type":"Feature","properties":{"v":"Hayatpur","m":"33","k":"16/1/1","t":"Harsaru","vc":"04116","area":202.6,"lat":28.4187847,"lng":76.9339795},"geometry":{"type":"Polygon","coordinates":[[[76.934017,28.4186492],[76.9340104,28.4189215],[76.933942,28.4189202],[76.9339486,28.4186479],[76.934017,28.4186492]]]}},{"type":"Feature","properties":{"v":"Hayatpur","m":"33","k":"16/21","t":"Harsaru","vc":"04116","area":202.6,"lat":28.4185124,"lng":76.9339861},"geometry":{"type":"Polygon","coordinates":[[[76.934017,28.4186492],[76.9339486,28.4186479],[76.9339552,28.4183756],[76.9340236,28.4183769],[76.934017,28.4186492]]]}},{"type":"Feature","properties":{"v":"Hayatpur","m":"33","k":"25/2/2","t":"Harsaru","vc":"04116","area":371.7,"lat":28.4181266,"lng":76.9339954},"geometry":{"type":"Polygon","coordinates":[[[76.9340357,28.4178777],[76.9340236,28.4183769],[76.9339552,28.4183756],[76.9339596,28.418194],[76.9339612,28.418126],[76.9339632,28.4180428],[76.9339652,28.4179596],[76.9339673,28.4178764],[76.9340357,28.4178777]]]}},{"type":"Feature","properties":{"v":"Hayatpur","m":"33","k":"25/2/1/1","t":"Harsaru","vc":"04116","area":540.8,"lat":28.4182822,"lng":76.9338205},"geometry":{"type":"Polygon","coordinates":[[[76.9339552,28.4183756],[76.9336814,28.4183704],[76.9336858,28.4181889],[76.9339596,28.418194],[76.9339552,28.4183756]]]}},{"type":"Feature","properties":{"v":"Hayatpur","m":"33","k":"25/2/1/2","t":"Harsaru","vc":"04116","area":202.7,"lat":28.4181574,"lng":76.9338235},"geometry":{"type":"Polygon","coordinates":[[[76.9339596,28.418194],[76.9336858,28.4181889],[76.9336874,28.4181208],[76.9339612,28.418126],[76.9339596,28.418194]]]}},{"type":"Feature","properties":{"v":"Hayatpur","m":"33","k":"25/2/1/3","t":"Harsaru","vc":"04116","area":247.8,"lat":28.4180818,"lng":76.9338253},"geometry":{"type":"Polygon","coordinates":[[[76.9336894,28.4180376],[76.9339632,28.4180428],[76.9339612,28.418126],[76.9336874,28.4181208],[76.9336894,28.4180376]]]}},{"type":"Feature","properties":{"v":"Hayatpur","m":"33","k":"25/2/1/4","t":"Harsaru","vc":"04116","area":247.8,"lat":28.4179986,"lng":76.9338273},"geometry":{"type":"Polygon","coordinates":[[[76.9336915,28.4179544],[76.9339652,28.4179596],[76.9339632,28.4180428],[76.9336894,28.4180376],[76.9336915,28.4179544]]]}},{"type":"Feature","properties":{"v":"Hayatpur","m":"33","k":"25/2/1/5","t":"Harsaru","vc":"04116","area":247.8,"lat":28.4179154,"lng":76.9338294},"geometry":{"type":"Polygon","coordinates":[[[76.9339652,28.4179596],[76.9336915,28.4179544],[76.9336935,28.4178712],[76.9339673,28.4178764],[76.9339652,28.4179596]]]}},{"type":"Feature","properties":{"v":"Hayatpur","m":"33","k":"6/1","t":"Harsaru","vc":"04116","area":405.3,"lat":28.4197377,"lng":76.9339564},"geometry":{"type":"Polygon","coordinates":[[[76.933984,28.4200106],[76.9339156,28.4200093],[76.9339233,28.4196917],[76.9339288,28.4194647],[76.9339972,28.419466],[76.933984,28.4200106]]]}},{"type":"Feature","properties":{"v":"Hayatpur","m":"33","k":"6/2/2/1","t":"Harsaru","vc":"04116","area":185.8,"lat":28.4196644,"lng":76.9335473},"geometry":{"type":"Polygon","coordinates":[[[76.9339233,28.4196917],[76.9333586,28.419681],[76.9333601,28.4196205],[76.9339233,28.4196917]]]}},{"type":"Feature","properties":{"v":"Hayatpur","m":"33","k":"6/2/2/2","t":"Harsaru","vc":"04116","area":1208.4,"lat":28.4195588,"lng":76.9336585},"geometry":{"type":"Polygon","coordinates":[[[76.9333641,28.4194541],[76.9339288,28.4194647],[76.9339233,28.4196917],[76.9333601,28.4196205],[76.9333604,28.4196053],[76.9333641,28.4194541]]]}},{"type":"Feature","properties":{"v":"Hayatpur","m":"33","k":"5/2/2","t":"Harsaru","vc":"04116","area":270.2,"lat":28.4201915,"lng":76.9339454},"geometry":{"type":"Polygon","coordinates":[[[76.9339752,28.4203737],[76.9339068,28.4203724],[76.9339156,28.4200093],[76.933984,28.4200106],[76.9339752,28.4203737]]]}},{"type":"Feature","properties":{"v":"Hayatpur","m":"33","k":"5/1/2","t":"Harsaru","vc":"04116","area":650.6,"lat":28.4204303,"lng":76.9336901},"geometry":{"type":"Polygon","coordinates":[[[76.9339068,28.4203724],[76.9339024,28.4205539],[76.9333414,28.420392],[76.9333421,28.4203617],[76.9339068,28.4203724]]]}},{"type":"Feature","properties":{"v":"Hayatpur","m":"33","k":"5/1/1","t":"Harsaru","vc":"04116","area":135.1,"lat":28.4204638,"lng":76.9339388},"geometry":{"type":"Polygon","coordinates":[[[76.9339752,28.4203737],[76.9339708,28.4205552],[76.9339024,28.4205539],[76.9339068,28.4203724],[76.9339752,28.4203737]]]}},{"type":"Feature","properties":{"v":"Hayatpur","m":"13","k":"25/2","t":"Harsaru","vc":"04116","area":405.3,"lat":28.4208269,"lng":76.93393},"geometry":{"type":"Polygon","coordinates":[[[76.9339576,28.4210998],[76.9338892,28.4210985],[76.9339024,28.4205539],[76.9339708,28.4205552],[76.9339576,28.4210998]]]}},{"type":"Feature","properties":{"v":"Hayatpur","m":"13","k":"16/2","t":"Harsaru","vc":"04116","area":405.3,"lat":28.4213715,"lng":76.9339168},"geometry":{"type":"Polygon","coordinates":[[[76.9339576,28.4210998],[76.9339444,28.4216444],[76.933876,28.4216431],[76.9338892,28.4210985],[76.9339576,28.4210998]]]}},{"type":"Feature","properties":{"v":"Hayatpur","m":"13","k":"15/2/2","t":"Harsaru","vc":"04116","area":157.7,"lat":28.4216948,"lng":76.9338062},"geometry":{"type":"Polygon","coordinates":[[[76.933876,28.4216431],[76.9338734,28.421749],[76.9337365,28.4217464],[76.9337391,28.4216405],[76.933876,28.4216431]]]}},{"type":"Feature","properties":{"v":"Hayatpur","m":"13","k":"15/1","t":"Harsaru","vc":"04116","area":405.4,"lat":28.421916,"lng":76.9339036},"geometry":{"type":"Polygon","coordinates":[[[76.9339444,28.4216444],[76.9339312,28.422189],[76.9338628,28.4221877],[76.9338734,28.421749],[76.933876,28.4216431],[76.9339444,28.4216444]]]}},{"type":"Feature","properties":{"v":"Hayatpur","m":"33","k":"7/2/2","t":"Harsaru","vc":"04116","area":950.4,"lat":28.4195582,"lng":76.9328694},"geometry":{"type":"Polygon","coordinates":[[[76.9326741,28.419668],[76.9326796,28.4194411],[76.9330646,28.4194484],[76.9330626,28.4195316],[76.9330591,28.4196753],[76.9326741,28.419668]]]}},{"type":"Feature","properties":{"v":"Hayatpur","m":"33","k":"7/2/1/2","t":"Harsaru","vc":"04116","area":381.8,"lat":28.4195118,"lng":76.9332274},"geometry":{"type":"Polygon","coordinates":[[[76.9333641,28.4194541],[76.9333604,28.4196053],[76.9330626,28.4195316],[76.9330646,28.4194484],[76.9333641,28.4194541]]]}},{"type":"Feature","properties":{"v":"Hayatpur","m":"33","k":"7/1","t":"Harsaru","vc":"04116","area":2365.5,"lat":28.4198333,"lng":76.9330125},"geometry":{"type":"Polygon","coordinates":[[[76.9326664,28.4199857],[76.9326741,28.419668],[76.9330591,28.4196753],[76.9333586,28.419681],[76.9333509,28.4199986],[76.9326664,28.4199857]]]}},{"type":"Feature","properties":{"v":"Hayatpur","m":"33","k":"14/1/1","t":"Harsaru","vc":"04116","area":619.9,"lat":28.419406,"lng":76.9330229},"geometry":{"type":"Polygon","coordinates":[[[76.9333641,28.4194541],[76.9330646,28.4194484],[76.9326796,28.4194411],[76.9326817,28.4193579],[76.9333661,28.4193708],[76.9333641,28.4194541]]]}},{"type":"Feature","properties":{"v":"Hayatpur","m":"33","k":"14/2","t":"Harsaru","vc":"04116","area":1239.2,"lat":28.4189862,"lng":76.933033},"geometry":{"type":"Polygon","coordinates":[[[76.9326928,28.4188965],[76.9333773,28.4189095],[76.9333733,28.4190759],[76.9326888,28.4190629],[76.9326928,28.4188965]]]}},{"type":"Feature","properties":{"v":"Hayatpur","m":"33","k":"15/1/2","t":"Harsaru","vc":"04116","area":1022.2,"lat":28.418998,"lng":76.9336576},"geometry":{"type":"Polygon","coordinates":[[[76.9339379,28.4190866],[76.9333733,28.4190759],[76.9333773,28.4189095],[76.933942,28.4189202],[76.9339379,28.4190866]]]}},{"type":"Feature","properties":{"v":"Hayatpur","m":"33","k":"15/2","t":"Harsaru","vc":"04116","area":405.4,"lat":28.4191931,"lng":76.9339696},"geometry":{"type":"Polygon","coordinates":[[[76.9339972,28.419466],[76.9339288,28.4194647],[76.9339379,28.4190866],[76.933942,28.4189202],[76.9340104,28.4189215],[76.9339972,28.419466]]]}},{"type":"Feature","properties":{"v":"Hayatpur","m":"33","k":"8/2/2","t":"Harsaru","vc":"04116","area":950.4,"lat":28.4195452,"lng":76.9321849},"geometry":{"type":"Polygon","coordinates":[[[76.9319952,28.4194281],[76.9323802,28.4194354],[76.9323747,28.4196623],[76.9319897,28.419655],[76.9319952,28.4194281]]]}},{"type":"Feature","properties":{"v":"Hayatpur","m":"33","k":"8/1","t":"Harsaru","vc":"04116","area":2365.6,"lat":28.4198203,"lng":76.9323281},"geometry":{"type":"Polygon","coordinates":[[[76.9319897,28.419655],[76.9323747,28.4196623],[76.9326741,28.419668],[76.9326664,28.4199857],[76.931982,28.4199727],[76.9319897,28.419655]]]}},{"type":"Feature","properties":{"v":"Hayatpur","m":"33","k":"13/1","t":"Harsaru","vc":"04116","area":563.2,"lat":28.419382,"lng":76.9322246},"geometry":{"type":"Polygon","coordinates":[[[76.9319952,28.4194281],[76.9319989,28.4192768],[76.9326796,28.4194411],[76.9323802,28.4194354],[76.9319952,28.4194281]]]}},{"type":"Feature","properties":{"v":"Hayatpur","m":"33","k":"11/2","t":"Harsaru","vc":"04116","area":1324.8,"lat":28.4189587,"lng":76.9310254},"geometry":{"type":"Polygon","coordinates":[[[76.931324,28.4188705],[76.9313179,28.4191201],[76.9306369,28.4189638],[76.9306395,28.4188576],[76.931324,28.4188705]]]}},{"type":"Feature","properties":{"v":"Hayatpur","m":"33","k":"4/1/2","t":"Harsaru","vc":"04116","area":50.7,"lat":28.4203604,"lng":76.9332737},"geometry":{"type":"Polygon","coordinates":[[[76.9333425,28.4203466],[76.9333421,28.4203617],[76.9333414,28.420392],[76.9331371,28.4203427],[76.9333425,28.4203466]]]}},{"type":"Feature","properties":{"v":"Hayatpur","m":"33","k":"3/2/2","t":"Harsaru","vc":"04116","area":1239.1,"lat":28.4200669,"lng":76.9323636},"geometry":{"type":"Polygon","coordinates":[[[76.931982,28.4199727],[76.9326664,28.4199857],[76.9326639,28.4200916],[76.9326609,28.4202126],[76.9319794,28.4200786],[76.931982,28.4199727]]]}},{"type":"Feature","properties":{"v":"Hayatpur","m":"33","k":"2/2","t":"Harsaru","vc":"04116","area":236.6,"lat":28.4200054,"lng":76.9318442},"geometry":{"type":"Polygon","coordinates":[[[76.9315713,28.4199649],[76.931982,28.4199727],[76.9319794,28.4200786],[76.9315713,28.4199649]]]}},{"type":"Feature","properties":{"v":"Hayatpur","m":"33","k":"9/1","t":"Harsaru","vc":"04116","area":90.1,"lat":28.4199413,"lng":76.9313893},"geometry":{"type":"Polygon","coordinates":[[[76.9312975,28.4199597],[76.931299,28.4198992],[76.9315713,28.4199649],[76.9312975,28.4199597]]]}},{"type":"Feature","properties":{"v":"Hayatpur","m":"33","k":"10/1","t":"Harsaru","vc":"04116","area":1013.4,"lat":28.4198769,"lng":76.9308938},"geometry":{"type":"Polygon","coordinates":[[[76.9306131,28.4199467],[76.930616,28.4198257],[76.9306182,28.419735],[76.931299,28.4198992],[76.9312975,28.4199597],[76.9306131,28.4199467]]]}},{"type":"Feature","properties":{"v":"Hayatpur","m":"34","k":"6/1","t":"Harsaru","vc":"04116","area":1802.4,"lat":28.4198081,"lng":76.930217},"geometry":{"type":"Polygon","coordinates":[[[76.9299286,28.4199338],[76.9299344,28.4196954],[76.9299374,28.4195707],[76.930616,28.4198257],[76.9306131,28.4199467],[76.9299286,28.4199338]]]}},{"type":"Feature","properties":{"v":"Hayatpur","m":"34","k":"7/2","t":"Harsaru","vc":"04116","area":778.0,"lat":28.419445,"lng":76.9296776},"geometry":{"type":"Polygon","coordinates":[[[76.9292574,28.4193762],[76.9299419,28.4193892],[76.9299374,28.4195707],[76.9298619,28.4195525],[76.9298434,28.419516],[76.9298027,28.4195382],[76.9292567,28.4194064],[76.9292574,28.4193762]]]}},{"type":"Feature","properties":{"v":"Hayatpur","m":"34","k":"8/1/2","t":"Harsaru","vc":"04116","area":25.3,"lat":28.4193853,"lng":76.9292058},"geometry":{"type":"Polygon","coordinates":[[[76.9291034,28.4193733],[76.9292574,28.4193762],[76.9292567,28.4194064],[76.9291034,28.4193733]]]}},{"type":"Feature","properties":{"v":"Hayatpur","m":"34","k":"13/2/1","t":"Harsaru","vc":"04116","area":46.5,"lat":28.4193558,"lng":76.9289783},"geometry":{"type":"Polygon","coordinates":[[[76.9289152,28.4193697],[76.9289163,28.4193243],[76.9291034,28.4193733],[76.9289152,28.4193697]]]}},{"type":"Feature","properties":{"v":"Hayatpur","m":"34","k":"13/1/2","t":"Harsaru","vc":"04116","area":309.8,"lat":28.4193215,"lng":76.9287193},"geometry":{"type":"Polygon","coordinates":[[[76.928573,28.4193632],[76.9285759,28.4192422],[76.9289163,28.4193243],[76.9289152,28.4193697],[76.928573,28.4193632]]]}},{"type":"Feature","properties":{"v":"Hayatpur","m":"32","k":"21/1","t":"Harsaru","vc":"04116","area":405.9,"lat":28.4181062,"lng":76.9341158},"geometry":{"type":"Polygon","coordinates":[[[76.9340749,28.4183778],[76.934087,28.4178786],[76.9340881,28.4178332],[76.9341566,28.4178345],[76.9341434,28.4183791],[76.9340749,28.4183778]]]}},{"type":"Feature","properties":{"v":"Hayatpur","m":"9","k":"20/2","t":"Harsaru","vc":"04116","area":284.7,"lat":28.4240155,"lng":76.9339726},"geometry":{"type":"Polygon","coordinates":[[[76.9340114,28.423825],[76.934002,28.4242115],[76.9339338,28.4242019],[76.9339429,28.4238237],[76.9340114,28.423825]]]}},{"type":"Feature","properties":{"v":"Hayatpur","m":"33","k":"12/1","t":"Harsaru","vc":"04116","area":1661.8,"lat":28.4193055,"lng":76.931619},"geometry":{"type":"Polygon","coordinates":[[[76.9319952,28.4194281],[76.9313107,28.4194151],[76.9313179,28.4191201],[76.9319989,28.4192768],[76.9319952,28.4194281]]]}},{"type":"Feature","properties":{"v":"Hayatpur","m":"34","k":"15/2","t":"Harsaru","vc":"04116","area":202.9,"lat":28.4188846,"lng":76.9304677},"geometry":{"type":"Polygon","coordinates":[[[76.9306053,28.4188569],[76.9306031,28.4189477],[76.9301946,28.4188491],[76.9306053,28.4188569]]]}},{"type":"Feature","properties":{"v":"Hayatpur","m":"34","k":"16/1","t":"Harsaru","vc":"04116","area":59.1,"lat":28.418831,"lng":76.9300353},"geometry":{"type":"Polygon","coordinates":[[[76.9299551,28.4188446],[76.9299562,28.4187992],[76.9301946,28.4188491],[76.9299551,28.4188446]]]}},{"type":"Feature","properties":{"v":"Hayatpur","m":"34","k":"24/1","t":"Harsaru","vc":"04116","area":278.6,"lat":28.4180379,"lng":76.9293156},"geometry":{"type":"Polygon","coordinates":[[[76.9292839,28.418287],[76.929296,28.4177878],[76.9293473,28.4177888],[76.9293352,28.418288],[76.9292839,28.418287]]]}},{"type":"Feature","properties":{"v":"Hayatpur","m":"34","k":"23/1","t":"Harsaru","vc":"04116","area":186.0,"lat":28.4180246,"lng":76.9286226},"geometry":{"type":"Polygon","coordinates":[[[76.9285994,28.418274],[76.9286115,28.4177748],[76.9286458,28.4177754],[76.9286336,28.4182747],[76.9285994,28.418274]]]}},{"type":"Feature","properties":{"v":"Hayatpur","m":"34","k":"19/2/2","t":"Harsaru","vc":"04116","area":880.0,"lat":28.4183345,"lng":76.9283067},"geometry":{"type":"Polygon","coordinates":[[[76.927915,28.418261],[76.9285994,28.418274],[76.9285987,28.4183043],[76.9285979,28.4183345],[76.9285637,28.4183339],[76.9285606,28.4184628],[76.9279137,28.418314],[76.927915,28.418261]]]}},{"type":"Feature","properties":{"v":"Hayatpur","m":"34","k":"19/1/1","t":"Harsaru","vc":"04116","area":130.7,"lat":28.4186425,"lng":76.9285733},"geometry":{"type":"Polygon","coordinates":[[[76.9285862,28.4188186],[76.928552,28.4188179],[76.9285606,28.4184628],[76.9285946,28.4184707],[76.9285862,28.4188186]]]}},{"type":"Feature","properties":{"v":"Hayatpur","m":"34","k":"19/1/2","t":"Harsaru","vc":"04116","area":49.3,"lat":28.4184005,"lng":76.9285794},"geometry":{"type":"Polygon","coordinates":[[[76.9285637,28.4183339],[76.9285979,28.4183345],[76.9285946,28.4184707],[76.9285606,28.4184628],[76.9285637,28.4183339]]]}},{"type":"Feature","properties":{"v":"Hayatpur","m":"34","k":"18/1/1/2","t":"Harsaru","vc":"04116","area":936.4,"lat":28.418451,"lng":76.9291488},"geometry":{"type":"Polygon","coordinates":[[[76.9290206,28.4185544],[76.9290272,28.4182821],[76.9292839,28.418287],[76.9292754,28.4186349],[76.9288495,28.4185512],[76.9290206,28.4185544]]]}},{"type":"Feature","properties":{"v":"Hayatpur","m":"34","k":"18/2","t":"Harsaru","vc":"04116","area":507.0,"lat":28.4184166,"lng":76.9289383},"geometry":{"type":"Polygon","coordinates":[[[76.9288495,28.4185512],[76.9288553,28.4183091],[76.9288561,28.4182789],[76.9290272,28.4182821],[76.9290206,28.4185544],[76.9288495,28.4185512]]]}},{"type":"Feature","properties":{"v":"Hayatpur","m":"34","k":"18/1/2","t":"Harsaru","vc":"04116","area":84.4,"lat":28.4182916,"lng":76.9287273},"geometry":{"type":"Polygon","coordinates":[[[76.9285994,28.418274],[76.9286336,28.4182747],[76.9288561,28.4182789],[76.9288553,28.4183091],[76.9285987,28.4183043],[76.9285994,28.418274]]]}},{"type":"Feature","properties":{"v":"Hayatpur","m":"34","k":"","t":"Harsaru","vc":"04116","area":570.4,"lat":28.4184101,"lng":76.9287324},"geometry":{"type":"Polygon","coordinates":[[[76.9285946,28.4184707],[76.9285979,28.4183345],[76.9285987,28.4183043],[76.9288553,28.4183091],[76.9288495,28.4185512],[76.9285946,28.4184707]]]}},{"type":"Feature","properties":{"v":"Hayatpur","m":"34","k":"17/1","t":"Harsaru","vc":"04116","area":901.4,"lat":28.4187683,"lng":76.9295432},"geometry":{"type":"Polygon","coordinates":[[[76.9299551,28.4188446],[76.9292706,28.4188316],[76.9292754,28.4186349],[76.9299562,28.4187992],[76.9299551,28.4188446]]]}},{"type":"Feature","properties":{"v":"Hayatpur","m":"34","k":"","t":"Harsaru","vc":"04116","area":10.3,"lat":28.4195356,"lng":76.929836},"geometry":{"type":"Polygon","coordinates":[[[76.9298619,28.4195525],[76.9298027,28.4195382],[76.9298434,28.419516],[76.9298619,28.4195525]]]}},{"type":"Feature","properties":{"v":"Hayatpur","m":"2","k":"20/1/1/2","t":"Harsaru","vc":"04116","area":208.0,"lat":28.4267796,"lng":76.934188},"geometry":{"type":"Polygon","coordinates":[[[76.9342141,28.426765],[76.934505,28.4267705],[76.9345043,28.4268007],[76.9338711,28.4267887],[76.9338718,28.4267585],[76.9342141,28.426765]]]}},{"type":"Feature","properties":{"v":"Hayatpur","m":"2","k":"20/1/1/3","t":"Harsaru","vc":"04116","area":670.3,"lat":28.4266618,"lng":76.9343621},"geometry":{"type":"Polygon","coordinates":[[[76.9342141,28.426765],[76.9342192,28.4265532],[76.9345101,28.4265587],[76.934505,28.4267705],[76.9342141,28.426765]]]}},{"type":"Feature","properties":{"v":"Hayatpur","m":"2","k":"20/1/2","t":"Harsaru","vc":"04116","area":304.3,"lat":28.4268315,"lng":76.9345292},"geometry":{"type":"Polygon","coordinates":[[[76.9345483,28.4271042],[76.9344969,28.4271033],[76.9345043,28.4268007],[76.934505,28.4267705],[76.9345101,28.4265587],[76.9345615,28.4265597],[76.9345483,28.4271042]]]}},{"type":"Feature","properties":{"v":"Hayatpur","m":"2","k":"21/1","t":"Harsaru","vc":"04116","area":208.7,"lat":28.4265376,"lng":76.9341939},"geometry":{"type":"Polygon","coordinates":[[[76.9342192,28.4265532],[76.933877,28.4265467],[76.9338777,28.4265164],[76.9345108,28.4265284],[76.9345101,28.4265587],[76.9342192,28.4265532]]]}},{"type":"Feature","properties":{"v":"Hayatpur","m":"2","k":"19/2","t":"Harsaru","vc":"04116","area":104.3,"lat":28.4265742,"lng":76.9349288},"geometry":{"type":"Polygon","coordinates":[[[76.9352456,28.4265877],[76.9346124,28.4265758],[76.9346128,28.4265606],[76.9352459,28.4265726],[76.9352456,28.4265877]]]}},{"type":"Feature","properties":{"v":"Hayatpur","m":"2","k":"18/1","t":"Harsaru","vc":"04116","area":1577.1,"lat":28.4270178,"lng":76.9355776},"geometry":{"type":"Polygon","coordinates":[[[76.9359173,28.4271302],[76.9352328,28.4271172],[76.9352379,28.4269054],[76.9359224,28.4269184],[76.9359173,28.4271302]]]}},{"type":"Feature","properties":{"v":"Hayatpur","m":"9","k":"7/2","t":"Harsaru","vc":"04116","area":101.3,"lat":28.4252242,"lng":76.9359719},"geometry":{"type":"Polygon","coordinates":[[[76.93597,28.4249518],[76.9359871,28.4249521],[76.9359739,28.4254967],[76.9359568,28.4254964],[76.93597,28.4249518]]]}},{"type":"Feature","properties":{"v":"Hayatpur","m":"9","k":"4/1","t":"Harsaru","vc":"04116","area":101.3,"lat":28.4257689,"lng":76.9359587},"geometry":{"type":"Polygon","coordinates":[[[76.9359436,28.426041],[76.9359568,28.4254964],[76.9359739,28.4254967],[76.9359607,28.4260413],[76.9359436,28.426041]]]}},{"type":"Feature","properties":{"v":"Hayatpur","m":"9","k":"3/2","t":"Harsaru","vc":"04116","area":2027.4,"lat":28.4257655,"lng":76.9357791},"geometry":{"type":"Polygon","coordinates":[[[76.9359568,28.4254964],[76.9359436,28.426041],[76.9356014,28.4260345],[76.9356146,28.4254899],[76.9359568,28.4254964]]]}},{"type":"Feature","properties":{"v":"Hayatpur","m":"9","k":"8/2","t":"Harsaru","vc":"04116","area":2028.0,"lat":28.4252144,"lng":76.9354501},"geometry":{"type":"Polygon","coordinates":[[[76.9356146,28.4254899],[76.9352723,28.4254834],[76.9352855,28.4249388],[76.9356278,28.4249453],[76.9356146,28.4254899]]]}},{"type":"Feature","properties":{"v":"Hayatpur","m":"9","k":"13/1/2","t":"Harsaru","vc":"04116","area":823.0,"lat":28.4248375,"lng":76.9357953},"geometry":{"type":"Polygon","coordinates":[[[76.93597,28.4249518],[76.9356278,28.4249453],[76.9356337,28.4246999],[76.9359748,28.4247551],[76.93597,28.4249518]]]}},{"type":"Feature","properties":{"v":"Hayatpur","m":"14","k":"5/1","t":"Harsaru","vc":"04116","area":912.4,"lat":28.4229699,"lng":76.9368055},"geometry":{"type":"Polygon","coordinates":[[[76.936694,28.423331],[76.9367072,28.4227864],[76.9370152,28.4227922],[76.936694,28.423331]]]}},{"type":"Feature","properties":{"v":"Hayatpur","m":"9","k":"16/2","t":"Harsaru","vc":"04116","area":309.9,"lat":28.4239271,"lng":76.9371984},"geometry":{"type":"Polygon","coordinates":[[[76.9373653,28.4238885],[76.9373631,28.4239793],[76.9370213,28.4239577],[76.9370231,28.423882],[76.9373653,28.4238885]]]}},{"type":"Feature","properties":{"v":"Hayatpur","m":"9","k":"14/2/1","t":"Harsaru","vc":"04116","area":46.7,"lat":28.4244911,"lng":76.9359926},"geometry":{"type":"Polygon","coordinates":[[[76.9359771,28.4246583],[76.9359832,28.4244072],[76.9360174,28.4244079],[76.9359771,28.4246583]]]}},{"type":"Feature","properties":{"v":"Hayatpur","m":"9","k":"17/2","t":"Harsaru","vc":"04116","area":1393.7,"lat":28.4240797,"lng":76.9361247},"geometry":{"type":"Polygon","coordinates":[[[76.9359964,28.4238626],[76.9363814,28.4238699],[76.9360687,28.4244088],[76.9360174,28.4244079],[76.9359832,28.4244072],[76.9359964,28.4238626]]]}},{"type":"Feature","properties":{"v":"Hayatpur","m":"9","k":"24/1","t":"Harsaru","vc":"04116","area":887.2,"lat":28.4236922,"lng":76.9365854},"geometry":{"type":"Polygon","coordinates":[[[76.936694,28.423331],[76.9366809,28.4238756],[76.9363814,28.4238699],[76.936694,28.423331]]]}},{"type":"Feature","properties":{"v":"Hayatpur","m":"14","k":"6/1/1","t":"Harsaru","vc":"04116","area":1103.9,"lat":28.422636,"lng":76.9372502},"geometry":{"type":"Polygon","coordinates":[[[76.9370152,28.4227922],[76.937218,28.4224328],[76.9374005,28.4224363],[76.9373917,28.4227993],[76.9370152,28.4227922]]]}},{"type":"Feature","properties":{"v":"Hayatpur","m":"14","k":"6/2/1","t":"Harsaru","vc":"04116","area":1087.0,"lat":28.4223351,"lng":76.9369942},"geometry":{"type":"Polygon","coordinates":[[[76.9367204,28.4222418],[76.9373193,28.4222531],[76.937218,28.4224328],[76.936716,28.4224233],[76.9367204,28.4222418]]]}},{"type":"Feature","properties":{"v":"Hayatpur","m":"14","k":"6/2/2","t":"Harsaru","vc":"04116","area":264.8,"lat":28.4223551,"lng":76.9373325},"geometry":{"type":"Polygon","coordinates":[[[76.9374049,28.4222547],[76.9374005,28.4224363],[76.937218,28.4224328],[76.9373193,28.4222531],[76.9374049,28.4222547]]]}},{"type":"Feature","properties":{"v":"Hayatpur","m":"14","k":"15/2","t":"Harsaru","vc":"04116","area":176.1,"lat":28.4221281,"lng":76.9373794},"geometry":{"type":"Polygon","coordinates":[[[76.9373193,28.4222531],[76.937414,28.4218766],[76.9374111,28.4219976],[76.9374049,28.4222547],[76.9373193,28.4222531]]]}},{"type":"Feature","properties":{"v":"Hayatpur","m":"9","k":"19/1","t":"Harsaru","vc":"04116","area":1547.2,"lat":28.4242454,"lng":76.9351782},"geometry":{"type":"Polygon","coordinates":[[[76.9353119,28.4238497],[76.9352987,28.4243943],[76.935295,28.4245455],[76.9349313,28.4244125],[76.9352606,28.4238487],[76.9353119,28.4238497]]]}},{"type":"Feature","properties":{"v":"Hayatpur","m":"9","k":"22/1","t":"Harsaru","vc":"04116","area":26.8,"lat":28.4238173,"lng":76.9352956},"geometry":{"type":"Polygon","coordinates":[[[76.9353119,28.4238497],[76.9352606,28.4238487],[76.9353142,28.4237536],[76.9353119,28.4238497]]]}},{"type":"Feature","properties":{"v":"Hayatpur","m":"9","k":"23/1","t":"Harsaru","vc":"04116","area":584.5,"lat":28.4234561,"lng":76.9354013},"geometry":{"type":"Polygon","coordinates":[[[76.9355647,28.4233096],[76.9353142,28.4237536],[76.9353251,28.4233051],[76.9355647,28.4233096]]]}},{"type":"Feature","properties":{"v":"Hayatpur","m":"14","k":"3/1","t":"Harsaru","vc":"04116","area":2331.9,"lat":28.4230012,"lng":76.9355394},"geometry":{"type":"Polygon","coordinates":[[[76.9353251,28.4233051],[76.9353383,28.4227605],[76.9358859,28.4227708],[76.9355647,28.4233096],[76.9353251,28.4233051]]]}},{"type":"Feature","properties":{"v":"Hayatpur","m":"14","k":"8/1","t":"Harsaru","vc":"04116","area":190.8,"lat":28.4226871,"lng":76.9359792},"geometry":{"type":"Polygon","coordinates":[[[76.9358859,28.4227708],[76.936029,28.4225172],[76.9360228,28.4227734],[76.9358859,28.4227708]]]}},{"type":"Feature","properties":{"v":"Hayatpur","m":"14","k":"7/2","t":"Harsaru","vc":"04116","area":241.6,"lat":28.4223259,"lng":76.9360849},"geometry":{"type":"Polygon","coordinates":[[[76.9360359,28.4222288],[76.9361899,28.4222318],[76.936029,28.4225172],[76.9360359,28.4222288]]]}},{"type":"Feature","properties":{"v":"Hayatpur","m":"14","k":"14/1","t":"Harsaru","vc":"04116","area":1824.7,"lat":28.4219143,"lng":76.9362104},"geometry":{"type":"Polygon","coordinates":[[[76.9360359,28.4222288],[76.9360491,28.4216843],[76.9365111,28.421693],[76.9361899,28.4222318],[76.9360359,28.4222288]]]}},{"type":"Feature","properties":{"v":"Hayatpur","m":"14","k":"17/1","t":"Harsaru","vc":"04116","area":380.1,"lat":28.42156,"lng":76.9366799},"geometry":{"type":"Polygon","coordinates":[[[76.9367435,28.4212888],[76.9367336,28.4216972],[76.9365625,28.421694],[76.9367435,28.4212888]]]}},{"type":"Feature","properties":{"v":"Hayatpur","m":"14","k":"17/2","t":"Harsaru","vc":"04116","area":51.8,"lat":28.4211634,"lng":76.9366609},"geometry":{"type":"Polygon","coordinates":[[[76.9364901,28.4211478],[76.9367468,28.4211526],[76.9367459,28.4211897],[76.9364901,28.4211478]]]}},{"type":"Feature","properties":{"v":"Hayatpur","m":"14","k":"16/2","t":"Harsaru","vc":"04116","area":14.3,"lat":28.4212294,"lng":76.9367538},"geometry":{"type":"Polygon","coordinates":[[[76.936772,28.4212096],[76.9367435,28.4212888],[76.9367459,28.4211897],[76.936772,28.4212096]]]}},{"type":"Feature","properties":{"v":"Hayatpur","m":"14","k":"24/2/1","t":"Harsaru","vc":"04116","area":25.3,"lat":28.4211357,"lng":76.9363877},"geometry":{"type":"Polygon","coordinates":[[[76.9363361,28.4211448],[76.9363368,28.4211146],[76.9364901,28.4211478],[76.9363361,28.4211448]]]}},{"type":"Feature","properties":{"v":"Hayatpur","m":"14","k":"24/1/1","t":"Harsaru","vc":"04116","area":180.2,"lat":28.421109,"lng":76.9361771},"geometry":{"type":"Polygon","coordinates":[[[76.9363361,28.4211448],[76.9360623,28.4211397],[76.9360645,28.4210489],[76.9363368,28.4211146],[76.9363361,28.4211448]]]}},{"type":"Feature","properties":{"v":"Hayatpur","m":"14","k":"21/2/2","t":"Harsaru","vc":"04116","area":506.6,"lat":28.4206157,"lng":76.9345},"geometry":{"type":"Polygon","coordinates":[[[76.9340906,28.4205575],[76.9347066,28.4205692],[76.9347029,28.4207204],[76.9340906,28.4205575]]]}},{"type":"Feature","properties":{"v":"Hayatpur","m":"14","k":"21/1","t":"Harsaru","vc":"04116","area":405.8,"lat":28.4208292,"lng":76.9340497},"geometry":{"type":"Polygon","coordinates":[[[76.9340906,28.4205575],[76.9340774,28.4211021],[76.9340089,28.4211008],[76.9340221,28.4205562],[76.9340906,28.4205575]]]}},{"type":"Feature","properties":{"v":"Hayatpur","m":"14","k":"22/2","t":"Harsaru","vc":"04116","area":1689.5,"lat":28.420694,"lng":76.935084},"geometry":{"type":"Polygon","coordinates":[[[76.9347029,28.4207204],[76.9347066,28.4205692],[76.935391,28.4205821],[76.9353837,28.4208847],[76.9347029,28.4207204]]]}},{"type":"Feature","properties":{"v":"Hayatpur","m":"14","k":"23/1","t":"Harsaru","vc":"04116","area":1238.9,"lat":28.4210433,"lng":76.9356704},"geometry":{"type":"Polygon","coordinates":[[[76.9353779,28.4211267],[76.9353837,28.4208847],[76.9360645,28.4210489],[76.9360623,28.4211397],[76.9355319,28.4211296],[76.9353779,28.4211267]]]}},{"type":"Feature","properties":{"v":"Hayatpur","m":"9","k":"21/1","t":"Harsaru","vc":"04116","area":405.8,"lat":28.423552,"lng":76.9339837},"geometry":{"type":"Polygon","coordinates":[[[76.9339561,28.4232791],[76.9340246,28.4232804],[76.9340114,28.423825],[76.9339429,28.4238237],[76.9339561,28.4232791]]]}},{"type":"Feature","properties":{"v":"Hayatpur","m":"14","k":"1/1","t":"Harsaru","vc":"04116","area":405.7,"lat":28.4230075,"lng":76.933997},"geometry":{"type":"Polygon","coordinates":[[[76.9339561,28.4232791],[76.9339682,28.4227815],[76.9339693,28.4227346],[76.9340378,28.4227359],[76.9340246,28.4232804],[76.9339561,28.4232791]]]}},{"type":"Feature","properties":{"v":"Hayatpur","m":"14","k":"10/2","t":"Harsaru","vc":"04116","area":405.8,"lat":28.4224629,"lng":76.9340102},"geometry":{"type":"Polygon","coordinates":[[[76.9339825,28.42219],[76.934051,28.4221913],[76.9340378,28.4227359],[76.9339693,28.4227346],[76.9339825,28.42219]]]}},{"type":"Feature","properties":{"v":"Hayatpur","m":"14","k":"11/2","t":"Harsaru","vc":"04116","area":3649.7,"lat":28.4219248,"lng":76.9343656},"geometry":{"type":"Polygon","coordinates":[[[76.934667,28.4222029],[76.9345909,28.4222015],[76.934051,28.4221913],[76.9340642,28.4216467],[76.9346802,28.4216583],[76.934667,28.4222029]]]}},{"type":"Feature","properties":{"v":"Hayatpur","m":"14","k":"20/2","t":"Harsaru","vc":"04116","area":405.8,"lat":28.4213737,"lng":76.9340366},"geometry":{"type":"Polygon","coordinates":[[[76.9339957,28.4216454],[76.9340089,28.4211008],[76.9340774,28.4211021],[76.9340642,28.4216467],[76.9339957,28.4216454]]]}},{"type":"Feature","properties":{"v":"Hayatpur","m":"32","k":"1/1","t":"Harsaru","vc":"04116","area":405.9,"lat":28.4202845,"lng":76.9340629},"geometry":{"type":"Polygon","coordinates":[[[76.9340353,28.4200116],[76.9341038,28.4200129],[76.9340906,28.4205575],[76.9340221,28.4205562],[76.9340353,28.4200116]]]}},{"type":"Feature","properties":{"v":"Hayatpur","m":"32","k":"10/1/2/2","t":"Harsaru","vc":"04116","area":608.5,"lat":28.4199048,"lng":76.9343461},"geometry":{"type":"Polygon","coordinates":[[[76.934722,28.4199338],[76.9347213,28.4199641],[76.9341053,28.4199524],[76.9341089,28.4198011],[76.934722,28.4199338]]]}},{"type":"Feature","properties":{"v":"Hayatpur","m":"32","k":"10/1/2","t":"Harsaru","vc":"04116","area":405.5,"lat":28.4199885,"lng":76.9344126},"geometry":{"type":"Polygon","coordinates":[[[76.9341038,28.4200129],[76.9341053,28.4199524],[76.9347213,28.4199641],[76.9347198,28.4200246],[76.9341038,28.4200129]]]}},{"type":"Feature","properties":{"v":"Hayatpur","m":"32","k":"10/2","t":"Harsaru","vc":"04116","area":405.8,"lat":28.41974,"lng":76.9340761},"geometry":{"type":"Polygon","coordinates":[[[76.9340353,28.4200116],[76.9340485,28.419467],[76.934117,28.4194683],[76.9341089,28.4198011],[76.9341053,28.4199524],[76.9341038,28.4200129],[76.9340353,28.4200116]]]}},{"type":"Feature","properties":{"v":"Hayatpur","m":"32","k":"2/1","t":"Harsaru","vc":"04116","area":95.7,"lat":28.4200558,"lng":76.9353068},"geometry":{"type":"Polygon","coordinates":[[[76.9354042,28.4200375],[76.9354028,28.420098],[76.9351133,28.420032],[76.9354042,28.4200375]]]}},{"type":"Feature","properties":{"v":"Hayatpur","m":"32","k":"9/1/2","t":"Harsaru","vc":"04116","area":208.3,"lat":28.4199998,"lng":76.9348819},"geometry":{"type":"Polygon","coordinates":[[[76.9347198,28.4200246],[76.9347213,28.4199641],[76.9349608,28.4199686],[76.9351133,28.420032],[76.9347198,28.4200246]]]}},{"type":"Feature","properties":{"v":"Hayatpur","m":"32","k":"9/1/1","t":"Harsaru","vc":"04116","area":242.1,"lat":28.4200016,"lng":76.9352184},"geometry":{"type":"Polygon","coordinates":[[[76.9354057,28.419977],[76.9354042,28.4200375],[76.9351133,28.420032],[76.9349608,28.4199686],[76.9354057,28.419977]]]}},{"type":"Feature","properties":{"v":"Hayatpur","m":"32","k":"3/1/2","t":"Harsaru","vc":"04116","area":42.2,"lat":28.4202333,"lng":76.9360158},"geometry":{"type":"Polygon","coordinates":[[[76.9360845,28.4202245],[76.9360836,28.4202623],[76.9358793,28.420213],[76.9360845,28.4202245]]]}},{"type":"Feature","properties":{"v":"Hayatpur","m":"32","k":"3/2/2","t":"Harsaru","vc":"04116","area":971.6,"lat":28.4201154,"lng":76.935799},"geometry":{"type":"Polygon","coordinates":[[[76.9354042,28.4200375],[76.9360887,28.4200505],[76.9360845,28.4202245],[76.9358793,28.420213],[76.9354028,28.420098],[76.9354042,28.4200375]]]}},{"type":"Feature","properties":{"v":"Hayatpur","m":"32","k":"3/2/1","t":"Harsaru","vc":"04116","area":276.0,"lat":28.4201716,"lng":76.9355608},"geometry":{"type":"Polygon","coordinates":[[[76.9354028,28.420098],[76.9358793,28.420213],[76.9354002,28.4202039],[76.9354028,28.420098]]]}},{"type":"Feature","properties":{"v":"Hayatpur","m":"32","k":"4/2/3","t":"Harsaru","vc":"04116","area":1212.4,"lat":28.4202237,"lng":76.9366045},"geometry":{"type":"Polygon","coordinates":[[[76.9367731,28.4200634],[76.9367644,28.4204265],[76.9364235,28.4203443],[76.9364305,28.420057],[76.936448,28.4200573],[76.9367731,28.4200634]]]}},{"type":"Feature","properties":{"v":"Hayatpur","m":"32","k":"4/2/2","t":"Harsaru","vc":"04116","area":195.7,"lat":28.4201965,"lng":76.9363953},"geometry":{"type":"Polygon","coordinates":[[[76.9364305,28.420057],[76.9364235,28.4203443],[76.9363597,28.4203289],[76.9363663,28.4200557],[76.9364305,28.420057]]]}},{"type":"Feature","properties":{"v":"Hayatpur","m":"32","k":"4/2/1","t":"Harsaru","vc":"04116","area":732.3,"lat":28.4201751,"lng":76.9362304},"geometry":{"type":"Polygon","coordinates":[[[76.9363597,28.4203289],[76.9360836,28.4202623],[76.9360845,28.4202245],[76.9360887,28.4200505],[76.9363663,28.4200557],[76.9363597,28.4203289]]]}},{"type":"Feature","properties":{"v":"Hayatpur","m":"32","k":"5/2","t":"Harsaru","vc":"04116","area":1366.8,"lat":28.4204891,"lng":76.9368974},"geometry":{"type":"Polygon","coordinates":[[[76.9374444,28.420621],[76.93676,28.420608],[76.9367644,28.4204265],[76.9372443,28.4205387],[76.9374576,28.4200764],[76.9374444,28.420621]]]}},{"type":"Feature","properties":{"v":"Hayatpur","m":"32","k":"14/1/1","t":"Harsaru","vc":"04116","area":769.0,"lat":28.4194109,"lng":76.9362839},"geometry":{"type":"Polygon","coordinates":[[[76.9364612,28.4195127],[76.9361019,28.4195059],[76.9361066,28.4193092],[76.936466,28.419316],[76.9364612,28.4195127]]]}},{"type":"Feature","properties":{"v":"Hayatpur","m":"32","k":"14/1/2","t":"Harsaru","vc":"04116","area":695.5,"lat":28.4194174,"lng":76.9366261},"geometry":{"type":"Polygon","coordinates":[[[76.9367863,28.4195188],[76.9364612,28.4195127],[76.936466,28.419316],[76.9367911,28.4193222],[76.9367863,28.4195188]]]}},{"type":"Feature","properties":{"v":"Hayatpur","m":"32","k":"7/2","t":"Harsaru","vc":"04116","area":2128.7,"lat":28.4197816,"lng":76.9362749},"geometry":{"type":"Polygon","coordinates":[[[76.9364612,28.4195127],[76.936448,28.4200573],[76.9364305,28.420057],[76.9363663,28.4200557],[76.9360887,28.4200505],[76.9361019,28.4195059],[76.9364612,28.4195127]]]}},{"type":"Feature","properties":{"v":"Hayatpur","m":"32","k":"11/2/1","t":"Harsaru","vc":"04116","area":1959.5,"lat":28.4192785,"lng":76.9346394},"geometry":{"type":"Polygon","coordinates":[[[76.934733,28.41948],[76.934117,28.4194683],[76.9341212,28.4192943],[76.9345404,28.4193023],[76.9345494,28.4189317],[76.9347462,28.4189354],[76.934733,28.41948]]]}},{"type":"Feature","properties":{"v":"Hayatpur","m":"32","k":"11/1","t":"Harsaru","vc":"04116","area":405.8,"lat":28.4191953,"lng":76.9340893},"geometry":{"type":"Polygon","coordinates":[[[76.9340617,28.4189224],[76.9341302,28.4189237],[76.9341212,28.4192943],[76.934117,28.4194683],[76.9340485,28.419467],[76.9340617,28.4189224]]]}},{"type":"Feature","properties":{"v":"Hayatpur","m":"32","k":"20/1/1","t":"Harsaru","vc":"04116","area":1621.9,"lat":28.4188086,"lng":76.9344411},"geometry":{"type":"Polygon","coordinates":[[[76.934748,28.4188598],[76.9347462,28.4189354],[76.9345494,28.4189317],[76.9341302,28.4189237],[76.934136,28.4186817],[76.934752,28.4186934],[76.934748,28.4188598]]]}},{"type":"Feature","properties":{"v":"Hayatpur","m":"32","k":"20/2","t":"Harsaru","vc":"04116","area":405.7,"lat":28.4186507,"lng":76.9341025},"geometry":{"type":"Polygon","coordinates":[[[76.9340749,28.4183778],[76.9341434,28.4183791],[76.934136,28.4186817],[76.9341302,28.4189237],[76.9340617,28.4189224],[76.9340749,28.4183778]]]}},{"type":"Feature","properties":{"v":"Hayatpur","m":"34","k":"","t":"Harsaru","vc":"04116","area":51.5,"lat":28.4196062,"lng":76.9299112},"geometry":{"type":"Polygon","coordinates":[[[76.9299374,28.4195707],[76.9299344,28.4196954],[76.9298619,28.4195525],[76.9299374,28.4195707]]]}},{"type":"Feature","properties":{"v":"Hayatpur","m":"37","k":"13/1","t":"Harsaru","vc":"04116","area":3168.1,"lat":28.416373,"lng":76.9289131},"geometry":{"type":"Polygon","coordinates":[[[76.9286391,28.4166402],[76.9286523,28.4160956],[76.929187,28.4161058],[76.9291738,28.4166504],[76.9286391,28.4166402]]]}},{"type":"Feature","properties":{"v":"Hayatpur","m":"37","k":"25","t":"Harsaru","vc":"04116","area":4055.1,"lat":28.4153112,"lng":76.9303832},"geometry":{"type":"Polygon","coordinates":[[[76.9300344,28.415577],[76.9300476,28.4150324],[76.930732,28.4150454],[76.9307188,28.41559],[76.9300344,28.415577]]]}},{"type":"Feature","properties":{"v":"Hayatpur","m":"37","k":"24","t":"Harsaru","vc":"04116","area":4055.1,"lat":28.4152982,"lng":76.9296988},"geometry":{"type":"Polygon","coordinates":[[[76.9300344,28.415577],[76.92935,28.415564],[76.9293588,28.415201],[76.9293632,28.4150194],[76.9300476,28.4150324],[76.9300344,28.415577]]]}},{"type":"Feature","properties":{"v":"Hayatpur","m":"37","k":"23/1","t":"Harsaru","vc":"04116","area":2703.1,"lat":28.415376,"lng":76.9290122},"geometry":{"type":"Polygon","coordinates":[[[76.9293588,28.415201],[76.92935,28.415564],[76.9286655,28.415551],[76.9286744,28.415188],[76.9293588,28.415201]]]}},{"type":"Feature","properties":{"v":"Hayatpur","m":"37","k":"22","t":"Harsaru","vc":"04116","area":4055.1,"lat":28.4152723,"lng":76.9283299},"geometry":{"type":"Polygon","coordinates":[[[76.9280131,28.4149938],[76.9286788,28.4150065],[76.9286744,28.415188],[76.9286655,28.415551],[76.9279811,28.4155381],[76.9279941,28.4150057],[76.9279944,28.4149935],[76.9280131,28.4149938]]]}},{"type":"Feature","properties":{"v":"Hayatpur","m":"37","k":"21","t":"Harsaru","vc":"04116","area":2309.5,"lat":28.4153486,"lng":76.9277296},"geometry":{"type":"Polygon","coordinates":[[[76.9279941,28.4150057],[76.9279811,28.4155381],[76.9276731,28.4155322],[76.927502,28.415529],[76.9272967,28.4155251],[76.9272985,28.4154494],[76.9276764,28.4152018],[76.9278651,28.4150782],[76.9279944,28.4149935],[76.9279941,28.4150057]]]}},{"type":"Feature","properties":{"v":"Hayatpur","m":"37","k":"20/3","t":"Harsaru","vc":"04116","area":957.4,"lat":28.4157877,"lng":76.9275813},"geometry":{"type":"Polygon","coordinates":[[[76.9276731,28.4155322],[76.9276606,28.4160465],[76.9274895,28.4160433],[76.927502,28.415529],[76.9276731,28.4155322]]]}},{"type":"Feature","properties":{"v":"Hayatpur","m":"37","k":"19/2","t":"Harsaru","vc":"04116","area":4004.2,"lat":28.4158156,"lng":76.9283125},"geometry":{"type":"Polygon","coordinates":[[[76.9279811,28.4155381],[76.9286655,28.415551],[76.9286352,28.4160953],[76.9279679,28.4160826],[76.9279811,28.4155381]]]}},{"type":"Feature","properties":{"v":"Hayatpur","m":"37","k":"18","t":"Harsaru","vc":"04116","area":4055.6,"lat":28.4158298,"lng":76.9290011},"geometry":{"type":"Polygon","coordinates":[[[76.9293367,28.4161086],[76.929187,28.4161058],[76.9286523,28.4160956],[76.9286655,28.415551],[76.92935,28.415564],[76.9293367,28.4161086]]]}},{"type":"Feature","properties":{"v":"Hayatpur","m":"37","k":"17","t":"Harsaru","vc":"04116","area":4055.4,"lat":28.4158428,"lng":76.9296856},"geometry":{"type":"Polygon","coordinates":[[[76.9300212,28.4161216],[76.929679,28.4161151],[76.9293367,28.4161086],[76.92935,28.415564],[76.9300344,28.415577],[76.9300212,28.4161216]]]}},{"type":"Feature","properties":{"v":"Hayatpur","m":"37","k":"16","t":"Harsaru","vc":"04116","area":4055.1,"lat":28.4158558,"lng":76.93037},"geometry":{"type":"Polygon","coordinates":[[[76.9300212,28.4161216],[76.9300344,28.415577],[76.9307188,28.41559],[76.9307144,28.4157715],[76.9307056,28.4161346],[76.9300212,28.4161216]]]}},{"type":"Feature","properties":{"v":"Hayatpur","m":"37","k":"15","t":"Harsaru","vc":"04116","area":4055.1,"lat":28.4164004,"lng":76.9303568},"geometry":{"type":"Polygon","coordinates":[[[76.9300212,28.4161216],[76.9307056,28.4161346],[76.9306924,28.4166792],[76.930008,28.4166662],[76.9300212,28.4161216]]]}},{"type":"Feature","properties":{"v":"Hayatpur","m":"37","k":"14/3","t":"Harsaru","vc":"04116","area":1799.8,"lat":28.416365,"lng":76.929856},"geometry":{"type":"Polygon","coordinates":[[[76.9300212,28.4161216],[76.930008,28.4166662],[76.9298197,28.4166626],[76.929823,28.4165265],[76.929669,28.4165236],[76.929679,28.4161151],[76.9300212,28.4161216]]]}},{"type":"Feature","properties":{"v":"Hayatpur","m":"37","k":"12","t":"Harsaru","vc":"04116","area":4055.0,"lat":28.4163614,"lng":76.9283035},"geometry":{"type":"Polygon","coordinates":[[[76.9279547,28.4166272],[76.9279679,28.4160826],[76.9286352,28.4160953],[76.9286523,28.4160956],[76.9286391,28.4166402],[76.9279547,28.4166272]]]}},{"type":"Feature","properties":{"v":"Hayatpur","m":"37","k":"11","t":"Harsaru","vc":"04116","area":4055.2,"lat":28.4163484,"lng":76.9276191},"geometry":{"type":"Polygon","coordinates":[[[76.9279679,28.4160826],[76.9279547,28.4166272],[76.9272702,28.4166142],[76.9272835,28.4160696],[76.9276599,28.4160768],[76.9279679,28.4160826]]]}},{"type":"Feature","properties":{"v":"Hayatpur","m":"37","k":"10","t":"Harsaru","vc":"04116","area":4055.2,"lat":28.416893,"lng":76.9276058},"geometry":{"type":"Polygon","coordinates":[[[76.9279414,28.4171718],[76.927257,28.4171588],[76.9272666,28.4167655],[76.9272702,28.4166142],[76.9279547,28.4166272],[76.9279414,28.4171718]]]}},{"type":"Feature","properties":{"v":"Hayatpur","m":"37","k":"9","t":"Harsaru","vc":"04116","area":4055.2,"lat":28.416906,"lng":76.9282903},"geometry":{"type":"Polygon","coordinates":[[[76.9279414,28.4171718],[76.9279547,28.4166272],[76.9286391,28.4166402],[76.9286306,28.4169882],[76.9286259,28.4171848],[76.9279414,28.4171718]]]}},{"type":"Feature","properties":{"v":"Hayatpur","m":"37","k":"8/2","t":"Harsaru","vc":"04116","area":2591.1,"lat":28.4168207,"lng":76.9289771},"geometry":{"type":"Polygon","coordinates":[[[76.9286306,28.4169882],[76.9286391,28.4166402],[76.9291738,28.4166504],[76.9293235,28.4166532],[76.9293154,28.416986],[76.9293151,28.4170012],[76.9286306,28.4169882]]]}},{"type":"Feature","properties":{"v":"Hayatpur","m":"37","k":"7/1","t":"Harsaru","vc":"04116","area":2027.9,"lat":28.4169352,"lng":76.9298302},"geometry":{"type":"Polygon","coordinates":[[[76.9299947,28.4172108],[76.9296525,28.4172043],[76.9296657,28.4166597],[76.9298197,28.4166626],[76.930008,28.4166662],[76.9299947,28.4172108]]]}},{"type":"Feature","properties":{"v":"Hayatpur","m":"37","k":"6","t":"Harsaru","vc":"04116","area":4055.4,"lat":28.416945,"lng":76.9303436},"geometry":{"type":"Polygon","coordinates":[[[76.9299947,28.4172108],[76.930008,28.4166662],[76.9306924,28.4166792],[76.9306792,28.4172238],[76.9299947,28.4172108]]]}},{"type":"Feature","properties":{"v":"Hayatpur","m":"37","k":"5","t":"Harsaru","vc":"04116","area":4055.4,"lat":28.4174896,"lng":76.9303303},"geometry":{"type":"Polygon","coordinates":[[[76.9299947,28.4172108],[76.9306792,28.4172238],[76.9306659,28.4177684],[76.9299815,28.4177554],[76.9299947,28.4172108]]]}},{"type":"Feature","properties":{"v":"Hayatpur","m":"37","k":"4/1","t":"Harsaru","vc":"04116","area":1824.9,"lat":28.4174731,"lng":76.9294577},"geometry":{"type":"Polygon","coordinates":[[[76.9296183,28.4172037],[76.9296051,28.4177483],[76.9292971,28.4177424],[76.9293103,28.4171978],[76.9296183,28.4172037]]]}},{"type":"Feature","properties":{"v":"Hayatpur","m":"37","k":"3","t":"Harsaru","vc":"04116","area":4055.4,"lat":28.4174636,"lng":76.9289615},"geometry":{"type":"Polygon","coordinates":[[[76.9293103,28.4171978],[76.9292971,28.4177424],[76.9286126,28.4177294],[76.9286259,28.4171848],[76.9293103,28.4171978]]]}},{"type":"Feature","properties":{"v":"Hayatpur","m":"37","k":"2","t":"Harsaru","vc":"04116","area":4055.4,"lat":28.4174506,"lng":76.928277},"geometry":{"type":"Polygon","coordinates":[[[76.9286259,28.4171848],[76.9286126,28.4177294],[76.9279282,28.4177164],[76.9279414,28.4171718],[76.9286259,28.4171848]]]}},{"type":"Feature","properties":{"v":"Hayatpur","m":"37","k":"1","t":"Harsaru","vc":"04116","area":4055.1,"lat":28.4174376,"lng":76.9275926},"geometry":{"type":"Polygon","coordinates":[[[76.9279414,28.4171718],[76.9279282,28.4177164],[76.9272438,28.4177034],[76.927257,28.4171588],[76.9279414,28.4171718]]]}},{"type":"Feature","properties":{"v":"Hayatpur","m":"36","k":"6/2","t":"Harsaru","vc":"04116","area":1126.7,"lat":28.4166834,"lng":76.9269262},"geometry":{"type":"Polygon","coordinates":[[[76.9265858,28.4166012],[76.9272702,28.4166142],[76.9272666,28.4167655],[76.9265821,28.4167525],[76.9265858,28.4166012]]]}},{"type":"Feature","properties":{"v":"Hayatpur","m":"36","k":"16","t":"Harsaru","vc":"04116","area":3777.3,"lat":28.4158605,"lng":76.9269061},"geometry":{"type":"Polygon","coordinates":[[[76.9272967,28.4155251],[76.9272842,28.4160394],[76.9272835,28.4160696],[76.926599,28.4160566],[76.9262848,28.4160507],[76.9261936,28.4160489],[76.9261884,28.4160488],[76.9261635,28.416028],[76.9261947,28.4160129],[76.9262673,28.4159775],[76.9265153,28.4158569],[76.9266312,28.4158005],[76.9269034,28.415668],[76.9270272,28.4156078],[76.9272985,28.4154494],[76.9272967,28.4155251]]]}},{"type":"Feature","properties":{"v":"Hayatpur","m":"36","k":"15","t":"Harsaru","vc":"04116","area":4055.4,"lat":28.4163354,"lng":76.9269346},"geometry":{"type":"Polygon","coordinates":[[[76.9265858,28.4166012],[76.926599,28.4160566],[76.9272835,28.4160696],[76.9272702,28.4166142],[76.9265858,28.4166012]]]}},{"type":"Feature","properties":{"v":"Hayatpur","m":"36","k":"14","t":"Harsaru","vc":"04116","area":1875.2,"lat":28.4162988,"lng":76.9264301},"geometry":{"type":"Polygon","coordinates":[[[76.9261936,28.4160489],[76.9262848,28.4160507],[76.926599,28.4160566],[76.9265858,28.4166012],[76.9263634,28.416597],[76.9262048,28.4161002],[76.9261892,28.4160514],[76.9261884,28.4160488],[76.9261936,28.4160489]]]}},{"type":"Feature","properties":{"v":"Hayatpur","m":"36","k":"7","t":"Harsaru","vc":"04116","area":1216.9,"lat":28.4168963,"lng":76.9264678},"geometry":{"type":"Polygon","coordinates":[[[76.9265858,28.4166012],[76.9265821,28.4167525],[76.9265726,28.4171458],[76.926333,28.4171413],[76.9263093,28.4171099],[76.9262821,28.4170738],[76.9262532,28.4170356],[76.9263768,28.4169488],[76.9264174,28.4169203],[76.9264596,28.4168907],[76.9263634,28.416597],[76.9265858,28.4166012]]]}},{"type":"Feature","properties":{"v":"Hayatpur","m":"36","k":"6/1","t":"Harsaru","vc":"04116","area":2928.7,"lat":28.4169556,"lng":76.9269196},"geometry":{"type":"Polygon","coordinates":[[[76.9265726,28.4171458],[76.9265821,28.4167525],[76.9272666,28.4167655],[76.927257,28.4171588],[76.9265726,28.4171458]]]}},{"type":"Feature","properties":{"v":"Hayatpur","m":"36","k":"5","t":"Harsaru","vc":"04116","area":4055.4,"lat":28.4174246,"lng":76.9269082},"geometry":{"type":"Polygon","coordinates":[[[76.9265726,28.4171458],[76.927257,28.4171588],[76.9272438,28.4177034],[76.9265593,28.4176904],[76.9265726,28.4171458]]]}},{"type":"Feature","properties":{"v":"Hayatpur","m":"36","k":"4","t":"Harsaru","vc":"04116","area":861.7,"lat":28.4173578,"lng":76.9264845},"geometry":{"type":"Polygon","coordinates":[[[76.9265726,28.4171458],[76.9265593,28.4176904],[76.926508,28.4176894],[76.926333,28.4171413],[76.9265726,28.4171458]]]}},{"type":"Feature","properties":{"v":"Hayatpur","m":"38","k":"15/2/1","t":"Harsaru","vc":"04116","area":506.7,"lat":28.4164684,"lng":76.9339414},"geometry":{"type":"Polygon","coordinates":[[[76.9338921,28.4167399],[76.9338928,28.4167096],[76.9338939,28.4166642],[76.9339053,28.4161953],[76.9339908,28.4161969],[76.9339776,28.4167415],[76.9338921,28.4167399]]]}},{"type":"Feature","properties":{"v":"Hayatpur","m":"38","k":"26","t":"Harsaru","vc":"04116","area":332.8,"lat":28.417243,"lng":76.9319622},"geometry":{"type":"Polygon","coordinates":[[[76.9321282,28.4172156],[76.932048,28.4172497],[76.9318632,28.4173593],[76.931808,28.4173015],[76.9318514,28.417246],[76.932051,28.4171287],[76.9321282,28.4172156]]]}},{"type":"Feature","properties":{"v":"Hayatpur","m":"38","k":"13/1","t":"Harsaru","vc":"04116","area":3852.5,"lat":28.4164391,"lng":76.932393},"geometry":{"type":"Polygon","coordinates":[[[76.9320745,28.4161606],[76.9327247,28.4161729],[76.9327114,28.4167175],[76.9320612,28.4167052],[76.9320745,28.4161606]]]}},{"type":"Feature","properties":{"v":"Hayatpur","m":"38","k":"25/1","t":"Harsaru","vc":"04116","area":3244.0,"lat":28.4153748,"lng":76.9337369},"geometry":{"type":"Polygon","coordinates":[[[76.9340172,28.4151077],[76.934004,28.4156523],[76.9334565,28.4156419],[76.9334697,28.4150973],[76.9340172,28.4151077]]]}},{"type":"Feature","properties":{"v":"Hayatpur","m":"38","k":"24","t":"Harsaru","vc":"04116","area":3852.5,"lat":28.4153635,"lng":76.933138},"geometry":{"type":"Polygon","coordinates":[[[76.9328063,28.4156296],[76.9328195,28.415085],[76.9334697,28.4150973],[76.9334565,28.4156419],[76.9328063,28.4156296]]]}},{"type":"Feature","properties":{"v":"Hayatpur","m":"38","k":"23","t":"Harsaru","vc":"04116","area":3829.5,"lat":28.415335,"lng":76.9324369},"geometry":{"type":"Polygon","coordinates":[[[76.9327728,28.4155987],[76.9320884,28.4155857],[76.9321009,28.4150714],[76.9327853,28.4150844],[76.9327728,28.4155987]]]}},{"type":"Feature","properties":{"v":"Hayatpur","m":"38","k":"22","t":"Harsaru","vc":"04116","area":3829.8,"lat":28.415322,"lng":76.9317524},"geometry":{"type":"Polygon","coordinates":[[[76.9320884,28.4155857],[76.931404,28.4155727],[76.9314164,28.4150584],[76.9321009,28.4150714],[76.9320884,28.4155857]]]}},{"type":"Feature","properties":{"v":"Hayatpur","m":"38","k":"21","t":"Harsaru","vc":"04116","area":4055.3,"lat":28.4153242,"lng":76.9310676},"geometry":{"type":"Polygon","coordinates":[[[76.931404,28.4155727],[76.9314032,28.415603],[76.9307188,28.41559],[76.930732,28.4150454],[76.9314164,28.4150584],[76.931404,28.4155727]]]}},{"type":"Feature","properties":{"v":"Hayatpur","m":"38","k":"20/1","t":"Harsaru","vc":"04116","area":2703.6,"lat":28.4159596,"lng":76.9310522},"geometry":{"type":"Polygon","coordinates":[[[76.93139,28.4161476],[76.9307056,28.4161346],[76.9307144,28.4157715],[76.9313988,28.4157845],[76.93139,28.4161476]]]}},{"type":"Feature","properties":{"v":"Hayatpur","m":"38","k":"19","t":"Harsaru","vc":"04116","area":4055.7,"lat":28.4158818,"lng":76.9317388},"geometry":{"type":"Polygon","coordinates":[[[76.93139,28.4161476],[76.9313988,28.4157845],[76.9314032,28.415603],[76.9320877,28.415616],[76.9320745,28.4161606],[76.93139,28.4161476]]]}},{"type":"Feature","properties":{"v":"Hayatpur","m":"38","k":"18","t":"Harsaru","vc":"04116","area":4055.3,"lat":28.4158948,"lng":76.9324233},"geometry":{"type":"Polygon","coordinates":[[[76.9320745,28.4161606],[76.9320877,28.415616],[76.9327721,28.4156289],[76.9327589,28.4161735],[76.9327247,28.4161729],[76.9320745,28.4161606]]]}},{"type":"Feature","properties":{"v":"Hayatpur","m":"38","k":"17","t":"Harsaru","vc":"04116","area":4055.0,"lat":28.4159077,"lng":76.9331077},"geometry":{"type":"Polygon","coordinates":[[[76.9327589,28.4161735],[76.9327721,28.4156289],[76.9328063,28.4156296],[76.9334565,28.4156419],[76.9334433,28.4161865],[76.9331524,28.416181],[76.933084,28.4161797],[76.9327589,28.4161735]]]}},{"type":"Feature","properties":{"v":"Hayatpur","m":"38","k":"16/2","t":"Harsaru","vc":"04116","area":3244.0,"lat":28.4159194,"lng":76.9337237},"geometry":{"type":"Polygon","coordinates":[[[76.9334433,28.4161865],[76.9334565,28.4156419],[76.934004,28.4156523],[76.9339908,28.4161969],[76.9339053,28.4161953],[76.9334433,28.4161865]]]}},{"type":"Feature","properties":{"v":"Hayatpur","m":"38","k":"15/1/1","t":"Harsaru","vc":"04116","area":2559.7,"lat":28.4164457,"lng":76.9336661},"geometry":{"type":"Polygon","coordinates":[[[76.9334308,28.4167008],[76.9334433,28.4161865],[76.9339053,28.4161953],[76.9338939,28.4166642],[76.9338426,28.4166632],[76.9338415,28.4167086],[76.9334308,28.4167008]]]}},{"type":"Feature","properties":{"v":"Hayatpur","m":"38","k":"14/1","t":"Harsaru","vc":"04116","area":225.3,"lat":28.4167095,"lng":76.9330884},"geometry":{"type":"Polygon","coordinates":[[[76.9327457,28.4167181],[76.9327464,28.4166879],[76.9330715,28.416694],[76.93314,28.4166953],[76.9334308,28.4167008],[76.9334301,28.4167311],[76.9327457,28.4167181]]]}},{"type":"Feature","properties":{"v":"Hayatpur","m":"38","k":"12","t":"Harsaru","vc":"04116","area":4055.4,"lat":28.4164264,"lng":76.9317256},"geometry":{"type":"Polygon","coordinates":[[[76.9320612,28.4167052],[76.9313768,28.4166922],[76.93139,28.4161476],[76.9320745,28.4161606],[76.9320612,28.4167052]]]}},{"type":"Feature","properties":{"v":"Hayatpur","m":"38","k":"11","t":"Harsaru","vc":"04116","area":4055.1,"lat":28.4164134,"lng":76.9310412},"geometry":{"type":"Polygon","coordinates":[[[76.9313768,28.4166922],[76.9306924,28.4166792],[76.9307056,28.4161346],[76.93139,28.4161476],[76.9313768,28.4166922]]]}},{"type":"Feature","properties":{"v":"Hayatpur","m":"38","k":"10","t":"Harsaru","vc":"04116","area":4055.1,"lat":28.416958,"lng":76.931028},"geometry":{"type":"Polygon","coordinates":[[[76.9313636,28.4172368],[76.9306792,28.4172238],[76.9306924,28.4166792],[76.9313768,28.4166922],[76.9313636,28.4172368]]]}},{"type":"Feature","properties":{"v":"Hayatpur","m":"38","k":"9","t":"Harsaru","vc":"04116","area":3925.5,"lat":28.4169632,"lng":76.9317035},"geometry":{"type":"Polygon","coordinates":[[[76.9313636,28.4172368],[76.9313768,28.4166922],[76.9320612,28.4167052],[76.932051,28.4171287],[76.9318514,28.417246],[76.9313636,28.4172368]]]}},{"type":"Feature","properties":{"v":"Hayatpur","m":"38","k":"8","t":"Harsaru","vc":"04116","area":4002.7,"lat":28.4169811,"lng":76.9324011},"geometry":{"type":"Polygon","coordinates":[[[76.9327325,28.4172627],[76.932048,28.4172497],[76.9321282,28.4172156],[76.932051,28.4171287],[76.9320612,28.4167052],[76.9327114,28.4167175],[76.9327457,28.4167181],[76.9327325,28.4172627]]]}},{"type":"Feature","properties":{"v":"Hayatpur","m":"38","k":"7","t":"Harsaru","vc":"04116","area":4055.1,"lat":28.4169969,"lng":76.9330813},"geometry":{"type":"Polygon","coordinates":[[[76.9334169,28.4172757],[76.9327325,28.4172627],[76.9327457,28.4167181],[76.9334301,28.4167311],[76.9334169,28.4172757]]]}},{"type":"Feature","properties":{"v":"Hayatpur","m":"38","k":"6/2","t":"Harsaru","vc":"04116","area":3243.9,"lat":28.4170086,"lng":76.9336972},"geometry":{"type":"Polygon","coordinates":[[[76.9334301,28.4167311],[76.9338921,28.4167399],[76.9339776,28.4167415],[76.9339644,28.4172861],[76.9334169,28.4172757],[76.9334301,28.4167311]]]}},{"type":"Feature","properties":{"v":"Hayatpur","m":"38","k":"5/1","t":"Harsaru","vc":"04116","area":3345.8,"lat":28.4175534,"lng":76.9336926},"geometry":{"type":"Polygon","coordinates":[[[76.9334169,28.4172757],[76.9339644,28.4172861],[76.9339816,28.4172864],[76.9339684,28.417831],[76.9334037,28.4178203],[76.9334169,28.4172757]]]}},{"type":"Feature","properties":{"v":"Hayatpur","m":"38","k":"4","t":"Harsaru","vc":"04116","area":4055.1,"lat":28.4175415,"lng":76.9330681},"geometry":{"type":"Polygon","coordinates":[[[76.9327325,28.4172627],[76.9334169,28.4172757],[76.9334037,28.4178203],[76.9327193,28.4178073],[76.9327325,28.4172627]]]}},{"type":"Feature","properties":{"v":"Hayatpur","m":"38","k":"3","t":"Harsaru","vc":"04116","area":4055.7,"lat":28.4175285,"lng":76.9323837},"geometry":{"type":"Polygon","coordinates":[[[76.932048,28.4172497],[76.9327325,28.4172627],[76.9327193,28.4178073],[76.9320348,28.4177943],[76.932048,28.4172497]]]}},{"type":"Feature","properties":{"v":"Hayatpur","m":"38","k":"2","t":"Harsaru","vc":"04116","area":3903.9,"lat":28.4175243,"lng":76.9316912},"geometry":{"type":"Polygon","coordinates":[[[76.9313636,28.4172368],[76.9318514,28.417246],[76.931808,28.4173015],[76.9318632,28.4173593],[76.932048,28.4172497],[76.9320348,28.4177943],[76.9313504,28.4177814],[76.9313636,28.4172368]]]}},{"type":"Feature","properties":{"v":"Hayatpur","m":"38","k":"1","t":"Harsaru","vc":"04116","area":4055.3,"lat":28.4175026,"lng":76.9310148},"geometry":{"type":"Polygon","coordinates":[[[76.9313504,28.4177814],[76.930687,28.4177688],[76.9306659,28.4177684],[76.9306792,28.4172238],[76.9313636,28.4172368],[76.9313504,28.4177814]]]}},{"type":"Feature","properties":{"v":"Hayatpur","m":"54","k":"32","t":"Harsaru","vc":"04116","area":84.5,"lat":28.4151895,"lng":76.9366309},"geometry":{"type":"Polygon","coordinates":[[[76.9367192,28.4152194],[76.9365652,28.4152165],[76.9365667,28.415156],[76.9366694,28.4151579],[76.9367192,28.4152194]]]}},{"type":"Feature","properties":{"v":"Hayatpur","m":"0","k":"84","t":"Harsaru","vc":"04116","area":45.0,"lat":28.4151793,"lng":76.9367316},"geometry":{"type":"Polygon","coordinates":[[[76.9366694,28.4151579],[76.9368062,28.4151605],[76.9367192,28.4152194],[76.9366694,28.4151579]]]}},{"type":"Feature","properties":{"v":"Hayatpur","m":"54","k":"21/1/1","t":"Harsaru","vc":"04116","area":304.6,"lat":28.4153831,"lng":76.9341732},"geometry":{"type":"Polygon","coordinates":[[[76.9341541,28.4151103],[76.9342055,28.4151113],[76.9341923,28.4156559],[76.9341409,28.4156549],[76.9341541,28.4151103]]]}},{"type":"Feature","properties":{"v":"Hayatpur","m":"0","k":"139","t":"Harsaru","vc":"04116","area":114.2,"lat":28.4171681,"lng":76.9366769},"geometry":{"type":"Polygon","coordinates":[[[76.9365151,28.417289],[76.9367886,28.4170504],[76.9368094,28.4170826],[76.9365493,28.4172896],[76.9365151,28.417289]]]}},{"type":"Feature","properties":{"v":"Hayatpur","m":"54","k":"26","t":"Harsaru","vc":"04116","area":169.4,"lat":28.4171939,"lng":76.9367104},"geometry":{"type":"Polygon","coordinates":[[[76.9365493,28.4172896],[76.9368094,28.4170826],[76.9368391,28.4171372],[76.9366177,28.4172909],[76.9365493,28.4172896]]]}},{"type":"Feature","properties":{"v":"Hayatpur","m":"0","k":"138","t":"Harsaru","vc":"04116","area":110.2,"lat":28.4169331,"lng":76.934983},"geometry":{"type":"Polygon","coordinates":[[[76.9348457,28.416949],[76.9348466,28.416912],[76.9350519,28.4169159],[76.9351203,28.4169172],[76.9351194,28.4169542],[76.9348457,28.416949]]]}},{"type":"Feature","properties":{"v":"Hayatpur","m":"0","k":"139","t":"Harsaru","vc":"04116","area":383.0,"lat":28.415515,"lng":76.9375423},"geometry":{"type":"Polygon","coordinates":[[[76.9375212,28.4153254],[76.9375231,28.4152497],[76.9375249,28.4151741],[76.9375762,28.4151751],[76.9375724,28.4153339],[76.9375686,28.415489],[76.9375641,28.4156743],[76.937563,28.4157197],[76.9373607,28.4158178],[76.9373071,28.415841],[76.9372864,28.4158169],[76.9375117,28.4157187],[76.9375201,28.4153708],[76.9375212,28.4153254]]]}},{"type":"Feature","properties":{"v":"Hayatpur","m":"54","k":"30","t":"Harsaru","vc":"04116","area":401.7,"lat":28.4152934,"lng":76.9362549},"geometry":{"type":"Polygon","coordinates":[[[76.9362074,28.4151492],[76.9362846,28.4152112],[76.936384,28.4154368],[76.9363401,28.4154963],[76.9362037,28.4153005],[76.9360876,28.4151469],[76.9362074,28.4151492]]]}},{"type":"Feature","properties":{"v":"Hayatpur","m":"54","k":"31","t":"Harsaru","vc":"04116","area":210.6,"lat":28.415182,"lng":76.9364052},"geometry":{"type":"Polygon","coordinates":[[[76.9365652,28.4152165],[76.9362846,28.4152112],[76.9362074,28.4151492],[76.9365667,28.415156],[76.9365652,28.4152165]]]}},{"type":"Feature","properties":{"v":"Hayatpur","m":"0","k":"78","t":"Harsaru","vc":"04116","area":26682.9,"lat":28.41636,"lng":76.9364958},"geometry":{"type":"Polygon","coordinates":[[[76.935529,28.4163017],[76.9357709,28.4162064],[76.9358612,28.4161856],[76.9358797,28.4161533],[76.9360839,28.4159548],[76.9361561,28.4158812],[76.9361817,28.4158626],[76.9362537,28.415792],[76.9363591,28.4157058],[76.9364356,28.4156454],[76.9365373,28.4155426],[76.9365599,28.4155198],[76.9366465,28.4154469],[76.9366934,28.4154029],[76.9367403,28.4153587],[76.9368042,28.4152986],[76.9368866,28.4153755],[76.9369818,28.4155101],[76.9371789,28.4156885],[76.9372346,28.4157554],[76.9372864,28.4158169],[76.9373071,28.415841],[76.9373607,28.4158178],[76.9374825,28.4160065],[76.9374896,28.4160425],[76.9373957,28.4161431],[76.937286,28.4162593],[76.937409,28.4163274],[76.9375465,28.4164036],[76.937544,28.4165063],[76.9375425,28.4165668],[76.9375367,28.4168088],[76.9375266,28.4172268],[76.9371423,28.4167282],[76.9370305,28.4168891],[76.9369759,28.4169473],[76.9369152,28.4170119],[76.9368391,28.4171372],[76.9368094,28.4170826],[76.9367886,28.4170504],[76.9364489,28.4167629],[76.936164,28.4169425],[76.9359398,28.4170785],[76.9357716,28.4169199],[76.9357005,28.4168544],[76.9355298,28.4167418],[76.93531,28.4168717],[76.9351194,28.4169542],[76.9351203,28.4169172],[76.9350459,28.4166628],[76.9349917,28.4165034],[76.9350494,28.4164825],[76.9351066,28.4164611],[76.9353832,28.4163577],[76.93544,28.4163365],[76.9354944,28.4163162],[76.935529,28.4163017]]]}},{"type":"Feature","properties":{"v":"Hayatpur","m":"0","k":"88","t":"Harsaru","vc":"04116","area":92.5,"lat":28.4153471,"lng":76.936634},"geometry":{"type":"Polygon","coordinates":[[[76.936658,28.4153699],[76.9366112,28.4154139],[76.9365633,28.4153691],[76.936656,28.4152801],[76.936705,28.4153257],[76.936658,28.4153699]]]}},{"type":"Feature","properties":{"v":"Hayatpur","m":"0","k":"87","t":"Harsaru","vc":"04116","area":33.7,"lat":28.4154084,"lng":76.9366523},"geometry":{"type":"Polygon","coordinates":[[[76.9366934,28.4154029],[76.9366465,28.4154469],[76.9366112,28.4154139],[76.936658,28.4153699],[76.9366934,28.4154029]]]}},{"type":"Feature","properties":{"v":"Hayatpur","m":"0","k":"86","t":"Harsaru","vc":"04116","area":33.8,"lat":28.4153643,"lng":76.9366992},"geometry":{"type":"Polygon","coordinates":[[[76.9367403,28.4153587],[76.9366934,28.4154029],[76.936658,28.4153699],[76.936705,28.4153257],[76.9367403,28.4153587]]]}},{"type":"Feature","properties":{"v":"Hayatpur","m":"0","k":"83","t":"Harsaru","vc":"04116","area":128.5,"lat":28.4152292,"lng":76.9368048},"geometry":{"type":"Polygon","coordinates":[[[76.9368062,28.4151605],[76.93689,28.4152378],[76.9368042,28.4152986],[76.9367192,28.4152194],[76.9368062,28.4151605]]]}},{"type":"Feature","properties":{"v":"Hayatpur","m":"0","k":"82","t":"Harsaru","vc":"04116","area":127.2,"lat":28.4153067,"lng":76.9368887},"geometry":{"type":"Polygon","coordinates":[[[76.9369737,28.415315],[76.9368866,28.4153755],[76.9368042,28.4152986],[76.93689,28.4152378],[76.9369737,28.415315]]]}},{"type":"Feature","properties":{"v":"Hayatpur","m":"0","k":"81","t":"Harsaru","vc":"04116","area":158.2,"lat":28.4154139,"lng":76.9369678},"geometry":{"type":"Polygon","coordinates":[[[76.9368866,28.4153755],[76.9369737,28.415315],[76.93704,28.4154781],[76.9369818,28.4155101],[76.9368866,28.4153755]]]}},{"type":"Feature","properties":{"v":"Hayatpur","m":"0","k":"85","t":"Harsaru","vc":"04116","area":110.1,"lat":28.4152892,"lng":76.93673},"geometry":{"type":"Polygon","coordinates":[[[76.9367192,28.4152194],[76.9368042,28.4152986],[76.9367403,28.4153587],[76.936705,28.4153257],[76.936656,28.4152801],[76.9367192,28.4152194]]]}},{"type":"Feature","properties":{"v":"Hayatpur","m":"0","k":"89","t":"Harsaru","vc":"04116","area":132.5,"lat":28.4154457,"lng":76.9365643},"geometry":{"type":"Polygon","coordinates":[[[76.9365633,28.4153691],[76.9366112,28.4154139],[76.9366465,28.4154469],[76.9365599,28.4155198],[76.9364847,28.4154494],[76.9365633,28.4153691]]]}},{"type":"Feature","properties":{"v":"Hayatpur","m":"0","k":"90","t":"Harsaru","vc":"04116","area":36.7,"lat":28.4154958,"lng":76.9365104},"geometry":{"type":"Polygon","coordinates":[[[76.9365599,28.4155198],[76.9365373,28.4155426],[76.9364604,28.4154718],[76.9364847,28.4154494],[76.9365599,28.4155198]]]}},{"type":"Feature","properties":{"v":"Hayatpur","m":"0","k":"91","t":"Harsaru","vc":"04116","area":163.3,"lat":28.4155585,"lng":76.9364484},"geometry":{"type":"Polygon","coordinates":[[[76.9365373,28.4155426],[76.9364356,28.4156454],[76.9363598,28.4155744],[76.9364604,28.4154718],[76.9365373,28.4155426]]]}},{"type":"Feature","properties":{"v":"Hayatpur","m":"0","k":"92","t":"Harsaru","vc":"04116","area":100.1,"lat":28.415642,"lng":76.9363635},"geometry":{"type":"Polygon","coordinates":[[[76.9364356,28.4156454],[76.9363591,28.4157058],[76.9362955,28.4156463],[76.9363598,28.4155744],[76.9364356,28.4156454]]]}},{"type":"Feature","properties":{"v":"Hayatpur","m":"0","k":"93","t":"Harsaru","vc":"04116","area":126.1,"lat":28.4157184,"lng":76.9362755},"geometry":{"type":"Polygon","coordinates":[[[76.9363591,28.4157058],[76.9362537,28.415792],[76.9361934,28.4157286],[76.9362955,28.4156463],[76.9363591,28.4157058]]]}},{"type":"Feature","properties":{"v":"Hayatpur","m":"0","k":"94","t":"Harsaru","vc":"04116","area":89.8,"lat":28.4157946,"lng":76.9361904},"geometry":{"type":"Polygon","coordinates":[[[76.9362537,28.415792],[76.9361817,28.4158626],[76.9361303,28.4157932],[76.9361934,28.4157286],[76.9362537,28.415792]]]}},{"type":"Feature","properties":{"v":"Hayatpur","m":"0","k":"95","t":"Harsaru","vc":"04116","area":29.4,"lat":28.4158375,"lng":76.9361435},"geometry":{"type":"Polygon","coordinates":[[[76.9361817,28.4158626],[76.9361561,28.4158812],[76.9361057,28.4158132],[76.9361303,28.4157932],[76.9361817,28.4158626]]]}},{"type":"Feature","properties":{"v":"Hayatpur","m":"0","k":"96","t":"Harsaru","vc":"04116","area":88.8,"lat":28.4158846,"lng":76.9360969},"geometry":{"type":"Polygon","coordinates":[[[76.9361057,28.4158132],[76.9361561,28.4158812],[76.9360839,28.4159548],[76.9360393,28.4158911],[76.9361057,28.4158132]]]}},{"type":"Feature","properties":{"v":"Hayatpur","m":"0","k":"97","t":"Harsaru","vc":"04116","area":241.7,"lat":28.4160479,"lng":76.9359446},"geometry":{"type":"Polygon","coordinates":[[[76.9358579,28.4161042],[76.9360393,28.4158911],[76.9360839,28.4159548],[76.9358797,28.4161533],[76.9358612,28.4161856],[76.9357709,28.4162064],[76.9358579,28.4161042]]]}},{"type":"Feature","properties":{"v":"Hayatpur","m":"0","k":"137","t":"Harsaru","vc":"04116","area":267.5,"lat":28.4161745,"lng":76.9352549},"geometry":{"type":"Polygon","coordinates":[[[76.9355319,28.4161807],[76.9355308,28.416226],[76.935529,28.4163017],[76.9354944,28.4163162],[76.9354966,28.4162254],[76.9354977,28.41618],[76.9350015,28.4161706],[76.9348646,28.416168],[76.9348653,28.4161378],[76.9351904,28.4161439],[76.9354129,28.4161481],[76.9354984,28.4161498],[76.9355326,28.4161504],[76.9355319,28.4161807]]]}},{"type":"Feature","properties":{"v":"Hayatpur","m":"0","k":"99","t":"Harsaru","vc":"04116","area":30.5,"lat":28.4164514,"lng":76.9350668},"geometry":{"type":"Polygon","coordinates":[[[76.9351066,28.4164611],[76.9350494,28.4164825],[76.9350271,28.4164416],[76.9350839,28.4164204],[76.9351066,28.4164611]]]}},{"type":"Feature","properties":{"v":"Hayatpur","m":"0","k":"98","t":"Harsaru","vc":"04116","area":30.3,"lat":28.4163271,"lng":76.9353994},"geometry":{"type":"Polygon","coordinates":[[[76.93544,28.4163365],[76.9353832,28.4163577],[76.9353589,28.4163177],[76.9354156,28.4162965],[76.93544,28.4163365]]]}},{"type":"Feature","properties":{"v":"Hayatpur","m":"54","k":"6/5","t":"Harsaru","vc":"04116","area":396.6,"lat":28.4172426,"lng":76.9368455},"geometry":{"type":"Polygon","coordinates":[[[76.9368402,28.4172951],[76.9366177,28.4172909],[76.9368391,28.4171372],[76.9370797,28.4172996],[76.9368402,28.4172951]]]}},{"type":"Feature","properties":{"v":"Hayatpur","m":"54","k":"6/4","t":"Harsaru","vc":"04116","area":554.3,"lat":28.4171815,"lng":76.9370316},"geometry":{"type":"Polygon","coordinates":[[[76.9370797,28.4172996],[76.9368391,28.4171372],[76.9369152,28.4170119],[76.9370304,28.4171014],[76.9371461,28.4171912],[76.937285,28.4173035],[76.9370797,28.4172996]]]}},{"type":"Feature","properties":{"v":"Hayatpur","m":"54","k":"6/3/1","t":"Harsaru","vc":"04116","area":127.7,"lat":28.4171165,"lng":76.9371152},"geometry":{"type":"Polygon","coordinates":[[[76.9371461,28.4171912],[76.9370304,28.4171014],[76.9370875,28.4170408],[76.9371995,28.4171345],[76.9371461,28.4171912]]]}},{"type":"Feature","properties":{"v":"Hayatpur","m":"54","k":"6/2","t":"Harsaru","vc":"04116","area":447.8,"lat":28.417216,"lng":76.9373116},"geometry":{"type":"Polygon","coordinates":[[[76.937285,28.4173035],[76.9371461,28.4171912],[76.9371995,28.4171345],[76.9372542,28.4170764],[76.9375246,28.4173081],[76.937285,28.4173035]]]}},{"type":"Feature","properties":{"v":"Hayatpur","m":"54","k":"27","t":"Harsaru","vc":"04116","area":453.3,"lat":28.4170966,"lng":76.9347224},"geometry":{"type":"Polygon","coordinates":[[[76.9348542,28.4173029],[76.9347858,28.4173016],[76.9345618,28.4168965],[76.934632,28.4168533],[76.9347896,28.4171452],[76.9348394,28.4172062],[76.9348818,28.417258],[76.9348884,28.4173036],[76.9348542,28.4173029]]]}},{"type":"Feature","properties":{"v":"Hayatpur","m":"54","k":"29","t":"Harsaru","vc":"04116","area":76.9,"lat":28.4157017,"lng":76.9372428},"geometry":{"type":"Polygon","coordinates":[[[76.9371789,28.4156885],[76.9372516,28.415648],[76.9373064,28.4157148],[76.9372346,28.4157554],[76.9371789,28.4156885]]]}},{"type":"Feature","properties":{"v":"Hayatpur","m":"54","k":"25/3","t":"Harsaru","vc":"04116","area":554.6,"lat":28.4153726,"lng":76.9372107},"geometry":{"type":"Polygon","coordinates":[[[76.9375212,28.4153254],[76.9375201,28.4153708],[76.9372089,28.4154231],[76.93704,28.4154781],[76.9369737,28.415315],[76.9375212,28.4153254]]]}},{"type":"Feature","properties":{"v":"Hayatpur","m":"54","k":"25/2","t":"Harsaru","vc":"04116","area":507.9,"lat":28.4155499,"lng":76.9371616},"geometry":{"type":"Polygon","coordinates":[[[76.93704,28.4154781],[76.9372089,28.4154231],[76.9373092,28.4155893],[76.9372516,28.415648],[76.9371789,28.4156885],[76.9369818,28.4155101],[76.93704,28.4154781]]]}},{"type":"Feature","properties":{"v":"Hayatpur","m":"54","k":"8/3","t":"Harsaru","vc":"04116","area":504.7,"lat":28.4168622,"lng":76.9355049},"geometry":{"type":"Polygon","coordinates":[[[76.93531,28.4168717],[76.9355298,28.4167418],[76.9357005,28.4168544],[76.9354783,28.4169818],[76.93531,28.4168717]]]}},{"type":"Feature","properties":{"v":"Hayatpur","m":"54","k":"8/2","t":"Harsaru","vc":"04116","area":272.3,"lat":28.4169571,"lng":76.9356106},"geometry":{"type":"Polygon","coordinates":[[[76.9354783,28.4169818],[76.9357005,28.4168544],[76.9357716,28.4169199],[76.9354761,28.4170725],[76.9354783,28.4169818]]]}},{"type":"Feature","properties":{"v":"Hayatpur","m":"54","k":"12/1","t":"Harsaru","vc":"04116","area":602.1,"lat":28.4167448,"lng":76.9349245},"geometry":{"type":"Polygon","coordinates":[[[76.9349156,28.416502],[76.9349726,28.4166606],[76.9350519,28.4169159],[76.9348466,28.416912],[76.9348503,28.416758],[76.9348565,28.4165008],[76.9349156,28.416502]]]}},{"type":"Feature","properties":{"v":"Hayatpur","m":"54","k":"12/2","t":"Harsaru","vc":"04116","area":492.7,"lat":28.4163354,"lng":76.9349286},"geometry":{"type":"Polygon","coordinates":[[[76.9348635,28.4162134],[76.9348646,28.416168],[76.9350015,28.4161706],[76.9349917,28.4165034],[76.9349156,28.416502],[76.9348565,28.4165008],[76.9348635,28.4162134]]]}},{"type":"Feature","properties":{"v":"Hayatpur","m":"54","k":"18/3","t":"Harsaru","vc":"04116","area":579.4,"lat":28.4161485,"lng":76.9356342},"geometry":{"type":"Polygon","coordinates":[[[76.9355319,28.4161807],[76.9355326,28.4161504],[76.9354984,28.4161498],[76.935501,28.4160439],[76.9357747,28.4160491],[76.9357722,28.4161549],[76.9357709,28.4162064],[76.935529,28.4163017],[76.9355308,28.416226],[76.9355319,28.4161807]]]}},{"type":"Feature","properties":{"v":"Hayatpur","m":"54","k":"18/4","t":"Harsaru","vc":"04116","area":540.8,"lat":28.4159557,"lng":76.9356401},"geometry":{"type":"Polygon","coordinates":[[[76.9357791,28.4158675],[76.9357747,28.4160491],[76.935501,28.4160439],[76.9355054,28.4158623],[76.9357791,28.4158675]]]}},{"type":"Feature","properties":{"v":"Hayatpur","m":"54","k":"18/5","t":"Harsaru","vc":"04116","area":540.5,"lat":28.4157742,"lng":76.9356445},"geometry":{"type":"Polygon","coordinates":[[[76.9357806,28.415807],[76.9357791,28.4158675],[76.9355054,28.4158623],[76.9355098,28.4156808],[76.9357835,28.415686],[76.9357806,28.415807]]]}},{"type":"Feature","properties":{"v":"Hayatpur","m":"54","k":"18/1","t":"Harsaru","vc":"04116","area":502.4,"lat":28.4157477,"lng":76.9359739},"geometry":{"type":"Polygon","coordinates":[[[76.9361942,28.4156938],[76.9361934,28.4157286],[76.9361303,28.4157932],[76.9361057,28.4158132],[76.9357806,28.415807],[76.9357835,28.415686],[76.9359889,28.4156899],[76.93616,28.4156931],[76.9361942,28.4156938]]]}},{"type":"Feature","properties":{"v":"Hayatpur","m":"54","k":"25/4/2","t":"Harsaru","vc":"04116","area":556.3,"lat":28.4152047,"lng":76.9371855},"geometry":{"type":"Polygon","coordinates":[[[76.9368918,28.4151621],[76.9375249,28.4151741],[76.9375231,28.4152497],[76.93689,28.4152378],[76.9368062,28.4151605],[76.9368918,28.4151621]]]}},{"type":"Feature","properties":{"v":"Hayatpur","m":"54","k":"8/1","t":"Harsaru","vc":"04116","area":2041.2,"lat":28.4171352,"lng":76.9358223},"geometry":{"type":"Polygon","coordinates":[[[76.9361557,28.4172822],[76.9354713,28.4172692],[76.9354761,28.4170725],[76.9357716,28.4169199],[76.9359398,28.4170785],[76.936164,28.4169425],[76.9361557,28.4172822]]]}},{"type":"Feature","properties":{"v":"Hayatpur","m":"54","k":"7","t":"Harsaru","vc":"04116","area":2412.0,"lat":28.4170587,"lng":76.936424},"geometry":{"type":"Polygon","coordinates":[[[76.9361557,28.4172822],[76.936164,28.4169425],[76.9364489,28.4167629],[76.9367886,28.4170504],[76.9365151,28.417289],[76.9361557,28.4172822]]]}},{"type":"Feature","properties":{"v":"Hayatpur","m":"54","k":"6/1","t":"Harsaru","vc":"04116","area":855.7,"lat":28.4169973,"lng":76.9372661},"geometry":{"type":"Polygon","coordinates":[[[76.9375246,28.4173081],[76.9372542,28.4170764],[76.9371424,28.4169827],[76.9370305,28.4168891],[76.9371423,28.4167282],[76.9375266,28.4172268],[76.9375246,28.4173081]]]}},{"type":"Feature","properties":{"v":"Hayatpur","m":"54","k":"25/1","t":"Harsaru","vc":"04116","area":1027.1,"lat":28.4155772,"lng":76.9373862},"geometry":{"type":"Polygon","coordinates":[[[76.9375201,28.4153708],[76.9375117,28.4157187],[76.9372864,28.4158169],[76.9372346,28.4157554],[76.9373064,28.4157148],[76.9372516,28.415648],[76.9373092,28.4155893],[76.9372089,28.4154231],[76.9375201,28.4153708]]]}},{"type":"Feature","properties":{"v":"Hayatpur","m":"54","k":"24","t":"Harsaru","vc":"04116","area":1194.2,"lat":28.4154018,"lng":76.9363912},"geometry":{"type":"Polygon","coordinates":[[[76.9361942,28.4156938],[76.9362037,28.4153005],[76.9363401,28.4154963],[76.936384,28.4154368],[76.9362846,28.4152112],[76.9365652,28.4152165],[76.9367192,28.4152194],[76.936656,28.4152801],[76.9365633,28.4153691],[76.9364847,28.4154494],[76.9364604,28.4154718],[76.9363598,28.4155744],[76.9362955,28.4156463],[76.9361934,28.4157286],[76.9361942,28.4156938]]]}},{"type":"Feature","properties":{"v":"Hayatpur","m":"54","k":"23/1","t":"Harsaru","vc":"04116","area":2838.7,"lat":28.4154131,"lng":76.935756},"geometry":{"type":"Polygon","coordinates":[[[76.9355098,28.4156808],[76.9355142,28.4154993],[76.935523,28.4151362],[76.9360021,28.4151453],[76.9359889,28.4156899],[76.9357835,28.415686],[76.9355098,28.4156808]]]}},{"type":"Feature","properties":{"v":"Hayatpur","m":"54","k":"22/2","t":"Harsaru","vc":"04116","area":2501.0,"lat":28.4153118,"lng":76.9352021},"geometry":{"type":"Polygon","coordinates":[[[76.9348811,28.4154873],[76.9348899,28.4151242],[76.935523,28.4151362],[76.9355142,28.4154993],[76.9348811,28.4154873]]]}},{"type":"Feature","properties":{"v":"Hayatpur","m":"54","k":"21/2","t":"Harsaru","vc":"04116","area":2838.1,"lat":28.415391,"lng":76.9345924},"geometry":{"type":"Polygon","coordinates":[[[76.9348254,28.4156678],[76.9343463,28.4156588],[76.9343595,28.4151142],[76.9348385,28.4151233],[76.9348254,28.4156678]]]}},{"type":"Feature","properties":{"v":"Hayatpur","m":"54","k":"20/2","t":"Harsaru","vc":"04116","area":3750.8,"lat":28.4159341,"lng":76.9345023},"geometry":{"type":"Polygon","coordinates":[[[76.9348122,28.4162124],[76.9341791,28.4162004],[76.9341923,28.4156559],[76.9343463,28.4156588],[76.9348254,28.4156678],[76.9348122,28.4162124]]]}},{"type":"Feature","properties":{"v":"Hayatpur","m":"54","k":"19/2","t":"Harsaru","vc":"04116","area":2754.4,"lat":28.4158854,"lng":76.9351674},"geometry":{"type":"Polygon","coordinates":[[[76.9355054,28.4158623],[76.935501,28.4160439],[76.9354984,28.4161498],[76.9354129,28.4161481],[76.9354176,28.4159515],[76.9351952,28.4159473],[76.9351904,28.4161439],[76.9348653,28.4161378],[76.9348767,28.4156688],[76.9355098,28.4156808],[76.9355054,28.4158623]]]}},{"type":"Feature","properties":{"v":"Hayatpur","m":"54","k":"18/2","t":"Harsaru","vc":"04116","area":706.2,"lat":28.4159422,"lng":76.9358857},"geometry":{"type":"Polygon","coordinates":[[[76.9357791,28.4158675],[76.9357806,28.415807],[76.9361057,28.4158132],[76.9360393,28.4158911],[76.9358579,28.4161042],[76.9357709,28.4162064],[76.9357722,28.4161549],[76.9357747,28.4160491],[76.9357791,28.4158675]]]}},{"type":"Feature","properties":{"v":"Hayatpur","m":"54","k":"28","t":"Harsaru","vc":"04116","area":357.3,"lat":28.415857,"lng":76.9374843},"geometry":{"type":"Polygon","coordinates":[[[76.9373607,28.4158178],[76.937563,28.4157197],[76.9375579,28.4159315],[76.9374825,28.4160065],[76.9373607,28.4158178]]]}},{"type":"Feature","properties":{"v":"Hayatpur","m":"54","k":"12/3","t":"Harsaru","vc":"04116","area":1208.0,"lat":28.4162944,"lng":76.9352103},"geometry":{"type":"Polygon","coordinates":[[[76.9354966,28.4162254],[76.9354944,28.4163162],[76.93544,28.4163365],[76.9354156,28.4162965],[76.9353589,28.4163177],[76.9353832,28.4163577],[76.9351066,28.4164611],[76.9350839,28.4164204],[76.9350271,28.4164416],[76.9350494,28.4164825],[76.9349917,28.4165034],[76.9350015,28.4161706],[76.9354977,28.41618],[76.9354966,28.4162254]]]}},{"type":"Feature","properties":{"v":"Hayatpur","m":"54","k":"11/2","t":"Harsaru","vc":"04116","area":3751.1,"lat":28.4164787,"lng":76.934489},"geometry":{"type":"Polygon","coordinates":[[[76.9348122,28.4162124],[76.934799,28.416757],[76.9341659,28.416745],[76.9341791,28.4162004],[76.9348122,28.4162124]]]}},{"type":"Feature","properties":{"v":"Hayatpur","m":"54","k":"10/1","t":"Harsaru","vc":"04116","area":3353.4,"lat":28.4170192,"lng":76.9344583},"geometry":{"type":"Polygon","coordinates":[[[76.9347858,28.4173016],[76.9341698,28.41729],[76.9341659,28.416745],[76.934799,28.416757],[76.9347896,28.4171452],[76.934632,28.4168533],[76.9345618,28.4168965],[76.9347858,28.4173016]]]}},{"type":"Feature","properties":{"v":"Hayatpur","m":"54","k":"9","t":"Harsaru","vc":"04116","area":2259.6,"lat":28.4170964,"lng":76.9351686},"geometry":{"type":"Polygon","coordinates":[[[76.9354713,28.4172692],[76.9348818,28.417258],[76.9348394,28.4172062],[76.9348457,28.416949],[76.9351194,28.4169542],[76.93531,28.4168717],[76.9354783,28.4169818],[76.9354761,28.4170725],[76.9354713,28.4172692]]]}},{"type":"Feature","properties":{"v":"Hayatpur","m":"54","k":"5/1","t":"Harsaru","vc":"04116","area":101.3,"lat":28.4176129,"lng":76.936841},"geometry":{"type":"Polygon","coordinates":[[[76.9368562,28.4173408],[76.936843,28.4178854],[76.9368259,28.4178851],[76.9368391,28.4173405],[76.9368562,28.4173408]]]}},{"type":"Feature","properties":{"v":"Hayatpur","m":"54","k":"4/1","t":"Harsaru","vc":"04116","area":2027.8,"lat":28.4176031,"lng":76.9363191},"geometry":{"type":"Polygon","coordinates":[[[76.9364968,28.417334],[76.9364837,28.4178786],[76.9361414,28.4178721],[76.9361546,28.4173275],[76.9364968,28.417334]]]}},{"type":"Feature","properties":{"v":"Hayatpur","m":"54","k":"3/4","t":"Harsaru","vc":"04116","area":2534.3,"lat":28.4175958,"lng":76.9359342},"geometry":{"type":"Polygon","coordinates":[[[76.9357269,28.4173194],[76.9361546,28.4173275],[76.9361414,28.4178721],[76.9360217,28.4178699],[76.9357137,28.417864],[76.9357269,28.4173194]]]}},{"type":"Feature","properties":{"v":"Hayatpur","m":"54","k":"2","t":"Harsaru","vc":"04116","area":4004.2,"lat":28.4175836,"lng":76.935125},"geometry":{"type":"Polygon","coordinates":[[[76.9354702,28.4173146],[76.935457,28.4178592],[76.9347726,28.4178462],[76.9347847,28.417347],[76.9348873,28.4173489],[76.9348884,28.4173036],[76.9354702,28.4173146]]]}},{"type":"Feature","properties":{"v":"Hayatpur","m":"54","k":"1/2","t":"Harsaru","vc":"04116","area":3345.5,"lat":28.4175908,"lng":76.9344706},"geometry":{"type":"Polygon","coordinates":[[[76.9347726,28.4178462],[76.9341566,28.4178345],[76.9341687,28.4173353],[76.9347847,28.417347],[76.9347726,28.4178462]]]}},{"type":"Feature","properties":{"v":"Hayatpur","m":"53","k":"10/2/1","t":"Harsaru","vc":"04116","area":729.4,"lat":28.4140811,"lng":76.9345471},"geometry":{"type":"Polygon","coordinates":[[[76.9348649,28.4140341],[76.9348624,28.41414],[76.9342293,28.414128],[76.9342319,28.4140221],[76.9348649,28.4140341]]]}},{"type":"Feature","properties":{"v":"Hayatpur","m":"53","k":"14/2","t":"Harsaru","vc":"04116","area":1672.8,"lat":28.4138007,"lng":76.9367835},"geometry":{"type":"Polygon","coordinates":[[[76.9366273,28.4140674],[76.9366576,28.4135232],[76.9368886,28.4135275],[76.9369314,28.4135284],[76.9369182,28.4140729],[76.9366957,28.4140687],[76.9366273,28.4140674]]]}},{"type":"Feature","properties":{"v":"Hayatpur","m":"53","k":"24/2","t":"Harsaru","vc":"04116","area":788.6,"lat":28.4124857,"lng":76.9366142},"geometry":{"type":"Polygon","coordinates":[[[76.9362708,28.4125321],[76.9362733,28.4124262],[76.9369577,28.4124392],[76.9369552,28.4125451],[76.9362708,28.4125321]]]}},{"type":"Feature","properties":{"v":"Hayatpur","m":"0","k":"136","t":"Harsaru","vc":"04116","area":2835.2,"lat":28.4155359,"lng":76.9348542},"geometry":{"type":"Polygon","coordinates":[[[76.9348254,28.4156678],[76.9348385,28.4151233],[76.9343595,28.4151142],[76.9342055,28.4151113],[76.9341541,28.4151103],[76.9341552,28.4150649],[76.9342066,28.4150659],[76.9348396,28.4150779],[76.9355241,28.4150908],[76.9362085,28.4151038],[76.9362427,28.4151044],[76.9366876,28.4151129],[76.9368929,28.4151167],[76.9375773,28.4151297],[76.9375762,28.4151751],[76.9375249,28.4151741],[76.9368918,28.4151621],[76.9368062,28.4151605],[76.9366694,28.4151579],[76.9365667,28.415156],[76.9362074,28.4151492],[76.9360876,28.4151469],[76.9360021,28.4151453],[76.935523,28.4151362],[76.9348899,28.4151242],[76.9348811,28.4154873],[76.9348767,28.4156688],[76.9348653,28.4161378],[76.9348646,28.416168],[76.9348635,28.4162134],[76.9348565,28.4165008],[76.9348503,28.416758],[76.9348466,28.416912],[76.9348457,28.416949],[76.9348394,28.4172062],[76.9347896,28.4171452],[76.934799,28.416757],[76.9348122,28.4162124],[76.9348254,28.4156678]]]}},{"type":"Feature","properties":{"v":"Hayatpur","m":"53","k":"4/2","t":"Harsaru","vc":"04116","area":506.9,"lat":28.4150013,"lng":76.936793},"geometry":{"type":"Polygon","coordinates":[[[76.9366876,28.4151129],[76.9366931,28.4148859],[76.9368984,28.4148898],[76.9368929,28.4151167],[76.9366876,28.4151129]]]}},{"type":"Feature","properties":{"v":"Hayatpur","m":"53","k":"13","t":"Harsaru","vc":"04116","area":4055.5,"lat":28.4137812,"lng":76.9358981},"geometry":{"type":"Polygon","coordinates":[[[76.9362338,28.41406],[76.9355493,28.414047],[76.9355625,28.4135024],[76.9362469,28.4135154],[76.9362338,28.41406]]]}},{"type":"Feature","properties":{"v":"Hayatpur","m":"53","k":"25","t":"Harsaru","vc":"04116","area":4038.0,"lat":28.412719,"lng":76.9372919},"geometry":{"type":"Polygon","coordinates":[[[76.9369552,28.4125451],[76.9369577,28.4124392],[76.9376011,28.4124514],[76.9376403,28.4125278],[76.9376289,28.4129967],[76.9369445,28.4129838],[76.9369552,28.4125451]]]}},{"type":"Feature","properties":{"v":"Hayatpur","m":"53","k":"24/1","t":"Harsaru","vc":"04116","area":3266.5,"lat":28.4127579,"lng":76.9366076},"geometry":{"type":"Polygon","coordinates":[[[76.9362601,28.4129708],[76.9362708,28.4125321],[76.9369552,28.4125451],[76.9369445,28.4129838],[76.9369103,28.4129831],[76.9362601,28.4129708]]]}},{"type":"Feature","properties":{"v":"Hayatpur","m":"53","k":"23/1","t":"Harsaru","vc":"04116","area":3953.8,"lat":28.4126919,"lng":76.935916},"geometry":{"type":"Polygon","coordinates":[[[76.9362562,28.4124259],[76.936243,28.4129705],[76.9355757,28.4129579],[76.9355838,28.4126251],[76.9355889,28.4124133],[76.9362562,28.4124259]]]}},{"type":"Feature","properties":{"v":"Hayatpur","m":"53","k":"22/1","t":"Harsaru","vc":"04116","area":2478.1,"lat":28.412785,"lng":76.9352376},"geometry":{"type":"Polygon","coordinates":[[[76.9355757,28.4129579],[76.9348913,28.4129449],[76.9348994,28.4126121],[76.9355838,28.4126251],[76.9355757,28.4129579]]]}},{"type":"Feature","properties":{"v":"Hayatpur","m":"53","k":"21/2/1","t":"Harsaru","vc":"04116","area":2435.9,"lat":28.4127701,"lng":76.9345588},"geometry":{"type":"Polygon","coordinates":[[[76.9348913,28.4129449],[76.9342583,28.4129329],[76.9342106,28.4127807],[76.934215,28.4125991],[76.9348994,28.4126121],[76.9348913,28.4129449]]]}},{"type":"Feature","properties":{"v":"Hayatpur","m":"53","k":"20/1/1","t":"Harsaru","vc":"04116","area":3073.4,"lat":28.4132604,"lng":76.9345688},"geometry":{"type":"Polygon","coordinates":[[[76.9342451,28.4134775],[76.9342557,28.4130388],[76.9348891,28.4130357],[76.9348781,28.4134895],[76.9342451,28.4134775]]]}},{"type":"Feature","properties":{"v":"Hayatpur","m":"53","k":"19/1","t":"Harsaru","vc":"04116","area":3323.0,"lat":28.4132728,"lng":76.9352238},"geometry":{"type":"Polygon","coordinates":[[[76.9348891,28.4130357],[76.9355732,28.4130637],[76.9355625,28.4135024],[76.9348781,28.4134895],[76.9348891,28.4130357]]]}},{"type":"Feature","properties":{"v":"Hayatpur","m":"53","k":"18","t":"Harsaru","vc":"04116","area":4054.6,"lat":28.4132366,"lng":76.9359113},"geometry":{"type":"Polygon","coordinates":[[[76.9362601,28.4129708],[76.9362469,28.4135154],[76.9355625,28.4135024],[76.9355732,28.4130637],[76.9355757,28.4129579],[76.936243,28.4129705],[76.9362601,28.4129708]]]}},{"type":"Feature","properties":{"v":"Hayatpur","m":"53","k":"17/1","t":"Harsaru","vc":"04116","area":3827.4,"lat":28.4132486,"lng":76.9365765},"geometry":{"type":"Polygon","coordinates":[[[76.9362469,28.4135154],[76.9362601,28.4129708],[76.9369103,28.4129831],[76.9368886,28.4135275],[76.9366576,28.4135232],[76.9362469,28.4135154]]]}},{"type":"Feature","properties":{"v":"Hayatpur","m":"53","k":"16","t":"Harsaru","vc":"04116","area":4055.0,"lat":28.4132625,"lng":76.9372801},"geometry":{"type":"Polygon","coordinates":[[[76.9369314,28.4135284],[76.9369445,28.4129838],[76.9376289,28.4129967],[76.9376183,28.4134354],[76.9376158,28.4135413],[76.9369314,28.4135284]]]}},{"type":"Feature","properties":{"v":"Hayatpur","m":"53","k":"15","t":"Harsaru","vc":"04116","area":4054.8,"lat":28.4138071,"lng":76.937267},"geometry":{"type":"Polygon","coordinates":[[[76.9369182,28.4140729],[76.9369314,28.4135284],[76.9376158,28.4135413],[76.9376125,28.4136775],[76.9376026,28.4140859],[76.9369182,28.4140729]]]}},{"type":"Feature","properties":{"v":"Hayatpur","m":"53","k":"14/1","t":"Harsaru","vc":"04116","area":2382.3,"lat":28.4137896,"lng":76.9364415},"geometry":{"type":"Polygon","coordinates":[[[76.9362338,28.41406],[76.9362469,28.4135154],[76.9366576,28.4135232],[76.9366273,28.4140674],[76.9362338,28.41406]]]}},{"type":"Feature","properties":{"v":"Hayatpur","m":"53","k":"12","t":"Harsaru","vc":"04116","area":4055.4,"lat":28.4137683,"lng":76.9352137},"geometry":{"type":"Polygon","coordinates":[[[76.9348781,28.4134895],[76.9355625,28.4135024],[76.9355493,28.414047],[76.935498,28.4140461],[76.9348649,28.4140341],[76.9348781,28.4134895]]]}},{"type":"Feature","properties":{"v":"Hayatpur","m":"53","k":"11/2","t":"Harsaru","vc":"04116","area":3750.6,"lat":28.4137558,"lng":76.934555},"geometry":{"type":"Polygon","coordinates":[[[76.9348649,28.4140341],[76.9342319,28.4140221],[76.9342451,28.4134775],[76.9348781,28.4134895],[76.9348649,28.4140341]]]}},{"type":"Feature","properties":{"v":"Hayatpur","m":"53","k":"10/1/1","t":"Harsaru","vc":"04116","area":1771.5,"lat":28.4144441,"lng":76.9345383},"geometry":{"type":"Polygon","coordinates":[[[76.9348517,28.4145787],[76.9342187,28.4145667],[76.9342249,28.4143095],[76.934858,28.4143215],[76.9348517,28.4145787]]]}},{"type":"Feature","properties":{"v":"Hayatpur","m":"53","k":"9/1","t":"Harsaru","vc":"04116","area":304.3,"lat":28.4143189,"lng":76.9355171},"geometry":{"type":"Polygon","coordinates":[[[76.9355362,28.4145916],[76.9354848,28.4145907],[76.9354969,28.4140914],[76.935498,28.4140461],[76.9355493,28.414047],[76.9355362,28.4145916]]]}},{"type":"Feature","properties":{"v":"Hayatpur","m":"53","k":"8","t":"Harsaru","vc":"04116","area":4055.4,"lat":28.4143258,"lng":76.935885},"geometry":{"type":"Polygon","coordinates":[[[76.9362206,28.4146046],[76.9355362,28.4145916],[76.9355493,28.414047],[76.9362338,28.41406],[76.9362206,28.4146046]]]}},{"type":"Feature","properties":{"v":"Hayatpur","m":"53","k":"7/2","t":"Harsaru","vc":"04116","area":2737.1,"lat":28.4143367,"lng":76.9364582},"geometry":{"type":"Polygon","coordinates":[[[76.9366957,28.4140687],[76.9366826,28.4146133],[76.9362206,28.4146046],[76.9362338,28.41406],[76.9366273,28.4140674],[76.9366957,28.4140687]]]}},{"type":"Feature","properties":{"v":"Hayatpur","m":"53","k":"6/1","t":"Harsaru","vc":"04116","area":2568.6,"lat":28.4144428,"lng":76.9372687},"geometry":{"type":"Polygon","coordinates":[[[76.9369392,28.4146182],[76.936948,28.4142551],[76.9375982,28.4142674],[76.9375894,28.4146305],[76.9369392,28.4146182]]]}},{"type":"Feature","properties":{"v":"Hayatpur","m":"53","k":"5/1","t":"Harsaru","vc":"04116","area":3705.6,"lat":28.4148743,"lng":76.9372421},"geometry":{"type":"Polygon","coordinates":[[[76.9369392,28.4146182],[76.9375894,28.4146305],[76.9375773,28.4151297],[76.9368929,28.4151167],[76.9368984,28.4148898],[76.9369043,28.4146478],[76.9369385,28.4146484],[76.9369392,28.4146182]]]}},{"type":"Feature","properties":{"v":"Hayatpur","m":"53","k":"4/1/2","t":"Harsaru","vc":"04116","area":2810.4,"lat":28.4148535,"lng":76.9365339},"geometry":{"type":"Polygon","coordinates":[[[76.9362541,28.4146355],[76.9369043,28.4146478],[76.9368984,28.4148898],[76.9366931,28.4148859],[76.9366876,28.4151129],[76.9362427,28.4151044],[76.9362541,28.4146355]]]}},{"type":"Feature","properties":{"v":"Hayatpur","m":"53","k":"3","t":"Harsaru","vc":"04116","area":3717.3,"lat":28.4148477,"lng":76.9358723},"geometry":{"type":"Polygon","coordinates":[[[76.9355362,28.4145916],[76.9362206,28.4146046],[76.9362085,28.4151038],[76.9355241,28.4150908],[76.9355341,28.4146748],[76.9355362,28.4145916]]]}},{"type":"Feature","properties":{"v":"Hayatpur","m":"53","k":"2/1","t":"Harsaru","vc":"04116","area":3126.1,"lat":28.4148744,"lng":76.9351859},"geometry":{"type":"Polygon","coordinates":[[[76.9355341,28.4146748],[76.9355241,28.4150908],[76.9348396,28.4150779],[76.9348499,28.4146543],[76.9355341,28.4146748]]]}},{"type":"Feature","properties":{"v":"Hayatpur","m":"53","k":"1/2","t":"Harsaru","vc":"04116","area":3438.0,"lat":28.4148223,"lng":76.9345292},"geometry":{"type":"Polygon","coordinates":[[[76.9348517,28.4145787],[76.9348499,28.4146543],[76.9348396,28.4150779],[76.9342066,28.4150659],[76.9342187,28.4145667],[76.9348517,28.4145787]]]}},{"type":"Feature","properties":{"v":"Hayatpur","m":"0","k":"139","t":"Harsaru","vc":"04116","area":208.0,"lat":28.413999,"lng":76.933813},"geometry":{"type":"Polygon","coordinates":[[[76.9334961,28.4140081],[76.9334968,28.4139779],[76.9340444,28.4139883],[76.9341299,28.4139899],[76.9341292,28.4140201],[76.9340436,28.4140185],[76.9334961,28.4140081]]]}},{"type":"Feature","properties":{"v":"Hayatpur","m":"0","k":"140","t":"Harsaru","vc":"04116","area":208.4,"lat":28.4129098,"lng":76.9338393},"geometry":{"type":"Polygon","coordinates":[[[76.9335233,28.4128887],[76.9340708,28.4128991],[76.9341563,28.4129007],[76.9341556,28.412931],[76.93407,28.4129293],[76.9335225,28.412919],[76.9335233,28.4128887]]]}},{"type":"Feature","properties":{"v":"Hayatpur","m":"39","k":"26","t":"Harsaru","vc":"04116","area":209.1,"lat":28.4148853,"lng":76.9311919},"geometry":{"type":"Polygon","coordinates":[[[76.9312941,28.4149556],[76.9312296,28.4150053],[76.9310896,28.414815],[76.9311541,28.4147653],[76.9312941,28.4149556]]]}},{"type":"Feature","properties":{"v":"Hayatpur","m":"39","k":"27","t":"Harsaru","vc":"04116","area":224.8,"lat":28.4138698,"lng":76.9323179},"geometry":{"type":"Polygon","coordinates":[[[76.9324368,28.4139453],[76.9323651,28.4139867],[76.9321989,28.4137943],[76.9322706,28.4137529],[76.9324368,28.4139453]]]}},{"type":"Feature","properties":{"v":"Hayatpur","m":"39","k":"7/1","t":"Harsaru","vc":"04116","area":563.3,"lat":28.4141068,"lng":76.9333796},"geometry":{"type":"Polygon","coordinates":[[[76.9334961,28.4140081],[76.9334943,28.4140838],[76.9334888,28.4143107],[76.9331539,28.4140017],[76.9334961,28.4140081]]]}},{"type":"Feature","properties":{"v":"Hayatpur","m":"39","k":"14/1","t":"Harsaru","vc":"04116","area":1013.8,"lat":28.4138158,"lng":76.9329302},"geometry":{"type":"Polygon","coordinates":[[[76.9328117,28.4139952],[76.9328249,28.4134506],[76.9331539,28.4140017],[76.9328117,28.4139952]]]}},{"type":"Feature","properties":{"v":"Hayatpur","m":"39","k":"28","t":"Harsaru","vc":"04116","area":270.3,"lat":28.4126801,"lng":76.9332167},"geometry":{"type":"Polygon","coordinates":[[[76.9333481,28.4127369],[76.9332735,28.4127992],[76.9330854,28.4126233],[76.93316,28.4125609],[76.9333481,28.4127369]]]}},{"type":"Feature","properties":{"v":"Hayatpur","m":"39","k":"18/2","t":"Harsaru","vc":"04116","area":1828.8,"lat":28.4132782,"lng":76.9323726},"geometry":{"type":"Polygon","coordinates":[[[76.9321405,28.4134376],[76.9321524,28.4129464],[76.9328249,28.4134506],[76.9321405,28.4134376]]]}},{"type":"Feature","properties":{"v":"Hayatpur","m":"39","k":"22/2","t":"Harsaru","vc":"04116","area":2486.4,"lat":28.4125506,"lng":76.9319044},"geometry":{"type":"Polygon","coordinates":[[[76.9317118,28.4123398],[76.9317658,28.4123408],[76.9321669,28.4123484],[76.9321537,28.412893],[76.9315447,28.4125499],[76.9315086,28.4125295],[76.9314782,28.4125124],[76.9316904,28.4123394],[76.9317118,28.4123398]]]}},{"type":"Feature","properties":{"v":"Hayatpur","m":"39","k":"13","t":"Harsaru","vc":"04116","area":3830.3,"lat":28.4137074,"lng":76.9324854},"geometry":{"type":"Polygon","coordinates":[[[76.9323651,28.4139867],[76.9324368,28.4139453],[76.9322706,28.4137529],[76.9321989,28.4137943],[76.9323651,28.4139867],[76.9321273,28.4139822],[76.9321405,28.4134376],[76.9328249,28.4134506],[76.9328117,28.4139952],[76.9323651,28.4139867]]]}},{"type":"Feature","properties":{"v":"Hayatpur","m":"39","k":"25/1","t":"Harsaru","vc":"04116","area":2489.2,"lat":28.4126556,"lng":76.9337554},"geometry":{"type":"Polygon","coordinates":[[[76.9335233,28.4128887],[76.9335357,28.4123744],[76.9338779,28.4123809],[76.9340708,28.4128991],[76.9335233,28.4128887]]]}},{"type":"Feature","properties":{"v":"Hayatpur","m":"39","k":"24","t":"Harsaru","vc":"04116","area":3785.1,"lat":28.4126402,"lng":76.9331869},"geometry":{"type":"Polygon","coordinates":[[[76.9328381,28.412906],[76.9328513,28.4123614],[76.9335357,28.4123744],[76.9335233,28.4128887],[76.9335225,28.412919],[76.9328381,28.412906]],[[76.9333481,28.4127369],[76.93316,28.4125609],[76.9330854,28.4126233],[76.9332735,28.4127992],[76.9333481,28.4127369]]]}},{"type":"Feature","properties":{"v":"Hayatpur","m":"39","k":"23","t":"Harsaru","vc":"04116","area":4055.2,"lat":28.4126272,"lng":76.9325025},"geometry":{"type":"Polygon","coordinates":[[[76.9321537,28.412893],[76.9321669,28.4123484],[76.9328513,28.4123614],[76.9328381,28.412906],[76.9321537,28.412893]]]}},{"type":"Feature","properties":{"v":"Hayatpur","m":"39","k":"22/1","t":"Harsaru","vc":"04116","area":2106.0,"lat":28.4127595,"lng":76.9315775},"geometry":{"type":"Polygon","coordinates":[[[76.9315086,28.4125295],[76.9315447,28.4125499],[76.9321537,28.412893],[76.9314693,28.41288],[76.9311565,28.4128741],[76.931107,28.4128732],[76.9311006,28.412873],[76.9311143,28.4128599],[76.9314782,28.4125124],[76.9315086,28.4125295]]]}},{"type":"Feature","properties":{"v":"Hayatpur","m":"39","k":"20","t":"Harsaru","vc":"04116","area":3613.4,"lat":28.4131692,"lng":76.9311489},"geometry":{"type":"Polygon","coordinates":[[[76.931107,28.4128732],[76.9311565,28.4128741],[76.9314693,28.41288],[76.9314561,28.4134246],[76.9307717,28.4134116],[76.9307777,28.4131647],[76.9307787,28.4131242],[76.9310183,28.4129372],[76.9311006,28.412873],[76.931107,28.4128732]]]}},{"type":"Feature","properties":{"v":"Hayatpur","m":"39","k":"19","t":"Harsaru","vc":"04116","area":4055.2,"lat":28.4131588,"lng":76.9318049},"geometry":{"type":"Polygon","coordinates":[[[76.9321405,28.4134376],[76.9314561,28.4134246],[76.9314693,28.41288],[76.9321537,28.412893],[76.9321524,28.4129464],[76.9321405,28.4134376]]]}},{"type":"Feature","properties":{"v":"Hayatpur","m":"39","k":"18/1","t":"Harsaru","vc":"04116","area":2226.4,"lat":28.4130844,"lng":76.9325852},"geometry":{"type":"Polygon","coordinates":[[[76.9328381,28.412906],[76.9328249,28.4134506],[76.9321524,28.4129464],[76.9321537,28.412893],[76.9328381,28.412906]]]}},{"type":"Feature","properties":{"v":"Hayatpur","m":"39","k":"17","t":"Harsaru","vc":"04116","area":4055.2,"lat":28.4131848,"lng":76.9331737},"geometry":{"type":"Polygon","coordinates":[[[76.9335225,28.412919],[76.9335093,28.4134636],[76.9328249,28.4134506],[76.9328381,28.412906],[76.9335225,28.412919]]]}},{"type":"Feature","properties":{"v":"Hayatpur","m":"39","k":"16/1","t":"Harsaru","vc":"04116","area":3244.0,"lat":28.4131964,"lng":76.9337896},"geometry":{"type":"Polygon","coordinates":[[[76.9335225,28.412919],[76.93407,28.4129293],[76.9340568,28.4134739],[76.9335093,28.4134636],[76.9335225,28.412919]]]}},{"type":"Feature","properties":{"v":"Hayatpur","m":"39","k":"15/1","t":"Harsaru","vc":"04116","area":3064.1,"lat":28.4137259,"lng":76.9337768},"geometry":{"type":"Polygon","coordinates":[[[76.9334968,28.4139779],[76.9335093,28.4134636],[76.9340568,28.4134739],[76.9340444,28.4139883],[76.9334968,28.4139779]]]}},{"type":"Feature","properties":{"v":"Hayatpur","m":"39","k":"14/2","t":"Harsaru","vc":"04116","area":3041.1,"lat":28.4137006,"lng":76.9332373},"geometry":{"type":"Polygon","coordinates":[[[76.9334968,28.4139779],[76.9334961,28.4140081],[76.9331539,28.4140017],[76.9328249,28.4134506],[76.9335093,28.4134636],[76.9334968,28.4139779]]]}},{"type":"Feature","properties":{"v":"Hayatpur","m":"39","k":"12","t":"Harsaru","vc":"04116","area":4055.2,"lat":28.4137034,"lng":76.9317917},"geometry":{"type":"Polygon","coordinates":[[[76.9314429,28.4139692],[76.9314561,28.4134246],[76.9321405,28.4134376],[76.9321273,28.4139822],[76.9314429,28.4139692]]]}},{"type":"Feature","properties":{"v":"Hayatpur","m":"39","k":"11","t":"Harsaru","vc":"04116","area":4055.2,"lat":28.4136904,"lng":76.9311073},"geometry":{"type":"Polygon","coordinates":[[[76.9314429,28.4139692],[76.9307585,28.4139562],[76.9307717,28.4134116],[76.9314561,28.4134246],[76.9314429,28.4139692]]]}},{"type":"Feature","properties":{"v":"Hayatpur","m":"39","k":"10","t":"Harsaru","vc":"04116","area":4055.5,"lat":28.414235,"lng":76.9310941},"geometry":{"type":"Polygon","coordinates":[[[76.9314429,28.4139692],[76.9314297,28.4145138],[76.9307452,28.4145008],[76.9307585,28.4139562],[76.9314429,28.4139692]]]}},{"type":"Feature","properties":{"v":"Hayatpur","m":"39","k":"9","t":"Harsaru","vc":"04116","area":4055.2,"lat":28.414248,"lng":76.9317785},"geometry":{"type":"Polygon","coordinates":[[[76.9321141,28.4145268],[76.9314297,28.4145138],[76.9314429,28.4139692],[76.9321273,28.4139822],[76.9321141,28.4145268]]]}},{"type":"Feature","properties":{"v":"Hayatpur","m":"39","k":"8","t":"Harsaru","vc":"04116","area":4055.2,"lat":28.414261,"lng":76.9324629},"geometry":{"type":"Polygon","coordinates":[[[76.9327985,28.4145398],[76.9321141,28.4145268],[76.9321273,28.4139822],[76.9323651,28.4139867],[76.9328117,28.4139952],[76.9327985,28.4145398]]]}},{"type":"Feature","properties":{"v":"Hayatpur","m":"39","k":"7/2","t":"Harsaru","vc":"04116","area":3491.8,"lat":28.4143009,"lng":76.9331098},"geometry":{"type":"Polygon","coordinates":[[[76.9334829,28.4145527],[76.9327985,28.4145398],[76.9328117,28.4139952],[76.9331539,28.4140017],[76.9334888,28.4143107],[76.9334829,28.4145527]]]}},{"type":"Feature","properties":{"v":"Hayatpur","m":"39","k":"6/1","t":"Harsaru","vc":"04116","area":2793.1,"lat":28.4143235,"lng":76.9337624},"geometry":{"type":"Polygon","coordinates":[[[76.9340418,28.4140942],[76.9340304,28.4145631],[76.9334829,28.4145527],[76.9334888,28.4143107],[76.9334943,28.4140838],[76.9340418,28.4140942]]]}},{"type":"Feature","properties":{"v":"Hayatpur","m":"39","k":"5/1","t":"Harsaru","vc":"04116","area":3064.1,"lat":28.4148151,"lng":76.9337504},"geometry":{"type":"Polygon","coordinates":[[[76.934018,28.4150774],[76.9334704,28.4150671],[76.9334829,28.4145527],[76.9340304,28.4145631],[76.934018,28.4150774]]]}},{"type":"Feature","properties":{"v":"Hayatpur","m":"39","k":"4","t":"Harsaru","vc":"04116","area":3829.9,"lat":28.4148034,"lng":76.9331345},"geometry":{"type":"Polygon","coordinates":[[[76.9334829,28.4145527],[76.9334704,28.4150671],[76.932786,28.4150541],[76.9327985,28.4145398],[76.9334829,28.4145527]]]}},{"type":"Feature","properties":{"v":"Hayatpur","m":"39","k":"3","t":"Harsaru","vc":"04116","area":4055.0,"lat":28.4148056,"lng":76.9324497},"geometry":{"type":"Polygon","coordinates":[[[76.932786,28.4150541],[76.9327853,28.4150844],[76.9321009,28.4150714],[76.9321141,28.4145268],[76.9327985,28.4145398],[76.932786,28.4150541]]]}},{"type":"Feature","properties":{"v":"Hayatpur","m":"39","k":"2","t":"Harsaru","vc":"04116","area":4055.5,"lat":28.4147926,"lng":76.9317653},"geometry":{"type":"Polygon","coordinates":[[[76.9321141,28.4145268],[76.9321009,28.4150714],[76.9314164,28.4150584],[76.9314297,28.4145138],[76.9321141,28.4145268]]]}},{"type":"Feature","properties":{"v":"Hayatpur","m":"39","k":"1","t":"Harsaru","vc":"04116","area":3846.3,"lat":28.4147796,"lng":76.9310808},"geometry":{"type":"Polygon","coordinates":[[[76.9314297,28.4145138],[76.9314164,28.4150584],[76.930732,28.4150454],[76.9307452,28.4145008],[76.9314297,28.4145138]],[[76.9312941,28.4149556],[76.9311541,28.4147653],[76.9310896,28.414815],[76.9312296,28.4150053],[76.9312941,28.4149556]]]}},{"type":"Feature","properties":{"v":"Hayatpur","m":"40","k":"16/2","t":"Harsaru","vc":"04116","area":194.5,"lat":28.4133516,"lng":76.9305303},"geometry":{"type":"Polygon","coordinates":[[[76.9306035,28.4132863],[76.9306006,28.4134084],[76.9304253,28.4134051],[76.9303858,28.4134043],[76.9306046,28.413242],[76.9306035,28.4132863]]]}},{"type":"Feature","properties":{"v":"Hayatpur","m":"40","k":"16/1","t":"Harsaru","vc":"04116","area":422.5,"lat":28.413294,"lng":76.9306966},"geometry":{"type":"Polygon","coordinates":[[[76.9307777,28.4131647],[76.9307717,28.4134116],[76.9306006,28.4134084],[76.9306035,28.4132863],[76.9306046,28.413242],[76.9307787,28.4131242],[76.9307777,28.4131647]]]}},{"type":"Feature","properties":{"v":"Hayatpur","m":"40","k":"15","t":"Harsaru","vc":"04116","area":4417.6,"lat":28.4137199,"lng":76.9303627},"geometry":{"type":"Polygon","coordinates":[[[76.9304253,28.4134051],[76.9306006,28.4134084],[76.9307717,28.4134116],[76.9307585,28.4139562],[76.9300741,28.4139433],[76.9296557,28.4139353],[76.9299305,28.4137347],[76.9303104,28.4134574],[76.9303858,28.4134043],[76.9304253,28.4134051]]]}},{"type":"Feature","properties":{"v":"Hayatpur","m":"40","k":"8","t":"Harsaru","vc":"04116","area":1043.2,"lat":28.4143527,"lng":76.9291999},"geometry":{"type":"Polygon","coordinates":[[[76.9293764,28.4144749],[76.9288411,28.4144647],[76.9288383,28.4144646],[76.9288852,28.4144349],[76.9293851,28.4141186],[76.9293764,28.4144749]]]}},{"type":"Feature","properties":{"v":"Hayatpur","m":"40","k":"7","t":"Harsaru","vc":"04116","area":3781.8,"lat":28.4142245,"lng":76.9297432},"geometry":{"type":"Polygon","coordinates":[[[76.9293764,28.4144749],[76.9293851,28.4141186],[76.92955,28.4140074],[76.9296557,28.4139353],[76.9300741,28.4139433],[76.9300608,28.4144878],[76.9293764,28.4144749]]]}},{"type":"Feature","properties":{"v":"Hayatpur","m":"40","k":"6","t":"Harsaru","vc":"04116","area":4054.8,"lat":28.414222,"lng":76.9304097},"geometry":{"type":"Polygon","coordinates":[[[76.9300608,28.4144878],[76.9300741,28.4139433],[76.9307585,28.4139562],[76.9307452,28.4145008],[76.9300608,28.4144878]]]}},{"type":"Feature","properties":{"v":"Hayatpur","m":"40","k":"5","t":"Harsaru","vc":"04116","area":4055.2,"lat":28.4147666,"lng":76.9303964},"geometry":{"type":"Polygon","coordinates":[[[76.9300608,28.4144878],[76.9307452,28.4145008],[76.930732,28.4150454],[76.9300476,28.4150324],[76.9300608,28.4144878]]]}},{"type":"Feature","properties":{"v":"Hayatpur","m":"40","k":"4","t":"Harsaru","vc":"04116","area":4054.8,"lat":28.4147536,"lng":76.929712},"geometry":{"type":"Polygon","coordinates":[[[76.9293764,28.4144749],[76.9300608,28.4144878],[76.9300476,28.4150324],[76.9293632,28.4150194],[76.9293764,28.4144749]]]}},{"type":"Feature","properties":{"v":"Hayatpur","m":"40","k":"3","t":"Harsaru","vc":"04116","area":3957.7,"lat":28.4147465,"lng":76.9290347},"geometry":{"type":"Polygon","coordinates":[[[76.9288411,28.4144647],[76.9293764,28.4144749],[76.9293632,28.4150194],[76.9286788,28.4150065],[76.9286891,28.4145829],[76.9287184,28.4145606],[76.9288229,28.414477],[76.9288383,28.4144646],[76.9288411,28.4144647]]]}},{"type":"Feature","properties":{"v":"Hayatpur","m":"40","k":"2","t":"Harsaru","vc":"04116","area":1595.7,"lat":28.4148592,"lng":76.9284543},"geometry":{"type":"Polygon","coordinates":[[[76.9286891,28.4145829],[76.9286788,28.4150065],[76.9280131,28.4149938],[76.9279944,28.4149935],[76.9284717,28.4147081],[76.9287184,28.4145606],[76.9286891,28.4145829]]]}},{"type":"Feature","properties":{"v":"Hayatpur","m":"41","k":"7/1/1/1","t":"Harsaru","vc":"04116","area":30.1,"lat":28.4117761,"lng":76.9335259},"geometry":{"type":"Polygon","coordinates":[[[76.9335489,28.4118298],[76.9334779,28.4117445],[76.9335508,28.4117541],[76.9335489,28.4118298]]]}},{"type":"Feature","properties":{"v":"Hayatpur","m":"41","k":"13/2","t":"Harsaru","vc":"04116","area":1261.0,"lat":28.4109692,"lng":76.932633},"geometry":{"type":"Polygon","coordinates":[[[76.9328093,28.4112709],[76.9322827,28.4107161],[76.9325145,28.4107205],[76.9328821,28.4110907],[76.9328777,28.4112722],[76.9328093,28.4112709]]]}},{"type":"Feature","properties":{"v":"Hayatpur","m":"41","k":"25/1/2","t":"Harsaru","vc":"04116","area":1873.0,"lat":28.40985,"lng":76.9339228},"geometry":{"type":"Polygon","coordinates":[[[76.9341907,28.4100712],[76.9335955,28.4099086],[76.9336006,28.4096968],[76.9341995,28.4097081],[76.9341907,28.4100712]]]}},{"type":"Feature","properties":{"v":"Hayatpur","m":"41","k":"24/1","t":"Harsaru","vc":"04116","area":3402.0,"lat":28.4099561,"lng":76.9332287},"geometry":{"type":"Polygon","coordinates":[[[76.9335885,28.410196],[76.9329041,28.410183],[76.9329162,28.4096838],[76.9333269,28.4096916],[76.9335955,28.4099086],[76.9335885,28.410196]]]}},{"type":"Feature","properties":{"v":"Hayatpur","m":"41","k":"23/2","t":"Harsaru","vc":"04116","area":3581.7,"lat":28.4099193,"lng":76.9325785},"geometry":{"type":"Polygon","coordinates":[[[76.9329041,28.410183],[76.9324251,28.410174],[76.9322227,28.410049],[76.9322319,28.4096709],[76.9329162,28.4096838],[76.9329041,28.410183]]]}},{"type":"Feature","properties":{"v":"Hayatpur","m":"41","k":"22/2","t":"Harsaru","vc":"04116","area":2206.2,"lat":28.409876,"lng":76.9320078},"geometry":{"type":"Polygon","coordinates":[[[76.9322198,28.4101701],[76.9320144,28.4101662],[76.9317045,28.409768],[76.9316433,28.4096597],[76.9322319,28.4096709],[76.9322227,28.410049],[76.9322198,28.4101701]]]}},{"type":"Feature","properties":{"v":"Hayatpur","m":"41","k":"18/1/2","t":"Harsaru","vc":"04116","area":3317.4,"lat":28.4104353,"lng":76.9325412},"geometry":{"type":"Polygon","coordinates":[[[76.9325145,28.4107205],[76.9320144,28.4101662],[76.9322198,28.4101701],[76.9324251,28.410174],[76.9329001,28.4103494],[76.9328946,28.4105764],[76.9328909,28.4107276],[76.9325145,28.4107205]]]}},{"type":"Feature","properties":{"v":"Hayatpur","m":"41","k":"17/2","t":"Harsaru","vc":"04116","area":3154.2,"lat":28.4104018,"lng":76.9332493},"geometry":{"type":"Polygon","coordinates":[[[76.9335885,28.410196],[76.9335775,28.4106498],[76.9328946,28.4105764],[76.9329001,28.4103494],[76.9329041,28.410183],[76.9335885,28.410196]]]}},{"type":"Feature","properties":{"v":"Hayatpur","m":"41","k":"16/2/2","t":"Harsaru","vc":"04116","area":3252.5,"lat":28.4104521,"lng":76.933891},"geometry":{"type":"Polygon","coordinates":[[[76.9335775,28.4106498],[76.9335885,28.410196],[76.9341874,28.4102074],[76.9341742,28.4107519],[76.9335775,28.4106498]]]}},{"type":"Feature","properties":{"v":"Hayatpur","m":"41","k":"15/1","t":"Harsaru","vc":"04116","area":3548.7,"lat":28.4110186,"lng":76.9338681},"geometry":{"type":"Polygon","coordinates":[[[76.9335621,28.4112852],[76.9335753,28.4107406],[76.9341742,28.4107519],[76.934161,28.4112965],[76.9335621,28.4112852]]]}},{"type":"Feature","properties":{"v":"Hayatpur","m":"41","k":"14/2","t":"Harsaru","vc":"04116","area":3886.5,"lat":28.4109974,"lng":76.9332391},"geometry":{"type":"Polygon","coordinates":[[[76.9328909,28.4107276],[76.9335753,28.4107406],[76.9335621,28.4112852],[76.9332199,28.4112787],[76.9330488,28.4112755],[76.9328821,28.4110907],[76.9328909,28.4107276]]]}},{"type":"Feature","properties":{"v":"Hayatpur","m":"41","k":"8/1","t":"Harsaru","vc":"04116","area":2636.0,"lat":28.4115935,"lng":76.9326198},"geometry":{"type":"Polygon","coordinates":[[[76.9328093,28.4112709],[76.9328763,28.4113327],[76.9328645,28.4118168],[76.9322597,28.4118053],[76.9321892,28.411804],[76.9321801,28.4118038],[76.932163,28.4118035],[76.9321792,28.4117868],[76.9322076,28.4117576],[76.9325317,28.4114233],[76.9325586,28.4113956],[76.9326818,28.4112685],[76.9328093,28.4112709]]]}},{"type":"Feature","properties":{"v":"Hayatpur","m":"41","k":"7/2/1","t":"Harsaru","vc":"04116","area":1182.9,"lat":28.4116461,"lng":76.93301},"geometry":{"type":"Polygon","coordinates":[[[76.9332067,28.4118233],[76.9328645,28.4118168],[76.9328763,28.4113327],[76.9332104,28.411672],[76.9332067,28.4118233]]]}},{"type":"Feature","properties":{"v":"Hayatpur","m":"41","k":"6/2","t":"Harsaru","vc":"04116","area":1875.8,"lat":28.4114273,"lng":76.9338754},"geometry":{"type":"Polygon","coordinates":[[[76.9341886,28.4115695],[76.9335555,28.4115575],[76.9335621,28.4112852],[76.934161,28.4112965],[76.9341952,28.4112972],[76.9341886,28.4115695]]]}},{"type":"Feature","properties":{"v":"Hayatpur","m":"41","k":"5/3/1","t":"Harsaru","vc":"04116","area":1360.9,"lat":28.4121101,"lng":76.9339807},"geometry":{"type":"Polygon","coordinates":[[[76.9339575,28.4119208],[76.9339557,28.4119964],[76.9341781,28.4120006],[76.9341688,28.4123864],[76.9341004,28.4123851],[76.9336332,28.4119146],[76.9339575,28.4119208]]]}},{"type":"Feature","properties":{"v":"Hayatpur","m":"41","k":"4/1","t":"Harsaru","vc":"04116","area":3818.8,"lat":28.4121078,"lng":76.9331828},"geometry":{"type":"Polygon","coordinates":[[[76.9328645,28.4118168],[76.9332067,28.4118233],[76.9333436,28.4118259],[76.9335438,28.4120416],[76.9335357,28.4123744],[76.9328513,28.4123614],[76.9328645,28.4118168]]]}},{"type":"Feature","properties":{"v":"Hayatpur","m":"41","k":"3","t":"Harsaru","vc":"04116","area":4055.3,"lat":28.4120826,"lng":76.9325157},"geometry":{"type":"Polygon","coordinates":[[[76.9321892,28.411804],[76.9322597,28.4118053],[76.9328645,28.4118168],[76.9328513,28.4123614],[76.9321669,28.4123484],[76.9321786,28.4118662],[76.9321799,28.4118112],[76.9321801,28.4118038],[76.9321892,28.411804]]]}},{"type":"Feature","properties":{"v":"Hayatpur","m":"41","k":"2","t":"Harsaru","vc":"04116","area":1462.3,"lat":28.4121576,"lng":76.9320124},"geometry":{"type":"Polygon","coordinates":[[[76.9321801,28.4118038],[76.9321799,28.4118112],[76.9321786,28.4118662],[76.9321669,28.4123484],[76.9317658,28.4123408],[76.9317118,28.4123398],[76.9316904,28.4123394],[76.9317039,28.4123241],[76.9318214,28.4121908],[76.931881,28.4121233],[76.9321047,28.4118696],[76.932163,28.4118035],[76.9321801,28.4118038]]]}},{"type":"Feature","properties":{"v":"Hayatpur","m":"0","k":"141","t":"Harsaru","vc":"04116","area":2712.4,"lat":28.4096888,"lng":76.9343769},"geometry":{"type":"Polygon","coordinates":[[[76.932233,28.4096255],[76.9329173,28.4096384],[76.9336017,28.4096514],[76.9342348,28.4096634],[76.9342861,28.4096644],[76.9349705,28.4096774],[76.9355864,28.409689],[76.9356549,28.4096903],[76.9363393,28.4097033],[76.9370237,28.4097162],[76.9370802,28.4097173],[76.9371195,28.409718],[76.9371286,28.4097636],[76.9371056,28.4097632],[76.9370226,28.4097616],[76.9363382,28.4097487],[76.9363211,28.4097483],[76.9356538,28.4097357],[76.9353116,28.4097292],[76.9349694,28.4097227],[76.9343192,28.4097104],[76.934285,28.4097098],[76.9342337,28.4097088],[76.9341995,28.4097081],[76.9336006,28.4096968],[76.9333269,28.4096916],[76.9329162,28.4096838],[76.9322319,28.4096709],[76.9316433,28.4096597],[76.931617,28.4096138],[76.932233,28.4096255]]]}},{"type":"Feature","properties":{"v":"Hayatpur","m":"50","k":"19/1/1","t":"Harsaru","vc":"04116","area":1013.7,"lat":28.4106376,"lng":76.9354481},"geometry":{"type":"Polygon","coordinates":[[[76.9352863,28.410773],[76.9352944,28.4104402],[76.9356336,28.4105677],[76.9356285,28.4107795],[76.9352863,28.410773]]]}},{"type":"Feature","properties":{"v":"Hayatpur","m":"50","k":"13/1","t":"Harsaru","vc":"04116","area":3953.9,"lat":28.4110581,"lng":76.9359555},"geometry":{"type":"Polygon","coordinates":[[[76.9356285,28.4107795],[76.9362273,28.4107908],[76.9362958,28.4107921],[76.9362943,28.4108526],[76.9362826,28.4113367],[76.9356153,28.4113241],[76.9356208,28.4110972],[76.9356285,28.4107795]]]}},{"type":"Feature","properties":{"v":"Hayatpur","m":"50","k":"25/2","t":"Harsaru","vc":"04116","area":911.1,"lat":28.4099858,"lng":76.9371379},"geometry":{"type":"Polygon","coordinates":[[[76.9371056,28.4097632],[76.9371286,28.4097636],[76.9371455,28.4097927],[76.9373259,28.4101043],[76.9373502,28.4101462],[76.937297,28.4101452],[76.9370134,28.4101398],[76.9370226,28.4097616],[76.9371056,28.4097632]]]}},{"type":"Feature","properties":{"v":"Hayatpur","m":"50","k":"24","t":"Harsaru","vc":"04116","area":3717.2,"lat":28.4100047,"lng":76.9366743},"geometry":{"type":"Polygon","coordinates":[[[76.9363261,28.4102479],[76.9363382,28.4097487],[76.9370226,28.4097616],[76.9370134,28.4101398],[76.9370105,28.4102608],[76.9363261,28.4102479]]]}},{"type":"Feature","properties":{"v":"Hayatpur","m":"50","k":"23/1","t":"Harsaru","vc":"04116","area":3624.4,"lat":28.4099916,"lng":76.9359814},"geometry":{"type":"Polygon","coordinates":[[[76.9363211,28.4097483],[76.936309,28.4102475],[76.9356417,28.4102349],[76.9356538,28.4097357],[76.9363211,28.4097483]]]}},{"type":"Feature","properties":{"v":"Hayatpur","m":"50","k":"22/2","t":"Harsaru","vc":"04116","area":1858.8,"lat":28.4099821,"lng":76.9354766},"geometry":{"type":"Polygon","coordinates":[[[76.9356417,28.4102349],[76.9352995,28.4102284],[76.9353044,28.4100242],[76.9353116,28.4097292],[76.9356538,28.4097357],[76.9356417,28.4102349]]]}},{"type":"Feature","properties":{"v":"Hayatpur","m":"50","k":"20/2","t":"Harsaru","vc":"04116","area":202.6,"lat":28.4104816,"lng":76.9342834},"geometry":{"type":"Polygon","coordinates":[[[76.9342597,28.4107536],[76.9342729,28.410209],[76.9343071,28.4102096],[76.9343027,28.4103912],[76.9342939,28.4107542],[76.9342597,28.4107536]]]}},{"type":"Feature","properties":{"v":"Hayatpur","m":"50","k":"19/2/1","t":"Harsaru","vc":"04116","area":1351.7,"lat":28.4105882,"lng":76.9351196},"geometry":{"type":"Polygon","coordinates":[[[76.9352863,28.410773],[76.9349441,28.4107665],[76.9349529,28.4104035],[76.935278,28.4104096],[76.9352951,28.41041],[76.9352944,28.4104402],[76.9352863,28.410773]]]}},{"type":"Feature","properties":{"v":"Hayatpur","m":"50","k":"18/1","t":"Harsaru","vc":"04116","area":101.3,"lat":28.41052,"lng":76.936311},"geometry":{"type":"Polygon","coordinates":[[[76.9362958,28.4107921],[76.936309,28.4102475],[76.9363261,28.4102479],[76.9363129,28.4107925],[76.9362958,28.4107921]]]}},{"type":"Feature","properties":{"v":"Hayatpur","m":"50","k":"17","t":"Harsaru","vc":"04116","area":4055.3,"lat":28.4105267,"lng":76.9366617},"geometry":{"type":"Polygon","coordinates":[[[76.9363129,28.4107925],[76.9363261,28.4102479],[76.9370105,28.4102608],[76.9369973,28.4108054],[76.9363129,28.4107925]]]}},{"type":"Feature","properties":{"v":"Hayatpur","m":"50","k":"16","t":"Harsaru","vc":"04116","area":3446.9,"lat":28.4105628,"lng":76.9373012},"geometry":{"type":"Polygon","coordinates":[[[76.9373717,28.4102677],[76.9374211,28.4102686],[76.9374628,28.410334],[76.9375589,28.4104845],[76.937685,28.4106822],[76.9376824,28.4107879],[76.9376817,28.4108184],[76.9369973,28.4108054],[76.9370105,28.4102608],[76.9373717,28.4102677]]]}},{"type":"Feature","properties":{"v":"Hayatpur","m":"50","k":"15/2","t":"Harsaru","vc":"04116","area":2635.1,"lat":28.4109917,"lng":76.9373327},"geometry":{"type":"Polygon","coordinates":[[[76.9376817,28.4108184],[76.9376758,28.4110593],[76.9376758,28.4110604],[76.9374252,28.4112407],[76.9374192,28.4112389],[76.93699,28.411108],[76.9369973,28.4108054],[76.9376817,28.4108184]]]}},{"type":"Feature","properties":{"v":"Hayatpur","m":"50","k":"14","t":"Harsaru","vc":"04116","area":2703.2,"lat":28.4111546,"lng":76.9366084},"geometry":{"type":"Polygon","coordinates":[[[76.93699,28.411108],[76.9369841,28.41135],[76.9362997,28.411337],[76.9363114,28.410853],[76.93699,28.411108]]]}},{"type":"Feature","properties":{"v":"Hayatpur","m":"50","k":"12/2","t":"Harsaru","vc":"04116","area":2365.7,"lat":28.4109319,"lng":76.9352825},"geometry":{"type":"Polygon","coordinates":[[[76.9349364,28.4110842],[76.9349441,28.4107665],[76.9352863,28.410773],[76.9356285,28.4107795],[76.9356208,28.4110972],[76.9349364,28.4110842]]]}},{"type":"Feature","properties":{"v":"Hayatpur","m":"50","k":"11/2/1/1","t":"Harsaru","vc":"04116","area":1579.7,"lat":28.411193,"lng":76.9346038},"geometry":{"type":"Polygon","coordinates":[[[76.9348338,28.4110823],[76.9349353,28.4111296],[76.9349309,28.4113111],[76.9342807,28.4112988],[76.9342862,28.4110719],[76.9348338,28.4110823]]]}},{"type":"Feature","properties":{"v":"Hayatpur","m":"50","k":"10/2","t":"Harsaru","vc":"04116","area":1915.1,"lat":28.4115845,"lng":76.9345819},"geometry":{"type":"Polygon","coordinates":[[[76.934921,28.4117196],[76.9342366,28.4117066],[76.9342429,28.4114494],[76.9349272,28.4114624],[76.934921,28.4117196]]]}},{"type":"Feature","properties":{"v":"Hayatpur","m":"50","k":"9/1/1","t":"Harsaru","vc":"04116","area":1059.9,"lat":28.4113958,"lng":76.9352525},"geometry":{"type":"Polygon","coordinates":[[[76.9349309,28.4113111],[76.9354784,28.4113215],[76.9356131,28.4114135],[76.9356116,28.4114754],[76.9354405,28.4114721],[76.9350641,28.411465],[76.9349272,28.4114624],[76.9349309,28.4113111]]]}},{"type":"Feature","properties":{"v":"Hayatpur","m":"50","k":"8/2/1","t":"Harsaru","vc":"04116","area":2550.5,"lat":28.4116936,"lng":76.9359072},"geometry":{"type":"Polygon","coordinates":[[[76.9356131,28.4114135],[76.9362754,28.4116339],[76.9362694,28.4118813],[76.9356021,28.4118687],[76.9356054,28.4117325],[76.9356102,28.4115359],[76.9356116,28.4114754],[76.9356131,28.4114135]]]}},{"type":"Feature","properties":{"v":"Hayatpur","m":"50","k":"7/1","t":"Harsaru","vc":"04116","area":3242.9,"lat":28.4115726,"lng":76.93668},"geometry":{"type":"Polygon","coordinates":[[[76.9369841,28.41135],[76.936979,28.411559],[76.936979,28.4115618],[76.9369103,28.4116293],[76.9371172,28.4118974],[76.9371144,28.4118973],[76.9369709,28.4118946],[76.9362924,28.4116396],[76.9362997,28.411337],[76.9369841,28.41135]]]}},{"type":"Feature","properties":{"v":"Hayatpur","m":"50","k":"5/1","t":"Harsaru","vc":"04116","area":2307.4,"lat":28.4122328,"lng":76.9371883},"geometry":{"type":"Polygon","coordinates":[[[76.9371352,28.4119211],[76.9371381,28.4119213],[76.9371841,28.4119739],[76.9372137,28.4120078],[76.9376011,28.4124514],[76.9369577,28.4124392],[76.9369705,28.4119097],[76.9371352,28.4119211]]]}},{"type":"Feature","properties":{"v":"Hayatpur","m":"50","k":"4","t":"Harsaru","vc":"04116","area":4055.2,"lat":28.4121604,"lng":76.9366221},"geometry":{"type":"Polygon","coordinates":[[[76.9362865,28.4118816],[76.9369709,28.4118946],[76.9369705,28.4119097],[76.9369577,28.4124392],[76.9362733,28.4124262],[76.9362865,28.4118816]]]}},{"type":"Feature","properties":{"v":"Hayatpur","m":"50","k":"3/1","t":"Harsaru","vc":"04116","area":3953.8,"lat":28.4121473,"lng":76.9359292},"geometry":{"type":"Polygon","coordinates":[[[76.9362562,28.4124259],[76.9355889,28.4124133],[76.9355915,28.4123074],[76.9356021,28.4118687],[76.9362694,28.4118813],[76.9362562,28.4124259]]]}},{"type":"Feature","properties":{"v":"Hayatpur","m":"50","k":"2/2","t":"Harsaru","vc":"04116","area":3323.0,"lat":28.4120853,"lng":76.9352526},"geometry":{"type":"Polygon","coordinates":[[[76.9356021,28.4118687],[76.9355915,28.4123074],[76.9349067,28.4123095],[76.9349177,28.4118557],[76.9356021,28.4118687]]]}},{"type":"Feature","properties":{"v":"Hayatpur","m":"50","k":"1/2/2","t":"Harsaru","vc":"04116","area":3210.3,"lat":28.4120765,"lng":76.9345871},"geometry":{"type":"Polygon","coordinates":[[[76.9342565,28.4122972],[76.9342675,28.4118434],[76.9349177,28.4118557],[76.9349067,28.4123095],[76.9348212,28.4123079],[76.9342565,28.4122972]]]}},{"type":"Feature","properties":{"v":"Hayatpur","m":"49","k":"26","t":"Harsaru","vc":"04116","area":171.9,"lat":28.4095735,"lng":76.9355823},"geometry":{"type":"Polygon","coordinates":[[[76.9356549,28.4096903],[76.9355864,28.409689],[76.9355097,28.4094566],[76.9355781,28.4094579],[76.9356549,28.4096903]]]}},{"type":"Feature","properties":{"v":"Hayatpur","m":"49","k":"27","t":"Harsaru","vc":"04116","area":296.6,"lat":28.4073083,"lng":76.9344675},"geometry":{"type":"Polygon","coordinates":[[[76.9343457,28.407208],[76.9344176,28.407167],[76.9345937,28.4073905],[76.9344969,28.4074453],[76.9343457,28.407208]]]}},{"type":"Feature","properties":{"v":"Hayatpur","m":"49","k":"18/2","t":"Harsaru","vc":"04116","area":670.2,"lat":28.4076582,"lng":76.935829},"geometry":{"type":"Polygon","coordinates":[[[76.9358395,28.4075144],[76.9358616,28.4075149],[76.9359464,28.4076487],[76.9360044,28.4077404],[76.9360098,28.4077489],[76.9360258,28.4077753],[76.9359892,28.4077746],[76.9357014,28.4077691],[76.9357077,28.4075119],[76.9358395,28.4075144]]]}},{"type":"Feature","properties":{"v":"Hayatpur","m":"49","k":"13","t":"Harsaru","vc":"04116","area":3730.5,"lat":28.4083601,"lng":76.9360101},"geometry":{"type":"Polygon","coordinates":[[[76.9361496,28.4080652],[76.9361916,28.4081341],[76.9364042,28.4084831],[76.9364854,28.4086164],[76.9364634,28.4086159],[76.9363656,28.4086141],[76.9356813,28.4086011],[76.9356945,28.4080565],[76.9361496,28.4080652]]]}},{"type":"Feature","properties":{"v":"Hayatpur","m":"49","k":"22","t":"Harsaru","vc":"04116","area":4105.0,"lat":28.4072524,"lng":76.9353809},"geometry":{"type":"Polygon","coordinates":[[[76.9355687,28.4069645],[76.935584,28.4069648],[76.9356448,28.4070854],[76.9358616,28.4075149],[76.9358395,28.4075144],[76.9357077,28.4075119],[76.9352799,28.4075038],[76.9350233,28.407499],[76.9350365,28.4069544],[76.9355687,28.4069645]]]}},{"type":"Feature","properties":{"v":"Hayatpur","m":"49","k":"21","t":"Harsaru","vc":"04116","area":3758.7,"lat":28.4072132,"lng":76.9347051},"geometry":{"type":"Polygon","coordinates":[[[76.9343457,28.407208],[76.9344969,28.4074453],[76.9345937,28.4073905],[76.9344176,28.407167],[76.9343457,28.407208],[76.9343521,28.4069414],[76.9350365,28.4069544],[76.9350233,28.407499],[76.9343389,28.407486],[76.9343457,28.407208]]]}},{"type":"Feature","properties":{"v":"Hayatpur","m":"49","k":"20","t":"Harsaru","vc":"04116","area":4055.4,"lat":28.4077648,"lng":76.9346745},"geometry":{"type":"Polygon","coordinates":[[[76.9350101,28.4080436],[76.9343257,28.4080306],[76.9343389,28.407486],[76.9350233,28.407499],[76.9350101,28.4080436]]]}},{"type":"Feature","properties":{"v":"Hayatpur","m":"49","k":"19/3/1","t":"Harsaru","vc":"04116","area":2534.7,"lat":28.4077802,"lng":76.9354872},"geometry":{"type":"Polygon","coordinates":[[[76.9357014,28.4077691],[76.9356945,28.4080565],[76.9352667,28.4080484],[76.9352799,28.4075038],[76.9357077,28.4075119],[76.9357014,28.4077691]]]}},{"type":"Feature","properties":{"v":"Hayatpur","m":"49","k":"18/1","t":"Harsaru","vc":"04116","area":1218.7,"lat":28.4079246,"lng":76.9358944},"geometry":{"type":"Polygon","coordinates":[[[76.9359892,28.4077746],[76.9360258,28.4077753],[76.9361395,28.4080417],[76.9361496,28.4080652],[76.9356945,28.4080565],[76.9357014,28.4077691],[76.9359892,28.4077746]]]}},{"type":"Feature","properties":{"v":"Hayatpur","m":"49","k":"12","t":"Harsaru","vc":"04116","area":4055.7,"lat":28.4083224,"lng":76.9353457},"geometry":{"type":"Polygon","coordinates":[[[76.9349969,28.4085882],[76.9350101,28.4080436],[76.9352667,28.4080484],[76.9356945,28.4080565],[76.9356813,28.4086011],[76.9353391,28.4085947],[76.9349969,28.4085882]]]}},{"type":"Feature","properties":{"v":"Hayatpur","m":"49","k":"11","t":"Harsaru","vc":"04116","area":4055.4,"lat":28.4083094,"lng":76.9346613},"geometry":{"type":"Polygon","coordinates":[[[76.9349969,28.4085882],[76.9343125,28.4085752],[76.9343257,28.4080306],[76.9350101,28.4080436],[76.9349969,28.4085882]]]}},{"type":"Feature","properties":{"v":"Hayatpur","m":"49","k":"10","t":"Harsaru","vc":"04116","area":4055.4,"lat":28.408854,"lng":76.9346481},"geometry":{"type":"Polygon","coordinates":[[[76.9349969,28.4085882],[76.9349837,28.4091328],[76.9342993,28.4091198],[76.9343125,28.4085752],[76.9349969,28.4085882]]]}},{"type":"Feature","properties":{"v":"Hayatpur","m":"49","k":"9/1","t":"Harsaru","vc":"04116","area":2027.5,"lat":28.4088637,"lng":76.9351614},"geometry":{"type":"Polygon","coordinates":[[[76.9349969,28.4085882],[76.9353391,28.4085947],[76.9353259,28.4091392],[76.9349837,28.4091328],[76.9349969,28.4085882]]]}},{"type":"Feature","properties":{"v":"Hayatpur","m":"49","k":"8","t":"Harsaru","vc":"04116","area":4055.1,"lat":28.4088799,"lng":76.9360169},"geometry":{"type":"Polygon","coordinates":[[[76.9356813,28.4086011],[76.9363656,28.4086141],[76.9363525,28.4091587],[76.9356681,28.4091457],[76.9356813,28.4086011]]]}},{"type":"Feature","properties":{"v":"Hayatpur","m":"49","k":"7","t":"Harsaru","vc":"04116","area":1774.1,"lat":28.408944,"lng":76.9365254},"geometry":{"type":"Polygon","coordinates":[[[76.9364634,28.4086159],[76.9364854,28.4086164],[76.9367797,28.4090852],[76.9368232,28.4091545],[76.9368315,28.4091677],[76.9368267,28.4091677],[76.9367756,28.4091667],[76.9363525,28.4091587],[76.9363656,28.4086141],[76.9364634,28.4086159]]]}},{"type":"Feature","properties":{"v":"Hayatpur","m":"49","k":"4","t":"Harsaru","vc":"04116","area":3743.2,"lat":28.4094588,"lng":76.9366673},"geometry":{"type":"Polygon","coordinates":[[[76.9367756,28.4091667],[76.9368267,28.4091677],[76.9368315,28.4091677],[76.936876,28.4092509],[76.9369115,28.409317],[76.9370152,28.4095107],[76.9371195,28.409718],[76.9370802,28.4097173],[76.9370237,28.4097162],[76.9363393,28.4097033],[76.9363525,28.4091587],[76.9367756,28.4091667]]]}},{"type":"Feature","properties":{"v":"Hayatpur","m":"49","k":"3","t":"Harsaru","vc":"04116","area":4055.4,"lat":28.4094245,"lng":76.9360037},"geometry":{"type":"Polygon","coordinates":[[[76.9356681,28.4091457],[76.9363525,28.4091587],[76.9363393,28.4097033],[76.9356549,28.4096903],[76.9356681,28.4091457]]]}},{"type":"Feature","properties":{"v":"Hayatpur","m":"49","k":"2","t":"Harsaru","vc":"04116","area":3883.6,"lat":28.4094044,"lng":76.9353077},"geometry":{"type":"Polygon","coordinates":[[[76.9356681,28.4091457],[76.9356549,28.4096903],[76.9355781,28.4094579],[76.9355097,28.4094566],[76.9355864,28.409689],[76.9349705,28.4096774],[76.9349837,28.4091328],[76.9353259,28.4091392],[76.9356681,28.4091457]]]}},{"type":"Feature","properties":{"v":"Hayatpur","m":"49","k":"1","t":"Harsaru","vc":"04116","area":4055.4,"lat":28.4093986,"lng":76.9346349},"geometry":{"type":"Polygon","coordinates":[[[76.9349837,28.4091328],[76.9349705,28.4096774],[76.9342861,28.4096644],[76.9342993,28.4091198],[76.9349837,28.4091328]]]}},{"type":"Feature","properties":{"v":"Hayatpur","m":"0","k":"142","t":"Harsaru","vc":"04116","area":1041.2,"lat":28.4069607,"lng":76.9340365},"geometry":{"type":"Polygon","coordinates":[[[76.9329834,28.4069155],[76.9336677,28.4069285],[76.9343008,28.4069405],[76.9343001,28.4069707],[76.933667,28.4069587],[76.9335772,28.406957],[76.9333248,28.4069522],[76.9329826,28.4069457],[76.9322983,28.4069328],[76.9316481,28.4069204],[76.9316375,28.4073591],[76.931604,28.4073282],[76.9316124,28.4069803],[76.9316146,28.4068895],[76.9316489,28.4068902],[76.932299,28.4069025],[76.9329834,28.4069155]]]}},{"type":"Feature","properties":{"v":"Hayatpur","m":"42","k":"5/1","t":"Harsaru","vc":"04116","area":1875.7,"lat":28.4095213,"lng":76.9339215},"geometry":{"type":"Polygon","coordinates":[[[76.9336083,28.4093791],[76.9342414,28.4093911],[76.9342348,28.4096634],[76.9336017,28.4096514],[76.9336083,28.4093791]]]}},{"type":"Feature","properties":{"v":"Hayatpur","m":"42","k":"12/1","t":"Harsaru","vc":"04116","area":2027.7,"lat":28.4082542,"lng":76.9317527},"geometry":{"type":"Polygon","coordinates":[[[76.9319172,28.4085298],[76.931575,28.4085233],[76.9315882,28.4079787],[76.9319304,28.4079852],[76.9319172,28.4085298]]]}},{"type":"Feature","properties":{"v":"Hayatpur","m":"42","k":"15/1","t":"Harsaru","vc":"04116","area":1318.4,"lat":28.4082921,"lng":76.933746},"geometry":{"type":"Polygon","coordinates":[[[76.9338506,28.4085665],[76.9336281,28.4085622],[76.9336413,28.4080176],[76.9338638,28.4080219],[76.9338506,28.4085665]]]}},{"type":"Feature","properties":{"v":"Hayatpur","m":"42","k":"17/2","t":"Harsaru","vc":"04116","area":2027.7,"lat":28.4077356,"lng":76.9331347},"geometry":{"type":"Polygon","coordinates":[[[76.932957,28.4080047],[76.9329702,28.4074601],[76.9333124,28.4074666],[76.9332992,28.4080112],[76.932957,28.4080047]]]}},{"type":"Feature","properties":{"v":"Hayatpur","m":"42","k":"24/2/1","t":"Harsaru","vc":"04116","area":1412.4,"lat":28.4072118,"lng":76.9334448},"geometry":{"type":"Polygon","coordinates":[[[76.9335647,28.4074714],[76.9333124,28.4074666],[76.9333248,28.4069522],[76.9335772,28.406957],[76.9335647,28.4074714]]]}},{"type":"Feature","properties":{"v":"Hayatpur","m":"42","k":"26","t":"Harsaru","vc":"04116","area":362.8,"lat":28.4073533,"lng":76.9315669},"geometry":{"type":"Polygon","coordinates":[[[76.9314423,28.4071931],[76.931604,28.4073282],[76.9316375,28.4073591],[76.9317212,28.4074364],[76.9317507,28.4074816],[76.9316669,28.407508],[76.9316014,28.4074341],[76.9313799,28.4072449],[76.9314423,28.4071931]]]}},{"type":"Feature","properties":{"v":"Hayatpur","m":"42","k":"13","t":"Harsaru","vc":"04116","area":4055.4,"lat":28.4082705,"lng":76.9326082},"geometry":{"type":"Polygon","coordinates":[[[76.9322594,28.4085363],[76.9322726,28.4079917],[76.932957,28.4080047],[76.9329438,28.4085493],[76.9322594,28.4085363]]]}},{"type":"Feature","properties":{"v":"Hayatpur","m":"42","k":"25","t":"Harsaru","vc":"04116","area":3543.1,"lat":28.4072219,"lng":76.9339773},"geometry":{"type":"Polygon","coordinates":[[[76.9336545,28.4074731],[76.933667,28.4069587],[76.9343001,28.4069707],[76.9342876,28.407485],[76.9336545,28.4074731]]]}},{"type":"Feature","properties":{"v":"Hayatpur","m":"42","k":"24/1","t":"Harsaru","vc":"04116","area":1915.3,"lat":28.4072062,"lng":76.9331475},"geometry":{"type":"Polygon","coordinates":[[[76.9329702,28.4074601],[76.9329826,28.4069457],[76.9333248,28.4069522],[76.9333124,28.4074666],[76.9329702,28.4074601]]]}},{"type":"Feature","properties":{"v":"Hayatpur","m":"42","k":"23","t":"Harsaru","vc":"04116","area":3829.9,"lat":28.4071964,"lng":76.9326342},"geometry":{"type":"Polygon","coordinates":[[[76.9322858,28.4074471],[76.9322983,28.4069328],[76.9329826,28.4069457],[76.9329702,28.4074601],[76.9322858,28.4074471]]]}},{"type":"Feature","properties":{"v":"Hayatpur","m":"42","k":"22","t":"Harsaru","vc":"04116","area":3603.3,"lat":28.4071816,"lng":76.9319699},"geometry":{"type":"Polygon","coordinates":[[[76.9322858,28.4074471],[76.9317212,28.4074364],[76.9316375,28.4073591],[76.9316481,28.4069204],[76.9322983,28.4069328],[76.9322858,28.4074471]]]}},{"type":"Feature","properties":{"v":"Hayatpur","m":"42","k":"21/1","t":"Harsaru","vc":"04116","area":2331.5,"lat":28.4071526,"lng":76.9311205},"geometry":{"type":"Polygon","coordinates":[[[76.9309171,28.4074211],[76.9309303,28.4068766],[76.9309513,28.406877],[76.9313238,28.406884],[76.9313216,28.4069748],[76.9313106,28.4074286],[76.9309171,28.4074211]]]}},{"type":"Feature","properties":{"v":"Hayatpur","m":"42","k":"20","t":"Harsaru","vc":"04116","area":4055.0,"lat":28.4076999,"lng":76.9312526},"geometry":{"type":"Polygon","coordinates":[[[76.9315882,28.4079787],[76.9309038,28.4079657],[76.9309171,28.4074211],[76.9313106,28.4074286],[76.9316014,28.4074341],[76.9315882,28.4079787]]]}},{"type":"Feature","properties":{"v":"Hayatpur","m":"42","k":"19","t":"Harsaru","vc":"04116","area":3983.2,"lat":28.4077174,"lng":76.9319417},"geometry":{"type":"Polygon","coordinates":[[[76.9315882,28.4079787],[76.9316014,28.4074341],[76.9316669,28.407508],[76.9317507,28.4074816],[76.9317212,28.4074364],[76.9322858,28.4074471],[76.9322726,28.4079917],[76.9319304,28.4079852],[76.9315882,28.4079787]]]}},{"type":"Feature","properties":{"v":"Hayatpur","m":"42","k":"18","t":"Harsaru","vc":"04116","area":4055.4,"lat":28.4077259,"lng":76.9326214},"geometry":{"type":"Polygon","coordinates":[[[76.9322726,28.4079917],[76.9322858,28.4074471],[76.9329702,28.4074601],[76.932957,28.4080047],[76.9322726,28.4079917]]]}},{"type":"Feature","properties":{"v":"Hayatpur","m":"42","k":"17/1","t":"Harsaru","vc":"04116","area":2026.9,"lat":28.4077421,"lng":76.9334768},"geometry":{"type":"Polygon","coordinates":[[[76.9332992,28.4080112],[76.9333124,28.4074666],[76.9335647,28.4074714],[76.9336545,28.4074731],[76.9336413,28.4080176],[76.9332992,28.4080112]]]}},{"type":"Feature","properties":{"v":"Hayatpur","m":"42","k":"16","t":"Harsaru","vc":"04116","area":3751.4,"lat":28.4077513,"lng":76.9339645},"geometry":{"type":"Polygon","coordinates":[[[76.9336413,28.4080176],[76.9336545,28.4074731],[76.9342876,28.407485],[76.9342744,28.4080296],[76.9338638,28.4080219],[76.9336413,28.4080176]]]}},{"type":"Feature","properties":{"v":"Hayatpur","m":"42","k":"15/2","t":"Harsaru","vc":"04116","area":2433.0,"lat":28.408298,"lng":76.9340625},"geometry":{"type":"Polygon","coordinates":[[[76.9338506,28.4085665],[76.9338638,28.4080219],[76.9342744,28.4080296],[76.9342612,28.4085742],[76.9338506,28.4085665]]]}},{"type":"Feature","properties":{"v":"Hayatpur","m":"42","k":"14","t":"Harsaru","vc":"04116","area":4054.6,"lat":28.4082835,"lng":76.9332925},"geometry":{"type":"Polygon","coordinates":[[[76.9336281,28.4085622],[76.9329438,28.4085493],[76.932957,28.4080047],[76.9332992,28.4080112],[76.9336413,28.4080176],[76.9336281,28.4085622]]]}},{"type":"Feature","properties":{"v":"Hayatpur","m":"42","k":"12/2","t":"Harsaru","vc":"04116","area":2027.7,"lat":28.4082608,"lng":76.9320949},"geometry":{"type":"Polygon","coordinates":[[[76.9322594,28.4085363],[76.9319172,28.4085298],[76.9319304,28.4079852],[76.9322726,28.4079917],[76.9322594,28.4085363]]]}},{"type":"Feature","properties":{"v":"Hayatpur","m":"42","k":"11","t":"Harsaru","vc":"04116","area":4105.9,"lat":28.408223,"lng":76.9312293},"geometry":{"type":"Polygon","coordinates":[[[76.931575,28.4085233],[76.9310446,28.4085132],[76.9308017,28.4080843],[76.9307328,28.4079625],[76.9309038,28.4079657],[76.9315882,28.4079787],[76.931575,28.4085233]]]}},{"type":"Feature","properties":{"v":"Hayatpur","m":"42","k":"10","t":"Harsaru","vc":"04116","area":2281.1,"lat":28.4087575,"lng":76.9313676},"geometry":{"type":"Polygon","coordinates":[[[76.9315618,28.4090679],[76.9313223,28.4090634],[76.9312386,28.4088975],[76.9310446,28.4085132],[76.931575,28.4085233],[76.9315618,28.4090679]]]}},{"type":"Feature","properties":{"v":"Hayatpur","m":"42","k":"9","t":"Harsaru","vc":"04116","area":4055.4,"lat":28.4088021,"lng":76.9319106},"geometry":{"type":"Polygon","coordinates":[[[76.9319172,28.4085298],[76.9322594,28.4085363],[76.9322462,28.4090809],[76.9315618,28.4090679],[76.931575,28.4085233],[76.9319172,28.4085298]]]}},{"type":"Feature","properties":{"v":"Hayatpur","m":"42","k":"8","t":"Harsaru","vc":"04116","area":4055.4,"lat":28.4088151,"lng":76.932595},"geometry":{"type":"Polygon","coordinates":[[[76.9322594,28.4085363],[76.9329438,28.4085493],[76.9329306,28.4090939],[76.9322462,28.4090809],[76.9322594,28.4085363]]]}},{"type":"Feature","properties":{"v":"Hayatpur","m":"42","k":"7","t":"Harsaru","vc":"04116","area":4054.8,"lat":28.408828,"lng":76.9332794},"geometry":{"type":"Polygon","coordinates":[[[76.9336281,28.4085622],[76.9336149,28.4091068],[76.9329306,28.4090939],[76.9329438,28.4085493],[76.9336281,28.4085622]]]}},{"type":"Feature","properties":{"v":"Hayatpur","m":"42","k":"6","t":"Harsaru","vc":"04116","area":3751.1,"lat":28.4088405,"lng":76.9339381},"geometry":{"type":"Polygon","coordinates":[[[76.9336149,28.4091068],[76.9336281,28.4085622],[76.9338506,28.4085665],[76.9342612,28.4085742],[76.934248,28.4091188],[76.9336149,28.4091068]]]}},{"type":"Feature","properties":{"v":"Hayatpur","m":"42","k":"5/2","t":"Harsaru","vc":"04116","area":1875.7,"lat":28.4092489,"lng":76.9339281},"geometry":{"type":"Polygon","coordinates":[[[76.9336149,28.4091068],[76.934248,28.4091188],[76.9342414,28.4093911],[76.9336083,28.4093791],[76.9336149,28.4091068]]]}},{"type":"Feature","properties":{"v":"Hayatpur","m":"42","k":"4","t":"Harsaru","vc":"04116","area":4054.7,"lat":28.4093726,"lng":76.9332661},"geometry":{"type":"Polygon","coordinates":[[[76.9336083,28.4093791],[76.9336017,28.4096514],[76.9329173,28.4096384],[76.9329306,28.4090939],[76.9336149,28.4091068],[76.9336083,28.4093791]]]}},{"type":"Feature","properties":{"v":"Hayatpur","m":"42","k":"3","t":"Harsaru","vc":"04116","area":4054.7,"lat":28.4093597,"lng":76.9325818},"geometry":{"type":"Polygon","coordinates":[[[76.9329306,28.4090939],[76.9329173,28.4096384],[76.932233,28.4096255],[76.9322462,28.4090809],[76.9329306,28.4090939]]]}},{"type":"Feature","properties":{"v":"Hayatpur","m":"42","k":"2","t":"Harsaru","vc":"04116","area":4562.3,"lat":28.4093276,"lng":76.9318499},"geometry":{"type":"Polygon","coordinates":[[[76.9322462,28.4090809],[76.932233,28.4096255],[76.931617,28.4096138],[76.9313223,28.4090634],[76.9315618,28.4090679],[76.9322462,28.4090809]]]}},{"type":"Feature","properties":{"v":"Hayatpur","m":"43","k":"25","t":"Harsaru","vc":"04116","area":4308.1,"lat":28.4071215,"lng":76.9305546},"geometry":{"type":"Polygon","coordinates":[[[76.9309171,28.4074211],[76.9303525,28.4074104],[76.9302682,28.4072616],[76.9300406,28.4068597],[76.9302459,28.4068636],[76.9309303,28.4068766],[76.9309171,28.4074211]]]}},{"type":"Feature","properties":{"v":"Hayatpur","m":"43","k":"16","t":"Harsaru","vc":"04116","area":2179.5,"lat":28.407641,"lng":76.9307102},"geometry":{"type":"Polygon","coordinates":[[[76.9309171,28.4074211],[76.9309038,28.4079657],[76.9307328,28.4079625],[76.9303525,28.4074104],[76.9309171,28.4074211]]]}},{"type":"Feature","properties":{"v":"Hayatpur","m":"0","k":"143","t":"Harsaru","vc":"04116","area":1520.0,"lat":28.4083024,"lng":76.9342935},"geometry":{"type":"Polygon","coordinates":[[[76.9343001,28.4069707],[76.9343008,28.4069405],[76.9343521,28.4069414],[76.9343457,28.407208],[76.9343389,28.407486],[76.9343257,28.4080306],[76.9343125,28.4085752],[76.9342993,28.4091198],[76.9342861,28.4096644],[76.9342348,28.4096634],[76.9342414,28.4093911],[76.934248,28.4091188],[76.9342612,28.4085742],[76.9342744,28.4080296],[76.9342876,28.407485],[76.9343001,28.4069707]]]}},{"type":"Feature","properties":{"v":"Hayatpur","m":"0","k":"138","t":"Harsaru","vc":"04116","area":3015.1,"lat":28.4124098,"lng":76.9341939},"geometry":{"type":"Polygon","coordinates":[[[76.9341937,28.4134765],[76.9341805,28.4140211],[76.934178,28.414127],[76.9341736,28.4143085],[76.9341673,28.4145657],[76.9341552,28.4150649],[76.9341541,28.4151103],[76.9341028,28.4151093],[76.9341035,28.4150791],[76.934116,28.4145647],[76.9341292,28.4140201],[76.9341299,28.4139899],[76.9341424,28.4134756],[76.9341556,28.412931],[76.9341563,28.4129007],[76.9341637,28.4125982],[76.9341688,28.4123864],[76.9341781,28.4120006],[76.934182,28.4118418],[76.9341847,28.4117283],[76.9341886,28.4115695],[76.9341952,28.4112972],[76.9342084,28.4107526],[76.9342216,28.410208],[76.9342337,28.4097088],[76.934285,28.4097098],[76.9342729,28.410209],[76.9342597,28.4107536],[76.9342465,28.4112982],[76.9342429,28.4114494],[76.9342366,28.4117066],[76.9342333,28.4118428],[76.9342201,28.4123873],[76.934215,28.4125991],[76.9342106,28.4127807],[76.9342069,28.4129319],[76.9341937,28.4134765]]]}},{"type":"Feature","properties":{"v":"Hayatpur","m":"0","k":"137","t":"Harsaru","vc":"04116","area":1087.0,"lat":28.4153484,"lng":76.932796},"geometry":{"type":"Polygon","coordinates":[[[76.9327853,28.4150844],[76.932786,28.4150541],[76.9334704,28.4150671],[76.934018,28.4150774],[76.9341035,28.4150791],[76.9341028,28.4151093],[76.9340172,28.4151077],[76.9334697,28.4150973],[76.9328195,28.415085],[76.9328063,28.4156296],[76.9327721,28.4156289],[76.9320877,28.415616],[76.9314032,28.415603],[76.931404,28.4155727],[76.9320884,28.4155857],[76.9327728,28.4155987],[76.9327853,28.4150844]]]}},{"type":"Feature","properties":{"v":"Hayatpur","m":"0","k":"","t":"Harsaru","vc":"04116","area":28.4,"lat":28.4159878,"lng":76.9375194},"geometry":{"type":"Polygon","coordinates":[[[76.9375579,28.4159315],[76.9375572,28.4159617],[76.9374896,28.4160425],[76.9374825,28.4160065],[76.9375579,28.4159315]]]}},{"type":"Feature","properties":{"v":"Hayatpur","m":"0","k":"","t":"Harsaru","vc":"04116","area":1302.5,"lat":28.4173058,"lng":76.9362043},"geometry":{"type":"Polygon","coordinates":[[[76.9354713,28.4172692],[76.9361557,28.4172822],[76.9365151,28.417289],[76.9365493,28.4172896],[76.9366177,28.4172909],[76.9368402,28.4172951],[76.9370797,28.4172996],[76.937285,28.4173035],[76.9375246,28.4173081],[76.9375235,28.4173534],[76.9368562,28.4173408],[76.9368391,28.4173405],[76.9364968,28.417334],[76.9361546,28.4173275],[76.9357269,28.4173194],[76.9356071,28.4173172],[76.9354873,28.4173149],[76.9354702,28.4173146],[76.9348884,28.4173036],[76.9348818,28.417258],[76.9354713,28.4172692]]]}},{"type":"Feature","properties":{"v":"Hayatpur","m":"0","k":"","t":"Harsaru","vc":"04116","area":692.2,"lat":28.4174249,"lng":76.9340723},"geometry":{"type":"Polygon","coordinates":[[[76.9347858,28.4173016],[76.9348542,28.4173029],[76.9348884,28.4173036],[76.9348873,28.4173489],[76.9347847,28.417347],[76.9341687,28.4173353],[76.9341002,28.417334],[76.9340881,28.4178332],[76.9340368,28.4178323],[76.93405,28.4172877],[76.9341013,28.4172887],[76.9341698,28.41729],[76.9347858,28.4173016]]]}},{"type":"Feature","properties":{"v":"Hayatpur","m":"37","k":"4/2","t":"Harsaru","vc":"04116","area":202.6,"lat":28.4174763,"lng":76.9296288},"geometry":{"type":"Polygon","coordinates":[[[76.9296525,28.4172043],[76.9296393,28.4177489],[76.9296051,28.4177483],[76.9296183,28.4172037],[76.9296525,28.4172043]]]}},{"type":"Feature","properties":{"v":"Hayatpur","m":"37","k":"4/3","t":"Harsaru","vc":"04116","area":2027.5,"lat":28.4174798,"lng":76.929817},"geometry":{"type":"Polygon","coordinates":[[[76.9299947,28.4172108],[76.9299815,28.4177554],[76.9296393,28.4177489],[76.9296525,28.4172043],[76.9299947,28.4172108]]]}},{"type":"Feature","properties":{"v":"Hayatpur","m":"37","k":"8/1","t":"Harsaru","vc":"04116","area":1464.0,"lat":28.417093,"lng":76.9289705},"geometry":{"type":"Polygon","coordinates":[[[76.9293151,28.4170012],[76.9293103,28.4171978],[76.9286259,28.4171848],[76.9286306,28.4169882],[76.9293151,28.4170012]]]}},{"type":"Feature","properties":{"v":"Hayatpur","m":"37","k":"7/2","t":"Harsaru","vc":"04116","area":202.7,"lat":28.4169317,"lng":76.929642},"geometry":{"type":"Polygon","coordinates":[[[76.9296525,28.4172043],[76.9296183,28.4172037],[76.9296234,28.4169919],[76.9296315,28.4166591],[76.9296657,28.4166597],[76.9296525,28.4172043]]]}},{"type":"Feature","properties":{"v":"Hayatpur","m":"37","k":"7/3","t":"Harsaru","vc":"04116","area":709.6,"lat":28.4170949,"lng":76.9294669},"geometry":{"type":"Polygon","coordinates":[[[76.9296234,28.4169919],[76.9296183,28.4172037],[76.9293103,28.4171978],[76.9293151,28.4170012],[76.9293154,28.416986],[76.9296234,28.4169919]]]}},{"type":"Feature","properties":{"v":"Hayatpur","m":"37","k":"7/4","t":"Harsaru","vc":"04116","area":1115.2,"lat":28.4168225,"lng":76.9294734},"geometry":{"type":"Polygon","coordinates":[[[76.9293154,28.416986],[76.9293235,28.4166532],[76.9296315,28.4166591],[76.9296234,28.4169919],[76.9293154,28.416986]]]}},{"type":"Feature","properties":{"v":"Hayatpur","m":"37","k":"13/2","t":"Harsaru","vc":"04116","area":887.0,"lat":28.4163795,"lng":76.9292552},"geometry":{"type":"Polygon","coordinates":[[[76.929187,28.4161058],[76.9293367,28.4161086],[76.9293235,28.4166532],[76.9291738,28.4166504],[76.929187,28.4161058]]]}},{"type":"Feature","properties":{"v":"Hayatpur","m":"37","k":"14/1","t":"Harsaru","vc":"04116","area":2027.9,"lat":28.4163841,"lng":76.9295012},"geometry":{"type":"Polygon","coordinates":[[[76.9293235,28.4166532],[76.9293367,28.4161086],[76.929679,28.4161151],[76.929669,28.4165236],[76.9296657,28.4166597],[76.9296315,28.4166591],[76.9293235,28.4166532]]]}},{"type":"Feature","properties":{"v":"Hayatpur","m":"37","k":"14/2","t":"Harsaru","vc":"04116","area":228.0,"lat":28.4165931,"lng":76.9297443},"geometry":{"type":"Polygon","coordinates":[[[76.929823,28.4165265],[76.9298197,28.4166626],[76.9296657,28.4166597],[76.929669,28.4165236],[76.929823,28.4165265]]]}},{"type":"Feature","properties":{"v":"Hayatpur","m":"37","k":"19/1","t":"Harsaru","vc":"04116","area":50.7,"lat":28.415914,"lng":76.928651},"geometry":{"type":"Polygon","coordinates":[[[76.9286523,28.4160956],[76.9286352,28.4160953],[76.9286655,28.415551],[76.9286523,28.4160956]]]}},{"type":"Feature","properties":{"v":"Hayatpur","m":"37","k":"20/2","t":"Harsaru","vc":"04116","area":123.8,"lat":28.4160581,"lng":76.9274722},"geometry":{"type":"Polygon","coordinates":[[[76.9274895,28.4160433],[76.9276606,28.4160465],[76.9276599,28.4160768],[76.9272835,28.4160696],[76.9272842,28.4160394],[76.9274895,28.4160433]]]}},{"type":"Feature","properties":{"v":"Hayatpur","m":"37","k":"20/4","t":"Harsaru","vc":"04116","area":1148.7,"lat":28.4157842,"lng":76.9273931},"geometry":{"type":"Polygon","coordinates":[[[76.9274895,28.4160433],[76.9272842,28.4160394],[76.9272967,28.4155251],[76.927502,28.415529],[76.9274895,28.4160433]]]}},{"type":"Feature","properties":{"v":"Hayatpur","m":"37","k":"20/1","t":"Harsaru","vc":"04116","area":1824.9,"lat":28.4158074,"lng":76.9278205},"geometry":{"type":"Polygon","coordinates":[[[76.9279811,28.4155381],[76.9279679,28.4160826],[76.9276599,28.4160768],[76.9276606,28.4160465],[76.9276731,28.4155322],[76.9279811,28.4155381]]]}},{"type":"Feature","properties":{"v":"Hayatpur","m":"37","k":"23/2","t":"Harsaru","vc":"04116","area":1351.8,"lat":28.4151037,"lng":76.9290188},"geometry":{"type":"Polygon","coordinates":[[[76.9286744,28.415188],[76.9286788,28.4150065],[76.9293632,28.4150194],[76.9293588,28.415201],[76.9286744,28.415188]]]}},{"type":"Feature","properties":{"v":"Hayatpur","m":"38","k":"5/2","t":"Harsaru","vc":"04116","area":405.3,"lat":28.4175593,"lng":76.9340092},"geometry":{"type":"Polygon","coordinates":[[[76.9339816,28.4172864],[76.93405,28.4172877],[76.9340368,28.4178323],[76.9339684,28.417831],[76.9339816,28.4172864]]]}},{"type":"Feature","properties":{"v":"Hayatpur","m":"38","k":"6/1","t":"Harsaru","vc":"04116","area":811.1,"lat":28.4170151,"lng":76.9340395},"geometry":{"type":"Polygon","coordinates":[[[76.93405,28.4172877],[76.9339816,28.4172864],[76.9339644,28.4172861],[76.9339776,28.4167415],[76.9341145,28.4167441],[76.9341013,28.4172887],[76.93405,28.4172877]]]}},{"type":"Feature","properties":{"v":"Hayatpur","m":"38","k":"13/2","t":"Harsaru","vc":"04116","area":202.7,"lat":28.4164457,"lng":76.9327351},"geometry":{"type":"Polygon","coordinates":[[[76.9327457,28.4167181],[76.9327114,28.4167175],[76.9327247,28.4161729],[76.9327589,28.4161735],[76.9327581,28.4162038],[76.9327552,28.4163248],[76.9327526,28.4164307],[76.9327464,28.4166879],[76.9327457,28.4167181]]]}},{"type":"Feature","properties":{"v":"Hayatpur","m":"38","k":"14/2","t":"Harsaru","vc":"04116","area":909.5,"lat":28.4165624,"lng":76.932912},"geometry":{"type":"Polygon","coordinates":[[[76.9330715,28.416694],[76.9327464,28.4166879],[76.9327526,28.4164307],[76.9330777,28.4164369],[76.9330715,28.416694]]]}},{"type":"Feature","properties":{"v":"Hayatpur","m":"38","k":"14/3","t":"Harsaru","vc":"04116","area":374.6,"lat":28.4163808,"lng":76.9329165},"geometry":{"type":"Polygon","coordinates":[[[76.9330777,28.4164369],[76.9327526,28.4164307],[76.9327552,28.4163248],[76.9330803,28.416331],[76.9330777,28.4164369]]]}},{"type":"Feature","properties":{"v":"Hayatpur","m":"38","k":"14/4","t":"Harsaru","vc":"04116","area":428.0,"lat":28.4162674,"lng":76.9329192},"geometry":{"type":"Polygon","coordinates":[[[76.9330803,28.416331],[76.9327552,28.4163248],[76.9327581,28.4162038],[76.9330832,28.41621],[76.9330803,28.416331]]]}},{"type":"Feature","properties":{"v":"Hayatpur","m":"38","k":"14/5","t":"Harsaru","vc":"04116","area":107.2,"lat":28.4161917,"lng":76.932921},"geometry":{"type":"Polygon","coordinates":[[[76.9330832,28.41621],[76.9327581,28.4162038],[76.9327589,28.4161735],[76.933084,28.4161797],[76.9330832,28.41621]]]}},{"type":"Feature","properties":{"v":"Hayatpur","m":"38","k":"14/6","t":"Harsaru","vc":"04116","area":383.2,"lat":28.4164375,"lng":76.933112},"geometry":{"type":"Polygon","coordinates":[[[76.9330715,28.416694],[76.9330777,28.4164369],[76.9330803,28.416331],[76.9330832,28.41621],[76.933084,28.4161797],[76.9331524,28.416181],[76.93314,28.4166953],[76.9330715,28.416694]]]}},{"type":"Feature","properties":{"v":"Hayatpur","m":"38","k":"14/7","t":"Harsaru","vc":"04116","area":1627.4,"lat":28.4164409,"lng":76.9332916},"geometry":{"type":"Polygon","coordinates":[[[76.93314,28.4166953],[76.9331524,28.416181],[76.9334433,28.4161865],[76.9334308,28.4167008],[76.93314,28.4166953]]]}},{"type":"Feature","properties":{"v":"Hayatpur","m":"38","k":"15/1/1","t":"Harsaru","vc":"04116","area":152.4,"lat":28.4167203,"lng":76.9336615},"geometry":{"type":"Polygon","coordinates":[[[76.9334301,28.4167311],[76.9334308,28.4167008],[76.9338415,28.4167086],[76.9338928,28.4167096],[76.9338921,28.4167399],[76.9334301,28.4167311]]]}},{"type":"Feature","properties":{"v":"Hayatpur","m":"38","k":"15/1/2","t":"Harsaru","vc":"04116","area":25.3,"lat":28.4166864,"lng":76.9338677},"geometry":{"type":"Polygon","coordinates":[[[76.9338426,28.4166632],[76.9338939,28.4166642],[76.9338928,28.4167096],[76.9338415,28.4167086],[76.9338426,28.4166632]]]}},{"type":"Feature","properties":{"v":"Hayatpur","m":"54","k":"10/2","t":"Harsaru","vc":"04116","area":355.2,"lat":28.4170299,"lng":76.9341378},"geometry":{"type":"Polygon","coordinates":[[[76.9341145,28.4167441],[76.9341659,28.416745],[76.9341698,28.41729],[76.9341013,28.4172887],[76.9341145,28.4167441]]]}},{"type":"Feature","properties":{"v":"Hayatpur","m":"42","k":"21/2","t":"Harsaru","vc":"04116","area":1214.3,"lat":28.4071865,"lng":76.9314533},"geometry":{"type":"Polygon","coordinates":[[[76.9314423,28.4071931],[76.9313799,28.4072449],[76.9316014,28.4074341],[76.9313106,28.4074286],[76.9313216,28.4069748],[76.9316124,28.4069803],[76.931604,28.4073282],[76.9314423,28.4071931]]]}},{"type":"Feature","properties":{"v":"Hayatpur","m":"42","k":"21/3","t":"Harsaru","vc":"04116","area":287.3,"lat":28.4069321,"lng":76.9314681},"geometry":{"type":"Polygon","coordinates":[[[76.9316146,28.4068895],[76.9316124,28.4069803],[76.9313216,28.4069748],[76.9313238,28.406884],[76.9316146,28.4068895]]]}},{"type":"Feature","properties":{"v":"Hayatpur","m":"42","k":"24/2/2","t":"Harsaru","vc":"04116","area":502.6,"lat":28.407215,"lng":76.9336158},"geometry":{"type":"Polygon","coordinates":[[[76.933667,28.4069587],[76.9336545,28.4074731],[76.9335647,28.4074714],[76.9335772,28.406957],[76.933667,28.4069587]]]}},{"type":"Feature","properties":{"v":"Hayatpur","m":"49","k":"19/3/2","t":"Harsaru","vc":"04116","area":1520.5,"lat":28.4077737,"lng":76.935145},"geometry":{"type":"Polygon","coordinates":[[[76.9350101,28.4080436],[76.9350233,28.407499],[76.9352799,28.4075038],[76.9352667,28.4080484],[76.9350101,28.4080436]]]}},{"type":"Feature","properties":{"v":"Hayatpur","m":"49","k":"9/2","t":"Harsaru","vc":"04116","area":2027.5,"lat":28.4088702,"lng":76.9355036},"geometry":{"type":"Polygon","coordinates":[[[76.9356681,28.4091457],[76.9353259,28.4091392],[76.9353391,28.4085947],[76.9356813,28.4086011],[76.9356681,28.4091457]]]}},{"type":"Feature","properties":{"v":"Hayatpur","m":"50","k":"1/1","t":"Harsaru","vc":"04116","area":202.6,"lat":28.4121154,"lng":76.9342438},"geometry":{"type":"Polygon","coordinates":[[[76.9342543,28.412388],[76.9342201,28.4123873],[76.9342333,28.4118428],[76.9342675,28.4118434],[76.9342565,28.4122972],[76.9342543,28.412388]]]}},{"type":"Feature","properties":{"v":"Hayatpur","m":"50","k":"1/2/1/2","t":"Harsaru","vc":"04116","area":76.0,"lat":28.4123525,"lng":76.934867},"geometry":{"type":"Polygon","coordinates":[[[76.9348212,28.4123079],[76.9349067,28.4123095],[76.9349045,28.4124003],[76.9348361,28.412399],[76.9348212,28.4123079]]]}},{"type":"Feature","properties":{"v":"Hayatpur","m":"50","k":"1/2/1/1","t":"Harsaru","vc":"04116","area":566.2,"lat":28.4123483,"lng":76.934542},"geometry":{"type":"Polygon","coordinates":[[[76.9342565,28.4122972],[76.9348212,28.4123079],[76.9348361,28.412399],[76.9342543,28.412388],[76.9342565,28.4122972]]]}},{"type":"Feature","properties":{"v":"Hayatpur","m":"50","k":"2/1","t":"Harsaru","vc":"04116","area":732.4,"lat":28.4123577,"lng":76.9352567},"geometry":{"type":"Polygon","coordinates":[[[76.9349045,28.4124003],[76.9349067,28.4123095],[76.9355915,28.4123074],[76.9355889,28.4124133],[76.9349045,28.4124003]]]}},{"type":"Feature","properties":{"v":"Hayatpur","m":"50","k":"3/2","t":"Harsaru","vc":"04116","area":101.3,"lat":28.4121537,"lng":76.9362713},"geometry":{"type":"Polygon","coordinates":[[[76.9362865,28.4118816],[76.9362733,28.4124262],[76.9362562,28.4124259],[76.9362694,28.4118813],[76.9362865,28.4118816]]]}},{"type":"Feature","properties":{"v":"Hayatpur","m":"50","k":"5/2","t":"Harsaru","vc":"04116","area":32.5,"lat":28.4119062,"lng":76.9370547},"geometry":{"type":"Polygon","coordinates":[[[76.9371144,28.4118973],[76.9371172,28.4118974],[76.9371381,28.4119213],[76.9371352,28.4119211],[76.9369705,28.4119097],[76.9369709,28.4118946],[76.9371144,28.4118973]]]}},{"type":"Feature","properties":{"v":"Hayatpur","m":"50","k":"7/2","t":"Harsaru","vc":"04116","area":901.0,"lat":28.4118053,"lng":76.9365166},"geometry":{"type":"Polygon","coordinates":[[[76.9369709,28.4118946],[76.9362865,28.4118816],[76.9362924,28.4116396],[76.9369709,28.4118946]]]}},{"type":"Feature","properties":{"v":"Hayatpur","m":"50","k":"8/1/1","t":"Harsaru","vc":"04116","area":45.6,"lat":28.4117591,"lng":76.9362809},"geometry":{"type":"Polygon","coordinates":[[[76.9362754,28.4116339],[76.9362924,28.4116396],[76.9362865,28.4118816],[76.9362694,28.4118813],[76.9362754,28.4116339]]]}},{"type":"Feature","properties":{"v":"Hayatpur","m":"50","k":"8/1/2","t":"Harsaru","vc":"04116","area":55.8,"lat":28.4114868,"lng":76.9362875},"geometry":{"type":"Polygon","coordinates":[[[76.9362924,28.4116396],[76.9362754,28.4116339],[76.9362826,28.4113367],[76.9362997,28.411337],[76.9362924,28.4116396]]]}},{"type":"Feature","properties":{"v":"Hayatpur","m":"50","k":"8/2/2","t":"Harsaru","vc":"04116","area":1403.5,"lat":28.4114375,"lng":76.9360062},"geometry":{"type":"Polygon","coordinates":[[[76.9356153,28.4113241],[76.9362826,28.4113367],[76.9362754,28.4116339],[76.9356131,28.4114135],[76.9356153,28.4113241]]]}},{"type":"Feature","properties":{"v":"Hayatpur","m":"50","k":"9/3","t":"Harsaru","vc":"04116","area":1013.7,"lat":28.4117941,"lng":76.9352616},"geometry":{"type":"Polygon","coordinates":[[[76.9349177,28.4118557],[76.934921,28.4117196],[76.9350579,28.4117222],[76.9356054,28.4117325],[76.9356021,28.4118687],[76.9349177,28.4118557]]]}},{"type":"Feature","properties":{"v":"Hayatpur","m":"50","k":"9/1/2","t":"Harsaru","vc":"04116","area":66.6,"lat":28.411353,"lng":76.9355689},"geometry":{"type":"Polygon","coordinates":[[[76.9356131,28.4114135],[76.9354784,28.4113215],[76.9356153,28.4113241],[76.9356131,28.4114135]]]}},{"type":"Feature","properties":{"v":"Hayatpur","m":"50","k":"9/2/1","t":"Harsaru","vc":"04116","area":1475.7,"lat":28.4116027,"lng":76.9353264},"geometry":{"type":"Polygon","coordinates":[[[76.9350579,28.4117222],[76.9350641,28.411465],[76.9354405,28.4114721],[76.9356102,28.4115359],[76.9356054,28.4117325],[76.9350579,28.4117222]]]}},{"type":"Feature","properties":{"v":"Hayatpur","m":"50","k":"9/2/2","t":"Harsaru","vc":"04116","area":56.3,"lat":28.4114945,"lng":76.9355541},"geometry":{"type":"Polygon","coordinates":[[[76.9356116,28.4114754],[76.9356102,28.4115359],[76.9354405,28.4114721],[76.9356116,28.4114754]]]}},{"type":"Feature","properties":{"v":"Hayatpur","m":"50","k":"9/2/3","t":"Harsaru","vc":"04116","area":383.1,"lat":28.4115923,"lng":76.9349926},"geometry":{"type":"Polygon","coordinates":[[[76.9350641,28.411465],[76.9350579,28.4117222],[76.934921,28.4117196],[76.9349272,28.4114624],[76.9350641,28.411465]]]}},{"type":"Feature","properties":{"v":"Hayatpur","m":"50","k":"10/1","t":"Harsaru","vc":"04116","area":1013.6,"lat":28.4117812,"lng":76.9345771},"geometry":{"type":"Polygon","coordinates":[[[76.9349177,28.4118557],[76.9342675,28.4118434],[76.9342333,28.4118428],[76.9342366,28.4117066],[76.934921,28.4117196],[76.9349177,28.4118557]]]}},{"type":"Feature","properties":{"v":"Hayatpur","m":"50","k":"10/3","t":"Harsaru","vc":"04116","area":1126.3,"lat":28.4113803,"lng":76.9345869},"geometry":{"type":"Polygon","coordinates":[[[76.9349272,28.4114624],[76.9342429,28.4114494],[76.9342465,28.4112982],[76.9342807,28.4112988],[76.9349309,28.4113111],[76.9349272,28.4114624]]]}},{"type":"Feature","properties":{"v":"Hayatpur","m":"50","k":"11/1","t":"Harsaru","vc":"04116","area":202.7,"lat":28.4110262,"lng":76.9342702},"geometry":{"type":"Polygon","coordinates":[[[76.9342939,28.4107542],[76.934291,28.4108752],[76.9342862,28.4110719],[76.9342807,28.4112988],[76.9342465,28.4112982],[76.9342597,28.4107536],[76.9342939,28.4107542]]]}},{"type":"Feature","properties":{"v":"Hayatpur","m":"50","k":"11/2/1/2","t":"Harsaru","vc":"04116","area":25.3,"lat":28.4110987,"lng":76.9349018},"geometry":{"type":"Polygon","coordinates":[[[76.9348338,28.4110823],[76.9349364,28.4110842],[76.9349353,28.4111296],[76.9348338,28.4110823]]]}},{"type":"Feature","properties":{"v":"Hayatpur","m":"50","k":"11/2/2/2","t":"Harsaru","vc":"04116","area":1661.6,"lat":28.4108873,"lng":76.9346662},"geometry":{"type":"Polygon","coordinates":[[[76.9342939,28.4107542],[76.9349441,28.4107665],[76.9349364,28.4110842],[76.9348338,28.4110823],[76.934291,28.4108752],[76.9342939,28.4107542]]]}},{"type":"Feature","properties":{"v":"Hayatpur","m":"50","k":"11/2/2/1","t":"Harsaru","vc":"04116","area":586.0,"lat":28.4110098,"lng":76.9344703},"geometry":{"type":"Polygon","coordinates":[[[76.9348338,28.4110823],[76.9342862,28.4110719],[76.934291,28.4108752],[76.9348338,28.4110823]]]}},{"type":"Feature","properties":{"v":"Hayatpur","m":"50","k":"12/1/1","t":"Harsaru","vc":"04116","area":540.6,"lat":28.4112541,"lng":76.9351149},"geometry":{"type":"Polygon","coordinates":[[[76.9354784,28.4113215],[76.9349309,28.4113111],[76.9349353,28.4111296],[76.9354784,28.4113215]]]}},{"type":"Feature","properties":{"v":"Hayatpur","m":"50","k":"12/1/2","t":"Harsaru","vc":"04116","area":1149.0,"lat":28.4111807,"lng":76.9353516},"geometry":{"type":"Polygon","coordinates":[[[76.9354784,28.4113215],[76.9349353,28.4111296],[76.9349364,28.4110842],[76.9356208,28.4110972],[76.9356153,28.4113241],[76.9354784,28.4113215]]]}},{"type":"Feature","properties":{"v":"Hayatpur","m":"50","k":"13/2/1","t":"Harsaru","vc":"04116","area":90.1,"lat":28.4110948,"lng":76.936297},"geometry":{"type":"Polygon","coordinates":[[[76.9362943,28.4108526],[76.9363114,28.410853],[76.9362997,28.411337],[76.9362826,28.4113367],[76.9362943,28.4108526]]]}},{"type":"Feature","properties":{"v":"Hayatpur","m":"50","k":"13/2/2","t":"Harsaru","vc":"04116","area":11.3,"lat":28.4108225,"lng":76.9363036},"geometry":{"type":"Polygon","coordinates":[[[76.9362958,28.4107921],[76.9363129,28.4107925],[76.9363114,28.410853],[76.9362943,28.4108526],[76.9362958,28.4107921]]]}},{"type":"Feature","properties":{"v":"Hayatpur","m":"50","k":"","t":"Harsaru","vc":"04116","area":1352.0,"lat":28.4109046,"lng":76.9367286},"geometry":{"type":"Polygon","coordinates":[[[76.9363129,28.4107925],[76.9369973,28.4108054],[76.93699,28.411108],[76.9363114,28.410853],[76.9363129,28.4107925]]]}},{"type":"Feature","properties":{"v":"Hayatpur","m":"50","k":"15/1","t":"Harsaru","vc":"04116","area":1082.1,"lat":28.4113035,"lng":76.9371314},"geometry":{"type":"Polygon","coordinates":[[[76.9374192,28.4112389],[76.9374252,28.4112407],[76.9371639,28.4114288],[76.936979,28.4115618],[76.936979,28.411559],[76.9369841,28.41135],[76.93699,28.411108],[76.9374192,28.4112389]]]}},{"type":"Feature","properties":{"v":"Hayatpur","m":"50","k":"18/2/2","t":"Harsaru","vc":"04116","area":3264.1,"lat":28.4104714,"lng":76.9359981},"geometry":{"type":"Polygon","coordinates":[[[76.9362273,28.4107908],[76.9356336,28.4105677],[76.9356417,28.4102349],[76.936309,28.4102475],[76.9362958,28.4107921],[76.9362273,28.4107908]]]}},{"type":"Feature","properties":{"v":"Hayatpur","m":"50","k":"18/2/1","t":"Harsaru","vc":"04116","area":689.9,"lat":28.4107127,"lng":76.9358298},"geometry":{"type":"Polygon","coordinates":[[[76.9356285,28.4107795],[76.9356336,28.4105677],[76.9362273,28.4107908],[76.9356285,28.4107795]]]}},{"type":"Feature","properties":{"v":"Hayatpur","m":"50","k":"19/1/2","t":"Harsaru","vc":"04116","area":1013.8,"lat":28.4103703,"lng":76.9354799},"geometry":{"type":"Polygon","coordinates":[[[76.9352995,28.4102284],[76.9356417,28.4102349],[76.9356336,28.4105677],[76.9352944,28.4104402],[76.9352951,28.41041],[76.9352995,28.4102284]]]}},{"type":"Feature","properties":{"v":"Hayatpur","m":"50","k":"19/2/2/1","t":"Harsaru","vc":"04116","area":160.6,"lat":28.4103753,"lng":76.935062},"geometry":{"type":"Polygon","coordinates":[[[76.935278,28.4104096],[76.9349529,28.4104035],[76.9349551,28.4103127],[76.935278,28.4104096]]]}},{"type":"Feature","properties":{"v":"Hayatpur","m":"50","k":"19/2/2/2","t":"Harsaru","vc":"04116","area":515.4,"lat":28.4102974,"lng":76.9351462},"geometry":{"type":"Polygon","coordinates":[[[76.9349573,28.4102219],[76.9352995,28.4102284],[76.9352951,28.41041],[76.935278,28.4104096],[76.9349551,28.4103127],[76.9349573,28.4102219]]]}},{"type":"Feature","properties":{"v":"Hayatpur","m":"50","k":"20/1/1","t":"Harsaru","vc":"04116","area":2568.0,"lat":28.4105789,"lng":76.9346234},"geometry":{"type":"Polygon","coordinates":[[[76.9343027,28.4103912],[76.9349529,28.4104035],[76.9349441,28.4107665],[76.9342939,28.4107542],[76.9343027,28.4103912]]]}},{"type":"Feature","properties":{"v":"Hayatpur","m":"50","k":"20/1/2/1","t":"Harsaru","vc":"04116","area":1166.3,"lat":28.4103122,"lng":76.934605},"geometry":{"type":"Polygon","coordinates":[[[76.9343027,28.4103912],[76.9343071,28.4102096],[76.9347178,28.4102174],[76.9349551,28.4103127],[76.9349529,28.4104035],[76.9343027,28.4103912]]]}},{"type":"Feature","properties":{"v":"Hayatpur","m":"50","k":"20/1/2/2","t":"Harsaru","vc":"04116","area":118.3,"lat":28.4102507,"lng":76.9348767},"geometry":{"type":"Polygon","coordinates":[[[76.9349573,28.4102219],[76.9349551,28.4103127],[76.9347178,28.4102174],[76.9349573,28.4102219]]]}},{"type":"Feature","properties":{"v":"Hayatpur","m":"50","k":"21/2/2","t":"Harsaru","vc":"04116","area":2086.9,"lat":28.409864,"lng":76.9346407},"geometry":{"type":"Polygon","coordinates":[[[76.9343121,28.4100054],[76.9343192,28.4097104],[76.9349694,28.4097227],[76.9349623,28.4100177],[76.9343121,28.4100054]]]}},{"type":"Feature","properties":{"v":"Hayatpur","m":"50","k":"21/2/1/1","t":"Harsaru","vc":"04116","area":321.1,"lat":28.4101643,"lng":76.9344452},"geometry":{"type":"Polygon","coordinates":[[[76.9343106,28.4100659],[76.9347178,28.4102174],[76.9343071,28.4102096],[76.9343106,28.4100659]]]}},{"type":"Feature","properties":{"v":"Hayatpur","m":"50","k":"21/2/1/2","t":"Harsaru","vc":"04116","area":1123.6,"lat":28.4100992,"lng":76.9346889},"geometry":{"type":"Polygon","coordinates":[[[76.9349573,28.4102219],[76.9347178,28.4102174],[76.9343106,28.4100659],[76.9343121,28.4100054],[76.9349623,28.4100177],[76.9349573,28.4102219]]]}},{"type":"Feature","properties":{"v":"Hayatpur","m":"50","k":"21/1","t":"Harsaru","vc":"04116","area":185.9,"lat":28.4099597,"lng":76.9342961},"geometry":{"type":"Polygon","coordinates":[[[76.9343106,28.4100659],[76.9343071,28.4102096],[76.9342729,28.410209],[76.934285,28.4097098],[76.9343192,28.4097104],[76.9343121,28.4100054],[76.9343106,28.4100659]]]}},{"type":"Feature","properties":{"v":"Hayatpur","m":"50","k":"22/1/1","t":"Harsaru","vc":"04116","area":760.2,"lat":28.4101231,"lng":76.9351309},"geometry":{"type":"Polygon","coordinates":[[[76.9352995,28.4102284],[76.9349573,28.4102219],[76.9349623,28.4100177],[76.9353044,28.4100242],[76.9352995,28.4102284]]]}},{"type":"Feature","properties":{"v":"Hayatpur","m":"50","k":"22/1/2","t":"Harsaru","vc":"04116","area":1098.2,"lat":28.4098734,"lng":76.9351369},"geometry":{"type":"Polygon","coordinates":[[[76.9353044,28.4100242],[76.9349623,28.4100177],[76.9349694,28.4097227],[76.9353116,28.4097292],[76.9353044,28.4100242]]]}},{"type":"Feature","properties":{"v":"Hayatpur","m":"50","k":"23/2","t":"Harsaru","vc":"04116","area":92.9,"lat":28.4099981,"lng":76.9363236},"geometry":{"type":"Polygon","coordinates":[[[76.9363261,28.4102479],[76.936309,28.4102475],[76.9363211,28.4097483],[76.9363382,28.4097487],[76.9363261,28.4102479]]]}},{"type":"Feature","properties":{"v":"Hayatpur","m":"50","k":"25/1","t":"Harsaru","vc":"04116","area":492.0,"lat":28.4102059,"lng":76.9371994},"geometry":{"type":"Polygon","coordinates":[[[76.937297,28.4101452],[76.9373502,28.4101462],[76.9374211,28.4102686],[76.9373717,28.4102677],[76.9370105,28.4102608],[76.9370134,28.4101398],[76.937297,28.4101452]]]}},{"type":"Feature","properties":{"v":"Hayatpur","m":"41","k":"4/2","t":"Harsaru","vc":"04116","area":236.5,"lat":28.4118991,"lng":76.9334788},"geometry":{"type":"Polygon","coordinates":[[[76.9335489,28.4118298],[76.9335438,28.4120416],[76.9333436,28.4118259],[76.9335489,28.4118298]]]}},{"type":"Feature","properties":{"v":"Hayatpur","m":"41","k":"5/1","t":"Harsaru","vc":"04116","area":619.5,"lat":28.4122656,"lng":76.9336525},"geometry":{"type":"Polygon","coordinates":[[[76.9338779,28.4123809],[76.9335357,28.4123744],[76.9335438,28.4120416],[76.9338779,28.4123809]]]}},{"type":"Feature","properties":{"v":"Hayatpur","m":"41","k":"5/2","t":"Harsaru","vc":"04116","area":1053.7,"lat":28.4121557,"lng":76.933773},"geometry":{"type":"Polygon","coordinates":[[[76.9335438,28.4120416],[76.9335489,28.4118298],[76.9336332,28.4119146],[76.9341004,28.4123851],[76.9338779,28.4123809],[76.9335438,28.4120416]]]}},{"type":"Feature","properties":{"v":"Hayatpur","m":"41","k":"5/3/2","t":"Harsaru","vc":"04116","area":332.6,"lat":28.4118741,"lng":76.933774},"geometry":{"type":"Polygon","coordinates":[[[76.9339575,28.4119208],[76.9336332,28.4119146],[76.9335489,28.4118298],[76.9339596,28.4118376],[76.9339575,28.4119208]]]}},{"type":"Feature","properties":{"v":"Hayatpur","m":"41","k":"5/3/3","t":"Harsaru","vc":"04116","area":384.3,"lat":28.4119191,"lng":76.9340688},"geometry":{"type":"Polygon","coordinates":[[[76.934182,28.4118418],[76.9341781,28.4120006],[76.9339557,28.4119964],[76.9339575,28.4119208],[76.9339596,28.4118376],[76.934182,28.4118418]]]}},{"type":"Feature","properties":{"v":"Hayatpur","m":"41","k":"6/1/1","t":"Harsaru","vc":"04116","area":274.6,"lat":28.4117829,"lng":76.9340722},"geometry":{"type":"Polygon","coordinates":[[[76.9339623,28.4117241],[76.9341847,28.4117283],[76.934182,28.4118418],[76.9339596,28.4118376],[76.9339623,28.4117241]]]}},{"type":"Feature","properties":{"v":"Hayatpur","m":"41","k":"6/1/2","t":"Harsaru","vc":"04116","area":1600.9,"lat":28.4116854,"lng":76.9338339},"geometry":{"type":"Polygon","coordinates":[[[76.9339623,28.4117241],[76.9339596,28.4118376],[76.9335489,28.4118298],[76.9335508,28.4117541],[76.9335555,28.4115575],[76.9341886,28.4115695],[76.9341847,28.4117283],[76.9339623,28.4117241]]]}},{"type":"Feature","properties":{"v":"Hayatpur","m":"41","k":"7/2/2","t":"Harsaru","vc":"04116","area":703.9,"lat":28.4114265,"lng":76.9330726},"geometry":{"type":"Polygon","coordinates":[[[76.9330488,28.4112755],[76.9332163,28.41143],[76.9332104,28.411672],[76.9328763,28.4113327],[76.9328777,28.4112722],[76.9330488,28.4112755]]]}},{"type":"Feature","properties":{"v":"Hayatpur","m":"41","k":"7/2/3","t":"Harsaru","vc":"04116","area":140.8,"lat":28.4113281,"lng":76.9331617},"geometry":{"type":"Polygon","coordinates":[[[76.9330488,28.4112755],[76.9332199,28.4112787],[76.9332163,28.41143],[76.9330488,28.4112755]]]}},{"type":"Feature","properties":{"v":"Hayatpur","m":"41","k":"7/1/1/2","t":"Harsaru","vc":"04116","area":325.4,"lat":28.4116336,"lng":76.9334685},"geometry":{"type":"Polygon","coordinates":[[[76.9334779,28.4117445],[76.9333157,28.4115495],[76.9335555,28.4115575],[76.9335508,28.4117541],[76.9334779,28.4117445]]]}},{"type":"Feature","properties":{"v":"Hayatpur","m":"41","k":"7/1/1","t":"Harsaru","vc":"04116","area":940.0,"lat":28.4114106,"lng":76.9333979},"geometry":{"type":"Polygon","coordinates":[[[76.9333157,28.4115495],[76.9332163,28.41143],[76.9332199,28.4112787],[76.9335621,28.4112852],[76.9335555,28.4115575],[76.9333157,28.4115495]]]}},{"type":"Feature","properties":{"v":"Hayatpur","m":"41","k":"7/1/2","t":"Harsaru","vc":"04116","area":619.4,"lat":28.4116799,"lng":76.9333368},"geometry":{"type":"Polygon","coordinates":[[[76.9335489,28.4118298],[76.9333436,28.4118259],[76.9332104,28.411672],[76.9332163,28.41143],[76.9333157,28.4115495],[76.9334779,28.4117445],[76.9335489,28.4118298]]]}},{"type":"Feature","properties":{"v":"Hayatpur","m":"41","k":"7/1/3","t":"Harsaru","vc":"04116","area":112.7,"lat":28.4117737,"lng":76.9332536},"geometry":{"type":"Polygon","coordinates":[[[76.9332104,28.411672],[76.9333436,28.4118259],[76.9332067,28.4118233],[76.9332104,28.411672]]]}},{"type":"Feature","properties":{"v":"Hayatpur","m":"41","k":"8/2","t":"Harsaru","vc":"04116","area":22.5,"lat":28.4112919,"lng":76.9328544},"geometry":{"type":"Polygon","coordinates":[[[76.9328093,28.4112709],[76.9328777,28.4112722],[76.9328763,28.4113327],[76.9328093,28.4112709]]]}},{"type":"Feature","properties":{"v":"Hayatpur","m":"41","k":"13/1","t":"Harsaru","vc":"04116","area":377.8,"lat":28.4110852,"lng":76.9325913},"geometry":{"type":"Polygon","coordinates":[[[76.9322827,28.4107161],[76.9328093,28.4112709],[76.9326818,28.4112685],[76.9322827,28.4107161]]]}},{"type":"Feature","properties":{"v":"Hayatpur","m":"41","k":"13/3","t":"Harsaru","vc":"04116","area":743.5,"lat":28.4108463,"lng":76.9327625},"geometry":{"type":"Polygon","coordinates":[[[76.9328909,28.4107276],[76.9328821,28.4110907],[76.9325145,28.4107205],[76.9328909,28.4107276]]]}},{"type":"Feature","properties":{"v":"Hayatpur","m":"41","k":"14/1","t":"Harsaru","vc":"04116","area":168.9,"lat":28.4112128,"lng":76.9329362},"geometry":{"type":"Polygon","coordinates":[[[76.9330488,28.4112755],[76.9328777,28.4112722],[76.9328821,28.4110907],[76.9330488,28.4112755]]]}},{"type":"Feature","properties":{"v":"Hayatpur","m":"54","k":"3/1","t":"Harsaru","vc":"04116","area":101.3,"lat":28.417587,"lng":76.9354721},"geometry":{"type":"Polygon","coordinates":[[[76.9354873,28.4173149],[76.9354741,28.4178595],[76.935457,28.4178592],[76.9354702,28.4173146],[76.9354873,28.4173149]]]}},{"type":"Feature","properties":{"v":"Hayatpur","m":"54","k":"3/2","t":"Harsaru","vc":"04116","area":709.8,"lat":28.4175884,"lng":76.9355406},"geometry":{"type":"Polygon","coordinates":[[[76.9354741,28.4178595],[76.9354873,28.4173149],[76.9356071,28.4173172],[76.9355939,28.4178618],[76.9354741,28.4178595]]]}},{"type":"Feature","properties":{"v":"Hayatpur","m":"54","k":"3/3","t":"Harsaru","vc":"04116","area":709.8,"lat":28.4175906,"lng":76.9356604},"geometry":{"type":"Polygon","coordinates":[[[76.9355939,28.4178618],[76.9356071,28.4173172],[76.9357269,28.4173194],[76.9357137,28.417864],[76.9356452,28.4178627],[76.9355939,28.4178618]]]}},{"type":"Feature","properties":{"v":"Hayatpur","m":"54","k":"5/2","t":"Harsaru","vc":"04116","area":3953.7,"lat":28.4176194,"lng":76.9371833},"geometry":{"type":"Polygon","coordinates":[[[76.9375103,28.417898],[76.936843,28.4178854],[76.9368562,28.4173408],[76.9375235,28.4173534],[76.9375103,28.417898]]]}},{"type":"Feature","properties":{"v":"Hayatpur","m":"54","k":"4/2","t":"Harsaru","vc":"04116","area":2027.8,"lat":28.4176095,"lng":76.9366614},"geometry":{"type":"Polygon","coordinates":[[[76.9368391,28.4173405],[76.9368259,28.4178851],[76.9364837,28.4178786],[76.9364968,28.417334],[76.9368391,28.4173405]]]}},{"type":"Feature","properties":{"v":"Hayatpur","m":"54","k":"19/1","t":"Harsaru","vc":"04116","area":475.8,"lat":28.4160477,"lng":76.935304},"geometry":{"type":"Polygon","coordinates":[[[76.9354176,28.4159515],[76.9354129,28.4161481],[76.9351904,28.4161439],[76.9351952,28.4159473],[76.9354176,28.4159515]]]}},{"type":"Feature","properties":{"v":"Hayatpur","m":"54","k":"22/1","t":"Harsaru","vc":"04116","area":1250.2,"lat":28.415584,"lng":76.9351954},"geometry":{"type":"Polygon","coordinates":[[[76.9355098,28.4156808],[76.9348767,28.4156688],[76.9348811,28.4154873],[76.9355142,28.4154993],[76.9355098,28.4156808]]]}},{"type":"Feature","properties":{"v":"Hayatpur","m":"54","k":"23/2","t":"Harsaru","vc":"04116","area":506.9,"lat":28.4155094,"lng":76.9360503},"geometry":{"type":"Polygon","coordinates":[[[76.9360021,28.4151453],[76.93616,28.4156931],[76.9359889,28.4156899],[76.9360021,28.4151453]]]}},{"type":"Feature","properties":{"v":"Hayatpur","m":"54","k":"11/1","t":"Harsaru","vc":"04116","area":304.5,"lat":28.4164722,"lng":76.9341468},"geometry":{"type":"Polygon","coordinates":[[[76.9341145,28.4167441],[76.9341277,28.4161995],[76.9341791,28.4162004],[76.9341659,28.416745],[76.9341145,28.4167441]]]}},{"type":"Feature","properties":{"v":"Hayatpur","m":"54","k":"20/1","t":"Harsaru","vc":"04116","area":304.5,"lat":28.4159277,"lng":76.93416},"geometry":{"type":"Polygon","coordinates":[[[76.9341923,28.4156559],[76.9341791,28.4162004],[76.9341277,28.4161995],[76.9341409,28.4156549],[76.9341923,28.4156559]]]}},{"type":"Feature","properties":{"v":"Hayatpur","m":"54","k":"21/1/2","t":"Harsaru","vc":"04116","area":912.5,"lat":28.4153851,"lng":76.9342759},"geometry":{"type":"Polygon","coordinates":[[[76.9341923,28.4156559],[76.9342055,28.4151113],[76.9343595,28.4151142],[76.9343463,28.4156588],[76.9341923,28.4156559]]]}},{"type":"Feature","properties":{"v":"Hayatpur","m":"38","k":"25/2","t":"Harsaru","vc":"04116","area":811.2,"lat":28.4153813,"lng":76.9340791},"geometry":{"type":"Polygon","coordinates":[[[76.9341028,28.4151093],[76.9341541,28.4151103],[76.9341409,28.4156549],[76.934004,28.4156523],[76.9340172,28.4151077],[76.9341028,28.4151093]]]}},{"type":"Feature","properties":{"v":"Hayatpur","m":"38","k":"16/1","t":"Harsaru","vc":"04116","area":811.1,"lat":28.4159259,"lng":76.9340659},"geometry":{"type":"Polygon","coordinates":[[[76.9341409,28.4156549],[76.9341277,28.4161995],[76.9339908,28.4161969],[76.934004,28.4156523],[76.9341409,28.4156549]]]}},{"type":"Feature","properties":{"v":"Hayatpur","m":"53","k":"2/2","t":"Harsaru","vc":"04116","area":591.0,"lat":28.414625,"lng":76.9351984},"geometry":{"type":"Polygon","coordinates":[[[76.9348499,28.4146543],[76.9348517,28.4145787],[76.9354848,28.4145907],[76.9355362,28.4145916],[76.9355341,28.4146748],[76.9348499,28.4146543]]]}},{"type":"Feature","properties":{"v":"Hayatpur","m":"53","k":"1/1","t":"Harsaru","vc":"04116","area":279.2,"lat":28.4148158,"lng":76.9341869},"geometry":{"type":"Polygon","coordinates":[[[76.9341552,28.4150649],[76.9341673,28.4145657],[76.9342187,28.4145667],[76.9342066,28.4150659],[76.9341552,28.4150649]]]}},{"type":"Feature","properties":{"v":"Hayatpur","m":"53","k":"4/1/1","t":"Harsaru","vc":"04116","area":400.0,"lat":28.4147324,"lng":76.9362346},"geometry":{"type":"Polygon","coordinates":[[[76.9362541,28.4146355],[76.9362427,28.4151044],[76.9362085,28.4151038],[76.9362206,28.4146046],[76.9366826,28.4146133],[76.936905,28.4146175],[76.9369043,28.4146478],[76.9362541,28.4146355]]]}},{"type":"Feature","properties":{"v":"Hayatpur","m":"53","k":"5/2","t":"Harsaru","vc":"04116","area":11.3,"lat":28.414633,"lng":76.9369217},"geometry":{"type":"Polygon","coordinates":[[[76.9369385,28.4146484],[76.9369043,28.4146478],[76.936905,28.4146175],[76.9369392,28.4146182],[76.9369385,28.4146484]]]}},{"type":"Feature","properties":{"v":"Hayatpur","m":"53","k":"6/2","t":"Harsaru","vc":"04116","area":135.1,"lat":28.4144363,"lng":76.9369265},"geometry":{"type":"Polygon","coordinates":[[[76.936948,28.4142551],[76.9369392,28.4146182],[76.936905,28.4146175],[76.9369138,28.4142545],[76.936948,28.4142551]]]}},{"type":"Feature","properties":{"v":"Hayatpur","m":"53","k":"6/3","t":"Harsaru","vc":"04116","area":1351.7,"lat":28.4141702,"lng":76.9372582},"geometry":{"type":"Polygon","coordinates":[[[76.9369182,28.4140729],[76.9376026,28.4140859],[76.9375986,28.4142523],[76.9375982,28.4142674],[76.936948,28.4142551],[76.9369138,28.4142545],[76.9369182,28.4140729]]]}},{"type":"Feature","properties":{"v":"Hayatpur","m":"53","k":"7/1","t":"Harsaru","vc":"04116","area":1318.0,"lat":28.4143431,"lng":76.9368004},"geometry":{"type":"Polygon","coordinates":[[[76.9366826,28.4146133],[76.9366957,28.4140687],[76.9369182,28.4140729],[76.9369138,28.4142545],[76.936905,28.4146175],[76.9366826,28.4146133]]]}},{"type":"Feature","properties":{"v":"Hayatpur","m":"53","k":"9/2/1","t":"Harsaru","vc":"04116","area":2605.2,"lat":28.4143898,"lng":76.9352068},"geometry":{"type":"Polygon","coordinates":[[[76.9354969,28.4140914],[76.9354848,28.4145907],[76.9348517,28.4145787],[76.934858,28.4143215],[76.9354969,28.4140914]]]}},{"type":"Feature","properties":{"v":"Hayatpur","m":"53","k":"9/2/2","t":"Harsaru","vc":"04116","area":1145.8,"lat":28.4141365,"lng":76.9351023},"geometry":{"type":"Polygon","coordinates":[[[76.9354969,28.4140914],[76.934858,28.4143215],[76.9348609,28.4142005],[76.9348624,28.41414],[76.9348649,28.4140341],[76.935498,28.4140461],[76.9354969,28.4140914]]]}},{"type":"Feature","properties":{"v":"Hayatpur","m":"53","k":"10/1/2","t":"Harsaru","vc":"04116","area":833.4,"lat":28.414255,"lng":76.9345429},"geometry":{"type":"Polygon","coordinates":[[[76.934858,28.4143215],[76.9342249,28.4143095],[76.9342278,28.4141885],[76.9348609,28.4142005],[76.934858,28.4143215]]]}},{"type":"Feature","properties":{"v":"Hayatpur","m":"53","k":"10/2/2","t":"Harsaru","vc":"04116","area":59.2,"lat":28.4140745,"lng":76.9342049},"geometry":{"type":"Polygon","coordinates":[[[76.9342293,28.414128],[76.934178,28.414127],[76.9341805,28.4140211],[76.9342319,28.4140221],[76.9342293,28.414128]]]}},{"type":"Feature","properties":{"v":"Hayatpur","m":"53","k":"11/1","t":"Harsaru","vc":"04116","area":304.6,"lat":28.4137493,"lng":76.9342128},"geometry":{"type":"Polygon","coordinates":[[[76.9342451,28.4134775],[76.9342319,28.4140221],[76.9341805,28.4140211],[76.9341937,28.4134765],[76.9342451,28.4134775]]]}},{"type":"Feature","properties":{"v":"Hayatpur","m":"53","k":"20/2","t":"Harsaru","vc":"04116","area":304.5,"lat":28.4132047,"lng":76.934226},"geometry":{"type":"Polygon","coordinates":[[[76.9342557,28.4130388],[76.9342451,28.4134775],[76.9341937,28.4134765],[76.9342069,28.4129319],[76.9342583,28.4129329],[76.9342557,28.4130388]]]}},{"type":"Feature","properties":{"v":"Hayatpur","m":"53","k":"20/1/2","t":"Harsaru","vc":"04116","area":677.4,"lat":28.412988,"lng":76.9345655},"geometry":{"type":"Polygon","coordinates":[[[76.9348913,28.4129449],[76.9348891,28.4130357],[76.9342557,28.4130388],[76.9342583,28.4129329],[76.9348913,28.4129449]]]}},{"type":"Feature","properties":{"v":"Hayatpur","m":"53","k":"19/2","t":"Harsaru","vc":"04116","area":732.0,"lat":28.4130008,"lng":76.935241},"geometry":{"type":"Polygon","coordinates":[[[76.9355757,28.4129579],[76.9355732,28.4130637],[76.9348891,28.4130357],[76.9348913,28.4129449],[76.9355757,28.4129579]]]}},{"type":"Feature","properties":{"v":"Hayatpur","m":"53","k":"21/1","t":"Harsaru","vc":"04116","area":42.3,"lat":28.4128818,"lng":76.9342253},"geometry":{"type":"Polygon","coordinates":[[[76.9342106,28.4127807],[76.9342583,28.4129329],[76.9342069,28.4129319],[76.9342106,28.4127807]]]}},{"type":"Feature","properties":{"v":"Hayatpur","m":"53","k":"21/2/2","t":"Harsaru","vc":"04116","area":1576.9,"lat":28.4124997,"lng":76.9345598},"geometry":{"type":"Polygon","coordinates":[[[76.934215,28.4125991],[76.9342201,28.4123873],[76.9342543,28.412388],[76.9348361,28.412399],[76.9349045,28.4124003],[76.9348994,28.4126121],[76.934215,28.4125991]]]}},{"type":"Feature","properties":{"v":"Hayatpur","m":"53","k":"22/2","t":"Harsaru","vc":"04116","area":1577.1,"lat":28.4125127,"lng":76.9352442},"geometry":{"type":"Polygon","coordinates":[[[76.9348994,28.4126121],[76.9349045,28.4124003],[76.9355889,28.4124133],[76.9355838,28.4126251],[76.9348994,28.4126121]]]}},{"type":"Feature","properties":{"v":"Hayatpur","m":"53","k":"23/2","t":"Harsaru","vc":"04116","area":101.5,"lat":28.4126982,"lng":76.9362582},"geometry":{"type":"Polygon","coordinates":[[[76.9362708,28.4125321],[76.9362601,28.4129708],[76.936243,28.4129705],[76.9362562,28.4124259],[76.9362733,28.4124262],[76.9362708,28.4125321]]]}},{"type":"Feature","properties":{"v":"Hayatpur","m":"53","k":"17/2","t":"Harsaru","vc":"04116","area":228.1,"lat":28.4132658,"lng":76.9369184},"geometry":{"type":"Polygon","coordinates":[[[76.9369314,28.4135284],[76.9368886,28.4135275],[76.9369103,28.4129831],[76.9369445,28.4129838],[76.9369314,28.4135284]]]}},{"type":"Feature","properties":{"v":"Hayatpur","m":"41","k":"15/2","t":"Harsaru","vc":"04116","area":202.7,"lat":28.4110246,"lng":76.9341847},"geometry":{"type":"Polygon","coordinates":[[[76.9342084,28.4107526],[76.9341952,28.4112972],[76.934161,28.4112965],[76.9341742,28.4107519],[76.9342084,28.4107526]]]}},{"type":"Feature","properties":{"v":"Hayatpur","m":"41","k":"17/1","t":"Harsaru","vc":"04116","area":901.0,"lat":28.4106718,"lng":76.9332061},"geometry":{"type":"Polygon","coordinates":[[[76.9328946,28.4105764],[76.9335775,28.4106498],[76.9335753,28.4107406],[76.9328909,28.4107276],[76.9328946,28.4105764]]]}},{"type":"Feature","properties":{"v":"Hayatpur","m":"41","k":"16/1","t":"Harsaru","vc":"04116","area":202.6,"lat":28.41048,"lng":76.9341979},"geometry":{"type":"Polygon","coordinates":[[[76.9342216,28.410208],[76.9342084,28.4107526],[76.9341742,28.4107519],[76.9341874,28.4102074],[76.9342216,28.410208]]]}},{"type":"Feature","properties":{"v":"Hayatpur","m":"41","k":"16/2/1","t":"Harsaru","vc":"04116","area":295.8,"lat":28.4107141,"lng":76.9337757},"geometry":{"type":"Polygon","coordinates":[[[76.9335775,28.4106498],[76.9341742,28.4107519],[76.9335753,28.4107406],[76.9335775,28.4106498]]]}},{"type":"Feature","properties":{"v":"Hayatpur","m":"41","k":"25/2","t":"Harsaru","vc":"04116","area":185.8,"lat":28.4099581,"lng":76.9342105},"geometry":{"type":"Polygon","coordinates":[[[76.9342216,28.410208],[76.9341874,28.4102074],[76.9341907,28.4100712],[76.9341995,28.4097081],[76.9342337,28.4097088],[76.9342216,28.410208]]]}},{"type":"Feature","properties":{"v":"Hayatpur","m":"41","k":"25/1/1","t":"Harsaru","vc":"04116","area":1380.1,"lat":28.4100906,"lng":76.933855},"geometry":{"type":"Polygon","coordinates":[[[76.9335955,28.4099086],[76.9341907,28.4100712],[76.9341874,28.4102074],[76.9335885,28.410196],[76.9335955,28.4099086]]]}},{"type":"Feature","properties":{"v":"Hayatpur","m":"41","k":"24/2","t":"Harsaru","vc":"04116","area":315.4,"lat":28.4097657,"lng":76.9335077},"geometry":{"type":"Polygon","coordinates":[[[76.9333269,28.4096916],[76.9336006,28.4096968],[76.9335955,28.4099086],[76.9333269,28.4096916]]]}},{"type":"Feature","properties":{"v":"Hayatpur","m":"41","k":"18/2","t":"Harsaru","vc":"04116","area":1153.1,"lat":28.4104815,"lng":76.9321962},"geometry":{"type":"Polygon","coordinates":[[[76.9320895,28.4105257],[76.9319289,28.4101645],[76.9320144,28.4101662],[76.9325145,28.4107205],[76.9322827,28.4107161],[76.9320895,28.4105257]]]}},{"type":"Feature","properties":{"v":"Hayatpur","m":"41","k":"18/1/1","t":"Harsaru","vc":"04116","area":433.6,"lat":28.4102355,"lng":76.9327431},"geometry":{"type":"Polygon","coordinates":[[[76.9329041,28.410183],[76.9329001,28.4103494],[76.9324251,28.410174],[76.9329041,28.410183]]]}},{"type":"Feature","properties":{"v":"Hayatpur","m":"41","k":"23/1","t":"Harsaru","vc":"04116","area":135.3,"lat":28.410131,"lng":76.9322892},"geometry":{"type":"Polygon","coordinates":[[[76.9322227,28.410049],[76.9324251,28.410174],[76.9322198,28.4101701],[76.9322227,28.410049]]]}},{"type":"Feature","properties":{"v":"Hayatpur","m":"41","k":"22/1","t":"Harsaru","vc":"04116","area":182.3,"lat":28.4100329,"lng":76.9318826},"geometry":{"type":"Polygon","coordinates":[[[76.9317045,28.409768],[76.9320144,28.4101662],[76.9319289,28.4101645],[76.9317045,28.409768]]]}},{"type":"Feature","properties":{"v":"Hayatpur","m":"38","k":"15/2/2","t":"Harsaru","vc":"04116","area":811.1,"lat":28.4164705,"lng":76.9340526},"geometry":{"type":"Polygon","coordinates":[[[76.9339908,28.4161969],[76.9341277,28.4161995],[76.9341145,28.4167441],[76.9339776,28.4167415],[76.9339908,28.4161969]]]}},{"type":"Feature","properties":{"v":"Hayatpur","m":"38","k":"20/2","t":"Harsaru","vc":"04116","area":1351.5,"lat":28.4156873,"lng":76.9310588},"geometry":{"type":"Polygon","coordinates":[[[76.9307188,28.41559],[76.9314032,28.415603],[76.9313988,28.4157845],[76.9307144,28.4157715],[76.9307188,28.41559]]]}},{"type":"Feature","properties":{"v":"Hayatpur","m":"54","k":"1/1","t":"Harsaru","vc":"04116","area":372.0,"lat":28.4175843,"lng":76.9341284},"geometry":{"type":"Polygon","coordinates":[[[76.9340881,28.4178332],[76.9341002,28.417334],[76.9341687,28.4173353],[76.9341566,28.4178345],[76.9340881,28.4178332]]]}},{"type":"Feature","properties":{"v":"Hayatpur","m":"54","k":"6/3/4","t":"Harsaru","vc":"04116","area":126.4,"lat":28.416965,"lng":76.9370591},"geometry":{"type":"Polygon","coordinates":[[[76.9370875,28.4170408],[76.9369759,28.4169473],[76.9370305,28.4168891],[76.9371424,28.4169827],[76.9370875,28.4170408]]]}},{"type":"Feature","properties":{"v":"Hayatpur","m":"54","k":"6/3/2","t":"Harsaru","vc":"04116","area":126.5,"lat":28.4170586,"lng":76.9371709},"geometry":{"type":"Polygon","coordinates":[[[76.9371424,28.4169827],[76.9372542,28.4170764],[76.9371995,28.4171345],[76.9370875,28.4170408],[76.9371424,28.4169827]]]}},{"type":"Feature","properties":{"v":"Hayatpur","m":"54","k":"6/3/3","t":"Harsaru","vc":"04116","area":135.8,"lat":28.4170249,"lng":76.9370017},"geometry":{"type":"Polygon","coordinates":[[[76.9370875,28.4170408],[76.9370304,28.4171014],[76.9369152,28.4170119],[76.9369759,28.4169473],[76.9370875,28.4170408]]]}},{"type":"Feature","properties":{"v":"Hayatpur","m":"54","k":"","t":"Harsaru","vc":"04116","area":610.8,"lat":28.4153806,"lng":76.9361268},"geometry":{"type":"Polygon","coordinates":[[[76.9361942,28.4156938],[76.93616,28.4156931],[76.9360021,28.4151453],[76.9360876,28.4151469],[76.9362037,28.4153005],[76.9361942,28.4156938]]]}},{"type":"Feature","properties":{"v":"Hayatpur","m":"54","k":"25/4/1","t":"Harsaru","vc":"04116","area":485.8,"lat":28.4152811,"lng":76.9372266},"geometry":{"type":"Polygon","coordinates":[[[76.9375212,28.4153254],[76.9369737,28.415315],[76.93689,28.4152378],[76.9375231,28.4152497],[76.9375212,28.4153254]]]}},{"type":"Feature","properties":{"v":"Hayatpur","m":"53","k":"10/1/3","t":"Harsaru","vc":"04116","area":416.7,"lat":28.4141642,"lng":76.9345451},"geometry":{"type":"Polygon","coordinates":[[[76.9342293,28.414128],[76.9348624,28.41414],[76.9348609,28.4142005],[76.9342278,28.4141885],[76.9342293,28.414128]]]}},{"type":"Feature","properties":{"v":"Hayatpur","m":"39","k":"25/2","t":"Harsaru","vc":"04116","area":974.4,"lat":28.412606,"lng":76.9340535},"geometry":{"type":"Polygon","coordinates":[[[76.9341004,28.4123851],[76.9341637,28.4125982],[76.9341563,28.4129007],[76.9340708,28.4128991],[76.9338779,28.4123809],[76.9341004,28.4123851]]]}},{"type":"Feature","properties":{"v":"Hayatpur","m":"39","k":"25/3","t":"Harsaru","vc":"04116","area":78.8,"lat":28.4124566,"lng":76.9341443},"geometry":{"type":"Polygon","coordinates":[[[76.9341688,28.4123864],[76.9341637,28.4125982],[76.9341004,28.4123851],[76.9341688,28.4123864]]]}},{"type":"Feature","properties":{"v":"Hayatpur","m":"39","k":"16/2","t":"Harsaru","vc":"04116","area":507.2,"lat":28.4132025,"lng":76.9341062},"geometry":{"type":"Polygon","coordinates":[[[76.9340568,28.4134739],[76.93407,28.4129293],[76.9341556,28.412931],[76.9341424,28.4134756],[76.9340568,28.4134739]]]}},{"type":"Feature","properties":{"v":"Hayatpur","m":"39","k":"15/2","t":"Harsaru","vc":"04116","area":478.7,"lat":28.4137319,"lng":76.9340934},"geometry":{"type":"Polygon","coordinates":[[[76.9340568,28.4134739],[76.9341424,28.4134756],[76.9341299,28.4139899],[76.9340444,28.4139883],[76.9340568,28.4134739]]]}},{"type":"Feature","properties":{"v":"Hayatpur","m":"39","k":"6/2/1","t":"Harsaru","vc":"04116","area":507.1,"lat":28.4142916,"lng":76.9340798},"geometry":{"type":"Polygon","coordinates":[[[76.934116,28.4145647],[76.9340304,28.4145631],[76.9340418,28.4140942],[76.9340436,28.4140185],[76.9341292,28.4140201],[76.934116,28.4145647]]]}},{"type":"Feature","properties":{"v":"Hayatpur","m":"39","k":"6/2/2","t":"Harsaru","vc":"04116","area":450.9,"lat":28.4140512,"lng":76.933769},"geometry":{"type":"Polygon","coordinates":[[[76.9334961,28.4140081],[76.9340436,28.4140185],[76.9340418,28.4140942],[76.9334943,28.4140838],[76.9334961,28.4140081]]]}},{"type":"Feature","properties":{"v":"Hayatpur","m":"39","k":"5/2","t":"Harsaru","vc":"04116","area":478.7,"lat":28.414821,"lng":76.934067},"geometry":{"type":"Polygon","coordinates":[[[76.9340304,28.4145631],[76.934116,28.4145647],[76.9341035,28.4150791],[76.934018,28.4150774],[76.9340304,28.4145631]]]}},{"type":"Feature","properties":{"v":"Hayatpur","m":"0","k":"145","t":"Harsaru","vc":"04116","area":2250.0,"lat":28.4165266,"lng":76.9377746},"geometry":{"type":"Polygon","coordinates":[[[76.9375103,28.417898],[76.9375235,28.4173534],[76.9375246,28.4173081],[76.9377299,28.4173119],[76.9377378,28.4169852],[76.937742,28.4168127],[76.9377493,28.4165102],[76.9377552,28.4162681],[76.9377618,28.4159958],[76.9376249,28.4159933],[76.9376256,28.415963],[76.9377625,28.4159656],[76.9377684,28.4157236],[76.937563,28.4157197],[76.9375641,28.4156743],[76.9378208,28.4156791],[76.9378197,28.4157245],[76.9378164,28.4158607],[76.9378153,28.4159061],[76.937812,28.4160422],[76.9378065,28.4162691],[76.9382343,28.4162772],[76.9384225,28.4162808],[76.9389187,28.4162901],[76.9395518,28.4163021],[76.9395507,28.4163475],[76.9389176,28.4163355],[76.9382332,28.4163226],[76.938045,28.416319],[76.9378054,28.4163145],[76.9377933,28.4168137],[76.9377802,28.4173583],[76.9377288,28.4173573],[76.9375577,28.4173541],[76.9375445,28.4178987],[76.9375103,28.417898]]]}},{"type":"Feature","properties":{"v":"Hayatpur","m":"0","k":"146","t":"Harsaru","vc":"04116","area":774.7,"lat":28.4164009,"lng":76.9395751},"geometry":{"type":"Polygon","coordinates":[[[76.9395518,28.4163021],[76.9395529,28.4162567],[76.9396042,28.4162577],[76.9396213,28.416258],[76.9402887,28.4162706],[76.9405162,28.4162749],[76.9404929,28.4163199],[76.9402876,28.416316],[76.9396031,28.4163031],[76.93959,28.4168477],[76.9395386,28.4168467],[76.9395485,28.4164383],[76.9395507,28.4163475],[76.9395518,28.4163021]]]}},{"type":"Feature","properties":{"v":"Hayatpur","m":"0","k":"147","t":"Harsaru","vc":"04116","area":345.4,"lat":28.4164502,"lng":76.9410126},"geometry":{"type":"Polygon","coordinates":[[[76.9406679,28.4165692],[76.9406012,28.4164742],[76.9404929,28.4163199],[76.9405162,28.4162749],[76.9405477,28.4163209],[76.9406757,28.416508],[76.9407071,28.4165539],[76.9412723,28.4163346],[76.9412447,28.4163795],[76.9409683,28.4164802],[76.9406865,28.4165957],[76.9406679,28.4165692]]]}},{"type":"Feature","properties":{"v":"Hayatpur","m":"55","k":"3/1","t":"Harsaru","vc":"04116","area":2027.4,"lat":28.4177942,"lng":76.9392247},"geometry":{"type":"Polygon","coordinates":[[[76.9388792,28.4179239],[76.9388858,28.4176516],[76.9395702,28.4176646],[76.9395636,28.4179369],[76.9389647,28.4179255],[76.9388792,28.4179239]]]}},{"type":"Feature","properties":{"v":"Hayatpur","m":"55","k":"7/1/2","t":"Harsaru","vc":"04116","area":1835.9,"lat":28.4171099,"lng":76.9400841},"geometry":{"type":"Polygon","coordinates":[[[76.939919,28.4173987],[76.9399322,28.4168541],[76.9402744,28.4168606],[76.9402674,28.417148],[76.9401243,28.4174026],[76.9400559,28.4174013],[76.939919,28.4173987]]]}},{"type":"Feature","properties":{"v":"Hayatpur","m":"55","k":"4/1/2/1","t":"Harsaru","vc":"04116","area":684.3,"lat":28.4178735,"lng":76.9398133},"geometry":{"type":"Polygon","coordinates":[[[76.939584,28.417801],[76.940046,28.4178098],[76.9400427,28.4179459],[76.9395807,28.4179372],[76.939584,28.417801]]]}},{"type":"Feature","properties":{"v":"Hayatpur","m":"55","k":"6/1","t":"Harsaru","vc":"04116","area":1689.6,"lat":28.4172982,"lng":76.9406062},"geometry":{"type":"Polygon","coordinates":[[[76.9402612,28.4174052],[76.9402667,28.4171783],[76.9409511,28.4171912],[76.9409457,28.4174181],[76.9402612,28.4174052]]]}},{"type":"Feature","properties":{"v":"Hayatpur","m":"55","k":"20/3","t":"Harsaru","vc":"04116","area":540.7,"lat":28.4158426,"lng":76.9376628},"geometry":{"type":"Polygon","coordinates":[[[76.9377625,28.4159656],[76.9376256,28.415963],[76.9375572,28.4159617],[76.9375579,28.4159315],[76.937563,28.4157197],[76.9377684,28.4157236],[76.9377625,28.4159656]]]}},{"type":"Feature","properties":{"v":"Hayatpur","m":"55","k":"20/2","t":"Harsaru","vc":"04116","area":630.8,"lat":28.4161246,"lng":76.9376535},"geometry":{"type":"Polygon","coordinates":[[[76.9375499,28.4162643],[76.9375572,28.4159617],[76.9376256,28.415963],[76.9376249,28.4159933],[76.9377618,28.4159958],[76.9377552,28.4162681],[76.9375499,28.4162643]]]}},{"type":"Feature","properties":{"v":"Hayatpur","m":"55","k":"11/2","t":"Harsaru","vc":"04116","area":540.6,"lat":28.4163872,"lng":76.9376496},"geometry":{"type":"Polygon","coordinates":[[[76.9377493,28.4165102],[76.937544,28.4165063],[76.9375465,28.4164036],[76.9375496,28.4162767],[76.9375499,28.4162643],[76.9377552,28.4162681],[76.9377493,28.4165102]]]}},{"type":"Feature","properties":{"v":"Hayatpur","m":"55","k":"11/1","t":"Harsaru","vc":"04116","area":405.5,"lat":28.4166129,"lng":76.9376669},"geometry":{"type":"Polygon","coordinates":[[[76.9377493,28.4165102],[76.937742,28.4168127],[76.9375425,28.4165668],[76.937544,28.4165063],[76.9377493,28.4165102]]]}},{"type":"Feature","properties":{"v":"Hayatpur","m":"55","k":"10/2","t":"Harsaru","vc":"04116","area":366.6,"lat":28.4172016,"lng":76.9376639},"geometry":{"type":"Polygon","coordinates":[[[76.9377299,28.4173119],[76.9375246,28.4173081],[76.9375779,28.4172259],[76.9377378,28.4169852],[76.9377299,28.4173119]]]}},{"type":"Feature","properties":{"v":"Hayatpur","m":"0","k":"102/1","t":"Harsaru","vc":"04116","area":2627.2,"lat":28.416088,"lng":76.9406567},"geometry":{"type":"Polygon","coordinates":[[[76.9405162,28.4162749],[76.9402958,28.4159764],[76.9407875,28.4157806],[76.9409639,28.4159852],[76.9406757,28.416508],[76.9405477,28.4163209],[76.9405162,28.4162749]]]}},{"type":"Feature","properties":{"v":"Hayatpur","m":"55","k":"16/1","t":"Harsaru","vc":"04116","area":364.1,"lat":28.416174,"lng":76.9403669},"geometry":{"type":"Polygon","coordinates":[[[76.9402887,28.4162706],[76.9402958,28.4159764],[76.9405162,28.4162749],[76.9402887,28.4162706]]]}},{"type":"Feature","properties":{"v":"Hayatpur","m":"55","k":"25","t":"Harsaru","vc":"04116","area":1442.1,"lat":28.4155929,"lng":76.9404674},"geometry":{"type":"Polygon","coordinates":[[[76.9403007,28.4157714],[76.9403139,28.4152268],[76.9406327,28.4155996],[76.9407875,28.4157806],[76.9403007,28.4157714]]]}},{"type":"Feature","properties":{"v":"Hayatpur","m":"55","k":"24/1","t":"Harsaru","vc":"04116","area":2027.6,"lat":28.4154894,"lng":76.939794},"geometry":{"type":"Polygon","coordinates":[[[76.9396163,28.4157585],[76.9396295,28.4152139],[76.9399717,28.4152204],[76.9399585,28.415765],[76.9396163,28.4157585]]]}},{"type":"Feature","properties":{"v":"Hayatpur","m":"55","k":"23","t":"Harsaru","vc":"04116","area":4055.1,"lat":28.4154797,"lng":76.9392807},"geometry":{"type":"Polygon","coordinates":[[[76.9389319,28.4157456],[76.9389451,28.415201],[76.9396295,28.4152139],[76.9396163,28.4157585],[76.9389319,28.4157456]]]}},{"type":"Feature","properties":{"v":"Hayatpur","m":"55","k":"22/2","t":"Harsaru","vc":"04116","area":2838.1,"lat":28.4154652,"lng":76.9385107},"geometry":{"type":"Polygon","coordinates":[[[76.9387568,28.4151974],[76.9387437,28.415742],[76.9382646,28.4157329],[76.9382778,28.4151884],[76.9387568,28.4151974]]]}},{"type":"Feature","properties":{"v":"Hayatpur","m":"55","k":"21/1","t":"Harsaru","vc":"04116","area":1605.1,"lat":28.4156028,"lng":76.9379261},"geometry":{"type":"Polygon","coordinates":[[[76.9378208,28.4156791],[76.9375641,28.4156743],[76.9375686,28.415489],[76.9382531,28.4154981],[76.9382475,28.4157326],[76.9378197,28.4157245],[76.9378208,28.4156791]]]}},{"type":"Feature","properties":{"v":"Hayatpur","m":"55","k":"20/1/1/2/1","t":"Harsaru","vc":"04116","area":997.0,"lat":28.4161649,"lng":76.9380139},"geometry":{"type":"Polygon","coordinates":[[[76.9378065,28.4162691],[76.937812,28.4160422],[76.93812,28.416048],[76.9381189,28.4160934],[76.9382387,28.4160957],[76.9382343,28.4162772],[76.9378065,28.4162691]]]}},{"type":"Feature","properties":{"v":"Hayatpur","m":"55","k":"19/1/1","t":"Harsaru","vc":"04116","area":2205.0,"lat":28.4160812,"lng":76.9386755},"geometry":{"type":"Polygon","coordinates":[[[76.9384324,28.4158723],[76.9389286,28.4158817],[76.9389275,28.4159271],[76.9389187,28.4162901],[76.9384225,28.4162808],[76.9384324,28.4158723]]]}},{"type":"Feature","properties":{"v":"Hayatpur","m":"55","k":"18/1","t":"Harsaru","vc":"04116","area":2677.8,"lat":28.4161135,"lng":76.9392624},"geometry":{"type":"Polygon","coordinates":[[[76.9389187,28.4162901],[76.9389275,28.4159271],[76.9396119,28.41594],[76.9396042,28.4162577],[76.9395529,28.4162567],[76.9395518,28.4163021],[76.9389187,28.4162901]]]}},{"type":"Feature","properties":{"v":"Hayatpur","m":"55","k":"17/1","t":"Harsaru","vc":"04116","area":2741.4,"lat":28.4160429,"lng":76.9400329},"geometry":{"type":"Polygon","coordinates":[[[76.9402958,28.4159764],[76.9402887,28.4162706],[76.9396213,28.416258],[76.9399585,28.415765],[76.9402494,28.4157705],[76.9403007,28.4157714],[76.9402958,28.4159764]]]}},{"type":"Feature","properties":{"v":"Hayatpur","m":"55","k":"16/2","t":"Harsaru","vc":"04116","area":542.9,"lat":28.4158428,"lng":76.9404613},"geometry":{"type":"Polygon","coordinates":[[[76.9407875,28.4157806],[76.9402958,28.4159764],[76.9403007,28.4157714],[76.9407875,28.4157806]]]}},{"type":"Feature","properties":{"v":"Hayatpur","m":"55","k":"15/2","t":"Harsaru","vc":"04116","area":1641.2,"lat":28.4167082,"lng":76.9407397},"geometry":{"type":"Polygon","coordinates":[[[76.9409588,28.4168735],[76.9404455,28.4168638],[76.9406012,28.4164742],[76.9406679,28.4165692],[76.9406865,28.4165957],[76.9409683,28.4164802],[76.9409588,28.4168735]]]}},{"type":"Feature","properties":{"v":"Hayatpur","m":"55","k":"14","t":"Harsaru","vc":"04116","area":4055.2,"lat":28.4165818,"lng":76.9399388},"geometry":{"type":"Polygon","coordinates":[[[76.93959,28.4168477],[76.9396031,28.4163031],[76.9402876,28.416316],[76.9402744,28.4168606],[76.9399322,28.4168541],[76.93959,28.4168477]]]}},{"type":"Feature","properties":{"v":"Hayatpur","m":"55","k":"13/2","t":"Harsaru","vc":"04116","area":3058.5,"lat":28.4165764,"lng":76.9391962},"geometry":{"type":"Polygon","coordinates":[[[76.9389088,28.4166986],[76.9389176,28.4163355],[76.9395507,28.4163475],[76.9395485,28.4164383],[76.9393675,28.4168435],[76.9392306,28.4168409],[76.9389055,28.4168347],[76.9389088,28.4166986]]]}},{"type":"Feature","properties":{"v":"Hayatpur","m":"55","k":"12/2","t":"Harsaru","vc":"04116","area":2703.3,"lat":28.4165106,"lng":76.938571},"geometry":{"type":"Polygon","coordinates":[[[76.9382244,28.4166856],[76.9382332,28.4163226],[76.9389176,28.4163355],[76.9389088,28.4166986],[76.9382244,28.4166856]]]}},{"type":"Feature","properties":{"v":"Hayatpur","m":"55","k":"11/3/1","t":"Harsaru","vc":"04116","area":1254.9,"lat":28.4165632,"lng":76.937915},"geometry":{"type":"Polygon","coordinates":[[[76.9378054,28.4163145],[76.938045,28.416319],[76.9380158,28.4168179],[76.9377933,28.4168137],[76.9378054,28.4163145]]]}},{"type":"Feature","properties":{"v":"Hayatpur","m":"55","k":"10/1","t":"Harsaru","vc":"04116","area":2534.4,"lat":28.41709,"lng":76.9380006},"geometry":{"type":"Polygon","coordinates":[[[76.9377802,28.4173583],[76.9377933,28.4168137],[76.9380158,28.4168179],[76.9382211,28.4168218],[76.9382079,28.4173664],[76.9377802,28.4173583]]]}},{"type":"Feature","properties":{"v":"Hayatpur","m":"55","k":"9","t":"Harsaru","vc":"04116","area":4055.3,"lat":28.4171006,"lng":76.9385567},"geometry":{"type":"Polygon","coordinates":[[[76.9382079,28.4173664],[76.9382211,28.4168218],[76.9389055,28.4168347],[76.9388924,28.4173793],[76.9382079,28.4173664]]]}},{"type":"Feature","properties":{"v":"Hayatpur","m":"55","k":"8/1","t":"Harsaru","vc":"04116","area":2990.9,"lat":28.4171412,"lng":76.9393234},"geometry":{"type":"Polygon","coordinates":[[[76.93959,28.4168477],[76.9395768,28.4173923],[76.9390121,28.4173816],[76.9389266,28.41738],[76.9392306,28.4168409],[76.9393675,28.4168435],[76.9395386,28.4168467],[76.93959,28.4168477]]]}},{"type":"Feature","properties":{"v":"Hayatpur","m":"55","k":"7/2","t":"Harsaru","vc":"04116","area":2027.5,"lat":28.4171232,"lng":76.9397545},"geometry":{"type":"Polygon","coordinates":[[[76.9395768,28.4173923],[76.93959,28.4168477],[76.9399322,28.4168541],[76.939919,28.4173987],[76.9395768,28.4173923]]]}},{"type":"Feature","properties":{"v":"Hayatpur","m":"55","k":"6/2/1","t":"Harsaru","vc":"04116","area":2098.2,"lat":28.4170346,"lng":76.9406489},"geometry":{"type":"Polygon","coordinates":[[[76.9402667,28.4171783],[76.9402674,28.417148],[76.9404455,28.4168638],[76.9409588,28.4168735],[76.9409533,28.4171005],[76.9409511,28.4171912],[76.9402667,28.4171783]]]}},{"type":"Feature","properties":{"v":"Hayatpur","m":"55","k":"5","t":"Harsaru","vc":"04116","area":4055.4,"lat":28.417684,"lng":76.9405969},"geometry":{"type":"Polygon","coordinates":[[[76.9402481,28.4179498],[76.9402612,28.4174052],[76.9409457,28.4174181],[76.9409325,28.4179627],[76.9406074,28.4179566],[76.9402481,28.4179498]]]}},{"type":"Feature","properties":{"v":"Hayatpur","m":"55","k":"4/2","t":"Harsaru","vc":"04116","area":1013.7,"lat":28.4175316,"lng":76.9397446},"geometry":{"type":"Polygon","coordinates":[[[76.9395768,28.4173923],[76.939919,28.4173987],[76.9399124,28.417671],[76.9395873,28.4176649],[76.9395702,28.4176646],[76.9395768,28.4173923]]]}},{"type":"Feature","properties":{"v":"Hayatpur","m":"55","k":"3/2/2","t":"Harsaru","vc":"04116","area":1889.6,"lat":28.4175272,"lng":76.9392532},"geometry":{"type":"Polygon","coordinates":[[[76.9388858,28.4176516],[76.9388872,28.4175911],[76.9390121,28.4173816],[76.9395768,28.4173923],[76.9395702,28.4176646],[76.9388858,28.4176516]]]}},{"type":"Feature","properties":{"v":"Hayatpur","m":"55","k":"2/1","t":"Harsaru","vc":"04116","area":3590.8,"lat":28.4176308,"lng":76.938507},"geometry":{"type":"Polygon","coordinates":[[[76.9381948,28.417911],[76.9382079,28.4173664],[76.9388924,28.4173793],[76.9388913,28.4174247],[76.9387081,28.4179207],[76.9384856,28.4179165],[76.9381948,28.417911]]]}},{"type":"Feature","properties":{"v":"Hayatpur","m":"55","k":"1","t":"Harsaru","vc":"04116","area":3852.8,"lat":28.4176326,"lng":76.9378762},"geometry":{"type":"Polygon","coordinates":[[[76.9381948,28.417911],[76.9375445,28.4178987],[76.9375577,28.4173541],[76.9377288,28.4173573],[76.9377802,28.4173583],[76.9382079,28.4173664],[76.9381948,28.417911]]]}},{"type":"Feature","properties":{"v":"Hayatpur","m":"52","k":"8/1","t":"Harsaru","vc":"04116","area":560.1,"lat":28.4146344,"lng":76.9393845},"geometry":{"type":"Polygon","coordinates":[[[76.9396426,28.4146693],[76.9389582,28.4146564],[76.9389597,28.4145959],[76.9396441,28.4146088],[76.9397887,28.4146115],[76.9398309,28.4146729],[76.9396426,28.4146693]]]}},{"type":"Feature","properties":{"v":"Hayatpur","m":"52","k":"21","t":"Harsaru","vc":"04116","area":1038.9,"lat":28.412843,"lng":76.9377685},"geometry":{"type":"Polygon","coordinates":[[[76.9376289,28.4129967],[76.9376403,28.4125278],[76.9380362,28.4130044],[76.9376289,28.4129967]]]}},{"type":"Feature","properties":{"v":"Hayatpur","m":"52","k":"20/2","t":"Harsaru","vc":"04116","area":2788.2,"lat":28.4132412,"lng":76.9379224},"geometry":{"type":"Polygon","coordinates":[[[76.9383027,28.4134484],[76.9376183,28.4134354],[76.9376289,28.4129967],[76.9380362,28.4130044],[76.9383057,28.4133273],[76.9383027,28.4134484]]]}},{"type":"Feature","properties":{"v":"Hayatpur","m":"52","k":"19","t":"Harsaru","vc":"04116","area":443.5,"lat":28.4134809,"lng":76.9384217},"geometry":{"type":"Polygon","coordinates":[[[76.9383331,28.4133455],[76.9386209,28.4135356],[76.9386595,28.4135611],[76.9386474,28.4135608],[76.9383002,28.4135543],[76.9383027,28.4134484],[76.9383057,28.4133273],[76.9383331,28.4133455]]]}},{"type":"Feature","properties":{"v":"Hayatpur","m":"52","k":"12","t":"Harsaru","vc":"04116","area":4347.3,"lat":28.4138712,"lng":76.9386804},"geometry":{"type":"Polygon","coordinates":[[[76.9386474,28.4135608],[76.9386595,28.4135611],[76.9387332,28.4135898],[76.9387816,28.4136087],[76.9388472,28.4136573],[76.9393136,28.4141183],[76.9392761,28.4141176],[76.9389714,28.4141118],[76.938287,28.4140988],[76.9382968,28.4136942],[76.9383002,28.4135543],[76.9386474,28.4135608]]]}},{"type":"Feature","properties":{"v":"Hayatpur","m":"52","k":"11/1","t":"Harsaru","vc":"04116","area":3026.8,"lat":28.4138891,"lng":76.9379492},"geometry":{"type":"Polygon","coordinates":[[[76.938287,28.4140988],[76.9376026,28.4140859],[76.9376125,28.4136775],[76.9382968,28.4136942],[76.938287,28.4140988]]]}},{"type":"Feature","properties":{"v":"Hayatpur","m":"52","k":"10/1","t":"Harsaru","vc":"04116","area":2816.2,"lat":28.4144478,"lng":76.9379362},"geometry":{"type":"Polygon","coordinates":[[[76.9375982,28.4142674],[76.9375986,28.4142523],[76.938283,28.4142652],[76.9382764,28.4145375],[76.9382738,28.4146434],[76.9375894,28.4146305],[76.9375982,28.4142674]]]}},{"type":"Feature","properties":{"v":"Hayatpur","m":"52","k":"9/2","t":"Harsaru","vc":"04116","area":2027.6,"lat":28.4144078,"lng":76.9386219},"geometry":{"type":"Polygon","coordinates":[[[76.9389674,28.4142782],[76.9389608,28.4145505],[76.9382764,28.4145375],[76.938283,28.4142652],[76.9389674,28.4142782]]]}},{"type":"Feature","properties":{"v":"Hayatpur","m":"52","k":"8/2/1","t":"Harsaru","vc":"04116","area":2312.0,"lat":28.4144561,"lng":76.9393041},"geometry":{"type":"Polygon","coordinates":[[[76.9396441,28.4146088],[76.9389597,28.4145959],[76.9389608,28.4145505],[76.9389674,28.4142782],[76.9394762,28.4142878],[76.9397887,28.4146115],[76.9396441,28.4146088]]]}},{"type":"Feature","properties":{"v":"Hayatpur","m":"52","k":"4","t":"Harsaru","vc":"04116","area":2585.3,"lat":28.4149978,"lng":76.9398765},"geometry":{"type":"Polygon","coordinates":[[[76.9396426,28.4146693],[76.9398309,28.4146729],[76.9401676,28.4150591],[76.9403139,28.4152268],[76.9402626,28.4152259],[76.9399717,28.4152204],[76.9396295,28.4152139],[76.9396426,28.4146693]]]}},{"type":"Feature","properties":{"v":"Hayatpur","m":"52","k":"3","t":"Harsaru","vc":"04116","area":4055.1,"lat":28.4149351,"lng":76.9392938},"geometry":{"type":"Polygon","coordinates":[[[76.9389582,28.4146564],[76.9396426,28.4146693],[76.9396295,28.4152139],[76.9389451,28.415201],[76.9389582,28.4146564]]]}},{"type":"Feature","properties":{"v":"Hayatpur","m":"52","k":"2","t":"Harsaru","vc":"04116","area":4055.6,"lat":28.4149222,"lng":76.9386094},"geometry":{"type":"Polygon","coordinates":[[[76.9382738,28.4146434],[76.9389582,28.4146564],[76.9389451,28.415201],[76.9387568,28.4151974],[76.9382778,28.4151884],[76.9382606,28.415188],[76.9382738,28.4146434]]]}},{"type":"Feature","properties":{"v":"Hayatpur","m":"52","k":"1","t":"Harsaru","vc":"04116","area":4055.1,"lat":28.4149093,"lng":76.937925},"geometry":{"type":"Polygon","coordinates":[[[76.9375773,28.4151297],[76.9375894,28.4146305],[76.9382738,28.4146434],[76.9382606,28.415188],[76.9375762,28.4151751],[76.9375773,28.4151297]]]}},{"type":"Feature","properties":{"v":"Hayatpur","m":"0","k":"148","t":"Harsaru","vc":"04116","area":2435.0,"lat":28.416695,"lng":76.9443612},"geometry":{"type":"Polygon","coordinates":[[[76.9437097,28.4163807],[76.9443941,28.4163936],[76.9443934,28.4164238],[76.944393,28.416439],[76.944381,28.4169382],[76.9443788,28.4170289],[76.9443678,28.4174827],[76.9443547,28.4180273],[76.9443033,28.4180264],[76.9443117,28.4176784],[76.9443165,28.4174818],[76.9443296,28.4169372],[76.9443417,28.416438],[76.9437086,28.416426],[76.9430242,28.4164131],[76.9423397,28.4164002],[76.9416553,28.4163873],[76.9412447,28.4163795],[76.9412723,28.4163346],[76.9416564,28.4163419],[76.9423408,28.4163548],[76.9426146,28.41636],[76.9430253,28.4163677],[76.9437097,28.4163807]]]}},{"type":"Feature","properties":{"v":"Hayatpur","m":"56","k":"10/2","t":"Harsaru","vc":"04116","area":1690.1,"lat":28.4169935,"lng":76.9412983},"geometry":{"type":"Polygon","coordinates":[[[76.9416378,28.4171134],[76.9409533,28.4171005],[76.9409588,28.4168735],[76.9416433,28.4168865],[76.9416378,28.4171134]]]}},{"type":"Feature","properties":{"v":"Hayatpur","m":"56","k":"26","t":"Harsaru","vc":"04116","area":168.9,"lat":28.4171441,"lng":76.9426402},"geometry":{"type":"Polygon","coordinates":[[[76.9426027,28.417032],[76.9427368,28.4172255],[76.9426778,28.4172562],[76.9425437,28.4170627],[76.9426027,28.417032]]]}},{"type":"Feature","properties":{"v":"Hayatpur","m":"56","k":"18/2","t":"Harsaru","vc":"04116","area":1284.2,"lat":28.4161393,"lng":76.9424918},"geometry":{"type":"Polygon","coordinates":[[[76.9426146,28.41636],[76.9423408,28.4163548],[76.9423492,28.4160069],[76.9423636,28.4159986],[76.942627,28.4158456],[76.9426146,28.41636]]]}},{"type":"Feature","properties":{"v":"Hayatpur","m":"56","k":"24/1","t":"Harsaru","vc":"04116","area":1064.6,"lat":28.4156632,"lng":76.943211},"geometry":{"type":"Polygon","coordinates":[[[76.9430384,28.4158231],[76.9430439,28.4155962],[76.9433563,28.4154205],[76.9433464,28.415829],[76.9430384,28.4158231]]]}},{"type":"Feature","properties":{"v":"Hayatpur","m":"56","k":"13","t":"Harsaru","vc":"04116","area":3717.3,"lat":28.4166562,"lng":76.9426759},"geometry":{"type":"Polygon","coordinates":[[[76.9423397,28.4164002],[76.9430242,28.4164131],[76.9430121,28.4169123],[76.9423277,28.4168994],[76.9423397,28.4164002]]]}},{"type":"Feature","properties":{"v":"Hayatpur","m":"56","k":"25","t":"Harsaru","vc":"04116","area":4055.4,"lat":28.4155703,"lng":76.9440716},"geometry":{"type":"Polygon","coordinates":[[[76.9437228,28.4158361],[76.943736,28.4152915],[76.9444204,28.4153044],[76.9444073,28.415849],[76.9437228,28.4158361]]]}},{"type":"Feature","properties":{"v":"Hayatpur","m":"56","k":"24/2","t":"Harsaru","vc":"04116","area":2120.4,"lat":28.4155701,"lng":76.9435542},"geometry":{"type":"Polygon","coordinates":[[[76.9437228,28.4158361],[76.9433464,28.415829],[76.9433563,28.4154205],[76.943738,28.415209],[76.943736,28.4152915],[76.9437228,28.4158361]]]}},{"type":"Feature","properties":{"v":"Hayatpur","m":"56","k":"19","t":"Harsaru","vc":"04116","area":1774.9,"lat":28.41624,"lng":76.9420066},"geometry":{"type":"Polygon","coordinates":[[[76.9423408,28.4163548],[76.9416564,28.4163419],[76.9412723,28.4163346],[76.9412885,28.4163161],[76.9414253,28.416297],[76.9418356,28.4162111],[76.9420132,28.4161374],[76.9423492,28.4160069],[76.9423408,28.4163548]]]}},{"type":"Feature","properties":{"v":"Hayatpur","m":"56","k":"18/1","t":"Harsaru","vc":"04116","area":2872.6,"lat":28.4160384,"lng":76.9428415},"geometry":{"type":"Polygon","coordinates":[[[76.9430253,28.4163677],[76.9426146,28.41636],[76.942627,28.4158456],[76.9427207,28.4157896],[76.9430439,28.4155962],[76.9430384,28.4158231],[76.9430253,28.4163677]]]}},{"type":"Feature","properties":{"v":"Hayatpur","m":"56","k":"17","t":"Harsaru","vc":"04116","area":4054.9,"lat":28.4161019,"lng":76.9433741},"geometry":{"type":"Polygon","coordinates":[[[76.9437097,28.4163807],[76.9430253,28.4163677],[76.9430384,28.4158231],[76.9433464,28.415829],[76.9437228,28.4158361],[76.9437097,28.4163807]]]}},{"type":"Feature","properties":{"v":"Hayatpur","m":"56","k":"16","t":"Harsaru","vc":"04116","area":4055.4,"lat":28.4161148,"lng":76.9440585},"geometry":{"type":"Polygon","coordinates":[[[76.9437097,28.4163807],[76.9437228,28.4158361],[76.9444073,28.415849],[76.9443941,28.4163936],[76.9437097,28.4163807]]]}},{"type":"Feature","properties":{"v":"Hayatpur","m":"56","k":"15","t":"Harsaru","vc":"04116","area":3438.4,"lat":28.4166816,"lng":76.9440191},"geometry":{"type":"Polygon","coordinates":[[[76.9437086,28.416426],[76.9443417,28.416438],[76.9443296,28.4169372],[76.9436965,28.4169252],[76.9437086,28.416426]]]}},{"type":"Feature","properties":{"v":"Hayatpur","m":"56","k":"14","t":"Harsaru","vc":"04116","area":3717.0,"lat":28.4166692,"lng":76.9433603},"geometry":{"type":"Polygon","coordinates":[[[76.9430242,28.4164131],[76.9437086,28.416426],[76.9436965,28.4169252],[76.9430121,28.4169123],[76.9430242,28.4164131]]]}},{"type":"Feature","properties":{"v":"Hayatpur","m":"56","k":"12","t":"Harsaru","vc":"04116","area":3717.0,"lat":28.4166434,"lng":76.9419915},"geometry":{"type":"Polygon","coordinates":[[[76.9416553,28.4163873],[76.9423397,28.4164002],[76.9423277,28.4168994],[76.9416433,28.4168865],[76.9416553,28.4163873]]]}},{"type":"Feature","properties":{"v":"Hayatpur","m":"56","k":"11","t":"Harsaru","vc":"04116","area":3559.7,"lat":28.4166401,"lng":76.941318},"geometry":{"type":"Polygon","coordinates":[[[76.9416553,28.4163873],[76.9416433,28.4168865],[76.9409588,28.4168735],[76.9409683,28.4164802],[76.9412447,28.4163795],[76.9416553,28.4163873]]]}},{"type":"Feature","properties":{"v":"Hayatpur","m":"56","k":"10/1","t":"Harsaru","vc":"04116","area":2365.4,"lat":28.4172658,"lng":76.9412917},"geometry":{"type":"Polygon","coordinates":[[[76.9416378,28.4171134],[76.9416301,28.4174311],[76.9409457,28.4174181],[76.9409511,28.4171912],[76.9409533,28.4171005],[76.9416378,28.4171134]]]}},{"type":"Feature","properties":{"v":"Hayatpur","m":"56","k":"9","t":"Harsaru","vc":"04116","area":4055.1,"lat":28.4171652,"lng":76.9419789},"geometry":{"type":"Polygon","coordinates":[[[76.9416378,28.4171134],[76.9416433,28.4168865],[76.9423277,28.4168994],[76.9423145,28.417444],[76.9416301,28.4174311],[76.9416378,28.4171134]]]}},{"type":"Feature","properties":{"v":"Hayatpur","m":"56","k":"8","t":"Harsaru","vc":"04116","area":3886.5,"lat":28.4171782,"lng":76.9426633},"geometry":{"type":"Polygon","coordinates":[[[76.942999,28.4174569],[76.9427594,28.4174524],[76.9423145,28.417444],[76.9423277,28.4168994],[76.9430121,28.4169123],[76.942999,28.4174569]],[[76.9426027,28.417032],[76.9425437,28.4170627],[76.9426778,28.4172562],[76.9427368,28.4172255],[76.9426027,28.417032]]]}},{"type":"Feature","properties":{"v":"Hayatpur","m":"56","k":"7","t":"Harsaru","vc":"04116","area":4055.0,"lat":28.417191,"lng":76.9433478},"geometry":{"type":"Polygon","coordinates":[[[76.942999,28.4174569],[76.9430121,28.4169123],[76.9436965,28.4169252],[76.9436834,28.4174698],[76.942999,28.4174569]]]}},{"type":"Feature","properties":{"v":"Hayatpur","m":"56","k":"6","t":"Harsaru","vc":"04116","area":3751.1,"lat":28.4172035,"lng":76.9440065},"geometry":{"type":"Polygon","coordinates":[[[76.9436834,28.4174698],[76.9436965,28.4169252],[76.9443296,28.4169372],[76.9443165,28.4174818],[76.9436834,28.4174698]]]}},{"type":"Feature","properties":{"v":"Hayatpur","m":"56","k":"5/1","t":"Harsaru","vc":"04116","area":2422.7,"lat":28.4178445,"lng":76.9439899},"geometry":{"type":"Polygon","coordinates":[[[76.9436702,28.4180144],[76.9436788,28.4176589],[76.9443117,28.4176784],[76.9443033,28.4180264],[76.9436702,28.4180144]]]}},{"type":"Feature","properties":{"v":"Hayatpur","m":"56","k":"4","t":"Harsaru","vc":"04116","area":4055.0,"lat":28.4177357,"lng":76.9433346},"geometry":{"type":"Polygon","coordinates":[[[76.9436702,28.4180144],[76.9429858,28.4180015],[76.942999,28.4174569],[76.9436834,28.4174698],[76.9436788,28.4176589],[76.9436702,28.4180144]]]}},{"type":"Feature","properties":{"v":"Hayatpur","m":"56","k":"3/1","t":"Harsaru","vc":"04116","area":2636.0,"lat":28.4177205,"lng":76.9425304},"geometry":{"type":"Polygon","coordinates":[[[76.9427463,28.417997],[76.9423014,28.4179886],[76.9423145,28.417444],[76.9427594,28.4174524],[76.9427463,28.417997]]]}},{"type":"Feature","properties":{"v":"Hayatpur","m":"56","k":"2","t":"Harsaru","vc":"04116","area":4055.3,"lat":28.4177099,"lng":76.9419657},"geometry":{"type":"Polygon","coordinates":[[[76.9423014,28.4179886],[76.9416169,28.4179757],[76.9416301,28.4174311],[76.9423145,28.417444],[76.9423014,28.4179886]]]}},{"type":"Feature","properties":{"v":"Hayatpur","m":"56","k":"1","t":"Harsaru","vc":"04116","area":4055.0,"lat":28.4176969,"lng":76.9412813},"geometry":{"type":"Polygon","coordinates":[[[76.9416169,28.4179757],[76.9409325,28.4179627],[76.9409457,28.4174181],[76.9416301,28.4174311],[76.9416169,28.4179757]]]}},{"type":"Feature","properties":{"v":"Hayatpur","m":"57","k":"5","t":"Harsaru","vc":"04116","area":2334.4,"lat":28.4151144,"lng":76.9441667},"geometry":{"type":"Polygon","coordinates":[[[76.9444323,28.4148102],[76.9444204,28.4153044],[76.943736,28.4152915],[76.943738,28.415209],[76.9439061,28.4151005],[76.9442784,28.41486],[76.9444336,28.4147598],[76.9444323,28.4148102]]]}},{"type":"Feature","properties":{"v":"Hayatpur","m":"58","k":"4/1","t":"Harsaru","vc":"04116","area":2027.6,"lat":28.4150741,"lng":76.9466513},"geometry":{"type":"Polygon","coordinates":[[[76.946829,28.414805],[76.9468159,28.4153496],[76.9464737,28.4153431],[76.9464868,28.4147985],[76.946829,28.414805]]]}},{"type":"Feature","properties":{"v":"Hayatpur","m":"58","k":"2/2","t":"Harsaru","vc":"04116","area":2027.6,"lat":28.4149153,"lng":76.9454569},"geometry":{"type":"Polygon","coordinates":[[[76.9458024,28.4147856],[76.9457958,28.4150579],[76.9451114,28.415045],[76.945118,28.4147727],[76.9458024,28.4147856]]]}},{"type":"Feature","properties":{"v":"Hayatpur","m":"58","k":"3/1","t":"Harsaru","vc":"04116","area":912.5,"lat":28.4150601,"lng":76.9459071},"geometry":{"type":"Polygon","coordinates":[[[76.9459906,28.4147892],[76.9459775,28.4153338],[76.9458235,28.4153309],[76.9458366,28.4147863],[76.9459906,28.4147892]]]}},{"type":"Feature","properties":{"v":"Hayatpur","m":"58","k":"8/1","t":"Harsaru","vc":"04116","area":898.3,"lat":28.4147106,"lng":76.9462407},"geometry":{"type":"Polygon","coordinates":[[[76.9464868,28.4147985],[76.9459906,28.4147892],[76.9459946,28.4146228],[76.9464908,28.4146321],[76.9464868,28.4147985]]]}},{"type":"Feature","properties":{"v":"Hayatpur","m":"58","k":"26","t":"Harsaru","vc":"04116","area":162.7,"lat":28.4143794,"lng":76.9473445},"geometry":{"type":"Polygon","coordinates":[[[76.9472598,28.4142985],[76.9472263,28.4142676],[76.9472947,28.4142689],[76.9474476,28.4144615],[76.9473788,28.4144902],[76.9472598,28.4142985]]]}},{"type":"Feature","properties":{"v":"Hayatpur","m":"58","k":"8/2","t":"Harsaru","vc":"04116","area":216.8,"lat":28.4143353,"lng":76.9464038},"geometry":{"type":"Polygon","coordinates":[[[76.946311,28.4142806],[76.9464992,28.4142842],[76.9464966,28.4143901],[76.9463084,28.4143865],[76.946311,28.4142806]]]}},{"type":"Feature","properties":{"v":"Hayatpur","m":"58","k":"13/2/2","t":"Harsaru","vc":"04116","area":573.1,"lat":28.4139749,"lng":76.9464176},"geometry":{"type":"Polygon","coordinates":[[[76.9465032,28.4141178],[76.946315,28.4141142],[76.9463207,28.4138793],[76.9465111,28.4137929],[76.9465032,28.4141178]]]}},{"type":"Feature","properties":{"v":"Hayatpur","m":"58","k":"13/1","t":"Harsaru","vc":"04116","area":1312.7,"lat":28.4141084,"lng":76.9461165},"geometry":{"type":"Polygon","coordinates":[[[76.946315,28.4141142],[76.9463117,28.4142504],[76.9458497,28.4142417],[76.9458529,28.4141108],[76.9458534,28.4140904],[76.9461457,28.4139584],[76.9462902,28.4138931],[76.9463207,28.4138793],[76.946315,28.4141142]]]}},{"type":"Feature","properties":{"v":"Hayatpur","m":"58","k":"16/2","t":"Harsaru","vc":"04116","area":1575.5,"lat":28.413494,"lng":76.9475561},"geometry":{"type":"Polygon","coordinates":[[[76.9477168,28.4131942],[76.9476937,28.4137316],[76.9473857,28.4137258],[76.9473951,28.4133359],[76.9477168,28.4131942]]]}},{"type":"Feature","properties":{"v":"Hayatpur","m":"58","k":"15/2/1","t":"Harsaru","vc":"04116","area":1013.6,"lat":28.4141186,"lng":76.9475174},"geometry":{"type":"Polygon","coordinates":[[[76.9473726,28.4142704],[76.9473817,28.4138922],[76.947686,28.4140493],[76.9476805,28.4142762],[76.9473726,28.4142704]]]}},{"type":"Feature","properties":{"v":"Hayatpur","m":"58","k":"14/2/1","t":"Harsaru","vc":"04116","area":3071.5,"lat":28.4139146,"lng":76.9468477},"geometry":{"type":"Polygon","coordinates":[[[76.9465032,28.4141178],[76.9465111,28.4137929],[76.9468327,28.4136198],[76.9471953,28.413813],[76.9471876,28.4141307],[76.9465032,28.4141178]]]}},{"type":"Feature","properties":{"v":"Hayatpur","m":"58","k":"10","t":"Harsaru","vc":"04116","area":1239.1,"lat":28.4146575,"lng":76.9448925},"geometry":{"type":"Polygon","coordinates":[[[76.9451254,28.4144645],[76.945118,28.4147727],[76.9445287,28.4147616],[76.9444336,28.4147598],[76.9449578,28.4145176],[76.945126,28.4144399],[76.9451254,28.4144645]]]}},{"type":"Feature","properties":{"v":"Hayatpur","m":"58","k":"9","t":"Harsaru","vc":"04116","area":3773.5,"lat":28.4145166,"lng":76.9455057},"geometry":{"type":"Polygon","coordinates":[[[76.9458182,28.4141285],[76.9458155,28.414241],[76.9458024,28.4147856],[76.945118,28.4147727],[76.9451254,28.4144645],[76.945126,28.4144399],[76.9456373,28.4141926],[76.9456713,28.4141762],[76.9458188,28.4141049],[76.9458182,28.4141285]]]}},{"type":"Feature","properties":{"v":"Hayatpur","m":"58","k":"8/3","t":"Harsaru","vc":"04116","area":2523.4,"lat":28.4144899,"lng":76.9461217},"geometry":{"type":"Polygon","coordinates":[[[76.9459906,28.4147892],[76.9458366,28.4147863],[76.945849,28.4142719],[76.946311,28.4142806],[76.9463084,28.4143865],[76.9464966,28.4143901],[76.9464908,28.4146321],[76.9459946,28.4146228],[76.9459906,28.4147892]]]}},{"type":"Feature","properties":{"v":"Hayatpur","m":"58","k":"7","t":"Harsaru","vc":"04116","area":3829.8,"lat":28.4145478,"lng":76.9468352},"geometry":{"type":"Polygon","coordinates":[[[76.9464908,28.4146321],[76.9464966,28.4143901],[76.9464992,28.4142842],[76.9471836,28.4142971],[76.9471712,28.4148114],[76.946829,28.414805],[76.9464868,28.4147985],[76.9464908,28.4146321]]]}},{"type":"Feature","properties":{"v":"Hayatpur","m":"58","k":"6/1","t":"Harsaru","vc":"04116","area":2817.5,"lat":28.4145457,"lng":76.947623},"geometry":{"type":"Polygon","coordinates":[[[76.9478556,28.4148243],[76.9475134,28.4148179],[76.9473423,28.4148147],[76.9474476,28.4144615],[76.9472947,28.4142689],[76.9473726,28.4142704],[76.9476805,28.4142762],[76.9478688,28.4142797],[76.9478556,28.4148243]]]}},{"type":"Feature","properties":{"v":"Hayatpur","m":"58","k":"5/1","t":"Harsaru","vc":"04116","area":2027.5,"lat":28.415087,"lng":76.9473357},"geometry":{"type":"Polygon","coordinates":[[[76.9475003,28.4153625],[76.9471581,28.415356],[76.9471712,28.4148114],[76.9473423,28.4148147],[76.9475134,28.4148179],[76.9475003,28.4153625]]]}},{"type":"Feature","properties":{"v":"Hayatpur","m":"58","k":"4/2","t":"Harsaru","vc":"04116","area":2027.6,"lat":28.4150805,"lng":76.9469936},"geometry":{"type":"Polygon","coordinates":[[[76.9471712,28.4148114],[76.9471581,28.415356],[76.9468159,28.4153496],[76.946829,28.414805],[76.9471712,28.4148114]]]}},{"type":"Feature","properties":{"v":"Hayatpur","m":"58","k":"3/2","t":"Harsaru","vc":"04116","area":2940.0,"lat":28.4150662,"lng":76.9462322},"geometry":{"type":"Polygon","coordinates":[[[76.9464868,28.4147985],[76.9464737,28.4153431],[76.9459775,28.4153338],[76.9459906,28.4147892],[76.9464868,28.4147985]]]}},{"type":"Feature","properties":{"v":"Hayatpur","m":"58","k":"2/1","t":"Harsaru","vc":"04116","area":2027.6,"lat":28.4151876,"lng":76.9454503},"geometry":{"type":"Polygon","coordinates":[[[76.9457958,28.4150579],[76.9457892,28.4153302],[76.9451048,28.4153173],[76.9451114,28.415045],[76.9457958,28.4150579]]]}},{"type":"Feature","properties":{"v":"Hayatpur","m":"58","k":"1","t":"Harsaru","vc":"04116","area":4055.3,"lat":28.4150385,"lng":76.9447692},"geometry":{"type":"Polygon","coordinates":[[[76.9445287,28.4147616],[76.945118,28.4147727],[76.9451114,28.415045],[76.9451048,28.4153173],[76.9444204,28.4153044],[76.9444323,28.4148102],[76.9444336,28.4147598],[76.9445287,28.4147616]]]}},{"type":"Feature","properties":{"v":"Hayatpur","m":"0","k":"149","t":"Harsaru","vc":"04116","area":461.0,"lat":28.4164219,"lng":76.9450953},"geometry":{"type":"Polygon","coordinates":[[[76.9457972,28.41642],[76.9457965,28.4164503],[76.9457622,28.4164496],[76.9450778,28.4164367],[76.9443934,28.4164238],[76.9443941,28.4163936],[76.9450785,28.4164065],[76.945763,28.4164194],[76.9457972,28.41642]]]}},{"type":"Feature","properties":{"v":"Hayatpur","m":"0","k":"150","t":"Harsaru","vc":"04116","area":1323.5,"lat":28.4149159,"lng":76.9458164},"geometry":{"type":"Polygon","coordinates":[[[76.9458366,28.4147863],[76.9458235,28.4153309],[76.9458103,28.4158754],[76.9457972,28.41642],[76.945763,28.4164194],[76.9457761,28.4158748],[76.9457892,28.4153302],[76.9457958,28.4150579],[76.9458024,28.4147856],[76.9458155,28.414241],[76.9458182,28.4141285],[76.9458188,28.4141049],[76.9458242,28.4141026],[76.9458534,28.4140904],[76.9458529,28.4141108],[76.9458497,28.4142417],[76.9463117,28.4142504],[76.9464999,28.4142539],[76.9471843,28.4142668],[76.9472263,28.4142676],[76.9472598,28.4142985],[76.9471836,28.4142971],[76.9464992,28.4142842],[76.946311,28.4142806],[76.945849,28.4142719],[76.9458366,28.4147863]]]}},{"type":"Feature","properties":{"v":"Hayatpur","m":"59","k":"14/1","t":"Harsaru","vc":"04116","area":1216.4,"lat":28.4167065,"lng":76.9465435},"geometry":{"type":"Polygon","coordinates":[[[76.9464343,28.4169769],[76.9464474,28.4164323],[76.9466527,28.4164362],[76.9466396,28.4169808],[76.9464343,28.4169769]]]}},{"type":"Feature","properties":{"v":"Hayatpur","m":"59","k":"18/1","t":"Harsaru","vc":"04116","area":1926.2,"lat":28.416157,"lng":76.9462914},"geometry":{"type":"Polygon","coordinates":[[[76.9461223,28.4164262],[76.9461354,28.4158816],[76.9464605,28.4158877],[76.9464474,28.4164323],[76.9461223,28.4164262]]]}},{"type":"Feature","properties":{"v":"Hayatpur","m":"59","k":"28","t":"Harsaru","vc":"04116","area":54.0,"lat":28.4155316,"lng":76.9453543},"geometry":{"type":"Polygon","coordinates":[[[76.945308,28.4155264],[76.9453479,28.4154772],[76.9454006,28.4155367],[76.9453607,28.4155859],[76.945308,28.4155264]]]}},{"type":"Feature","properties":{"v":"Hayatpur","m":"59","k":"27","t":"Harsaru","vc":"04116","area":349.8,"lat":28.4157004,"lng":76.9454021},"geometry":{"type":"Polygon","coordinates":[[[76.945447,28.4158442],[76.9452615,28.4155899],[76.945308,28.4155264],[76.9453607,28.4155859],[76.9455612,28.4158123],[76.945447,28.4158442]]]}},{"type":"Feature","properties":{"v":"Hayatpur","m":"59","k":"26","t":"Harsaru","vc":"04116","area":346.6,"lat":28.4157183,"lng":76.9452955},"geometry":{"type":"Polygon","coordinates":[[[76.9453655,28.4158671],[76.9451503,28.4156317],[76.945243,28.4155645],[76.9452615,28.4155899],[76.945447,28.4158442],[76.9453655,28.4158671]]]}},{"type":"Feature","properties":{"v":"Hayatpur","m":"59","k":"24/2","t":"Harsaru","vc":"04116","area":1464.5,"lat":28.4154479,"lng":76.9468135},"geometry":{"type":"Polygon","coordinates":[[[76.9464689,28.4155398],[76.9464737,28.4153431],[76.9468159,28.4153496],[76.9471581,28.415356],[76.9471533,28.4155527],[76.9464689,28.4155398]]]}},{"type":"Feature","properties":{"v":"Hayatpur","m":"59","k":"13/2","t":"Harsaru","vc":"04116","area":3852.5,"lat":28.4166985,"lng":76.9461157},"geometry":{"type":"Polygon","coordinates":[[[76.9457965,28.4164503],[76.9457972,28.41642],[76.9461223,28.4164262],[76.9464474,28.4164323],[76.9464343,28.4169769],[76.945784,28.4169646],[76.9457965,28.4164503]]]}},{"type":"Feature","properties":{"v":"Hayatpur","m":"59","k":"25","t":"Harsaru","vc":"04116","area":4055.3,"lat":28.4156348,"lng":76.9474937},"geometry":{"type":"Polygon","coordinates":[[[76.9471449,28.4159006],[76.9471533,28.4155527],[76.9471581,28.415356],[76.9475003,28.4153625],[76.9478425,28.4153689],[76.9478294,28.4159135],[76.9471449,28.4159006]]]}},{"type":"Feature","properties":{"v":"Hayatpur","m":"59","k":"24/1","t":"Harsaru","vc":"04116","area":2590.5,"lat":28.4157202,"lng":76.9468069},"geometry":{"type":"Polygon","coordinates":[[[76.9464605,28.4158877],[76.9464689,28.4155398],[76.9471533,28.4155527],[76.9471449,28.4159006],[76.9464605,28.4158877]]]}},{"type":"Feature","properties":{"v":"Hayatpur","m":"59","k":"23","t":"Harsaru","vc":"04116","area":3852.2,"lat":28.4156093,"lng":76.946142},"geometry":{"type":"Polygon","coordinates":[[[76.9464689,28.4155398],[76.9464605,28.4158877],[76.9461354,28.4158816],[76.9458103,28.4158754],[76.9458235,28.4153309],[76.9459775,28.4153338],[76.9464737,28.4153431],[76.9464689,28.4155398]]]}},{"type":"Feature","properties":{"v":"Hayatpur","m":"59","k":"22","t":"Harsaru","vc":"04116","area":3304.8,"lat":28.4155732,"lng":76.9454611},"geometry":{"type":"Polygon","coordinates":[[[76.9453655,28.4158671],[76.945447,28.4158442],[76.9455612,28.4158123],[76.9453607,28.4155859],[76.9454006,28.4155367],[76.9453479,28.4154772],[76.945308,28.4155264],[76.9452615,28.4155899],[76.945243,28.4155645],[76.9451503,28.4156317],[76.9453655,28.4158671],[76.9450917,28.4158619],[76.9451048,28.4153173],[76.9457892,28.4153302],[76.9457761,28.4158748],[76.9453655,28.4158671]]]}},{"type":"Feature","properties":{"v":"Hayatpur","m":"59","k":"21","t":"Harsaru","vc":"04116","area":4055.1,"lat":28.4155832,"lng":76.944756},"geometry":{"type":"Polygon","coordinates":[[[76.9450917,28.4158619],[76.9444073,28.415849],[76.9444204,28.4153044],[76.9451048,28.4153173],[76.9450917,28.4158619]]]}},{"type":"Feature","properties":{"v":"Hayatpur","m":"59","k":"20","t":"Harsaru","vc":"04116","area":4055.1,"lat":28.4161277,"lng":76.9447429},"geometry":{"type":"Polygon","coordinates":[[[76.9450785,28.4164065],[76.9443941,28.4163936],[76.9444073,28.415849],[76.9450917,28.4158619],[76.9450785,28.4164065]]]}},{"type":"Feature","properties":{"v":"Hayatpur","m":"59","k":"19","t":"Harsaru","vc":"04116","area":4055.2,"lat":28.4161407,"lng":76.9454273},"geometry":{"type":"Polygon","coordinates":[[[76.9450785,28.4164065],[76.9450917,28.4158619],[76.9453655,28.4158671],[76.9457761,28.4158748],[76.945763,28.4164194],[76.9450785,28.4164065]]]}},{"type":"Feature","properties":{"v":"Hayatpur","m":"59","k":"18/2","t":"Harsaru","vc":"04116","area":1926.2,"lat":28.4161508,"lng":76.9459663},"geometry":{"type":"Polygon","coordinates":[[[76.9457972,28.41642],[76.9458103,28.4158754],[76.9461354,28.4158816],[76.9461223,28.4164262],[76.9457972,28.41642]]]}},{"type":"Feature","properties":{"v":"Hayatpur","m":"59","k":"17","t":"Harsaru","vc":"04116","area":4055.2,"lat":28.4161665,"lng":76.9467961},"geometry":{"type":"Polygon","coordinates":[[[76.9471318,28.4164452],[76.9466527,28.4164362],[76.9464474,28.4164323],[76.9464605,28.4158877],[76.9471449,28.4159006],[76.9471318,28.4164452]]]}},{"type":"Feature","properties":{"v":"Hayatpur","m":"59","k":"16","t":"Harsaru","vc":"04116","area":4055.6,"lat":28.4161793,"lng":76.9474806},"geometry":{"type":"Polygon","coordinates":[[[76.9471318,28.4164452],[76.9471449,28.4159006],[76.9478294,28.4159135],[76.9478192,28.4163371],[76.9478162,28.4164581],[76.9471318,28.4164452]]]}},{"type":"Feature","properties":{"v":"Hayatpur","m":"59","k":"15","t":"Harsaru","vc":"04116","area":4055.2,"lat":28.4167239,"lng":76.9474675},"geometry":{"type":"Polygon","coordinates":[[[76.9471187,28.4169898],[76.9471318,28.4164452],[76.9478162,28.4164581],[76.9478108,28.416685],[76.9478031,28.4170027],[76.9471187,28.4169898]]]}},{"type":"Feature","properties":{"v":"Hayatpur","m":"59","k":"14/2","t":"Harsaru","vc":"04116","area":2838.6,"lat":28.416713,"lng":76.9468857},"geometry":{"type":"Polygon","coordinates":[[[76.9466396,28.4169808],[76.9466527,28.4164362],[76.9471318,28.4164452],[76.9471187,28.4169898],[76.9466396,28.4169808]]]}},{"type":"Feature","properties":{"v":"Hayatpur","m":"59","k":"12","t":"Harsaru","vc":"04116","area":3830.2,"lat":28.4167003,"lng":76.9454138},"geometry":{"type":"Polygon","coordinates":[[[76.9457498,28.416964],[76.9450654,28.4169511],[76.9450778,28.4164367],[76.9457622,28.4164496],[76.9457498,28.416964]]]}},{"type":"Feature","properties":{"v":"Hayatpur","m":"59","k":"11","t":"Harsaru","vc":"04116","area":3830.3,"lat":28.4166874,"lng":76.9447294},"geometry":{"type":"Polygon","coordinates":[[[76.9450654,28.4169511],[76.944381,28.4169382],[76.944393,28.416439],[76.9443934,28.4164238],[76.9450778,28.4164367],[76.9450654,28.4169511]]]}},{"type":"Feature","properties":{"v":"Hayatpur","m":"59","k":"10/1","t":"Harsaru","vc":"04116","area":3436.1,"lat":28.4172585,"lng":76.9447175},"geometry":{"type":"Polygon","coordinates":[[[76.9450523,28.4174957],[76.9446929,28.4174889],[76.9444534,28.4174844],[76.9443678,28.4174827],[76.9443788,28.4170289],[76.9450636,28.4170267],[76.9450523,28.4174957]]]}},{"type":"Feature","properties":{"v":"Hayatpur","m":"59","k":"9","t":"Harsaru","vc":"04116","area":4054.9,"lat":28.4172299,"lng":76.945401},"geometry":{"type":"Polygon","coordinates":[[[76.9457367,28.4175086],[76.9450523,28.4174957],[76.9450636,28.4170267],[76.9450654,28.4169511],[76.9457498,28.416964],[76.9457454,28.4171455],[76.9457398,28.41738],[76.9457367,28.4175086]]]}},{"type":"Feature","properties":{"v":"Hayatpur","m":"59","k":"8/1","t":"Harsaru","vc":"04116","area":957.5,"lat":28.4174508,"lng":76.9460804},"geometry":{"type":"Polygon","coordinates":[[[76.9464211,28.4175215],[76.9457367,28.4175086],[76.9457398,28.41738],[76.9464242,28.4173929],[76.9464211,28.4175215]]]}},{"type":"Feature","properties":{"v":"Hayatpur","m":"59","k":"7/2","t":"Harsaru","vc":"04116","area":1712.3,"lat":28.4172693,"lng":76.9467743},"geometry":{"type":"Polygon","coordinates":[[[76.9466356,28.4171472],[76.9471147,28.4171562],[76.947109,28.4173907],[76.9464246,28.4173778],[76.9464299,28.4171584],[76.9466352,28.4171623],[76.9466356,28.4171472]]]}},{"type":"Feature","properties":{"v":"Hayatpur","m":"59","k":"6","t":"Harsaru","vc":"04116","area":4055.2,"lat":28.4172686,"lng":76.9474543},"geometry":{"type":"Polygon","coordinates":[[[76.9471187,28.4169898],[76.9478031,28.4170027],[76.94779,28.4175473],[76.9471056,28.4175344],[76.947109,28.4173907],[76.9471147,28.4171562],[76.9471187,28.4169898]]]}},{"type":"Feature","properties":{"v":"Hayatpur","m":"59","k":"5","t":"Harsaru","vc":"04116","area":4055.1,"lat":28.4178132,"lng":76.9474412},"geometry":{"type":"Polygon","coordinates":[[[76.9470924,28.418079],[76.9471056,28.4175344],[76.94779,28.4175473],[76.9477841,28.4177893],[76.9477769,28.4180919],[76.9470924,28.418079]]]}},{"type":"Feature","properties":{"v":"Hayatpur","m":"59","k":"4","t":"Harsaru","vc":"04116","area":4055.3,"lat":28.4178002,"lng":76.9467568},"geometry":{"type":"Polygon","coordinates":[[[76.946408,28.4180661],[76.9464182,28.4176425],[76.9464211,28.4175215],[76.9471056,28.4175344],[76.9470924,28.418079],[76.946408,28.4180661]]]}},{"type":"Feature","properties":{"v":"Hayatpur","m":"59","k":"3/1","t":"Harsaru","vc":"04116","area":2602.2,"lat":28.4178467,"lng":76.946011},"geometry":{"type":"Polygon","coordinates":[[[76.9462984,28.4176402],[76.9462882,28.4180638],[76.9457235,28.4180532],[76.9457338,28.4176296],[76.9462984,28.4176402]]]}},{"type":"Feature","properties":{"v":"Hayatpur","m":"59","k":"2","t":"Harsaru","vc":"04116","area":4054.7,"lat":28.4177744,"lng":76.9453879},"geometry":{"type":"Polygon","coordinates":[[[76.9450391,28.4180402],[76.9450523,28.4174957],[76.9457367,28.4175086],[76.9457338,28.4176296],[76.9457235,28.4180532],[76.9450391,28.4180402]]]}},{"type":"Feature","properties":{"v":"Hayatpur","m":"59","k":"1/1","t":"Harsaru","vc":"04116","area":506.9,"lat":28.4177558,"lng":76.944404},"geometry":{"type":"Polygon","coordinates":[[[76.9444402,28.418029],[76.9443757,28.4180277],[76.9443547,28.4180273],[76.9443678,28.4174827],[76.9444534,28.4174844],[76.9444402,28.418029]]]}},{"type":"Feature","properties":{"v":"Hayatpur","m":"0","k":"151","t":"Harsaru","vc":"04116","area":2117.0,"lat":28.4152743,"lng":76.9491971},"geometry":{"type":"Polygon","coordinates":[[[76.9492828,28.4124268],[76.9492769,28.4126718],[76.9492638,28.4132164],[76.9492507,28.4137609],[76.9492376,28.4143055],[76.949231,28.4145778],[76.9492296,28.4146383],[76.9492259,28.4147896],[76.9492245,28.4148501],[76.9492113,28.4153947],[76.9491989,28.415909],[76.9491982,28.4159393],[76.9491851,28.4164839],[76.949172,28.4170285],[76.9491588,28.4175731],[76.9491457,28.4181176],[76.9491115,28.418117],[76.9491246,28.4175724],[76.9491377,28.4170278],[76.9491509,28.4164832],[76.949164,28.4159386],[76.9491771,28.4153941],[76.9491902,28.4148495],[76.9491916,28.4147916],[76.9491957,28.4146225],[76.9492034,28.4143049],[76.9492165,28.4137603],[76.9492227,28.4135031],[76.9492296,28.4132157],[76.9492427,28.4126711],[76.9492483,28.4124412],[76.9492484,28.4124336],[76.9492824,28.4124268],[76.9492828,28.4124267],[76.9492828,28.4124268]]]}},{"type":"Feature","properties":{"v":"Hayatpur","m":"0","k":"152","t":"Harsaru","vc":"04116","area":225.6,"lat":28.4159306,"lng":76.9495408},"geometry":{"type":"Polygon","coordinates":[[[76.9498826,28.4159522],[76.9491982,28.4159393],[76.9491989,28.415909],[76.9498834,28.4159219],[76.9498826,28.4159522]]]}},{"type":"Feature","properties":{"v":"Hayatpur","m":"60","k":"19/2","t":"Harsaru","vc":"04116","area":1216.4,"lat":28.4162006,"lng":76.9486099},"geometry":{"type":"Polygon","coordinates":[[[76.948706,28.4164749],[76.9485007,28.416471],[76.9485138,28.4159264],[76.9485309,28.4159267],[76.9487191,28.4159303],[76.948706,28.4164749]]]}},{"type":"Feature","properties":{"v":"Hayatpur","m":"60","k":"22/1/2","t":"Harsaru","vc":"04116","area":1115.1,"lat":28.4156562,"lng":76.9486316},"geometry":{"type":"Polygon","coordinates":[[[76.9487191,28.4159303],[76.9485309,28.4159267],[76.948544,28.4153821],[76.9487322,28.4153857],[76.9487191,28.4159303]]]}},{"type":"Feature","properties":{"v":"Hayatpur","m":"60","k":"13","t":"Harsaru","vc":"04116","area":4055.0,"lat":28.4167626,"lng":76.9495208},"geometry":{"type":"Polygon","coordinates":[[[76.949172,28.4170285],[76.9491851,28.4164839],[76.9498695,28.4164968],[76.9498564,28.4170414],[76.949172,28.4170285]]]}},{"type":"Feature","properties":{"v":"Hayatpur","m":"60","k":"14","t":"Harsaru","vc":"04116","area":4054.7,"lat":28.4167755,"lng":76.9502051},"geometry":{"type":"Polygon","coordinates":[[[76.9498564,28.4170414],[76.9498695,28.4164968],[76.9505539,28.4165097],[76.9505408,28.4170542],[76.9498564,28.4170414]]]}},{"type":"Feature","properties":{"v":"Hayatpur","m":"60","k":"8","t":"Harsaru","vc":"04116","area":4055.0,"lat":28.4173072,"lng":76.9495076},"geometry":{"type":"Polygon","coordinates":[[[76.9498564,28.4170414],[76.9498433,28.4175859],[76.9491588,28.4175731],[76.949172,28.4170285],[76.9498564,28.4170414]]]}},{"type":"Feature","properties":{"v":"Hayatpur","m":"60","k":"7","t":"Harsaru","vc":"04116","area":4054.7,"lat":28.4173201,"lng":76.9501921},"geometry":{"type":"Polygon","coordinates":[[[76.9498564,28.4170414],[76.9505408,28.4170542],[76.9505277,28.4175988],[76.9498433,28.4175859],[76.9498564,28.4170414]]]}},{"type":"Feature","properties":{"v":"Hayatpur","m":"60","k":"6","t":"Harsaru","vc":"04116","area":4055.1,"lat":28.4173329,"lng":76.9508765},"geometry":{"type":"Polygon","coordinates":[[[76.9505277,28.4175988],[76.9505408,28.4170542],[76.9512253,28.4170671],[76.9512245,28.4170974],[76.9512121,28.4176117],[76.9505277,28.4175988]]]}},{"type":"Feature","properties":{"v":"Hayatpur","m":"60","k":"25/1","t":"Harsaru","vc":"04116","area":2590.7,"lat":28.4157832,"lng":76.9508592},"geometry":{"type":"Polygon","coordinates":[[[76.9505671,28.4159651],[76.9505794,28.4154507],[76.9512558,28.4157964],[76.9512551,28.4158267],[76.9512515,28.4159779],[76.9505671,28.4159651]]]}},{"type":"Feature","properties":{"v":"Hayatpur","m":"60","k":"24/1","t":"Harsaru","vc":"04116","area":4043.8,"lat":28.4156871,"lng":76.9502305},"geometry":{"type":"Polygon","coordinates":[[[76.9498834,28.4159219],[76.9498958,28.4154076],[76.9505117,28.4154192],[76.9505794,28.4154507],[76.9505671,28.4159651],[76.9498826,28.4159522],[76.9498834,28.4159219]]]}},{"type":"Feature","properties":{"v":"Hayatpur","m":"60","k":"23","t":"Harsaru","vc":"04116","area":3830.0,"lat":28.4156583,"lng":76.9495474},"geometry":{"type":"Polygon","coordinates":[[[76.9498834,28.4159219],[76.9491989,28.415909],[76.9492113,28.4153947],[76.9498958,28.4154076],[76.9498834,28.4159219]]]}},{"type":"Feature","properties":{"v":"Hayatpur","m":"60","k":"22/2","t":"Harsaru","vc":"04116","area":2635.8,"lat":28.4156622,"lng":76.9489481},"geometry":{"type":"Polygon","coordinates":[[[76.949164,28.4159386],[76.9487191,28.4159303],[76.9487322,28.4153857],[76.9491771,28.4153941],[76.949164,28.4159386]]]}},{"type":"Feature","properties":{"v":"Hayatpur","m":"60","k":"21/1","t":"Harsaru","vc":"04116","area":3244.2,"lat":28.4156464,"lng":76.9481097},"geometry":{"type":"Polygon","coordinates":[[[76.9478425,28.4153689],[76.94839,28.4153792],[76.9483769,28.4159238],[76.9483256,28.4159229],[76.9478294,28.4159135],[76.9478425,28.4153689]]]}},{"type":"Feature","properties":{"v":"Hayatpur","m":"60","k":"20/3","t":"Harsaru","vc":"04116","area":2286.5,"lat":28.41613,"lng":76.9480724},"geometry":{"type":"Polygon","coordinates":[[[76.9483154,28.4163464],[76.9478192,28.4163371],[76.9478294,28.4159135],[76.9483256,28.4159229],[76.9483154,28.4163464]]]}},{"type":"Feature","properties":{"v":"Hayatpur","m":"60","k":"19/1","t":"Harsaru","vc":"04116","area":2636.0,"lat":28.4162068,"lng":76.948935},"geometry":{"type":"Polygon","coordinates":[[[76.9491509,28.4164832],[76.948706,28.4164749],[76.9487191,28.4159303],[76.949164,28.4159386],[76.9491509,28.4164832]]]}},{"type":"Feature","properties":{"v":"Hayatpur","m":"60","k":"18","t":"Harsaru","vc":"04116","area":4055.1,"lat":28.4162181,"lng":76.9495338},"geometry":{"type":"Polygon","coordinates":[[[76.9498695,28.4164968],[76.9491851,28.4164839],[76.9491982,28.4159393],[76.9498826,28.4159522],[76.9498695,28.4164968]]]}},{"type":"Feature","properties":{"v":"Hayatpur","m":"60","k":"17","t":"Harsaru","vc":"04116","area":4055.4,"lat":28.4162309,"lng":76.9502183},"geometry":{"type":"Polygon","coordinates":[[[76.9505539,28.4165097],[76.9498695,28.4164968],[76.9498826,28.4159522],[76.9505671,28.4159651],[76.9505539,28.4165097]]]}},{"type":"Feature","properties":{"v":"Hayatpur","m":"60","k":"16","t":"Harsaru","vc":"04116","area":4055.3,"lat":28.4162438,"lng":76.9509027},"geometry":{"type":"Polygon","coordinates":[[[76.9505539,28.4165097],[76.9505671,28.4159651],[76.9512515,28.4159779],[76.9512384,28.4165225],[76.9505539,28.4165097]]]}},{"type":"Feature","properties":{"v":"Hayatpur","m":"60","k":"15","t":"Harsaru","vc":"04116","area":4055.3,"lat":28.4167884,"lng":76.9508896},"geometry":{"type":"Polygon","coordinates":[[[76.9505539,28.4165097],[76.9512384,28.4165225],[76.9512253,28.4170671],[76.9505408,28.4170542],[76.9505539,28.4165097]]]}},{"type":"Feature","properties":{"v":"Hayatpur","m":"60","k":"12","t":"Harsaru","vc":"04116","area":3852.2,"lat":28.4167494,"lng":76.9488192},"geometry":{"type":"Polygon","coordinates":[[[76.9491377,28.4170278],[76.9484875,28.4170156],[76.9484952,28.4166979],[76.9485007,28.416471],[76.948706,28.4164749],[76.9491509,28.4164832],[76.9491377,28.4170278]]]}},{"type":"Feature","properties":{"v":"Hayatpur","m":"60","k":"11/1","t":"Harsaru","vc":"04116","area":2365.6,"lat":28.4168503,"lng":76.9481492},"geometry":{"type":"Polygon","coordinates":[[[76.9478031,28.4170027],[76.9478108,28.416685],[76.9484952,28.4166979],[76.9484875,28.4170156],[76.9478031,28.4170027]]]}},{"type":"Feature","properties":{"v":"Hayatpur","m":"60","k":"10","t":"Harsaru","vc":"04116","area":4055.0,"lat":28.4172815,"lng":76.9481387},"geometry":{"type":"Polygon","coordinates":[[[76.9484744,28.4175602],[76.94779,28.4175473],[76.9478031,28.4170027],[76.9484875,28.4170156],[76.9484744,28.4175602]]]}},{"type":"Feature","properties":{"v":"Hayatpur","m":"60","k":"9","t":"Harsaru","vc":"04116","area":3852.4,"lat":28.417294,"lng":76.9488061},"geometry":{"type":"Polygon","coordinates":[[[76.9484875,28.4170156],[76.9491377,28.4170278],[76.9491246,28.4175724],[76.9484744,28.4175602],[76.9484875,28.4170156]]]}},{"type":"Feature","properties":{"v":"Hayatpur","m":"60","k":"5","t":"Harsaru","vc":"04116","area":4055.1,"lat":28.4178776,"lng":76.9508634},"geometry":{"type":"Polygon","coordinates":[[[76.951199,28.4181563],[76.9505146,28.4181434],[76.9505277,28.4175988],[76.9512121,28.4176117],[76.9512056,28.417884],[76.951199,28.4181563]]]}},{"type":"Feature","properties":{"v":"Hayatpur","m":"60","k":"4","t":"Harsaru","vc":"04116","area":4055.0,"lat":28.4178647,"lng":76.9501789},"geometry":{"type":"Polygon","coordinates":[[[76.9505277,28.4175988],[76.9505146,28.4181434],[76.9498302,28.4181305],[76.9498433,28.4175859],[76.9505277,28.4175988]]]}},{"type":"Feature","properties":{"v":"Hayatpur","m":"60","k":"3","t":"Harsaru","vc":"04116","area":4055.2,"lat":28.4178518,"lng":76.9494945},"geometry":{"type":"Polygon","coordinates":[[[76.9491457,28.4181176],[76.9491588,28.4175731],[76.9498433,28.4175859],[76.9498302,28.4181305],[76.9491457,28.4181176]]]}},{"type":"Feature","properties":{"v":"Hayatpur","m":"60","k":"2","t":"Harsaru","vc":"04116","area":3852.4,"lat":28.4178386,"lng":76.9487929},"geometry":{"type":"Polygon","coordinates":[[[76.9491246,28.4175724],[76.9491115,28.418117],[76.9484613,28.4181048],[76.9484744,28.4175602],[76.9491246,28.4175724]]]}},{"type":"Feature","properties":{"v":"Hayatpur","m":"60","k":"1","t":"Harsaru","vc":"04116","area":4055.2,"lat":28.417826,"lng":76.9481256},"geometry":{"type":"Polygon","coordinates":[[[76.9484613,28.4181048],[76.9477769,28.4180919],[76.9477841,28.4177893],[76.94779,28.4175473],[76.9484744,28.4175602],[76.9484613,28.4181048]]]}},{"type":"Feature","properties":{"v":"Hayatpur","m":"69","k":"5/1/2","t":"Harsaru","vc":"04116","area":1757.4,"lat":28.4152909,"lng":76.9509492},"geometry":{"type":"Polygon","coordinates":[[[76.9505864,28.4151633],[76.9512708,28.4151762],[76.9512646,28.4154334],[76.9508197,28.415425],[76.9505831,28.4152995],[76.9505864,28.4151633]]]}},{"type":"Feature","properties":{"v":"Hayatpur","m":"69","k":"2/1","t":"Harsaru","vc":"04116","area":1216.7,"lat":28.4151114,"lng":76.9486361},"geometry":{"type":"Polygon","coordinates":[[[76.94854,28.4148372],[76.9487454,28.4148411],[76.9487322,28.4153857],[76.948544,28.4153821],[76.9485269,28.4153818],[76.94854,28.4148372]]]}},{"type":"Feature","properties":{"v":"Hayatpur","m":"69","k":"8/2","t":"Harsaru","vc":"04116","area":2027.6,"lat":28.4144481,"lng":76.9495765},"geometry":{"type":"Polygon","coordinates":[[[76.949922,28.4143184],[76.9499154,28.4145907],[76.949231,28.4145778],[76.9492376,28.4143055],[76.949922,28.4143184]]]}},{"type":"Feature","properties":{"v":"Hayatpur","m":"69","k":"26","t":"Harsaru","vc":"04116","area":256.5,"lat":28.4142717,"lng":76.9490589},"geometry":{"type":"Polygon","coordinates":[[[76.949159,28.4143696],[76.9490764,28.4144062],[76.9490151,28.4143013],[76.9489711,28.4141708],[76.9490504,28.4141318],[76.9491178,28.4143033],[76.949159,28.4143696]]]}},{"type":"Feature","properties":{"v":"Hayatpur","m":"69","k":"6/1","t":"Harsaru","vc":"04116","area":608.4,"lat":28.4144784,"lng":76.9511849},"geometry":{"type":"Polygon","coordinates":[[[76.9510855,28.4143403],[76.9512908,28.4143442],[76.9512843,28.4146165],[76.9510789,28.4146126],[76.9510855,28.4143403]]]}},{"type":"Feature","properties":{"v":"Hayatpur","m":"69","k":"11/2/2","t":"Harsaru","vc":"04116","area":1177.2,"lat":28.41401,"lng":76.9484594},"geometry":{"type":"Polygon","coordinates":[[[76.9485532,28.4142926],[76.9484676,28.414291],[76.9483493,28.4142283],[76.948361,28.4137442],[76.9485663,28.413748],[76.9485583,28.4140809],[76.9485532,28.4142926]]]}},{"type":"Feature","properties":{"v":"Hayatpur","m":"69","k":"20/2","t":"Harsaru","vc":"04116","area":1013.8,"lat":28.4134645,"lng":76.947974},"geometry":{"type":"Polygon","coordinates":[[[76.9480661,28.4131938],[76.948053,28.4137384],[76.9478819,28.4137352],[76.947895,28.4131906],[76.9480661,28.4131938]]]}},{"type":"Feature","properties":{"v":"Hayatpur","m":"69","k":"14/2","t":"Harsaru","vc":"04116","area":1689.8,"lat":28.4138937,"lng":76.9502746},"geometry":{"type":"Polygon","coordinates":[[[76.9499351,28.4137738],[76.9504142,28.4137828],[76.9506195,28.4137867],[76.9506141,28.4140136],[76.9499296,28.4140007],[76.9499351,28.4137738]]]}},{"type":"Feature","properties":{"v":"Hayatpur","m":"69","k":"17/1","t":"Harsaru","vc":"04116","area":1216.3,"lat":28.4135125,"lng":76.9505234},"geometry":{"type":"Polygon","coordinates":[[[76.9506195,28.4137867],[76.9504142,28.4137828],[76.9504273,28.4132383],[76.9506326,28.4132421],[76.9506195,28.4137867]]]}},{"type":"Feature","properties":{"v":"Hayatpur","m":"69","k":"22/2","t":"Harsaru","vc":"04116","area":1317.8,"lat":28.4129413,"lng":76.9491249},"geometry":{"type":"Polygon","coordinates":[[[76.9492296,28.4132157],[76.9490072,28.4132115],[76.9490203,28.4126669],[76.9492427,28.4126711],[76.9492296,28.4132157]]]}},{"type":"Feature","properties":{"v":"Hayatpur","m":"69","k":"13","t":"Harsaru","vc":"04116","area":4055.0,"lat":28.4140397,"lng":76.9495863},"geometry":{"type":"Polygon","coordinates":[[[76.9499296,28.4140007],[76.949922,28.4143184],[76.9492376,28.4143055],[76.9492507,28.4137609],[76.9499351,28.4137738],[76.9499296,28.4140007]]]}},{"type":"Feature","properties":{"v":"Hayatpur","m":"69","k":"25/1","t":"Harsaru","vc":"04116","area":3953.9,"lat":28.4129761,"lng":76.9509728},"geometry":{"type":"Polygon","coordinates":[[[76.9506457,28.4126975],[76.951313,28.4127101],[76.9513119,28.4127555],[76.9512999,28.4132547],[76.9506326,28.4132421],[76.9506457,28.4126975]]]}},{"type":"Feature","properties":{"v":"Hayatpur","m":"69","k":"24","t":"Harsaru","vc":"04116","area":4055.1,"lat":28.4129634,"lng":76.950297},"geometry":{"type":"Polygon","coordinates":[[[76.9506326,28.4132421],[76.9504273,28.4132383],[76.9499482,28.4132292],[76.9499613,28.4126847],[76.9506457,28.4126975],[76.9506326,28.4132421]]]}},{"type":"Feature","properties":{"v":"Hayatpur","m":"69","k":"23","t":"Harsaru","vc":"04116","area":4055.1,"lat":28.4129505,"lng":76.9496125},"geometry":{"type":"Polygon","coordinates":[[[76.9499482,28.4132292],[76.9492638,28.4132164],[76.9492769,28.4126718],[76.9497902,28.4126814],[76.9499613,28.4126847],[76.9499482,28.4132292]]]}},{"type":"Feature","properties":{"v":"Hayatpur","m":"69","k":"22/1","t":"Harsaru","vc":"04116","area":2447.9,"lat":28.4129438,"lng":76.9488053},"geometry":{"type":"Polygon","coordinates":[[[76.9487784,28.4126624],[76.9490203,28.4126669],[76.9490072,28.4132115],[76.9485794,28.4132035],[76.9485902,28.4127564],[76.9486179,28.4127406],[76.9487559,28.412662],[76.9487784,28.4126624]]]}},{"type":"Feature","properties":{"v":"Hayatpur","m":"69","k":"21","t":"Harsaru","vc":"04116","area":1946.3,"lat":28.4130459,"lng":76.9483219},"geometry":{"type":"Polygon","coordinates":[[[76.9485794,28.4132035],[76.9480661,28.4131938],[76.947895,28.4131906],[76.9478968,28.4131149],[76.9481332,28.4129927],[76.9485902,28.4127564],[76.9485794,28.4132035]]]}},{"type":"Feature","properties":{"v":"Hayatpur","m":"69","k":"20/1","t":"Harsaru","vc":"04116","area":3041.1,"lat":28.4134709,"lng":76.9483162},"geometry":{"type":"Polygon","coordinates":[[[76.948361,28.4137442],[76.948053,28.4137384],[76.9480661,28.4131938],[76.9485794,28.4132035],[76.9485721,28.413506],[76.9485663,28.413748],[76.948361,28.4137442]]]}},{"type":"Feature","properties":{"v":"Hayatpur","m":"69","k":"19/2","t":"Harsaru","vc":"04116","area":2086.7,"lat":28.413357,"lng":76.9488982},"geometry":{"type":"Polygon","coordinates":[[[76.9490072,28.4132115],[76.9492296,28.4132157],[76.9492227,28.4135031],[76.9485721,28.413506],[76.9485794,28.4132035],[76.9490072,28.4132115]]]}},{"type":"Feature","properties":{"v":"Hayatpur","m":"69","k":"18","t":"Harsaru","vc":"04116","area":4054.8,"lat":28.4134951,"lng":76.9495995},"geometry":{"type":"Polygon","coordinates":[[[76.9499482,28.4132292],[76.9499351,28.4137738],[76.9492507,28.4137609],[76.9492638,28.4132164],[76.9499482,28.4132292]]]}},{"type":"Feature","properties":{"v":"Hayatpur","m":"69","k":"17/2","t":"Harsaru","vc":"04116","area":2838.5,"lat":28.413506,"lng":76.9501812},"geometry":{"type":"Polygon","coordinates":[[[76.9499351,28.4137738],[76.9499482,28.4132292],[76.9504273,28.4132383],[76.9504142,28.4137828],[76.9499351,28.4137738]]]}},{"type":"Feature","properties":{"v":"Hayatpur","m":"69","k":"16/2","t":"Harsaru","vc":"04116","area":3996.1,"lat":28.4135224,"lng":76.9509633},"geometry":{"type":"Polygon","coordinates":[[[76.9506195,28.4137867],[76.9506326,28.4132421],[76.9512999,28.4132547],[76.9512923,28.4135724],[76.9513094,28.4135727],[76.9513039,28.4137996],[76.9506195,28.4137867]]]}},{"type":"Feature","properties":{"v":"Hayatpur","m":"69","k":"15","t":"Harsaru","vc":"04116","area":4054.9,"lat":28.4140654,"lng":76.9509552},"geometry":{"type":"Polygon","coordinates":[[[76.9506141,28.4140136],[76.9506195,28.4137867],[76.9513039,28.4137996],[76.9512908,28.4143442],[76.9510855,28.4143403],[76.9506064,28.4143313],[76.9506141,28.4140136]]]}},{"type":"Feature","properties":{"v":"Hayatpur","m":"69","k":"14/1","t":"Harsaru","vc":"04116","area":2365.8,"lat":28.414166,"lng":76.950268},"geometry":{"type":"Polygon","coordinates":[[[76.949922,28.4143184],[76.9499296,28.4140007],[76.9506141,28.4140136],[76.9506064,28.4143313],[76.949922,28.4143184]]]}},{"type":"Feature","properties":{"v":"Hayatpur","m":"69","k":"12/1","t":"Harsaru","vc":"04116","area":1057.7,"lat":28.4141855,"lng":76.9487757},"geometry":{"type":"Polygon","coordinates":[[[76.9485532,28.4142926],[76.9485583,28.4140809],[76.9489855,28.4140606],[76.9489711,28.4141708],[76.9490151,28.4143013],[76.9485532,28.4142926]]]}},{"type":"Feature","properties":{"v":"Hayatpur","m":"69","k":"11/1/3","t":"Harsaru","vc":"04116","area":1971.2,"lat":28.4139341,"lng":76.9481391},"geometry":{"type":"Polygon","coordinates":[[[76.948053,28.4137384],[76.948361,28.4137442],[76.9483493,28.4142283],[76.9478753,28.4140074],[76.9478819,28.4137352],[76.948053,28.4137384]]]}},{"type":"Feature","properties":{"v":"Hayatpur","m":"69","k":"10/1/3","t":"Harsaru","vc":"04116","area":1622.0,"lat":28.4145546,"lng":76.9479991},"geometry":{"type":"Polygon","coordinates":[[[76.9481425,28.4142849],[76.9481294,28.4148295],[76.9478556,28.4148243],[76.9478688,28.4142797],[76.9481425,28.4142849]]]}},{"type":"Feature","properties":{"v":"Hayatpur","m":"69","k":"9/2","t":"Harsaru","vc":"04116","area":1133.3,"lat":28.4145631,"lng":76.9488779},"geometry":{"type":"Polygon","coordinates":[[[76.9491916,28.4147916],[76.9485484,28.4144893],[76.9485521,28.414338],[76.9491957,28.4146225],[76.9491916,28.4147916]]]}},{"type":"Feature","properties":{"v":"Hayatpur","m":"69","k":"8/1/3","t":"Harsaru","vc":"04116","area":1515.1,"lat":28.4146995,"lng":76.9496361},"geometry":{"type":"Polygon","coordinates":[[[76.9499089,28.414863],[76.9496693,28.4148585],[76.9492296,28.4146383],[76.949231,28.4145778],[76.9499154,28.4145907],[76.9499089,28.414863]]]}},{"type":"Feature","properties":{"v":"Hayatpur","m":"69","k":"7","t":"Harsaru","vc":"04116","area":4055.3,"lat":28.4145971,"lng":76.9502576},"geometry":{"type":"Polygon","coordinates":[[[76.9499154,28.4145907],[76.949922,28.4143184],[76.9506064,28.4143313],[76.9505933,28.4148759],[76.9499089,28.414863],[76.9499154,28.4145907]]]}},{"type":"Feature","properties":{"v":"Hayatpur","m":"69","k":"6/2","t":"Harsaru","vc":"04116","area":3447.0,"lat":28.4146333,"lng":76.9508992},"geometry":{"type":"Polygon","coordinates":[[[76.9505933,28.4148759],[76.9506064,28.4143313],[76.9510855,28.4143403],[76.9510789,28.4146126],[76.9512843,28.4146165],[76.9512777,28.4148888],[76.9505933,28.4148759]]]}},{"type":"Feature","properties":{"v":"Hayatpur","m":"69","k":"5/2","t":"Harsaru","vc":"04116","area":2140.0,"lat":28.415026,"lng":76.9509321},"geometry":{"type":"Polygon","coordinates":[[[76.9505933,28.4148759],[76.9512777,28.4148888],[76.9512708,28.4151762],[76.9505864,28.4151633],[76.9505933,28.4148759]]]}},{"type":"Feature","properties":{"v":"Hayatpur","m":"69","k":"4/3","t":"Harsaru","vc":"04116","area":2027.6,"lat":28.4150208,"lng":76.9503109},"geometry":{"type":"Polygon","coordinates":[[[76.9499089,28.414863],[76.9505933,28.4148759],[76.9505864,28.4151633],[76.9505831,28.4152995],[76.949906,28.414984],[76.9499089,28.414863]]]}},{"type":"Feature","properties":{"v":"Hayatpur","m":"69","k":"3/1","t":"Harsaru","vc":"04116","area":3218.6,"lat":28.4151753,"lng":76.949519},"geometry":{"type":"Polygon","coordinates":[[[76.9492113,28.4153947],[76.9492245,28.4148501],[76.9493442,28.4148524],[76.9499023,28.4151353],[76.9498958,28.4154076],[76.9492113,28.4153947]]]}},{"type":"Feature","properties":{"v":"Hayatpur","m":"69","k":"2/2","t":"Harsaru","vc":"04116","area":2635.8,"lat":28.4151176,"lng":76.9489612},"geometry":{"type":"Polygon","coordinates":[[[76.9487454,28.4148411],[76.9491902,28.4148495],[76.9491771,28.4153941],[76.9487322,28.4153857],[76.9487454,28.4148411]]]}},{"type":"Feature","properties":{"v":"Hayatpur","m":"69","k":"1","t":"Harsaru","vc":"04116","area":4054.9,"lat":28.4151031,"lng":76.9481913},"geometry":{"type":"Polygon","coordinates":[[[76.94854,28.4148372],[76.9485269,28.4153818],[76.94839,28.4153792],[76.9478425,28.4153689],[76.9478556,28.4148243],[76.9481294,28.4148295],[76.9483005,28.4148327],[76.94854,28.4148372]]]}},{"type":"Feature","properties":{"v":"Hayatpur","m":"70","k":"3/2/2","t":"Harsaru","vc":"04116","area":627.3,"lat":28.4123932,"lng":76.949885},"geometry":{"type":"Polygon","coordinates":[[[76.9497932,28.4125604],[76.9498006,28.4122495],[76.949973,28.4122006],[76.9499643,28.4125636],[76.9497932,28.4125604]]]}},{"type":"Feature","properties":{"v":"Hayatpur","m":"70","k":"6","t":"Harsaru","vc":"04116","area":2084.0,"lat":28.4120144,"lng":76.9510447},"geometry":{"type":"Polygon","coordinates":[[[76.9506589,28.4121529],[76.9506632,28.4119714],[76.9513524,28.4117876],[76.9513433,28.4121658],[76.9506589,28.4121529]]]}},{"type":"Feature","properties":{"v":"Hayatpur","m":"70","k":"5","t":"Harsaru","vc":"04116","area":3993.2,"lat":28.4124305,"lng":76.95099},"geometry":{"type":"Polygon","coordinates":[[[76.9506589,28.4121529],[76.9513433,28.4121658],[76.9513356,28.4124835],[76.951185,28.4124807],[76.9513338,28.4125591],[76.9513301,28.4127104],[76.951313,28.4127101],[76.9506457,28.4126975],[76.9506487,28.4125765],[76.9506589,28.4121529]]]}},{"type":"Feature","properties":{"v":"Hayatpur","m":"70","k":"4/2","t":"Harsaru","vc":"04116","area":3604.6,"lat":28.4123235,"lng":76.950341},"geometry":{"type":"Polygon","coordinates":[[[76.9506589,28.4121529],[76.9506487,28.4125765],[76.9499643,28.4125636],[76.949973,28.4122006],[76.9500371,28.4121793],[76.9506632,28.4119714],[76.9506589,28.4121529]]]}},{"type":"Feature","properties":{"v":"Hayatpur","m":"70","k":"3/1","t":"Harsaru","vc":"04116","area":1890.5,"lat":28.4125035,"lng":76.9495614},"geometry":{"type":"Polygon","coordinates":[[[76.9497932,28.4125604],[76.9497902,28.4126814],[76.9492769,28.4126718],[76.9492828,28.4124268],[76.9492828,28.4124267],[76.949285,28.412426],[76.9498006,28.4122495],[76.9497932,28.4125604]]]}},{"type":"Feature","properties":{"v":"Hayatpur","m":"70","k":"2","t":"Harsaru","vc":"04116","area":743.9,"lat":28.4125775,"lng":76.9490761},"geometry":{"type":"Polygon","coordinates":[[[76.9492483,28.4124412],[76.9492427,28.4126711],[76.9490203,28.4126669],[76.9487784,28.4126624],[76.9487559,28.412662],[76.9491209,28.4124498],[76.9492484,28.4124336],[76.9492483,28.4124412]]]}},{"type":"Feature","properties":{"v":"Hayatpur","m":"70","k":"","t":"Harsaru","vc":"04116","area":61.9,"lat":28.4125078,"lng":76.9512848},"geometry":{"type":"Polygon","coordinates":[[[76.9513356,28.4124835],[76.9513338,28.4125591],[76.951185,28.4124807],[76.9513356,28.4124835]]]}},{"type":"Feature","properties":{"v":"Hayatpur","m":"55","k":"","t":"Harsaru","vc":"04116","area":1018.7,"lat":28.4169218,"lng":76.9376153},"geometry":{"type":"Polygon","coordinates":[[[76.9375367,28.4168088],[76.9375425,28.4165668],[76.937742,28.4168127],[76.9377378,28.4169852],[76.9375779,28.4172259],[76.9375246,28.4173081],[76.9375266,28.4172268],[76.9375367,28.4168088]]]}},{"type":"Feature","properties":{"v":"Hayatpur","m":"51","k":"11","t":"Harsaru","vc":"04116","area":267.6,"lat":28.4109024,"lng":76.937723},"geometry":{"type":"Polygon","coordinates":[[[76.9377693,28.4108754],[76.9378082,28.4109645],[76.9377848,28.4109815],[76.9377195,28.4110288],[76.9376758,28.4110604],[76.9376758,28.4110593],[76.9376817,28.4108184],[76.9376824,28.4107879],[76.937685,28.4106822],[76.9377693,28.4108754]]]}},{"type":"Feature","properties":{"v":"Hayatpur","m":"55","k":"2/2","t":"Harsaru","vc":"04116","area":464.5,"lat":28.4177565,"lng":76.9388262},"geometry":{"type":"Polygon","coordinates":[[[76.9388792,28.4179239],[76.9387081,28.4179207],[76.9388913,28.4174247],[76.9388872,28.4175911],[76.9388858,28.4176516],[76.9388792,28.4179239]]]}},{"type":"Feature","properties":{"v":"Hayatpur","m":"55","k":"3/2/1","t":"Harsaru","vc":"04116","area":137.9,"lat":28.4174507,"lng":76.9389306},"geometry":{"type":"Polygon","coordinates":[[[76.9389266,28.41738],[76.9390121,28.4173816],[76.9388872,28.4175911],[76.9388913,28.4174247],[76.9388924,28.4173793],[76.9389266,28.41738]]]}},{"type":"Feature","properties":{"v":"Hayatpur","m":"55","k":"8/2","t":"Harsaru","vc":"04116","area":1064.5,"lat":28.4170356,"lng":76.9390102},"geometry":{"type":"Polygon","coordinates":[[[76.9388924,28.4173793],[76.9389055,28.4168347],[76.9392306,28.4168409],[76.9389266,28.41738],[76.9388924,28.4173793]]]}},{"type":"Feature","properties":{"v":"Hayatpur","m":"55","k":"4/1/2/2","t":"Harsaru","vc":"04116","area":583.0,"lat":28.4177407,"lng":76.9397843},"geometry":{"type":"Polygon","coordinates":[[[76.939584,28.417801],[76.9395873,28.4176649],[76.9399124,28.417671],[76.940046,28.4178098],[76.939584,28.417801]]]}},{"type":"Feature","properties":{"v":"Hayatpur","m":"55","k":"4/1/1","t":"Harsaru","vc":"04116","area":50.7,"lat":28.4178009,"lng":76.9395754},"geometry":{"type":"Polygon","coordinates":[[[76.9395636,28.4179369],[76.9395702,28.4176646],[76.9395873,28.4176649],[76.939584,28.417801],[76.9395807,28.4179372],[76.9395636,28.4179369]]]}},{"type":"Feature","properties":{"v":"Hayatpur","m":"55","k":"4/1/3","t":"Harsaru","vc":"04116","area":1216.7,"lat":28.4176756,"lng":76.940152},"geometry":{"type":"Polygon","coordinates":[[[76.9402481,28.4179498],[76.9400427,28.4179459],[76.940046,28.4178098],[76.9400559,28.4174013],[76.9401243,28.4174026],[76.9402612,28.4174052],[76.9402481,28.4179498]]]}},{"type":"Feature","properties":{"v":"Hayatpur","m":"55","k":"7/1/1","t":"Harsaru","vc":"04116","area":191.6,"lat":28.4173186,"lng":76.9402176},"geometry":{"type":"Polygon","coordinates":[[[76.9402667,28.4171783],[76.9402612,28.4174052],[76.9401243,28.4174026],[76.9402674,28.417148],[76.9402667,28.4171783]]]}},{"type":"Feature","properties":{"v":"Hayatpur","m":"55","k":"6/2/2","t":"Harsaru","vc":"04116","area":267.5,"lat":28.4169575,"lng":76.9403291},"geometry":{"type":"Polygon","coordinates":[[[76.9404455,28.4168638],[76.9402674,28.417148],[76.9402744,28.4168606],[76.9404455,28.4168638]]]}},{"type":"Feature","properties":{"v":"Hayatpur","m":"55","k":"15/1","t":"Harsaru","vc":"04116","area":1475.1,"lat":28.4165747,"lng":76.9404092},"geometry":{"type":"Polygon","coordinates":[[[76.9402876,28.416316],[76.9404929,28.4163199],[76.9406012,28.4164742],[76.9404455,28.4168638],[76.9402744,28.4168606],[76.9402876,28.416316]]]}},{"type":"Feature","properties":{"v":"Hayatpur","m":"55","k":"13/1","t":"Harsaru","vc":"04116","area":380.1,"lat":28.4167095,"lng":76.9394849},"geometry":{"type":"Polygon","coordinates":[[[76.9395386,28.4168467],[76.9393675,28.4168435],[76.9395485,28.4164383],[76.9395386,28.4168467]]]}},{"type":"Feature","properties":{"v":"Hayatpur","m":"55","k":"12/1","t":"Harsaru","vc":"04116","area":1013.8,"lat":28.4167602,"lng":76.9385649},"geometry":{"type":"Polygon","coordinates":[[[76.9389055,28.4168347],[76.9382211,28.4168218],[76.9382244,28.4166856],[76.9389088,28.4166986],[76.9389055,28.4168347]]]}},{"type":"Feature","properties":{"v":"Hayatpur","m":"55","k":"11/3/2","t":"Harsaru","vc":"04116","area":1068.6,"lat":28.4165739,"lng":76.9381286},"geometry":{"type":"Polygon","coordinates":[[[76.9382211,28.4168218],[76.9380158,28.4168179],[76.938045,28.416319],[76.9382332,28.4163226],[76.9382244,28.4166856],[76.9382211,28.4168218]]]}},{"type":"Feature","properties":{"v":"Hayatpur","m":"55","k":"20/1/2","t":"Harsaru","vc":"04116","area":633.8,"lat":28.4157966,"lng":76.9380319},"geometry":{"type":"Polygon","coordinates":[[[76.9381244,28.4158665],[76.9378164,28.4158607],[76.9378197,28.4157245],[76.9382475,28.4157326],[76.9382442,28.4158688],[76.9381244,28.4158665]]]}},{"type":"Feature","properties":{"v":"Hayatpur","m":"55","k":"20/1/1/2/2","t":"Harsaru","vc":"04116","area":295.7,"lat":28.4159811,"lng":76.9381815},"geometry":{"type":"Polygon","coordinates":[[[76.9381189,28.4160934],[76.93812,28.416048],[76.9381244,28.4158665],[76.9382442,28.4158688],[76.9382431,28.4159141],[76.9382387,28.4160957],[76.9381189,28.4160934]]]}},{"type":"Feature","properties":{"v":"Hayatpur","m":"55","k":"20/1/1/2/3","t":"Harsaru","vc":"04116","area":608.2,"lat":28.4159544,"lng":76.9379682},"geometry":{"type":"Polygon","coordinates":[[[76.93812,28.416048],[76.937812,28.4160422],[76.9378153,28.4159061],[76.9378164,28.4158607],[76.9381244,28.4158665],[76.93812,28.416048]]]}},{"type":"Feature","properties":{"v":"Hayatpur","m":"55","k":"19/1/2","t":"Harsaru","vc":"04116","area":836.3,"lat":28.4160748,"lng":76.9383334},"geometry":{"type":"Polygon","coordinates":[[[76.9382343,28.4162772],[76.9382387,28.4160957],[76.9382431,28.4159141],[76.9382442,28.4158688],[76.9384324,28.4158723],[76.9384225,28.4162808],[76.9382343,28.4162772]]]}},{"type":"Feature","properties":{"v":"Hayatpur","m":"55","k":"19/2","t":"Harsaru","vc":"04116","area":1013.8,"lat":28.4158072,"lng":76.938588},"geometry":{"type":"Polygon","coordinates":[[[76.9384324,28.4158723],[76.9382442,28.4158688],[76.9382475,28.4157326],[76.9382646,28.4157329],[76.9387437,28.415742],[76.9389319,28.4157456],[76.9389286,28.4158817],[76.9384324,28.4158723]]]}},{"type":"Feature","properties":{"v":"Hayatpur","m":"55","k":"18/2","t":"Harsaru","vc":"04116","area":1351.5,"lat":28.4158428,"lng":76.9392719},"geometry":{"type":"Polygon","coordinates":[[[76.9396119,28.41594],[76.9389275,28.4159271],[76.9389286,28.4158817],[76.9389319,28.4157456],[76.9396163,28.4157585],[76.9396119,28.41594]]]}},{"type":"Feature","properties":{"v":"Hayatpur","m":"55","k":"22/1","t":"Harsaru","vc":"04116","area":101.6,"lat":28.4154603,"lng":76.9382626},"geometry":{"type":"Polygon","coordinates":[[[76.9382646,28.4157329],[76.9382475,28.4157326],[76.9382531,28.4154981],[76.9382569,28.4153431],[76.9382606,28.415188],[76.9382778,28.4151884],[76.9382646,28.4157329]]]}},{"type":"Feature","properties":{"v":"Hayatpur","m":"55","k":"22/3","t":"Harsaru","vc":"04116","area":1115.4,"lat":28.4154715,"lng":76.9388444},"geometry":{"type":"Polygon","coordinates":[[[76.9389451,28.415201],[76.9389319,28.4157456],[76.9387437,28.415742],[76.9387568,28.4151974],[76.9389451,28.415201]]]}},{"type":"Feature","properties":{"v":"Hayatpur","m":"55","k":"21/2","t":"Harsaru","vc":"04116","area":1154.5,"lat":28.415416,"lng":76.9379127},"geometry":{"type":"Polygon","coordinates":[[[76.9382569,28.4153431],[76.9382531,28.4154981],[76.9375686,28.415489],[76.9375724,28.4153339],[76.9382569,28.4153431]]]}},{"type":"Feature","properties":{"v":"Hayatpur","m":"55","k":"21/3","t":"Harsaru","vc":"04116","area":1168.7,"lat":28.41526,"lng":76.9379152},"geometry":{"type":"Polygon","coordinates":[[[76.9382606,28.415188],[76.9382569,28.4153431],[76.9375724,28.4153339],[76.9375762,28.4151751],[76.9382606,28.415188]]]}},{"type":"Feature","properties":{"v":"Hayatpur","m":"55","k":"24/2/1","t":"Harsaru","vc":"04116","area":1723.6,"lat":28.4154955,"lng":76.9401105},"geometry":{"type":"Polygon","coordinates":[[[76.9399717,28.4152204],[76.9402626,28.4152259],[76.9402494,28.4157705],[76.9399585,28.415765],[76.9399717,28.4152204]]]}},{"type":"Feature","properties":{"v":"Hayatpur","m":"55","k":"24/2/2","t":"Harsaru","vc":"04116","area":303.9,"lat":28.4154986,"lng":76.9402817},"geometry":{"type":"Polygon","coordinates":[[[76.9402626,28.4152259],[76.9403139,28.4152268],[76.9403007,28.4157714],[76.9402494,28.4157705],[76.9402626,28.4152259]]]}},{"type":"Feature","properties":{"v":"Hayatpur","m":"0","k":"102/2","t":"Harsaru","vc":"04116","area":1660.8,"lat":28.4162943,"lng":76.9409688},"geometry":{"type":"Polygon","coordinates":[[[76.9412885,28.4163161],[76.9412723,28.4163346],[76.9407071,28.4165539],[76.9406757,28.416508],[76.9409639,28.4159852],[76.9409792,28.4160029],[76.9412885,28.4163161]]]}},{"type":"Feature","properties":{"v":"Hayatpur","m":"56","k":"3/2","t":"Harsaru","vc":"04116","area":1419.3,"lat":28.4177269,"lng":76.9428726},"geometry":{"type":"Polygon","coordinates":[[[76.9429858,28.4180015],[76.9427463,28.417997],[76.9427594,28.4174524],[76.942999,28.4174569],[76.9429858,28.4180015]]]}},{"type":"Feature","properties":{"v":"Hayatpur","m":"56","k":"5/2","t":"Harsaru","vc":"04116","area":1328.3,"lat":28.4175723,"lng":76.9439997},"geometry":{"type":"Polygon","coordinates":[[[76.9443165,28.4174818],[76.9443117,28.4176784],[76.9436788,28.4176589],[76.9436834,28.4174698],[76.9443165,28.4174818]]]}},{"type":"Feature","properties":{"v":"Hayatpur","m":"59","k":"1/2/1","t":"Harsaru","vc":"04116","area":1419.3,"lat":28.417759,"lng":76.9445666},"geometry":{"type":"Polygon","coordinates":[[[76.9446929,28.4174889],[76.9446798,28.4180335],[76.9444402,28.418029],[76.9444534,28.4174844],[76.9446929,28.4174889]]]}},{"type":"Feature","properties":{"v":"Hayatpur","m":"59","k":"1/2/2","t":"Harsaru","vc":"04116","area":2128.9,"lat":28.4177646,"lng":76.944866},"geometry":{"type":"Polygon","coordinates":[[[76.9450391,28.4180402],[76.9446798,28.4180335],[76.9446929,28.4174889],[76.9450523,28.4174957],[76.9450391,28.4180402]]]}},{"type":"Feature","properties":{"v":"Hayatpur","m":"59","k":"3/3","t":"Harsaru","vc":"04116","area":552.1,"lat":28.4178532,"lng":76.9463532},"geometry":{"type":"Polygon","coordinates":[[[76.946408,28.4180661],[76.9462882,28.4180638],[76.9462984,28.4176402],[76.9464182,28.4176425],[76.946408,28.4180661]]]}},{"type":"Feature","properties":{"v":"Hayatpur","m":"59","k":"3/2","t":"Harsaru","vc":"04116","area":900.8,"lat":28.4175755,"lng":76.9460774},"geometry":{"type":"Polygon","coordinates":[[[76.9462984,28.4176402],[76.9457338,28.4176296],[76.9457367,28.4175086],[76.9464211,28.4175215],[76.9464182,28.4176425],[76.9462984,28.4176402]]]}},{"type":"Feature","properties":{"v":"Hayatpur","m":"59","k":"8/2","t":"Harsaru","vc":"04116","area":1746.0,"lat":28.4172692,"lng":76.9460848},"geometry":{"type":"Polygon","coordinates":[[[76.9457398,28.41738],[76.9457454,28.4171455],[76.9457797,28.4171462],[76.9464299,28.4171584],[76.9464246,28.4173778],[76.9464242,28.4173929],[76.9457398,28.41738]]]}},{"type":"Feature","properties":{"v":"Hayatpur","m":"59","k":"8/3","t":"Harsaru","vc":"04116","area":1284.3,"lat":28.4170615,"lng":76.9461069},"geometry":{"type":"Polygon","coordinates":[[[76.9457797,28.4171462],[76.945784,28.4169646],[76.9464343,28.4169769],[76.9464299,28.4171584],[76.9457797,28.4171462]]]}},{"type":"Feature","properties":{"v":"Hayatpur","m":"59","k":"13/1","t":"Harsaru","vc":"04116","area":191.7,"lat":28.416707,"lng":76.9457731},"geometry":{"type":"Polygon","coordinates":[[[76.9457622,28.4164496],[76.9457965,28.4164503],[76.945784,28.4169646],[76.9457498,28.416964],[76.9457622,28.4164496]]]}},{"type":"Feature","properties":{"v":"Hayatpur","m":"59","k":"8/4","t":"Harsaru","vc":"04116","area":67.6,"lat":28.4170551,"lng":76.9457647},"geometry":{"type":"Polygon","coordinates":[[[76.9457797,28.4171462],[76.9457454,28.4171455],[76.9457498,28.416964],[76.945784,28.4169646],[76.9457797,28.4171462]]]}},{"type":"Feature","properties":{"v":"Hayatpur","m":"59","k":"7/1","t":"Harsaru","vc":"04116","area":1070.1,"lat":28.4174561,"lng":76.9467651},"geometry":{"type":"Polygon","coordinates":[[[76.9464211,28.4175215],[76.9464242,28.4173929],[76.9464246,28.4173778],[76.947109,28.4173907],[76.9471056,28.4175344],[76.9464211,28.4175215]]]}},{"type":"Feature","properties":{"v":"Hayatpur","m":"59","k":"7/3","t":"Harsaru","vc":"04116","area":867.3,"lat":28.4170685,"lng":76.9468772},"geometry":{"type":"Polygon","coordinates":[[[76.9471147,28.4171562],[76.9466356,28.4171472],[76.9466396,28.4169808],[76.9471187,28.4169898],[76.9471147,28.4171562]]]}},{"type":"Feature","properties":{"v":"Hayatpur","m":"59","k":"7/4","t":"Harsaru","vc":"04116","area":405.4,"lat":28.4170696,"lng":76.9465348},"geometry":{"type":"Polygon","coordinates":[[[76.9466356,28.4171472],[76.9466352,28.4171623],[76.9464299,28.4171584],[76.9464343,28.4169769],[76.9466396,28.4169808],[76.9466356,28.4171472]]]}},{"type":"Feature","properties":{"v":"Hayatpur","m":"60","k":"11/2","t":"Harsaru","vc":"04116","area":1689.8,"lat":28.416578,"lng":76.9481557},"geometry":{"type":"Polygon","coordinates":[[[76.9485007,28.416471],[76.9484952,28.4166979],[76.9478108,28.416685],[76.9478162,28.4164581],[76.9483124,28.4164674],[76.9485007,28.416471]]]}},{"type":"Feature","properties":{"v":"Hayatpur","m":"60","k":"20/1","t":"Harsaru","vc":"04116","area":1115.1,"lat":28.4161969,"lng":76.9484131},"geometry":{"type":"Polygon","coordinates":[[[76.9485007,28.416471],[76.9483124,28.4164674],[76.9483154,28.4163464],[76.9483256,28.4159229],[76.9483769,28.4159238],[76.9485138,28.4159264],[76.9485007,28.416471]]]}},{"type":"Feature","properties":{"v":"Hayatpur","m":"60","k":"20/2","t":"Harsaru","vc":"04116","area":653.2,"lat":28.4164023,"lng":76.9480658},"geometry":{"type":"Polygon","coordinates":[[[76.9483154,28.4163464],[76.9483124,28.4164674],[76.9478162,28.4164581],[76.9478192,28.4163371],[76.9483154,28.4163464]]]}},{"type":"Feature","properties":{"v":"Hayatpur","m":"60","k":"21/2","t":"Harsaru","vc":"04116","area":811.1,"lat":28.4156528,"lng":76.9484519},"geometry":{"type":"Polygon","coordinates":[[[76.9485138,28.4159264],[76.9483769,28.4159238],[76.94839,28.4153792],[76.9485269,28.4153818],[76.9485138,28.4159264]]]}},{"type":"Feature","properties":{"v":"Hayatpur","m":"60","k":"22/1/1","t":"Harsaru","vc":"04116","area":101.3,"lat":28.4156542,"lng":76.9485289},"geometry":{"type":"Polygon","coordinates":[[[76.9485269,28.4153818],[76.948544,28.4153821],[76.9485309,28.4159267],[76.9485138,28.4159264],[76.9485269,28.4153818]]]}},{"type":"Feature","properties":{"v":"Hayatpur","m":"60","k":"25/2","t":"Harsaru","vc":"04116","area":951.8,"lat":28.4155771,"lng":76.9509629},"geometry":{"type":"Polygon","coordinates":[[[76.9508197,28.415425],[76.9512595,28.4156451],[76.9512588,28.4156754],[76.9512558,28.4157964],[76.9505794,28.4154507],[76.9505802,28.4154205],[76.9508197,28.415425]]]}},{"type":"Feature","properties":{"v":"Hayatpur","m":"60","k":"25/3","t":"Harsaru","vc":"04116","area":512.4,"lat":28.4155012,"lng":76.9511146},"geometry":{"type":"Polygon","coordinates":[[[76.9512595,28.4156451],[76.9508197,28.415425],[76.9512646,28.4154334],[76.9512595,28.4156451]]]}},{"type":"Feature","properties":{"v":"Hayatpur","m":"60","k":"24/2","t":"Harsaru","vc":"04116","area":11.3,"lat":28.4154301,"lng":76.9505571},"geometry":{"type":"Polygon","coordinates":[[[76.9505117,28.4154192],[76.9505802,28.4154205],[76.9505794,28.4154507],[76.9505117,28.4154192]]]}},{"type":"Feature","properties":{"v":"Hayatpur","m":"69","k":"5/1/1","t":"Harsaru","vc":"04116","area":157.6,"lat":28.4153817,"lng":76.950661},"geometry":{"type":"Polygon","coordinates":[[[76.9508197,28.415425],[76.9505802,28.4154205],[76.9505831,28.4152995],[76.9508197,28.415425]]]}},{"type":"Feature","properties":{"v":"Hayatpur","m":"69","k":"4/1","t":"Harsaru","vc":"04116","area":912.3,"lat":28.4153207,"lng":76.9501033},"geometry":{"type":"Polygon","coordinates":[[[76.9505117,28.4154192],[76.9498958,28.4154076],[76.9499023,28.4151353],[76.9505117,28.4154192]]]}},{"type":"Feature","properties":{"v":"Hayatpur","m":"69","k":"4/2","t":"Harsaru","vc":"04116","area":1115.3,"lat":28.4152152,"lng":76.9502395},"geometry":{"type":"Polygon","coordinates":[[[76.9505117,28.4154192],[76.9499023,28.4151353],[76.949906,28.414984],[76.9505831,28.4152995],[76.9505802,28.4154205],[76.9505117,28.4154192]]]}},{"type":"Feature","properties":{"v":"Hayatpur","m":"69","k":"3/2","t":"Harsaru","vc":"04116","area":678.8,"lat":28.4149615,"lng":76.949693},"geometry":{"type":"Polygon","coordinates":[[[76.949906,28.414984],[76.9499023,28.4151353],[76.9493442,28.4148524],[76.9496693,28.4148585],[76.949906,28.414984]]]}},{"type":"Feature","properties":{"v":"Hayatpur","m":"69","k":"3/3","t":"Harsaru","vc":"04116","area":157.7,"lat":28.4149018,"lng":76.9498281},"geometry":{"type":"Polygon","coordinates":[[[76.9499089,28.414863],[76.949906,28.414984],[76.9496693,28.4148585],[76.9499089,28.414863]]]}},{"type":"Feature","properties":{"v":"Hayatpur","m":"69","k":"8/1/1","t":"Harsaru","vc":"04116","area":39.4,"lat":28.4148307,"lng":76.9492649},"geometry":{"type":"Polygon","coordinates":[[[76.9492259,28.4147896],[76.9493442,28.4148524],[76.9492245,28.4148501],[76.9492259,28.4147896]]]}},{"type":"Feature","properties":{"v":"Hayatpur","m":"69","k":"8/1/2","t":"Harsaru","vc":"04116","area":473.2,"lat":28.4147783,"lng":76.9493836},"geometry":{"type":"Polygon","coordinates":[[[76.9492259,28.4147896],[76.9492296,28.4146383],[76.9496693,28.4148585],[76.9493442,28.4148524],[76.9492259,28.4147896]]]}},{"type":"Feature","properties":{"v":"Hayatpur","m":"58","k":"5/2","t":"Harsaru","vc":"04116","area":2027.6,"lat":28.4150934,"lng":76.9476779},"geometry":{"type":"Polygon","coordinates":[[[76.9475134,28.4148179],[76.9478556,28.4148243],[76.9478425,28.4153689],[76.9475003,28.4153625],[76.9475134,28.4148179]]]}},{"type":"Feature","properties":{"v":"Hayatpur","m":"69","k":"9/1","t":"Harsaru","vc":"04116","area":1435.4,"lat":28.4147232,"lng":76.9487905},"geometry":{"type":"Polygon","coordinates":[[[76.94854,28.4148372],[76.9485484,28.4144893],[76.9491916,28.4147916],[76.9491902,28.4148495],[76.9487454,28.4148411],[76.94854,28.4148372]]]}},{"type":"Feature","properties":{"v":"Hayatpur","m":"69","k":"9/3","t":"Harsaru","vc":"04116","area":1188.1,"lat":28.414413,"lng":76.9489463},"geometry":{"type":"Polygon","coordinates":[[[76.9491178,28.4143033],[76.9492034,28.4143049],[76.9491957,28.4146225],[76.9485521,28.414338],[76.9485532,28.4142926],[76.9490151,28.4143013],[76.9490764,28.4144062],[76.949159,28.4143696],[76.9491178,28.4143033]]]}},{"type":"Feature","properties":{"v":"Hayatpur","m":"69","k":"10/2","t":"Harsaru","vc":"04116","area":418.3,"lat":28.4143581,"lng":76.9484092},"geometry":{"type":"Polygon","coordinates":[[[76.9481425,28.4142849],[76.9483478,28.4142888],[76.9484676,28.414291],[76.9485521,28.414338],[76.9485484,28.4144893],[76.9483116,28.4143701],[76.9481425,28.4142849]]]}},{"type":"Feature","properties":{"v":"Hayatpur","m":"69","k":"10/1/1","t":"Harsaru","vc":"04116","area":1056.1,"lat":28.4146309,"lng":76.9484195},"geometry":{"type":"Polygon","coordinates":[[[76.94854,28.4148372],[76.9483005,28.4148327],[76.9483116,28.4143701],[76.9485484,28.4144893],[76.94854,28.4148372]]]}},{"type":"Feature","properties":{"v":"Hayatpur","m":"69","k":"10/1/2","t":"Harsaru","vc":"04116","area":937.4,"lat":28.4145787,"lng":76.9482187},"geometry":{"type":"Polygon","coordinates":[[[76.9481425,28.4142849],[76.9483116,28.4143701],[76.9483005,28.4148327],[76.9481294,28.4148295],[76.9481425,28.4142849]]]}},{"type":"Feature","properties":{"v":"Hayatpur","m":"58","k":"6/2","t":"Harsaru","vc":"04116","area":418.2,"lat":28.4146732,"lng":76.9473229},"geometry":{"type":"Polygon","coordinates":[[[76.9473788,28.4144902],[76.9474476,28.4144615],[76.9473423,28.4148147],[76.9471712,28.4148114],[76.9473788,28.4144902]]]}},{"type":"Feature","properties":{"v":"Hayatpur","m":"58","k":"6/3","t":"Harsaru","vc":"04116","area":637.4,"lat":28.4145118,"lng":76.9472482},"geometry":{"type":"Polygon","coordinates":[[[76.9471836,28.4142971],[76.9472598,28.4142985],[76.9473788,28.4144902],[76.9471712,28.4148114],[76.9471836,28.4142971]]]}},{"type":"Feature","properties":{"v":"Hayatpur","m":"58","k":"13/2/1","t":"Harsaru","vc":"04116","area":278.8,"lat":28.4141841,"lng":76.9464074},"geometry":{"type":"Polygon","coordinates":[[[76.9463117,28.4142504],[76.946315,28.4141142],[76.9465032,28.4141178],[76.9464999,28.4142539],[76.9463117,28.4142504]]]}},{"type":"Feature","properties":{"v":"Hayatpur","m":"58","k":"14/1","t":"Harsaru","vc":"04116","area":1013.4,"lat":28.4141923,"lng":76.9468437},"geometry":{"type":"Polygon","coordinates":[[[76.9464999,28.4142539],[76.9465032,28.4141178],[76.9471876,28.4141307],[76.9471843,28.4142668],[76.9464999,28.4142539]]]}},{"type":"Feature","properties":{"v":"Hayatpur","m":"58","k":"15/1/1","t":"Harsaru","vc":"04116","area":852.1,"lat":28.41406,"lng":76.9472806},"geometry":{"type":"Polygon","coordinates":[[[76.9472947,28.4142689],[76.9472263,28.4142676],[76.9471843,28.4142668],[76.9471876,28.4141307],[76.9471953,28.413813],[76.9473817,28.4138922],[76.9473726,28.4142704],[76.9472947,28.4142689]]]}},{"type":"Feature","properties":{"v":"Hayatpur","m":"58","k":"15/3/1","t":"Harsaru","vc":"04116","area":356.3,"lat":28.4141881,"lng":76.9477673},"geometry":{"type":"Polygon","coordinates":[[[76.9476805,28.4142762],[76.947686,28.4140493],[76.9478717,28.4141587],[76.9478688,28.4142797],[76.9476805,28.4142762]]]}},{"type":"Feature","properties":{"v":"Hayatpur","m":"69","k":"11/1/1","t":"Harsaru","vc":"04116","area":180.2,"lat":28.4142411,"lng":76.947961},"geometry":{"type":"Polygon","coordinates":[[[76.9478717,28.4141587],[76.9481425,28.4142849],[76.9478688,28.4142797],[76.9478717,28.4141587]]]}},{"type":"Feature","properties":{"v":"Hayatpur","m":"69","k":"11/1/2","t":"Harsaru","vc":"04116","area":687.1,"lat":28.4141752,"lng":76.9480857},"geometry":{"type":"Polygon","coordinates":[[[76.9483478,28.4142888],[76.9481425,28.4142849],[76.9478717,28.4141587],[76.9478753,28.4140074],[76.9483493,28.4142283],[76.9483478,28.4142888]]]}},{"type":"Feature","properties":{"v":"Hayatpur","m":"58","k":"16/1","t":"Harsaru","vc":"04116","area":1151.1,"lat":28.4134464,"lng":76.9477995},"geometry":{"type":"Polygon","coordinates":[[[76.9478819,28.4137352],[76.9476937,28.4137316],[76.9477168,28.4131942],[76.9478968,28.4131149],[76.947895,28.4131906],[76.9478819,28.4137352]]]}},{"type":"Feature","properties":{"v":"Hayatpur","m":"58","k":"16/3/1","t":"Harsaru","vc":"04116","area":62.0,"lat":28.4137033,"lng":76.9472607},"geometry":{"type":"Polygon","coordinates":[[[76.9473857,28.4137258],[76.9471975,28.4137223],[76.9471989,28.4136617],[76.9473857,28.4137258]]]}},{"type":"Feature","properties":{"v":"Hayatpur","m":"69","k":"19/1","t":"Harsaru","vc":"04116","area":1765.7,"lat":28.4136294,"lng":76.9488977},"geometry":{"type":"Polygon","coordinates":[[[76.9492227,28.4135031],[76.9492165,28.4137603],[76.9485663,28.413748],[76.9485721,28.413506],[76.9492227,28.4135031]]]}},{"type":"Feature","properties":{"v":"Hayatpur","m":"59","k":"10/2","t":"Harsaru","vc":"04116","area":619.1,"lat":28.4169861,"lng":76.9447118},"geometry":{"type":"Polygon","coordinates":[[[76.9443788,28.4170289],[76.944381,28.4169382],[76.9450654,28.4169511],[76.9450636,28.4170267],[76.9443788,28.4170289]]]}},{"type":"Feature","properties":{"v":"Hayatpur","m":"70","k":"4/1","t":"Harsaru","vc":"04116","area":901.4,"lat":28.4126306,"lng":76.950305},"geometry":{"type":"Polygon","coordinates":[[[76.9506487,28.4125765],[76.9506457,28.4126975],[76.9499613,28.4126847],[76.9499643,28.4125636],[76.9506487,28.4125765]]]}},{"type":"Feature","properties":{"v":"Hayatpur","m":"70","k":"3/2/1","t":"Harsaru","vc":"04116","area":225.3,"lat":28.4126225,"lng":76.9498773},"geometry":{"type":"Polygon","coordinates":[[[76.9497932,28.4125604],[76.9499643,28.4125636],[76.9499613,28.4126847],[76.9497902,28.4126814],[76.9497932,28.4125604]]]}},{"type":"Feature","properties":{"v":"Hayatpur","m":"69","k":"16/1","t":"Harsaru","vc":"04116","area":59.1,"lat":28.4134137,"lng":76.9513046},"geometry":{"type":"Polygon","coordinates":[[[76.9512923,28.4135724],[76.9512999,28.4132547],[76.951317,28.413255],[76.9513094,28.4135727],[76.9512923,28.4135724]]]}},{"type":"Feature","properties":{"v":"Hayatpur","m":"69","k":"25/2","t":"Harsaru","vc":"04116","area":93.1,"lat":28.413005,"lng":76.9513145},"geometry":{"type":"Polygon","coordinates":[[[76.9512999,28.4132547],[76.9513119,28.4127555],[76.9513291,28.4127558],[76.951317,28.413255],[76.9512999,28.4132547]]]}},{"type":"Feature","properties":{"v":"Hayatpur","m":"69","k":"25/3","t":"Harsaru","vc":"04116","area":8.5,"lat":28.412733,"lng":76.951321},"geometry":{"type":"Polygon","coordinates":[[[76.9513119,28.4127555],[76.951313,28.4127101],[76.9513301,28.4127104],[76.9513291,28.4127558],[76.9513119,28.4127555]]]}},{"type":"Feature","properties":{"v":"Hayatpur","m":"55","k":"17/2","t":"Harsaru","vc":"04116","area":975.7,"lat":28.415935,"lng":76.9397264},"geometry":{"type":"Polygon","coordinates":[[[76.9396042,28.4162577],[76.9396119,28.41594],[76.9396163,28.4157585],[76.9399585,28.415765],[76.9396213,28.416258],[76.9396042,28.4162577]]]}},{"type":"Feature","properties":{"v":"Hayatpur","m":"52","k":"9/1","t":"Harsaru","vc":"04116","area":1239.0,"lat":28.4141885,"lng":76.9386272},"geometry":{"type":"Polygon","coordinates":[[[76.9389714,28.4141118],[76.9389674,28.4142782],[76.938283,28.4142652],[76.938287,28.4140988],[76.9389714,28.4141118]]]}},{"type":"Feature","properties":{"v":"Hayatpur","m":"52","k":"9/3","t":"Harsaru","vc":"04116","area":788.6,"lat":28.414597,"lng":76.9386173},"geometry":{"type":"Polygon","coordinates":[[[76.9382738,28.4146434],[76.9382764,28.4145375],[76.9389608,28.4145505],[76.9389597,28.4145959],[76.9389582,28.4146564],[76.9382738,28.4146434]]]}},{"type":"Feature","properties":{"v":"Hayatpur","m":"52","k":"8/2/2","t":"Harsaru","vc":"04116","area":769.7,"lat":28.4142045,"lng":76.9391846},"geometry":{"type":"Polygon","coordinates":[[[76.9392761,28.4141176],[76.9393136,28.4141183],[76.9393686,28.4141762],[76.9394589,28.4142699],[76.9394762,28.4142878],[76.9389674,28.4142782],[76.9389714,28.4141118],[76.9392761,28.4141176]]]}},{"type":"Feature","properties":{"v":"Hayatpur","m":"52","k":"10/2","t":"Harsaru","vc":"04116","area":1239.0,"lat":28.4141755,"lng":76.9379428},"geometry":{"type":"Polygon","coordinates":[[[76.938283,28.4142652],[76.9375986,28.4142523],[76.9376026,28.4140859],[76.938287,28.4140988],[76.938283,28.4142652]]]}},{"type":"Feature","properties":{"v":"Hayatpur","m":"52","k":"11/2","t":"Harsaru","vc":"04116","area":1027.9,"lat":28.4136169,"lng":76.9379579},"geometry":{"type":"Polygon","coordinates":[[[76.9376158,28.4135413],[76.9383002,28.4135543],[76.9382968,28.4136942],[76.9376125,28.4136775],[76.9376158,28.4135413]]]}},{"type":"Feature","properties":{"v":"Hayatpur","m":"52","k":"20/1","t":"Harsaru","vc":"04116","area":788.5,"lat":28.4134948,"lng":76.9379593},"geometry":{"type":"Polygon","coordinates":[[[76.9376158,28.4135413],[76.9376183,28.4134354],[76.9383027,28.4134484],[76.9383002,28.4135543],[76.9376158,28.4135413]]]}},{"type":"Feature","properties":{"v":"Hayatpur","m":"55","k":"4/1/2/3","t":"Harsaru","vc":"04116","area":507.0,"lat":28.4175726,"lng":76.9399878},"geometry":{"type":"Polygon","coordinates":[[[76.939919,28.4173987],[76.9400559,28.4174013],[76.940046,28.4178098],[76.9399124,28.417671],[76.939919,28.4173987]]]}},{"type":"Feature","properties":{"v":"Hayatpur","m":"69","k":"10/3","t":"Harsaru","vc":"04116","area":21.1,"lat":28.4143072,"lng":76.9485243},"geometry":{"type":"Polygon","coordinates":[[[76.9485532,28.4142926],[76.9485521,28.414338],[76.9484676,28.414291],[76.9485532,28.4142926]]]}},{"type":"Feature","properties":{"v":"Hayatpur","m":"69","k":"11/2/1","t":"Harsaru","vc":"04116","area":39.4,"lat":28.4142694,"lng":76.9483882},"geometry":{"type":"Polygon","coordinates":[[[76.9483493,28.4142283],[76.9484676,28.414291],[76.9483478,28.4142888],[76.9483493,28.4142283]]]}},{"type":"Feature","properties":{"v":"Hayatpur","m":"69","k":"12/2","t":"Harsaru","vc":"04116","area":2634.0,"lat":28.4139503,"lng":76.9489191},"geometry":{"type":"Polygon","coordinates":[[[76.9492165,28.4137603],[76.9492034,28.4143049],[76.9491178,28.4143033],[76.9490504,28.4141318],[76.9489711,28.4141708],[76.9489855,28.4140606],[76.9485583,28.4140809],[76.9485663,28.413748],[76.9492165,28.4137603]]]}},{"type":"Feature","properties":{"v":"Hayatpur","m":"58","k":"14/2/2","t":"Harsaru","vc":"04116","area":492.0,"lat":28.4136632,"lng":76.9470478},"geometry":{"type":"Polygon","coordinates":[[[76.9469793,28.4135414],[76.9471989,28.4136617],[76.9471975,28.4137223],[76.9471953,28.413813],[76.9468327,28.4136198],[76.9469724,28.4135447],[76.9469789,28.4135412],[76.9469793,28.4135414]]]}},{"type":"Feature","properties":{"v":"Hayatpur","m":"58","k":"14/2/3","t":"Harsaru","vc":"04116","area":293.3,"lat":28.4135409,"lng":76.9471275},"geometry":{"type":"Polygon","coordinates":[[[76.9472045,28.4134296],[76.9471989,28.4136617],[76.9469793,28.4135414],[76.9469789,28.4135412],[76.9469963,28.4135318],[76.9472048,28.4134197],[76.9472045,28.4134296]]]}},{"type":"Feature","properties":{"v":"Hayatpur","m":"58","k":"15/1/2","t":"Harsaru","vc":"04116","area":263.2,"lat":28.4137904,"lng":76.9472992},"geometry":{"type":"Polygon","coordinates":[[[76.9473817,28.4138922],[76.9471953,28.413813],[76.9471975,28.4137223],[76.9473857,28.4137258],[76.9473853,28.4137409],[76.9473817,28.4138922]]]}},{"type":"Feature","properties":{"v":"Hayatpur","m":"58","k":"15/2/2","t":"Harsaru","vc":"04116","area":507.0,"lat":28.4138951,"lng":76.9475357},"geometry":{"type":"Polygon","coordinates":[[[76.9473853,28.4137409],[76.9476897,28.413898],[76.947686,28.4140493],[76.9473817,28.4138922],[76.9473853,28.4137409]]]}},{"type":"Feature","properties":{"v":"Hayatpur","m":"58","k":"15/2/3","t":"Harsaru","vc":"04116","area":304.1,"lat":28.4137854,"lng":76.9475811},"geometry":{"type":"Polygon","coordinates":[[[76.9473853,28.4137409],[76.9473857,28.4137258],[76.9476937,28.4137316],[76.9476897,28.413898],[76.9473853,28.4137409]]]}},{"type":"Feature","properties":{"v":"Hayatpur","m":"58","k":"15/3/2","t":"Harsaru","vc":"04116","area":309.8,"lat":28.4140284,"lng":76.9477807},"geometry":{"type":"Polygon","coordinates":[[[76.9478753,28.4140074],[76.9478717,28.4141587],[76.947686,28.4140493],[76.9476897,28.413898],[76.9478753,28.4140074]]]}},{"type":"Feature","properties":{"v":"Hayatpur","m":"58","k":"15/3/3","t":"Harsaru","vc":"04116","area":449.0,"lat":28.4138453,"lng":76.9477927},"geometry":{"type":"Polygon","coordinates":[[[76.9478819,28.4137352],[76.9478753,28.4140074],[76.9476897,28.413898],[76.9476937,28.4137316],[76.9478819,28.4137352]]]}},{"type":"Feature","properties":{"v":"Hayatpur","m":"58","k":"16/3/2","t":"Harsaru","vc":"04116","area":647.2,"lat":28.4135354,"lng":76.9473035},"geometry":{"type":"Polygon","coordinates":[[[76.9473857,28.4137258],[76.9471989,28.4136617],[76.9472045,28.4134296],[76.9472048,28.4134197],[76.9473745,28.4133449],[76.9473951,28.4133359],[76.9473857,28.4137258]]]}},{"type":"Feature","properties":{"v":"Hayatpur","m":"0","k":"153","t":"Harsaru","vc":"04116","area":2103.1,"lat":28.4146909,"lng":76.9540471},"geometry":{"type":"Polygon","coordinates":[[[76.9540285,28.4143957],[76.9540416,28.4138511],[76.9540541,28.4133292],[76.9540546,28.4133065],[76.9540601,28.4130796],[76.9540667,28.4128073],[76.954118,28.4128083],[76.954106,28.4133075],[76.9540929,28.4138521],[76.9540798,28.4143966],[76.9540678,28.4148958],[76.9540667,28.4149412],[76.9540536,28.4154858],[76.9540405,28.4160304],[76.9540369,28.4161817],[76.9540274,28.416575],[76.9539761,28.416574],[76.9539892,28.4160294],[76.9540023,28.4154849],[76.9540154,28.4149403],[76.9540277,28.4144259],[76.9540285,28.4143957]]]}},{"type":"Feature","properties":{"v":"Hayatpur","m":"61","k":"26","t":"Harsaru","vc":"04116","area":225.4,"lat":28.4168377,"lng":76.9542375},"geometry":{"type":"Polygon","coordinates":[[[76.9541918,28.4169579],[76.9541976,28.4167159],[76.9542832,28.4167175],[76.9542774,28.4169596],[76.9541918,28.4169579]]]}},{"type":"Feature","properties":{"v":"Hayatpur","m":"61","k":"25","t":"Harsaru","vc":"04116","area":3751.1,"lat":28.415764,"lng":76.9543636},"geometry":{"type":"Polygon","coordinates":[[[76.9546736,28.4160423],[76.9540405,28.4160304],[76.9540536,28.4154858],[76.9546867,28.4154977],[76.9546736,28.4160423]]]}},{"type":"Feature","properties":{"v":"Hayatpur","m":"61","k":"24/2","t":"Harsaru","vc":"04116","area":1976.9,"lat":28.4157841,"lng":76.953822},"geometry":{"type":"Polygon","coordinates":[[[76.9537798,28.4154807],[76.9540023,28.4154849],[76.9539892,28.4160294],[76.9535443,28.4160211],[76.9537798,28.4154807]]]}},{"type":"Feature","properties":{"v":"Hayatpur","m":"61","k":"23/2","t":"Harsaru","vc":"04116","area":3294.5,"lat":28.4157544,"lng":76.9530302},"geometry":{"type":"Polygon","coordinates":[[[76.9528559,28.4154633],[76.9533178,28.415472],[76.9533047,28.4160166],[76.9526545,28.4160043],[76.9528559,28.4154633]]]}},{"type":"Feature","properties":{"v":"Hayatpur","m":"61","k":"22","t":"Harsaru","vc":"04116","area":4055.1,"lat":28.415725,"lng":76.9522846},"geometry":{"type":"Polygon","coordinates":[[[76.9526203,28.4160037],[76.9519359,28.4159908],[76.951949,28.4154462],[76.9526334,28.4154591],[76.9526203,28.4160037]]]}},{"type":"Feature","properties":{"v":"Hayatpur","m":"61","k":"21/3","t":"Harsaru","vc":"04116","area":2928.5,"lat":28.415647,"lng":76.9516457},"geometry":{"type":"Polygon","coordinates":[[[76.951949,28.4154462],[76.9519359,28.4159908],[76.9512588,28.4156754],[76.9512595,28.4156451],[76.9512646,28.4154334],[76.951949,28.4154462]]]}},{"type":"Feature","properties":{"v":"Hayatpur","m":"61","k":"20/1","t":"Harsaru","vc":"04116","area":3801.7,"lat":28.4162711,"lng":76.9515708},"geometry":{"type":"Polygon","coordinates":[[[76.9512384,28.4165225],[76.9512515,28.4159779],[76.9516279,28.415985],[76.9519323,28.4161421],[76.9519228,28.4165354],[76.9512384,28.4165225]]]}},{"type":"Feature","properties":{"v":"Hayatpur","m":"61","k":"19/1","t":"Harsaru","vc":"04116","area":1858.7,"lat":28.416402,"lng":76.9522027},"geometry":{"type":"Polygon","coordinates":[[[76.9519228,28.4165354],[76.9519323,28.4161421],[76.9526098,28.4164424],[76.9526072,28.4165483],[76.952473,28.4165458],[76.9519228,28.4165354]]]}},{"type":"Feature","properties":{"v":"Hayatpur","m":"61","k":"18/3","t":"Harsaru","vc":"04116","area":3265.0,"lat":28.416238,"lng":76.9529943},"geometry":{"type":"Polygon","coordinates":[[[76.9526545,28.4160043],[76.9533047,28.4160166],[76.9532916,28.4165612],[76.9531719,28.4165589],[76.9526134,28.4162911],[76.9526203,28.4160037],[76.9526545,28.4160043]]]}},{"type":"Feature","properties":{"v":"Hayatpur","m":"61","k":"17/1","t":"Harsaru","vc":"04116","area":3193.4,"lat":28.4163124,"lng":76.95371},"geometry":{"type":"Polygon","coordinates":[[[76.9535443,28.4160211],[76.9539892,28.4160294],[76.9539761,28.416574],[76.953343,28.4165621],[76.9535443,28.4160211]]]}},{"type":"Feature","properties":{"v":"Hayatpur","m":"61","k":"16/1","t":"Harsaru","vc":"04116","area":2761.2,"lat":28.4163805,"lng":76.9543508},"geometry":{"type":"Polygon","coordinates":[[[76.9546605,28.4165869],[76.9540274,28.416575],[76.9540369,28.4161817],[76.9546703,28.4161784],[76.9546605,28.4165869]]]}},{"type":"Feature","properties":{"v":"Hayatpur","m":"61","k":"15/2","t":"Harsaru","vc":"04116","area":3064.3,"lat":28.4168527,"lng":76.9543539},"geometry":{"type":"Polygon","coordinates":[[[76.9546474,28.4171315],[76.9543223,28.4171254],[76.9540179,28.4169683],[76.9540267,28.4166052],[76.9546598,28.4166171],[76.9546474,28.4171315]],[[76.9541918,28.4169579],[76.9542774,28.4169596],[76.9542832,28.4167175],[76.9541976,28.4167159],[76.9541918,28.4169579]]]}},{"type":"Feature","properties":{"v":"Hayatpur","m":"61","k":"14/2/1","t":"Harsaru","vc":"04116","area":1126.6,"lat":28.4169789,"lng":76.9535098},"geometry":{"type":"Polygon","coordinates":[[[76.9539637,28.4170884],[76.9532793,28.4170755],[76.9532865,28.4167729],[76.9539637,28.4170884]]]}},{"type":"Feature","properties":{"v":"Hayatpur","m":"61","k":"13/1","t":"Harsaru","vc":"04116","area":3529.4,"lat":28.4168565,"lng":76.9529138},"geometry":{"type":"Polygon","coordinates":[[[76.9532785,28.4171057],[76.9531759,28.4171038],[76.9526283,28.4170935],[76.9525941,28.4170929],[76.9526072,28.4165483],[76.9528354,28.4165526],[76.9532865,28.4167729],[76.9532793,28.4170755],[76.9532785,28.4171057]]]}},{"type":"Feature","properties":{"v":"Hayatpur","m":"61","k":"12/1","t":"Harsaru","vc":"04116","area":2542.3,"lat":28.4167862,"lng":76.9521371},"geometry":{"type":"Polygon","coordinates":[[[76.9519228,28.4165354],[76.952473,28.4165458],[76.9522177,28.4170858],[76.9519097,28.41708],[76.9519228,28.4165354]]]}},{"type":"Feature","properties":{"v":"Hayatpur","m":"61","k":"11","t":"Harsaru","vc":"04116","area":4055.0,"lat":28.4168012,"lng":76.9515741},"geometry":{"type":"Polygon","coordinates":[[[76.9519097,28.41708],[76.9512253,28.4170671],[76.9512384,28.4165225],[76.9519228,28.4165354],[76.9519097,28.41708]]]}},{"type":"Feature","properties":{"v":"Hayatpur","m":"61","k":"10/2","t":"Harsaru","vc":"04116","area":4044.0,"lat":28.4173451,"lng":76.95156},"geometry":{"type":"Polygon","coordinates":[[[76.9512245,28.4170974],[76.9512253,28.4170671],[76.9519097,28.41708],[76.9518973,28.4175943],[76.9518631,28.4175937],[76.9518624,28.4176239],[76.9512121,28.4176117],[76.9512245,28.4170974]]]}},{"type":"Feature","properties":{"v":"Hayatpur","m":"61","k":"9/2/1","t":"Harsaru","vc":"04116","area":2584.8,"lat":28.4173647,"lng":76.9523527},"geometry":{"type":"Polygon","coordinates":[[[76.9522348,28.4170861],[76.9525941,28.4170929],[76.9525817,28.4176072],[76.9522224,28.4176004],[76.9520171,28.4175966],[76.9522348,28.4170861]]]}},{"type":"Feature","properties":{"v":"Hayatpur","m":"61","k":"8/1/2","t":"Harsaru","vc":"04116","area":2484.1,"lat":28.4173421,"lng":76.9528386},"geometry":{"type":"Polygon","coordinates":[[[76.9531759,28.4171038],[76.9529061,28.4176436],[76.9526152,28.4176381],[76.9526283,28.4170935],[76.9531759,28.4171038]]]}},{"type":"Feature","properties":{"v":"Hayatpur","m":"61","k":"7","t":"Harsaru","vc":"04116","area":4055.6,"lat":28.4173844,"lng":76.9536142},"geometry":{"type":"Polygon","coordinates":[[[76.9532654,28.4176503],[76.9532785,28.4171057],[76.953963,28.4171186],[76.9539499,28.4176632],[76.9532654,28.4176503]]]}},{"type":"Feature","properties":{"v":"Hayatpur","m":"61","k":"6/1","t":"Harsaru","vc":"04116","area":2709.2,"lat":28.417463,"lng":76.9542821},"geometry":{"type":"Polygon","coordinates":[[[76.9546343,28.4176761],[76.9540012,28.4176642],[76.9540143,28.4171196],[76.9546401,28.417434],[76.9546343,28.4176761]]]}},{"type":"Feature","properties":{"v":"Hayatpur","m":"61","k":"5","t":"Harsaru","vc":"04116","area":3751.1,"lat":28.4179425,"lng":76.9543112},"geometry":{"type":"Polygon","coordinates":[[[76.9546343,28.4176761],[76.9546212,28.4182207],[76.9539881,28.4182088],[76.9540012,28.4176642],[76.9546343,28.4176761]]]}},{"type":"Feature","properties":{"v":"Hayatpur","m":"61","k":"4","t":"Harsaru","vc":"04116","area":4055.6,"lat":28.417929,"lng":76.9536011},"geometry":{"type":"Polygon","coordinates":[[[76.9539368,28.4182078],[76.9532523,28.4181949],[76.9532654,28.4176503],[76.9539499,28.4176632],[76.9539368,28.4182078]]]}},{"type":"Feature","properties":{"v":"Hayatpur","m":"61","k":"3/2","t":"Harsaru","vc":"04116","area":2027.5,"lat":28.4179194,"lng":76.9530878},"geometry":{"type":"Polygon","coordinates":[[[76.9532523,28.4181949],[76.9529101,28.4181885],[76.9529232,28.4176439],[76.9532654,28.4176503],[76.9532523,28.4181949]]]}},{"type":"Feature","properties":{"v":"Hayatpur","m":"61","k":"2/2","t":"Harsaru","vc":"04116","area":3858.0,"lat":28.4179124,"lng":76.9522475},"geometry":{"type":"Polygon","coordinates":[[[76.9525679,28.4181821],[76.9518835,28.4181692],[76.9518893,28.4179271],[76.9520164,28.4176268],[76.9522046,28.4176304],[76.952581,28.4176375],[76.9525679,28.4181821]]]}},{"type":"Feature","properties":{"v":"Hayatpur","m":"61","k":"1/1/1/2","t":"Harsaru","vc":"04116","area":1903.9,"lat":28.4180251,"lng":76.9515237},"geometry":{"type":"Polygon","coordinates":[[[76.9512056,28.417884],[76.9518558,28.4178962],[76.9518529,28.4180173],[76.9518522,28.4180475],[76.951815,28.4181679],[76.951199,28.4181563],[76.9512056,28.417884]]]}},{"type":"Feature","properties":{"v":"Hayatpur","m":"0","k":"154","t":"Harsaru","vc":"04116","area":1283.8,"lat":28.4169973,"lng":76.9560372},"geometry":{"type":"Polygon","coordinates":[[[76.9560293,28.4166126],[76.9560636,28.4166132],[76.9560505,28.4171578],[76.9560374,28.4177024],[76.9560308,28.4179747],[76.9560272,28.418126],[76.9560243,28.418247],[76.9559901,28.4182464],[76.9559937,28.4180951],[76.9559974,28.4179438],[76.9560032,28.4177018],[76.9560163,28.4171572],[76.9560286,28.4166429],[76.9553442,28.41663],[76.9546598,28.4166171],[76.9540267,28.4166052],[76.9539753,28.4166043],[76.9539761,28.416574],[76.9540274,28.416575],[76.9546605,28.4165869],[76.9553449,28.4165997],[76.9560293,28.4166126]]]}},{"type":"Feature","properties":{"v":"Hayatpur","m":"62","k":"26","t":"Harsaru","vc":"04116","area":697.6,"lat":28.4162321,"lng":76.9565136},"geometry":{"type":"Polygon","coordinates":[[[76.9565131,28.415975],[76.9565386,28.4160773],[76.9566394,28.4164985],[76.9565335,28.416504],[76.9564017,28.4160748],[76.9563856,28.4159925],[76.9565131,28.415975]]]}},{"type":"Feature","properties":{"v":"Hayatpur","m":"62","k":"25/1","t":"Harsaru","vc":"04116","area":811.1,"lat":28.4158227,"lng":76.9574863},"geometry":{"type":"Polygon","coordinates":[[[76.9574243,28.4155491],[76.9575612,28.4155517],[76.9575482,28.4160963],[76.9574113,28.4160937],[76.9574243,28.4155491]]]}},{"type":"Feature","properties":{"v":"Hayatpur","m":"62","k":"21/2","t":"Harsaru","vc":"04116","area":811.1,"lat":28.4157816,"lng":76.9552961},"geometry":{"type":"Polygon","coordinates":[[[76.955358,28.4160552],[76.9552211,28.4160526],[76.9552342,28.415508],[76.9553711,28.4155106],[76.955358,28.4160552]]]}},{"type":"Feature","properties":{"v":"Hayatpur","m":"62","k":"13","t":"Harsaru","vc":"04116","area":3852.0,"lat":28.4168916,"lng":76.9563821},"geometry":{"type":"Polygon","coordinates":[[[76.9567007,28.41717],[76.9560505,28.4171578],[76.9560636,28.4166132],[76.9567138,28.4166255],[76.9567007,28.41717]]]}},{"type":"Feature","properties":{"v":"Hayatpur","m":"62","k":"25/2","t":"Harsaru","vc":"04116","area":3244.2,"lat":28.4158291,"lng":76.9578285},"geometry":{"type":"Polygon","coordinates":[[[76.9580957,28.4161066],[76.9575482,28.4160963],[76.9575612,28.4155517],[76.9581088,28.415562],[76.9580957,28.4161066]]]}},{"type":"Feature","properties":{"v":"Hayatpur","m":"62","k":"24/2","t":"Harsaru","vc":"04116","area":3852.1,"lat":28.4158153,"lng":76.9570927},"geometry":{"type":"Polygon","coordinates":[[[76.9574243,28.4155491],[76.9574113,28.4160937],[76.9567611,28.4160815],[76.9567742,28.4155369],[76.9574243,28.4155491]]]}},{"type":"Feature","properties":{"v":"Hayatpur","m":"62","k":"23","t":"Harsaru","vc":"04116","area":3920.6,"lat":28.4157943,"lng":76.9563887},"geometry":{"type":"Polygon","coordinates":[[[76.9567268,28.4160809],[76.9565386,28.4160773],[76.9565131,28.415975],[76.9563856,28.4159925],[76.9564017,28.4160748],[76.9560424,28.416068],[76.9560555,28.4155234],[76.9564148,28.4155302],[76.9567399,28.4155363],[76.9567268,28.4160809]]]}},{"type":"Feature","properties":{"v":"Hayatpur","m":"62","k":"22","t":"Harsaru","vc":"04116","area":4055.1,"lat":28.4157893,"lng":76.9557068},"geometry":{"type":"Polygon","coordinates":[[[76.955358,28.4160552],[76.9553711,28.4155106],[76.9560555,28.4155234],[76.9560424,28.416068],[76.955358,28.4160552]]]}},{"type":"Feature","properties":{"v":"Hayatpur","m":"62","k":"21/1","t":"Harsaru","vc":"04116","area":3244.1,"lat":28.4157751,"lng":76.9549539},"geometry":{"type":"Polygon","coordinates":[[[76.9546736,28.4160423],[76.9546867,28.4154977],[76.9550289,28.4155041],[76.9552342,28.415508],[76.9552211,28.4160526],[76.9546736,28.4160423]]]}},{"type":"Feature","properties":{"v":"Hayatpur","m":"62","k":"20","t":"Harsaru","vc":"04116","area":4054.8,"lat":28.416321,"lng":76.9550092},"geometry":{"type":"Polygon","coordinates":[[[76.9553449,28.4165997],[76.9546605,28.4165869],[76.9546703,28.4161784],[76.9546736,28.4160423],[76.9552211,28.4160526],[76.955358,28.4160552],[76.9553449,28.4165997]]]}},{"type":"Feature","properties":{"v":"Hayatpur","m":"62","k":"19","t":"Harsaru","vc":"04116","area":4054.7,"lat":28.4163339,"lng":76.9556937},"geometry":{"type":"Polygon","coordinates":[[[76.9560424,28.416068],[76.9560293,28.4166126],[76.9553449,28.4165997],[76.955358,28.4160552],[76.9560424,28.416068]]]}},{"type":"Feature","properties":{"v":"Hayatpur","m":"62","k":"18","t":"Harsaru","vc":"04116","area":3492.0,"lat":28.4163575,"lng":76.9563543},"geometry":{"type":"Polygon","coordinates":[[[76.9560293,28.4166126],[76.9560424,28.416068],[76.9564017,28.4160748],[76.9565335,28.416504],[76.9566394,28.4164985],[76.9565386,28.4160773],[76.9567268,28.4160809],[76.9567138,28.4166255],[76.9560636,28.4166132],[76.9560293,28.4166126]]]}},{"type":"Feature","properties":{"v":"Hayatpur","m":"62","k":"17/1","t":"Harsaru","vc":"04116","area":3852.4,"lat":28.4163599,"lng":76.9570796},"geometry":{"type":"Polygon","coordinates":[[[76.9573982,28.4166383],[76.956748,28.4166261],[76.9567611,28.4160815],[76.9574113,28.4160937],[76.9573982,28.4166383]]]}},{"type":"Feature","properties":{"v":"Hayatpur","m":"62","k":"16","t":"Harsaru","vc":"04116","area":4055.0,"lat":28.4163725,"lng":76.957747},"geometry":{"type":"Polygon","coordinates":[[[76.9573982,28.4166383],[76.9574113,28.4160937],[76.9575482,28.4160963],[76.9580957,28.4161066],[76.9580826,28.4166512],[76.9573982,28.4166383]]]}},{"type":"Feature","properties":{"v":"Hayatpur","m":"62","k":"15","t":"Harsaru","vc":"04116","area":4054.7,"lat":28.416917,"lng":76.9577338},"geometry":{"type":"Polygon","coordinates":[[[76.9573982,28.4166383],[76.9580826,28.4166512],[76.9580695,28.4171957],[76.9573851,28.4171829],[76.9573982,28.4166383]]]}},{"type":"Feature","properties":{"v":"Hayatpur","m":"62","k":"14","t":"Harsaru","vc":"04116","area":4054.8,"lat":28.4169042,"lng":76.9570495},"geometry":{"type":"Polygon","coordinates":[[[76.9567007,28.41717],[76.9567138,28.4166255],[76.956748,28.4166261],[76.9573982,28.4166383],[76.9573851,28.4171829],[76.9567007,28.41717]]]}},{"type":"Feature","properties":{"v":"Hayatpur","m":"62","k":"12","t":"Harsaru","vc":"04116","area":3829.7,"lat":28.4168936,"lng":76.9556802},"geometry":{"type":"Polygon","coordinates":[[[76.9553318,28.4171443],[76.9553442,28.41663],[76.9560286,28.4166429],[76.9560163,28.4171572],[76.9553318,28.4171443]]]}},{"type":"Feature","properties":{"v":"Hayatpur","m":"62","k":"11","t":"Harsaru","vc":"04116","area":3829.8,"lat":28.4168807,"lng":76.9549958},"geometry":{"type":"Polygon","coordinates":[[[76.9553318,28.4171443],[76.9546474,28.4171315],[76.9546598,28.4166171],[76.9553442,28.41663],[76.9553318,28.4171443]]]}},{"type":"Feature","properties":{"v":"Hayatpur","m":"62","k":"10/3","t":"Harsaru","vc":"04116","area":2365.5,"lat":28.4173124,"lng":76.9550452},"geometry":{"type":"Polygon","coordinates":[[[76.9553318,28.4171443],[76.9553202,28.4176284],[76.9546438,28.4172828],[76.9546474,28.4171315],[76.9553318,28.4171443]]]}},{"type":"Feature","properties":{"v":"Hayatpur","m":"62","k":"9/2","t":"Harsaru","vc":"04116","area":4010.5,"lat":28.4174203,"lng":76.9556709},"geometry":{"type":"Polygon","coordinates":[[[76.9560032,28.4177018],[76.9554556,28.4176915],[76.9553202,28.4176284],[76.9553318,28.4171443],[76.9560163,28.4171572],[76.9560032,28.4177018]]]}},{"type":"Feature","properties":{"v":"Hayatpur","m":"62","k":"8","t":"Harsaru","vc":"04116","area":3852.4,"lat":28.4174362,"lng":76.9563691},"geometry":{"type":"Polygon","coordinates":[[[76.9567007,28.41717],[76.9566876,28.4177146],[76.9560374,28.4177024],[76.9560505,28.4171578],[76.9567007,28.41717]]]}},{"type":"Feature","properties":{"v":"Hayatpur","m":"62","k":"7","t":"Harsaru","vc":"04116","area":4055.0,"lat":28.4174488,"lng":76.9570363},"geometry":{"type":"Polygon","coordinates":[[[76.9566876,28.4177146],[76.9567007,28.41717],[76.9573851,28.4171829],[76.957372,28.4177275],[76.9566876,28.4177146]]]}},{"type":"Feature","properties":{"v":"Hayatpur","m":"62","k":"6","t":"Harsaru","vc":"04116","area":4055.1,"lat":28.4174616,"lng":76.9577208},"geometry":{"type":"Polygon","coordinates":[[[76.9573851,28.4171829],[76.9580695,28.4171957],[76.9580565,28.4177403],[76.9574234,28.4177284],[76.957372,28.4177275],[76.9573851,28.4171829]]]}},{"type":"Feature","properties":{"v":"Hayatpur","m":"62","k":"5/2","t":"Harsaru","vc":"04116","area":3751.1,"lat":28.4180066,"lng":76.9577334},"geometry":{"type":"Polygon","coordinates":[[[76.9580565,28.4177403],[76.9580434,28.4182849],[76.9574103,28.418273],[76.9574234,28.4177284],[76.9580565,28.4177403]]]}},{"type":"Feature","properties":{"v":"Hayatpur","m":"62","k":"4","t":"Harsaru","vc":"04116","area":4055.3,"lat":28.4179934,"lng":76.9570233},"geometry":{"type":"Polygon","coordinates":[[[76.957359,28.4182721],[76.9566745,28.4182592],[76.9566876,28.4177146],[76.957372,28.4177275],[76.957359,28.4182721]]]}},{"type":"Feature","properties":{"v":"Hayatpur","m":"62","k":"3/3","t":"Harsaru","vc":"04116","area":3041.5,"lat":28.4179331,"lng":76.9563951},"geometry":{"type":"Polygon","coordinates":[[[76.9566745,28.4182592],[76.9565719,28.4182573],[76.9560308,28.4179747],[76.9560374,28.4177024],[76.9566876,28.4177146],[76.9566745,28.4182592]]]}},{"type":"Feature","properties":{"v":"Hayatpur","m":"62","k":"2/1","t":"Harsaru","vc":"04116","area":2252.9,"lat":28.418075,"lng":76.9555948},"geometry":{"type":"Polygon","coordinates":[[[76.9559901,28.4182464],[76.9553056,28.4182335],[76.9553166,28.4177797],[76.9559937,28.4180951],[76.9559901,28.4182464]]]}},{"type":"Feature","properties":{"v":"Hayatpur","m":"62","k":"1/1","t":"Harsaru","vc":"04116","area":3963.1,"lat":28.4179603,"lng":76.9549633},"geometry":{"type":"Polygon","coordinates":[[[76.9553056,28.4182335],[76.9551345,28.4182303],[76.9546212,28.4182207],[76.9546343,28.4176761],[76.9551321,28.4176854],[76.9553166,28.4177797],[76.9553056,28.4182335]]]}},{"type":"Feature","properties":{"v":"Hayatpur","m":"63","k":"13/1","t":"Harsaru","vc":"04116","area":1577.0,"lat":28.417122,"lng":76.9597832},"geometry":{"type":"Polygon","coordinates":[[[76.9601228,28.4172343],[76.9594384,28.4172214],[76.9594435,28.4170096],[76.9601279,28.4170225],[76.9601228,28.4172343]]]}},{"type":"Feature","properties":{"v":"Hayatpur","m":"63","k":"12/1","t":"Harsaru","vc":"04116","area":2027.6,"lat":28.4170788,"lng":76.9590995},"geometry":{"type":"Polygon","coordinates":[[[76.9594449,28.4169491],[76.9594435,28.4170096],[76.9594384,28.4172214],[76.958754,28.4172086],[76.9587605,28.4169363],[76.9594449,28.4169491]]]}},{"type":"Feature","properties":{"v":"Hayatpur","m":"63","k":"5/2","t":"Harsaru","vc":"04116","area":1845.0,"lat":28.4179771,"lng":76.9609974},"geometry":{"type":"Polygon","coordinates":[[[76.9607942,28.4177917],[76.961417,28.4178034],[76.9607811,28.4183363],[76.9607942,28.4177917]]]}},{"type":"Feature","properties":{"v":"Hayatpur","m":"63","k":"13/2","t":"Harsaru","vc":"04116","area":2478.1,"lat":28.4168497,"lng":76.9597897},"geometry":{"type":"Polygon","coordinates":[[[76.9594515,28.4166768],[76.9601359,28.4166897],[76.9601279,28.4170225],[76.9594435,28.4170096],[76.9594449,28.4169491],[76.9594515,28.4166768]]]}},{"type":"Feature","properties":{"v":"Hayatpur","m":"63","k":"25/1","t":"Harsaru","vc":"04116","area":2139.8,"lat":28.4160206,"lng":76.961179},"geometry":{"type":"Polygon","coordinates":[[[76.9615178,28.4161707],[76.9608334,28.4161579],[76.9608403,28.4158705],[76.9614905,28.4158827],[76.9615247,28.4158833],[76.9615178,28.4161707]]]}},{"type":"Feature","properties":{"v":"Hayatpur","m":"63","k":"24/1","t":"Harsaru","vc":"04116","area":2027.5,"lat":28.415876,"lng":76.9603266},"geometry":{"type":"Polygon","coordinates":[[[76.960162,28.4156005],[76.9605042,28.4156069],[76.9604912,28.4161515],[76.960149,28.4161451],[76.960162,28.4156005]]]}},{"type":"Feature","properties":{"v":"Hayatpur","m":"63","k":"23","t":"Harsaru","vc":"04116","area":3097.6,"lat":28.4158094,"lng":76.9598499},"geometry":{"type":"Polygon","coordinates":[[[76.960162,28.4156005],[76.960149,28.4161451],[76.9594707,28.4158751],[76.9594776,28.4155877],[76.960162,28.4156005]]]}},{"type":"Feature","properties":{"v":"Hayatpur","m":"63","k":"22/1","t":"Harsaru","vc":"04116","area":3199.1,"lat":28.4159,"lng":76.959085},"geometry":{"type":"Polygon","coordinates":[[[76.9594645,28.4161323],[76.9587801,28.4161194],[76.9587932,28.4155748],[76.9589301,28.4155774],[76.9594707,28.4158751],[76.9594645,28.4161323]]]}},{"type":"Feature","properties":{"v":"Hayatpur","m":"63","k":"21/1","t":"Harsaru","vc":"04116","area":1824.7,"lat":28.4158372,"lng":76.9582562},"geometry":{"type":"Polygon","coordinates":[[[76.9581088,28.415562],[76.9584168,28.4155678],[76.9584037,28.4161123],[76.9580957,28.4161066],[76.9581088,28.415562]]]}},{"type":"Feature","properties":{"v":"Hayatpur","m":"63","k":"20","t":"Harsaru","vc":"04116","area":4055.3,"lat":28.4163853,"lng":76.9584313},"geometry":{"type":"Polygon","coordinates":[[[76.958767,28.416664],[76.9580826,28.4166512],[76.9580957,28.4161066],[76.9584037,28.4161123],[76.9587801,28.4161194],[76.958767,28.416664]]]}},{"type":"Feature","properties":{"v":"Hayatpur","m":"63","k":"19","t":"Harsaru","vc":"04116","area":4055.0,"lat":28.4163981,"lng":76.9591158},"geometry":{"type":"Polygon","coordinates":[[[76.958767,28.416664],[76.9587801,28.4161194],[76.9594645,28.4161323],[76.9594515,28.4166768],[76.958767,28.416664]]]}},{"type":"Feature","properties":{"v":"Hayatpur","m":"63","k":"18","t":"Harsaru","vc":"04116","area":4055.0,"lat":28.416411,"lng":76.9598002},"geometry":{"type":"Polygon","coordinates":[[[76.9594515,28.4166768],[76.9594645,28.4161323],[76.960149,28.4161451],[76.9601359,28.4166897],[76.9594515,28.4166768]]]}},{"type":"Feature","properties":{"v":"Hayatpur","m":"63","k":"17/2/1","t":"Harsaru","vc":"04116","area":1773.9,"lat":28.4164529,"lng":76.9603046},"geometry":{"type":"Polygon","coordinates":[[[76.9601359,28.4166897],[76.960149,28.4161451],[76.9604879,28.4162877],[76.9604781,28.4166961],[76.9601359,28.4166897]]]}},{"type":"Feature","properties":{"v":"Hayatpur","m":"63","k":"16/2","t":"Harsaru","vc":"04116","area":2872.8,"lat":28.4163651,"lng":76.9612088},"geometry":{"type":"Polygon","coordinates":[[[76.9615055,28.4166851],[76.9608272,28.4164151],[76.9608334,28.4161579],[76.9615178,28.4161707],[76.9615055,28.4166851]]]}},{"type":"Feature","properties":{"v":"Hayatpur","m":"63","k":"15","t":"Harsaru","vc":"04116","area":4055.3,"lat":28.4169812,"lng":76.961156},"geometry":{"type":"Polygon","coordinates":[[[76.9608072,28.4172471],[76.9608203,28.4167025],[76.9615047,28.4167153],[76.9614917,28.4172599],[76.9608072,28.4172471]]]}},{"type":"Feature","properties":{"v":"Hayatpur","m":"63","k":"14/1","t":"Harsaru","vc":"04116","area":2027.5,"lat":28.4169652,"lng":76.9603005},"geometry":{"type":"Polygon","coordinates":[[[76.9601359,28.4166897],[76.9604781,28.4166961],[76.960465,28.4172407],[76.9601228,28.4172343],[76.9601279,28.4170225],[76.9601359,28.4166897]]]}},{"type":"Feature","properties":{"v":"Hayatpur","m":"63","k":"12/2","t":"Harsaru","vc":"04116","area":2027.7,"lat":28.4168065,"lng":76.959106},"geometry":{"type":"Polygon","coordinates":[[[76.958767,28.416664],[76.9594515,28.4166768],[76.9594449,28.4169491],[76.9587605,28.4169363],[76.958767,28.416664]]]}},{"type":"Feature","properties":{"v":"Hayatpur","m":"63","k":"11","t":"Harsaru","vc":"04116","area":4055.0,"lat":28.4169299,"lng":76.9584183},"geometry":{"type":"Polygon","coordinates":[[[76.958767,28.416664],[76.9587605,28.4169363],[76.958754,28.4172086],[76.9580695,28.4171957],[76.9580826,28.4166512],[76.958767,28.416664]]]}},{"type":"Feature","properties":{"v":"Hayatpur","m":"63","k":"10","t":"Harsaru","vc":"04116","area":4055.3,"lat":28.4174744,"lng":76.9584052},"geometry":{"type":"Polygon","coordinates":[[[76.9587409,28.4177532],[76.9580565,28.4177403],[76.9580695,28.4171957],[76.958754,28.4172086],[76.9587409,28.4177532]]]}},{"type":"Feature","properties":{"v":"Hayatpur","m":"63","k":"9","t":"Harsaru","vc":"04116","area":4055.0,"lat":28.4174873,"lng":76.9590896},"geometry":{"type":"Polygon","coordinates":[[[76.9594253,28.417766],[76.9587409,28.4177532],[76.958754,28.4172086],[76.9594384,28.4172214],[76.9594253,28.417766]]]}},{"type":"Feature","properties":{"v":"Hayatpur","m":"63","k":"8","t":"Harsaru","vc":"04116","area":4054.9,"lat":28.4175001,"lng":76.9597741},"geometry":{"type":"Polygon","coordinates":[[[76.9594253,28.417766],[76.9594384,28.4172214],[76.9601228,28.4172343],[76.9601098,28.4177788],[76.9594253,28.417766]]]}},{"type":"Feature","properties":{"v":"Hayatpur","m":"63","k":"7","t":"Harsaru","vc":"04116","area":4054.6,"lat":28.417513,"lng":76.9604585},"geometry":{"type":"Polygon","coordinates":[[[76.9607942,28.4177917],[76.9601098,28.4177788],[76.9601228,28.4172343],[76.960465,28.4172407],[76.9608072,28.4172471],[76.9607942,28.4177917]]]}},{"type":"Feature","properties":{"v":"Hayatpur","m":"63","k":"6","t":"Harsaru","vc":"04116","area":4030.1,"lat":28.4175242,"lng":76.9611409},"geometry":{"type":"Polygon","coordinates":[[[76.9607942,28.4177917],[76.9608072,28.4172471],[76.9614917,28.4172599],[76.9614804,28.4177289],[76.961417,28.4178034],[76.9607942,28.4177917]]]}},{"type":"Feature","properties":{"v":"Hayatpur","m":"63","k":"5/1","t":"Harsaru","vc":"04116","area":1111.7,"lat":28.4182039,"lng":76.9613093},"geometry":{"type":"Polygon","coordinates":[[[76.9609865,28.4183401],[76.9614758,28.4179225],[76.9614728,28.4180465],[76.9614674,28.4182735],[76.9614656,28.4183491],[76.9609865,28.4183401]]]}},{"type":"Feature","properties":{"v":"Hayatpur","m":"63","k":"4","t":"Harsaru","vc":"04116","area":4055.0,"lat":28.4180576,"lng":76.9604454},"geometry":{"type":"Polygon","coordinates":[[[76.9600967,28.4183234],[76.9601098,28.4177788],[76.9607942,28.4177917],[76.9607811,28.4183363],[76.9600967,28.4183234]]]}},{"type":"Feature","properties":{"v":"Hayatpur","m":"63","k":"3","t":"Harsaru","vc":"04116","area":4055.3,"lat":28.4180447,"lng":76.959761},"geometry":{"type":"Polygon","coordinates":[[[76.9594253,28.417766],[76.9601098,28.4177788],[76.9600967,28.4183234],[76.9597545,28.418317],[76.9594123,28.4183106],[76.9594253,28.417766]]]}},{"type":"Feature","properties":{"v":"Hayatpur","m":"63","k":"2","t":"Harsaru","vc":"04116","area":4055.3,"lat":28.4180319,"lng":76.9590766},"geometry":{"type":"Polygon","coordinates":[[[76.9587278,28.4182978],[76.9587409,28.4177532],[76.9594253,28.417766],[76.9594123,28.4183106],[76.9587278,28.4182978]]]}},{"type":"Feature","properties":{"v":"Hayatpur","m":"63","k":"1","t":"Harsaru","vc":"04116","area":4055.0,"lat":28.4180191,"lng":76.9583921},"geometry":{"type":"Polygon","coordinates":[[[76.9587278,28.4182978],[76.9580644,28.4182853],[76.9580434,28.4182849],[76.9580565,28.4177403],[76.9587409,28.4177532],[76.9587278,28.4182978]]]}},{"type":"Feature","properties":{"v":"Hayatpur","m":"64","k":"10/2","t":"Harsaru","vc":"04116","area":1396.8,"lat":28.4174197,"lng":76.9616704},"geometry":{"type":"Polygon","coordinates":[[[76.9614804,28.4177289],[76.9614917,28.4172599],[76.9620392,28.4172702],[76.9614804,28.4177289]]]}},{"type":"Feature","properties":{"v":"Hayatpur","m":"64","k":"12/1","t":"Harsaru","vc":"04116","area":850.2,"lat":28.4168538,"lng":76.9623625},"geometry":{"type":"Polygon","coordinates":[[[76.9622234,28.4167288],[76.9626494,28.4167368],[76.9622146,28.4170957],[76.9622234,28.4167288]]]}},{"type":"Feature","properties":{"v":"Hayatpur","m":"64","k":"13/2","t":"Harsaru","vc":"04116","area":2352.0,"lat":28.4168979,"lng":76.9632512},"geometry":{"type":"Polygon","coordinates":[[[76.9637066,28.4168383],[76.9631782,28.4171735],[76.9628707,28.4168629],[76.9628736,28.416741],[76.963558,28.4167538],[76.9636511,28.4167555],[76.9637066,28.4168383]]]}},{"type":"Feature","properties":{"v":"Hayatpur","m":"64","k":"25/2","t":"Harsaru","vc":"04116","area":3649.9,"lat":28.4159525,"lng":76.9645874},"geometry":{"type":"Polygon","coordinates":[[[76.9645765,28.4156832],[76.9647888,28.4156872],[76.9647989,28.4156874],[76.9648237,28.4157297],[76.9648764,28.4158196],[76.9648855,28.4158352],[76.9649287,28.4159088],[76.9650036,28.4160367],[76.9649533,28.4160756],[76.9647517,28.4162313],[76.964377,28.4162243],[76.9642586,28.4160911],[76.9642685,28.4156774],[76.9645765,28.4156832]]]}},{"type":"Feature","properties":{"v":"Hayatpur","m":"64","k":"24/1","t":"Harsaru","vc":"04116","area":2165.8,"lat":28.4160645,"lng":76.9639165},"geometry":{"type":"Polygon","coordinates":[[[76.9642555,28.416222],[76.9635711,28.4162092],[76.9634379,28.4162067],[76.9639784,28.4157757],[76.9642586,28.4160911],[76.9642555,28.416222]]]}},{"type":"Feature","properties":{"v":"Hayatpur","m":"64","k":"23","t":"Harsaru","vc":"04116","area":4134.2,"lat":28.4158901,"lng":76.9632667},"geometry":{"type":"Polygon","coordinates":[[[76.9628866,28.4161964],[76.9628997,28.4156518],[76.9633274,28.4156598],[76.9635841,28.4156646],[76.9639126,28.4156708],[76.9632691,28.4162036],[76.9628866,28.4161964]]]}},{"type":"Feature","properties":{"v":"Hayatpur","m":"64","k":"22/2","t":"Harsaru","vc":"04116","area":3852.3,"lat":28.415918,"lng":76.962568},"geometry":{"type":"Polygon","coordinates":[[[76.9628866,28.4161964],[76.9622364,28.4161842],[76.9622495,28.4156396],[76.9628655,28.4156512],[76.9628997,28.4156518],[76.9628866,28.4161964]]]}},{"type":"Feature","properties":{"v":"Hayatpur","m":"64","k":"21","t":"Harsaru","vc":"04116","area":4054.7,"lat":28.4159049,"lng":76.9618666},"geometry":{"type":"Polygon","coordinates":[[[76.9622022,28.4161836],[76.9615178,28.4161707],[76.9615247,28.4158833],[76.9615309,28.4156262],[76.9622153,28.415639],[76.9622022,28.4161836]]]}},{"type":"Feature","properties":{"v":"Hayatpur","m":"64","k":"20/2","t":"Harsaru","vc":"04116","area":4041.0,"lat":28.4164486,"lng":76.9618546},"geometry":{"type":"Polygon","coordinates":[[[76.9621892,28.4167282],[76.9615903,28.4167169],[76.9615055,28.4166851],[76.9615178,28.4161707],[76.9622022,28.4161836],[76.9621892,28.4167282]]]}},{"type":"Feature","properties":{"v":"Hayatpur","m":"64","k":"19/1","t":"Harsaru","vc":"04116","area":4321.4,"lat":28.416426,"lng":76.9626165},"geometry":{"type":"Polygon","coordinates":[[[76.9628866,28.4161964],[76.9632691,28.4162036],[76.9626494,28.4167368],[76.9622234,28.4167288],[76.9622364,28.4161842],[76.9628866,28.4161964]]]}},{"type":"Feature","properties":{"v":"Hayatpur","m":"64","k":"18/2","t":"Harsaru","vc":"04116","area":2012.8,"lat":28.4165917,"lng":76.9632586},"geometry":{"type":"Polygon","coordinates":[[[76.963558,28.4167538],[76.9628736,28.416741],[76.9628171,28.4167399],[76.9633397,28.4162911],[76.9635612,28.4166214],[76.963558,28.4167538]]]}},{"type":"Feature","properties":{"v":"Hayatpur","m":"64","k":"17/2","t":"Harsaru","vc":"04116","area":3946.7,"lat":28.4164396,"lng":76.9639407},"geometry":{"type":"Polygon","coordinates":[[[76.9638318,28.4167589],[76.9636511,28.4167555],[76.9635612,28.4166214],[76.9635711,28.4162092],[76.9642555,28.416222],[76.964377,28.4162243],[76.9645076,28.4163713],[76.9639897,28.4166683],[76.9638318,28.4167589]]]}},{"type":"Feature","properties":{"v":"Hayatpur","m":"64","k":"12/2/1","t":"Harsaru","vc":"04116","area":982.7,"lat":28.4171763,"lng":76.9624928},"geometry":{"type":"Polygon","coordinates":[[[76.9621761,28.4172727],[76.9625374,28.4169725],[76.9627648,28.4172838],[76.9621761,28.4172727]]]}},{"type":"Feature","properties":{"v":"Hayatpur","m":"64","k":"11/1/1","t":"Harsaru","vc":"04116","area":3255.2,"lat":28.4170285,"lng":76.9617993},"geometry":{"type":"Polygon","coordinates":[[[76.9614917,28.4172599],[76.9615047,28.4167153],[76.9615903,28.4167169],[76.9621841,28.4169399],[76.9621797,28.4171245],[76.9620392,28.4172702],[76.9614917,28.4172599]]]}},{"type":"Feature","properties":{"v":"Hayatpur","m":"64","k":"10/1/2","t":"Harsaru","vc":"04116","area":850.5,"lat":28.4177198,"lng":76.9618845},"geometry":{"type":"Polygon","coordinates":[[[76.9618922,28.4175352],[76.962163,28.4178173],[76.9615984,28.4178068],[76.9618922,28.4175352]]]}},{"type":"Feature","properties":{"v":"Hayatpur","m":"64","k":"9/2","t":"Harsaru","vc":"04116","area":1646.7,"lat":28.4174211,"lng":76.9625243},"geometry":{"type":"Polygon","coordinates":[[[76.9627648,28.4172838],[76.9628515,28.4174024],[76.9624809,28.4176777],[76.9621761,28.4172727],[76.9627648,28.4172838]]]}},{"type":"Feature","properties":{"v":"Hayatpur","m":"64","k":"1/1/2","t":"Harsaru","vc":"04116","area":3020.2,"lat":28.4180277,"lng":76.9617921},"geometry":{"type":"Polygon","coordinates":[[[76.9614758,28.4179225],[76.9615984,28.4178068],[76.962163,28.4178173],[76.9622295,28.4178891],[76.9618894,28.4182814],[76.9614674,28.4182735],[76.9614728,28.4180465],[76.9614758,28.4179225]]]}},{"type":"Feature","properties":{"v":"Hayatpur","m":"65","k":"20/2","t":"Harsaru","vc":"04116","area":1013.8,"lat":28.4137217,"lng":76.9616621},"geometry":{"type":"Polygon","coordinates":[[[76.96157,28.4139924],[76.9615711,28.413947],[76.9615831,28.4134478],[76.9617542,28.413451],[76.9617411,28.4139956],[76.96157,28.4139924]]]}},{"type":"Feature","properties":{"v":"Hayatpur","m":"65","k":"26","t":"Harsaru","vc":"04116","area":284.9,"lat":28.4153817,"lng":76.9621198},"geometry":{"type":"Polygon","coordinates":[[[76.9622188,28.4154931],[76.9621185,28.4155125],[76.9620207,28.4152703],[76.962121,28.4152508],[76.9622188,28.4154931]]]}},{"type":"Feature","properties":{"v":"Hayatpur","m":"65","k":"13","t":"Harsaru","vc":"04116","area":4815.4,"lat":28.4143201,"lng":76.9633461},"geometry":{"type":"Polygon","coordinates":[[[76.9629258,28.4145626],[76.9629388,28.4140181],[76.9635548,28.4140296],[76.9639353,28.4145815],[76.9636102,28.4145755],[76.9629258,28.4145626]]]}},{"type":"Feature","properties":{"v":"Hayatpur","m":"65","k":"22","t":"Harsaru","vc":"04116","area":4146.0,"lat":28.4132358,"lng":76.9626604},"geometry":{"type":"Polygon","coordinates":[[[76.9629519,28.4134735],[76.9625755,28.4134664],[76.9622675,28.4134606],[76.9622795,28.4129614],[76.9628851,28.4129728],[76.9629189,28.4130331],[76.9631914,28.413478],[76.9629519,28.4134735]]]}},{"type":"Feature","properties":{"v":"Hayatpur","m":"65","k":"21/1","t":"Harsaru","vc":"04116","area":3136.2,"lat":28.4132036,"lng":76.9618778},"geometry":{"type":"Polygon","coordinates":[[[76.9615831,28.4134478],[76.9615951,28.4129486],[76.9621725,28.4129594],[76.9621606,28.4134586],[76.9617542,28.413451],[76.9615831,28.4134478]]]}},{"type":"Feature","properties":{"v":"Hayatpur","m":"65","k":"20/1","t":"Harsaru","vc":"04116","area":3041.4,"lat":28.4137281,"lng":76.9620043},"geometry":{"type":"Polygon","coordinates":[[[76.9622544,28.4140052],[76.9617411,28.4139956],[76.9617542,28.413451],[76.9621606,28.4134586],[76.9622675,28.4134606],[76.9622544,28.4140052]]]}},{"type":"Feature","properties":{"v":"Hayatpur","m":"65","k":"19/1","t":"Harsaru","vc":"04116","area":1824.9,"lat":28.4137358,"lng":76.9624149},"geometry":{"type":"Polygon","coordinates":[[[76.9625624,28.414011],[76.9622544,28.4140052],[76.9622675,28.4134606],[76.9625755,28.4134664],[76.9625624,28.414011]]]}},{"type":"Feature","properties":{"v":"Hayatpur","m":"65","k":"18","t":"Harsaru","vc":"04116","area":2534.4,"lat":28.41379,"lng":76.9631721},"geometry":{"type":"Polygon","coordinates":[[[76.9629519,28.4134735],[76.9631914,28.413478],[76.9634428,28.4138596],[76.9635548,28.4140296],[76.9629388,28.4140181],[76.9629519,28.4134735]]]}},{"type":"Feature","properties":{"v":"Hayatpur","m":"65","k":"12","t":"Harsaru","vc":"04116","area":4054.8,"lat":28.4142839,"lng":76.9625901},"geometry":{"type":"Polygon","coordinates":[[[76.9622414,28.4145498],[76.9622544,28.4140052],[76.9625624,28.414011],[76.9629388,28.4140181],[76.9629258,28.4145626],[76.9622414,28.4145498]]]}},{"type":"Feature","properties":{"v":"Hayatpur","m":"65","k":"11","t":"Harsaru","vc":"04116","area":4055.1,"lat":28.4142711,"lng":76.9619057},"geometry":{"type":"Polygon","coordinates":[[[76.9622414,28.4145498],[76.961557,28.414537],[76.9615577,28.4145067],[76.9615646,28.4142193],[76.96157,28.4139924],[76.9617411,28.4139956],[76.9622544,28.4140052],[76.9622414,28.4145498]]]}},{"type":"Feature","properties":{"v":"Hayatpur","m":"65","k":"10","t":"Harsaru","vc":"04116","area":4055.1,"lat":28.4148157,"lng":76.9618926},"geometry":{"type":"Polygon","coordinates":[[[76.9622283,28.4150944],[76.9615439,28.4150816],[76.9615454,28.4150211],[76.9615464,28.4149757],[76.961557,28.414537],[76.9622414,28.4145498],[76.962237,28.4147313],[76.9622283,28.4150944]]]}},{"type":"Feature","properties":{"v":"Hayatpur","m":"65","k":"9/1","t":"Harsaru","vc":"04116","area":2703.3,"lat":28.4149193,"lng":76.9625748},"geometry":{"type":"Polygon","coordinates":[[[76.9629127,28.4151072],[76.9622283,28.4150944],[76.962237,28.4147313],[76.9629214,28.4147442],[76.9629127,28.4151072]]]}},{"type":"Feature","properties":{"v":"Hayatpur","m":"65","k":"8","t":"Harsaru","vc":"04116","area":4055.1,"lat":28.4148413,"lng":76.9632615},"geometry":{"type":"Polygon","coordinates":[[[76.9635972,28.41512],[76.9633405,28.4151152],[76.9629127,28.4151072],[76.9629214,28.4147442],[76.9629258,28.4145626],[76.9636102,28.4145755],[76.9635972,28.41512]]]}},{"type":"Feature","properties":{"v":"Hayatpur","m":"65","k":"7","t":"Harsaru","vc":"04116","area":3508.6,"lat":28.4148947,"lng":76.963919},"geometry":{"type":"Polygon","coordinates":[[[76.9639353,28.4145815],[76.9639897,28.4146399],[76.9641017,28.4147588],[76.964167,28.4148282],[76.9644569,28.4151361],[76.9644032,28.4151351],[76.9642816,28.4151329],[76.9635972,28.41512],[76.9636102,28.4145755],[76.9639353,28.4145815]]]}},{"type":"Feature","properties":{"v":"Hayatpur","m":"65","k":"5/1","t":"Harsaru","vc":"04116","area":750.6,"lat":28.4155818,"lng":76.9643775},"geometry":{"type":"Polygon","coordinates":[[[76.9641055,28.4156744],[76.9644504,28.4153877],[76.9645765,28.4156832],[76.9642685,28.4156774],[76.9641055,28.4156744]]]}},{"type":"Feature","properties":{"v":"Hayatpur","m":"65","k":"4","t":"Harsaru","vc":"04116","area":3712.5,"lat":28.4153561,"lng":76.963928},"geometry":{"type":"Polygon","coordinates":[[[76.9642816,28.4151329],[76.9644032,28.4151351],[76.9644569,28.4151361],[76.9644847,28.4151738],[76.9644554,28.4151993],[76.9639126,28.4156708],[76.9635841,28.4156646],[76.9635972,28.41512],[76.9642816,28.4151329]]]}},{"type":"Feature","properties":{"v":"Hayatpur","m":"65","k":"3/1","t":"Harsaru","vc":"04116","area":2393.4,"lat":28.4153986,"lng":76.9631197},"geometry":{"type":"Polygon","coordinates":[[[76.9633398,28.4151455],[76.9633274,28.4156598],[76.9628997,28.4156518],[76.962912,28.4151375],[76.9633398,28.4151455]]]}},{"type":"Feature","properties":{"v":"Hayatpur","m":"65","k":"2/2/2","t":"Harsaru","vc":"04116","area":3131.7,"lat":28.4153555,"lng":76.9626009},"geometry":{"type":"Polygon","coordinates":[[[76.9622618,28.4151253],[76.962912,28.4151375],[76.9628997,28.4156518],[76.9628655,28.4156512],[76.9622531,28.4154884],[76.9622618,28.4151253]]]}},{"type":"Feature","properties":{"v":"Hayatpur","m":"65","k":"1/1","t":"Harsaru","vc":"04116","area":3545.0,"lat":28.4153749,"lng":76.9618599},"geometry":{"type":"Polygon","coordinates":[[[76.962121,28.4152508],[76.9620207,28.4152703],[76.9621185,28.4155125],[76.9622188,28.4154931],[76.9622153,28.415639],[76.9615309,28.4156262],[76.9615432,28.4151118],[76.9622276,28.4151247],[76.9622188,28.4154931],[76.962121,28.4152508]]]}},{"type":"Feature","properties":{"v":"Hayatpur","m":"0","k":"155","t":"Harsaru","vc":"04116","area":611.5,"lat":28.413756,"lng":76.9608738},"geometry":{"type":"Polygon","coordinates":[[[76.9608987,28.413435],[76.9608867,28.4139342],[76.9608856,28.4139796],[76.9608802,28.4142065],[76.9608733,28.4144939],[76.9608726,28.4145242],[76.9608715,28.4145695],[76.9608369,28.414584],[76.9608383,28.4145235],[76.9608416,28.4143874],[76.9608485,28.4141],[76.9608514,28.4139789],[76.9608626,28.41351],[76.9608637,28.4134646],[76.9608645,28.4134343],[76.9608764,28.4129351],[76.9609107,28.4129358],[76.9608987,28.413435]]]}},{"type":"Feature","properties":{"v":"Hayatpur","m":"66","k":"26","t":"Harsaru","vc":"04116","area":2752.8,"lat":28.4148362,"lng":76.9607702},"geometry":{"type":"Polygon","coordinates":[[[76.9608715,28.4145695],[76.9610094,28.4145267],[76.9610152,28.4146544],[76.9610226,28.4148185],[76.9610246,28.4148621],[76.9610292,28.414966],[76.9610313,28.4150114],[76.961034,28.415072],[76.9608583,28.4151172],[76.9607437,28.4151676],[76.9606884,28.4150655],[76.9606291,28.4148917],[76.9604751,28.4149578],[76.9603549,28.4147403],[76.9605637,28.4146726],[76.9605959,28.4146622],[76.9608369,28.414584],[76.9608715,28.4145695]]]}},{"type":"Feature","properties":{"v":"Hayatpur","m":"66","k":"14/1/1","t":"Harsaru","vc":"04116","area":499.7,"lat":28.4144479,"lng":76.9603586},"geometry":{"type":"Polygon","coordinates":[[[76.9601881,28.4145113],[76.9601914,28.4143752],[76.9605067,28.4143811],[76.9605475,28.4145181],[76.9601881,28.4145113]]]}},{"type":"Feature","properties":{"v":"Hayatpur","m":"66","k":"13/2","t":"Harsaru","vc":"04116","area":3199.3,"lat":28.4141862,"lng":76.9598963},"geometry":{"type":"Polygon","coordinates":[[[76.9601914,28.4143752],[76.9601881,28.4145113],[76.9600513,28.4145088],[76.9595106,28.4142111],[76.9595168,28.4139539],[76.9602012,28.4139667],[76.9601983,28.4140878],[76.9601914,28.4143752]]]}},{"type":"Feature","properties":{"v":"Hayatpur","m":"66","k":"25/1","t":"Harsaru","vc":"04116","area":2137.2,"lat":28.4131891,"lng":76.9611015},"geometry":{"type":"Polygon","coordinates":[[[76.9608987,28.413435],[76.9609107,28.4129358],[76.9613042,28.4129432],[76.9612922,28.4134424],[76.9608987,28.413435]]]}},{"type":"Feature","properties":{"v":"Hayatpur","m":"66","k":"24","t":"Harsaru","vc":"04116","area":3531.3,"lat":28.4131787,"lng":76.9605454},"geometry":{"type":"Polygon","coordinates":[[[76.9602263,28.412923],[76.9608764,28.4129351],[76.9608645,28.4134343],[76.9605394,28.4134283],[76.9602143,28.4134222],[76.9602263,28.412923]]]}},{"type":"Feature","properties":{"v":"Hayatpur","m":"66","k":"23","t":"Harsaru","vc":"04116","area":3717.1,"lat":28.4131661,"lng":76.9598781},"geometry":{"type":"Polygon","coordinates":[[[76.9602143,28.4134222],[76.9595299,28.4134093],[76.9595419,28.4129101],[76.9602263,28.412923],[76.9602143,28.4134222]]]}},{"type":"Feature","properties":{"v":"Hayatpur","m":"66","k":"22","t":"Harsaru","vc":"04116","area":3717.1,"lat":28.4131533,"lng":76.9591937},"geometry":{"type":"Polygon","coordinates":[[[76.9595299,28.4134093],[76.9588455,28.4133965],[76.9588575,28.4128973],[76.9595419,28.4129101],[76.9595299,28.4134093]]]}},{"type":"Feature","properties":{"v":"Hayatpur","m":"66","k":"21","t":"Harsaru","vc":"04116","area":3717.1,"lat":28.4131405,"lng":76.9585093},"geometry":{"type":"Polygon","coordinates":[[[76.9581611,28.4133836],[76.9581731,28.4128844],[76.9588575,28.4128973],[76.9588455,28.4133965],[76.9581611,28.4133836]]]}},{"type":"Feature","properties":{"v":"Hayatpur","m":"66","k":"20/1","t":"Harsaru","vc":"04116","area":1971.4,"lat":28.4137818,"lng":76.9584189},"geometry":{"type":"Polygon","coordinates":[[[76.958148,28.4139282],[76.9581585,28.4134895],[76.9588346,28.4138503],[76.9588324,28.4139411],[76.958148,28.4139282]]]}},{"type":"Feature","properties":{"v":"Hayatpur","m":"66","k":"19/1/2","t":"Harsaru","vc":"04116","area":3182.0,"lat":28.4137233,"lng":76.9591876},"geometry":{"type":"Polygon","coordinates":[[[76.9590035,28.4139443],[76.9588346,28.4138503],[76.9588429,28.4135024],[76.9595273,28.4135152],[76.9595168,28.4139539],[76.9590035,28.4139443]]]}},{"type":"Feature","properties":{"v":"Hayatpur","m":"66","k":"18","t":"Harsaru","vc":"04116","area":4055.0,"lat":28.413688,"lng":76.9598655},"geometry":{"type":"Polygon","coordinates":[[[76.9602143,28.4134222],[76.9602125,28.4134978],[76.9602012,28.4139667],[76.9595168,28.4139539],[76.9595273,28.4135152],[76.9595299,28.4134093],[76.9602143,28.4134222]]]}},{"type":"Feature","properties":{"v":"Hayatpur","m":"66","k":"17/1/2","t":"Harsaru","vc":"04116","area":3316.8,"lat":28.4137384,"lng":76.9605319},"geometry":{"type":"Polygon","coordinates":[[[76.9605376,28.4135039],[76.9608626,28.41351],[76.9608514,28.4139789],[76.9602012,28.4139667],[76.9602125,28.4134978],[76.9605376,28.4135039]]]}},{"type":"Feature","properties":{"v":"Hayatpur","m":"66","k":"16/2","t":"Harsaru","vc":"04116","area":3717.0,"lat":28.413691,"lng":76.9612349},"geometry":{"type":"Polygon","coordinates":[[[76.9608987,28.413435],[76.9612922,28.4134424],[76.9615831,28.4134478],[76.9615711,28.413947],[76.9608867,28.4139342],[76.9608987,28.413435]]]}},{"type":"Feature","properties":{"v":"Hayatpur","m":"66","k":"15/1","t":"Harsaru","vc":"04116","area":225.4,"lat":28.4145154,"lng":76.9612152},"geometry":{"type":"Polygon","coordinates":[[[76.9608733,28.4144939],[76.9615577,28.4145067],[76.961557,28.414537],[76.9612327,28.4145309],[76.9611805,28.4145299],[76.9610094,28.4145267],[76.9608726,28.4145242],[76.9608733,28.4144939]]]}},{"type":"Feature","properties":{"v":"Hayatpur","m":"66","k":"14/2/1","t":"Harsaru","vc":"04116","area":767.6,"lat":28.4142523,"lng":76.9603241},"geometry":{"type":"Polygon","coordinates":[[[76.9601914,28.4143752],[76.9601983,28.4140878],[76.9603523,28.4140906],[76.9603663,28.4141813],[76.9604475,28.4141818],[76.9605067,28.4143811],[76.9601914,28.4143752]]]}},{"type":"Feature","properties":{"v":"Hayatpur","m":"66","k":"12/1","t":"Harsaru","vc":"04116","area":3336.9,"lat":28.4142593,"lng":76.9591303},"geometry":{"type":"Polygon","coordinates":[[[76.9588193,28.4144857],[76.9588273,28.4141528],[76.9588324,28.4139411],[76.9590035,28.4139443],[76.9595106,28.4142111],[76.9595037,28.4144985],[76.9588193,28.4144857]]]}},{"type":"Feature","properties":{"v":"Hayatpur","m":"66","k":"11/1/1","t":"Harsaru","vc":"04116","area":1115.1,"lat":28.4143093,"lng":76.9582929},"geometry":{"type":"Polygon","coordinates":[[[76.9584509,28.4141458],[76.9584429,28.4144786],[76.9581349,28.4144728],[76.9581393,28.4142913],[76.9581429,28.41414],[76.9584509,28.4141458]]]}},{"type":"Feature","properties":{"v":"Hayatpur","m":"66","k":"10/2","t":"Harsaru","vc":"04116","area":1824.9,"lat":28.414748,"lng":76.9582824},"geometry":{"type":"Polygon","coordinates":[[[76.9584298,28.4150232],[76.9581218,28.4150174],[76.9581349,28.4144728],[76.9584429,28.4144786],[76.9584298,28.4150232]]]}},{"type":"Feature","properties":{"v":"Hayatpur","m":"66","k":"9","t":"Harsaru","vc":"04116","area":4054.7,"lat":28.4147644,"lng":76.959155},"geometry":{"type":"Polygon","coordinates":[[[76.9594907,28.4150431],[76.9588063,28.4150302],[76.9588193,28.4144857],[76.9595037,28.4144985],[76.9594907,28.4150431]]]}},{"type":"Feature","properties":{"v":"Hayatpur","m":"66","k":"8/1","t":"Harsaru","vc":"04116","area":3998.6,"lat":28.4147806,"lng":76.9598351},"geometry":{"type":"Polygon","coordinates":[[[76.9594907,28.4150431],[76.9595037,28.4144985],[76.9600513,28.4145088],[76.9601863,28.414587],[76.9601751,28.4150559],[76.9594907,28.4150431]]]}},{"type":"Feature","properties":{"v":"Hayatpur","m":"66","k":"7/3","t":"Harsaru","vc":"04116","area":2008.0,"lat":28.4148034,"lng":76.9603687},"geometry":{"type":"Polygon","coordinates":[[[76.9601881,28.4145113],[76.9605475,28.4145181],[76.9605637,28.4146726],[76.9603549,28.4147403],[76.9604751,28.4149578],[76.9606291,28.4148917],[76.9606884,28.4150655],[76.9605173,28.4150623],[76.9601751,28.4150559],[76.9601863,28.414587],[76.9601881,28.4145113]]]}},{"type":"Feature","properties":{"v":"Hayatpur","m":"66","k":"6/2/1","t":"Harsaru","vc":"04116","area":254.5,"lat":28.4149935,"lng":76.9612881},"geometry":{"type":"Polygon","coordinates":[[[76.9610313,28.4150114],[76.9610292,28.414966],[76.9615464,28.4149757],[76.9615454,28.4150211],[76.9610313,28.4150114]]]}},{"type":"Feature","properties":{"v":"Hayatpur","m":"66","k":"5/1","t":"Harsaru","vc":"04116","area":3595.0,"lat":28.4153652,"lng":76.9611808},"geometry":{"type":"Polygon","coordinates":[[[76.961509,28.4151112],[76.9614966,28.4156255],[76.9608464,28.4156133],[76.9608577,28.4151444],[76.9610333,28.4151023],[76.961509,28.4151112]]]}},{"type":"Feature","properties":{"v":"Hayatpur","m":"66","k":"4/1","t":"Harsaru","vc":"04116","area":2027.7,"lat":28.4153314,"lng":76.9603396},"geometry":{"type":"Polygon","coordinates":[[[76.960162,28.4156005],[76.9601656,28.4154492],[76.9601751,28.4150559],[76.9605173,28.4150623],[76.9605131,28.4152385],[76.9605122,28.4152741],[76.9605042,28.4156069],[76.960162,28.4156005]]]}},{"type":"Feature","properties":{"v":"Hayatpur","m":"66","k":"3/2","t":"Harsaru","vc":"04116","area":2928.5,"lat":28.4152462,"lng":76.9598281},"geometry":{"type":"Polygon","coordinates":[[[76.9594812,28.4154364],[76.9594907,28.4150431],[76.9601751,28.4150559],[76.9601656,28.4154492],[76.9594812,28.4154364]]]}},{"type":"Feature","properties":{"v":"Hayatpur","m":"66","k":"2/2","t":"Harsaru","vc":"04116","area":4010.2,"lat":28.4153062,"lng":76.9591453},"geometry":{"type":"Polygon","coordinates":[[[76.9589301,28.4155774],[76.9587946,28.4155143],[76.9588063,28.4150302],[76.9594907,28.4150431],[76.9594812,28.4154364],[76.9594776,28.4155877],[76.9589301,28.4155774]]]}},{"type":"Feature","properties":{"v":"Hayatpur","m":"66","k":"1/1/1","t":"Harsaru","vc":"04116","area":735.0,"lat":28.4154552,"lng":76.9582636},"geometry":{"type":"Polygon","coordinates":[[[76.9584168,28.4155678],[76.9581088,28.415562],[76.9581142,28.4153351],[76.9584218,28.415356],[76.9584168,28.4155678]]]}},{"type":"Feature","properties":{"v":"Hayatpur","m":"0","k":"154","t":"Harsaru","vc":"04116","area":5593.8,"lat":28.4128438,"lng":76.9572141},"geometry":{"type":"Polygon","coordinates":[[[76.9540677,28.4127619],[76.9547521,28.4127748],[76.9554365,28.4127876],[76.9561209,28.4128005],[76.9561723,28.4128015],[76.9564289,28.4128063],[76.9568053,28.4128133],[76.9569593,28.4128162],[76.9574897,28.4128262],[76.9581741,28.412839],[76.9588585,28.4128519],[76.9595429,28.4128647],[76.9595643,28.4128651],[76.9602273,28.4128776],[76.9609117,28.4128904],[76.9611171,28.4128943],[76.9615961,28.4129032],[76.9622805,28.4129161],[76.9628717,28.4129271],[76.9628851,28.4129728],[76.9622795,28.4129614],[76.9621725,28.4129594],[76.9615951,28.4129486],[76.9613042,28.4129432],[76.9609107,28.4129358],[76.9608764,28.4129351],[76.9602263,28.412923],[76.9595419,28.4129101],[76.9588575,28.4128973],[76.9581731,28.4128844],[76.9574887,28.4128716],[76.9570096,28.4128626],[76.9568043,28.4128587],[76.9563423,28.4128501],[76.9561199,28.4128459],[76.9557434,28.4128388],[76.9554355,28.412833],[76.9547511,28.4128202],[76.954118,28.4128083],[76.9540667,28.4128073],[76.9538271,28.4128028],[76.9533823,28.4127944],[76.9529374,28.4127861],[76.9526979,28.4127816],[76.952407,28.4127761],[76.9520135,28.4127687],[76.9516713,28.4127622],[76.9514274,28.4127577],[76.9515345,28.4127402],[76.9516723,28.4127169],[76.9520145,28.4127233],[76.9526989,28.4127362],[76.9529385,28.4127407],[76.9533833,28.412749],[76.95364,28.4127539],[76.9540677,28.4127619]]]}},{"type":"Feature","properties":{"v":"Hayatpur","m":"67","k":"3/1","t":"Harsaru","vc":"04116","area":2128.9,"lat":28.4152545,"lng":76.9562417},"geometry":{"type":"Polygon","coordinates":[[[76.9560686,28.4149788],[76.9563595,28.4149843],[76.9564279,28.4149856],[76.9564148,28.4155302],[76.9560555,28.4155234],[76.9560686,28.4149788]]]}},{"type":"Feature","properties":{"v":"Hayatpur","m":"67","k":"1/1","t":"Harsaru","vc":"04116","area":2027.4,"lat":28.4152286,"lng":76.9548643},"geometry":{"type":"Polygon","coordinates":[[[76.9546998,28.4149531],[76.955042,28.4149596],[76.9550289,28.4155041],[76.9546867,28.4154977],[76.9546998,28.4149531]]]}},{"type":"Feature","properties":{"v":"Hayatpur","m":"67","k":"8/2","t":"Harsaru","vc":"04116","area":1723.5,"lat":28.4147093,"lng":76.9562206},"geometry":{"type":"Polygon","coordinates":[[[76.9560686,28.4149788],[76.9560817,28.4144343],[76.9563726,28.4144397],[76.9563657,28.4147271],[76.9563595,28.4149843],[76.9560686,28.4149788]]]}},{"type":"Feature","properties":{"v":"Hayatpur","m":"67","k":"13/1/1","t":"Harsaru","vc":"04116","area":996.8,"lat":28.4143034,"lng":76.9562537},"geometry":{"type":"Polygon","coordinates":[[[76.9560817,28.4144343],[76.9560868,28.4142225],[76.9560882,28.414162],[76.9563278,28.4141665],[76.9564297,28.4141986],[76.9564239,28.4144407],[76.9563726,28.4144397],[76.9560817,28.4144343]]]}},{"type":"Feature","properties":{"v":"Hayatpur","m":"67","k":"12/1","t":"Harsaru","vc":"04116","area":1577.1,"lat":28.414322,"lng":76.955742},"geometry":{"type":"Polygon","coordinates":[[[76.9553973,28.4144214],[76.9554024,28.4142096],[76.9560868,28.4142225],[76.9560817,28.4144343],[76.9553973,28.4144214]]]}},{"type":"Feature","properties":{"v":"Hayatpur","m":"67","k":"20/1/1","t":"Harsaru","vc":"04116","area":122.6,"lat":28.4137666,"lng":76.9553871},"geometry":{"type":"Polygon","coordinates":[[[76.9553645,28.4136489],[76.9554155,28.413665],[76.9554104,28.4138768],[76.955359,28.4138758],[76.9553645,28.4136489]]]}},{"type":"Feature","properties":{"v":"Hayatpur","m":"67","k":"25/2","t":"Harsaru","vc":"04116","area":3268.2,"lat":28.4131014,"lng":76.9578498},"geometry":{"type":"Polygon","coordinates":[[[76.9581611,28.4133836],[76.9579729,28.4133801],[76.9574807,28.4132044],[76.9574828,28.4131136],[76.9574887,28.4128716],[76.9581731,28.4128844],[76.9581611,28.4133836]]]}},{"type":"Feature","properties":{"v":"Hayatpur","m":"67","k":"24/1","t":"Harsaru","vc":"04116","area":3086.1,"lat":28.4131486,"lng":76.9571024},"geometry":{"type":"Polygon","coordinates":[[[76.9567923,28.4133579],[76.9568043,28.4128587],[76.9570096,28.4128626],[76.9574828,28.4131136],[76.9574807,28.4132044],[76.9574767,28.4133708],[76.9567923,28.4133579]]]}},{"type":"Feature","properties":{"v":"Hayatpur","m":"67","k":"23/2","t":"Harsaru","vc":"04116","area":2509.2,"lat":28.413104,"lng":76.9565673},"geometry":{"type":"Polygon","coordinates":[[[76.9567923,28.4133579],[76.9563474,28.4133496],[76.9563303,28.4133493],[76.9563423,28.4128501],[76.9568043,28.4128587],[76.9567923,28.4133579]]]}},{"type":"Feature","properties":{"v":"Hayatpur","m":"67","k":"22/2","t":"Harsaru","vc":"04116","area":2044.9,"lat":28.4130919,"lng":76.9559256},"geometry":{"type":"Polygon","coordinates":[[[76.9561079,28.4133451],[76.9557314,28.413338],[76.9557434,28.4128388],[76.9561199,28.4128459],[76.9561079,28.4133451]]]}},{"type":"Feature","properties":{"v":"Hayatpur","m":"67","k":"21","t":"Harsaru","vc":"04116","area":3717.3,"lat":28.4130762,"lng":76.9550873},"geometry":{"type":"Polygon","coordinates":[[[76.9547511,28.4128202],[76.9554355,28.412833],[76.9554235,28.4133322],[76.9553721,28.4133313],[76.9547562,28.4133197],[76.9547391,28.4133194],[76.9547511,28.4128202]]]}},{"type":"Feature","properties":{"v":"Hayatpur","m":"67","k":"20/2/1","t":"Harsaru","vc":"04116","area":2686.4,"lat":28.4136627,"lng":76.9550034},"geometry":{"type":"Polygon","coordinates":[[[76.954726,28.413864],[76.9547391,28.4133194],[76.9547562,28.4133197],[76.9553645,28.4136489],[76.955359,28.4138758],[76.954726,28.413864]]]}},{"type":"Feature","properties":{"v":"Hayatpur","m":"67","k":"19/2","t":"Harsaru","vc":"04116","area":3601.7,"lat":28.4135861,"lng":76.9557863},"geometry":{"type":"Polygon","coordinates":[[[76.9561079,28.4133451],[76.9560948,28.4138897],[76.9558039,28.4138842],[76.9554155,28.413665],[76.9554235,28.4133322],[76.9557314,28.413338],[76.9561079,28.4133451]]]}},{"type":"Feature","properties":{"v":"Hayatpur","m":"67","k":"18/1","t":"Harsaru","vc":"04116","area":2636.1,"lat":28.4136261,"lng":76.9565633},"geometry":{"type":"Polygon","coordinates":[[[76.9567923,28.4133579],[76.9567792,28.4139025],[76.9563343,28.4138942],[76.9563474,28.4133496],[76.9567923,28.4133579]]]}},{"type":"Feature","properties":{"v":"Hayatpur","m":"67","k":"17","t":"Harsaru","vc":"04116","area":4055.4,"lat":28.4136367,"lng":76.9571279},"geometry":{"type":"Polygon","coordinates":[[[76.9574767,28.4133708],[76.9574636,28.4139154],[76.9568134,28.4139032],[76.9567792,28.4139025],[76.9567923,28.4133579],[76.9574767,28.4133708]]]}},{"type":"Feature","properties":{"v":"Hayatpur","m":"67","k":"16/2","t":"Harsaru","vc":"04116","area":1520.4,"lat":28.4136455,"lng":76.9575985},"geometry":{"type":"Polygon","coordinates":[[[76.9577333,28.4133756],[76.9577202,28.4139202],[76.9574636,28.4139154],[76.9574767,28.4133708],[76.9577333,28.4133756]]]}},{"type":"Feature","properties":{"v":"Hayatpur","m":"67","k":"15/1","t":"Harsaru","vc":"04116","area":1351.6,"lat":28.4143756,"lng":76.9577949},"geometry":{"type":"Polygon","coordinates":[[[76.9577115,28.4142833],[76.9581393,28.4142913],[76.9581349,28.4144728],[76.9574505,28.41446],[76.9574549,28.4142784],[76.9577115,28.4142833]]]}},{"type":"Feature","properties":{"v":"Hayatpur","m":"67","k":"14/2","t":"Harsaru","vc":"04116","area":3852.3,"lat":28.4141816,"lng":76.957132},"geometry":{"type":"Polygon","coordinates":[[[76.9574636,28.4139154],[76.9574549,28.4142784],[76.9574505,28.41446],[76.9568516,28.4144487],[76.9568003,28.4144478],[76.9568023,28.4143661],[76.9568134,28.4139032],[76.9574636,28.4139154]]]}},{"type":"Feature","properties":{"v":"Hayatpur","m":"67","k":"12/2/1","t":"Harsaru","vc":"04116","area":2238.7,"lat":28.4140615,"lng":76.9557221},"geometry":{"type":"Polygon","coordinates":[[[76.9560868,28.4142225],[76.9554024,28.4142096],[76.9554104,28.4138768],[76.9558039,28.4138842],[76.9560911,28.4140409],[76.9560882,28.414162],[76.9560868,28.4142225]]]}},{"type":"Feature","properties":{"v":"Hayatpur","m":"67","k":"11","t":"Harsaru","vc":"04116","area":4054.9,"lat":28.4141427,"lng":76.9550617},"geometry":{"type":"Polygon","coordinates":[[[76.9553973,28.4144214],[76.9547129,28.4144085],[76.954726,28.413864],[76.955359,28.4138758],[76.9554104,28.4138768],[76.9554024,28.4142096],[76.9553973,28.4144214]]]}},{"type":"Feature","properties":{"v":"Hayatpur","m":"67","k":"10","t":"Harsaru","vc":"04116","area":4055.3,"lat":28.4146873,"lng":76.9550485},"geometry":{"type":"Polygon","coordinates":[[[76.9553973,28.4144214],[76.9553842,28.414966],[76.955042,28.4149596],[76.9546998,28.4149531],[76.9547129,28.4144085],[76.9553973,28.4144214]]]}},{"type":"Feature","properties":{"v":"Hayatpur","m":"67","k":"9","t":"Harsaru","vc":"04116","area":4054.7,"lat":28.4147001,"lng":76.9557329},"geometry":{"type":"Polygon","coordinates":[[[76.9560686,28.4149788],[76.9553842,28.414966],[76.9553973,28.4144214],[76.9560817,28.4144343],[76.9560686,28.4149788]]]}},{"type":"Feature","properties":{"v":"Hayatpur","m":"67","k":"8/1/1","t":"Harsaru","vc":"04116","area":1101.1,"lat":28.4148594,"lng":76.9565593},"geometry":{"type":"Polygon","coordinates":[[[76.9564279,28.4149856],[76.9563595,28.4149843],[76.9563657,28.4147271],[76.9567592,28.4147345],[76.956753,28.4149917],[76.9564279,28.4149856]]]}},{"type":"Feature","properties":{"v":"Hayatpur","m":"67","k":"7/1","t":"Harsaru","vc":"04116","area":1818.8,"lat":28.4148698,"lng":76.9571154},"geometry":{"type":"Polygon","coordinates":[[[76.9567934,28.4147352],[76.9574436,28.4147474],[76.9574429,28.4147776],[76.9574374,28.4150045],[76.9567872,28.4149923],[76.9567934,28.4147352]]]}},{"type":"Feature","properties":{"v":"Hayatpur","m":"67","k":"6/2","t":"Harsaru","vc":"04116","area":3484.4,"lat":28.4147071,"lng":76.9578177},"geometry":{"type":"Polygon","coordinates":[[[76.9574505,28.41446],[76.9581349,28.4144728],[76.9581218,28.4150174],[76.9578994,28.4150132],[76.9574429,28.4147776],[76.9574436,28.4147474],[76.9574505,28.41446]]]}},{"type":"Feature","properties":{"v":"Hayatpur","m":"67","k":"5/1","t":"Harsaru","vc":"04116","area":3909.0,"lat":28.4152918,"lng":76.9577628},"geometry":{"type":"Polygon","coordinates":[[[76.9574243,28.4155491],[76.9574374,28.4150045],[76.9578994,28.4150132],[76.9581189,28.4151384],[76.9581142,28.4153351],[76.9581088,28.415562],[76.9575612,28.4155517],[76.9574243,28.4155491]]]}},{"type":"Feature","properties":{"v":"Hayatpur","m":"67","k":"4/2","t":"Harsaru","vc":"04116","area":3852.2,"lat":28.4152707,"lng":76.9571058},"geometry":{"type":"Polygon","coordinates":[[[76.9574374,28.4150045],[76.9574243,28.4155491],[76.9567742,28.4155369],[76.9567872,28.4149923],[76.9574374,28.4150045]]]}},{"type":"Feature","properties":{"v":"Hayatpur","m":"67","k":"3/2","t":"Harsaru","vc":"04116","area":1926.2,"lat":28.4152609,"lng":76.9565839},"geometry":{"type":"Polygon","coordinates":[[[76.9567399,28.4155363],[76.9564148,28.4155302],[76.9564279,28.4149856],[76.956753,28.4149917],[76.9567399,28.4155363]]]}},{"type":"Feature","properties":{"v":"Hayatpur","m":"67","k":"2","t":"Harsaru","vc":"04116","area":4055.1,"lat":28.4152447,"lng":76.9557198},"geometry":{"type":"Polygon","coordinates":[[[76.9553842,28.414966],[76.9560686,28.4149788],[76.9560555,28.4155234],[76.9553711,28.4155106],[76.9553842,28.414966]]]}},{"type":"Feature","properties":{"v":"Hayatpur","m":"67","k":"1/2","t":"Harsaru","vc":"04116","area":2027.4,"lat":28.4152351,"lng":76.9552066},"geometry":{"type":"Polygon","coordinates":[[[76.9550289,28.4155041],[76.955042,28.4149596],[76.9553842,28.414966],[76.9553711,28.4155106],[76.9552342,28.415508],[76.9550289,28.4155041]]]}},{"type":"Feature","properties":{"v":"Hayatpur","m":"68","k":"10/1","t":"Harsaru","vc":"04116","area":2027.2,"lat":28.4147591,"lng":76.9516232},"geometry":{"type":"Polygon","coordinates":[[[76.9512777,28.4148888],[76.9512843,28.4146165],[76.9519687,28.4146294],[76.9519621,28.4149016],[76.9512777,28.4148888]]]}},{"type":"Feature","properties":{"v":"Hayatpur","m":"68","k":"16/2","t":"Harsaru","vc":"04116","area":1723.3,"lat":28.4135825,"lng":76.9542449},"geometry":{"type":"Polygon","coordinates":[[[76.9540929,28.4138521],[76.954106,28.4133075],[76.9543968,28.4133129],[76.9543838,28.4138575],[76.9540929,28.4138521]]]}},{"type":"Feature","properties":{"v":"Hayatpur","m":"68","k":"15/2","t":"Harsaru","vc":"04116","area":1013.7,"lat":28.4141346,"lng":76.9546339},"geometry":{"type":"Polygon","coordinates":[[[76.9547129,28.4144085],[76.9545418,28.4144053],[76.9545549,28.4138607],[76.954726,28.413864],[76.9547129,28.4144085]]]}},{"type":"Feature","properties":{"v":"Hayatpur","m":"68","k":"22/2","t":"Harsaru","vc":"04116","area":1579.7,"lat":28.4130284,"lng":76.9525464},"geometry":{"type":"Polygon","coordinates":[[[76.9526858,28.4132808],[76.952395,28.4132753],[76.952407,28.4127761],[76.9526979,28.4127816],[76.9526858,28.4132808]]]}},{"type":"Feature","properties":{"v":"Hayatpur","m":"68","k":"23/1","t":"Harsaru","vc":"04116","area":1301.0,"lat":28.4130335,"lng":76.9528116},"geometry":{"type":"Polygon","coordinates":[[[76.9526858,28.4132808],[76.9526979,28.4127816],[76.9529374,28.4127861],[76.9529254,28.4132853],[76.9526858,28.4132808]]]}},{"type":"Feature","properties":{"v":"Hayatpur","m":"68","k":"13/2","t":"Harsaru","vc":"04116","area":4033.1,"lat":28.4141027,"lng":76.9530066},"geometry":{"type":"Polygon","coordinates":[[[76.9526727,28.4138253],[76.9533571,28.4138382],[76.953347,28.4142618],[76.9533098,28.4143822],[76.9526596,28.4143699],[76.9526727,28.4138253]]]}},{"type":"Feature","properties":{"v":"Hayatpur","m":"68","k":"25","t":"Harsaru","vc":"04116","area":3438.3,"lat":28.4130638,"lng":76.9544286},"geometry":{"type":"Polygon","coordinates":[[[76.9547511,28.4128202],[76.9547391,28.4133194],[76.9546706,28.4133181],[76.9543968,28.4133129],[76.954106,28.4133075],[76.954118,28.4128083],[76.9547511,28.4128202]]]}},{"type":"Feature","properties":{"v":"Hayatpur","m":"68","k":"24/2/1","t":"Harsaru","vc":"04116","area":1391.1,"lat":28.4129327,"lng":76.9536143},"geometry":{"type":"Polygon","coordinates":[[[76.9533757,28.4130667],[76.9533823,28.4127944],[76.9538271,28.4128028],[76.9538873,28.4128763],[76.9538035,28.4130748],[76.9533757,28.4130667]]]}},{"type":"Feature","properties":{"v":"Hayatpur","m":"68","k":"23/2","t":"Harsaru","vc":"04116","area":2416.1,"lat":28.4130398,"lng":76.9531538},"geometry":{"type":"Polygon","coordinates":[[[76.9529254,28.4132853],[76.9529374,28.4127861],[76.9533823,28.4127944],[76.9533757,28.4130667],[76.9533702,28.4132936],[76.9529254,28.4132853]]]}},{"type":"Feature","properties":{"v":"Hayatpur","m":"68","k":"22/1","t":"Harsaru","vc":"04116","area":2137.5,"lat":28.413022,"lng":76.9522042},"geometry":{"type":"Polygon","coordinates":[[[76.9520135,28.4127687],[76.952407,28.4127761],[76.952395,28.4132753],[76.9520014,28.4132679],[76.9520135,28.4127687]]]}},{"type":"Feature","properties":{"v":"Hayatpur","m":"68","k":"21/1/2","t":"Harsaru","vc":"04116","area":3624.3,"lat":28.413012,"lng":76.9516738},"geometry":{"type":"Polygon","coordinates":[[[76.9520135,28.4127687],[76.9520014,28.4132679],[76.9513341,28.4132553],[76.9513462,28.4127561],[76.9514274,28.4127577],[76.9516713,28.4127622],[76.9520135,28.4127687]]]}},{"type":"Feature","properties":{"v":"Hayatpur","m":"68","k":"20/2","t":"Harsaru","vc":"04116","area":2306.5,"lat":28.4134205,"lng":76.9516639},"geometry":{"type":"Polygon","coordinates":[[[76.9519938,28.4135856],[76.9513265,28.413573],[76.9513341,28.4132553],[76.9520014,28.4132679],[76.9519938,28.4135856]]]}},{"type":"Feature","properties":{"v":"Hayatpur","m":"71","k":"12","t":"Harsaru","vc":"04116","area":1520.6,"lat":28.4115263,"lng":76.9524576},"geometry":{"type":"Polygon","coordinates":[[[76.9527252,28.411647],[76.9520408,28.4116341],[76.9520426,28.4115585],[76.9527332,28.4113142],[76.9527252,28.411647]]]}},{"type":"Feature","properties":{"v":"Hayatpur","m":"68","k":"19","t":"Harsaru","vc":"04116","area":4054.8,"lat":28.4135466,"lng":76.952337},"geometry":{"type":"Polygon","coordinates":[[[76.9526727,28.4138253],[76.9521423,28.4138154],[76.9519883,28.4138125],[76.9519938,28.4135856],[76.9520014,28.4132679],[76.952395,28.4132753],[76.9526858,28.4132808],[76.9526727,28.4138253]]]}},{"type":"Feature","properties":{"v":"Hayatpur","m":"68","k":"18","t":"Harsaru","vc":"04116","area":4054.8,"lat":28.4135595,"lng":76.9530215},"geometry":{"type":"Polygon","coordinates":[[[76.9526727,28.4138253],[76.9526858,28.4132808],[76.9529254,28.4132853],[76.9533702,28.4132936],[76.9533697,28.4133163],[76.9533571,28.4138382],[76.9526727,28.4138253]]]}},{"type":"Feature","properties":{"v":"Hayatpur","m":"68","k":"17/1/1","t":"Harsaru","vc":"04116","area":2356.2,"lat":28.4136068,"lng":76.953836},"geometry":{"type":"Polygon","coordinates":[[[76.9535282,28.4138414],[76.9537376,28.4133232],[76.9540541,28.4133292],[76.9540416,28.4138511],[76.9535282,28.4138414]]]}},{"type":"Feature","properties":{"v":"Hayatpur","m":"68","k":"16/1/1","t":"Harsaru","vc":"04116","area":1115.3,"lat":28.4136474,"lng":76.9546243},"geometry":{"type":"Polygon","coordinates":[[[76.954726,28.413864],[76.9545549,28.4138607],[76.954418,28.4138582],[76.9546706,28.4133181],[76.9547391,28.4133194],[76.954726,28.413864]]]}},{"type":"Feature","properties":{"v":"Hayatpur","m":"68","k":"15/1/1","t":"Harsaru","vc":"04116","area":1318.0,"lat":28.4140847,"lng":76.9542065},"geometry":{"type":"Polygon","coordinates":[[[76.9540929,28.4138521],[76.9543838,28.4138575],[76.954418,28.4138582],[76.9541996,28.4143989],[76.9540798,28.4143966],[76.9540929,28.4138521]]]}},{"type":"Feature","properties":{"v":"Hayatpur","m":"68","k":"14","t":"Harsaru","vc":"04116","area":3661.3,"lat":28.4141316,"lng":76.9537232},"geometry":{"type":"Polygon","coordinates":[[[76.9540285,28.4143957],[76.953344,28.4143828],[76.953347,28.4142618],[76.9535282,28.4138414],[76.9540416,28.4138511],[76.9540285,28.4143957]]]}},{"type":"Feature","properties":{"v":"Hayatpur","m":"68","k":"12/2","t":"Harsaru","vc":"04116","area":3142.7,"lat":28.4140927,"lng":76.9524009},"geometry":{"type":"Polygon","coordinates":[[[76.9526596,28.4143699],[76.9521292,28.41436],[76.9521423,28.4138154],[76.9526727,28.4138253],[76.9526596,28.4143699]]]}},{"type":"Feature","properties":{"v":"Hayatpur","m":"68","k":"11","t":"Harsaru","vc":"04116","area":4055.1,"lat":28.4140784,"lng":76.9516395},"geometry":{"type":"Polygon","coordinates":[[[76.9519752,28.4143571],[76.9512908,28.4143442],[76.9513039,28.4137996],[76.9519883,28.4138125],[76.9519752,28.4143571]]]}},{"type":"Feature","properties":{"v":"Hayatpur","m":"68","k":"10/2","t":"Harsaru","vc":"04116","area":2027.6,"lat":28.4144868,"lng":76.9516297},"geometry":{"type":"Polygon","coordinates":[[[76.9519752,28.4143571],[76.9519687,28.4146294],[76.9512843,28.4146165],[76.9512908,28.4143442],[76.9519752,28.4143571]]]}},{"type":"Feature","properties":{"v":"Hayatpur","m":"68","k":"9","t":"Harsaru","vc":"04116","area":4054.5,"lat":28.4146358,"lng":76.9523109},"geometry":{"type":"Polygon","coordinates":[[[76.9526596,28.4143699],[76.9526465,28.4149145],[76.9519621,28.4149016],[76.9519687,28.4146294],[76.9519752,28.4143571],[76.9521292,28.41436],[76.9526596,28.4143699]]]}},{"type":"Feature","properties":{"v":"Hayatpur","m":"68","k":"8/2","t":"Harsaru","vc":"04116","area":3193.7,"lat":28.4146286,"lng":76.9529268},"geometry":{"type":"Polygon","coordinates":[[[76.9526596,28.4143699],[76.9533098,28.4143822],[76.9530743,28.4149226],[76.9526465,28.4149145],[76.9526596,28.4143699]]]}},{"type":"Feature","properties":{"v":"Hayatpur","m":"68","k":"7/1","t":"Harsaru","vc":"04116","area":3829.9,"lat":28.4146767,"lng":76.9536793},"geometry":{"type":"Polygon","coordinates":[[[76.9539982,28.4149399],[76.9533309,28.4149274],[76.9533433,28.4144131],[76.9540277,28.4144259],[76.9540154,28.4149403],[76.9539982,28.4149399]]]}},{"type":"Feature","properties":{"v":"Hayatpur","m":"68","k":"6/1","t":"Harsaru","vc":"04116","area":3425.7,"lat":28.4146854,"lng":76.9544158},"geometry":{"type":"Polygon","coordinates":[[[76.9547129,28.4144085],[76.9546998,28.4149531],[76.9540667,28.4149412],[76.9540678,28.4148958],[76.9541996,28.4143989],[76.9545418,28.4144053],[76.9547129,28.4144085]]]}},{"type":"Feature","properties":{"v":"Hayatpur","m":"68","k":"5","t":"Harsaru","vc":"04116","area":3751.1,"lat":28.4152195,"lng":76.9543767},"geometry":{"type":"Polygon","coordinates":[[[76.9546867,28.4154977],[76.9540536,28.4154858],[76.9540667,28.4149412],[76.9546998,28.4149531],[76.9546867,28.4154977]]]}},{"type":"Feature","properties":{"v":"Hayatpur","m":"68","k":"4/1","t":"Harsaru","vc":"04116","area":3345.7,"lat":28.4151886,"lng":76.9536102},"geometry":{"type":"Polygon","coordinates":[[[76.9533178,28.415472],[76.9533309,28.4149274],[76.9539982,28.4149399],[76.9537798,28.4154807],[76.9533178,28.415472]]]}},{"type":"Feature","properties":{"v":"Hayatpur","m":"68","k":"3/1","t":"Harsaru","vc":"04116","area":1926.5,"lat":28.4151613,"lng":76.9528086},"geometry":{"type":"Polygon","coordinates":[[[76.9526334,28.4154591],[76.9526465,28.4149145],[76.9530743,28.4149226],[76.9528559,28.4154633],[76.9526334,28.4154591]]]}},{"type":"Feature","properties":{"v":"Hayatpur","m":"68","k":"2","t":"Harsaru","vc":"04116","area":4055.1,"lat":28.4151803,"lng":76.9522977},"geometry":{"type":"Polygon","coordinates":[[[76.9519621,28.4149016],[76.9526465,28.4149145],[76.9526334,28.4154591],[76.951949,28.4154462],[76.9519621,28.4149016]]]}},{"type":"Feature","properties":{"v":"Hayatpur","m":"68","k":"1","t":"Harsaru","vc":"04116","area":4055.1,"lat":28.4151675,"lng":76.9516134},"geometry":{"type":"Polygon","coordinates":[[[76.9512708,28.4151762],[76.9512777,28.4148888],[76.9519621,28.4149016],[76.951949,28.4154462],[76.9512646,28.4154334],[76.9512708,28.4151762]]]}},{"type":"Feature","properties":{"v":"Hayatpur","m":"71","k":"1/1","t":"Harsaru","vc":"04116","area":80.3,"lat":28.4126352,"lng":76.9513536},"geometry":{"type":"Polygon","coordinates":[[[76.9513338,28.4125591],[76.9513356,28.4124835],[76.9513952,28.4127116],[76.9513473,28.4127107],[76.9513301,28.4127104],[76.9513338,28.4125591]]]}},{"type":"Feature","properties":{"v":"Hayatpur","m":"71","k":"27","t":"Harsaru","vc":"04116","area":288.3,"lat":28.4126277,"lng":76.9514244},"geometry":{"type":"Polygon","coordinates":[[[76.9514274,28.4127577],[76.9513952,28.4127116],[76.9513356,28.4124835],[76.9513905,28.4124666],[76.9515345,28.4127402],[76.9514274,28.4127577]]]}},{"type":"Feature","properties":{"v":"Hayatpur","m":"71","k":"26","t":"Harsaru","vc":"04116","area":471.3,"lat":28.4125841,"lng":76.9515289},"geometry":{"type":"Polygon","coordinates":[[[76.9515345,28.4127402],[76.9513905,28.4124666],[76.9515143,28.4124147],[76.9516723,28.4127169],[76.9515345,28.4127402]]]}},{"type":"Feature","properties":{"v":"Hayatpur","m":"71","k":"14/1","t":"Harsaru","vc":"04116","area":1318.1,"lat":28.4113897,"lng":76.9535273},"geometry":{"type":"Polygon","coordinates":[[[76.9534226,28.4111153],[76.9536451,28.4111195],[76.953632,28.4116641],[76.9534095,28.4116599],[76.9534125,28.4115388],[76.9534226,28.4111153]]]}},{"type":"Feature","properties":{"v":"Hayatpur","m":"71","k":"15/3/1","t":"Harsaru","vc":"04116","area":650.6,"lat":28.411276,"lng":76.9545441},"geometry":{"type":"Polygon","coordinates":[[[76.9547059,28.4111394],[76.9545614,28.4114545],[76.9544416,28.4114523],[76.9544492,28.4111346],[76.9547059,28.4111394]]]}},{"type":"Feature","properties":{"v":"Hayatpur","m":"71","k":"15/2/1","t":"Harsaru","vc":"04116","area":819.6,"lat":28.4115721,"lng":76.954613},"geometry":{"type":"Polygon","coordinates":[[[76.9547838,28.4114587],[76.9547783,28.4116856],[76.9545559,28.4116814],[76.9544361,28.4116792],[76.9544416,28.4114523],[76.9545335,28.4114927],[76.9545614,28.4114545],[76.9547838,28.4114587]]]}},{"type":"Feature","properties":{"v":"Hayatpur","m":"71","k":"6/1","t":"Harsaru","vc":"04116","area":1317.9,"lat":28.4119558,"lng":76.9546606},"geometry":{"type":"Polygon","coordinates":[[[76.9545428,28.412226],[76.9545559,28.4116814],[76.9547783,28.4116856],[76.9547707,28.4120033],[76.9547652,28.4122302],[76.9545428,28.412226]]]}},{"type":"Feature","properties":{"v":"Hayatpur","m":"71","k":"7/1","t":"Harsaru","vc":"04116","area":1317.6,"lat":28.4119429,"lng":76.9539762},"geometry":{"type":"Polygon","coordinates":[[[76.9540939,28.4116727],[76.9540808,28.4122173],[76.9538584,28.4122131],[76.9538715,28.4116686],[76.9540939,28.4116727]]]}},{"type":"Feature","properties":{"v":"Hayatpur","m":"71","k":"3/1","t":"Harsaru","vc":"04116","area":1419.5,"lat":28.4124662,"lng":76.9528252},"geometry":{"type":"Polygon","coordinates":[[[76.9526989,28.4127362],[76.952708,28.412358],[76.952712,28.4121916],[76.9529516,28.4121961],[76.9529479,28.4123474],[76.9529385,28.4127407],[76.9526989,28.4127362]]]}},{"type":"Feature","properties":{"v":"Hayatpur","m":"71","k":"8/2","t":"Harsaru","vc":"04116","area":1419.4,"lat":28.4119216,"lng":76.9528384},"geometry":{"type":"Polygon","coordinates":[[[76.9527252,28.411647],[76.9529647,28.4116515],[76.9529516,28.4121961],[76.952712,28.4121916],[76.9527252,28.411647]]]}},{"type":"Feature","properties":{"v":"Hayatpur","m":"71","k":"13/1","t":"Harsaru","vc":"04116","area":985.5,"lat":28.4114593,"lng":76.9528543},"geometry":{"type":"Polygon","coordinates":[[[76.9529647,28.4116515],[76.9527252,28.411647],[76.9527332,28.4113142],[76.9529749,28.4112279],[76.9529676,28.4115305],[76.9529647,28.4116515]]]}},{"type":"Feature","properties":{"v":"Hayatpur","m":"71","k":"13/2","t":"Harsaru","vc":"04116","area":585.9,"lat":28.4115952,"lng":76.9531886},"geometry":{"type":"Polygon","coordinates":[[[76.9534095,28.4116599],[76.9529647,28.4116515],[76.9529676,28.4115305],[76.9534125,28.4115388],[76.9534095,28.4116599]]]}},{"type":"Feature","properties":{"v":"Hayatpur","m":"71","k":"13/3","t":"Harsaru","vc":"04116","area":2013.4,"lat":28.4113219,"lng":76.9532154},"geometry":{"type":"Polygon","coordinates":[[[76.9534125,28.4115388],[76.9529676,28.4115305],[76.9529749,28.4112279],[76.9534252,28.4110094],[76.9534226,28.4111153],[76.9534125,28.4115388]]]}},{"type":"Feature","properties":{"v":"Hayatpur","m":"71","k":"17/2","t":"Harsaru","vc":"04116","area":1632.4,"lat":28.4109485,"lng":76.953904},"geometry":{"type":"Polygon","coordinates":[[[76.954107,28.4111281],[76.9537991,28.4111224],[76.95354,28.4109563],[76.9539659,28.4107595],[76.9541176,28.4106895],[76.954107,28.4111281]]]}},{"type":"Feature","properties":{"v":"Hayatpur","m":"71","k":"16/2","t":"Harsaru","vc":"04116","area":4076.1,"lat":28.4108458,"lng":76.9544744},"geometry":{"type":"Polygon","coordinates":[[[76.954107,28.4111281],[76.9541176,28.4106895],[76.9548078,28.4104603],[76.9548045,28.4105964],[76.9547962,28.4109444],[76.9547059,28.4111394],[76.9544492,28.4111346],[76.954107,28.4111281]]]}},{"type":"Feature","properties":{"v":"Hayatpur","m":"71","k":"15/1/1","t":"Harsaru","vc":"04116","area":1126.3,"lat":28.4115213,"lng":76.9542545},"geometry":{"type":"Polygon","coordinates":[[[76.9540939,28.4116727],[76.954103,28.4112946],[76.9544416,28.4114523],[76.9544361,28.4116792],[76.9540939,28.4116727]]]}},{"type":"Feature","properties":{"v":"Hayatpur","m":"71","k":"14/2/1","t":"Harsaru","vc":"04116","area":2458.0,"lat":28.4114204,"lng":76.9538544},"geometry":{"type":"Polygon","coordinates":[[[76.953632,28.4116641],[76.9536451,28.4111195],[76.9537991,28.4111224],[76.954103,28.4112946],[76.9540939,28.4116727],[76.9538715,28.4116686],[76.953632,28.4116641]]]}},{"type":"Feature","properties":{"v":"Hayatpur","m":"71","k":"10","t":"Harsaru","vc":"04116","area":3717.4,"lat":28.4119183,"lng":76.9517193},"geometry":{"type":"Polygon","coordinates":[[[76.9520277,28.4121787],[76.9513433,28.4121658],[76.9513524,28.4117876],[76.9519945,28.4115744],[76.9520426,28.4115585],[76.9520408,28.4116341],[76.9520277,28.4121787]]]}},{"type":"Feature","properties":{"v":"Hayatpur","m":"71","k":"9","t":"Harsaru","vc":"04116","area":4055.0,"lat":28.4119128,"lng":76.9523764},"geometry":{"type":"Polygon","coordinates":[[[76.9527252,28.411647],[76.952712,28.4121916],[76.9520277,28.4121787],[76.9520408,28.4116341],[76.9527252,28.411647]]]}},{"type":"Feature","properties":{"v":"Hayatpur","m":"71","k":"8/1","t":"Harsaru","vc":"04116","area":2635.5,"lat":28.411928,"lng":76.9531805},"geometry":{"type":"Polygon","coordinates":[[[76.9533964,28.4122045],[76.9529516,28.4121961],[76.9529647,28.4116515],[76.9534095,28.4116599],[76.9533964,28.4122045]]]}},{"type":"Feature","properties":{"v":"Hayatpur","m":"71","k":"7/2","t":"Harsaru","vc":"04116","area":2737.2,"lat":28.4119365,"lng":76.9536339},"geometry":{"type":"Polygon","coordinates":[[[76.9534095,28.4116599],[76.953632,28.4116641],[76.9538715,28.4116686],[76.9538584,28.4122131],[76.9533964,28.4122045],[76.9534095,28.4116599]]]}},{"type":"Feature","properties":{"v":"Hayatpur","m":"71","k":"6/2","t":"Harsaru","vc":"04116","area":2737.3,"lat":28.4119494,"lng":76.9543183},"geometry":{"type":"Polygon","coordinates":[[[76.9540939,28.4116727],[76.9544361,28.4116792],[76.9545559,28.4116814],[76.9545428,28.412226],[76.9540808,28.4122173],[76.9540939,28.4116727]]]}},{"type":"Feature","properties":{"v":"Hayatpur","m":"71","k":"5","t":"Harsaru","vc":"04116","area":4055.3,"lat":28.412496,"lng":76.9544165},"geometry":{"type":"Polygon","coordinates":[[[76.9540808,28.4122173],[76.9545428,28.412226],[76.9547652,28.4122302],[76.9547521,28.4127748],[76.9540677,28.4127619],[76.9540808,28.4122173]]]}},{"type":"Feature","properties":{"v":"Hayatpur","m":"71","k":"4/2","t":"Harsaru","vc":"04116","area":3822.8,"lat":28.4124703,"lng":76.953748},"geometry":{"type":"Polygon","coordinates":[[[76.9540677,28.4127619],[76.95364,28.4127539],[76.9533873,28.4125826],[76.9533964,28.4122045],[76.9538584,28.4122131],[76.9540808,28.4122173],[76.9540677,28.4127619]]]}},{"type":"Feature","properties":{"v":"Hayatpur","m":"71","k":"3/2/1","t":"Harsaru","vc":"04116","area":1354.3,"lat":28.4125967,"lng":76.9531344},"geometry":{"type":"Polygon","coordinates":[[[76.9533833,28.412749],[76.9529385,28.4127407],[76.9529479,28.4123474],[76.9533873,28.4125826],[76.9533833,28.412749]]]}},{"type":"Feature","properties":{"v":"Hayatpur","m":"71","k":"2/1","t":"Harsaru","vc":"04116","area":2816.2,"lat":28.4125407,"lng":76.9523613},"geometry":{"type":"Polygon","coordinates":[[[76.9526989,28.4127362],[76.9520145,28.4127233],[76.9520236,28.4123451],[76.952708,28.412358],[76.9526989,28.4127362]]]}},{"type":"Feature","properties":{"v":"Hayatpur","m":"71","k":"1/2","t":"Harsaru","vc":"04116","area":3284.2,"lat":28.4124098,"lng":76.9517269},"geometry":{"type":"Polygon","coordinates":[[[76.9513433,28.4121658],[76.9520277,28.4121787],[76.9520236,28.4123451],[76.9520145,28.4127233],[76.9516723,28.4127169],[76.9515143,28.4124147],[76.9513905,28.4124666],[76.9513356,28.4124835],[76.9513433,28.4121658]]]}},{"type":"Feature","properties":{"v":"Hayatpur","m":"0","k":"157","t":"Harsaru","vc":"04116","area":1505.9,"lat":28.4114529,"lng":76.956179},"geometry":{"type":"Polygon","coordinates":[[[76.9561602,28.4111667],[76.9561733,28.4106221],[76.9561857,28.4101078],[76.9562372,28.4101005],[76.9562246,28.4106231],[76.9562115,28.4111677],[76.9561984,28.4117123],[76.9561854,28.4122569],[76.9561815,28.4124182],[76.9561723,28.4128015],[76.9561209,28.4128005],[76.9561308,28.4123921],[76.956134,28.4122559],[76.9561471,28.4117113],[76.9561602,28.4111667]]]}},{"type":"Feature","properties":{"v":"Hayatpur","m":"72","k":"7/2","t":"Harsaru","vc":"04116","area":563.3,"lat":28.4117684,"lng":76.9571729},"geometry":{"type":"Polygon","coordinates":[[[76.9568315,28.4117242],[76.9575159,28.411737],[76.9575141,28.4118127],[76.9568297,28.4117998],[76.9568315,28.4117242]]]}},{"type":"Feature","properties":{"v":"Hayatpur","m":"72","k":"3/1/1","t":"Harsaru","vc":"04116","area":894.1,"lat":28.4126415,"lng":76.9562961},"geometry":{"type":"Polygon","coordinates":[[[76.9561723,28.4128015],[76.9561815,28.4124182],[76.9564351,28.4125491],[76.9564289,28.4128063],[76.9561723,28.4128015]]]}},{"type":"Feature","properties":{"v":"Hayatpur","m":"72","k":"13/1","t":"Harsaru","vc":"04116","area":1825.0,"lat":28.4114429,"lng":76.9563589},"geometry":{"type":"Polygon","coordinates":[[[76.9561984,28.4117123],[76.9562115,28.4111677],[76.9565195,28.4111735],[76.9565064,28.4117181],[76.9561984,28.4117123]]]}},{"type":"Feature","properties":{"v":"Hayatpur","m":"72","k":"23/2","t":"Harsaru","vc":"04116","area":1115.1,"lat":28.4103609,"lng":76.9567701},"geometry":{"type":"Polygon","coordinates":[[[76.9568577,28.410635],[76.9566695,28.4106315],[76.9566826,28.4100869],[76.9568708,28.4100904],[76.9568577,28.410635]]]}},{"type":"Feature","properties":{"v":"Hayatpur","m":"72","k":"18/1","t":"Harsaru","vc":"04116","area":1926.3,"lat":28.4109043,"lng":76.9566886},"geometry":{"type":"Polygon","coordinates":[[[76.9568577,28.410635],[76.9568446,28.4111796],[76.9565195,28.4111735],[76.9565326,28.4106289],[76.9566695,28.4106315],[76.9568577,28.410635]]]}},{"type":"Feature","properties":{"v":"Hayatpur","m":"72","k":"13/2","t":"Harsaru","vc":"04116","area":1926.2,"lat":28.4114489,"lng":76.9566755},"geometry":{"type":"Polygon","coordinates":[[[76.9568315,28.4117242],[76.9565064,28.4117181],[76.9565195,28.4111735],[76.9568446,28.4111796],[76.9568423,28.4112741],[76.9568315,28.4117242]]]}},{"type":"Feature","properties":{"v":"Hayatpur","m":"72","k":"25","t":"Harsaru","vc":"04116","area":4055.0,"lat":28.410382,"lng":76.9578908},"geometry":{"type":"Polygon","coordinates":[[[76.9575421,28.4106479],[76.9575551,28.4101033],[76.9582395,28.4101161],[76.9582264,28.4106607],[76.9575421,28.4106479]]]}},{"type":"Feature","properties":{"v":"Hayatpur","m":"72","k":"24","t":"Harsaru","vc":"04116","area":4055.0,"lat":28.4103692,"lng":76.9572064},"geometry":{"type":"Polygon","coordinates":[[[76.9568577,28.410635],[76.9568708,28.4100904],[76.9575551,28.4101033],[76.9575421,28.4106479],[76.9568577,28.410635]]]}},{"type":"Feature","properties":{"v":"Hayatpur","m":"72","k":"23/1","t":"Harsaru","vc":"04116","area":2632.2,"lat":28.4103554,"lng":76.9564539},"geometry":{"type":"Polygon","coordinates":[[[76.9562246,28.4106231],[76.9562372,28.4101005],[76.9562702,28.4100791],[76.9566826,28.4100869],[76.9566695,28.4106315],[76.9565326,28.4106289],[76.9562246,28.4106231]]]}},{"type":"Feature","properties":{"v":"Hayatpur","m":"72","k":"22/1","t":"Harsaru","vc":"04116","area":2030.9,"lat":28.4104033,"lng":76.9557579},"geometry":{"type":"Polygon","coordinates":[[[76.9554889,28.4106093],[76.9554965,28.4102916],[76.9560123,28.4101727],[76.9561069,28.4101373],[76.9558771,28.4106166],[76.9558653,28.4106164],[76.9554889,28.4106093]]]}},{"type":"Feature","properties":{"v":"Hayatpur","m":"72","k":"21/2","t":"Harsaru","vc":"04116","area":1348.3,"lat":28.4104784,"lng":76.9552671},"geometry":{"type":"Polygon","coordinates":[[[76.9554965,28.4102916],[76.9554889,28.4106093],[76.95495,28.4105992],[76.9550552,28.4103997],[76.9554965,28.4102916]]]}},{"type":"Feature","properties":{"v":"Hayatpur","m":"72","k":"20/1","t":"Harsaru","vc":"04116","area":3779.4,"lat":28.410887,"lng":76.9551613},"geometry":{"type":"Polygon","coordinates":[[[76.9554758,28.4111539],[76.9547914,28.411141],[76.9547962,28.4109444],[76.95495,28.4105992],[76.9554889,28.4106093],[76.9554758,28.4111539]]]}},{"type":"Feature","properties":{"v":"Hayatpur","m":"72","k":"19/1","t":"Harsaru","vc":"04116","area":2483.8,"lat":28.4109145,"lng":76.9559517},"geometry":{"type":"Polygon","coordinates":[[[76.9561602,28.4111667],[76.9556298,28.4111568],[76.9558653,28.4106164],[76.9558771,28.4106166],[76.9561733,28.4106221],[76.9561602,28.4111667]]]}},{"type":"Feature","properties":{"v":"Hayatpur","m":"72","k":"18/2","t":"Harsaru","vc":"04116","area":1825.0,"lat":28.4108983,"lng":76.956372},"geometry":{"type":"Polygon","coordinates":[[[76.9562115,28.4111677],[76.9562246,28.4106231],[76.9565326,28.4106289],[76.9565195,28.4111735],[76.9562115,28.4111677]]]}},{"type":"Feature","properties":{"v":"Hayatpur","m":"72","k":"17","t":"Harsaru","vc":"04116","area":4054.9,"lat":28.4109137,"lng":76.9571933},"geometry":{"type":"Polygon","coordinates":[[[76.9568577,28.410635],[76.9575421,28.4106479],[76.957529,28.4111924],[76.9568446,28.4111796],[76.9568577,28.410635]]]}},{"type":"Feature","properties":{"v":"Hayatpur","m":"72","k":"16","t":"Harsaru","vc":"04116","area":4054.6,"lat":28.4109266,"lng":76.9578777},"geometry":{"type":"Polygon","coordinates":[[[76.957529,28.4111924],[76.9575421,28.4106479],[76.9582264,28.4106607],[76.9582134,28.4112053],[76.957529,28.4111924]]]}},{"type":"Feature","properties":{"v":"Hayatpur","m":"72","k":"15","t":"Harsaru","vc":"04116","area":4055.3,"lat":28.4114711,"lng":76.9578646},"geometry":{"type":"Polygon","coordinates":[[[76.9575159,28.411737],[76.9575267,28.411287],[76.957529,28.4111924],[76.9582134,28.4112053],[76.9582003,28.4117499],[76.9575159,28.411737]]]}},{"type":"Feature","properties":{"v":"Hayatpur","m":"72","k":"14/1","t":"Harsaru","vc":"04116","area":3351.2,"lat":28.4115056,"lng":76.9571791},"geometry":{"type":"Polygon","coordinates":[[[76.9575159,28.411737],[76.9568315,28.4117242],[76.9568423,28.4112741],[76.9575267,28.411287],[76.9575159,28.411737]]]}},{"type":"Feature","properties":{"v":"Hayatpur","m":"72","k":"12/1","t":"Harsaru","vc":"04116","area":3776.3,"lat":28.4114449,"lng":76.9558326},"geometry":{"type":"Polygon","coordinates":[[[76.9561471,28.4117113],[76.9554627,28.4116985],[76.9554678,28.4114867],[76.9556298,28.4111568],[76.9561602,28.4111667],[76.9561471,28.4117113]]]}},{"type":"Feature","properties":{"v":"Hayatpur","m":"72","k":"11/1","t":"Harsaru","vc":"04116","area":3956.7,"lat":28.4114146,"lng":76.9551194},"geometry":{"type":"Polygon","coordinates":[[[76.9547914,28.411141],[76.9554758,28.4111539],[76.9554678,28.4114867],[76.9553772,28.4116969],[76.9547783,28.4116856],[76.9547838,28.4114587],[76.9547914,28.411141]]]}},{"type":"Feature","properties":{"v":"Hayatpur","m":"72","k":"10/1","t":"Harsaru","vc":"04116","area":2365.3,"lat":28.4118509,"lng":76.9551167},"geometry":{"type":"Polygon","coordinates":[[[76.9547707,28.4120033],[76.9547783,28.4116856],[76.9553772,28.4116969],[76.9554627,28.4116985],[76.9554595,28.4118346],[76.9554551,28.4120161],[76.9547707,28.4120033]]]}},{"type":"Feature","properties":{"v":"Hayatpur","m":"72","k":"9/2","t":"Harsaru","vc":"04116","area":2781.1,"lat":28.4119161,"lng":76.9558691},"geometry":{"type":"Polygon","coordinates":[[[76.9561471,28.4117113],[76.956134,28.4122559],[76.9560228,28.4122538],[76.9554595,28.4118346],[76.9554627,28.4116985],[76.9561471,28.4117113]]]}},{"type":"Feature","properties":{"v":"Hayatpur","m":"72","k":"8","t":"Harsaru","vc":"04116","area":3750.9,"lat":28.4119905,"lng":76.9565084},"geometry":{"type":"Polygon","coordinates":[[[76.9561854,28.4122569],[76.9561984,28.4117123],[76.9565064,28.4117181],[76.9568315,28.4117242],[76.9568297,28.4117998],[76.9568184,28.4122688],[76.956442,28.4122617],[76.9561854,28.4122569]]]}},{"type":"Feature","properties":{"v":"Hayatpur","m":"72","k":"7/1","t":"Harsaru","vc":"04116","area":3491.9,"lat":28.4120407,"lng":76.9571662},"geometry":{"type":"Polygon","coordinates":[[[76.9575028,28.4122816],[76.9568184,28.4122688],[76.9568297,28.4117998],[76.9575141,28.4118127],[76.9575028,28.4122816]]]}},{"type":"Feature","properties":{"v":"Hayatpur","m":"72","k":"6","t":"Harsaru","vc":"04116","area":4055.2,"lat":28.4120158,"lng":76.9578516},"geometry":{"type":"Polygon","coordinates":[[[76.9575028,28.4122816],[76.9575141,28.4118127],[76.9575159,28.411737],[76.9582003,28.4117499],[76.9581872,28.4122945],[76.9575028,28.4122816]]]}},{"type":"Feature","properties":{"v":"Hayatpur","m":"72","k":"5","t":"Harsaru","vc":"04116","area":4054.8,"lat":28.4125603,"lng":76.9578384},"geometry":{"type":"Polygon","coordinates":[[[76.9575028,28.4122816],[76.9581872,28.4122945],[76.9581741,28.412839],[76.9574897,28.4128262],[76.9575028,28.4122816]]]}},{"type":"Feature","properties":{"v":"Hayatpur","m":"72","k":"4/2","t":"Harsaru","vc":"04116","area":4016.9,"lat":28.4125451,"lng":76.9571569},"geometry":{"type":"Polygon","coordinates":[[[76.9575028,28.4122816],[76.9574897,28.4128262],[76.9569593,28.4128162],[76.9568064,28.412768],[76.9568184,28.4122688],[76.9575028,28.4122816]]]}},{"type":"Feature","properties":{"v":"Hayatpur","m":"72","k":"3/2/2","t":"Harsaru","vc":"04116","area":1610.6,"lat":28.412467,"lng":76.9566423},"geometry":{"type":"Polygon","coordinates":[[[76.9564351,28.4125491],[76.956442,28.4122617],[76.9568184,28.4122688],[76.9568064,28.412768],[76.9564351,28.4125491]]]}},{"type":"Feature","properties":{"v":"Hayatpur","m":"72","k":"2/1","t":"Harsaru","vc":"04116","area":3864.9,"lat":28.4125327,"lng":76.9557724},"geometry":{"type":"Polygon","coordinates":[[[76.9561209,28.4128005],[76.9554365,28.4127876],[76.9554496,28.4122431],[76.9558774,28.4122511],[76.9561308,28.4123921],[76.9561209,28.4128005]]]}},{"type":"Feature","properties":{"v":"Hayatpur","m":"72","k":"1","t":"Harsaru","vc":"04116","area":4054.8,"lat":28.4125089,"lng":76.9551008},"geometry":{"type":"Polygon","coordinates":[[[76.9554496,28.4122431],[76.9554365,28.4127876],[76.9547521,28.4127748],[76.9547652,28.4122302],[76.9554496,28.4122431]]]}},{"type":"Feature","properties":{"v":"Hayatpur","m":"74","k":"10/1","t":"Harsaru","vc":"04116","area":912.5,"lat":28.4120336,"lng":76.9588011},"geometry":{"type":"Polygon","coordinates":[[[76.9588847,28.4117627],[76.9588716,28.4123073],[76.9587176,28.4123044],[76.9587307,28.4117598],[76.9588847,28.4117627]]]}},{"type":"Feature","properties":{"v":"Hayatpur","m":"74","k":"7/2","t":"Harsaru","vc":"04116","area":2027.6,"lat":28.4120639,"lng":76.960418},"geometry":{"type":"Polygon","coordinates":[[[76.9602404,28.412333],[76.9602535,28.4117884],[76.9605786,28.4117945],[76.9605957,28.4117948],[76.9605826,28.4123394],[76.9602404,28.412333]]]}},{"type":"Feature","properties":{"v":"Hayatpur","m":"74","k":"14/1","t":"Harsaru","vc":"04116","area":1926.3,"lat":28.4115192,"lng":76.9604226},"geometry":{"type":"Polygon","coordinates":[[[76.9602665,28.4112438],[76.9605916,28.4112499],[76.9605786,28.4117945],[76.9602535,28.4117884],[76.9602665,28.4112438]]]}},{"type":"Feature","properties":{"v":"Hayatpur","m":"74","k":"17/1","t":"Harsaru","vc":"04116","area":1689.6,"lat":28.4111368,"lng":76.9606114},"geometry":{"type":"Polygon","coordinates":[[[76.9602665,28.4112438],[76.960272,28.4110169],[76.9609564,28.4110297],[76.9609509,28.4112566],[76.9605916,28.4112499],[76.9602665,28.4112438]]]}},{"type":"Feature","properties":{"v":"Hayatpur","m":"74","k":"18/1","t":"Harsaru","vc":"04116","area":1875.5,"lat":28.4109686,"lng":76.9601148},"geometry":{"type":"Polygon","coordinates":[[[76.9602665,28.4112438],[76.95995,28.4112379],[76.9599631,28.4106933],[76.9602796,28.4106992],[76.960272,28.4110169],[76.9602665,28.4112438]]]}},{"type":"Feature","properties":{"v":"Hayatpur","m":"74","k":"19/1","t":"Harsaru","vc":"04116","area":506.9,"lat":28.410958,"lng":76.9595459},"geometry":{"type":"Polygon","coordinates":[[[76.9595822,28.411231],[76.9594966,28.4112294],[76.9595097,28.4106848],[76.9595952,28.4106864],[76.9595822,28.411231]]]}},{"type":"Feature","properties":{"v":"Hayatpur","m":"74","k":"25/1","t":"Harsaru","vc":"04116","area":201.3,"lat":28.4107028,"lng":76.9612698},"geometry":{"type":"Polygon","coordinates":[[[76.9615636,28.410693],[76.9615696,28.410701],[76.9615868,28.4107237],[76.9615806,28.4107236],[76.960964,28.4107121],[76.9609647,28.4106818],[76.9615636,28.410693]]]}},{"type":"Feature","properties":{"v":"Hayatpur","m":"74","k":"22/2","t":"Harsaru","vc":"04116","area":1723.4,"lat":28.4104113,"lng":76.9594563},"geometry":{"type":"Polygon","coordinates":[[[76.9593044,28.4106809],[76.9593174,28.4101363],[76.9596083,28.4101418],[76.9595952,28.4106864],[76.9595097,28.4106848],[76.9593044,28.4106809]]]}},{"type":"Feature","properties":{"v":"Hayatpur","m":"74","k":"23/1","t":"Harsaru","vc":"04116","area":1013.8,"lat":28.4104157,"lng":76.9596873},"geometry":{"type":"Polygon","coordinates":[[[76.9595952,28.4106864],[76.9596083,28.4101418],[76.9597794,28.410145],[76.9597663,28.4106896],[76.9595952,28.4106864]]]}},{"type":"Feature","properties":{"v":"Hayatpur","m":"74","k":"13/2","t":"Harsaru","vc":"04116","area":2382.2,"lat":28.4115124,"lng":76.960059},"geometry":{"type":"Polygon","coordinates":[[[76.9602535,28.4117884],[76.9598514,28.4117809],[76.9598645,28.4112363],[76.95995,28.4112379],[76.9602665,28.4112438],[76.9602535,28.4117884]]]}},{"type":"Feature","properties":{"v":"Hayatpur","m":"74","k":"25/2","t":"Harsaru","vc":"04116","area":2694.9,"lat":28.4104501,"lng":76.961216},"geometry":{"type":"Polygon","coordinates":[[[76.9613401,28.4101743],[76.9613415,28.4101743],[76.9613622,28.4102227],[76.9613697,28.4102403],[76.9614666,28.4104666],[76.9614823,28.4105032],[76.9615484,28.4106577],[76.9615636,28.410693],[76.9609647,28.4106818],[76.9609771,28.4101675],[76.9613401,28.4101743]]]}},{"type":"Feature","properties":{"v":"Hayatpur","m":"74","k":"24","t":"Harsaru","vc":"04116","area":4055.5,"lat":28.4104333,"lng":76.9606284},"geometry":{"type":"Polygon","coordinates":[[[76.9602796,28.4106992],[76.9602927,28.4101546],[76.9609599,28.4101671],[76.9609771,28.4101675],[76.9609647,28.4106818],[76.960964,28.4107121],[76.9602796,28.4106992]]]}},{"type":"Feature","properties":{"v":"Hayatpur","m":"74","k":"23/2","t":"Harsaru","vc":"04116","area":3041.5,"lat":28.4104221,"lng":76.9600295},"geometry":{"type":"Polygon","coordinates":[[[76.9602927,28.4101546],[76.9602796,28.4106992],[76.9599631,28.4106933],[76.9598775,28.4106917],[76.9597663,28.4106896],[76.9597794,28.410145],[76.9602927,28.4101546]]]}},{"type":"Feature","properties":{"v":"Hayatpur","m":"74","k":"22/1","t":"Harsaru","vc":"04116","area":2331.7,"lat":28.4104049,"lng":76.9591141},"geometry":{"type":"Polygon","coordinates":[[[76.9589108,28.4106735],[76.9589239,28.410129],[76.9592319,28.4101347],[76.9593174,28.4101363],[76.9593044,28.4106809],[76.9589108,28.4106735]]]}},{"type":"Feature","properties":{"v":"Hayatpur","m":"74","k":"21","t":"Harsaru","vc":"04116","area":4054.9,"lat":28.4103948,"lng":76.9585751},"geometry":{"type":"Polygon","coordinates":[[[76.9589108,28.4106735],[76.9582264,28.4106607],[76.9582395,28.4101161],[76.9589239,28.410129],[76.9589108,28.4106735]]]}},{"type":"Feature","properties":{"v":"Hayatpur","m":"74","k":"20","t":"Harsaru","vc":"04116","area":4055.2,"lat":28.4109394,"lng":76.9585621},"geometry":{"type":"Polygon","coordinates":[[[76.9588978,28.4112181],[76.9582134,28.4112053],[76.9582264,28.4106607],[76.9589108,28.4106735],[76.9588978,28.4112181]]]}},{"type":"Feature","properties":{"v":"Hayatpur","m":"74","k":"19/2","t":"Harsaru","vc":"04116","area":3548.5,"lat":28.4109514,"lng":76.9592037},"geometry":{"type":"Polygon","coordinates":[[[76.9589108,28.4106735],[76.9593044,28.4106809],[76.9595097,28.4106848],[76.9594966,28.4112294],[76.9588978,28.4112181],[76.9589108,28.4106735]]]}},{"type":"Feature","properties":{"v":"Hayatpur","m":"74","k":"18/2/2","t":"Harsaru","vc":"04116","area":1672.7,"lat":28.4109613,"lng":76.9597299},"geometry":{"type":"Polygon","coordinates":[[[76.9595952,28.4106864],[76.9597663,28.4106896],[76.9598775,28.4106917],[76.9598645,28.4112363],[76.9595822,28.411231],[76.9595952,28.4106864]]]}},{"type":"Feature","properties":{"v":"Hayatpur","m":"74","k":"17/2","t":"Harsaru","vc":"04116","area":2365.3,"lat":28.4108645,"lng":76.960618},"geometry":{"type":"Polygon","coordinates":[[[76.9602796,28.4106992],[76.960964,28.4107121],[76.9609564,28.4110297],[76.960272,28.4110169],[76.9602796,28.4106992]]]}},{"type":"Feature","properties":{"v":"Hayatpur","m":"74","k":"16","t":"Harsaru","vc":"04116","area":4021.6,"lat":28.4109927,"lng":76.961297},"geometry":{"type":"Polygon","coordinates":[[[76.9615806,28.4107236],[76.9615868,28.4107237],[76.961646,28.410824],[76.9616452,28.410856],[76.9616353,28.4112695],[76.9609509,28.4112566],[76.9609564,28.4110297],[76.960964,28.4107121],[76.9615806,28.4107236]]]}},{"type":"Feature","properties":{"v":"Hayatpur","m":"74","k":"15","t":"Harsaru","vc":"04116","area":4055.2,"lat":28.4115354,"lng":76.9612866},"geometry":{"type":"Polygon","coordinates":[[[76.9609509,28.4112566],[76.9616353,28.4112695],[76.9616223,28.4118141],[76.9609379,28.4118012],[76.9609509,28.4112566]]]}},{"type":"Feature","properties":{"v":"Hayatpur","m":"74","k":"14/2","t":"Harsaru","vc":"04116","area":2128.9,"lat":28.4115255,"lng":76.9607648},"geometry":{"type":"Polygon","coordinates":[[[76.9609379,28.4118012],[76.9605957,28.4117948],[76.9605786,28.4117945],[76.9605916,28.4112499],[76.9609509,28.4112566],[76.9609379,28.4118012]]]}},{"type":"Feature","properties":{"v":"Hayatpur","m":"74","k":"12","t":"Harsaru","vc":"04116","area":4055.2,"lat":28.4114969,"lng":76.9592334},"geometry":{"type":"Polygon","coordinates":[[[76.9588978,28.4112181],[76.9594966,28.4112294],[76.9595822,28.411231],[76.9595691,28.4117756],[76.9588847,28.4117627],[76.9588978,28.4112181]]]}},{"type":"Feature","properties":{"v":"Hayatpur","m":"74","k":"11","t":"Harsaru","vc":"04116","area":4055.2,"lat":28.411484,"lng":76.958549},"geometry":{"type":"Polygon","coordinates":[[[76.9588978,28.4112181],[76.9588847,28.4117627],[76.9587307,28.4117598],[76.9582003,28.4117499],[76.9582134,28.4112053],[76.9588978,28.4112181]]]}},{"type":"Feature","properties":{"v":"Hayatpur","m":"74","k":"10/2","t":"Harsaru","vc":"04116","area":3142.7,"lat":28.4120272,"lng":76.9584589},"geometry":{"type":"Polygon","coordinates":[[[76.9581872,28.4122945],[76.9582003,28.4117499],[76.9587307,28.4117598],[76.9587176,28.4123044],[76.9581872,28.4122945]]]}},{"type":"Feature","properties":{"v":"Hayatpur","m":"74","k":"9","t":"Harsaru","vc":"04116","area":4054.8,"lat":28.4120414,"lng":76.9592203},"geometry":{"type":"Polygon","coordinates":[[[76.959556,28.4123201],[76.9588716,28.4123073],[76.9588847,28.4117627],[76.9595691,28.4117756],[76.959556,28.4123201]]]}},{"type":"Feature","properties":{"v":"Hayatpur","m":"74","k":"8/1","t":"Harsaru","vc":"04116","area":2382.3,"lat":28.4120569,"lng":76.9600459},"geometry":{"type":"Polygon","coordinates":[[[76.9602404,28.412333],[76.9598383,28.4123254],[76.9598514,28.4117809],[76.9602535,28.4117884],[76.9602404,28.412333]]]}},{"type":"Feature","properties":{"v":"Hayatpur","m":"74","k":"7/1","t":"Harsaru","vc":"04116","area":2027.6,"lat":28.4120703,"lng":76.9607602},"geometry":{"type":"Polygon","coordinates":[[[76.9609379,28.4118012],[76.9609248,28.4123458],[76.9605826,28.4123394],[76.9605957,28.4117948],[76.9609379,28.4118012]]]}},{"type":"Feature","properties":{"v":"Hayatpur","m":"74","k":"6","t":"Harsaru","vc":"04116","area":4055.1,"lat":28.4120799,"lng":76.9612735},"geometry":{"type":"Polygon","coordinates":[[[76.9609379,28.4118012],[76.9616223,28.4118141],[76.9616092,28.4123586],[76.9611301,28.4123497],[76.9609248,28.4123458],[76.9609379,28.4118012]]]}},{"type":"Feature","properties":{"v":"Hayatpur","m":"74","k":"5/2","t":"Harsaru","vc":"04116","area":2838.5,"lat":28.4126264,"lng":76.9613631},"geometry":{"type":"Polygon","coordinates":[[[76.9616092,28.4123586],[76.9615961,28.4129032],[76.9611171,28.4128943],[76.9611301,28.4123497],[76.9616092,28.4123586]]]}},{"type":"Feature","properties":{"v":"Hayatpur","m":"74","k":"4","t":"Harsaru","vc":"04116","area":4055.2,"lat":28.4126117,"lng":76.9605761},"geometry":{"type":"Polygon","coordinates":[[[76.9602404,28.412333],[76.9605826,28.4123394],[76.9609248,28.4123458],[76.9609117,28.4128904],[76.9602273,28.4128776],[76.9602404,28.412333]]]}},{"type":"Feature","properties":{"v":"Hayatpur","m":"74","k":"3/2","t":"Harsaru","vc":"04116","area":3928.5,"lat":28.412599,"lng":76.9599023},"geometry":{"type":"Polygon","coordinates":[[[76.9602404,28.412333],[76.9602273,28.4128776],[76.9595643,28.4128651],[76.9595774,28.4123205],[76.9598383,28.4123254],[76.9602404,28.412333]]]}},{"type":"Feature","properties":{"v":"Hayatpur","m":"74","k":"2","t":"Harsaru","vc":"04116","area":4055.2,"lat":28.412586,"lng":76.9592073},"geometry":{"type":"Polygon","coordinates":[[[76.959556,28.4123201],[76.9595429,28.4128647],[76.9588585,28.4128519],[76.9588716,28.4123073],[76.959556,28.4123201]]]}},{"type":"Feature","properties":{"v":"Hayatpur","m":"74","k":"1","t":"Harsaru","vc":"04116","area":4054.9,"lat":28.4125732,"lng":76.9585229},"geometry":{"type":"Polygon","coordinates":[[[76.9588585,28.4128519],[76.9581741,28.412839],[76.9581872,28.4122945],[76.9587176,28.4123044],[76.9588716,28.4123073],[76.9588585,28.4128519]]]}},{"type":"Feature","properties":{"v":"Hayatpur","m":"75","k":"20","t":"Harsaru","vc":"04116","area":539.2,"lat":28.4111223,"lng":76.961713},"geometry":{"type":"Polygon","coordinates":[[[76.9617498,28.4110443],[76.9618022,28.4111557],[76.9618577,28.4112736],[76.9616353,28.4112695],[76.9616452,28.410856],[76.961646,28.410824],[76.9617498,28.4110443]]]}},{"type":"Feature","properties":{"v":"Hayatpur","m":"75","k":"11","t":"Harsaru","vc":"04116","area":2280.9,"lat":28.4115839,"lng":76.9618318},"geometry":{"type":"Polygon","coordinates":[[[76.961906,28.4113589],[76.9621698,28.4118243],[76.9616223,28.4118141],[76.9616353,28.4112695],[76.9618577,28.4112736],[76.961906,28.4113589]]]}},{"type":"Feature","properties":{"v":"Hayatpur","m":"75","k":"10","t":"Harsaru","vc":"04116","area":4308.3,"lat":28.4121157,"lng":76.9619862},"geometry":{"type":"Polygon","coordinates":[[[76.9621698,28.4118243],[76.9623557,28.4121204],[76.9623593,28.4121261],[76.962408,28.4122037],[76.9624185,28.4122203],[76.962516,28.4123756],[76.9622936,28.4123715],[76.9616092,28.4123586],[76.9616223,28.4118141],[76.9621698,28.4118243]]]}},{"type":"Feature","properties":{"v":"Hayatpur","m":"75","k":"2","t":"Harsaru","vc":"04116","area":2410.5,"lat":28.412689,"lng":76.9625034},"geometry":{"type":"Polygon","coordinates":[[[76.9622936,28.4123715],[76.962516,28.4123756],[76.9628717,28.4129271],[76.9622805,28.4129161],[76.9622936,28.4123715]]]}},{"type":"Feature","properties":{"v":"Hayatpur","m":"75","k":"1","t":"Harsaru","vc":"04116","area":4055.2,"lat":28.4126374,"lng":76.9619448},"geometry":{"type":"Polygon","coordinates":[[[76.9622936,28.4123715],[76.9622805,28.4129161],[76.9615961,28.4129032],[76.9616092,28.4123586],[76.9622936,28.4123715]]]}},{"type":"Feature","properties":{"v":"Hayatpur","m":"0","k":"158","t":"Harsaru","vc":"04116","area":418.9,"lat":28.4093966,"lng":76.9596433},"geometry":{"type":"Polygon","coordinates":[[[76.9596214,28.4095972],[76.959245,28.4095901],[76.9591081,28.4095876],[76.959078,28.4095567],[76.9591088,28.4095573],[76.9592628,28.4095602],[76.9596221,28.409567],[76.9596239,28.4094913],[76.9596344,28.4090526],[76.959637,28.4089467],[76.9596716,28.4089322],[76.9596686,28.4090533],[76.9596556,28.4095979],[76.9596214,28.4095972]]]}},{"type":"Feature","properties":{"v":"Hayatpur","m":"76","k":"27","t":"Harsaru","vc":"04116","area":438.1,"lat":28.409374,"lng":76.959476},"geometry":{"type":"Polygon","coordinates":[[[76.9596239,28.4094913],[76.9594916,28.4095225],[76.9594236,28.4094119],[76.9593282,28.4092566],[76.9594605,28.4092254],[76.9596239,28.4094913]]]}},{"type":"Feature","properties":{"v":"Hayatpur","m":"76","k":"9/2","t":"Harsaru","vc":"04116","area":733.3,"lat":28.4093186,"lng":76.959034},"geometry":{"type":"Polygon","coordinates":[[[76.9591201,28.4090884],[76.9591124,28.4094061],[76.9591088,28.4095573],[76.959078,28.4095567],[76.959019,28.4094824],[76.9589388,28.4095087],[76.9589473,28.409154],[76.9591201,28.4090884]]]}},{"type":"Feature","properties":{"v":"Hayatpur","m":"76","k":"26","t":"Harsaru","vc":"04116","area":262.8,"lat":28.4096087,"lng":76.9590597},"geometry":{"type":"Polygon","coordinates":[[[76.9591736,28.4097108],[76.959093,28.4097363],[76.9589388,28.4095087],[76.959019,28.4094824],[76.959078,28.4095567],[76.9591081,28.4095876],[76.9591736,28.4097108]]]}},{"type":"Feature","properties":{"v":"Hayatpur","m":"76","k":"8/2","t":"Harsaru","vc":"04116","area":1115.4,"lat":28.4093273,"lng":76.9597562},"geometry":{"type":"Polygon","coordinates":[[[76.9598569,28.4090568],[76.9598518,28.4092686],[76.9598438,28.4096014],[76.9597925,28.4096004],[76.9596556,28.4095979],[76.9596686,28.4090533],[76.9598569,28.4090568]]]}},{"type":"Feature","properties":{"v":"Hayatpur","m":"76","k":"2/1","t":"Harsaru","vc":"04116","area":1689.0,"lat":28.409875,"lng":76.9590824},"geometry":{"type":"Polygon","coordinates":[[[76.958937,28.4095844],[76.9589388,28.4095087],[76.959093,28.4097363],[76.9591736,28.4097108],[76.9591081,28.4095876],[76.959245,28.4095901],[76.9592319,28.4101347],[76.9589239,28.410129],[76.958937,28.4095844]]]}},{"type":"Feature","properties":{"v":"Hayatpur","m":"76","k":"3/1","t":"Harsaru","vc":"04116","area":1013.8,"lat":28.4098711,"lng":76.9597004},"geometry":{"type":"Polygon","coordinates":[[[76.9596214,28.4095972],[76.9596556,28.4095979],[76.9597925,28.4096004],[76.9597794,28.410145],[76.9596083,28.4101418],[76.9596214,28.4095972]]]}},{"type":"Feature","properties":{"v":"Hayatpur","m":"76","k":"13","t":"Harsaru","vc":"04116","area":1153.5,"lat":28.408974,"lng":76.9600389},"geometry":{"type":"Polygon","coordinates":[[[76.9603188,28.4090655],[76.9598569,28.4090568],[76.9596686,28.4090533],[76.9596716,28.4089322],[76.95992,28.4089277],[76.9603246,28.4088234],[76.9603188,28.4090655]]]}},{"type":"Feature","properties":{"v":"Hayatpur","m":"76","k":"14","t":"Harsaru","vc":"04116","area":1706.4,"lat":28.4089118,"lng":76.9605851},"geometry":{"type":"Polygon","coordinates":[[[76.9608279,28.4089012],[76.9607964,28.4089133],[76.9608524,28.4090755],[76.9603188,28.4090655],[76.9603246,28.4088234],[76.9604619,28.4087789],[76.960753,28.4086845],[76.9607584,28.4086828],[76.9608279,28.4089012]]]}},{"type":"Feature","properties":{"v":"Hayatpur","m":"76","k":"10","t":"Harsaru","vc":"04116","area":2278.1,"lat":28.4094174,"lng":76.9586451},"geometry":{"type":"Polygon","coordinates":[[[76.958937,28.4095844],[76.9582526,28.4095715],[76.958257,28.40939],[76.9589473,28.409154],[76.9589388,28.4095087],[76.958937,28.4095844]]]}},{"type":"Feature","properties":{"v":"Hayatpur","m":"76","k":"9/1/1","t":"Harsaru","vc":"04116","area":2026.5,"lat":28.4091884,"lng":76.9593848},"geometry":{"type":"Polygon","coordinates":[[[76.9596344,28.4090526],[76.9596239,28.4094913],[76.9594605,28.4092254],[76.9593282,28.4092566],[76.9594236,28.4094119],[76.9592664,28.4094089],[76.9591124,28.4094061],[76.9591201,28.4090884],[76.9594567,28.4089627],[76.959637,28.4089467],[76.9596344,28.4090526]]]}},{"type":"Feature","properties":{"v":"Hayatpur","m":"76","k":"8/1/1","t":"Harsaru","vc":"04116","area":1672.5,"lat":28.4094393,"lng":76.9600788},"geometry":{"type":"Polygon","coordinates":[[[76.9598518,28.4092686],[76.9603137,28.4092772],[76.9603057,28.40961],[76.9598438,28.4096014],[76.9598518,28.4092686]]]}},{"type":"Feature","properties":{"v":"Hayatpur","m":"76","k":"7/1","t":"Harsaru","vc":"04116","area":2440.5,"lat":28.409455,"lng":76.9606475},"geometry":{"type":"Polygon","coordinates":[[[76.9609259,28.4092887],[76.9610414,28.4096238],[76.9609901,28.4096229],[76.9603057,28.40961],[76.9603137,28.4092772],[76.9609259,28.4092887]]]}},{"type":"Feature","properties":{"v":"Hayatpur","m":"76","k":"5","t":"Harsaru","vc":"04116","area":1333.5,"lat":28.4099538,"lng":76.9611091},"geometry":{"type":"Polygon","coordinates":[[[76.9610414,28.4096238],[76.9610757,28.4096245],[76.9613171,28.4101238],[76.9613415,28.4101743],[76.9613401,28.4101743],[76.9609771,28.4101675],[76.9609803,28.4100313],[76.9609901,28.4096229],[76.9610414,28.4096238]]]}},{"type":"Feature","properties":{"v":"Hayatpur","m":"76","k":"4/1","t":"Harsaru","vc":"04116","area":4029.5,"lat":28.4098874,"lng":76.9606393},"geometry":{"type":"Polygon","coordinates":[[[76.9603057,28.40961],[76.9609901,28.4096229],[76.9609803,28.4100313],[76.9609632,28.410031],[76.9609599,28.4101671],[76.9602927,28.4101546],[76.9603057,28.40961]]]}},{"type":"Feature","properties":{"v":"Hayatpur","m":"76","k":"3/2","t":"Harsaru","vc":"04116","area":3041.1,"lat":28.4098775,"lng":76.9600426},"geometry":{"type":"Polygon","coordinates":[[[76.9602927,28.4101546],[76.9597794,28.410145],[76.9597925,28.4096004],[76.9598438,28.4096014],[76.9603057,28.40961],[76.9602927,28.4101546]]]}},{"type":"Feature","properties":{"v":"Hayatpur","m":"76","k":"2/2","t":"Harsaru","vc":"04116","area":2230.3,"lat":28.4098659,"lng":76.9594267},"geometry":{"type":"Polygon","coordinates":[[[76.9596083,28.4101418],[76.9593174,28.4101363],[76.9592319,28.4101347],[76.959245,28.4095901],[76.9596214,28.4095972],[76.9596083,28.4101418]]]}},{"type":"Feature","properties":{"v":"Hayatpur","m":"76","k":"1","t":"Harsaru","vc":"04116","area":4055.3,"lat":28.4098502,"lng":76.9585883},"geometry":{"type":"Polygon","coordinates":[[[76.958937,28.4095844],[76.9589239,28.410129],[76.9582395,28.4101161],[76.9582526,28.4095715],[76.958937,28.4095844]]]}},{"type":"Feature","properties":{"v":"Hayatpur","m":"73","k":"5","t":"Harsaru","vc":"04116","area":4505.5,"lat":28.4098036,"lng":76.9579275},"geometry":{"type":"Polygon","coordinates":[[[76.9582526,28.4095715],[76.9582395,28.4101161],[76.9575551,28.4101033],[76.9575668,28.4096192],[76.9579526,28.4094911],[76.958257,28.40939],[76.9582526,28.4095715]]]}},{"type":"Feature","properties":{"v":"Hayatpur","m":"73","k":"4","t":"Harsaru","vc":"04116","area":2703.2,"lat":28.4099093,"lng":76.9572555},"geometry":{"type":"Polygon","coordinates":[[[76.9568708,28.4100904],[76.9568766,28.4098484],[76.9569407,28.4098271],[76.9575668,28.4096192],[76.9575551,28.4101033],[76.9568708,28.4100904]]]}},{"type":"Feature","properties":{"v":"Hayatpur","m":"73","k":"3","t":"Harsaru","vc":"04116","area":790.8,"lat":28.410006,"lng":76.9566725},"geometry":{"type":"Polygon","coordinates":[[[76.9568708,28.4100904],[76.9566826,28.4100869],[76.9562702,28.4100791],[76.9568766,28.4098484],[76.9568708,28.4100904]]]}},{"type":"Feature","properties":{"v":"Hayatpur","m":"0","k":"","t":"Harsaru","vc":"04116","area":895.2,"lat":28.4174063,"lng":76.9539817},"geometry":{"type":"Polygon","coordinates":[[[76.9539368,28.4182078],[76.9539499,28.4176632],[76.953963,28.4171186],[76.9539637,28.4170884],[76.9539673,28.4169371],[76.9539753,28.4166043],[76.9540267,28.4166052],[76.9540179,28.4169683],[76.9540143,28.4171196],[76.9540012,28.4176642],[76.9539881,28.4182088],[76.9539368,28.4182078]]]}},{"type":"Feature","properties":{"v":"Hayatpur","m":"61","k":"1/1/1/1","t":"Harsaru","vc":"04116","area":22.5,"lat":28.418128,"lng":76.9518388},"geometry":{"type":"Polygon","coordinates":[[[76.9518522,28.4180475],[76.9518492,28.4181685],[76.951815,28.4181679],[76.9518522,28.4180475]]]}},{"type":"Feature","properties":{"v":"Hayatpur","m":"61","k":"1/1/2/1","t":"Harsaru","vc":"04116","area":101.4,"lat":28.4180327,"lng":76.9518696},"geometry":{"type":"Polygon","coordinates":[[[76.9518835,28.4181692],[76.9518492,28.4181685],[76.9518522,28.4180475],[76.9518529,28.4180173],[76.9518558,28.4178962],[76.95189,28.4178969],[76.9518893,28.4179271],[76.9518835,28.4181692]]]}},{"type":"Feature","properties":{"v":"Hayatpur","m":"61","k":"1/1/2/2","t":"Harsaru","vc":"04116","area":101.3,"lat":28.4177604,"lng":76.9518762},"geometry":{"type":"Polygon","coordinates":[[[76.9518558,28.4178962],[76.9518624,28.4176239],[76.9518966,28.4176246],[76.95189,28.4178969],[76.9518558,28.4178962]]]}},{"type":"Feature","properties":{"v":"Hayatpur","m":"61","k":"1/2/1","t":"Harsaru","vc":"04116","area":1926.3,"lat":28.4177539,"lng":76.951534},"geometry":{"type":"Polygon","coordinates":[[[76.9512121,28.4176117],[76.9518624,28.4176239],[76.9518558,28.4178962],[76.9512056,28.417884],[76.9512121,28.4176117]]]}},{"type":"Feature","properties":{"v":"Hayatpur","m":"61","k":"2/1","t":"Harsaru","vc":"04116","area":197.2,"lat":28.4177262,"lng":76.9519341},"geometry":{"type":"Polygon","coordinates":[[[76.9520164,28.4176268],[76.9518893,28.4179271],[76.95189,28.4178969],[76.9518966,28.4176246],[76.9520164,28.4176268]]]}},{"type":"Feature","properties":{"v":"Hayatpur","m":"61","k":"3/1/1","t":"Harsaru","vc":"04116","area":1318.0,"lat":28.4178701,"lng":76.9526946},"geometry":{"type":"Polygon","coordinates":[[[76.952581,28.4176375],[76.9526152,28.4176381],[76.9529061,28.4176436],[76.9526877,28.4181843],[76.9525679,28.4181821],[76.952581,28.4176375]]]}},{"type":"Feature","properties":{"v":"Hayatpur","m":"61","k":"3/1/2","t":"Harsaru","vc":"04116","area":709.5,"lat":28.4179926,"lng":76.9528402},"geometry":{"type":"Polygon","coordinates":[[[76.9529061,28.4176436],[76.9529232,28.4176439],[76.9529101,28.4181885],[76.9526877,28.4181843],[76.9529061,28.4176436]]]}},{"type":"Feature","properties":{"v":"Hayatpur","m":"61","k":"6/2","t":"Harsaru","vc":"04116","area":774.3,"lat":28.4172451,"lng":76.9543981},"geometry":{"type":"Polygon","coordinates":[[[76.9543223,28.4171254],[76.9546438,28.4172828],[76.9546401,28.417434],[76.9540143,28.4171196],[76.9543223,28.4171254]]]}},{"type":"Feature","properties":{"v":"Hayatpur","m":"61","k":"6/3","t":"Harsaru","vc":"04116","area":267.6,"lat":28.4171799,"lng":76.9545378},"geometry":{"type":"Polygon","coordinates":[[[76.9543223,28.4171254],[76.9546474,28.4171315],[76.9546438,28.4172828],[76.9543223,28.4171254]]]}},{"type":"Feature","properties":{"v":"Hayatpur","m":"61","k":"8/1/1","t":"Harsaru","vc":"04116","area":1368.3,"lat":28.4174261,"lng":76.9531434},"geometry":{"type":"Polygon","coordinates":[[[76.9532785,28.4171057],[76.9532654,28.4176503],[76.9529232,28.4176439],[76.9529061,28.4176436],[76.9531759,28.4171038],[76.9532785,28.4171057]]]}},{"type":"Feature","properties":{"v":"Hayatpur","m":"61","k":"8/2","t":"Harsaru","vc":"04116","area":202.7,"lat":28.4173655,"lng":76.9526046},"geometry":{"type":"Polygon","coordinates":[[[76.952581,28.4176375],[76.9525817,28.4176072],[76.9525941,28.4170929],[76.9526283,28.4170935],[76.9526152,28.4176381],[76.952581,28.4176375]]]}},{"type":"Feature","properties":{"v":"Hayatpur","m":"61","k":"9/1/1","t":"Harsaru","vc":"04116","area":121.3,"lat":28.417619,"lng":76.9523974},"geometry":{"type":"Polygon","coordinates":[[[76.9522224,28.4176004],[76.9525817,28.4176072],[76.952581,28.4176375],[76.9522046,28.4176304],[76.9522224,28.4176004]]]}},{"type":"Feature","properties":{"v":"Hayatpur","m":"61","k":"9/1/2","t":"Harsaru","vc":"04116","area":104.2,"lat":28.4176123,"lng":76.9520553},"geometry":{"type":"Polygon","coordinates":[[[76.9518966,28.4176246],[76.9518973,28.4175943],[76.9520171,28.4175966],[76.9522224,28.4176004],[76.9522046,28.4176304],[76.9520164,28.4176268],[76.9518966,28.4176246]]]}},{"type":"Feature","properties":{"v":"Hayatpur","m":"61","k":"9/2/2","t":"Harsaru","vc":"04116","area":1244.7,"lat":28.4172999,"lng":76.9520236},"geometry":{"type":"Polygon","coordinates":[[[76.9520171,28.4175966],[76.9518973,28.4175943],[76.9519097,28.41708],[76.9522177,28.4170858],[76.9522348,28.4170861],[76.9520171,28.4175966]]]}},{"type":"Feature","properties":{"v":"Hayatpur","m":"61","k":"10/1","t":"Harsaru","vc":"04116","area":11.3,"lat":28.4176091,"lng":76.9518799},"geometry":{"type":"Polygon","coordinates":[[[76.9518631,28.4175937],[76.9518973,28.4175943],[76.9518966,28.4176246],[76.9518624,28.4176239],[76.9518631,28.4175937]]]}},{"type":"Feature","properties":{"v":"Hayatpur","m":"61","k":"12/2","t":"Harsaru","vc":"04116","area":1512.5,"lat":28.4168611,"lng":76.9524624},"geometry":{"type":"Polygon","coordinates":[[[76.9525941,28.4170929],[76.9522348,28.4170861],[76.9522177,28.4170858],[76.952473,28.4165458],[76.9526072,28.4165483],[76.9525941,28.4170929]]]}},{"type":"Feature","properties":{"v":"Hayatpur","m":"61","k":"14/1","t":"Harsaru","vc":"04116","area":224.9,"lat":28.4170971,"lng":76.9536211},"geometry":{"type":"Polygon","coordinates":[[[76.9532785,28.4171057],[76.9532793,28.4170755],[76.9539637,28.4170884],[76.953963,28.4171186],[76.9532785,28.4171057]]]}},{"type":"Feature","properties":{"v":"Hayatpur","m":"61","k":"14/2/2","t":"Harsaru","vc":"04116","area":1126.3,"lat":28.416855,"lng":76.9536269},"geometry":{"type":"Polygon","coordinates":[[[76.9539637,28.4170884],[76.9532865,28.4167729],[76.9532902,28.4166217],[76.9539673,28.4169371],[76.9539637,28.4170884]]]}},{"type":"Feature","properties":{"v":"Hayatpur","m":"61","k":"14/2/3","t":"Harsaru","vc":"04116","area":1577.2,"lat":28.416693,"lng":76.9537123},"geometry":{"type":"Polygon","coordinates":[[[76.9539673,28.4169371],[76.9532902,28.4166217],[76.9532916,28.4165612],[76.953343,28.4165621],[76.9539761,28.416574],[76.9539753,28.4166043],[76.9539673,28.4169371]]]}},{"type":"Feature","properties":{"v":"Hayatpur","m":"61","k":"13/2","t":"Harsaru","vc":"04116","area":486.1,"lat":28.4166328,"lng":76.9531287},"geometry":{"type":"Polygon","coordinates":[[[76.9528354,28.4165526],[76.9531719,28.4165589],[76.9532902,28.4166217],[76.9532865,28.4167729],[76.9528354,28.4165526]]]}},{"type":"Feature","properties":{"v":"Hayatpur","m":"61","k":"13/3","t":"Harsaru","vc":"04116","area":39.4,"lat":28.4165806,"lng":76.9532512},"geometry":{"type":"Polygon","coordinates":[[[76.9531719,28.4165589],[76.9532916,28.4165612],[76.9532902,28.4166217],[76.9531719,28.4165589]]]}},{"type":"Feature","properties":{"v":"Hayatpur","m":"61","k":"18/1","t":"Harsaru","vc":"04116","area":131.5,"lat":28.4165144,"lng":76.9526841},"geometry":{"type":"Polygon","coordinates":[[[76.9526072,28.4165483],[76.9526098,28.4164424],[76.9528354,28.4165526],[76.9526072,28.4165483]]]}},{"type":"Feature","properties":{"v":"Hayatpur","m":"61","k":"18/2","t":"Harsaru","vc":"04116","area":658.6,"lat":28.4164565,"lng":76.9528202},"geometry":{"type":"Polygon","coordinates":[[[76.9528354,28.4165526],[76.9526098,28.4164424],[76.9526134,28.4162911],[76.9531719,28.4165589],[76.9528354,28.4165526]]]}},{"type":"Feature","properties":{"v":"Hayatpur","m":"61","k":"19/2","t":"Harsaru","vc":"04116","area":1126.5,"lat":28.4162166,"lng":76.9522728},"geometry":{"type":"Polygon","coordinates":[[[76.9526098,28.4164424],[76.9519323,28.4161421],[76.9519359,28.4159908],[76.9526134,28.4162911],[76.9526098,28.4164424]]]}},{"type":"Feature","properties":{"v":"Hayatpur","m":"61","k":"19/3","t":"Harsaru","vc":"04116","area":1070.0,"lat":28.4160952,"lng":76.9523899},"geometry":{"type":"Polygon","coordinates":[[[76.9519359,28.4159908],[76.9526203,28.4160037],[76.9526134,28.4162911],[76.9519359,28.4159908]]]}},{"type":"Feature","properties":{"v":"Hayatpur","m":"61","k":"20/2","t":"Harsaru","vc":"04116","area":253.5,"lat":28.4160393,"lng":76.951832},"geometry":{"type":"Polygon","coordinates":[[[76.9516279,28.415985],[76.9519359,28.4159908],[76.9519323,28.4161421],[76.9516279,28.415985]]]}},{"type":"Feature","properties":{"v":"Hayatpur","m":"61","k":"21/1","t":"Harsaru","vc":"04116","area":309.6,"lat":28.4159299,"lng":76.9513782},"geometry":{"type":"Polygon","coordinates":[[[76.9512515,28.4159779],[76.9512551,28.4158267],[76.9516279,28.415985],[76.9512515,28.4159779]]]}},{"type":"Feature","properties":{"v":"Hayatpur","m":"61","k":"21/2","t":"Harsaru","vc":"04116","area":816.8,"lat":28.415863,"lng":76.9515214},"geometry":{"type":"Polygon","coordinates":[[[76.9512588,28.4156754],[76.9519359,28.4159908],[76.9516279,28.415985],[76.9512551,28.4158267],[76.9512558,28.4157964],[76.9512588,28.4156754]]]}},{"type":"Feature","properties":{"v":"Hayatpur","m":"61","k":"23/1","t":"Harsaru","vc":"04116","area":760.4,"lat":28.4156662,"lng":76.9527041},"geometry":{"type":"Polygon","coordinates":[[[76.9526203,28.4160037],[76.9526334,28.4154591],[76.9528559,28.4154633],[76.9526545,28.4160043],[76.9526203,28.4160037]]]}},{"type":"Feature","properties":{"v":"Hayatpur","m":"61","k":"17/2","t":"Harsaru","vc":"04116","area":862.0,"lat":28.4162317,"lng":76.9533825},"geometry":{"type":"Polygon","coordinates":[[[76.9532916,28.4165612],[76.9533047,28.4160166],[76.9535443,28.4160211],[76.953343,28.4165621],[76.9532916,28.4165612]]]}},{"type":"Feature","properties":{"v":"Hayatpur","m":"61","k":"24/1","t":"Harsaru","vc":"04116","area":2078.5,"lat":28.4157189,"lng":76.9534932},"geometry":{"type":"Polygon","coordinates":[[[76.9533047,28.4160166],[76.9533178,28.415472],[76.9537798,28.4154807],[76.9535443,28.4160211],[76.9533047,28.4160166]]]}},{"type":"Feature","properties":{"v":"Hayatpur","m":"61","k":"16/2","t":"Harsaru","vc":"04116","area":989.7,"lat":28.4161082,"lng":76.9543497},"geometry":{"type":"Polygon","coordinates":[[[76.9540369,28.4161817],[76.9540405,28.4160304],[76.9546736,28.4160423],[76.9546703,28.4161784],[76.9540369,28.4161817]]]}},{"type":"Feature","properties":{"v":"Hayatpur","m":"62","k":"1/2","t":"Harsaru","vc":"04116","area":92.2,"lat":28.417718,"lng":76.9552558},"geometry":{"type":"Polygon","coordinates":[[[76.9553166,28.4177797],[76.9551321,28.4176854],[76.9553187,28.4176889],[76.9553166,28.4177797]]]}},{"type":"Feature","properties":{"v":"Hayatpur","m":"62","k":"10/1","t":"Harsaru","vc":"04116","area":655.6,"lat":28.4175985,"lng":76.9548022},"geometry":{"type":"Polygon","coordinates":[[[76.9546343,28.4176761],[76.9546401,28.417434],[76.9551321,28.4176854],[76.9546343,28.4176761]]]}},{"type":"Feature","properties":{"v":"Hayatpur","m":"62","k":"10/2","t":"Harsaru","vc":"04116","area":1034.0,"lat":28.4175146,"lng":76.9549556},"geometry":{"type":"Polygon","coordinates":[[[76.9546401,28.417434],[76.9546438,28.4172828],[76.9553202,28.4176284],[76.9553187,28.4176889],[76.9551321,28.4176854],[76.9546401,28.417434]]]}},{"type":"Feature","properties":{"v":"Hayatpur","m":"62","k":"2/2","t":"Harsaru","vc":"04116","area":1081.5,"lat":28.4178698,"lng":76.9556692},"geometry":{"type":"Polygon","coordinates":[[[76.9554556,28.4176915],[76.9559974,28.4179438],[76.9559937,28.4180951],[76.9553166,28.4177797],[76.9553187,28.4176889],[76.9554556,28.4176915]]]}},{"type":"Feature","properties":{"v":"Hayatpur","m":"62","k":"2/3","t":"Harsaru","vc":"04116","area":720.9,"lat":28.417779,"lng":76.9558187},"geometry":{"type":"Polygon","coordinates":[[[76.9554556,28.4176915],[76.9560032,28.4177018],[76.9559974,28.4179438],[76.9554556,28.4176915]]]}},{"type":"Feature","properties":{"v":"Hayatpur","m":"62","k":"3/1","t":"Harsaru","vc":"04116","area":135.1,"lat":28.418208,"lng":76.9560937},"geometry":{"type":"Polygon","coordinates":[[[76.9560243,28.418247],[76.9560272,28.418126],[76.9562296,28.4182509],[76.9560243,28.418247]]]}},{"type":"Feature","properties":{"v":"Hayatpur","m":"62","k":"3/2","t":"Harsaru","vc":"04116","area":676.1,"lat":28.41815,"lng":76.9562321},"geometry":{"type":"Polygon","coordinates":[[[76.9565719,28.4182573],[76.9562296,28.4182509],[76.9560272,28.418126],[76.9560308,28.4179747],[76.9565719,28.4182573]]]}},{"type":"Feature","properties":{"v":"Hayatpur","m":"62","k":"9/1","t":"Harsaru","vc":"04116","area":45.1,"lat":28.4176696,"lng":76.9553648},"geometry":{"type":"Polygon","coordinates":[[[76.9554556,28.4176915],[76.9553187,28.4176889],[76.9553202,28.4176284],[76.9554556,28.4176915]]]}},{"type":"Feature","properties":{"v":"Hayatpur","m":"62","k":"5/1","t":"Harsaru","vc":"04116","area":304.2,"lat":28.4180002,"lng":76.9573912},"geometry":{"type":"Polygon","coordinates":[[[76.9574234,28.4177284],[76.9574103,28.418273],[76.957359,28.4182721],[76.957372,28.4177275],[76.9574234,28.4177284]]]}},{"type":"Feature","properties":{"v":"Hayatpur","m":"62","k":"17/2","t":"Harsaru","vc":"04116","area":202.9,"lat":28.4163534,"lng":76.9567374},"geometry":{"type":"Polygon","coordinates":[[[76.9567268,28.4160809],[76.9567611,28.4160815],[76.956748,28.4166261],[76.9567138,28.4166255],[76.9567268,28.4160809]]]}},{"type":"Feature","properties":{"v":"Hayatpur","m":"62","k":"24/1","t":"Harsaru","vc":"04116","area":203.2,"lat":28.4158089,"lng":76.9567505},"geometry":{"type":"Polygon","coordinates":[[[76.9567268,28.4160809],[76.9567399,28.4155363],[76.9567742,28.4155369],[76.9567611,28.4160815],[76.9567268,28.4160809]]]}},{"type":"Feature","properties":{"v":"Hayatpur","m":"67","k":"4/1","t":"Harsaru","vc":"04116","area":202.9,"lat":28.4152644,"lng":76.9567636},"geometry":{"type":"Polygon","coordinates":[[[76.9567742,28.4155369],[76.9567399,28.4155363],[76.956753,28.4149917],[76.9567872,28.4149923],[76.9567742,28.4155369]]]}},{"type":"Feature","properties":{"v":"Hayatpur","m":"67","k":"8/1/2","t":"Harsaru","vc":"04116","area":1230.3,"lat":28.4145871,"lng":76.9565659},"geometry":{"type":"Polygon","coordinates":[[[76.9567661,28.4144471],[76.9567592,28.4147345],[76.9563657,28.4147271],[76.9563726,28.4144397],[76.9564239,28.4144407],[76.9567661,28.4144471]]]}},{"type":"Feature","properties":{"v":"Hayatpur","m":"67","k":"8/3","t":"Harsaru","vc":"04116","area":202.6,"lat":28.4147197,"lng":76.9567767},"geometry":{"type":"Polygon","coordinates":[[[76.9567661,28.4144471],[76.9568003,28.4144478],[76.9567934,28.4147352],[76.9567872,28.4149923],[76.956753,28.4149917],[76.9567592,28.4147345],[76.9567661,28.4144471]]]}},{"type":"Feature","properties":{"v":"Hayatpur","m":"67","k":"7/2/1","t":"Harsaru","vc":"04116","area":1096.9,"lat":28.4146365,"lng":76.9570139},"geometry":{"type":"Polygon","coordinates":[[[76.9567934,28.4147352],[76.9568003,28.4144478],[76.9568516,28.4144487],[76.9574436,28.4147474],[76.9567934,28.4147352]]]}},{"type":"Feature","properties":{"v":"Hayatpur","m":"67","k":"7/2/2","t":"Harsaru","vc":"04116","area":936.3,"lat":28.414552,"lng":76.9572486},"geometry":{"type":"Polygon","coordinates":[[[76.9574436,28.4147474],[76.9568516,28.4144487],[76.9574505,28.41446],[76.9574436,28.4147474]]]}},{"type":"Feature","properties":{"v":"Hayatpur","m":"67","k":"6/1","t":"Harsaru","vc":"04116","area":570.2,"lat":28.4149318,"lng":76.9575932},"geometry":{"type":"Polygon","coordinates":[[[76.9574429,28.4147776],[76.9578994,28.4150132],[76.9574374,28.4150045],[76.9574429,28.4147776]]]}},{"type":"Feature","properties":{"v":"Hayatpur","m":"67","k":"5/2","t":"Harsaru","vc":"04116","area":146.4,"lat":28.4150563,"lng":76.9580467},"geometry":{"type":"Polygon","coordinates":[[[76.9581218,28.4150174],[76.9581189,28.4151384],[76.9578994,28.4150132],[76.9581218,28.4150174]]]}},{"type":"Feature","properties":{"v":"Hayatpur","m":"67","k":"15/2/1","t":"Harsaru","vc":"04116","area":1013.5,"lat":28.4140993,"lng":76.9575876},"geometry":{"type":"Polygon","coordinates":[[[76.9574549,28.4142784],[76.9574636,28.4139154],[76.9577202,28.4139202],[76.9577115,28.4142833],[76.9574549,28.4142784]]]}},{"type":"Feature","properties":{"v":"Hayatpur","m":"67","k":"15/2/2","t":"Harsaru","vc":"04116","area":1689.9,"lat":28.4141057,"lng":76.9579297},"geometry":{"type":"Polygon","coordinates":[[[76.958148,28.4139282],[76.9581429,28.41414],[76.9581393,28.4142913],[76.9577115,28.4142833],[76.9577202,28.4139202],[76.958148,28.4139282]]]}},{"type":"Feature","properties":{"v":"Hayatpur","m":"67","k":"14/1/1","t":"Harsaru","vc":"04116","area":40.5,"lat":28.4143918,"lng":76.9567831},"geometry":{"type":"Polygon","coordinates":[[[76.9568023,28.4143661],[76.9568003,28.4144478],[76.9567661,28.4144471],[76.9567694,28.414311],[76.9568023,28.4143661]]]}},{"type":"Feature","properties":{"v":"Hayatpur","m":"67","k":"14/1/2","t":"Harsaru","vc":"04116","area":162.1,"lat":28.414121,"lng":76.9567914},"geometry":{"type":"Polygon","coordinates":[[[76.9567694,28.414311],[76.9567792,28.4139025],[76.9568134,28.4139032],[76.9568023,28.4143661],[76.9567694,28.414311]]]}},{"type":"Feature","properties":{"v":"Hayatpur","m":"67","k":"13/1/2","t":"Harsaru","vc":"04116","area":16.9,"lat":28.4141778,"lng":76.956396},"geometry":{"type":"Polygon","coordinates":[[[76.9564297,28.4141986],[76.9563278,28.4141665],[76.9564304,28.4141684],[76.9564297,28.4141986]]]}},{"type":"Feature","properties":{"v":"Hayatpur","m":"67","k":"13/2/1","t":"Harsaru","vc":"04116","area":704.1,"lat":28.4143466,"lng":76.9565813},"geometry":{"type":"Polygon","coordinates":[[[76.9564297,28.4141986],[76.9567694,28.414311],[76.9567661,28.4144471],[76.9564239,28.4144407],[76.9564297,28.4141986]]]}},{"type":"Feature","properties":{"v":"Hayatpur","m":"67","k":"13/2/2","t":"Harsaru","vc":"04116","area":2179.6,"lat":28.4140523,"lng":76.9564817},"geometry":{"type":"Polygon","coordinates":[[[76.9567792,28.4139025],[76.9567694,28.414311],[76.9564297,28.4141986],[76.9564304,28.4141684],[76.9563278,28.4141665],[76.9560911,28.4140409],[76.9560948,28.4138897],[76.9563343,28.4138942],[76.9567792,28.4139025]]]}},{"type":"Feature","properties":{"v":"Hayatpur","m":"67","k":"","t":"Harsaru","vc":"04116","area":157.8,"lat":28.4141231,"lng":76.956169},"geometry":{"type":"Polygon","coordinates":[[[76.9563278,28.4141665],[76.9560882,28.414162],[76.9560911,28.4140409],[76.9563278,28.4141665]]]}},{"type":"Feature","properties":{"v":"Hayatpur","m":"67","k":"12/2/2","t":"Harsaru","vc":"04116","area":239.3,"lat":28.4139383,"lng":76.9559966},"geometry":{"type":"Polygon","coordinates":[[[76.9560948,28.4138897],[76.9560911,28.4140409],[76.9558039,28.4138842],[76.9560948,28.4138897]]]}},{"type":"Feature","properties":{"v":"Hayatpur","m":"67","k":"19/1","t":"Harsaru","vc":"04116","area":453.4,"lat":28.4138087,"lng":76.9555433},"geometry":{"type":"Polygon","coordinates":[[[76.9554155,28.413665],[76.9558039,28.4138842],[76.9554104,28.4138768],[76.9554155,28.413665]]]}},{"type":"Feature","properties":{"v":"Hayatpur","m":"67","k":"20/2/2","t":"Harsaru","vc":"04116","area":1064.1,"lat":28.4134333,"lng":76.9551643},"geometry":{"type":"Polygon","coordinates":[[[76.9553645,28.4136489],[76.9547562,28.4133197],[76.9553721,28.4133313],[76.9553645,28.4136489]]]}},{"type":"Feature","properties":{"v":"Hayatpur","m":"67","k":"20/1/2","t":"Harsaru","vc":"04116","area":181.8,"lat":28.4134944,"lng":76.9553941},"geometry":{"type":"Polygon","coordinates":[[[76.9554235,28.4133322],[76.9554155,28.413665],[76.9553645,28.4136489],[76.9553721,28.4133313],[76.9554235,28.4133322]]]}},{"type":"Feature","properties":{"v":"Hayatpur","m":"67","k":"18/2","t":"Harsaru","vc":"04116","area":1419.0,"lat":28.4136197,"lng":76.9562211},"geometry":{"type":"Polygon","coordinates":[[[76.9563343,28.4138942],[76.9560948,28.4138897],[76.9561079,28.4133451],[76.9563303,28.4133493],[76.9563474,28.4133496],[76.9563343,28.4138942]]]}},{"type":"Feature","properties":{"v":"Hayatpur","m":"67","k":"22/1","t":"Harsaru","vc":"04116","area":1672.3,"lat":28.4130855,"lng":76.9555835},"geometry":{"type":"Polygon","coordinates":[[[76.9557434,28.4128388],[76.9557314,28.413338],[76.9554235,28.4133322],[76.9554355,28.412833],[76.9557434,28.4128388]]]}},{"type":"Feature","properties":{"v":"Hayatpur","m":"67","k":"23/1","t":"Harsaru","vc":"04116","area":1207.9,"lat":28.4130976,"lng":76.9562251},"geometry":{"type":"Polygon","coordinates":[[[76.9563423,28.4128501],[76.9563303,28.4133493],[76.9561079,28.4133451],[76.9561199,28.4128459],[76.9563423,28.4128501]]]}},{"type":"Feature","properties":{"v":"Hayatpur","m":"67","k":"24/2","t":"Harsaru","vc":"04116","area":630.7,"lat":28.4129493,"lng":76.957327},"geometry":{"type":"Polygon","coordinates":[[[76.9570096,28.4128626],[76.9574887,28.4128716],[76.9574828,28.4131136],[76.9570096,28.4128626]]]}},{"type":"Feature","properties":{"v":"Hayatpur","m":"67","k":"25/1","t":"Harsaru","vc":"04116","area":449.1,"lat":28.4133184,"lng":76.9576434},"geometry":{"type":"Polygon","coordinates":[[[76.9574807,28.4132044],[76.9579729,28.4133801],[76.9577333,28.4133756],[76.9574767,28.4133708],[76.9574807,28.4132044]]]}},{"type":"Feature","properties":{"v":"Hayatpur","m":"67","k":"16/1/1","t":"Harsaru","vc":"04116","area":2426.1,"lat":28.4136624,"lng":76.9579336},"geometry":{"type":"Polygon","coordinates":[[[76.958148,28.4139282],[76.9577202,28.4139202],[76.9577333,28.4133756],[76.9579729,28.4133801],[76.9581585,28.4134895],[76.958148,28.4139282]]]}},{"type":"Feature","properties":{"v":"Hayatpur","m":"67","k":"16/1/2","t":"Harsaru","vc":"04116","area":108.4,"lat":28.4134177,"lng":76.9580975},"geometry":{"type":"Polygon","coordinates":[[[76.9579729,28.4133801],[76.9581611,28.4133836],[76.9581585,28.4134895],[76.9579729,28.4133801]]]}},{"type":"Feature","properties":{"v":"Hayatpur","m":"66","k":"20/2","t":"Harsaru","vc":"04116","area":2083.8,"lat":28.4135493,"lng":76.9585704},"geometry":{"type":"Polygon","coordinates":[[[76.9588455,28.4133965],[76.9588429,28.4135024],[76.9588346,28.4138503],[76.9581585,28.4134895],[76.9581611,28.4133836],[76.9588455,28.4133965]]]}},{"type":"Feature","properties":{"v":"Hayatpur","m":"68","k":"3/2","t":"Harsaru","vc":"04116","area":2128.5,"lat":28.4152222,"lng":76.9531392},"geometry":{"type":"Polygon","coordinates":[[[76.9533309,28.4149274],[76.9533178,28.415472],[76.9528559,28.4154633],[76.9530743,28.4149226],[76.9533309,28.4149274]]]}},{"type":"Feature","properties":{"v":"Hayatpur","m":"68","k":"4/2","t":"Harsaru","vc":"04116","area":710.2,"lat":28.4152889,"lng":76.9539324},"geometry":{"type":"Polygon","coordinates":[[[76.9540154,28.4149403],[76.9540023,28.4154849],[76.9537798,28.4154807],[76.9539982,28.4149399],[76.9540154,28.4149403]]]}},{"type":"Feature","properties":{"v":"Hayatpur","m":"68","k":"6/2","t":"Harsaru","vc":"04116","area":325.3,"lat":28.4145638,"lng":76.9541157},"geometry":{"type":"Polygon","coordinates":[[[76.9540798,28.4143966],[76.9541996,28.4143989],[76.9540678,28.4148958],[76.9540798,28.4143966]]]}},{"type":"Feature","properties":{"v":"Hayatpur","m":"68","k":"15/1/2","t":"Harsaru","vc":"04116","area":1419.2,"lat":28.4141695,"lng":76.9544203},"geometry":{"type":"Polygon","coordinates":[[[76.9545549,28.4138607],[76.9545418,28.4144053],[76.9541996,28.4143989],[76.954418,28.4138582],[76.9545549,28.4138607]]]}},{"type":"Feature","properties":{"v":"Hayatpur","m":"68","k":"8/1","t":"Harsaru","vc":"04116","area":861.5,"lat":28.4147229,"lng":76.9532489},"geometry":{"type":"Polygon","coordinates":[[[76.9530743,28.4149226],[76.9533098,28.4143822],[76.953344,28.4143828],[76.9533433,28.4144131],[76.9533309,28.4149274],[76.9530743,28.4149226]]]}},{"type":"Feature","properties":{"v":"Hayatpur","m":"68","k":"7/2","t":"Harsaru","vc":"04116","area":225.3,"lat":28.4144044,"lng":76.9536857},"geometry":{"type":"Polygon","coordinates":[[[76.953344,28.4143828],[76.9540285,28.4143957],[76.9540277,28.4144259],[76.9533433,28.4144131],[76.953344,28.4143828]]]}},{"type":"Feature","properties":{"v":"Hayatpur","m":"68","k":"13/1","t":"Harsaru","vc":"04116","area":22.5,"lat":28.4143423,"lng":76.9533336},"geometry":{"type":"Polygon","coordinates":[[[76.953347,28.4142618],[76.953344,28.4143828],[76.9533098,28.4143822],[76.953347,28.4142618]]]}},{"type":"Feature","properties":{"v":"Hayatpur","m":"68","k":"17/1/2","t":"Harsaru","vc":"04116","area":1530.3,"lat":28.4135481,"lng":76.9535049},"geometry":{"type":"Polygon","coordinates":[[[76.9537376,28.4133232],[76.9535282,28.4138414],[76.9533571,28.4138382],[76.9533697,28.4133163],[76.9537376,28.4133232]]]}},{"type":"Feature","properties":{"v":"Hayatpur","m":"68","k":"17/2/2","t":"Harsaru","vc":"04116","area":91.8,"lat":28.4133084,"lng":76.953556},"geometry":{"type":"Polygon","coordinates":[[[76.9533702,28.4132936],[76.9537467,28.4133007],[76.9537376,28.4133232],[76.9533697,28.4133163],[76.9533702,28.4132936]]]}},{"type":"Feature","properties":{"v":"Hayatpur","m":"68","k":"17/2/1","t":"Harsaru","vc":"04116","area":77.0,"lat":28.413315,"lng":76.9538983},"geometry":{"type":"Polygon","coordinates":[[[76.9540541,28.4133292],[76.9537376,28.4133232],[76.9537467,28.4133007],[76.9540546,28.4133065],[76.9540541,28.4133292]]]}},{"type":"Feature","properties":{"v":"Hayatpur","m":"68","k":"20/1","t":"Harsaru","vc":"04116","area":1689.6,"lat":28.4136926,"lng":76.9516488},"geometry":{"type":"Polygon","coordinates":[[[76.9513265,28.413573],[76.9519938,28.4135856],[76.9519883,28.4138125],[76.9513039,28.4137996],[76.9513094,28.4135727],[76.9513265,28.413573]]]}},{"type":"Feature","properties":{"v":"Hayatpur","m":"68","k":"20/3","t":"Harsaru","vc":"04116","area":59.1,"lat":28.413414,"lng":76.9513218},"geometry":{"type":"Polygon","coordinates":[[[76.951317,28.413255],[76.9513341,28.4132553],[76.9513265,28.413573],[76.9513094,28.4135727],[76.951317,28.413255]]]}},{"type":"Feature","properties":{"v":"Hayatpur","m":"68","k":"12/1","t":"Harsaru","vc":"04116","area":912.5,"lat":28.4140862,"lng":76.9520588},"geometry":{"type":"Polygon","coordinates":[[[76.9521423,28.4138154],[76.9521292,28.41436],[76.9519752,28.4143571],[76.9519883,28.4138125],[76.9521423,28.4138154]]]}},{"type":"Feature","properties":{"v":"Hayatpur","m":"68","k":"21/1/1","t":"Harsaru","vc":"04116","area":92.9,"lat":28.4130055,"lng":76.9513316},"geometry":{"type":"Polygon","coordinates":[[[76.9513341,28.4132553],[76.951317,28.413255],[76.9513291,28.4127558],[76.9513462,28.4127561],[76.9513341,28.4132553]]]}},{"type":"Feature","properties":{"v":"Hayatpur","m":"68","k":"21/2","t":"Harsaru","vc":"04116","area":40.4,"lat":28.4127354,"lng":76.951371},"geometry":{"type":"Polygon","coordinates":[[[76.9514274,28.4127577],[76.9513462,28.4127561],[76.9513291,28.4127558],[76.9513301,28.4127104],[76.9513473,28.4127107],[76.9513952,28.4127116],[76.9514274,28.4127577]]]}},{"type":"Feature","properties":{"v":"Hayatpur","m":"66","k":"1/1/2","t":"Harsaru","vc":"04116","area":1089.8,"lat":28.415183,"lng":76.9582731},"geometry":{"type":"Polygon","coordinates":[[[76.9584218,28.415356],[76.9581142,28.4153351],[76.9581189,28.4151384],[76.9581218,28.4150174],[76.9584298,28.4150232],[76.9584218,28.415356]]]}},{"type":"Feature","properties":{"v":"Hayatpur","m":"66","k":"1/2/1","t":"Harsaru","vc":"04116","area":557.5,"lat":28.4154956,"lng":76.9585719},"geometry":{"type":"Polygon","coordinates":[[[76.9587946,28.4155143],[76.9587932,28.4155748],[76.9584168,28.4155678],[76.9584218,28.415356],[76.9587946,28.4155143]]]}},{"type":"Feature","properties":{"v":"Hayatpur","m":"66","k":"1/2/2","t":"Harsaru","vc":"04116","area":1673.0,"lat":28.4152335,"lng":76.9586247},"geometry":{"type":"Polygon","coordinates":[[[76.9584218,28.415356],[76.9584298,28.4150232],[76.9588063,28.4150302],[76.9587946,28.4155143],[76.9584218,28.415356]]]}},{"type":"Feature","properties":{"v":"Hayatpur","m":"63","k":"22/2","t":"Harsaru","vc":"04116","area":856.0,"lat":28.4156801,"lng":76.9592928},"geometry":{"type":"Polygon","coordinates":[[[76.9589301,28.4155774],[76.9594776,28.4155877],[76.9594707,28.4158751],[76.9589301,28.4155774]]]}},{"type":"Feature","properties":{"v":"Hayatpur","m":"63","k":"21/2","t":"Harsaru","vc":"04116","area":2230.0,"lat":28.4158436,"lng":76.9585985},"geometry":{"type":"Polygon","coordinates":[[[76.9587801,28.4161194],[76.9584037,28.4161123],[76.9584168,28.4155678],[76.9587932,28.4155748],[76.9587801,28.4161194]]]}},{"type":"Feature","properties":{"v":"Hayatpur","m":"66","k":"2/1","t":"Harsaru","vc":"04116","area":45.1,"lat":28.4155555,"lng":76.9588393},"geometry":{"type":"Polygon","coordinates":[[[76.9587932,28.4155748],[76.9587946,28.4155143],[76.9589301,28.4155774],[76.9587932,28.4155748]]]}},{"type":"Feature","properties":{"v":"Hayatpur","m":"66","k":"3/1","t":"Harsaru","vc":"04116","area":1126.6,"lat":28.4155185,"lng":76.9598216},"geometry":{"type":"Polygon","coordinates":[[[76.960162,28.4156005],[76.9594776,28.4155877],[76.9594812,28.4154364],[76.9601656,28.4154492],[76.960162,28.4156005]]]}},{"type":"Feature","properties":{"v":"Hayatpur","m":"66","k":"4/2","t":"Harsaru","vc":"04116","area":313.3,"lat":28.4151388,"lng":76.9606089},"geometry":{"type":"Polygon","coordinates":[[[76.9606884,28.4150655],[76.9607437,28.4151676],[76.9605131,28.4152385],[76.9605173,28.4150623],[76.9606884,28.4150655]]]}},{"type":"Feature","properties":{"v":"Hayatpur","m":"66","k":"4/3","t":"Harsaru","vc":"04116","area":97.9,"lat":28.4152006,"lng":76.9606723},"geometry":{"type":"Polygon","coordinates":[[[76.9607437,28.4151676],[76.9608583,28.4151172],[76.9608577,28.4151444],[76.9605122,28.4152741],[76.9605131,28.4152385],[76.9607437,28.4151676]]]}},{"type":"Feature","properties":{"v":"Hayatpur","m":"66","k":"4/4","t":"Harsaru","vc":"04116","area":1492.4,"lat":28.4154079,"lng":76.9606899},"geometry":{"type":"Polygon","coordinates":[[[76.9605122,28.4152741],[76.9608577,28.4151444],[76.9608464,28.4156133],[76.9605042,28.4156069],[76.9605122,28.4152741]]]}},{"type":"Feature","properties":{"v":"Hayatpur","m":"66","k":"6/1/1","t":"Harsaru","vc":"04116","area":337.1,"lat":28.4150465,"lng":76.9612886},"geometry":{"type":"Polygon","coordinates":[[[76.961034,28.415072],[76.9610313,28.4150114],[76.9615454,28.4150211],[76.9615439,28.4150816],[76.961034,28.415072]]]}},{"type":"Feature","properties":{"v":"Hayatpur","m":"66","k":"8/2","t":"Harsaru","vc":"04116","area":56.3,"lat":28.4145357,"lng":76.9601419},"geometry":{"type":"Polygon","coordinates":[[[76.9601863,28.414587],[76.9600513,28.4145088],[76.9601881,28.4145113],[76.9601863,28.414587]]]}},{"type":"Feature","properties":{"v":"Hayatpur","m":"63","k":"14/2","t":"Harsaru","vc":"04116","area":2027.5,"lat":28.4169716,"lng":76.9606426},"geometry":{"type":"Polygon","coordinates":[[[76.9604781,28.4166961],[76.9608203,28.4167025],[76.9608072,28.4172471],[76.960465,28.4172407],[76.9604781,28.4166961]]]}},{"type":"Feature","properties":{"v":"Hayatpur","m":"63","k":"17/1/1","t":"Harsaru","vc":"04116","area":1323.5,"lat":28.4165192,"lng":76.9606426},"geometry":{"type":"Polygon","coordinates":[[[76.9608272,28.4164151],[76.9608203,28.4167025],[76.9604781,28.4166961],[76.9604879,28.4162877],[76.9604883,28.4162725],[76.9608272,28.4164151]]]}},{"type":"Feature","properties":{"v":"Hayatpur","m":"63","k":"17/2/2","t":"Harsaru","vc":"04116","area":253.6,"lat":28.4161948,"lng":76.960376},"geometry":{"type":"Polygon","coordinates":[[[76.9604879,28.4162877],[76.960149,28.4161451],[76.9604912,28.4161515],[76.9604883,28.4162725],[76.9604879,28.4162877]]]}},{"type":"Feature","properties":{"v":"Hayatpur","m":"63","k":"17/1/2","t":"Harsaru","vc":"04116","area":704.0,"lat":28.4162537,"lng":76.9606805},"geometry":{"type":"Polygon","coordinates":[[[76.9604883,28.4162725],[76.9604912,28.4161515],[76.9608334,28.4161579],[76.9608272,28.4164151],[76.9604883,28.4162725]]]}},{"type":"Feature","properties":{"v":"Hayatpur","m":"63","k":"16/1","t":"Harsaru","vc":"04116","area":1182.5,"lat":28.4166104,"lng":76.9610725},"geometry":{"type":"Polygon","coordinates":[[[76.9608203,28.4167025],[76.9608272,28.4164151],[76.9615055,28.4166851],[76.9615047,28.4167153],[76.9608203,28.4167025]]]}},{"type":"Feature","properties":{"v":"Hayatpur","m":"63","k":"24/2","t":"Harsaru","vc":"04116","area":2027.6,"lat":28.4158824,"lng":76.9606688},"geometry":{"type":"Polygon","coordinates":[[[76.9604912,28.4161515],[76.9605042,28.4156069],[76.9608464,28.4156133],[76.9608403,28.4158705],[76.9608334,28.4161579],[76.9604912,28.4161515]]]}},{"type":"Feature","properties":{"v":"Hayatpur","m":"63","k":"25/2","t":"Harsaru","vc":"04116","area":1819.4,"lat":28.415748,"lng":76.9611685},"geometry":{"type":"Polygon","coordinates":[[[76.9614905,28.4158827],[76.9608403,28.4158705],[76.9608464,28.4156133],[76.9614966,28.4156255],[76.9614905,28.4158827]]]}},{"type":"Feature","properties":{"v":"Hayatpur","m":"63","k":"25/3","t":"Harsaru","vc":"04116","area":95.8,"lat":28.4157544,"lng":76.9615107},"geometry":{"type":"Polygon","coordinates":[[[76.9615309,28.4156262],[76.9615247,28.4158833],[76.9614905,28.4158827],[76.9614966,28.4156255],[76.9615309,28.4156262]]]}},{"type":"Feature","properties":{"v":"Hayatpur","m":"66","k":"10/1","t":"Harsaru","vc":"04116","area":2230.3,"lat":28.4147544,"lng":76.9586246},"geometry":{"type":"Polygon","coordinates":[[[76.9588193,28.4144857],[76.9588063,28.4150302],[76.9584298,28.4150232],[76.9584429,28.4144786],[76.9588193,28.4144857]]]}},{"type":"Feature","properties":{"v":"Hayatpur","m":"66","k":"11/1/2","t":"Harsaru","vc":"04116","area":1363.1,"lat":28.4143157,"lng":76.9586351},"geometry":{"type":"Polygon","coordinates":[[[76.9588193,28.4144857],[76.9584429,28.4144786],[76.9584509,28.4141458],[76.9588273,28.4141528],[76.9588193,28.4144857]]]}},{"type":"Feature","properties":{"v":"Hayatpur","m":"66","k":"11/2","t":"Harsaru","vc":"04116","area":1576.9,"lat":28.4140405,"lng":76.9584876},"geometry":{"type":"Polygon","coordinates":[[[76.958148,28.4139282],[76.9588324,28.4139411],[76.9588273,28.4141528],[76.9584509,28.4141458],[76.9581429,28.41414],[76.958148,28.4139282]]]}},{"type":"Feature","properties":{"v":"Hayatpur","m":"66","k":"15/2/1","t":"Harsaru","vc":"04116","area":2140.0,"lat":28.4143566,"lng":76.961219},"geometry":{"type":"Polygon","coordinates":[[[76.9615577,28.4145067],[76.9608733,28.4144939],[76.9608802,28.4142065],[76.9615646,28.4142193],[76.9615577,28.4145067]]]}},{"type":"Feature","properties":{"v":"Hayatpur","m":"66","k":"13/1","t":"Harsaru","vc":"04116","area":856.1,"lat":28.4144061,"lng":76.9596885},"geometry":{"type":"Polygon","coordinates":[[[76.9595037,28.4144985],[76.9595106,28.4142111],[76.9600513,28.4145088],[76.9595037,28.4144985]]]}},{"type":"Feature","properties":{"v":"Hayatpur","m":"66","k":"12/2","t":"Harsaru","vc":"04116","area":718.2,"lat":28.4140364,"lng":76.9593436},"geometry":{"type":"Polygon","coordinates":[[[76.9590035,28.4139443],[76.9595168,28.4139539],[76.9595106,28.4142111],[76.9590035,28.4139443]]]}},{"type":"Feature","properties":{"v":"Hayatpur","m":"66","k":"19/1/1","t":"Harsaru","vc":"04116","area":84.5,"lat":28.4139119,"lng":76.9588902},"geometry":{"type":"Polygon","coordinates":[[[76.9588346,28.4138503],[76.9590035,28.4139443],[76.9588324,28.4139411],[76.9588346,28.4138503]]]}},{"type":"Feature","properties":{"v":"Hayatpur","m":"66","k":"19/2","t":"Harsaru","vc":"04116","area":788.6,"lat":28.4134558,"lng":76.9591864},"geometry":{"type":"Polygon","coordinates":[[[76.9595299,28.4134093],[76.9595273,28.4135152],[76.9588429,28.4135024],[76.9588455,28.4133965],[76.9595299,28.4134093]]]}},{"type":"Feature","properties":{"v":"Hayatpur","m":"66","k":"16/1","t":"Harsaru","vc":"04116","area":338.1,"lat":28.4139633,"lng":76.9612283},"geometry":{"type":"Polygon","coordinates":[[[76.96157,28.4139924],[76.9608856,28.4139796],[76.9608867,28.4139342],[76.9615711,28.413947],[76.96157,28.4139924]]]}},{"type":"Feature","properties":{"v":"Hayatpur","m":"66","k":"17/1/1","t":"Harsaru","vc":"04116","area":160.6,"lat":28.4134842,"lng":76.9607006},"geometry":{"type":"Polygon","coordinates":[[[76.9608637,28.4134646],[76.9608626,28.41351],[76.9605376,28.4135039],[76.9605386,28.4134585],[76.9608637,28.4134646]]]}},{"type":"Feature","properties":{"v":"Hayatpur","m":"66","k":"17/2/1","t":"Harsaru","vc":"04116","area":107.0,"lat":28.4134464,"lng":76.9607016},"geometry":{"type":"Polygon","coordinates":[[[76.9608645,28.4134343],[76.9608637,28.4134646],[76.9605386,28.4134585],[76.9605394,28.4134283],[76.9608645,28.4134343]]]}},{"type":"Feature","properties":{"v":"Hayatpur","m":"66","k":"17/2/2","t":"Harsaru","vc":"04116","area":267.4,"lat":28.413463,"lng":76.9603759},"geometry":{"type":"Polygon","coordinates":[[[76.9602125,28.4134978],[76.9602143,28.4134222],[76.9605394,28.4134283],[76.9605386,28.4134585],[76.9605376,28.4135039],[76.9602125,28.4134978]]]}},{"type":"Feature","properties":{"v":"Hayatpur","m":"66","k":"25/2","t":"Harsaru","vc":"04116","area":1579.9,"lat":28.4131955,"lng":76.9614437},"geometry":{"type":"Polygon","coordinates":[[[76.9615951,28.4129486],[76.9615831,28.4134478],[76.9612922,28.4134424],[76.9613042,28.4129432],[76.9615951,28.4129486]]]}},{"type":"Feature","properties":{"v":"Hayatpur","m":"65","k":"21/2","t":"Harsaru","vc":"04116","area":580.9,"lat":28.41321,"lng":76.96222},"geometry":{"type":"Polygon","coordinates":[[[76.9622675,28.4134606],[76.9621606,28.4134586],[76.9621725,28.4129594],[76.9622795,28.4129614],[76.9622675,28.4134606]]]}},{"type":"Feature","properties":{"v":"Hayatpur","m":"65","k":"19/2","t":"Harsaru","vc":"04116","area":2230.2,"lat":28.4137423,"lng":76.9627572},"geometry":{"type":"Polygon","coordinates":[[[76.9629519,28.4134735],[76.9629388,28.4140181],[76.9625624,28.414011],[76.9625755,28.4134664],[76.9629519,28.4134735]]]}},{"type":"Feature","properties":{"v":"Hayatpur","m":"65","k":"9/2","t":"Harsaru","vc":"04116","area":1351.8,"lat":28.414647,"lng":76.9625814},"geometry":{"type":"Polygon","coordinates":[[[76.9629214,28.4147442],[76.962237,28.4147313],[76.9622414,28.4145498],[76.9629258,28.4145626],[76.9629214,28.4147442]]]}},{"type":"Feature","properties":{"v":"Hayatpur","m":"65","k":"3/3","t":"Harsaru","vc":"04116","area":1520.9,"lat":28.4153899,"lng":76.9634623},"geometry":{"type":"Polygon","coordinates":[[[76.9635972,28.41512],[76.9635841,28.4156646],[76.9633274,28.4156598],[76.9633398,28.4151455],[76.9633405,28.4151152],[76.9635972,28.41512]]]}},{"type":"Feature","properties":{"v":"Hayatpur","m":"65","k":"3/2","t":"Harsaru","vc":"04116","area":141.0,"lat":28.4151264,"lng":76.9631263},"geometry":{"type":"Polygon","coordinates":[[[76.962912,28.4151375],[76.9629127,28.4151072],[76.9633405,28.4151152],[76.9633398,28.4151455],[76.962912,28.4151375]]]}},{"type":"Feature","properties":{"v":"Hayatpur","m":"65","k":"2/2/1","t":"Harsaru","vc":"04116","area":506.7,"lat":28.4155931,"lng":76.962456},"geometry":{"type":"Polygon","coordinates":[[[76.9622531,28.4154884],[76.9628655,28.4156512],[76.9622495,28.4156396],[76.9622531,28.4154884]]]}},{"type":"Feature","properties":{"v":"Hayatpur","m":"65","k":"2/1/1","t":"Harsaru","vc":"04116","area":55.2,"lat":28.415565,"lng":76.9622343},"geometry":{"type":"Polygon","coordinates":[[[76.9622153,28.415639],[76.9622188,28.4154931],[76.9622531,28.4154884],[76.9622495,28.4156396],[76.9622153,28.415639]]]}},{"type":"Feature","properties":{"v":"Hayatpur","m":"65","k":"2/1/2","t":"Harsaru","vc":"04116","area":361.5,"lat":28.4151882,"lng":76.9622432},"geometry":{"type":"Polygon","coordinates":[[[76.9622283,28.4150944],[76.9629127,28.4151072],[76.962912,28.4151375],[76.9622618,28.4151253],[76.9622531,28.4154884],[76.9622188,28.4154931],[76.9622276,28.4151247],[76.9622283,28.4150944]]]}},{"type":"Feature","properties":{"v":"Hayatpur","m":"65","k":"1/2","t":"Harsaru","vc":"04116","area":225.2,"lat":28.4151031,"lng":76.9618859},"geometry":{"type":"Polygon","coordinates":[[[76.9622283,28.4150944],[76.9622276,28.4151247],[76.9615432,28.4151118],[76.9615439,28.4150816],[76.9622283,28.4150944]]]}},{"type":"Feature","properties":{"v":"Hayatpur","m":"65","k":"5/2","t":"Harsaru","vc":"04116","area":831.6,"lat":28.4155086,"lng":76.9646144},"geometry":{"type":"Polygon","coordinates":[[[76.964582,28.4152904],[76.9646466,28.4153492],[76.9646549,28.4153677],[76.9647383,28.4155528],[76.9647951,28.4156788],[76.9647989,28.4156874],[76.9647888,28.4156872],[76.9645765,28.4156832],[76.9644504,28.4153877],[76.9645429,28.4153108],[76.9645751,28.4152841],[76.964582,28.4152904]]]}},{"type":"Feature","properties":{"v":"Hayatpur","m":"64","k":"25/1","t":"Harsaru","vc":"04116","area":86.5,"lat":28.4161791,"lng":76.964297},"geometry":{"type":"Polygon","coordinates":[[[76.9642586,28.4160911],[76.964377,28.4162243],[76.9642555,28.416222],[76.9642586,28.4160911]]]}},{"type":"Feature","properties":{"v":"Hayatpur","m":"64","k":"24/2","t":"Harsaru","vc":"04116","area":739.1,"lat":28.4158308,"lng":76.9641622},"geometry":{"type":"Polygon","coordinates":[[[76.9639784,28.4157757],[76.9641055,28.4156744],[76.9642685,28.4156774],[76.9642586,28.4160911],[76.9639784,28.4157757]]]}},{"type":"Feature","properties":{"v":"Hayatpur","m":"64","k":"17/1","t":"Harsaru","vc":"04116","area":294.5,"lat":28.4162756,"lng":76.9645454},"geometry":{"type":"Polygon","coordinates":[[[76.9647517,28.4162313],[76.9646502,28.4162895],[76.9645076,28.4163713],[76.964377,28.4162243],[76.9647517,28.4162313]]]}},{"type":"Feature","properties":{"v":"Hayatpur","m":"64","k":"17/3","t":"Harsaru","vc":"04116","area":67.1,"lat":28.4167102,"lng":76.9635901},"geometry":{"type":"Polygon","coordinates":[[[76.9635612,28.4166214],[76.9636511,28.4167555],[76.963558,28.4167538],[76.9635612,28.4166214]]]}},{"type":"Feature","properties":{"v":"Hayatpur","m":"64","k":"18/1","t":"Harsaru","vc":"04116","area":576.7,"lat":28.4163589,"lng":76.9634862},"geometry":{"type":"Polygon","coordinates":[[[76.9634379,28.4162067],[76.9635711,28.4162092],[76.9635612,28.4166214],[76.9633397,28.4162911],[76.9634379,28.4162067]]]}},{"type":"Feature","properties":{"v":"Hayatpur","m":"64","k":"13/1","t":"Harsaru","vc":"04116","area":814.9,"lat":28.4171232,"lng":76.9629746},"geometry":{"type":"Polygon","coordinates":[[[76.9628605,28.4172856],[76.9628707,28.4168629],[76.9631782,28.4171735],[76.9631087,28.4172176],[76.9630051,28.4172883],[76.9628605,28.4172856]]]}},{"type":"Feature","properties":{"v":"Hayatpur","m":"64","k":"13/3","t":"Harsaru","vc":"04116","area":80.3,"lat":28.4167842,"lng":76.9637298},"geometry":{"type":"Polygon","coordinates":[[[76.9638318,28.4167589],[76.9637066,28.4168383],[76.9636511,28.4167555],[76.9638318,28.4167589]]]}},{"type":"Feature","properties":{"v":"Hayatpur","m":"64","k":"22/1","t":"Harsaru","vc":"04116","area":202.6,"lat":28.4159116,"lng":76.9622258},"geometry":{"type":"Polygon","coordinates":[[[76.9622153,28.415639],[76.9622495,28.4156396],[76.9622364,28.4161842],[76.9622022,28.4161836],[76.9622153,28.415639]]]}},{"type":"Feature","properties":{"v":"Hayatpur","m":"64","k":"19/2","t":"Harsaru","vc":"04116","area":344.7,"lat":28.4166471,"lng":76.9622081},"geometry":{"type":"Polygon","coordinates":[[[76.9621892,28.4167282],[76.9622022,28.4161836],[76.9622364,28.4161842],[76.9622234,28.4167288],[76.9622146,28.4170957],[76.9621797,28.4171245],[76.9621841,28.4169399],[76.9621892,28.4167282]]]}},{"type":"Feature","properties":{"v":"Hayatpur","m":"64","k":"12/2/2","t":"Harsaru","vc":"04116","area":1140.5,"lat":28.4170268,"lng":76.962746},"geometry":{"type":"Polygon","coordinates":[[[76.9628707,28.4168629],[76.9628605,28.4172856],[76.9627648,28.4172838],[76.9625374,28.4169725],[76.9627797,28.416771],[76.9628707,28.4168629]]]}},{"type":"Feature","properties":{"v":"Hayatpur","m":"64","k":"12/2/3","t":"Harsaru","vc":"04116","area":71.5,"lat":28.416786,"lng":76.9628389},"geometry":{"type":"Polygon","coordinates":[[[76.9627797,28.416771],[76.9628171,28.4167399],[76.9628736,28.416741],[76.9628707,28.4168629],[76.9627797,28.416771]]]}},{"type":"Feature","properties":{"v":"Hayatpur","m":"64","k":"9/1","t":"Harsaru","vc":"04116","area":152.8,"lat":28.4173248,"lng":76.9628738},"geometry":{"type":"Polygon","coordinates":[[[76.9630051,28.4172883],[76.9628515,28.4174024],[76.9627648,28.4172838],[76.9628605,28.4172856],[76.9630051,28.4172883]]]}},{"type":"Feature","properties":{"v":"Hayatpur","m":"64","k":"9/3","t":"Harsaru","vc":"04116","area":1031.7,"lat":28.417607,"lng":76.962277},"geometry":{"type":"Polygon","coordinates":[[[76.962163,28.4178173],[76.9621761,28.4172727],[76.9624809,28.4176777],[76.9622897,28.4178197],[76.962163,28.4178173]]]}},{"type":"Feature","properties":{"v":"Hayatpur","m":"64","k":"10/1/1","t":"Harsaru","vc":"04116","area":822.0,"lat":28.4175417,"lng":76.9620771},"geometry":{"type":"Polygon","coordinates":[[[76.962163,28.4178173],[76.9618922,28.4175352],[76.9621761,28.4172727],[76.962163,28.4178173]]]}},{"type":"Feature","properties":{"v":"Hayatpur","m":"64","k":"1/2","t":"Harsaru","vc":"04116","area":48.6,"lat":28.417842,"lng":76.9622274},"geometry":{"type":"Polygon","coordinates":[[[76.962163,28.4178173],[76.9622897,28.4178197],[76.9622295,28.4178891],[76.962163,28.4178173]]]}},{"type":"Feature","properties":{"v":"Hayatpur","m":"64","k":"1/1/1","t":"Harsaru","vc":"04116","area":321.2,"lat":28.4183139,"lng":76.9616623},"geometry":{"type":"Polygon","coordinates":[[[76.9618894,28.4182814],[76.9618249,28.4183558],[76.9614656,28.4183491],[76.9614674,28.4182735],[76.9618894,28.4182814]]]}},{"type":"Feature","properties":{"v":"Hayatpur","m":"64","k":"11/1/2","t":"Harsaru","vc":"04116","area":689.7,"lat":28.416795,"lng":76.9619879},"geometry":{"type":"Polygon","coordinates":[[[76.9621892,28.4167282],[76.9621841,28.4169399],[76.9615903,28.4167169],[76.9621892,28.4167282]]]}},{"type":"Feature","properties":{"v":"Hayatpur","m":"64","k":"20/1","t":"Harsaru","vc":"04116","area":14.1,"lat":28.4167058,"lng":76.9615335},"geometry":{"type":"Polygon","coordinates":[[[76.9615055,28.4166851],[76.9615903,28.4167169],[76.9615047,28.4167153],[76.9615055,28.4166851]]]}},{"type":"Feature","properties":{"v":"Hayatpur","m":"74","k":"3/1","t":"Harsaru","vc":"04116","area":126.8,"lat":28.4125926,"lng":76.9595602},"geometry":{"type":"Polygon","coordinates":[[[76.9595429,28.4128647],[76.959556,28.4123201],[76.9595774,28.4123205],[76.9595643,28.4128651],[76.9595429,28.4128647]]]}},{"type":"Feature","properties":{"v":"Hayatpur","m":"74","k":"18/2/1","t":"Harsaru","vc":"04116","area":506.9,"lat":28.4109647,"lng":76.9599138},"geometry":{"type":"Polygon","coordinates":[[[76.9599631,28.4106933],[76.95995,28.4112379],[76.9598645,28.4112363],[76.9598775,28.4106917],[76.9599631,28.4106933]]]}},{"type":"Feature","properties":{"v":"Hayatpur","m":"74","k":"13/1","t":"Harsaru","vc":"04116","area":1672.7,"lat":28.411506,"lng":76.9597168},"geometry":{"type":"Polygon","coordinates":[[[76.9598514,28.4117809],[76.9595691,28.4117756],[76.9595822,28.411231],[76.9598645,28.4112363],[76.9598514,28.4117809]]]}},{"type":"Feature","properties":{"v":"Hayatpur","m":"74","k":"8/2","t":"Harsaru","vc":"04116","area":1672.4,"lat":28.4120505,"lng":76.9597037},"geometry":{"type":"Polygon","coordinates":[[[76.9598514,28.4117809],[76.9598383,28.4123254],[76.9595774,28.4123205],[76.959556,28.4123201],[76.9595691,28.4117756],[76.9598514,28.4117809]]]}},{"type":"Feature","properties":{"v":"Hayatpur","m":"76","k":"4/2","t":"Harsaru","vc":"04116","area":25.4,"lat":28.4100993,"lng":76.9609701},"geometry":{"type":"Polygon","coordinates":[[[76.9609771,28.4101675],[76.9609599,28.4101671],[76.9609632,28.410031],[76.9609803,28.4100313],[76.9609771,28.4101675]]]}},{"type":"Feature","properties":{"v":"Hayatpur","m":"76","k":"7/2","t":"Harsaru","vc":"04116","area":1319.7,"lat":28.4091792,"lng":76.9606031},"geometry":{"type":"Polygon","coordinates":[[[76.9603188,28.4090655],[76.9608524,28.4090755],[76.9609259,28.4092887],[76.9603137,28.4092772],[76.9603188,28.4090655]]]}},{"type":"Feature","properties":{"v":"Hayatpur","m":"76","k":"","t":"Harsaru","vc":"04116","area":254.0,"lat":28.4092671,"lng":76.9609348},"geometry":{"type":"Polygon","coordinates":[[[76.9608834,28.409076],[76.9610655,28.4095956],[76.9610757,28.4096245],[76.9610414,28.4096238],[76.9609259,28.4092887],[76.9608524,28.4090755],[76.9607964,28.4089133],[76.9608279,28.4089012],[76.9608834,28.409076]]]}},{"type":"Feature","properties":{"v":"Hayatpur","m":"76","k":"8/1/2","t":"Harsaru","vc":"04116","area":1064.2,"lat":28.409167,"lng":76.9600853},"geometry":{"type":"Polygon","coordinates":[[[76.9603188,28.4090655],[76.9603137,28.4092772],[76.9598518,28.4092686],[76.9598569,28.4090568],[76.9603188,28.4090655]]]}},{"type":"Feature","properties":{"v":"Hayatpur","m":"76","k":"9/1/2","t":"Harsaru","vc":"04116","area":417.2,"lat":28.4095004,"lng":76.9594066},"geometry":{"type":"Polygon","coordinates":[[[76.9596221,28.409567],[76.9592628,28.4095602],[76.9592664,28.4094089],[76.9594236,28.4094119],[76.9594916,28.4095225],[76.9596239,28.4094913],[76.9596221,28.409567]]]}},{"type":"Feature","properties":{"v":"Hayatpur","m":"76","k":"9/1/3","t":"Harsaru","vc":"04116","area":253.4,"lat":28.4094831,"lng":76.9591876},"geometry":{"type":"Polygon","coordinates":[[[76.9592664,28.4094089],[76.9592628,28.4095602],[76.9591088,28.4095573],[76.9591124,28.4094061],[76.9592664,28.4094089]]]}},{"type":"Feature","properties":{"v":"Hayatpur","m":"72","k":"14/2","t":"Harsaru","vc":"04116","area":704.1,"lat":28.4112333,"lng":76.9571857},"geometry":{"type":"Polygon","coordinates":[[[76.9568423,28.4112741],[76.9568446,28.4111796],[76.957529,28.4111924],[76.9575267,28.411287],[76.9568423,28.4112741]]]}},{"type":"Feature","properties":{"v":"Hayatpur","m":"72","k":"4/1","t":"Harsaru","vc":"04116","area":38.0,"lat":28.4127992,"lng":76.956857},"geometry":{"type":"Polygon","coordinates":[[[76.9568064,28.412768],[76.9569593,28.4128162],[76.9568053,28.4128133],[76.9568064,28.412768]]]}},{"type":"Feature","properties":{"v":"Hayatpur","m":"72","k":"3/2/1","t":"Harsaru","vc":"04116","area":619.4,"lat":28.412721,"lng":76.9565753},"geometry":{"type":"Polygon","coordinates":[[[76.9568053,28.4128133],[76.9564289,28.4128063],[76.9564351,28.4125491],[76.9568064,28.412768],[76.9568053,28.4128133]]]}},{"type":"Feature","properties":{"v":"Hayatpur","m":"72","k":"3/1/2","t":"Harsaru","vc":"04116","area":626.4,"lat":28.4123747,"lng":76.9563229},"geometry":{"type":"Polygon","coordinates":[[[76.9564351,28.4125491],[76.9561815,28.4124182],[76.9561854,28.4122569],[76.956442,28.4122617],[76.9564351,28.4125491]]]}},{"type":"Feature","properties":{"v":"Hayatpur","m":"72","k":"2/2","t":"Harsaru","vc":"04116","area":190.1,"lat":28.4122997,"lng":76.9560474},"geometry":{"type":"Polygon","coordinates":[[[76.9560228,28.4122538],[76.956134,28.4122559],[76.9561308,28.4123921],[76.9558774,28.4122511],[76.9560228,28.4122538]]]}},{"type":"Feature","properties":{"v":"Hayatpur","m":"72","k":"9/1","t":"Harsaru","vc":"04116","area":1273.8,"lat":28.4121105,"lng":76.955644},"geometry":{"type":"Polygon","coordinates":[[[76.9554496,28.4122431],[76.9554551,28.4120161],[76.9554595,28.4118346],[76.9560228,28.4122538],[76.9558774,28.4122511],[76.9554496,28.4122431]]]}},{"type":"Feature","properties":{"v":"Hayatpur","m":"72","k":"10/2","t":"Harsaru","vc":"04116","area":1689.9,"lat":28.4121232,"lng":76.9551102},"geometry":{"type":"Polygon","coordinates":[[[76.9554496,28.4122431],[76.9547652,28.4122302],[76.9547707,28.4120033],[76.9554551,28.4120161],[76.9554496,28.4122431]]]}},{"type":"Feature","properties":{"v":"Hayatpur","m":"72","k":"11/2","t":"Harsaru","vc":"04116","area":98.5,"lat":28.4116274,"lng":76.9554359},"geometry":{"type":"Polygon","coordinates":[[[76.9554627,28.4116985],[76.9553772,28.4116969],[76.9554678,28.4114867],[76.9554627,28.4116985]]]}},{"type":"Feature","properties":{"v":"Hayatpur","m":"72","k":"12/2","t":"Harsaru","vc":"04116","area":278.8,"lat":28.4112658,"lng":76.9555245},"geometry":{"type":"Polygon","coordinates":[[[76.9556298,28.4111568],[76.9554678,28.4114867],[76.9554758,28.4111539],[76.9556298,28.4111568]]]}},{"type":"Feature","properties":{"v":"Hayatpur","m":"72","k":"19/2","t":"Harsaru","vc":"04116","area":1571.4,"lat":28.4108462,"lng":76.9556236},"geometry":{"type":"Polygon","coordinates":[[[76.9554889,28.4106093],[76.9558653,28.4106164],[76.9556298,28.4111568],[76.9554758,28.4111539],[76.9554889,28.4106093]]]}},{"type":"Feature","properties":{"v":"Hayatpur","m":"72","k":"22/2","t":"Harsaru","vc":"04116","area":997.2,"lat":28.4104215,"lng":76.956075},"geometry":{"type":"Polygon","coordinates":[[[76.9561857,28.4101078],[76.9561733,28.4106221],[76.9558771,28.4106166],[76.9561069,28.4101373],[76.9561857,28.4101078]]]}},{"type":"Feature","properties":{"v":"Hayatpur","m":"72","k":"21/1","t":"Harsaru","vc":"04116","area":341.5,"lat":28.4105071,"lng":76.9549113},"geometry":{"type":"Polygon","coordinates":[[[76.9548045,28.4105964],[76.9548078,28.4104603],[76.9549727,28.4104199],[76.9550552,28.4103997],[76.95495,28.4105992],[76.9548045,28.4105964]]]}},{"type":"Feature","properties":{"v":"Hayatpur","m":"72","k":"20/2","t":"Harsaru","vc":"04116","area":275.5,"lat":28.4107133,"lng":76.9548502},"geometry":{"type":"Polygon","coordinates":[[[76.9548045,28.4105964],[76.95495,28.4105992],[76.9547962,28.4109444],[76.9548045,28.4105964]]]}},{"type":"Feature","properties":{"v":"Hayatpur","m":"71","k":"16/1","t":"Harsaru","vc":"04116","area":91.4,"lat":28.4110749,"lng":76.9547645},"geometry":{"type":"Polygon","coordinates":[[[76.9547059,28.4111394],[76.9547962,28.4109444],[76.9547914,28.411141],[76.9547059,28.4111394]]]}},{"type":"Feature","properties":{"v":"Hayatpur","m":"71","k":"15/3/2","t":"Harsaru","vc":"04116","area":532.1,"lat":28.4113218,"lng":76.954705},"geometry":{"type":"Polygon","coordinates":[[[76.9547838,28.4114587],[76.9545614,28.4114545],[76.9547059,28.4111394],[76.9547914,28.411141],[76.9547838,28.4114587]]]}},{"type":"Feature","properties":{"v":"Hayatpur","m":"71","k":"15/2/2","t":"Harsaru","vc":"04116","area":25.2,"lat":28.4114665,"lng":76.9545122},"geometry":{"type":"Polygon","coordinates":[[[76.9545614,28.4114545],[76.9545335,28.4114927],[76.9544416,28.4114523],[76.9545614,28.4114545]]]}},{"type":"Feature","properties":{"v":"Hayatpur","m":"71","k":"17/1","t":"Harsaru","vc":"04116","area":395.4,"lat":28.4110584,"lng":76.9535666},"geometry":{"type":"Polygon","coordinates":[[[76.9534226,28.4111153],[76.9534252,28.4110094],[76.95354,28.4109563],[76.9537991,28.4111224],[76.9536451,28.4111195],[76.9534226,28.4111153]]]}},{"type":"Feature","properties":{"v":"Hayatpur","m":"71","k":"14/2/2","t":"Harsaru","vc":"04116","area":278.9,"lat":28.4111817,"lng":76.954003},"geometry":{"type":"Polygon","coordinates":[[[76.9537991,28.4111224],[76.954107,28.4111281],[76.954103,28.4112946],[76.9537991,28.4111224]]]}},{"type":"Feature","properties":{"v":"Hayatpur","m":"71","k":"15/1/2","t":"Harsaru","vc":"04116","area":901.4,"lat":28.4112567,"lng":76.9542929},"geometry":{"type":"Polygon","coordinates":[[[76.9544492,28.4111346],[76.9544416,28.4114523],[76.954103,28.4112946],[76.954107,28.4111281],[76.9544492,28.4111346]]]}},{"type":"Feature","properties":{"v":"Hayatpur","m":"74","k":"5/1","t":"Harsaru","vc":"04116","area":1216.7,"lat":28.4126201,"lng":76.9610209},"geometry":{"type":"Polygon","coordinates":[[[76.9611171,28.4128943],[76.9609117,28.4128904],[76.9609248,28.4123458],[76.9611301,28.4123497],[76.9611171,28.4128943]]]}},{"type":"Feature","properties":{"v":"Hayatpur","m":"71","k":"2/2","t":"Harsaru","vc":"04116","area":1239.0,"lat":28.4122684,"lng":76.9523678},"geometry":{"type":"Polygon","coordinates":[[[76.9520236,28.4123451],[76.9520277,28.4121787],[76.952712,28.4121916],[76.952708,28.412358],[76.9520236,28.4123451]]]}},{"type":"Feature","properties":{"v":"Hayatpur","m":"71","k":"4/1","t":"Harsaru","vc":"04116","area":232.4,"lat":28.4126952,"lng":76.9534702},"geometry":{"type":"Polygon","coordinates":[[[76.9533873,28.4125826],[76.95364,28.4127539],[76.9533833,28.412749],[76.9533873,28.4125826]]]}},{"type":"Feature","properties":{"v":"Hayatpur","m":"71","k":"3/2/2","t":"Harsaru","vc":"04116","area":1281.1,"lat":28.4123413,"lng":76.9532024},"geometry":{"type":"Polygon","coordinates":[[[76.9529479,28.4123474],[76.9529516,28.4121961],[76.9533964,28.4122045],[76.9533873,28.4125826],[76.9529479,28.4123474]]]}},{"type":"Feature","properties":{"v":"Hayatpur","m":"61","k":"15/1","t":"Harsaru","vc":"04116","area":253.5,"lat":28.4170711,"lng":76.9541182},"geometry":{"type":"Polygon","coordinates":[[[76.9540143,28.4171196],[76.9540179,28.4169683],[76.9543223,28.4171254],[76.9540143,28.4171196]]]}},{"type":"Feature","properties":{"v":"Hayatpur","m":"68","k":"16/1/2","t":"Harsaru","vc":"04116","area":912.6,"lat":28.4135164,"lng":76.9544845},"geometry":{"type":"Polygon","coordinates":[[[76.9543968,28.4133129],[76.9546706,28.4133181],[76.954418,28.4138582],[76.9543838,28.4138575],[76.9543968,28.4133129]]]}},{"type":"Feature","properties":{"v":"Hayatpur","m":"68","k":"24/1/1","t":"Harsaru","vc":"04116","area":992.7,"lat":28.4131815,"lng":76.9535744},"geometry":{"type":"Polygon","coordinates":[[[76.9537467,28.4133007],[76.9533702,28.4132936],[76.9533757,28.4130667],[76.9538035,28.4130748],[76.9537467,28.4133007]]]}},{"type":"Feature","properties":{"v":"Hayatpur","m":"68","k":"24/1/2","t":"Harsaru","vc":"04116","area":696.7,"lat":28.4131938,"lng":76.9539158},"geometry":{"type":"Polygon","coordinates":[[[76.9537467,28.4133007],[76.9538035,28.4130748],[76.9540601,28.4130796],[76.9540546,28.4133065],[76.9537467,28.4133007]]]}},{"type":"Feature","properties":{"v":"Hayatpur","m":"68","k":"24/2/2","t":"Harsaru","vc":"04116","area":636.6,"lat":28.4129465,"lng":76.9539547},"geometry":{"type":"Polygon","coordinates":[[[76.9540601,28.4130796],[76.9538035,28.4130748],[76.9538873,28.4128763],[76.9538271,28.4128028],[76.9540667,28.4128073],[76.9540601,28.4130796]]]}},{"type":"Feature","properties":{"v":"Hayatpur","m":"66","k":"5/2","t":"Harsaru","vc":"04116","area":414.2,"lat":28.4152222,"lng":76.9615234},"geometry":{"type":"Polygon","coordinates":[[[76.9615309,28.4156262],[76.9614966,28.4156255],[76.961509,28.4151112],[76.9610333,28.4151023],[76.9608577,28.4151444],[76.9608583,28.4151172],[76.961034,28.415072],[76.9615439,28.4150816],[76.9615432,28.4151118],[76.9615309,28.4156262]]]}},{"type":"Feature","properties":{"v":"Hayatpur","m":"66","k":"6/2/2","t":"Harsaru","vc":"04116","area":1769.6,"lat":28.4147736,"lng":76.9613564},"geometry":{"type":"Polygon","coordinates":[[[76.9615464,28.4149757],[76.9610292,28.414966],[76.9610246,28.4148621],[76.9612247,28.4148658],[76.9612327,28.4145309],[76.961557,28.414537],[76.9615464,28.4149757]]]}},{"type":"Feature","properties":{"v":"Hayatpur","m":"66","k":"6/3","t":"Harsaru","vc":"04116","area":261.1,"lat":28.4147368,"lng":76.9612016},"geometry":{"type":"Polygon","coordinates":[[[76.9611774,28.4146574],[76.9611805,28.4145299],[76.9612327,28.4145309],[76.9612247,28.4148658],[76.9610246,28.4148621],[76.9610226,28.4148185],[76.9611735,28.4148213],[76.9611774,28.4146574]]]}},{"type":"Feature","properties":{"v":"Hayatpur","m":"66","k":"6/4","t":"Harsaru","vc":"04116","area":279.1,"lat":28.4147369,"lng":76.9610972},"geometry":{"type":"Polygon","coordinates":[[[76.9611774,28.4146574],[76.9611735,28.4148213],[76.9610226,28.4148185],[76.9610152,28.4146544],[76.9611774,28.4146574]]]}},{"type":"Feature","properties":{"v":"Hayatpur","m":"66","k":"6/5","t":"Harsaru","vc":"04116","area":231.2,"lat":28.4145915,"lng":76.9610956},"geometry":{"type":"Polygon","coordinates":[[[76.9611774,28.4146574],[76.9610152,28.4146544],[76.9610094,28.4145267],[76.9611805,28.4145299],[76.9611774,28.4146574]]]}},{"type":"Feature","properties":{"v":"Hayatpur","m":"66","k":"14/1/2","t":"Harsaru","vc":"04116","area":80.1,"lat":28.4144489,"lng":76.9605538},"geometry":{"type":"Polygon","coordinates":[[[76.9605067,28.4143811],[76.9605636,28.4143822],[76.9605988,28.414519],[76.9605475,28.4145181],[76.9605067,28.4143811]]]}},{"type":"Feature","properties":{"v":"Hayatpur","m":"66","k":"14/1/3","t":"Harsaru","vc":"04116","area":383.1,"lat":28.4144513,"lng":76.9607104},"geometry":{"type":"Polygon","coordinates":[[[76.9605636,28.4143822],[76.9608416,28.4143874],[76.9608383,28.4145235],[76.9605988,28.414519],[76.9605636,28.4143822]]]}},{"type":"Feature","properties":{"v":"Hayatpur","m":"66","k":"7/1","t":"Harsaru","vc":"04116","area":265.2,"lat":28.4145747,"lng":76.9607012},"geometry":{"type":"Polygon","coordinates":[[[76.9605959,28.4146622],[76.9605988,28.414519],[76.9608383,28.4145235],[76.9608369,28.414584],[76.9605959,28.4146622]]]}},{"type":"Feature","properties":{"v":"Hayatpur","m":"66","k":"7/2","t":"Harsaru","vc":"04116","area":67.9,"lat":28.4145875,"lng":76.9605759},"geometry":{"type":"Polygon","coordinates":[[[76.9605637,28.4146726],[76.9605475,28.4145181],[76.9605988,28.414519],[76.9605959,28.4146622],[76.9605637,28.4146726]]]}},{"type":"Feature","properties":{"v":"Hayatpur","m":"66","k":"14/2/2","t":"Harsaru","vc":"04116","area":73.3,"lat":28.4141377,"lng":76.9603969},"geometry":{"type":"Polygon","coordinates":[[[76.9604475,28.4141818],[76.9603663,28.4141813],[76.9603523,28.4140906],[76.9604207,28.4140919],[76.9604475,28.4141818]]]}},{"type":"Feature","properties":{"v":"Hayatpur","m":"66","k":"14/2/3","t":"Harsaru","vc":"04116","area":196.0,"lat":28.4142326,"lng":76.9604938},"geometry":{"type":"Polygon","coordinates":[[[76.9604475,28.4141818],[76.9604207,28.4140919],[76.9604892,28.4140932],[76.9605636,28.4143822],[76.9605067,28.4143811],[76.9604475,28.4141818]]]}},{"type":"Feature","properties":{"v":"Hayatpur","m":"66","k":"14/2/4","t":"Harsaru","vc":"04116","area":996.5,"lat":28.4142346,"lng":76.960685},"geometry":{"type":"Polygon","coordinates":[[[76.9608485,28.4141],[76.9608416,28.4143874],[76.9605636,28.4143822],[76.9604892,28.4140932],[76.9608485,28.4141]]]}},{"type":"Feature","properties":{"v":"Hayatpur","m":"66","k":"14/2/5","t":"Harsaru","vc":"04116","area":856.4,"lat":28.4140333,"lng":76.9605249},"geometry":{"type":"Polygon","coordinates":[[[76.9608485,28.4141],[76.9604892,28.4140932],[76.9604207,28.4140919],[76.9603523,28.4140906],[76.9601983,28.4140878],[76.9602012,28.4139667],[76.9608514,28.4139789],[76.9608485,28.4141]]]}},{"type":"Feature","properties":{"v":"Hayatpur","m":"66","k":"15/2/2","t":"Harsaru","vc":"04116","area":1689.5,"lat":28.4140995,"lng":76.9612251},"geometry":{"type":"Polygon","coordinates":[[[76.9615646,28.4142193],[76.9608802,28.4142065],[76.9608856,28.4139796],[76.96157,28.4139924],[76.9615646,28.4142193]]]}},{"type":"Feature","properties":{"v":"Hayatpur","m":"44","k":"26","t":"Harsaru","vc":"04116","area":578.5,"lat":28.4046536,"lng":76.9302092},"geometry":{"type":"Polygon","coordinates":[[[76.9301713,28.4046828],[76.9300034,28.4044366],[76.9300823,28.4044073],[76.9302988,28.4046852],[76.9304079,28.404839],[76.9303286,28.4048674],[76.930294,28.4048819],[76.9301713,28.4046828]]]}},{"type":"Feature","properties":{"v":"Hayatpur","m":"44","k":"6/2","t":"Harsaru","vc":"04116","area":2027.5,"lat":28.4059603,"lng":76.9304961},"geometry":{"type":"Polygon","coordinates":[[[76.9302724,28.4057744],[76.9309567,28.4057874],[76.9302591,28.406319],[76.9302724,28.4057744]]]}},{"type":"Feature","properties":{"v":"Hayatpur","m":"44","k":"18/2/2","t":"Harsaru","vc":"04116","area":1209.4,"lat":28.4047998,"lng":76.9293821},"geometry":{"type":"Polygon","coordinates":[[[76.9296144,28.4046722],[76.9296111,28.4048084],[76.9295052,28.4049426],[76.929163,28.4049361],[76.9291504,28.404846],[76.929232,28.4047549],[76.9291354,28.4046631],[76.9296144,28.4046722]]]}},{"type":"Feature","properties":{"v":"Hayatpur","m":"44","k":"13","t":"Harsaru","vc":"04116","area":1319.6,"lat":28.405442,"lng":76.9294751},"geometry":{"type":"Polygon","coordinates":[[[76.9296012,28.4052168],[76.929588,28.4057614],[76.9295024,28.4057598],[76.9294181,28.4056387],[76.9292761,28.4052106],[76.9294472,28.4052139],[76.9296012,28.4052168]]]}},{"type":"Feature","properties":{"v":"Hayatpur","m":"44","k":"25","t":"Harsaru","vc":"04116","area":4055.3,"lat":28.4044194,"lng":76.9306476},"geometry":{"type":"Polygon","coordinates":[[[76.9302988,28.4046852],[76.930312,28.4041406],[76.9309964,28.4041536],[76.9309831,28.4046982],[76.9302988,28.4046852]]]}},{"type":"Feature","properties":{"v":"Hayatpur","m":"44","k":"24/1","t":"Harsaru","vc":"04116","area":1064.6,"lat":28.4043457,"lng":76.9297237},"geometry":{"type":"Polygon","coordinates":[[[76.9296144,28.4046722],[76.9296277,28.4041276],[76.9299185,28.4041331],[76.9296829,28.4046735],[76.9296144,28.4046722]]]}},{"type":"Feature","properties":{"v":"Hayatpur","m":"44","k":"23","t":"Harsaru","vc":"04116","area":3831.4,"lat":28.4043735,"lng":76.9292926},"geometry":{"type":"Polygon","coordinates":[[[76.9289433,28.4041146],[76.9290118,28.4041159],[76.9296277,28.4041276],[76.9296144,28.4046722],[76.9291354,28.4046631],[76.928951,28.4043777],[76.928888,28.4042801],[76.9288905,28.4041747],[76.928892,28.4041136],[76.9289433,28.4041146]]]}},{"type":"Feature","properties":{"v":"Hayatpur","m":"44","k":"18/1/2","t":"Harsaru","vc":"04116","area":836.2,"lat":28.4050582,"lng":76.9293606},"geometry":{"type":"Polygon","coordinates":[[[76.929163,28.4049361],[76.9295052,28.4049426],[76.9295565,28.4049435],[76.9294472,28.4052139],[76.9292761,28.4052106],[76.929163,28.4049361]]]}},{"type":"Feature","properties":{"v":"Hayatpur","m":"44","k":"17/1","t":"Harsaru","vc":"04116","area":3868.2,"lat":28.4049612,"lng":76.9299434},"geometry":{"type":"Polygon","coordinates":[[[76.9302856,28.4052298],[76.9296012,28.4052168],[76.9296078,28.4049445],[76.9296111,28.4048084],[76.9296829,28.4046735],[76.9301713,28.4046828],[76.930294,28.4048819],[76.9302856,28.4052298]]]}},{"type":"Feature","properties":{"v":"Hayatpur","m":"44","k":"16","t":"Harsaru","vc":"04116","area":3802.7,"lat":28.404966,"lng":76.9306552},"geometry":{"type":"Polygon","coordinates":[[[76.9303198,28.4052304],[76.9303286,28.4048674],[76.9304079,28.404839],[76.9302988,28.4046852],[76.9309831,28.4046982],[76.9309699,28.4052428],[76.9303198,28.4052304]]]}},{"type":"Feature","properties":{"v":"Hayatpur","m":"44","k":"15","t":"Harsaru","vc":"04116","area":3830.3,"lat":28.4055237,"lng":76.9306208},"geometry":{"type":"Polygon","coordinates":[[[76.9302848,28.40526],[76.9309692,28.405273],[76.9309567,28.4057874],[76.9302724,28.4057744],[76.9302848,28.40526]]]}},{"type":"Feature","properties":{"v":"Hayatpur","m":"44","k":"14","t":"Harsaru","vc":"04116","area":4055.3,"lat":28.4054956,"lng":76.9299368},"geometry":{"type":"Polygon","coordinates":[[[76.9296012,28.4052168],[76.9302856,28.4052298],[76.9302848,28.40526],[76.9302724,28.4057744],[76.929588,28.4057614],[76.9296012,28.4052168]]]}},{"type":"Feature","properties":{"v":"Hayatpur","m":"44","k":"7","t":"Harsaru","vc":"04116","area":3852.4,"lat":28.4060237,"lng":76.9299374},"geometry":{"type":"Polygon","coordinates":[[[76.9302591,28.406319],[76.9297288,28.4063089],[76.9295024,28.4057598],[76.929588,28.4057614],[76.9302724,28.4057744],[76.9302591,28.406319]]]}},{"type":"Feature","properties":{"v":"Hayatpur","m":"44","k":"6/1","t":"Harsaru","vc":"04116","area":2027.7,"lat":28.4061461,"lng":76.9307198},"geometry":{"type":"Polygon","coordinates":[[[76.9309435,28.406332],[76.9302591,28.406319],[76.9309567,28.4057874],[76.9309435,28.406332]]]}},{"type":"Feature","properties":{"v":"Hayatpur","m":"44","k":"5","t":"Harsaru","vc":"04116","area":4055.5,"lat":28.4065978,"lng":76.9305947},"geometry":{"type":"Polygon","coordinates":[[[76.9302459,28.4068636],[76.9302591,28.406319],[76.9309435,28.406332],[76.9309303,28.4068766],[76.9302459,28.4068636]]]}},{"type":"Feature","properties":{"v":"Hayatpur","m":"44","k":"4","t":"Harsaru","vc":"04116","area":2179.7,"lat":28.4065475,"lng":76.9300576},"geometry":{"type":"Polygon","coordinates":[[[76.9302459,28.4068636],[76.9300406,28.4068597],[76.9298077,28.4064484],[76.9297288,28.4063089],[76.9302591,28.406319],[76.9302459,28.4068636]]]}},{"type":"Feature","properties":{"v":"Hayatpur","m":"47","k":"19/1","t":"Harsaru","vc":"04116","area":1013.6,"lat":28.4049948,"lng":76.9322597},"geometry":{"type":"Polygon","coordinates":[[[76.9321676,28.4052655],[76.9321808,28.4047209],[76.9323519,28.4047241],[76.9323386,28.4052687],[76.9321676,28.4052655]]]}},{"type":"Feature","properties":{"v":"Hayatpur","m":"47","k":"12/2","t":"Harsaru","vc":"04116","area":1914.6,"lat":28.4055529,"lng":76.9321606},"geometry":{"type":"Polygon","coordinates":[[[76.9323254,28.4058133],[76.9319833,28.4058068],[76.9319957,28.4052925],[76.9323379,28.405299],[76.9323254,28.4058133]]]}},{"type":"Feature","properties":{"v":"Hayatpur","m":"47","k":"8/2","t":"Harsaru","vc":"04116","area":2027.7,"lat":28.4060889,"lng":76.9324899},"geometry":{"type":"Polygon","coordinates":[[[76.9323122,28.4063579],[76.9323254,28.4058133],[76.9326676,28.4058198],[76.9326663,28.4058728],[76.9326544,28.4063644],[76.9323122,28.4063579]]]}},{"type":"Feature","properties":{"v":"Hayatpur","m":"47","k":"4/1","t":"Harsaru","vc":"04116","area":2027.4,"lat":28.4065568,"lng":76.9332203},"geometry":{"type":"Polygon","coordinates":[[[76.9329966,28.4063709],[76.9336809,28.4063839],[76.9329834,28.4069155],[76.9329966,28.4063709]]]}},{"type":"Feature","properties":{"v":"Hayatpur","m":"47","k":"26","t":"Harsaru","vc":"04116","area":585.6,"lat":28.4050217,"lng":76.9340009},"geometry":{"type":"Polygon","coordinates":[[[76.9342001,28.4050996],[76.9339805,28.4051572],[76.9338136,28.4049282],[76.9339995,28.404887],[76.9342001,28.4050996]]]}},{"type":"Feature","properties":{"v":"Hayatpur","m":"47","k":"13","t":"Harsaru","vc":"04116","area":3829.9,"lat":28.4055626,"lng":76.9326739},"geometry":{"type":"Polygon","coordinates":[[[76.9323254,28.4058133],[76.9323379,28.405299],[76.9330223,28.405312],[76.9330098,28.4058263],[76.9326676,28.4058198],[76.9323254,28.4058133]]]}},{"type":"Feature","properties":{"v":"Hayatpur","m":"47","k":"24","t":"Harsaru","vc":"04116","area":3558.5,"lat":28.4045065,"lng":76.9333577},"geometry":{"type":"Polygon","coordinates":[[[76.9333985,28.4041992],[76.9334003,28.4041992],[76.9334502,28.4042406],[76.9334835,28.4042812],[76.9338021,28.4046691],[76.9338745,28.404753],[76.9337206,28.4047501],[76.9330362,28.4047371],[76.9330494,28.4041925],[76.9333985,28.4041992]]]}},{"type":"Feature","properties":{"v":"Hayatpur","m":"47","k":"23/1","t":"Harsaru","vc":"04116","area":2027.5,"lat":28.4045512,"lng":76.9328125},"geometry":{"type":"Polygon","coordinates":[[[76.9330362,28.4047371],[76.9323519,28.4047241],[76.9330494,28.4041925],[76.9330362,28.4047371]]]}},{"type":"Feature","properties":{"v":"Hayatpur","m":"47","k":"22","t":"Harsaru","vc":"04116","area":4055.3,"lat":28.4044454,"lng":76.9320163},"geometry":{"type":"Polygon","coordinates":[[[76.9316675,28.4047112],[76.9316807,28.4041666],[76.9323651,28.4041796],[76.9323519,28.4047241],[76.9321808,28.4047209],[76.9316675,28.4047112]]]}},{"type":"Feature","properties":{"v":"Hayatpur","m":"47","k":"21","t":"Harsaru","vc":"04116","area":4055.2,"lat":28.4044324,"lng":76.9313319},"geometry":{"type":"Polygon","coordinates":[[[76.9316675,28.4047112],[76.9309831,28.4046982],[76.9309964,28.4041536],[76.9316807,28.4041666],[76.9316675,28.4047112]]]}},{"type":"Feature","properties":{"v":"Hayatpur","m":"47","k":"20","t":"Harsaru","vc":"04116","area":4055.5,"lat":28.404977,"lng":76.9313187},"geometry":{"type":"Polygon","coordinates":[[[76.9316543,28.4052558],[76.9309699,28.4052428],[76.9309831,28.4046982],[76.9316675,28.4047112],[76.9316543,28.4052558]]]}},{"type":"Feature","properties":{"v":"Hayatpur","m":"47","k":"19/2","t":"Harsaru","vc":"04116","area":3041.6,"lat":28.4049883,"lng":76.9319176},"geometry":{"type":"Polygon","coordinates":[[[76.9316543,28.4052558],[76.9316675,28.4047112],[76.9321808,28.4047209],[76.9321676,28.4052655],[76.9316543,28.4052558]]]}},{"type":"Feature","properties":{"v":"Hayatpur","m":"47","k":"18","t":"Harsaru","vc":"04116","area":4055.2,"lat":28.4050029,"lng":76.9326874},"geometry":{"type":"Polygon","coordinates":[[[76.9323386,28.4052687],[76.9323519,28.4047241],[76.9330362,28.4047371],[76.933023,28.4052817],[76.9323386,28.4052687]]]}},{"type":"Feature","properties":{"v":"Hayatpur","m":"47","k":"17","t":"Harsaru","vc":"04116","area":4055.5,"lat":28.4050159,"lng":76.9333718},"geometry":{"type":"Polygon","coordinates":[[[76.933023,28.4052817],[76.9330362,28.4047371],[76.9337206,28.4047501],[76.9337074,28.4052947],[76.933023,28.4052817]]]}},{"type":"Feature","properties":{"v":"Hayatpur","m":"47","k":"16","t":"Harsaru","vc":"04116","area":1854.9,"lat":28.4051001,"lng":76.9339253},"geometry":{"type":"Polygon","coordinates":[[[76.9337074,28.4052947],[76.9337206,28.4047501],[76.9338745,28.404753],[76.9339995,28.404887],[76.9338136,28.4049282],[76.9339805,28.4051572],[76.9342001,28.4050996],[76.9343481,28.4053068],[76.9337074,28.4052947]]]}},{"type":"Feature","properties":{"v":"Hayatpur","m":"47","k":"15","t":"Harsaru","vc":"04116","area":3543.2,"lat":28.4055881,"lng":76.9340169},"geometry":{"type":"Polygon","coordinates":[[[76.9336942,28.4058393],[76.9337066,28.4053249],[76.9343397,28.4053369],[76.9343272,28.4058513],[76.9336942,28.4058393]]]}},{"type":"Feature","properties":{"v":"Hayatpur","m":"47","k":"14","t":"Harsaru","vc":"04116","area":3829.9,"lat":28.4055756,"lng":76.9333582},"geometry":{"type":"Polygon","coordinates":[[[76.9330098,28.4058263],[76.9330223,28.405312],[76.9337066,28.4053249],[76.9336942,28.4058393],[76.9330098,28.4058263]]]}},{"type":"Feature","properties":{"v":"Hayatpur","m":"47","k":"12/1","t":"Harsaru","vc":"04116","area":1914.8,"lat":28.4055464,"lng":76.9318184},"geometry":{"type":"Polygon","coordinates":[[[76.9319833,28.4058068],[76.9316411,28.4058004],[76.9316536,28.405286],[76.9319957,28.4052925],[76.9319833,28.4058068]]]}},{"type":"Feature","properties":{"v":"Hayatpur","m":"47","k":"11","t":"Harsaru","vc":"04116","area":3830.6,"lat":28.4055367,"lng":76.9313052},"geometry":{"type":"Polygon","coordinates":[[[76.9316411,28.4058004],[76.9309567,28.4057874],[76.9309692,28.405273],[76.9316536,28.405286],[76.9316411,28.4058004]]]}},{"type":"Feature","properties":{"v":"Hayatpur","m":"47","k":"10","t":"Harsaru","vc":"04116","area":4055.1,"lat":28.4060662,"lng":76.9312923},"geometry":{"type":"Polygon","coordinates":[[[76.9316279,28.4063449],[76.9309435,28.406332],[76.9309567,28.4057874],[76.9316411,28.4058004],[76.9316279,28.4063449]]]}},{"type":"Feature","properties":{"v":"Hayatpur","m":"47","k":"9","t":"Harsaru","vc":"04116","area":4054.7,"lat":28.4060791,"lng":76.9319767},"geometry":{"type":"Polygon","coordinates":[[[76.9323122,28.4063579],[76.9316279,28.4063449],[76.9316411,28.4058004],[76.9319833,28.4058068],[76.9323254,28.4058133],[76.9323122,28.4063579]]]}},{"type":"Feature","properties":{"v":"Hayatpur","m":"47","k":"8/1/1","t":"Harsaru","vc":"04116","area":1830.4,"lat":28.4061218,"lng":76.9328314},"geometry":{"type":"Polygon","coordinates":[[[76.9329966,28.4063709],[76.9326544,28.4063644],[76.9326663,28.4058728],[76.9330085,28.4058793],[76.9329966,28.4063709]]]}},{"type":"Feature","properties":{"v":"Hayatpur","m":"47","k":"7","t":"Harsaru","vc":"04116","area":4055.2,"lat":28.4061051,"lng":76.9333454},"geometry":{"type":"Polygon","coordinates":[[[76.9336809,28.4063839],[76.9329966,28.4063709],[76.9330085,28.4058793],[76.9330098,28.4058263],[76.9336942,28.4058393],[76.9336809,28.4063839]]]}},{"type":"Feature","properties":{"v":"Hayatpur","m":"47","k":"6","t":"Harsaru","vc":"04116","area":3751.2,"lat":28.4061176,"lng":76.9340041},"geometry":{"type":"Polygon","coordinates":[[[76.934314,28.4063959],[76.9336809,28.4063839],[76.9336942,28.4058393],[76.9343272,28.4058513],[76.934314,28.4063959]]]}},{"type":"Feature","properties":{"v":"Hayatpur","m":"47","k":"5","t":"Harsaru","vc":"04116","area":3751.5,"lat":28.4066622,"lng":76.9339909},"geometry":{"type":"Polygon","coordinates":[[[76.9336677,28.4069285],[76.9336809,28.4063839],[76.934314,28.4063959],[76.9343008,28.4069405],[76.9336677,28.4069285]]]}},{"type":"Feature","properties":{"v":"Hayatpur","m":"47","k":"4/2","t":"Harsaru","vc":"04116","area":2027.4,"lat":28.4067426,"lng":76.933444},"geometry":{"type":"Polygon","coordinates":[[[76.9336677,28.4069285],[76.9329834,28.4069155],[76.9336809,28.4063839],[76.9336677,28.4069285]]]}},{"type":"Feature","properties":{"v":"Hayatpur","m":"47","k":"3","t":"Harsaru","vc":"04116","area":4055.5,"lat":28.4066367,"lng":76.9326478},"geometry":{"type":"Polygon","coordinates":[[[76.9326544,28.4063644],[76.9329966,28.4063709],[76.9329834,28.4069155],[76.932299,28.4069025],[76.9323122,28.4063579],[76.9326544,28.4063644]]]}},{"type":"Feature","properties":{"v":"Hayatpur","m":"47","k":"2","t":"Harsaru","vc":"04116","area":4055.3,"lat":28.4066237,"lng":76.9319634},"geometry":{"type":"Polygon","coordinates":[[[76.9316489,28.4068902],[76.9316146,28.4068895],[76.9316279,28.4063449],[76.9323122,28.4063579],[76.932299,28.4069025],[76.9316489,28.4068902]]]}},{"type":"Feature","properties":{"v":"Hayatpur","m":"47","k":"1","t":"Harsaru","vc":"04116","area":4055.1,"lat":28.4066107,"lng":76.9312791},"geometry":{"type":"Polygon","coordinates":[[[76.9313238,28.406884],[76.9309513,28.406877],[76.9309303,28.4068766],[76.9309435,28.406332],[76.9316279,28.4063449],[76.9316146,28.4068895],[76.9313238,28.406884]]]}},{"type":"Feature","properties":{"v":"Hayatpur","m":"48","k":"10/2","t":"Harsaru","vc":"04116","area":698.9,"lat":28.4059198,"lng":76.934643},"geometry":{"type":"Polygon","coordinates":[[[76.9348207,28.4058606],[76.9348576,28.4058613],[76.9349339,28.4059554],[76.9349573,28.4059843],[76.9349472,28.4059841],[76.9349024,28.4059833],[76.9343756,28.4059733],[76.9343785,28.4058522],[76.9348207,28.4058606]]]}},{"type":"Feature","properties":{"v":"Hayatpur","m":"48","k":"11","t":"Harsaru","vc":"04116","area":1340.5,"lat":28.4056838,"lng":76.9345424},"geometry":{"type":"Polygon","coordinates":[[[76.9347157,28.4057021],[76.934765,28.4057575],[76.9348576,28.4058613],[76.9348207,28.4058606],[76.9343785,28.4058522],[76.934391,28.4053379],[76.9347157,28.4057021]]]}},{"type":"Feature","properties":{"v":"Hayatpur","m":"48","k":"10/1/2","t":"Harsaru","vc":"04116","area":2016.6,"lat":28.4061225,"lng":76.9347149},"geometry":{"type":"Polygon","coordinates":[[[76.9349024,28.4059833],[76.9349472,28.4059841],[76.9349573,28.4059843],[76.9349841,28.406023],[76.9350056,28.4060539],[76.9351487,28.4062603],[76.9350933,28.4062593],[76.9350533,28.4062585],[76.934369,28.4062456],[76.9343756,28.4059733],[76.9349024,28.4059833]]]}},{"type":"Feature","properties":{"v":"Hayatpur","m":"48","k":"2","t":"Harsaru","vc":"04116","area":2230.5,"lat":28.4067272,"lng":76.9352432},"geometry":{"type":"Polygon","coordinates":[[[76.9352062,28.4064128],[76.935255,28.4064137],[76.9354344,28.4067142],[76.9355041,28.406831],[76.9355152,28.4068496],[76.935584,28.4069648],[76.9355687,28.4069645],[76.9350365,28.4069544],[76.9350385,28.4068697],[76.9350497,28.4064098],[76.9352062,28.4064128]]]}},{"type":"Feature","properties":{"v":"Hayatpur","m":"48","k":"1/2","t":"Harsaru","vc":"04116","area":3424.6,"lat":28.4066332,"lng":76.9347019},"geometry":{"type":"Polygon","coordinates":[[[76.9343653,28.4063968],[76.9350497,28.4064098],[76.9350385,28.4068697],[76.9343542,28.4068567],[76.9343594,28.4066389],[76.9343653,28.4063968]]]}},{"type":"Feature","properties":{"v":"Hayatpur","m":"46","k":"11","t":"Harsaru","vc":"04116","area":3449.4,"lat":28.4028227,"lng":76.9313139},"geometry":{"type":"Polygon","coordinates":[[[76.9311141,28.4023895],[76.9312506,28.402513],[76.9314715,28.4027128],[76.9317351,28.4029512],[76.9318782,28.4030806],[76.9317576,28.4030783],[76.9317071,28.4030774],[76.9310228,28.4030644],[76.931036,28.4025198],[76.9310364,28.4025048],[76.9310392,28.4023873],[76.9310408,28.4023232],[76.9311141,28.4023895]]]}},{"type":"Feature","properties":{"v":"Hayatpur","m":"46","k":"10","t":"Harsaru","vc":"04116","area":4055.1,"lat":28.4033432,"lng":76.9313583},"geometry":{"type":"Polygon","coordinates":[[[76.9317071,28.4030774],[76.9316939,28.403622],[76.9310096,28.403609],[76.9310202,28.4031703],[76.9310228,28.4030644],[76.9317071,28.4030774]]]}},{"type":"Feature","properties":{"v":"Hayatpur","m":"46","k":"9","t":"Harsaru","vc":"04116","area":2931.2,"lat":28.4034218,"lng":76.9319913},"geometry":{"type":"Polygon","coordinates":[[[76.9317576,28.4030783],[76.9318782,28.4030806],[76.9319112,28.4031131],[76.9321268,28.403325],[76.9322021,28.403399],[76.9326041,28.4036392],[76.9323783,28.403635],[76.9316939,28.403622],[76.9317071,28.4030774],[76.9317576,28.4030783]]]}},{"type":"Feature","properties":{"v":"Hayatpur","m":"46","k":"3","t":"Harsaru","vc":"04116","area":3997.7,"lat":28.4039686,"lng":76.9327482},"geometry":{"type":"Polygon","coordinates":[[[76.9326041,28.4036392],[76.9327342,28.4037139],[76.933069,28.4039058],[76.9332128,28.4040331],[76.9333817,28.4041827],[76.9334003,28.4041992],[76.9333985,28.4041992],[76.9330494,28.4041925],[76.9323651,28.4041796],[76.9323783,28.403635],[76.9326041,28.4036392]]]}},{"type":"Feature","properties":{"v":"Hayatpur","m":"46","k":"2","t":"Harsaru","vc":"04116","area":4055.6,"lat":28.4039008,"lng":76.9320295},"geometry":{"type":"Polygon","coordinates":[[[76.9323783,28.403635],[76.9323651,28.4041796],[76.9316807,28.4041666],[76.9316939,28.403622],[76.9323783,28.403635]]]}},{"type":"Feature","properties":{"v":"Hayatpur","m":"46","k":"1","t":"Harsaru","vc":"04116","area":4055.0,"lat":28.4038878,"lng":76.9313451},"geometry":{"type":"Polygon","coordinates":[[[76.9316939,28.403622],[76.9316807,28.4041666],[76.9309964,28.4041536],[76.9310096,28.403609],[76.9316939,28.403622]]]}},{"type":"Feature","properties":{"v":"Hayatpur","m":"45","k":"4/1/1","t":"Harsaru","vc":"04116","area":1605.2,"lat":28.4037358,"lng":76.929869},"geometry":{"type":"Polygon","coordinates":[[[76.9303252,28.403596],[76.9301325,28.4037141],[76.9296302,28.4040217],[76.9296391,28.4036587],[76.9297093,28.4035843],[76.9303252,28.403596]]]}},{"type":"Feature","properties":{"v":"Hayatpur","m":"45","k":"6/1","t":"Harsaru","vc":"04116","area":1633.5,"lat":28.4034584,"lng":76.930785},"geometry":{"type":"Polygon","coordinates":[[[76.9310096,28.403609],[76.9303252,28.403596],[76.9310202,28.4031703],[76.9310096,28.403609]]]}},{"type":"Feature","properties":{"v":"Hayatpur","m":"45","k":"16/1","t":"Harsaru","vc":"04116","area":1202.1,"lat":28.4023636,"lng":76.9308468},"geometry":{"type":"Polygon","coordinates":[[[76.9310408,28.4023232],[76.9310392,28.4023873],[76.9310364,28.4025048],[76.931036,28.4025198],[76.9306254,28.402512],[76.9307243,28.4022525],[76.9307811,28.4021035],[76.9310408,28.4023232]]]}},{"type":"Feature","properties":{"v":"Hayatpur","m":"45","k":"15/2","t":"Harsaru","vc":"04116","area":3092.1,"lat":28.4028064,"lng":76.9307641},"geometry":{"type":"Polygon","coordinates":[[[76.931036,28.4025198],[76.9310228,28.4030644],[76.9303898,28.4030524],[76.9306254,28.402512],[76.931036,28.4025198]]]}},{"type":"Feature","properties":{"v":"Hayatpur","m":"45","k":"14","t":"Harsaru","vc":"04116","area":3903.5,"lat":28.402816,"lng":76.9299893},"geometry":{"type":"Polygon","coordinates":[[[76.9302232,28.4025044],[76.9303517,28.4025068],[76.9303385,28.4030514],[76.9297225,28.4030397],[76.9296541,28.4030384],[76.9294659,28.4030349],[76.929422,28.403034],[76.9293633,28.4030329],[76.9295388,28.4028882],[76.9298718,28.4026138],[76.9298784,28.4026083],[76.9300095,28.4025003],[76.9302232,28.4025044]]]}},{"type":"Feature","properties":{"v":"Hayatpur","m":"45","k":"8/1","t":"Harsaru","vc":"04116","area":1774.0,"lat":28.4033415,"lng":76.9294901},"geometry":{"type":"Polygon","coordinates":[[[76.9292303,28.4035752],[76.9294659,28.4030349],[76.9296541,28.4030384],[76.9296508,28.4031746],[76.9296409,28.403583],[76.9292303,28.4035752]]]}},{"type":"Feature","properties":{"v":"Hayatpur","m":"45","k":"7/1","t":"Harsaru","vc":"04116","area":4004.6,"lat":28.4033201,"lng":76.9299936},"geometry":{"type":"Polygon","coordinates":[[[76.9297225,28.4030397],[76.9303385,28.4030514],[76.930337,28.4031119],[76.9303252,28.403596],[76.9297093,28.4035843],[76.9296409,28.403583],[76.9296508,28.4031746],[76.9297225,28.4030397]]]}},{"type":"Feature","properties":{"v":"Hayatpur","m":"45","k":"6/2/2","t":"Harsaru","vc":"04116","area":2404.8,"lat":28.4032449,"lng":76.9306009},"geometry":{"type":"Polygon","coordinates":[[[76.9310202,28.4031703],[76.9303252,28.403596],[76.930337,28.4031119],[76.9303898,28.4030524],[76.9310228,28.4030644],[76.9310202,28.4031703]]]}},{"type":"Feature","properties":{"v":"Hayatpur","m":"45","k":"5","t":"Harsaru","vc":"04116","area":4055.6,"lat":28.4038748,"lng":76.9306608},"geometry":{"type":"Polygon","coordinates":[[[76.9303252,28.403596],[76.9310096,28.403609],[76.9309964,28.4041536],[76.930312,28.4041406],[76.9303252,28.403596]]]}},{"type":"Feature","properties":{"v":"Hayatpur","m":"45","k":"4/2/2","t":"Harsaru","vc":"04116","area":1467.5,"lat":28.4039273,"lng":76.9301729},"geometry":{"type":"Polygon","coordinates":[[[76.930312,28.4041406],[76.9299185,28.4041331],[76.9301325,28.4037141],[76.9303252,28.403596],[76.930312,28.4041406]]]}},{"type":"Feature","properties":{"v":"Hayatpur","m":"45","k":"3/2","t":"Harsaru","vc":"04116","area":3041.3,"lat":28.4038685,"lng":76.9293738},"geometry":{"type":"Polygon","coordinates":[[[76.9296409,28.403583],[76.9296391,28.4036587],[76.9296302,28.4040217],[76.9296277,28.4041276],[76.9290118,28.4041159],[76.9292303,28.4035752],[76.9296409,28.403583]]]}},{"type":"Feature","properties":{"v":"Hayatpur","m":"0","k":"","t":"Harsaru","vc":"04116","area":2371.4,"lat":28.4055937,"lng":76.9343591},"geometry":{"type":"Polygon","coordinates":[[[76.9303198,28.4052304],[76.9309699,28.4052428],[76.9316543,28.4052558],[76.9321676,28.4052655],[76.9323386,28.4052687],[76.933023,28.4052817],[76.9337074,28.4052947],[76.9343481,28.4053068],[76.934391,28.4053379],[76.9343785,28.4058522],[76.9343756,28.4059733],[76.934369,28.4062456],[76.9343653,28.4063968],[76.9343594,28.4066389],[76.9343542,28.4068567],[76.9343521,28.4069414],[76.9343008,28.4069405],[76.934314,28.4063959],[76.9343272,28.4058513],[76.9343397,28.4053369],[76.9337066,28.4053249],[76.9330223,28.405312],[76.9323379,28.405299],[76.9319957,28.4052925],[76.9316536,28.405286],[76.9309692,28.405273],[76.9302848,28.40526],[76.9302856,28.4052298],[76.930294,28.4048819],[76.9303286,28.4048674],[76.9303198,28.4052304]]]}},{"type":"Feature","properties":{"v":"Hayatpur","m":"47","k":"23/2","t":"Harsaru","vc":"04116","area":2027.1,"lat":28.4043654,"lng":76.9325888},"geometry":{"type":"Polygon","coordinates":[[[76.9323651,28.4041796],[76.9330494,28.4041925],[76.9323519,28.4047241],[76.9323651,28.4041796]]]}},{"type":"Feature","properties":{"v":"Hayatpur","m":"44","k":"18/1/1","t":"Harsaru","vc":"04116","area":304.2,"lat":28.4051023,"lng":76.9295483},"geometry":{"type":"Polygon","coordinates":[[[76.9296012,28.4052168],[76.9294472,28.4052139],[76.9295565,28.4049435],[76.9296078,28.4049445],[76.9296012,28.4052168]]]}},{"type":"Feature","properties":{"v":"Hayatpur","m":"44","k":"18/2/1","t":"Harsaru","vc":"04116","area":75.9,"lat":28.4048985,"lng":76.9295747},"geometry":{"type":"Polygon","coordinates":[[[76.9295052,28.4049426],[76.9296111,28.4048084],[76.9296078,28.4049445],[76.9295565,28.4049435],[76.9295052,28.4049426]]]}},{"type":"Feature","properties":{"v":"Hayatpur","m":"44","k":"17/2","t":"Harsaru","vc":"04116","area":50.8,"lat":28.404718,"lng":76.9296361},"geometry":{"type":"Polygon","coordinates":[[[76.9296144,28.4046722],[76.9296829,28.4046735],[76.9296111,28.4048084],[76.9296144,28.4046722]]]}},{"type":"Feature","properties":{"v":"Hayatpur","m":"44","k":"24/2","t":"Harsaru","vc":"04116","area":2668.6,"lat":28.4044124,"lng":76.930037},"geometry":{"type":"Polygon","coordinates":[[[76.930312,28.4041406],[76.9302988,28.4046852],[76.9300823,28.4044073],[76.9300034,28.4044366],[76.9301713,28.4046828],[76.9296829,28.4046735],[76.9299185,28.4041331],[76.930312,28.4041406]]]}},{"type":"Feature","properties":{"v":"Hayatpur","m":"45","k":"3/1","t":"Harsaru","vc":"04116","area":1571.5,"lat":28.4037934,"lng":76.9289951},"geometry":{"type":"Polygon","coordinates":[[[76.928892,28.4041136],[76.9288197,28.4035674],[76.9289565,28.40357],[76.9292303,28.4035752],[76.9290118,28.4041159],[76.9289433,28.4041146],[76.928892,28.4041136]]]}},{"type":"Feature","properties":{"v":"Hayatpur","m":"45","k":"8/2","t":"Harsaru","vc":"04116","area":1799.0,"lat":28.4033603,"lng":76.9291473},"geometry":{"type":"Polygon","coordinates":[[[76.929422,28.403034],[76.9294659,28.4030349],[76.9292303,28.4035752],[76.9289565,28.40357],[76.9288197,28.4035674],[76.9288422,28.403448],[76.9288441,28.4034198],[76.9288452,28.4034027],[76.9289847,28.4033265],[76.9291218,28.4032517],[76.9292379,28.4031465],[76.9293633,28.4030329],[76.929422,28.403034]]]}},{"type":"Feature","properties":{"v":"Hayatpur","m":"45","k":"4/1/2","t":"Harsaru","vc":"04116","area":28.2,"lat":28.4036087,"lng":76.9296631},"geometry":{"type":"Polygon","coordinates":[[[76.9296391,28.4036587],[76.9296409,28.403583],[76.9297093,28.4035843],[76.9296391,28.4036587]]]}},{"type":"Feature","properties":{"v":"Hayatpur","m":"45","k":"4/2/1","t":"Harsaru","vc":"04116","area":954.1,"lat":28.4039805,"lng":76.9298642},"geometry":{"type":"Polygon","coordinates":[[[76.9301325,28.4037141],[76.9299185,28.4041331],[76.9296277,28.4041276],[76.9296302,28.4040217],[76.9301325,28.4037141]]]}},{"type":"Feature","properties":{"v":"Hayatpur","m":"45","k":"7/2","t":"Harsaru","vc":"04116","area":50.7,"lat":28.4030842,"lng":76.9296758},"geometry":{"type":"Polygon","coordinates":[[[76.9296541,28.4030384],[76.9297225,28.4030397],[76.9296508,28.4031746],[76.9296541,28.4030384]]]}},{"type":"Feature","properties":{"v":"Hayatpur","m":"45","k":"6/2/1","t":"Harsaru","vc":"04116","area":16.9,"lat":28.4030719,"lng":76.9303551},"geometry":{"type":"Polygon","coordinates":[[[76.9303385,28.4030514],[76.9303898,28.4030524],[76.930337,28.4031119],[76.9303385,28.4030514]]]}},{"type":"Feature","properties":{"v":"Hayatpur","m":"45","k":"15/1","t":"Harsaru","vc":"04116","area":963.0,"lat":28.4027188,"lng":76.9304405},"geometry":{"type":"Polygon","coordinates":[[[76.9303385,28.4030514],[76.9303517,28.4025068],[76.9306254,28.402512],[76.9303898,28.4030524],[76.9303385,28.4030514]]]}},{"type":"Feature","properties":{"v":"Hayatpur","m":"45","k":"16/2","t":"Harsaru","vc":"04116","area":1702.8,"lat":28.4023456,"lng":76.9304737},"geometry":{"type":"Polygon","coordinates":[[[76.9307811,28.4021035],[76.9307243,28.4022525],[76.9306254,28.402512],[76.9303517,28.4025068],[76.9302232,28.4025044],[76.9300095,28.4025003],[76.9302227,28.4023639],[76.9304871,28.4021948],[76.9305808,28.4021488],[76.9307415,28.40207],[76.9307811,28.4021035]]]}},{"type":"Feature","properties":{"v":"Hayatpur","m":"47","k":"8/1/2","t":"Harsaru","vc":"04116","area":197.3,"lat":28.4058495,"lng":76.9328381},"geometry":{"type":"Polygon","coordinates":[[[76.9326663,28.4058728],[76.9326676,28.4058198],[76.9330098,28.4058263],[76.9330085,28.4058793],[76.9326663,28.4058728]]]}},{"type":"Feature","properties":{"v":"Hayatpur","m":"48","k":"1/1","t":"Harsaru","vc":"04116","area":630.7,"lat":28.4069056,"lng":76.9346953},"geometry":{"type":"Polygon","coordinates":[[[76.9350365,28.4069544],[76.9343521,28.4069414],[76.9343542,28.4068567],[76.9350385,28.4068697],[76.9350365,28.4069544]]]}},{"type":"Feature","properties":{"v":"Hayatpur","m":"48","k":"10/1/1","t":"Harsaru","vc":"04116","area":1373.8,"lat":28.4063308,"lng":76.9347851},"geometry":{"type":"Polygon","coordinates":[[[76.9350533,28.4062585],[76.9350933,28.4062593],[76.9351487,28.4062603],[76.9351855,28.4063134],[76.935255,28.4064137],[76.9352062,28.4064128],[76.9350497,28.4064098],[76.9343653,28.4063968],[76.934369,28.4062456],[76.9350533,28.4062585]]]}},{"type":"Feature","properties":{"v":"Hayatpur","m":"66","k":"","t":"Harsaru","vc":"04116","area":33.7,"lat":28.4145401,"lng":76.9609178},"geometry":{"type":"Polygon","coordinates":[[[76.9608726,28.4145242],[76.9610094,28.4145267],[76.9608715,28.4145695],[76.9608726,28.4145242]]]}},{"type":"Feature","properties":{"v":"Hayatpur","m":"66","k":"","t":"Harsaru","vc":"04116","area":394.3,"lat":28.4139805,"lng":76.9534108},"geometry":{"type":"Polygon","coordinates":[[[76.953347,28.4142618],[76.9533571,28.4138382],[76.9535282,28.4138414],[76.953347,28.4142618]]]}},{"type":"Feature","properties":{"v":"Hayatpur","m":"66","k":"","t":"Harsaru","vc":"04116","area":78.4,"lat":28.4189119,"lng":76.9559366},"geometry":{"type":"Polygon","coordinates":[[[76.9559417,28.4188357],[76.9559637,28.418902],[76.9559633,28.4189217],[76.9559602,28.4190489],[76.9558903,28.4188347],[76.9559417,28.4188357]]]}},{"type":"Feature","properties":{"v":"Hayatpur","m":"66","k":"","t":"Harsaru","vc":"04116","area":1.1,"lat":28.419065,"lng":76.9559626},"geometry":{"type":"Polygon","coordinates":[[[76.9559596,28.419073],[76.9559602,28.4190489],[76.9559681,28.4190732],[76.9559596,28.419073]]]}},{"type":"Feature","properties":{"v":"Hayatpur","m":"66","k":"","t":"Harsaru","vc":"04116","area":49.0,"lat":28.4191593,"lng":76.9559763},"geometry":{"type":"Polygon","coordinates":[[[76.9559562,28.4192157],[76.9559596,28.419073],[76.9559681,28.4190732],[76.9560117,28.4192069],[76.9559562,28.4192157]]]}},{"type":"Feature","properties":{"v":"Hayatpur","m":"66","k":"","t":"Harsaru","vc":"04116","area":24.6,"lat":28.4192141,"lng":76.9560237},"geometry":{"type":"Polygon","coordinates":[[[76.9560117,28.4192069],[76.9560597,28.4191906],[76.9560716,28.4192265],[76.955956,28.4192243],[76.9559562,28.4192157],[76.9560117,28.4192069]]]}},{"type":"Feature","properties":{"v":"Hayatpur","m":"66","k":"","t":"Harsaru","vc":"04116","area":192.4,"lat":28.4191456,"lng":76.9561038},"geometry":{"type":"Polygon","coordinates":[[[76.9560716,28.4192265],[76.9560597,28.4191906],[76.9560209,28.4190742],[76.956165,28.4190769],[76.9561613,28.4192282],[76.9560716,28.4192265]]]}},{"type":"Feature","properties":{"v":"Hayatpur","m":"66","k":"","t":"Harsaru","vc":"04116","area":69.9,"lat":28.4195895,"lng":76.9563291},"geometry":{"type":"Polygon","coordinates":[[[76.9563594,28.4195346],[76.9563567,28.4196456],[76.9562989,28.4196445],[76.9563015,28.4195335],[76.9563594,28.4195346]]]}},{"type":"Feature","properties":{"v":"Hayatpur","m":"66","k":"","t":"Harsaru","vc":"04116","area":8.7,"lat":28.4196351,"lng":76.9561553},"geometry":{"type":"Polygon","coordinates":[[[76.9561538,28.419541],[76.9561595,28.4196419],[76.9561618,28.4196822],[76.9561504,28.419682],[76.9561538,28.419541]]]}},{"type":"Feature","properties":{"v":"Hayatpur","m":"66","k":"","t":"Harsaru","vc":"04116","area":37.8,"lat":28.4196628,"lng":76.9562038},"geometry":{"type":"Polygon","coordinates":[[[76.9562475,28.4196436],[76.9562466,28.4196838],[76.9561618,28.4196822],[76.9561595,28.4196419],[76.9562475,28.4196436]]]}},{"type":"Feature","properties":{"v":"Hayatpur","m":"66","k":"","t":"Harsaru","vc":"04116","area":111.7,"lat":28.4195863,"lng":76.9562026},"geometry":{"type":"Polygon","coordinates":[[[76.9561595,28.4196419],[76.9561538,28.419541],[76.9561541,28.4195307],[76.9562502,28.4195325],[76.9562475,28.4196436],[76.9561595,28.4196419]]]}},{"type":"Feature","properties":{"v":"Hayatpur","m":"66","k":"","t":"Harsaru","vc":"04116","area":25.3,"lat":28.4196652,"lng":76.9563273},"geometry":{"type":"Polygon","coordinates":[[[76.9562979,28.4196847],[76.9562989,28.4196445],[76.9563567,28.4196456],[76.9563558,28.4196858],[76.9562979,28.4196847]]]}},{"type":"Feature","properties":{"v":"Hayatpur","m":"66","k":"","t":"Harsaru","vc":"04116","area":29.9,"lat":28.4196663,"lng":76.9563905},"geometry":{"type":"Polygon","coordinates":[[[76.9564242,28.4196871],[76.9563558,28.4196858],[76.9563567,28.4196456],[76.9564252,28.4196469],[76.9564242,28.4196871]]]}},{"type":"Feature","properties":{"v":"Hayatpur","m":"66","k":"","t":"Harsaru","vc":"04116","area":25.3,"lat":28.4193626,"lng":76.9563346},"geometry":{"type":"Polygon","coordinates":[[[76.9563052,28.4193822],[76.9563061,28.419342],[76.956364,28.4193431],[76.956363,28.4193833],[76.9563052,28.4193822]]]}},{"type":"Feature","properties":{"v":"Hayatpur","m":"66","k":"","t":"Harsaru","vc":"04116","area":70.0,"lat":28.419287,"lng":76.9563364},"geometry":{"type":"Polygon","coordinates":[[[76.9563667,28.419232],[76.956364,28.4193431],[76.9563061,28.419342],[76.9563088,28.4192309],[76.9563667,28.419232]]]}},{"type":"Feature","properties":{"v":"Hayatpur","m":"66","k":"","t":"Harsaru","vc":"04116","area":89.8,"lat":28.4191849,"lng":76.956539},"geometry":{"type":"Polygon","coordinates":[[[76.9566412,28.4192069],[76.9564358,28.419203],[76.9564368,28.4191628],[76.9566421,28.4191667],[76.9566412,28.4192069]]]}},{"type":"Feature","properties":{"v":"Hayatpur","m":"66","k":"","t":"Harsaru","vc":"04116","area":20.9,"lat":28.4192576,"lng":76.9566453},"geometry":{"type":"Polygon","coordinates":[[[76.9566484,28.4193484],[76.9566378,28.4193482],[76.9566412,28.4192069],[76.9566421,28.4191667],[76.9566527,28.4191669],[76.9566484,28.4193484]]]}},{"type":"Feature","properties":{"v":"Hayatpur","m":"66","k":"","t":"Harsaru","vc":"04116","area":342.8,"lat":28.4190766,"lng":76.9566838},"geometry":{"type":"Polygon","coordinates":[[[76.9566527,28.4191669],[76.9566614,28.4188038],[76.9567193,28.4188049],[76.9567062,28.4193495],[76.9566484,28.4193484],[76.9566527,28.4191669]]]}},{"type":"Feature","properties":{"v":"Hayatpur","m":"66","k":"","t":"Harsaru","vc":"04116","area":224.9,"lat":28.418852,"lng":76.956547},"geometry":{"type":"Polygon","coordinates":[[[76.9566484,28.4189043],[76.9564431,28.4189005],[76.9564455,28.4187998],[76.9566508,28.4188036],[76.9566484,28.4189043]]]}},{"type":"Feature","properties":{"v":"Hayatpur","m":"66","k":"","t":"Harsaru","vc":"04116","area":82.5,"lat":28.4188634,"lng":76.9563466},"geometry":{"type":"Polygon","coordinates":[[[76.9563181,28.4188428],[76.9563192,28.4187974],[76.9563771,28.4187985],[76.9563739,28.4189295],[76.9563161,28.4189284],[76.9563181,28.4188428]]]}},{"type":"Feature","properties":{"v":"Hayatpur","m":"66","k":"","t":"Harsaru","vc":"04116","area":89.5,"lat":28.4188837,"lng":76.9562177},"geometry":{"type":"Polygon","coordinates":[[[76.9562647,28.4189274],[76.9561686,28.4189256],[76.9561707,28.41884],[76.9562668,28.4188418],[76.9562647,28.4189274]]]}},{"type":"Feature","properties":{"v":"Hayatpur","m":"66","k":"","t":"Harsaru","vc":"04116","area":315.8,"lat":28.4187259,"lng":76.9562761},"geometry":{"type":"Polygon","coordinates":[[[76.9561751,28.4186533],[76.9563805,28.4186572],[76.9563771,28.4187985],[76.9563192,28.4187974],[76.9561717,28.4187946],[76.9561751,28.4186533]]]}},{"type":"Feature","properties":{"v":"Hayatpur","m":"66","k":"","t":"Harsaru","vc":"04116","area":240.7,"lat":28.4186235,"lng":76.9561983},"geometry":{"type":"Polygon","coordinates":[[[76.9563819,28.4185967],[76.9563805,28.4186572],[76.9561751,28.4186533],[76.9560146,28.4186503],[76.9560161,28.4185898],[76.9563819,28.4185967]]]}},{"type":"Feature","properties":{"v":"Hayatpur","m":"66","k":"","t":"Harsaru","vc":"04116","area":150.2,"lat":28.4186982,"lng":76.9564137},"geometry":{"type":"Polygon","coordinates":[[[76.9564504,28.4185979],[76.9564467,28.4187492],[76.9564455,28.4187998],[76.9563771,28.4187985],[76.9563805,28.4186572],[76.9563819,28.4185967],[76.9564504,28.4185979]]]}},{"type":"Feature","properties":{"v":"Hayatpur","m":"66","k":"","t":"Harsaru","vc":"04116","area":23.2,"lat":28.4187027,"lng":76.9566586},"geometry":{"type":"Polygon","coordinates":[[[76.9566521,28.4187531],[76.9566557,28.4186018],[76.9566663,28.418602],[76.9566614,28.4188038],[76.9566508,28.4188036],[76.9566521,28.4187531]]]}},{"type":"Feature","properties":{"v":"Hayatpur","m":"66","k":"","t":"Harsaru","vc":"04116","area":127.0,"lat":28.4187035,"lng":76.9566928},"geometry":{"type":"Polygon","coordinates":[[[76.9567241,28.4186031],[76.9567193,28.4188049],[76.9566614,28.4188038],[76.9566663,28.418602],[76.9567241,28.4186031]]]}},{"type":"Feature","properties":{"v":"Hayatpur","m":"66","k":"","t":"Harsaru","vc":"04116","area":946.9,"lat":28.4187143,"lng":76.9556601},"geometry":{"type":"Polygon","coordinates":[[[76.9559698,28.4186495],[76.9559664,28.4187908],[76.9553504,28.4187792],[76.9553538,28.4186379],[76.9559698,28.4186495]]]}},{"type":"Feature","properties":{"v":"Hayatpur","m":"66","k":"","t":"Harsaru","vc":"04116","area":16.3,"lat":28.4187203,"lng":76.9559734},"geometry":{"type":"Polygon","coordinates":[[[76.9559698,28.4186495],[76.9559804,28.4186497],[76.955977,28.418791],[76.9559664,28.4187908],[76.9559698,28.4186495]]]}},{"type":"Feature","properties":{"v":"Hayatpur","m":"66","k":"","t":"Harsaru","vc":"04116","area":22.6,"lat":28.4186197,"lng":76.9559982},"geometry":{"type":"Polygon","coordinates":[[[76.9560161,28.4185898],[76.9560146,28.4186503],[76.9559804,28.4186497],[76.9559818,28.4185891],[76.9560161,28.4185898]]]}},{"type":"Feature","properties":{"v":"Hayatpur","m":"66","k":"","t":"Harsaru","vc":"04116","area":127.7,"lat":28.4184182,"lng":76.9560031},"geometry":{"type":"Polygon","coordinates":[[[76.9560243,28.418247],[76.9560161,28.4185898],[76.9559818,28.4185891],[76.9559901,28.4182464],[76.9560243,28.418247]]]}},{"type":"Feature","properties":{"v":"Hayatpur","m":"53","k":"","t":"Harsaru","vc":"04116","area":143.7,"lat":28.4144376,"lng":76.9341961},"geometry":{"type":"Polygon","coordinates":[[[76.9342249,28.4143095],[76.9342187,28.4145667],[76.9341673,28.4145657],[76.9341736,28.4143085],[76.9342249,28.4143095]]]}},{"type":"Feature","properties":{"v":"Hayatpur","m":"53","k":"","t":"Harsaru","vc":"04116","area":101.3,"lat":28.4142183,"lng":76.9342014},"geometry":{"type":"Polygon","coordinates":[[[76.9341736,28.4143085],[76.934178,28.414127],[76.9342293,28.414128],[76.9342278,28.4141885],[76.9342249,28.4143095],[76.9341736,28.4143085]]]}},{"type":"Feature","properties":{"v":"Hayatpur","m":"54","k":"","t":"Harsaru","vc":"04116","area":125.1,"lat":28.4163242,"lng":76.9374993},"geometry":{"type":"Polygon","coordinates":[[[76.937409,28.4163274],[76.9375154,28.4162512],[76.9375496,28.4162767],[76.9375465,28.4164036],[76.937409,28.4163274]]]}},{"type":"Feature","properties":{"v":"Hayatpur","m":"54","k":"","t":"Harsaru","vc":"04116","area":230.5,"lat":28.416242,"lng":76.9374008},"geometry":{"type":"Polygon","coordinates":[[[76.937286,28.4162593],[76.9373957,28.4161431],[76.9375154,28.4162512],[76.937409,28.4163274],[76.937286,28.4162593]]]}},{"type":"Feature","properties":{"v":"Hayatpur","m":"54","k":"","t":"Harsaru","vc":"04116","area":268.3,"lat":28.4161297,"lng":76.937501},"geometry":{"type":"Polygon","coordinates":[[[76.9375572,28.4159617],[76.9375499,28.4162643],[76.9375496,28.4162767],[76.9375154,28.4162512],[76.9373957,28.4161431],[76.9374896,28.4160425],[76.9375572,28.4159617]]]}},{"type":"Feature","properties":{"v":"Hayatpur","m":"54","k":"","t":"Harsaru","vc":"04116","area":194.9,"lat":28.4167877,"lng":76.9350472},"geometry":{"type":"Polygon","coordinates":[[[76.9351203,28.4169172],[76.9350519,28.4169159],[76.9349726,28.4166606],[76.9350459,28.4166628],[76.9351203,28.4169172]]]}},{"type":"Feature","properties":{"v":"Hayatpur","m":"54","k":"","t":"Harsaru","vc":"04116","area":128.1,"lat":28.4165816,"lng":76.9349813},"geometry":{"type":"Polygon","coordinates":[[[76.9349156,28.416502],[76.9349917,28.4165034],[76.9350459,28.4166628],[76.9349726,28.4166606],[76.9349156,28.416502]]]}},{"type":"Feature","properties":{"v":"Hayatpur","m":"26","k":"","t":"Harsaru","vc":"04116","area":41.8,"lat":28.4189852,"lng":76.9566518},"geometry":{"type":"Polygon","coordinates":[[[76.9566527,28.4191669],[76.9566421,28.4191667],[76.9566448,28.4190556],[76.9566484,28.4189043],[76.9566508,28.4188036],[76.9566614,28.4188038],[76.9566527,28.4191669]]]}},{"type":"Feature","properties":{"v":"Hayatpur","m":"26","k":"","t":"Harsaru","vc":"04116","area":95.2,"lat":28.4190046,"lng":76.9563432},"geometry":{"type":"Polygon","coordinates":[[[76.9563739,28.4189295],[76.9563703,28.4190807],[76.9563124,28.4190796],[76.9563161,28.4189284],[76.9563739,28.4189295]]]}},{"type":"Feature","properties":{"v":"Hayatpur","m":"26","k":"","t":"Harsaru","vc":"04116","area":190.6,"lat":28.4188807,"lng":76.9560673},"geometry":{"type":"Polygon","coordinates":[[[76.9561707,28.41884],[76.9561686,28.4189256],[76.9559703,28.4189219],[76.9559637,28.418902],[76.9559653,28.4188361],[76.9559759,28.4188363],[76.9561707,28.41884]]]}},{"type":"Feature","properties":{"v":"Hayatpur","m":"26","k":"","t":"Harsaru","vc":"04116","area":8.5,"lat":28.4188579,"lng":76.9559569},"geometry":{"type":"Polygon","coordinates":[[[76.9559417,28.4188357],[76.9559653,28.4188361],[76.9559637,28.418902],[76.9559417,28.4188357]]]}},{"type":"Feature","properties":{"v":"Hayatpur","m":"26","k":"","t":"Harsaru","vc":"04116","area":50.9,"lat":28.4191205,"lng":76.9563404},"geometry":{"type":"Polygon","coordinates":[[[76.9563703,28.4190807],[76.9563684,28.4191615],[76.9563105,28.4191604],[76.9563124,28.4190796],[76.9563703,28.4190807]]]}},{"type":"Feature","properties":{"v":"Hayatpur","m":"26","k":"","t":"Harsaru","vc":"04116","area":44.4,"lat":28.4191962,"lng":76.9563386},"geometry":{"type":"Polygon","coordinates":[[[76.9563088,28.4192309],[76.9563105,28.4191604],[76.9563684,28.4191615],[76.9563667,28.419232],[76.9563088,28.4192309]]]}},{"type":"Feature","properties":{"v":"Hayatpur","m":"26","k":"","t":"Harsaru","vc":"04116","area":22.3,"lat":28.4193512,"lng":76.956535},"geometry":{"type":"Polygon","coordinates":[[[76.9566375,28.4193582],[76.9564322,28.4193543],[76.9564324,28.4193443],[76.9566378,28.4193482],[76.9566375,28.4193582]]]}},{"type":"Feature","properties":{"v":"Hayatpur","m":"26","k":"","t":"Harsaru","vc":"04116","area":103.0,"lat":28.4192923,"lng":76.9561265},"geometry":{"type":"Polygon","coordinates":[[[76.9561613,28.4192282],[76.9561577,28.4193794],[76.9561222,28.4193788],[76.9560716,28.4192265],[76.9561613,28.4192282]]]}},{"type":"Feature","properties":{"v":"Hayatpur","m":"26","k":"","t":"Harsaru","vc":"04116","area":84.5,"lat":28.4194207,"lng":76.9562048},"geometry":{"type":"Polygon","coordinates":[[[76.9561577,28.4193794],[76.9562538,28.4193812],[76.9562519,28.419462],[76.9561558,28.4194602],[76.9561577,28.4193794]]]}},{"type":"Feature","properties":{"v":"Hayatpur","m":"26","k":"","t":"Harsaru","vc":"04116","area":21.4,"lat":28.4194209,"lng":76.9561459},"geometry":{"type":"Polygon","coordinates":[[[76.9561577,28.4193794],[76.9561558,28.4194602],[76.9561541,28.4195307],[76.9561538,28.419541],[76.9561532,28.4195307],[76.9561492,28.4194601],[76.9561222,28.4193788],[76.9561577,28.4193794]]]}},{"type":"Feature","properties":{"v":"Hayatpur","m":"26","k":"","t":"Harsaru","vc":"04116","area":95.2,"lat":28.4194584,"lng":76.9563323},"geometry":{"type":"Polygon","coordinates":[[[76.9563594,28.4195346],[76.9563015,28.4195335],[76.9563052,28.4193822],[76.956363,28.4193833],[76.9563601,28.4195043],[76.9563594,28.4195346]]]}},{"type":"Feature","properties":{"v":"Hayatpur","m":"26","k":"","t":"Harsaru","vc":"04116","area":35.0,"lat":28.4194994,"lng":76.9566394},"geometry":{"type":"Polygon","coordinates":[[[76.9566484,28.4193484],[76.9566411,28.4196509],[76.9566305,28.4196507],[76.9566339,28.4195094],[76.9566375,28.4193582],[76.9566378,28.4193482],[76.9566484,28.4193484]]]}},{"type":"Feature","properties":{"v":"Hayatpur","m":"26","k":"","t":"Harsaru","vc":"04116","area":25.4,"lat":28.4196716,"lng":76.9566695},"geometry":{"type":"Polygon","coordinates":[[[76.9566401,28.4196912],[76.9566411,28.4196509],[76.9566989,28.419652],[76.956698,28.4196923],[76.9566401,28.4196912]]]}},{"type":"Feature","properties":{"v":"Hayatpur","m":"26","k":"","t":"Harsaru","vc":"04116","area":4.6,"lat":28.419671,"lng":76.9566353},"geometry":{"type":"Polygon","coordinates":[[[76.9566411,28.4196509],[76.9566401,28.4196912],[76.9566295,28.419691],[76.9566305,28.4196507],[76.9566411,28.4196509]]]}},{"type":"Feature","properties":{"v":"Hayatpur","m":"26","k":"","t":"Harsaru","vc":"04116","area":89.9,"lat":28.4196689,"lng":76.9565274},"geometry":{"type":"Polygon","coordinates":[[[76.9566295,28.419691],[76.9564242,28.4196871],[76.9564252,28.4196469],[76.9566305,28.4196507],[76.9566295,28.419691]]]}},{"type":"Feature","properties":{"v":"Hayatpur","m":"26","k":"","t":"Harsaru","vc":"04116","area":2732.2,"lat":28.4194675,"lng":76.9556558},"geometry":{"type":"Polygon","coordinates":[[[76.9559451,28.4196781],[76.9553291,28.4196665],[76.9553376,28.4193135],[76.9559562,28.4192157],[76.955956,28.4192243],[76.9559524,28.4193756],[76.9559487,28.4195268],[76.9559451,28.4196781]]]}},{"type":"Feature","properties":{"v":"Hayatpur","m":"26","k":"","t":"Harsaru","vc":"04116","area":310.8,"lat":28.4190711,"lng":76.9553144},"geometry":{"type":"Polygon","coordinates":[[[76.9552915,28.4188235],[76.9553493,28.4188246],[76.9553376,28.4193135],[76.9552795,28.4193227],[76.9552915,28.4188235]]]}},{"type":"Feature","properties":{"v":"Hayatpur","m":"63","k":"","t":"Harsaru","vc":"04116","area":957.7,"lat":28.4160508,"lng":76.9596947},"geometry":{"type":"Polygon","coordinates":[[[76.9594645,28.4161323],[76.9594707,28.4158751],[76.960149,28.4161451],[76.9594645,28.4161323]]]}}]}