{"type":"FeatureCollection","features":[{"type":"Feature","properties":{"v":"Kukrola","m":"1","k":"25","t":"Manesar","vc":"04138","area":1183.4,"lat":28.3352102,"lng":76.897285},"geometry":{"type":"Polygon","coordinates":[[[76.8974214,28.3350245],[76.897391,28.3355674],[76.8973669,28.3355662],[76.897046,28.335006],[76.8974214,28.3350245]]]}},{"type":"Feature","properties":{"v":"Kukrola","m":"2","k":"24/3","t":"Manesar","vc":"04138","area":2489.8,"lat":28.3353092,"lng":76.8998186},"geometry":{"type":"Polygon","coordinates":[[[76.8994841,28.3351263],[76.9001717,28.3351602],[76.9001531,28.335492],[76.8994655,28.3354581],[76.8994841,28.3351263]]]}},{"type":"Feature","properties":{"v":"Kukrola","m":"2","k":"24/2","t":"Manesar","vc":"04138","area":225.9,"lat":28.3354901,"lng":76.8998084},"geometry":{"type":"Polygon","coordinates":[[[76.8994655,28.3354581],[76.9001531,28.335492],[76.9001514,28.3355221],[76.8994638,28.3354882],[76.8994655,28.3354581]]]}},{"type":"Feature","properties":{"v":"Kukrola","m":"2","k":"24/1","t":"Manesar","vc":"04138","area":1268.3,"lat":28.3355904,"lng":76.8997828},"geometry":{"type":"Polygon","coordinates":[[[76.8994537,28.3356692],[76.8994638,28.3354882],[76.9001514,28.3355221],[76.9001463,28.3356126],[76.8999599,28.3356941],[76.8994537,28.3356692]]]}},{"type":"Feature","properties":{"v":"Kukrola","m":"2","k":"18/2","t":"Manesar","vc":"04138","area":967.6,"lat":28.3357167,"lng":76.8991063},"geometry":{"type":"Polygon","coordinates":[[[76.8994537,28.3356692],[76.8994465,28.3357981],[76.8987589,28.3357642],[76.8987661,28.3356352],[76.8994537,28.3356692]]]}},{"type":"Feature","properties":{"v":"Kukrola","m":"2","k":"19/3","t":"Manesar","vc":"04138","area":712.7,"lat":28.3358757,"lng":76.8981235},"geometry":{"type":"Polygon","coordinates":[[[76.8981684,28.3361501],[76.8980481,28.3361442],[76.8980786,28.3356013],[76.8981989,28.3356072],[76.8981684,28.3361501]]]}},{"type":"Feature","properties":{"v":"Kukrola","m":"2","k":"19/2","t":"Manesar","vc":"04138","area":1222.0,"lat":28.3358838,"lng":76.8982868},"geometry":{"type":"Polygon","coordinates":[[[76.8983747,28.3361603],[76.8981684,28.3361501],[76.8981989,28.3356072],[76.8984051,28.3356174],[76.8983747,28.3361603]]]}},{"type":"Feature","properties":{"v":"Kukrola","m":"2","k":"13","t":"Manesar","vc":"04138","area":356.1,"lat":28.3362413,"lng":76.8989463},"geometry":{"type":"Polygon","coordinates":[[[76.8991155,28.3361968],[76.8991482,28.3361984],[76.8990494,28.3362747],[76.8990323,28.3362879],[76.8989937,28.3363177],[76.898955,28.3363475],[76.8987357,28.3361781],[76.8991155,28.3361968]]]}},{"type":"Feature","properties":{"v":"Kukrola","m":"2","k":"25","t":"Manesar","vc":"04138","area":2912.1,"lat":28.3353715,"lng":76.9004962},"geometry":{"type":"Polygon","coordinates":[[[76.9001531,28.335492],[76.9001717,28.3351602],[76.9005155,28.3351772],[76.9008592,28.3351942],[76.9008398,28.335541],[76.9007552,28.3355544],[76.9004475,28.3355839],[76.9003167,28.3355329],[76.9001463,28.3356126],[76.9001514,28.3355221],[76.9001531,28.335492]]]}},{"type":"Feature","properties":{"v":"Kukrola","m":"2","k":"23","t":"Manesar","vc":"04138","area":4073.1,"lat":28.3353808,"lng":76.8991251},"geometry":{"type":"Polygon","coordinates":[[[76.8994655,28.3354581],[76.8994638,28.3354882],[76.8994537,28.3356692],[76.8987661,28.3356352],[76.8987966,28.3350924],[76.8994841,28.3351263],[76.8994655,28.3354581]]]}},{"type":"Feature","properties":{"v":"Kukrola","m":"2","k":"22","t":"Manesar","vc":"04138","area":3768.0,"lat":28.3353455,"lng":76.8984118},"geometry":{"type":"Polygon","coordinates":[[[76.8980786,28.3356013],[76.898109,28.3350584],[76.898745,28.3350898],[76.8987146,28.3356327],[76.8984051,28.3356174],[76.8981989,28.3356072],[76.8980786,28.3356013]]]}},{"type":"Feature","properties":{"v":"Kukrola","m":"2","k":"21","t":"Manesar","vc":"04138","area":4073.8,"lat":28.3353129,"lng":76.89775},"geometry":{"type":"Polygon","coordinates":[[[76.8980786,28.3356013],[76.897391,28.3355674],[76.8974214,28.3350245],[76.898109,28.3350584],[76.8980786,28.3356013]]]}},{"type":"Feature","properties":{"v":"Kukrola","m":"2","k":"20","t":"Manesar","vc":"04138","area":3194.8,"lat":28.3358294,"lng":76.8977858},"geometry":{"type":"Polygon","coordinates":[[[76.8980481,28.3361442],[76.8976871,28.3361263],[76.8974915,28.3357942],[76.8973669,28.3355662],[76.897391,28.3355674],[76.8980786,28.3356013],[76.8980481,28.3361442]]]}},{"type":"Feature","properties":{"v":"Kukrola","m":"2","k":"19/1","t":"Manesar","vc":"04138","area":1833.2,"lat":28.3358965,"lng":76.8985446},"geometry":{"type":"Polygon","coordinates":[[[76.8986841,28.3361755],[76.8983747,28.3361603],[76.8984051,28.3356174],[76.8987146,28.3356327],[76.8986841,28.3361755]]]}},{"type":"Feature","properties":{"v":"Kukrola","m":"2","k":"18/1","t":"Manesar","vc":"04138","area":2729.3,"lat":28.3359694,"lng":76.8990573},"geometry":{"type":"Polygon","coordinates":[[[76.8994465,28.3357981],[76.8994415,28.3358856],[76.8994373,28.3359614],[76.8991482,28.3361984],[76.8991155,28.3361968],[76.8987357,28.3361781],[76.8987589,28.3357642],[76.8994465,28.3357981]]]}},{"type":"Feature","properties":{"v":"Kukrola","m":"2","k":"17","t":"Manesar","vc":"04138","area":589.8,"lat":28.3357578,"lng":76.8996006},"geometry":{"type":"Polygon","coordinates":[[[76.8999599,28.3356941],[76.899587,28.3358084],[76.8995111,28.335886],[76.8994373,28.3359614],[76.8994415,28.3358856],[76.8994465,28.3357981],[76.8994537,28.3356692],[76.8999599,28.3356941]]]}},{"type":"Feature","properties":{"v":"Kukrola","m":"2","k":"12","t":"Manesar","vc":"04138","area":867.2,"lat":28.3362526,"lng":76.8986836},"geometry":{"type":"Polygon","coordinates":[[[76.8980481,28.3361442],[76.8981684,28.3361501],[76.8983747,28.3361603],[76.8986841,28.3361755],[76.898682,28.3362132],[76.8987327,28.3362306],[76.8989164,28.3363774],[76.8986636,28.3364215],[76.8985956,28.3362182],[76.8982297,28.3362282],[76.8980422,28.3362497],[76.8980481,28.3361442]]]}},{"type":"Feature","properties":{"v":"Kukrola","m":"2","k":"11","t":"Manesar","vc":"04138","area":471.9,"lat":28.336201,"lng":76.8978742},"geometry":{"type":"Polygon","coordinates":[[[76.8980481,28.3361442],[76.8980422,28.3362497],[76.8977715,28.3362923],[76.8976871,28.3361263],[76.8980481,28.3361442]]]}},{"type":"Feature","properties":{"v":"Kukrola","m":"8","k":"16/2","t":"Manesar","vc":"04138","area":509.2,"lat":28.3330928,"lng":76.8968834},"geometry":{"type":"Polygon","coordinates":[[[76.8968252,28.333362],[76.8968557,28.3328192],[76.8969416,28.3328234],[76.8969112,28.3333663],[76.8968252,28.333362]]]}},{"type":"Feature","properties":{"v":"Kukrola","m":"8","k":"15/1","t":"Manesar","vc":"04138","area":1934.9,"lat":28.3336415,"lng":76.8969733},"geometry":{"type":"Polygon","coordinates":[[[76.8967948,28.3339049],[76.8968252,28.333362],[76.8969112,28.3333663],[76.8971518,28.3333781],[76.8971214,28.333921],[76.8967948,28.3339049]]]}},{"type":"Feature","properties":{"v":"Kukrola","m":"8","k":"25","t":"Manesar","vc":"04138","area":4073.5,"lat":28.3325647,"lng":76.8972147},"geometry":{"type":"Polygon","coordinates":[[[76.8969416,28.3328234],[76.8968557,28.3328192],[76.8968861,28.3322763],[76.8975737,28.3323102],[76.8975432,28.3328531],[76.8969416,28.3328234]]]}},{"type":"Feature","properties":{"v":"Kukrola","m":"8","k":"24","t":"Manesar","vc":"04138","area":4073.2,"lat":28.3325308,"lng":76.8965271},"geometry":{"type":"Polygon","coordinates":[[[76.8961681,28.3327852],[76.8961986,28.3322424],[76.8968861,28.3322763],[76.8968557,28.3328192],[76.8961681,28.3327852]]]}},{"type":"Feature","properties":{"v":"Kukrola","m":"8","k":"23","t":"Manesar","vc":"04138","area":1672.4,"lat":28.3324599,"lng":76.8960325},"geometry":{"type":"Polygon","coordinates":[[[76.8961681,28.3327852],[76.8960306,28.3327784],[76.8958307,28.3323496],[76.8957733,28.3322214],[76.8961986,28.3322424],[76.8961681,28.3327852]]]}},{"type":"Feature","properties":{"v":"Kukrola","m":"8","k":"17","t":"Manesar","vc":"04138","area":4138.0,"lat":28.333056,"lng":76.896488},"geometry":{"type":"Polygon","coordinates":[[[76.8961681,28.3327852],[76.8968557,28.3328192],[76.8968252,28.333362],[76.8962752,28.3333349],[76.8961875,28.333184],[76.8960306,28.3327784],[76.8961681,28.3327852]]]}},{"type":"Feature","properties":{"v":"Kukrola","m":"8","k":"16/1","t":"Manesar","vc":"04138","area":3563.9,"lat":28.3331097,"lng":76.8972272},"geometry":{"type":"Polygon","coordinates":[[[76.8971518,28.3333781],[76.8969112,28.3333663],[76.8969416,28.3328234],[76.8975432,28.3328531],[76.8975128,28.3333959],[76.8971518,28.3333781]]]}},{"type":"Feature","properties":{"v":"Kukrola","m":"8","k":"15/2","t":"Manesar","vc":"04138","area":2138.5,"lat":28.3336584,"lng":76.8973171},"geometry":{"type":"Polygon","coordinates":[[[76.8971214,28.333921],[76.8971518,28.3333781],[76.8975128,28.3333959],[76.8974823,28.3339388],[76.8971214,28.333921]]]}},{"type":"Feature","properties":{"v":"Kukrola","m":"8","k":"14","t":"Manesar","vc":"04138","area":2418.6,"lat":28.3335916,"lng":76.8965994},"geometry":{"type":"Polygon","coordinates":[[[76.8967948,28.3339049],[76.8965283,28.3338917],[76.8962752,28.3333349],[76.8968252,28.333362],[76.8967948,28.3339049]]]}},{"type":"Feature","properties":{"v":"Kukrola","m":"8","k":"6","t":"Manesar","vc":"04138","area":4679.0,"lat":28.3341712,"lng":76.8970673},"geometry":{"type":"Polygon","coordinates":[[[76.8967948,28.3339049],[76.8971214,28.333921],[76.8974823,28.3339388],[76.8974519,28.3344817],[76.8968331,28.3344511],[76.8966381,28.3341054],[76.8965283,28.3338917],[76.8967948,28.3339049]]]}},{"type":"Feature","properties":{"v":"Kukrola","m":"8","k":"5","t":"Manesar","vc":"04138","area":2947.2,"lat":28.3347185,"lng":76.8971842},"geometry":{"type":"Polygon","coordinates":[[[76.8974519,28.3344817],[76.8974214,28.3350245],[76.897046,28.335006],[76.8970373,28.3349853],[76.8968331,28.3344511],[76.8974519,28.3344817]]]}},{"type":"Feature","properties":{"v":"Kukrola","m":"7","k":"16/2","t":"Manesar","vc":"04138","area":792.4,"lat":28.3330585,"lng":76.9006342},"geometry":{"type":"Polygon","coordinates":[[[76.9002934,28.3329888],[76.900981,28.3330227],[76.900975,28.3331283],[76.9002875,28.3330944],[76.9002934,28.3329888]]]}},{"type":"Feature","properties":{"v":"Kukrola","m":"7","k":"14/2","t":"Manesar","vc":"04138","area":1187.6,"lat":28.3338055,"lng":76.9001442},"geometry":{"type":"Polygon","coordinates":[[[76.9000263,28.3340643],[76.9000559,28.3335366],[76.9002621,28.3335467],[76.9002325,28.3340745],[76.9000263,28.3340643]]]}},{"type":"Feature","properties":{"v":"Kukrola","m":"7","k":"13/2/2","t":"Manesar","vc":"04138","area":113.3,"lat":28.3334883,"lng":76.8992312},"geometry":{"type":"Polygon","coordinates":[[[76.8988879,28.3334638],[76.8995754,28.3334977],[76.8995746,28.3335128],[76.898887,28.3334789],[76.8988879,28.3334638]]]}},{"type":"Feature","properties":{"v":"Kukrola","m":"7","k":"10/2","t":"Manesar","vc":"04138","area":407.3,"lat":28.3342119,"lng":76.8975015},"geometry":{"type":"Polygon","coordinates":[[[76.8974823,28.3339388],[76.8975511,28.3339422],[76.8975206,28.3344851],[76.8974519,28.3344817],[76.8974823,28.3339388]]]}},{"type":"Feature","properties":{"v":"Kukrola","m":"7","k":"2/2","t":"Manesar","vc":"04138","area":1046.6,"lat":28.3346067,"lng":76.8984532},"geometry":{"type":"Polygon","coordinates":[[[76.8981394,28.3345156],[76.8987754,28.334547],[76.898767,28.3346978],[76.898131,28.3346664],[76.8981394,28.3345156]]]}},{"type":"Feature","properties":{"v":"Kukrola","m":"7","k":"13/1/1","t":"Manesar","vc":"04138","area":2942.3,"lat":28.3338276,"lng":76.8992122},"geometry":{"type":"Polygon","coordinates":[[[76.899545,28.3340406],[76.8988574,28.3340067],[76.8988794,28.3336146],[76.899567,28.3336485],[76.899545,28.3340406]]]}},{"type":"Feature","properties":{"v":"Kukrola","m":"7","k":"25","t":"Manesar","vc":"04138","area":4073.1,"lat":28.3327343,"lng":76.9006524},"geometry":{"type":"Polygon","coordinates":[[[76.9002934,28.3329888],[76.9003238,28.332446],[76.9010114,28.3324799],[76.900981,28.3330227],[76.9002934,28.3329888]]]}},{"type":"Feature","properties":{"v":"Kukrola","m":"7","k":"24","t":"Manesar","vc":"04138","area":4072.9,"lat":28.3327004,"lng":76.8999648},"geometry":{"type":"Polygon","coordinates":[[[76.8996059,28.3329549],[76.8996363,28.332412],[76.9003238,28.332446],[76.9002934,28.3329888],[76.8996059,28.3329549]]]}},{"type":"Feature","properties":{"v":"Kukrola","m":"7","k":"23","t":"Manesar","vc":"04138","area":4073.9,"lat":28.3326665,"lng":76.8992773},"geometry":{"type":"Polygon","coordinates":[[[76.8996059,28.3329549],[76.8989183,28.332921],[76.8989487,28.3323781],[76.8996363,28.332412],[76.8996059,28.3329549]]]}},{"type":"Feature","properties":{"v":"Kukrola","m":"7","k":"22","t":"Manesar","vc":"04138","area":3767.2,"lat":28.3326313,"lng":76.898564},"geometry":{"type":"Polygon","coordinates":[[[76.8988667,28.3329184],[76.8982308,28.332887],[76.8982612,28.3323442],[76.8988972,28.3323756],[76.8988667,28.3329184]]]}},{"type":"Feature","properties":{"v":"Kukrola","m":"7","k":"21","t":"Manesar","vc":"04138","area":4073.2,"lat":28.3325986,"lng":76.8979022},"geometry":{"type":"Polygon","coordinates":[[[76.8982308,28.332887],[76.8975432,28.3328531],[76.8975737,28.3323102],[76.8978143,28.3323221],[76.8982612,28.3323442],[76.8982308,28.332887]]]}},{"type":"Feature","properties":{"v":"Kukrola","m":"7","k":"20","t":"Manesar","vc":"04138","area":4073.2,"lat":28.3331415,"lng":76.8978718},"geometry":{"type":"Polygon","coordinates":[[[76.8982308,28.332887],[76.8982003,28.3334299],[76.8975128,28.3333959],[76.8975432,28.3328531],[76.8982308,28.332887]]]}},{"type":"Feature","properties":{"v":"Kukrola","m":"7","k":"19","t":"Manesar","vc":"04138","area":3767.9,"lat":28.3331742,"lng":76.8985335},"geometry":{"type":"Polygon","coordinates":[[[76.8988667,28.3329184],[76.8988363,28.3334613],[76.8982003,28.3334299],[76.8982308,28.332887],[76.8988667,28.3329184]]]}},{"type":"Feature","properties":{"v":"Kukrola","m":"7","k":"18","t":"Manesar","vc":"04138","area":4072.9,"lat":28.3332093,"lng":76.8992469},"geometry":{"type":"Polygon","coordinates":[[[76.8996059,28.3329549],[76.8995754,28.3334977],[76.8988879,28.3334638],[76.8989183,28.332921],[76.8996059,28.3329549]]]}},{"type":"Feature","properties":{"v":"Kukrola","m":"7","k":"17","t":"Manesar","vc":"04138","area":4073.3,"lat":28.3332433,"lng":76.8999344},"geometry":{"type":"Polygon","coordinates":[[[76.8995754,28.3334977],[76.8996059,28.3329549],[76.9002934,28.3329888],[76.9002875,28.3330944],[76.900263,28.3335317],[76.9000567,28.3335215],[76.8995754,28.3334977]]]}},{"type":"Feature","properties":{"v":"Kukrola","m":"7","k":"16/1","t":"Manesar","vc":"04138","area":3281.0,"lat":28.33333,"lng":76.900619},"geometry":{"type":"Polygon","coordinates":[[[76.900263,28.3335317],[76.9002875,28.3330944],[76.900975,28.3331283],[76.9009657,28.3332942],[76.9009505,28.3335656],[76.900263,28.3335317]]]}},{"type":"Feature","properties":{"v":"Kukrola","m":"7","k":"15/1","t":"Manesar","vc":"04138","area":3168.6,"lat":28.3338242,"lng":76.9005224},"geometry":{"type":"Polygon","coordinates":[[[76.9002325,28.3340745],[76.9002621,28.3335467],[76.9008122,28.3335739],[76.9007826,28.3341017],[76.9002325,28.3340745]]]}},{"type":"Feature","properties":{"v":"Kukrola","m":"7","k":"14/1/1","t":"Manesar","vc":"04138","area":2772.0,"lat":28.3337886,"lng":76.8998004},"geometry":{"type":"Polygon","coordinates":[[[76.899545,28.3340406],[76.899567,28.3336485],[76.8995678,28.3336335],[76.8995746,28.3335128],[76.9000559,28.3335366],[76.9000263,28.3340643],[76.899545,28.3340406]]]}},{"type":"Feature","properties":{"v":"Kukrola","m":"7","k":"12","t":"Manesar","vc":"04138","area":3767.5,"lat":28.333717,"lng":76.8985031},"geometry":{"type":"Polygon","coordinates":[[[76.8982003,28.3334299],[76.8988363,28.3334613],[76.8988059,28.3340041],[76.8981699,28.3339727],[76.8982003,28.3334299]]]}},{"type":"Feature","properties":{"v":"Kukrola","m":"7","k":"11","t":"Manesar","vc":"04138","area":4073.2,"lat":28.3336843,"lng":76.8978413},"geometry":{"type":"Polygon","coordinates":[[[76.8981699,28.3339727],[76.8975511,28.3339422],[76.8974823,28.3339388],[76.8975128,28.3333959],[76.8982003,28.3334299],[76.8981699,28.3339727]]]}},{"type":"Feature","properties":{"v":"Kukrola","m":"7","k":"10/1","t":"Manesar","vc":"04138","area":3666.2,"lat":28.3342289,"lng":76.8978453},"geometry":{"type":"Polygon","coordinates":[[[76.8981394,28.3345156],[76.8975206,28.3344851],[76.8975511,28.3339422],[76.8981699,28.3339727],[76.8981394,28.3345156]]]}},{"type":"Feature","properties":{"v":"Kukrola","m":"7","k":"9","t":"Manesar","vc":"04138","area":3768.1,"lat":28.3342598,"lng":76.8984727},"geometry":{"type":"Polygon","coordinates":[[[76.8987754,28.334547],[76.8981394,28.3345156],[76.8981699,28.3339727],[76.8988059,28.3340041],[76.8987754,28.334547]]]}},{"type":"Feature","properties":{"v":"Kukrola","m":"7","k":"8","t":"Manesar","vc":"04138","area":4073.5,"lat":28.3342951,"lng":76.899186},"geometry":{"type":"Polygon","coordinates":[[[76.8995146,28.3345835],[76.898827,28.3345495],[76.8988574,28.3340067],[76.899545,28.3340406],[76.8995146,28.3345835]]]}},{"type":"Feature","properties":{"v":"Kukrola","m":"7","k":"7","t":"Manesar","vc":"04138","area":4073.3,"lat":28.334329,"lng":76.8998736},"geometry":{"type":"Polygon","coordinates":[[[76.8995146,28.3345835],[76.899545,28.3340406],[76.9000263,28.3340643],[76.9002325,28.3340745],[76.9002173,28.3343459],[76.9002021,28.3346174],[76.8995146,28.3345835]]]}},{"type":"Feature","properties":{"v":"Kukrola","m":"7","k":"6/1","t":"Manesar","vc":"04138","area":2036.7,"lat":28.3344986,"lng":76.9005535},"geometry":{"type":"Polygon","coordinates":[[[76.9008897,28.3346513],[76.9005459,28.3346343],[76.9002021,28.3346174],[76.9002173,28.3343459],[76.9009049,28.3343799],[76.9008897,28.3346513]]]}},{"type":"Feature","properties":{"v":"Kukrola","m":"7","k":"5/1","t":"Manesar","vc":"04138","area":2036.7,"lat":28.3348973,"lng":76.9003588},"geometry":{"type":"Polygon","coordinates":[[[76.9001717,28.3351602],[76.9002021,28.3346174],[76.9005459,28.3346343],[76.9005155,28.3351772],[76.9001717,28.3351602]]]}},{"type":"Feature","properties":{"v":"Kukrola","m":"7","k":"4","t":"Manesar","vc":"04138","area":4072.8,"lat":28.3348719,"lng":76.8998431},"geometry":{"type":"Polygon","coordinates":[[[76.8995146,28.3345835],[76.9002021,28.3346174],[76.9001717,28.3351602],[76.8994841,28.3351263],[76.8995146,28.3345835]]]}},{"type":"Feature","properties":{"v":"Kukrola","m":"7","k":"3","t":"Manesar","vc":"04138","area":4073.2,"lat":28.3348379,"lng":76.8991556},"geometry":{"type":"Polygon","coordinates":[[[76.898827,28.3345495],[76.8995146,28.3345835],[76.8994841,28.3351263],[76.8987966,28.3350924],[76.898827,28.3345495]]]}},{"type":"Feature","properties":{"v":"Kukrola","m":"7","k":"2/1","t":"Manesar","vc":"04138","area":2720.8,"lat":28.3348781,"lng":76.898438},"geometry":{"type":"Polygon","coordinates":[[[76.898131,28.3346664],[76.898767,28.3346978],[76.898745,28.3350898],[76.898109,28.3350584],[76.898131,28.3346664]]]}},{"type":"Feature","properties":{"v":"Kukrola","m":"7","k":"1","t":"Manesar","vc":"04138","area":4072.9,"lat":28.3347701,"lng":76.8977804},"geometry":{"type":"Polygon","coordinates":[[[76.8975206,28.3344851],[76.8981394,28.3345156],[76.898131,28.3346664],[76.898109,28.3350584],[76.8974214,28.3350245],[76.8974519,28.3344817],[76.8975206,28.3344851]]]}},{"type":"Feature","properties":{"v":"Kukrola","m":"9","k":"14/1","t":"Manesar","vc":"04138","area":1629.1,"lat":28.330892,"lng":76.8964122},"geometry":{"type":"Polygon","coordinates":[[[76.8962899,28.3306138],[76.8965649,28.3306274],[76.8965345,28.3311702],[76.8962595,28.3311566],[76.8962899,28.3306138]]]}},{"type":"Feature","properties":{"v":"Kukrola","m":"9","k":"6/2","t":"Manesar","vc":"04138","area":814.5,"lat":28.3314654,"lng":76.8970006},"geometry":{"type":"Polygon","coordinates":[[[76.8970541,28.3317402],[76.8969166,28.3317334],[76.896947,28.3311906],[76.8970845,28.3311974],[76.8970541,28.3317402]]]}},{"type":"Feature","properties":{"v":"Kukrola","m":"9","k":"8/1","t":"Manesar","vc":"04138","area":1629.5,"lat":28.3314009,"lng":76.8956942},"geometry":{"type":"Polygon","coordinates":[[[76.8958165,28.3316791],[76.8955415,28.3316656],[76.8955719,28.3311227],[76.895847,28.3311363],[76.8958165,28.3316791]]]}},{"type":"Feature","properties":{"v":"Kukrola","m":"9","k":"13","t":"Manesar","vc":"04138","area":4073.4,"lat":28.3308682,"lng":76.8959309},"geometry":{"type":"Polygon","coordinates":[[[76.895847,28.3311363],[76.8955719,28.3311227],[76.8956024,28.3305798],[76.8962899,28.3306138],[76.8962595,28.3311566],[76.895847,28.3311363]]]}},{"type":"Feature","properties":{"v":"Kukrola","m":"9","k":"25/1","t":"Manesar","vc":"04138","area":3960.1,"lat":28.329858,"lng":76.8973665},"geometry":{"type":"Polygon","coordinates":[[[76.8970375,28.3295771],[76.897725,28.329611],[76.8976954,28.3301388],[76.8970079,28.3301049],[76.8970375,28.3295771]]]}},{"type":"Feature","properties":{"v":"Kukrola","m":"9","k":"24/1","t":"Manesar","vc":"04138","area":3959.7,"lat":28.329824,"lng":76.896679},"geometry":{"type":"Polygon","coordinates":[[[76.8970079,28.3301049],[76.8963204,28.3300709],[76.8963424,28.3296789],[76.89635,28.3295432],[76.8970375,28.3295771],[76.8970079,28.3301049]]]}},{"type":"Feature","properties":{"v":"Kukrola","m":"9","k":"23/1","t":"Manesar","vc":"04138","area":2941.8,"lat":28.3298579,"lng":76.8959876},"geometry":{"type":"Polygon","coordinates":[[[76.8963204,28.3300709],[76.8956329,28.330037],[76.8956548,28.3296449],[76.8963424,28.3296789],[76.8963204,28.3300709]]]}},{"type":"Feature","properties":{"v":"Kukrola","m":"9","k":"22","t":"Manesar","vc":"04138","area":4073.2,"lat":28.3297486,"lng":76.8953043},"geometry":{"type":"Polygon","coordinates":[[[76.8956329,28.330037],[76.8949453,28.330003],[76.8949572,28.3297919],[76.8949758,28.3294602],[76.8950273,28.3294627],[76.8956633,28.3294941],[76.8956548,28.3296449],[76.8956329,28.330037]]]}},{"type":"Feature","properties":{"v":"Kukrola","m":"9","k":"21/2","t":"Manesar","vc":"04138","area":2048.6,"lat":28.3296034,"lng":76.8946818},"geometry":{"type":"Polygon","coordinates":[[[76.8949758,28.3294602],[76.8949572,28.3297919],[76.8944787,28.3297683],[76.8943226,28.3294279],[76.8949758,28.3294602]]]}},{"type":"Feature","properties":{"v":"Kukrola","m":"9","k":"20","t":"Manesar","vc":"04138","area":1089.6,"lat":28.3301779,"lng":76.8948126},"geometry":{"type":"Polygon","coordinates":[[[76.8949453,28.330003],[76.8949149,28.3305459],[76.8945775,28.3299849],[76.8949453,28.330003]]]}},{"type":"Feature","properties":{"v":"Kukrola","m":"9","k":"19","t":"Manesar","vc":"04138","area":4073.4,"lat":28.3302914,"lng":76.8952739},"geometry":{"type":"Polygon","coordinates":[[[76.8956329,28.330037],[76.8956024,28.3305798],[76.8949149,28.3305459],[76.8949453,28.330003],[76.8956329,28.330037]]]}},{"type":"Feature","properties":{"v":"Kukrola","m":"9","k":"18","t":"Manesar","vc":"04138","area":4073.1,"lat":28.3303254,"lng":76.8959614},"geometry":{"type":"Polygon","coordinates":[[[76.8963204,28.3300709],[76.8962899,28.3306138],[76.8956024,28.3305798],[76.8956329,28.330037],[76.8963204,28.3300709]]]}},{"type":"Feature","properties":{"v":"Kukrola","m":"9","k":"17","t":"Manesar","vc":"04138","area":4073.5,"lat":28.3303593,"lng":76.8966489},"geometry":{"type":"Polygon","coordinates":[[[76.8965649,28.3306274],[76.8962899,28.3306138],[76.8963204,28.3300709],[76.8970079,28.3301049],[76.8969775,28.3306477],[76.8965649,28.3306274]]]}},{"type":"Feature","properties":{"v":"Kukrola","m":"9","k":"16","t":"Manesar","vc":"04138","area":4073.1,"lat":28.3303933,"lng":76.8973365},"geometry":{"type":"Polygon","coordinates":[[[76.8970079,28.3301049],[76.8976954,28.3301388],[76.8976769,28.3304691],[76.8976761,28.3304842],[76.897665,28.3306817],[76.8969775,28.3306477],[76.8970079,28.3301049]]]}},{"type":"Feature","properties":{"v":"Kukrola","m":"9","k":"15","t":"Manesar","vc":"04138","area":4073.4,"lat":28.3309361,"lng":76.897306},"geometry":{"type":"Polygon","coordinates":[[[76.8970845,28.3311974],[76.896947,28.3311906],[76.8969775,28.3306477],[76.897665,28.3306817],[76.8976346,28.3312245],[76.8970845,28.3311974]]]}},{"type":"Feature","properties":{"v":"Kukrola","m":"9","k":"14/2","t":"Manesar","vc":"04138","area":2444.1,"lat":28.330909,"lng":76.896756},"geometry":{"type":"Polygon","coordinates":[[[76.8965649,28.3306274],[76.8969775,28.3306477],[76.896947,28.3311906],[76.8965345,28.3311702],[76.8965649,28.3306274]]]}},{"type":"Feature","properties":{"v":"Kukrola","m":"9","k":"12","t":"Manesar","vc":"04138","area":3070.6,"lat":28.3308088,"lng":76.8953207},"geometry":{"type":"Polygon","coordinates":[[[76.8956024,28.3305798],[76.8955719,28.3311227],[76.8952199,28.3311053],[76.8950102,28.3307154],[76.8949149,28.3305459],[76.8956024,28.3305798]]]}},{"type":"Feature","properties":{"v":"Kukrola","m":"9","k":"9","t":"Manesar","vc":"04138","area":1033.6,"lat":28.3312967,"lng":76.8954448},"geometry":{"type":"Polygon","coordinates":[[[76.8955719,28.3311227],[76.8955415,28.3316656],[76.8954599,28.3315182],[76.8952199,28.3311053],[76.8955719,28.3311227]]]}},{"type":"Feature","properties":{"v":"Kukrola","m":"9","k":"8/1","t":"Manesar","vc":"04138","area":2443.8,"lat":28.3314179,"lng":76.896038},"geometry":{"type":"Polygon","coordinates":[[[76.896229,28.3316995],[76.8958165,28.3316791],[76.895847,28.3311363],[76.8962595,28.3311566],[76.896229,28.3316995]]]}},{"type":"Feature","properties":{"v":"Kukrola","m":"9","k":"7","t":"Manesar","vc":"04138","area":4073.3,"lat":28.331445,"lng":76.896588},"geometry":{"type":"Polygon","coordinates":[[[76.8969166,28.3317334],[76.896229,28.3316995],[76.8962595,28.3311566],[76.8965345,28.3311702],[76.896947,28.3311906],[76.8969166,28.3317334]]]}},{"type":"Feature","properties":{"v":"Kukrola","m":"9","k":"6/1","t":"Manesar","vc":"04138","area":3258.5,"lat":28.3314824,"lng":76.8973443},"geometry":{"type":"Polygon","coordinates":[[[76.8970541,28.3317402],[76.8970845,28.3311974],[76.8976346,28.3312245],[76.897632,28.3312698],[76.8976041,28.3317674],[76.8970541,28.3317402]]]}},{"type":"Feature","properties":{"v":"Kukrola","m":"9","k":"5","t":"Manesar","vc":"04138","area":4073.3,"lat":28.3320218,"lng":76.8972451},"geometry":{"type":"Polygon","coordinates":[[[76.8970541,28.3317402],[76.8976041,28.3317674],[76.8975737,28.3323102],[76.8968861,28.3322763],[76.8969166,28.3317334],[76.8970541,28.3317402]]]}},{"type":"Feature","properties":{"v":"Kukrola","m":"9","k":"4","t":"Manesar","vc":"04138","area":4073.6,"lat":28.3319879,"lng":76.8965576},"geometry":{"type":"Polygon","coordinates":[[[76.896229,28.3316995],[76.8969166,28.3317334],[76.8968861,28.3322763],[76.8961986,28.3322424],[76.896229,28.3316995]]]}},{"type":"Feature","properties":{"v":"Kukrola","m":"9","k":"3","t":"Manesar","vc":"04138","area":3296.7,"lat":28.3319356,"lng":76.8959316},"geometry":{"type":"Polygon","coordinates":[[[76.896229,28.3316995],[76.8961986,28.3322424],[76.8957733,28.3322214],[76.8955415,28.3316656],[76.8958165,28.3316791],[76.896229,28.3316995]]]}},{"type":"Feature","properties":{"v":"Kukrola","m":"10","k":"56","t":"Manesar","vc":"04138","area":1114.6,"lat":28.3307866,"lng":76.9000986},"geometry":{"type":"Polygon","coordinates":[[[76.9004151,28.3308174],[76.8997276,28.3307835],[76.8990401,28.3307495],[76.8984041,28.3307181],[76.8984058,28.330688],[76.8990418,28.3307194],[76.8997293,28.3307533],[76.9004168,28.3307872],[76.9011044,28.3308211],[76.9017919,28.3308551],[76.9017902,28.3308852],[76.9011027,28.3308513],[76.9004151,28.3308174]]]}},{"type":"Feature","properties":{"v":"Kukrola","m":"10","k":"6/2","t":"Manesar","vc":"04138","area":678.7,"lat":28.3314224,"lng":76.9007259},"geometry":{"type":"Polygon","coordinates":[[[76.9003847,28.3313602],[76.9010722,28.3313942],[76.9010672,28.3314846],[76.9003796,28.3314507],[76.9003847,28.3313602]]]}},{"type":"Feature","properties":{"v":"Kukrola","m":"10","k":"10/2","t":"Manesar","vc":"04138","area":339.5,"lat":28.3312641,"lng":76.8979769},"geometry":{"type":"Polygon","coordinates":[[[76.8983221,28.3312585],[76.8983196,28.3313037],[76.897632,28.3312698],[76.8976346,28.3312245],[76.8983221,28.3312585]]]}},{"type":"Feature","properties":{"v":"Kukrola","m":"10","k":"1/1","t":"Manesar","vc":"04138","area":1425.3,"lat":28.3320448,"lng":76.8977092},"geometry":{"type":"Polygon","coordinates":[[[76.8976041,28.3317674],[76.8978447,28.3317793],[76.8978143,28.3323221],[76.8975737,28.3323102],[76.8976041,28.3317674]]]}},{"type":"Feature","properties":{"v":"Kukrola","m":"10","k":"13","t":"Manesar","vc":"04138","area":4073.3,"lat":28.3310379,"lng":76.8993686},"geometry":{"type":"Polygon","coordinates":[[[76.8990096,28.3312924],[76.8990401,28.3307495],[76.8997276,28.3307835],[76.8996972,28.3313263],[76.8990096,28.3312924]]]}},{"type":"Feature","properties":{"v":"Kukrola","m":"10","k":"25","t":"Manesar","vc":"04138","area":4073.0,"lat":28.3300201,"lng":76.9008046},"geometry":{"type":"Polygon","coordinates":[[[76.9004456,28.3302745],[76.900476,28.3297317],[76.9011635,28.3297656],[76.9011331,28.3303085],[76.9004456,28.3302745]]]}},{"type":"Feature","properties":{"v":"Kukrola","m":"10","k":"24","t":"Manesar","vc":"04138","area":4073.0,"lat":28.3299862,"lng":76.900117},"geometry":{"type":"Polygon","coordinates":[[[76.899758,28.3302406],[76.8997885,28.3296978],[76.900476,28.3297317],[76.9004456,28.3302745],[76.899758,28.3302406]]]}},{"type":"Feature","properties":{"v":"Kukrola","m":"10","k":"23","t":"Manesar","vc":"04138","area":4073.3,"lat":28.3299522,"lng":76.8994295},"geometry":{"type":"Polygon","coordinates":[[[76.899758,28.3302406],[76.8990705,28.3302067],[76.8991009,28.3296638],[76.8997885,28.3296978],[76.899758,28.3302406]]]}},{"type":"Feature","properties":{"v":"Kukrola","m":"10","k":"22","t":"Manesar","vc":"04138","area":3768.0,"lat":28.3299196,"lng":76.8987677},"geometry":{"type":"Polygon","coordinates":[[[76.8990705,28.3302067],[76.8984345,28.3301753],[76.898465,28.3296324],[76.8991009,28.3296638],[76.8990705,28.3302067]]]}},{"type":"Feature","properties":{"v":"Kukrola","m":"10","k":"21","t":"Manesar","vc":"04138","area":4073.1,"lat":28.3298844,"lng":76.8980544},"geometry":{"type":"Polygon","coordinates":[[[76.898383,28.3301727],[76.8976954,28.3301388],[76.897725,28.329611],[76.8977259,28.329596],[76.8984134,28.3296299],[76.898383,28.3301727]]]}},{"type":"Feature","properties":{"v":"Kukrola","m":"10","k":"20/2","t":"Manesar","vc":"04138","area":2478.8,"lat":28.3303209,"lng":76.8980299},"geometry":{"type":"Polygon","coordinates":[[[76.898383,28.3301727],[76.8983644,28.3305031],[76.8976769,28.3304691],[76.8976954,28.3301388],[76.898383,28.3301727]]]}},{"type":"Feature","properties":{"v":"Kukrola","m":"10","k":"19","t":"Manesar","vc":"04138","area":3558.6,"lat":28.3304474,"lng":76.8987381},"geometry":{"type":"Polygon","coordinates":[[[76.8990418,28.3307194],[76.8984058,28.330688],[76.8984345,28.3301753],[76.8990705,28.3302067],[76.8990418,28.3307194]]]}},{"type":"Feature","properties":{"v":"Kukrola","m":"10","k":"18","t":"Manesar","vc":"04138","area":3846.8,"lat":28.33048,"lng":76.8993999},"geometry":{"type":"Polygon","coordinates":[[[76.8990418,28.3307194],[76.8990705,28.3302067],[76.899758,28.3302406],[76.8997293,28.3307533],[76.8990418,28.3307194]]]}},{"type":"Feature","properties":{"v":"Kukrola","m":"10","k":"17","t":"Manesar","vc":"04138","area":3847.1,"lat":28.3305139,"lng":76.9000874},"geometry":{"type":"Polygon","coordinates":[[[76.8997293,28.3307533],[76.899758,28.3302406],[76.9004456,28.3302745],[76.9004168,28.3307872],[76.8997293,28.3307533]]]}},{"type":"Feature","properties":{"v":"Kukrola","m":"10","k":"16","t":"Manesar","vc":"04138","area":3846.7,"lat":28.3305478,"lng":76.900775},"geometry":{"type":"Polygon","coordinates":[[[76.9004168,28.3307872],[76.9004456,28.3302745],[76.9011331,28.3303085],[76.9011044,28.3308211],[76.9004168,28.3307872]]]}},{"type":"Feature","properties":{"v":"Kukrola","m":"10","k":"15","t":"Manesar","vc":"04138","area":4073.3,"lat":28.3311058,"lng":76.9007437},"geometry":{"type":"Polygon","coordinates":[[[76.9003847,28.3313602],[76.9004151,28.3308174],[76.9011027,28.3308513],[76.9010722,28.3313942],[76.9003847,28.3313602]]]}},{"type":"Feature","properties":{"v":"Kukrola","m":"10","k":"14","t":"Manesar","vc":"04138","area":4072.6,"lat":28.3310719,"lng":76.9000561},"geometry":{"type":"Polygon","coordinates":[[[76.8996972,28.3313263],[76.8997276,28.3307835],[76.9004151,28.3308174],[76.9003847,28.3313602],[76.8996972,28.3313263]]]}},{"type":"Feature","properties":{"v":"Kukrola","m":"10","k":"12","t":"Manesar","vc":"04138","area":3768.0,"lat":28.3310052,"lng":76.8987069},"geometry":{"type":"Polygon","coordinates":[[[76.8983737,28.331261],[76.8984041,28.3307181],[76.8990401,28.3307495],[76.8990096,28.3312924],[76.8983737,28.331261]]]}},{"type":"Feature","properties":{"v":"Kukrola","m":"10","k":"11","t":"Manesar","vc":"04138","area":4073.0,"lat":28.3309701,"lng":76.8979936},"geometry":{"type":"Polygon","coordinates":[[[76.8983221,28.3312585],[76.8976346,28.3312245],[76.897665,28.3306817],[76.8983525,28.3307156],[76.8983221,28.3312585]]]}},{"type":"Feature","properties":{"v":"Kukrola","m":"10","k":"10/1","t":"Manesar","vc":"04138","area":3733.9,"lat":28.3315356,"lng":76.8979618},"geometry":{"type":"Polygon","coordinates":[[[76.8982916,28.3318013],[76.8978447,28.3317793],[76.8976041,28.3317674],[76.897632,28.3312698],[76.8983196,28.3313037],[76.8982916,28.3318013]]]}},{"type":"Feature","properties":{"v":"Kukrola","m":"10","k":"9","t":"Manesar","vc":"04138","area":3615.8,"lat":28.3315481,"lng":76.8986764},"geometry":{"type":"Polygon","coordinates":[[[76.8989792,28.3318352],[76.8983432,28.3318039],[76.8983737,28.331261],[76.8990096,28.3312924],[76.8989792,28.3318352]],[[76.8988423,28.3316316],[76.8987368,28.3316424],[76.8987896,28.3317691],[76.8988952,28.3317583],[76.8988423,28.3316316]]]}},{"type":"Feature","properties":{"v":"Kukrola","m":"10","k":"8","t":"Manesar","vc":"04138","area":4073.3,"lat":28.3315808,"lng":76.8993382},"geometry":{"type":"Polygon","coordinates":[[[76.8996667,28.3318692],[76.8989792,28.3318352],[76.8990096,28.3312924],[76.8996972,28.3313263],[76.8996667,28.3318692]]]}},{"type":"Feature","properties":{"v":"Kukrola","m":"10","k":"7","t":"Manesar","vc":"04138","area":4073.5,"lat":28.3316147,"lng":76.9000257},"geometry":{"type":"Polygon","coordinates":[[[76.8996667,28.3318692],[76.8996972,28.3313263],[76.9003847,28.3313602],[76.9003796,28.3314507],[76.9003543,28.3319031],[76.8996667,28.3318692]]]}},{"type":"Feature","properties":{"v":"Kukrola","m":"10","k":"6/1","t":"Manesar","vc":"04138","area":3394.6,"lat":28.3316938,"lng":76.9007107},"geometry":{"type":"Polygon","coordinates":[[[76.9003543,28.3319031],[76.9003796,28.3314507],[76.9010672,28.3314846],[76.9010418,28.331937],[76.9003543,28.3319031]]]}},{"type":"Feature","properties":{"v":"Kukrola","m":"10","k":"5","t":"Manesar","vc":"04138","area":4073.6,"lat":28.3321915,"lng":76.9006828},"geometry":{"type":"Polygon","coordinates":[[[76.9003543,28.3319031],[76.9010418,28.331937],[76.9010232,28.3322688],[76.9010114,28.3324799],[76.9003238,28.332446],[76.9003543,28.3319031]]]}},{"type":"Feature","properties":{"v":"Kukrola","m":"10","k":"4","t":"Manesar","vc":"04138","area":4073.3,"lat":28.3321576,"lng":76.8999953},"geometry":{"type":"Polygon","coordinates":[[[76.8996667,28.3318692],[76.9003543,28.3319031],[76.9003238,28.332446],[76.8996363,28.332412],[76.8996667,28.3318692]]]}},{"type":"Feature","properties":{"v":"Kukrola","m":"10","k":"3","t":"Manesar","vc":"04138","area":4073.3,"lat":28.3321236,"lng":76.8993077},"geometry":{"type":"Polygon","coordinates":[[[76.8989792,28.3318352],[76.8996667,28.3318692],[76.8996363,28.332412],[76.8989487,28.3323781],[76.8989792,28.3318352]]]}},{"type":"Feature","properties":{"v":"Kukrola","m":"10","k":"2","t":"Manesar","vc":"04138","area":3454.1,"lat":28.3321111,"lng":76.8985932},"geometry":{"type":"Polygon","coordinates":[[[76.8982891,28.3318466],[76.8989251,28.3318779],[76.8988972,28.3323756],[76.8982612,28.3323442],[76.8982891,28.3318466]]]}},{"type":"Feature","properties":{"v":"Kukrola","m":"10","k":"1/2","t":"Manesar","vc":"04138","area":2647.7,"lat":28.3320617,"lng":76.898053},"geometry":{"type":"Polygon","coordinates":[[[76.8982891,28.3318466],[76.8982612,28.3323442],[76.8978143,28.3323221],[76.8978447,28.3317793],[76.8982916,28.3318013],[76.8982891,28.3318466]]]}},{"type":"Feature","properties":{"v":"Kukrola","m":"25","k":"25/3","t":"Manesar","vc":"04138","area":1425.8,"lat":28.3269774,"lng":76.894305},"geometry":{"type":"Polygon","coordinates":[[[76.8941872,28.3269263],[76.8941999,28.3267001],[76.8944406,28.3267119],[76.8944101,28.3272548],[76.8941695,28.3272429],[76.8941872,28.3269263]]]}},{"type":"Feature","properties":{"v":"Kukrola","m":"25","k":"25/2","t":"Manesar","vc":"04138","area":1103.2,"lat":28.3268021,"lng":76.8939701},"geometry":{"type":"Polygon","coordinates":[[[76.8941872,28.3269263],[76.8937404,28.3269042],[76.8937531,28.326678],[76.893839,28.3266822],[76.8941999,28.3267001],[76.8941872,28.3269263]]]}},{"type":"Feature","properties":{"v":"Kukrola","m":"25","k":"25/1","t":"Manesar","vc":"04138","area":1544.0,"lat":28.3270736,"lng":76.8939549},"geometry":{"type":"Polygon","coordinates":[[[76.8937226,28.3272208],[76.8937404,28.3269042],[76.8941872,28.3269263],[76.8941695,28.3272429],[76.8937226,28.3272208]]]}},{"type":"Feature","properties":{"v":"Kukrola","m":"25","k":"24","t":"Manesar","vc":"04138","area":4073.2,"lat":28.3269324,"lng":76.8933941},"geometry":{"type":"Polygon","coordinates":[[[76.8937404,28.3269042],[76.8937226,28.3272208],[76.8930351,28.3271869],[76.8930656,28.326644],[76.8937531,28.326678],[76.8937404,28.3269042]]]}},{"type":"Feature","properties":{"v":"Kukrola","m":"25","k":"23","t":"Manesar","vc":"04138","area":4015.9,"lat":28.3268953,"lng":76.8927112},"geometry":{"type":"Polygon","coordinates":[[[76.8930351,28.3271869],[76.8924507,28.327158],[76.8923533,28.3270504],[76.892378,28.3266101],[76.8930656,28.326644],[76.8930351,28.3271869]]]}},{"type":"Feature","properties":{"v":"Kukrola","m":"25","k":"22","t":"Manesar","vc":"04138","area":741.5,"lat":28.3267781,"lng":76.8922777},"geometry":{"type":"Polygon","coordinates":[[[76.892378,28.3266101],[76.8923533,28.3270504],[76.8921491,28.3268251],[76.8922065,28.3267692],[76.8921374,28.3265982],[76.8922921,28.3266058],[76.892378,28.3266101]]]}},{"type":"Feature","properties":{"v":"Kukrola","m":"25","k":"18","t":"Manesar","vc":"04138","area":2149.1,"lat":28.3273928,"lng":76.8928189},"geometry":{"type":"Polygon","coordinates":[[[76.8930046,28.3277297],[76.8928671,28.327723],[76.8928056,28.3276442],[76.8924507,28.327158],[76.8930351,28.3271869],[76.8930046,28.3277297]]]}},{"type":"Feature","properties":{"v":"Kukrola","m":"25","k":"17","t":"Manesar","vc":"04138","area":4073.2,"lat":28.3274753,"lng":76.8933636},"geometry":{"type":"Polygon","coordinates":[[[76.8930046,28.3277297],[76.8930351,28.3271869],[76.8937226,28.3272208],[76.8936921,28.3277637],[76.8930046,28.3277297]]]}},{"type":"Feature","properties":{"v":"Kukrola","m":"25","k":"16","t":"Manesar","vc":"04138","area":4073.6,"lat":28.3275092,"lng":76.8940511},"geometry":{"type":"Polygon","coordinates":[[[76.8936921,28.3277637],[76.8937226,28.3272208],[76.8941695,28.3272429],[76.8944101,28.3272548],[76.8943796,28.3277977],[76.8936921,28.3277637]]]}},{"type":"Feature","properties":{"v":"Kukrola","m":"25","k":"15","t":"Manesar","vc":"04138","area":4073.1,"lat":28.3280521,"lng":76.8940206},"geometry":{"type":"Polygon","coordinates":[[[76.8936921,28.3277637],[76.8943796,28.3277977],[76.8943492,28.3283405],[76.8936617,28.3283066],[76.8936921,28.3277637]]]}},{"type":"Feature","properties":{"v":"Kukrola","m":"25","k":"14","t":"Manesar","vc":"04138","area":3294.8,"lat":28.3279766,"lng":76.8933796},"geometry":{"type":"Polygon","coordinates":[[[76.8936617,28.3283066],[76.8933746,28.3282924],[76.8928671,28.327723],[76.8930046,28.3277297],[76.8936921,28.3277637],[76.8936617,28.3283066]]]}},{"type":"Feature","properties":{"v":"Kukrola","m":"25","k":"6","t":"Manesar","vc":"04138","area":4142.6,"lat":28.3285587,"lng":76.8939688},"geometry":{"type":"Polygon","coordinates":[[[76.8936617,28.3283066],[76.8943492,28.3283405],[76.8943187,28.3288834],[76.8938899,28.3288622],[76.8934591,28.3283806],[76.8933746,28.3282924],[76.8936617,28.3283066]]]}},{"type":"Feature","properties":{"v":"Kukrola","m":"25","k":"5","t":"Manesar","vc":"04138","area":1227.7,"lat":28.3290494,"lng":76.8941646},"geometry":{"type":"Polygon","coordinates":[[[76.8943187,28.3288834],[76.8942898,28.3293983],[76.8940692,28.3291131],[76.8938899,28.3288622],[76.8943187,28.3288834]]]}},{"type":"Feature","properties":{"v":"Kukrola","m":"24","k":"26","t":"Manesar","vc":"04138","area":409.6,"lat":28.3272459,"lng":76.8969547},"geometry":{"type":"Polygon","coordinates":[[[76.8970408,28.3274781],[76.8969895,28.3273822],[76.8968014,28.3270583],[76.8968737,28.3270178],[76.8970754,28.3273864],[76.8971123,28.3274447],[76.8970408,28.3274781]]]}},{"type":"Feature","properties":{"v":"Kukrola","m":"24","k":"11/2","t":"Manesar","vc":"04138","area":509.2,"lat":28.3281009,"lng":76.895009},"geometry":{"type":"Polygon","coordinates":[[[76.8949508,28.3283702],[76.8949812,28.3278274],[76.8950672,28.3278316],[76.8950367,28.3283745],[76.8949508,28.3283702]]]}},{"type":"Feature","properties":{"v":"Kukrola","m":"24","k":"8/1","t":"Manesar","vc":"04138","area":509.2,"lat":28.3287117,"lng":76.8963535},"geometry":{"type":"Polygon","coordinates":[[[76.8964117,28.3284424],[76.8963813,28.3289852],[76.8962953,28.328981],[76.8963258,28.3284381],[76.8964117,28.3284424]]]}},{"type":"Feature","properties":{"v":"Kukrola","m":"24","k":"4/1","t":"Manesar","vc":"04138","area":1935.1,"lat":28.3292647,"lng":76.8965293},"geometry":{"type":"Polygon","coordinates":[[[76.8967079,28.3290013],[76.8966774,28.3295442],[76.8963508,28.3295281],[76.8963813,28.3289852],[76.8967079,28.3290013]]]}},{"type":"Feature","properties":{"v":"Kukrola","m":"24","k":"2/1","t":"Manesar","vc":"04138","area":305.4,"lat":28.3291899,"lng":76.8950168},"geometry":{"type":"Polygon","coordinates":[[[76.8950578,28.3289199],[76.8950273,28.3294627],[76.8949758,28.3294602],[76.8950062,28.3289173],[76.8950578,28.3289199]]]}},{"type":"Feature","properties":{"v":"Kukrola","m":"24","k":"13","t":"Manesar","vc":"04138","area":4072.9,"lat":28.328154,"lng":76.8960832},"geometry":{"type":"Polygon","coordinates":[[[76.8963258,28.3284381],[76.8957242,28.3284084],[76.8957547,28.3278656],[76.8964422,28.3278995],[76.8964117,28.3284424],[76.8963258,28.3284381]]]}},{"type":"Feature","properties":{"v":"Kukrola","m":"24","k":"25","t":"Manesar","vc":"04138","area":3847.2,"lat":28.3271211,"lng":76.89752},"geometry":{"type":"Polygon","coordinates":[[[76.8971618,28.3273604],[76.8971906,28.3268477],[76.8978781,28.3268817],[76.8978494,28.3273944],[76.8971618,28.3273604]]]}},{"type":"Feature","properties":{"v":"Kukrola","m":"24","k":"24","t":"Manesar","vc":"04138","area":3737.0,"lat":28.3270927,"lng":76.8966544},"geometry":{"type":"Polygon","coordinates":[[[76.8964726,28.3273567],[76.8965031,28.3268138],[76.8971906,28.3268477],[76.8971618,28.3273604],[76.8971601,28.3273906],[76.8970754,28.3273864],[76.8968737,28.3270178],[76.8968014,28.3270583],[76.8969895,28.3273822],[76.8964726,28.3273567]]]}},{"type":"Feature","properties":{"v":"Kukrola","m":"24","k":"23/2","t":"Manesar","vc":"04138","area":2036.8,"lat":28.3270767,"lng":76.896316},"geometry":{"type":"Polygon","coordinates":[[[76.8965031,28.3268138],[76.8964726,28.3273567],[76.8961289,28.3273397],[76.8961593,28.3267968],[76.8965031,28.3268138]]]}},{"type":"Feature","properties":{"v":"Kukrola","m":"24","k":"22","t":"Manesar","vc":"04138","area":4073.3,"lat":28.3270343,"lng":76.8954566},"geometry":{"type":"Polygon","coordinates":[[[76.8950976,28.3272888],[76.8951281,28.3267459],[76.8958156,28.3267798],[76.8957851,28.3273227],[76.8954414,28.3273057],[76.8950976,28.3272888]]]}},{"type":"Feature","properties":{"v":"Kukrola","m":"24","k":"21","t":"Manesar","vc":"04138","area":4073.6,"lat":28.3270003,"lng":76.8947691},"geometry":{"type":"Polygon","coordinates":[[[76.8944101,28.3272548],[76.8944406,28.3267119],[76.8951281,28.3267459],[76.8950976,28.3272888],[76.8947539,28.3272718],[76.8944101,28.3272548]]]}},{"type":"Feature","properties":{"v":"Kukrola","m":"24","k":"20/1","t":"Manesar","vc":"04138","area":2036.5,"lat":28.3275517,"lng":76.8949105},"geometry":{"type":"Polygon","coordinates":[[[76.8947234,28.3278146],[76.8947539,28.3272718],[76.8950976,28.3272888],[76.8950672,28.3278316],[76.8949812,28.3278274],[76.8947234,28.3278146]]]}},{"type":"Feature","properties":{"v":"Kukrola","m":"24","k":"19/1","t":"Manesar","vc":"04138","area":2036.8,"lat":28.3275857,"lng":76.895598},"geometry":{"type":"Polygon","coordinates":[[[76.8957547,28.3278656],[76.8954109,28.3278486],[76.8954414,28.3273057],[76.8957851,28.3273227],[76.8957547,28.3278656]]]}},{"type":"Feature","properties":{"v":"Kukrola","m":"24","k":"18","t":"Manesar","vc":"04138","area":4073.1,"lat":28.3276111,"lng":76.8961136},"geometry":{"type":"Polygon","coordinates":[[[76.8957547,28.3278656],[76.8957851,28.3273227],[76.8961289,28.3273397],[76.8964726,28.3273567],[76.8964422,28.3278995],[76.8957547,28.3278656]]]}},{"type":"Feature","properties":{"v":"Kukrola","m":"24","k":"17","t":"Manesar","vc":"04138","area":3999.7,"lat":28.3276491,"lng":76.8967966},"geometry":{"type":"Polygon","coordinates":[[[76.8964422,28.3278995],[76.8964726,28.3273567],[76.8969895,28.3273822],[76.8970408,28.3274781],[76.8971123,28.3274447],[76.8970754,28.3273864],[76.8971601,28.3273906],[76.8971297,28.3279334],[76.8964422,28.3278995]]]}},{"type":"Feature","properties":{"v":"Kukrola","m":"24","k":"16","t":"Manesar","vc":"04138","area":4073.4,"lat":28.327679,"lng":76.8974887},"geometry":{"type":"Polygon","coordinates":[[[76.8971297,28.3279334],[76.8971601,28.3273906],[76.8978477,28.3274245],[76.8978172,28.3279674],[76.8971297,28.3279334]]]}},{"type":"Feature","properties":{"v":"Kukrola","m":"24","k":"15","t":"Manesar","vc":"04138","area":4073.1,"lat":28.3282218,"lng":76.8974582},"geometry":{"type":"Polygon","coordinates":[[[76.8970993,28.3284763],[76.8971297,28.3279334],[76.8978172,28.3279674],[76.8977868,28.3285102],[76.8970993,28.3284763]]]}},{"type":"Feature","properties":{"v":"Kukrola","m":"24","k":"14","t":"Manesar","vc":"04138","area":4073.8,"lat":28.3281879,"lng":76.8967707},"geometry":{"type":"Polygon","coordinates":[[[76.8970993,28.3284763],[76.8964117,28.3284424],[76.8964422,28.3278995],[76.8971297,28.3279334],[76.8970993,28.3284763]]]}},{"type":"Feature","properties":{"v":"Kukrola","m":"24","k":"12","t":"Manesar","vc":"04138","area":4073.1,"lat":28.32812,"lng":76.8953957},"geometry":{"type":"Polygon","coordinates":[[[76.8957242,28.3284084],[76.8950367,28.3283745],[76.8950672,28.3278316],[76.8954109,28.3278486],[76.8957547,28.3278656],[76.8957242,28.3284084]]]}},{"type":"Feature","properties":{"v":"Kukrola","m":"24","k":"11/1","t":"Manesar","vc":"04138","area":3564.1,"lat":28.3280839,"lng":76.8946652},"geometry":{"type":"Polygon","coordinates":[[[76.8949508,28.3283702],[76.8943492,28.3283405],[76.8943796,28.3277977],[76.8947234,28.3278146],[76.8949812,28.3278274],[76.8949508,28.3283702]]]}},{"type":"Feature","properties":{"v":"Kukrola","m":"24","k":"10","t":"Manesar","vc":"04138","area":4073.3,"lat":28.3286289,"lng":76.8946777},"geometry":{"type":"Polygon","coordinates":[[[76.8950062,28.3289173],[76.8943187,28.3288834],[76.8943492,28.3283405],[76.8949508,28.3283702],[76.8950367,28.3283745],[76.8950062,28.3289173]]]}},{"type":"Feature","properties":{"v":"Kukrola","m":"24","k":"9","t":"Manesar","vc":"04138","area":4073.6,"lat":28.3286629,"lng":76.8953652},"geometry":{"type":"Polygon","coordinates":[[[76.8957242,28.3284084],[76.8956938,28.3289513],[76.8950578,28.3289199],[76.8950062,28.3289173],[76.8950367,28.3283745],[76.8957242,28.3284084]]]}},{"type":"Feature","properties":{"v":"Kukrola","m":"24","k":"8/2","t":"Manesar","vc":"04138","area":3564.2,"lat":28.3286947,"lng":76.8960098},"geometry":{"type":"Polygon","coordinates":[[[76.8957242,28.3284084],[76.8963258,28.3284381],[76.8962953,28.328981],[76.8956938,28.3289513],[76.8957242,28.3284084]]]}},{"type":"Feature","properties":{"v":"Kukrola","m":"24","k":"7","t":"Manesar","vc":"04138","area":4073.2,"lat":28.3287308,"lng":76.8967403},"geometry":{"type":"Polygon","coordinates":[[[76.8967079,28.3290013],[76.8963813,28.3289852],[76.8964117,28.3284424],[76.8970993,28.3284763],[76.8970688,28.3290192],[76.8967079,28.3290013]]]}},{"type":"Feature","properties":{"v":"Kukrola","m":"24","k":"6","t":"Manesar","vc":"04138","area":4073.5,"lat":28.3287647,"lng":76.8974278},"geometry":{"type":"Polygon","coordinates":[[[76.8970688,28.3290192],[76.8970993,28.3284763],[76.8977868,28.3285102],[76.8977563,28.3290531],[76.8970688,28.3290192]]]}},{"type":"Feature","properties":{"v":"Kukrola","m":"24","k":"5","t":"Manesar","vc":"04138","area":4073.1,"lat":28.3293076,"lng":76.8973974},"geometry":{"type":"Polygon","coordinates":[[[76.8970688,28.3290192],[76.8977563,28.3290531],[76.8977335,28.3294602],[76.8977259,28.329596],[76.8970384,28.329562],[76.8970688,28.3290192]]]}},{"type":"Feature","properties":{"v":"Kukrola","m":"24","k":"4/2","t":"Manesar","vc":"04138","area":2138.5,"lat":28.3292817,"lng":76.8968731},"geometry":{"type":"Polygon","coordinates":[[[76.8970688,28.3290192],[76.8970384,28.329562],[76.8966774,28.3295442],[76.8967079,28.3290013],[76.8970688,28.3290192]]]}},{"type":"Feature","properties":{"v":"Kukrola","m":"24","k":"3","t":"Manesar","vc":"04138","area":4073.0,"lat":28.3292397,"lng":76.8960223},"geometry":{"type":"Polygon","coordinates":[[[76.8956938,28.3289513],[76.8962953,28.328981],[76.8963813,28.3289852],[76.8963508,28.3295281],[76.8956633,28.3294941],[76.8956938,28.3289513]]]}},{"type":"Feature","properties":{"v":"Kukrola","m":"24","k":"2/2","t":"Manesar","vc":"04138","area":3767.7,"lat":28.329207,"lng":76.8953605},"geometry":{"type":"Polygon","coordinates":[[[76.8956938,28.3289513],[76.8956633,28.3294941],[76.8950273,28.3294627],[76.8950578,28.3289199],[76.8956938,28.3289513]]]}},{"type":"Feature","properties":{"v":"Kukrola","m":"24","k":"1","t":"Manesar","vc":"04138","area":4068.1,"lat":28.3291715,"lng":76.8946477},"geometry":{"type":"Polygon","coordinates":[[[76.8950062,28.3289173],[76.8949758,28.3294602],[76.8943226,28.3294279],[76.8942898,28.3293983],[76.8943187,28.3288834],[76.8950062,28.3289173]]]}},{"type":"Feature","properties":{"v":"Kukrola","m":"23","k":"25/1","t":"Manesar","vc":"04138","area":1018.4,"lat":28.3272931,"lng":76.9006988},"geometry":{"type":"Polygon","coordinates":[[[76.9005977,28.3275603],[76.9006281,28.3270174],[76.9008,28.3270259],[76.9007696,28.3275687],[76.9005977,28.3275603]]]}},{"type":"Feature","properties":{"v":"Kukrola","m":"23","k":"23/1","t":"Manesar","vc":"04138","area":916.5,"lat":28.3272248,"lng":76.8993152},"geometry":{"type":"Polygon","coordinates":[[[76.8992227,28.3274924],[76.8992531,28.3269495],[76.8994078,28.3269572],[76.8993774,28.3275],[76.8992227,28.3274924]]]}},{"type":"Feature","properties":{"v":"Kukrola","m":"0","k":"26","t":"Manesar","vc":"04138","area":435.0,"lat":28.3279476,"lng":76.8981881},"geometry":{"type":"Polygon","coordinates":[[[76.898126,28.3277057],[76.8982485,28.3279887],[76.8983318,28.3281714],[76.8982469,28.328183],[76.8981626,28.3279844],[76.8980476,28.3277363],[76.898126,28.3277057]]]}},{"type":"Feature","properties":{"v":"Kukrola","m":"23","k":"1/1","t":"Manesar","vc":"04138","area":1018.5,"lat":28.3295451,"lng":76.8980734},"geometry":{"type":"Polygon","coordinates":[[[76.8984134,28.3296299],[76.8977259,28.329596],[76.8977335,28.3294602],[76.898421,28.3294942],[76.8984134,28.3296299]]]}},{"type":"Feature","properties":{"v":"Kukrola","m":"23","k":"13","t":"Manesar","vc":"04138","area":4073.0,"lat":28.3283236,"lng":76.8995208},"geometry":{"type":"Polygon","coordinates":[[[76.8991618,28.3285781],[76.8991922,28.3280353],[76.8998798,28.3280692],[76.8998493,28.328612],[76.8991618,28.3285781]]]}},{"type":"Feature","properties":{"v":"Kukrola","m":"23","k":"25/2","t":"Manesar","vc":"04138","area":3054.7,"lat":28.32731,"lng":76.9010426},"geometry":{"type":"Polygon","coordinates":[[[76.9007696,28.3275687],[76.9008,28.3270259],[76.9013156,28.3270513],[76.9012852,28.3275942],[76.9007696,28.3275687]]]}},{"type":"Feature","properties":{"v":"Kukrola","m":"23","k":"24","t":"Manesar","vc":"04138","area":4073.1,"lat":28.3272719,"lng":76.9002692},"geometry":{"type":"Polygon","coordinates":[[[76.8999102,28.3275263],[76.8999406,28.3269835],[76.9006281,28.3270174],[76.9005977,28.3275603],[76.8999102,28.3275263]]]}},{"type":"Feature","properties":{"v":"Kukrola","m":"23","k":"23/2","t":"Manesar","vc":"04138","area":3156.3,"lat":28.3272417,"lng":76.899659},"geometry":{"type":"Polygon","coordinates":[[[76.8993774,28.3275],[76.8994078,28.3269572],[76.8999406,28.3269835],[76.8999102,28.3275263],[76.8993774,28.3275]]]}},{"type":"Feature","properties":{"v":"Kukrola","m":"23","k":"22","t":"Manesar","vc":"04138","area":3767.7,"lat":28.3272053,"lng":76.8989199},"geometry":{"type":"Polygon","coordinates":[[[76.8985867,28.327461],[76.8986172,28.3269182],[76.8992531,28.3269495],[76.8992227,28.3274924],[76.8985867,28.327461]]]}},{"type":"Feature","properties":{"v":"Kukrola","m":"23","k":"21","t":"Manesar","vc":"04138","area":3846.9,"lat":28.327155,"lng":76.8982075},"geometry":{"type":"Polygon","coordinates":[[[76.8985369,28.3274283],[76.8978494,28.3273944],[76.8978781,28.3268817],[76.8985656,28.3269156],[76.8985369,28.3274283]]]}},{"type":"Feature","properties":{"v":"Kukrola","m":"23","k":"20","t":"Manesar","vc":"04138","area":3818.7,"lat":28.3277037,"lng":76.8981782},"geometry":{"type":"Polygon","coordinates":[[[76.8985047,28.3280013],[76.8982485,28.3279887],[76.898126,28.3277057],[76.8980476,28.3277363],[76.8981626,28.3279844],[76.8978172,28.3279674],[76.8978477,28.3274245],[76.8985352,28.3274585],[76.8985047,28.3280013]]]}},{"type":"Feature","properties":{"v":"Kukrola","m":"23","k":"19","t":"Manesar","vc":"04138","area":3768.1,"lat":28.3277481,"lng":76.8988895},"geometry":{"type":"Polygon","coordinates":[[[76.8985563,28.3280039],[76.8985867,28.327461],[76.8992227,28.3274924],[76.8991922,28.3280353],[76.8985563,28.3280039]]]}},{"type":"Feature","properties":{"v":"Kukrola","m":"23","k":"18","t":"Manesar","vc":"04138","area":4073.9,"lat":28.3277808,"lng":76.8995512},"geometry":{"type":"Polygon","coordinates":[[[76.8991922,28.3280353],[76.8992227,28.3274924],[76.8993774,28.3275],[76.8999102,28.3275263],[76.8998798,28.3280692],[76.8991922,28.3280353]]]}},{"type":"Feature","properties":{"v":"Kukrola","m":"23","k":"17","t":"Manesar","vc":"04138","area":4073.1,"lat":28.3278147,"lng":76.9002387},"geometry":{"type":"Polygon","coordinates":[[[76.8998798,28.3280692],[76.8999102,28.3275263],[76.9005977,28.3275603],[76.9005673,28.3281031],[76.8998798,28.3280692]]]}},{"type":"Feature","properties":{"v":"Kukrola","m":"23","k":"16","t":"Manesar","vc":"04138","area":4073.0,"lat":28.3278486,"lng":76.9009262},"geometry":{"type":"Polygon","coordinates":[[[76.9005673,28.3281031],[76.9005977,28.3275603],[76.9007696,28.3275687],[76.9012852,28.3275942],[76.9012548,28.328137],[76.9005673,28.3281031]]]}},{"type":"Feature","properties":{"v":"Kukrola","m":"23","k":"15","t":"Manesar","vc":"04138","area":4073.8,"lat":28.3283915,"lng":76.9008958},"geometry":{"type":"Polygon","coordinates":[[[76.9005368,28.328646],[76.9005673,28.3281031],[76.9012548,28.328137],[76.9012244,28.3286799],[76.9005368,28.328646]]]}},{"type":"Feature","properties":{"v":"Kukrola","m":"23","k":"14","t":"Manesar","vc":"04138","area":4073.1,"lat":28.3283576,"lng":76.9002083},"geometry":{"type":"Polygon","coordinates":[[[76.9005368,28.328646],[76.8998493,28.328612],[76.8998798,28.3280692],[76.9005673,28.3281031],[76.9005368,28.328646]]]}},{"type":"Feature","properties":{"v":"Kukrola","m":"23","k":"12","t":"Manesar","vc":"04138","area":3767.0,"lat":28.328291,"lng":76.898859},"geometry":{"type":"Polygon","coordinates":[[[76.8985259,28.3285467],[76.8985563,28.3280039],[76.8991922,28.3280353],[76.8991618,28.3285781],[76.8985259,28.3285467]]]}},{"type":"Feature","properties":{"v":"Kukrola","m":"23","k":"11","t":"Manesar","vc":"04138","area":3892.6,"lat":28.3282638,"lng":76.898141},"geometry":{"type":"Polygon","coordinates":[[[76.8984743,28.3285442],[76.8977868,28.3285102],[76.8978172,28.3279674],[76.8981626,28.3279844],[76.8982469,28.328183],[76.8983318,28.3281714],[76.8982485,28.3279887],[76.8985047,28.3280013],[76.8984743,28.3285442]]]}},{"type":"Feature","properties":{"v":"Kukrola","m":"23","k":"10","t":"Manesar","vc":"04138","area":4073.4,"lat":28.3287986,"lng":76.8981153},"geometry":{"type":"Polygon","coordinates":[[[76.8984743,28.3285442],[76.8984439,28.329087],[76.8977563,28.3290531],[76.8977868,28.3285102],[76.8984743,28.3285442]]]}},{"type":"Feature","properties":{"v":"Kukrola","m":"23","k":"9","t":"Manesar","vc":"04138","area":3768.0,"lat":28.3288339,"lng":76.8988286},"geometry":{"type":"Polygon","coordinates":[[[76.8991314,28.329121],[76.8984954,28.3290896],[76.8985259,28.3285467],[76.8991618,28.3285781],[76.8991314,28.329121]]]}},{"type":"Feature","properties":{"v":"Kukrola","m":"23","k":"8","t":"Manesar","vc":"04138","area":4073.5,"lat":28.3288665,"lng":76.8994904},"geometry":{"type":"Polygon","coordinates":[[[76.8991618,28.3285781],[76.8998493,28.328612],[76.8998189,28.3291549],[76.8991314,28.329121],[76.8991618,28.3285781]]]}},{"type":"Feature","properties":{"v":"Kukrola","m":"23","k":"7","t":"Manesar","vc":"04138","area":4073.1,"lat":28.3289004,"lng":76.9001778},"geometry":{"type":"Polygon","coordinates":[[[76.9005368,28.328646],[76.9005064,28.3291888],[76.8998189,28.3291549],[76.8998493,28.328612],[76.9005368,28.328646]]]}},{"type":"Feature","properties":{"v":"Kukrola","m":"23","k":"6","t":"Manesar","vc":"04138","area":4073.0,"lat":28.3289343,"lng":76.9008654},"geometry":{"type":"Polygon","coordinates":[[[76.9005064,28.3291888],[76.9005368,28.328646],[76.9012244,28.3286799],[76.9011939,28.3292227],[76.9005064,28.3291888]]]}},{"type":"Feature","properties":{"v":"Kukrola","m":"23","k":"5","t":"Manesar","vc":"04138","area":4073.4,"lat":28.3294772,"lng":76.900835},"geometry":{"type":"Polygon","coordinates":[[[76.9005064,28.3291888],[76.9011939,28.3292227],[76.9011635,28.3297656],[76.900476,28.3297317],[76.9005064,28.3291888]]]}},{"type":"Feature","properties":{"v":"Kukrola","m":"23","k":"4","t":"Manesar","vc":"04138","area":4073.6,"lat":28.3294433,"lng":76.9001474},"geometry":{"type":"Polygon","coordinates":[[[76.8998189,28.3291549],[76.9005064,28.3291888],[76.900476,28.3297317],[76.8997885,28.3296978],[76.8997935,28.3296073],[76.8998189,28.3291549]]]}},{"type":"Feature","properties":{"v":"Kukrola","m":"23","k":"3/2","t":"Manesar","vc":"04138","area":3394.1,"lat":28.3293641,"lng":76.8994625},"geometry":{"type":"Polygon","coordinates":[[[76.8991314,28.329121],[76.8998189,28.3291549],[76.8997935,28.3296073],[76.899106,28.3295733],[76.8991314,28.329121]]]}},{"type":"Feature","properties":{"v":"Kukrola","m":"23","k":"2","t":"Manesar","vc":"04138","area":3767.4,"lat":28.3293767,"lng":76.8987982},"geometry":{"type":"Polygon","coordinates":[[[76.8984954,28.3290896],[76.8991314,28.329121],[76.899106,28.3295733],[76.8991009,28.3296638],[76.898465,28.3296324],[76.8984954,28.3290896]]]}},{"type":"Feature","properties":{"v":"Kukrola","m":"23","k":"1/2","t":"Manesar","vc":"04138","area":3055.1,"lat":28.3292736,"lng":76.8980887},"geometry":{"type":"Polygon","coordinates":[[[76.8984439,28.329087],[76.898421,28.3294942],[76.8977335,28.3294602],[76.8977563,28.3290531],[76.8984439,28.329087]]]}},{"type":"Feature","properties":{"v":"Kukrola","m":"0","k":"","t":"Manesar","vc":"04138","area":151.8,"lat":28.3317004,"lng":76.898816},"geometry":{"type":"Polygon","coordinates":[[[76.8988423,28.3316316],[76.8988952,28.3317583],[76.8987896,28.3317691],[76.8987368,28.3316424],[76.8988423,28.3316316]]]}},{"type":"Feature","properties":{"v":"Kukrola","m":"7","k":"5/2","t":"Manesar","vc":"04138","area":2036.6,"lat":28.3349142,"lng":76.9007026},"geometry":{"type":"Polygon","coordinates":[[[76.9008897,28.3346513],[76.9008592,28.3351942],[76.9005155,28.3351772],[76.9005459,28.3346343],[76.9008897,28.3346513]]]}},{"type":"Feature","properties":{"v":"Kukrola","m":"7","k":"6/2","t":"Manesar","vc":"04138","area":2036.7,"lat":28.3342272,"lng":76.9005687},"geometry":{"type":"Polygon","coordinates":[[[76.9002325,28.3340745],[76.9007826,28.3341017],[76.9007998,28.3341025],[76.9009201,28.3341084],[76.9009049,28.3343799],[76.9002173,28.3343459],[76.9002325,28.3340745]]]}},{"type":"Feature","properties":{"v":"Kukrola","m":"7","k":"15/2","t":"Manesar","vc":"04138","area":99.1,"lat":28.3338382,"lng":76.900806},"geometry":{"type":"Polygon","coordinates":[[[76.9007826,28.3341017],[76.9008122,28.3335739],[76.9008294,28.3335747],[76.9007998,28.3341025],[76.9007826,28.3341017]]]}},{"type":"Feature","properties":{"v":"Kukrola","m":"7","k":"13/2/1","t":"Manesar","vc":"04138","area":905.3,"lat":28.3335562,"lng":76.8992275},"geometry":{"type":"Polygon","coordinates":[[[76.8995678,28.3336335],[76.8988803,28.3335995],[76.898887,28.3334789],[76.8995746,28.3335128],[76.8995678,28.3336335]]]}},{"type":"Feature","properties":{"v":"Kukrola","m":"7","k":"13/1/2","t":"Manesar","vc":"04138","area":112.9,"lat":28.333624,"lng":76.8992232},"geometry":{"type":"Polygon","coordinates":[[[76.8988803,28.3335995],[76.8995678,28.3336335],[76.899567,28.3336485],[76.8988794,28.3336146],[76.8988803,28.3335995]]]}},{"type":"Feature","properties":{"v":"Kukrola","m":"7","k":"14/1/2","t":"Manesar","vc":"04138","area":79.3,"lat":28.3335171,"lng":76.8998156},"geometry":{"type":"Polygon","coordinates":[[[76.9000559,28.3335366],[76.8995746,28.3335128],[76.8995754,28.3334977],[76.9000567,28.3335215],[76.9000559,28.3335366]]]}},{"type":"Feature","properties":{"v":"Kukrola","m":"7","k":"14/2/2","t":"Manesar","vc":"04138","area":33.9,"lat":28.3335341,"lng":76.9001593},"geometry":{"type":"Polygon","coordinates":[[[76.900263,28.3335317],[76.9002621,28.3335467],[76.9000559,28.3335366],[76.9000567,28.3335215],[76.900263,28.3335317]]]}},{"type":"Feature","properties":{"v":"Kukrola","m":"7","k":"","t":"Manesar","vc":"04138","area":692.9,"lat":28.3338416,"lng":76.9008747},"geometry":{"type":"Polygon","coordinates":[[[76.9007998,28.3341025],[76.9008294,28.3335747],[76.9009497,28.3335807],[76.9009201,28.3341084],[76.9007998,28.3341025]]]}},{"type":"Feature","properties":{"v":"Kukrola","m":"10","k":"20/1/1","t":"Manesar","vc":"04138","area":1481.5,"lat":28.3305999,"lng":76.8980143},"geometry":{"type":"Polygon","coordinates":[[[76.8983636,28.3305182],[76.8983525,28.3307156],[76.897665,28.3306817],[76.8976761,28.3304842],[76.8983636,28.3305182]]]}},{"type":"Feature","properties":{"v":"Kukrola","m":"10","k":"20/1/2","t":"Manesar","vc":"04138","area":113.3,"lat":28.3304937,"lng":76.8980202},"geometry":{"type":"Polygon","coordinates":[[[76.8976769,28.3304691],[76.8983644,28.3305031],[76.8983636,28.3305182],[76.8976761,28.3304842],[76.8976769,28.3304691]]]}},{"type":"Feature","properties":{"v":"Kukrola","m":"9","k":"23/2","t":"Manesar","vc":"04138","area":1131.6,"lat":28.3295865,"lng":76.8960028},"geometry":{"type":"Polygon","coordinates":[[[76.8956548,28.3296449],[76.8956633,28.3294941],[76.8963508,28.3295281],[76.89635,28.3295432],[76.8963424,28.3296789],[76.8956548,28.3296449]]]}},{"type":"Feature","properties":{"v":"Kukrola","m":"9","k":"24/2","t":"Manesar","vc":"04138","area":113.3,"lat":28.3295526,"lng":76.8966942},"geometry":{"type":"Polygon","coordinates":[[[76.8966774,28.3295442],[76.8970384,28.329562],[76.8970375,28.3295771],[76.89635,28.3295432],[76.8963508,28.3295281],[76.8966774,28.3295442]]]}},{"type":"Feature","properties":{"v":"Kukrola","m":"9","k":"25/2","t":"Manesar","vc":"04138","area":112.9,"lat":28.3295865,"lng":76.8973813},"geometry":{"type":"Polygon","coordinates":[[[76.8970375,28.3295771],[76.8970384,28.329562],[76.8977259,28.329596],[76.897725,28.329611],[76.8970375,28.3295771]]]}},{"type":"Feature","properties":{"v":"Kukrola","m":"9","k":"21/1","t":"Manesar","vc":"04138","area":974.6,"lat":28.3298824,"lng":76.8947388},"geometry":{"type":"Polygon","coordinates":[[[76.8949453,28.330003],[76.8945775,28.3299849],[76.8945438,28.3299103],[76.8944787,28.3297683],[76.8949572,28.3297919],[76.8949453,28.330003]]]}},{"type":"Feature","properties":{"v":"Kukrola","m":"7","k":"","t":"Manesar","vc":"04138","area":112.9,"lat":28.3335562,"lng":76.9006066},"geometry":{"type":"Polygon","coordinates":[[[76.900263,28.3335317],[76.9009505,28.3335656],[76.9009497,28.3335807],[76.9008294,28.3335747],[76.9008122,28.3335739],[76.9002621,28.3335467],[76.900263,28.3335317]]]}},{"type":"Feature","properties":{"v":"Kukrola","m":"23","k":"3/1","t":"Manesar","vc":"04138","area":679.1,"lat":28.3296356,"lng":76.8994472},"geometry":{"type":"Polygon","coordinates":[[[76.899106,28.3295733],[76.8997935,28.3296073],[76.8997885,28.3296978],[76.8991009,28.3296638],[76.899106,28.3295733]]]}},{"type":"Feature","properties":{"v":"Kukrola","m":"24","k":"23/1","t":"Manesar","vc":"04138","area":2036.8,"lat":28.3270598,"lng":76.8959722},"geometry":{"type":"Polygon","coordinates":[[[76.8957851,28.3273227],[76.8958156,28.3267798],[76.8961593,28.3267968],[76.8961289,28.3273397],[76.8957851,28.3273227]]]}},{"type":"Feature","properties":{"v":"Kukrola","m":"24","k":"19/2","t":"Manesar","vc":"04138","area":2036.6,"lat":28.3275687,"lng":76.8952543},"geometry":{"type":"Polygon","coordinates":[[[76.8950976,28.3272888],[76.8954414,28.3273057],[76.8954109,28.3278486],[76.8950672,28.3278316],[76.8950976,28.3272888]]]}},{"type":"Feature","properties":{"v":"Kukrola","m":"24","k":"20/2","t":"Manesar","vc":"04138","area":2036.9,"lat":28.3275347,"lng":76.8945667},"geometry":{"type":"Polygon","coordinates":[[[76.8947539,28.3272718],[76.8947234,28.3278146],[76.8943796,28.3277977],[76.8944101,28.3272548],[76.8947539,28.3272718]]]}},{"type":"Feature","properties":{"v":"Kukrola","m":"22","k":"24/2","t":"Manesar","vc":"04138","area":1324.2,"lat":28.3274529,"lng":76.9039387},"geometry":{"type":"Polygon","coordinates":[[[76.9038118,28.3277188],[76.9038422,28.3271759],[76.9040657,28.327187],[76.9040353,28.3277298],[76.9039837,28.3277273],[76.9038118,28.3277188]]]}},{"type":"Feature","properties":{"v":"Kukrola","m":"22","k":"23/2","t":"Manesar","vc":"04138","area":2036.9,"lat":28.327416,"lng":76.9031911},"geometry":{"type":"Polygon","coordinates":[[[76.9033478,28.3276959],[76.9031931,28.3276883],[76.903004,28.327679],[76.9030344,28.3271361],[76.9033782,28.3271531],[76.9033478,28.3276959]]]}},{"type":"Feature","properties":{"v":"Kukrola","m":"22","k":"22/1","t":"Manesar","vc":"04138","area":305.4,"lat":28.327358,"lng":76.9020137},"geometry":{"type":"Polygon","coordinates":[[[76.9019727,28.3276281],[76.9020032,28.3270852],[76.9020547,28.3270878],[76.9020243,28.3276306],[76.9019727,28.3276281]]]}},{"type":"Feature","properties":{"v":"Kukrola","m":"22","k":"18/3","t":"Manesar","vc":"04138","area":1324.2,"lat":28.327939,"lng":76.9027568},"geometry":{"type":"Polygon","coordinates":[[[76.9026298,28.3282049],[76.9026602,28.327662],[76.9028837,28.327673],[76.9028533,28.3282159],[76.9026298,28.3282049]]]}},{"type":"Feature","properties":{"v":"Kukrola","m":"22","k":"18/1","t":"Manesar","vc":"04138","area":916.2,"lat":28.3279635,"lng":76.9032552},"geometry":{"type":"Polygon","coordinates":[[[76.9031627,28.3282311],[76.9031931,28.3276883],[76.9033478,28.3276959],[76.9033173,28.3282388],[76.9031627,28.3282311]]]}},{"type":"Feature","properties":{"v":"Kukrola","m":"22","k":"3/2","t":"Manesar","vc":"04138","area":814.6,"lat":28.3295925,"lng":76.9031725},"geometry":{"type":"Polygon","coordinates":[[[76.9032565,28.3293245],[76.9032261,28.3298673],[76.9030886,28.3298606],[76.903119,28.3293177],[76.9032565,28.3293245]]]}},{"type":"Feature","properties":{"v":"Kukrola","m":"22","k":"13","t":"Manesar","vc":"04138","area":4073.0,"lat":28.3284932,"lng":76.9029584},"geometry":{"type":"Polygon","coordinates":[[[76.9025994,28.3287477],[76.9026298,28.3282049],[76.9028533,28.3282159],[76.9031627,28.3282311],[76.9033173,28.3282388],[76.9032869,28.3287816],[76.9025994,28.3287477]]]}},{"type":"Feature","properties":{"v":"Kukrola","m":"22","k":"25","t":"Manesar","vc":"04138","area":4072.7,"lat":28.3274753,"lng":76.9043942},"geometry":{"type":"Polygon","coordinates":[[[76.9047228,28.3277637],[76.9046884,28.327762],[76.9040353,28.3277298],[76.9040657,28.327187],[76.9047532,28.3272209],[76.9047228,28.3277637]]]}},{"type":"Feature","properties":{"v":"Kukrola","m":"22","k":"24/1","t":"Manesar","vc":"04138","area":2749.0,"lat":28.3274359,"lng":76.903595},"geometry":{"type":"Polygon","coordinates":[[[76.9033478,28.3276959],[76.9033782,28.3271531],[76.9038422,28.3271759],[76.9038118,28.3277188],[76.9033478,28.3276959]]]}},{"type":"Feature","properties":{"v":"Kukrola","m":"22","k":"23/1","t":"Manesar","vc":"04138","area":2036.7,"lat":28.3273991,"lng":76.9028473},"geometry":{"type":"Polygon","coordinates":[[[76.903004,28.327679],[76.9028837,28.327673],[76.9026602,28.327662],[76.9026907,28.3271191],[76.9030344,28.3271361],[76.903004,28.327679]]]}},{"type":"Feature","properties":{"v":"Kukrola","m":"22","k":"22/2","t":"Manesar","vc":"04138","area":3767.7,"lat":28.3273749,"lng":76.9023575},"geometry":{"type":"Polygon","coordinates":[[[76.9020243,28.3276306],[76.9020547,28.3270878],[76.9026907,28.3271191],[76.9026602,28.327662],[76.9020243,28.3276306]]]}},{"type":"Feature","properties":{"v":"Kukrola","m":"22","k":"21","t":"Manesar","vc":"04138","area":4073.8,"lat":28.3273397,"lng":76.9016442},"geometry":{"type":"Polygon","coordinates":[[[76.9012852,28.3275942],[76.9013156,28.3270513],[76.9020032,28.3270852],[76.9019727,28.3276281],[76.9012852,28.3275942]]]}},{"type":"Feature","properties":{"v":"Kukrola","m":"22","k":"20","t":"Manesar","vc":"04138","area":4072.7,"lat":28.3278825,"lng":76.9016137},"geometry":{"type":"Polygon","coordinates":[[[76.9012548,28.328137],[76.9012852,28.3275942],[76.9019727,28.3276281],[76.9019423,28.3281709],[76.9012548,28.328137]]]}},{"type":"Feature","properties":{"v":"Kukrola","m":"22","k":"19","t":"Manesar","vc":"04138","area":4073.3,"lat":28.3279165,"lng":76.9023013},"geometry":{"type":"Polygon","coordinates":[[[76.9019423,28.3281709],[76.9019727,28.3276281],[76.9020243,28.3276306],[76.9026602,28.327662],[76.9026298,28.3282049],[76.9019423,28.3281709]]]}},{"type":"Feature","properties":{"v":"Kukrola","m":"22","k":"18/2","t":"Manesar","vc":"04138","area":1833.0,"lat":28.3279521,"lng":76.9030232},"geometry":{"type":"Polygon","coordinates":[[[76.9028533,28.3282159],[76.9028837,28.327673],[76.903004,28.327679],[76.9031931,28.3276883],[76.9031627,28.3282311],[76.9028533,28.3282159]]]}},{"type":"Feature","properties":{"v":"Kukrola","m":"22","k":"17/2","t":"Manesar","vc":"04138","area":3767.7,"lat":28.327983,"lng":76.9036505},"geometry":{"type":"Polygon","coordinates":[[[76.9033173,28.3282388],[76.9033478,28.3276959],[76.9038118,28.3277188],[76.9039837,28.3277273],[76.9039533,28.3282701],[76.9033173,28.3282388]]]}},{"type":"Feature","properties":{"v":"Kukrola","m":"22","k":"16/2","t":"Manesar","vc":"04138","area":3654.4,"lat":28.3280023,"lng":76.9043475},"geometry":{"type":"Polygon","coordinates":[[[76.9040066,28.3282425],[76.9040353,28.3277298],[76.9046884,28.327762],[76.9046597,28.3282747],[76.9040066,28.3282425]]]}},{"type":"Feature","properties":{"v":"Kukrola","m":"22","k":"15/2","t":"Manesar","vc":"04138","area":3564.2,"lat":28.3285606,"lng":76.9043248},"geometry":{"type":"Polygon","coordinates":[[[76.9040088,28.3288172],[76.9040392,28.3282744],[76.9046408,28.328304],[76.9046104,28.3288469],[76.9040088,28.3288172]]]}},{"type":"Feature","properties":{"v":"Kukrola","m":"22","k":"14","t":"Manesar","vc":"04138","area":4073.5,"lat":28.3285271,"lng":76.9036459},"geometry":{"type":"Polygon","coordinates":[[[76.9039745,28.3288155],[76.9032869,28.3287816],[76.9033173,28.3282388],[76.9039533,28.3282701],[76.9040049,28.3282727],[76.9039745,28.3288155]]]}},{"type":"Feature","properties":{"v":"Kukrola","m":"22","k":"12","t":"Manesar","vc":"04138","area":4073.1,"lat":28.3284593,"lng":76.9022708},"geometry":{"type":"Polygon","coordinates":[[[76.9025994,28.3287477],[76.9019119,28.3287138],[76.9019423,28.3281709],[76.9026298,28.3282049],[76.9025994,28.3287477]]]}},{"type":"Feature","properties":{"v":"Kukrola","m":"22","k":"11","t":"Manesar","vc":"04138","area":4073.4,"lat":28.3284254,"lng":76.9015834},"geometry":{"type":"Polygon","coordinates":[[[76.9019119,28.3287138],[76.9012244,28.3286799],[76.9012548,28.328137],[76.9019423,28.3281709],[76.9019119,28.3287138]]]}},{"type":"Feature","properties":{"v":"Kukrola","m":"22","k":"10","t":"Manesar","vc":"04138","area":4073.4,"lat":28.3289683,"lng":76.9015529},"geometry":{"type":"Polygon","coordinates":[[[76.9018815,28.3292567],[76.9011939,28.3292227],[76.9012244,28.3286799],[76.9019119,28.3287138],[76.9018815,28.3292567]]]}},{"type":"Feature","properties":{"v":"Kukrola","m":"22","k":"9","t":"Manesar","vc":"04138","area":4073.4,"lat":28.3290022,"lng":76.9022404},"geometry":{"type":"Polygon","coordinates":[[[76.9019119,28.3287138],[76.9025994,28.3287477],[76.902569,28.3292906],[76.9018815,28.3292567],[76.9019119,28.3287138]]]}},{"type":"Feature","properties":{"v":"Kukrola","m":"22","k":"8","t":"Manesar","vc":"04138","area":4073.4,"lat":28.3290361,"lng":76.9029279},"geometry":{"type":"Polygon","coordinates":[[[76.9025994,28.3287477],[76.9032869,28.3287816],[76.9032565,28.3293245],[76.903119,28.3293177],[76.902569,28.3292906],[76.9025994,28.3287477]]]}},{"type":"Feature","properties":{"v":"Kukrola","m":"22","k":"7","t":"Manesar","vc":"04138","area":4073.8,"lat":28.32907,"lng":76.9036155},"geometry":{"type":"Polygon","coordinates":[[[76.9039745,28.3288155],[76.903944,28.3293584],[76.9032565,28.3293245],[76.9032869,28.3287816],[76.9039745,28.3288155]]]}},{"type":"Feature","properties":{"v":"Kukrola","m":"22","k":"6/1","t":"Manesar","vc":"04138","area":3869.8,"lat":28.3291048,"lng":76.9043202},"geometry":{"type":"Polygon","coordinates":[[[76.9046316,28.3293923],[76.9039784,28.3293601],[76.9040088,28.3288172],[76.9046104,28.3288469],[76.904662,28.3288494],[76.9046594,28.3288947],[76.9046316,28.3293923]]]}},{"type":"Feature","properties":{"v":"Kukrola","m":"22","k":"5/2","t":"Manesar","vc":"04138","area":3869.5,"lat":28.3296476,"lng":76.9042898},"geometry":{"type":"Polygon","coordinates":[[[76.9046316,28.3293923],[76.9046012,28.3299351],[76.903948,28.3299029],[76.9039784,28.3293601],[76.9046316,28.3293923]]]}},{"type":"Feature","properties":{"v":"Kukrola","m":"22","k":"4","t":"Manesar","vc":"04138","area":4072.7,"lat":28.3296129,"lng":76.903585},"geometry":{"type":"Polygon","coordinates":[[[76.9032565,28.3293245],[76.903944,28.3293584],[76.9039136,28.3299012],[76.9032261,28.3298673],[76.9032565,28.3293245]]]}},{"type":"Feature","properties":{"v":"Kukrola","m":"22","k":"3/1","t":"Manesar","vc":"04138","area":3258.5,"lat":28.3295756,"lng":76.9028288},"geometry":{"type":"Polygon","coordinates":[[[76.902569,28.3292906],[76.903119,28.3293177],[76.9030886,28.3298606],[76.9025386,28.3298334],[76.902569,28.3292906]]]}},{"type":"Feature","properties":{"v":"Kukrola","m":"22","k":"2","t":"Manesar","vc":"04138","area":4073.0,"lat":28.3295451,"lng":76.90221},"geometry":{"type":"Polygon","coordinates":[[[76.9018815,28.3292567],[76.902569,28.3292906],[76.9025386,28.3298334],[76.901851,28.3297995],[76.9018815,28.3292567]]]}},{"type":"Feature","properties":{"v":"Kukrola","m":"22","k":"1","t":"Manesar","vc":"04138","area":4073.4,"lat":28.3295111,"lng":76.9015225},"geometry":{"type":"Polygon","coordinates":[[[76.9011939,28.3292227],[76.9018815,28.3292567],[76.901851,28.3297995],[76.9011635,28.3297656],[76.9011939,28.3292227]]]}},{"type":"Feature","properties":{"v":"Kukrola","m":"21","k":"25/1","t":"Manesar","vc":"04138","area":1046.7,"lat":28.3278222,"lng":76.907954},"geometry":{"type":"Polygon","coordinates":[[[76.9081604,28.3279332],[76.9075244,28.3279018],[76.9081772,28.3276316],[76.9081604,28.3279332]]]}},{"type":"Feature","properties":{"v":"Kukrola","m":"21","k":"24/2","t":"Manesar","vc":"04138","area":457.0,"lat":28.3274153,"lng":76.907357},"geometry":{"type":"Polygon","coordinates":[[[76.9075032,28.3273564],[76.9074931,28.3275374],[76.9072274,28.327435],[76.9071251,28.3273378],[76.9075032,28.3273564]]]}},{"type":"Feature","properties":{"v":"Kukrola","m":"21","k":"7/1","t":"Manesar","vc":"04138","area":2240.6,"lat":28.3292471,"lng":76.9072078},"geometry":{"type":"Polygon","coordinates":[[[76.9070035,28.3295092],[76.9070339,28.3289664],[76.9074121,28.328985],[76.9073817,28.3295279],[76.9070035,28.3295092]]]}},{"type":"Feature","properties":{"v":"Kukrola","m":"21","k":"6/1/2","t":"Manesar","vc":"04138","area":1465.1,"lat":28.3294254,"lng":76.907758},"geometry":{"type":"Polygon","coordinates":[[[76.90807,28.3295467],[76.9074341,28.3295153],[76.9074459,28.3293042],[76.9080819,28.3293356],[76.90807,28.3295467]]]}},{"type":"Feature","properties":{"v":"Kukrola","m":"21","k":"13","t":"Manesar","vc":"04138","area":4072.7,"lat":28.3286627,"lng":76.9063959},"geometry":{"type":"Polygon","coordinates":[[[76.906037,28.3289172],[76.9060657,28.3284045],[76.9060674,28.3283744],[76.9067549,28.3284083],[76.9067245,28.3289511],[76.906037,28.3289172]]]}},{"type":"Feature","properties":{"v":"Kukrola","m":"21","k":"25/2","t":"Manesar","vc":"04138","area":3026.6,"lat":28.3275835,"lng":76.9077895},"geometry":{"type":"Polygon","coordinates":[[[76.9074851,28.3276798],[76.9074931,28.3275374],[76.9075032,28.3273564],[76.9076923,28.3273658],[76.9081908,28.3273903],[76.9081772,28.3276316],[76.9075244,28.3279018],[76.9074728,28.3278993],[76.9074851,28.3276798]]]}},{"type":"Feature","properties":{"v":"Kukrola","m":"21","k":"24/1","t":"Manesar","vc":"04138","area":3319.8,"lat":28.327648,"lng":76.9070998},"geometry":{"type":"Polygon","coordinates":[[[76.9074728,28.3278993],[76.9067853,28.3278654],[76.9068157,28.3273226],[76.9069532,28.3273293],[76.9072274,28.327435],[76.9074851,28.3276798],[76.9074728,28.3278993]]]}},{"type":"Feature","properties":{"v":"Kukrola","m":"21","k":"23","t":"Manesar","vc":"04138","area":4072.7,"lat":28.327577,"lng":76.9064568},"geometry":{"type":"Polygon","coordinates":[[[76.9060978,28.3278315],[76.9061282,28.3272887],[76.9068157,28.3273226],[76.9067853,28.3278654],[76.9060978,28.3278315]]]}},{"type":"Feature","properties":{"v":"Kukrola","m":"21","k":"22/2","t":"Manesar","vc":"04138","area":3348.9,"lat":28.3275379,"lng":76.9058282},"geometry":{"type":"Polygon","coordinates":[[[76.9061282,28.3272887],[76.9060978,28.3278315],[76.9056853,28.3278112],[76.9056887,28.3277509],[76.9055168,28.3277424],[76.9055438,28.3272599],[76.9061282,28.3272887]]]}},{"type":"Feature","properties":{"v":"Kukrola","m":"21","k":"21/2/1","t":"Manesar","vc":"04138","area":2341.7,"lat":28.3275038,"lng":76.9049701},"geometry":{"type":"Polygon","coordinates":[[[76.9047572,28.3277654],[76.9047876,28.3272226],[76.9048563,28.327226],[76.9051829,28.3272421],[76.9051525,28.3277849],[76.9047572,28.3277654]]]}},{"type":"Feature","properties":{"v":"Kukrola","m":"21","k":"20/2","t":"Manesar","vc":"04138","area":11.3,"lat":28.3277797,"lng":76.9047391},"geometry":{"type":"Polygon","coordinates":[[[76.9047572,28.3277654],[76.9047555,28.3277956],[76.9047211,28.3277939],[76.9047228,28.3277637],[76.9047572,28.3277654]]]}},{"type":"Feature","properties":{"v":"Kukrola","m":"21","k":"19/1","t":"Manesar","vc":"04138","area":2443.9,"lat":28.3280928,"lng":76.9058764},"geometry":{"type":"Polygon","coordinates":[[[76.9060674,28.3283744],[76.9056549,28.328354],[76.9056853,28.3278112],[76.9060978,28.3278315],[76.9060674,28.3283744]]]}},{"type":"Feature","properties":{"v":"Kukrola","m":"21","k":"18","t":"Manesar","vc":"04138","area":4073.5,"lat":28.3281199,"lng":76.9064263},"geometry":{"type":"Polygon","coordinates":[[[76.9067549,28.3284083],[76.9060674,28.3283744],[76.9060978,28.3278315],[76.9067853,28.3278654],[76.9067549,28.3284083]]]}},{"type":"Feature","properties":{"v":"Kukrola","m":"21","k":"17","t":"Manesar","vc":"04138","area":4073.7,"lat":28.3281538,"lng":76.9071139},"geometry":{"type":"Polygon","coordinates":[[[76.9067549,28.3284083],[76.9067853,28.3278654],[76.9074728,28.3278993],[76.9074425,28.3284422],[76.9067549,28.3284083]]]}},{"type":"Feature","properties":{"v":"Kukrola","m":"21","k":"16","t":"Manesar","vc":"04138","area":3768.0,"lat":28.3281889,"lng":76.9078272},"geometry":{"type":"Polygon","coordinates":[[[76.907494,28.3284447],[76.9075244,28.3279018],[76.9081604,28.3279332],[76.90813,28.328476],[76.907494,28.3284447]]]}},{"type":"Feature","properties":{"v":"Kukrola","m":"21","k":"15","t":"Manesar","vc":"04138","area":3768.3,"lat":28.3287318,"lng":76.9077968},"geometry":{"type":"Polygon","coordinates":[[[76.90813,28.328476],[76.9080996,28.3290189],[76.9074636,28.3289876],[76.907494,28.3284447],[76.90813,28.328476]]]}},{"type":"Feature","properties":{"v":"Kukrola","m":"21","k":"14","t":"Manesar","vc":"04138","area":4073.5,"lat":28.3286967,"lng":76.9070835},"geometry":{"type":"Polygon","coordinates":[[[76.9074121,28.328985],[76.9070339,28.3289664],[76.9067245,28.3289511],[76.9067549,28.3284083],[76.9074425,28.3284422],[76.9074121,28.328985]]]}},{"type":"Feature","properties":{"v":"Kukrola","m":"21","k":"12/1/1","t":"Manesar","vc":"04138","area":1538.7,"lat":28.3286338,"lng":76.9055013},"geometry":{"type":"Polygon","coordinates":[[[76.9053495,28.3288833],[76.9053782,28.3283706],[76.9056532,28.3283842],[76.9056245,28.3288969],[76.9053495,28.3288833]]]}},{"type":"Feature","properties":{"v":"Kukrola","m":"21","k":"11/1/1","t":"Manesar","vc":"04138","area":2404.4,"lat":28.3286036,"lng":76.9048912},"geometry":{"type":"Polygon","coordinates":[[[76.9050917,28.3288706],[76.904662,28.3288494],[76.9046907,28.3283367],[76.9051204,28.3283579],[76.9050917,28.3288706]]]}},{"type":"Feature","properties":{"v":"Kukrola","m":"21","k":"10/1","t":"Manesar","vc":"04138","area":3733.7,"lat":28.3291604,"lng":76.9049893},"geometry":{"type":"Polygon","coordinates":[[[76.9053191,28.3294262],[76.9046316,28.3293923],[76.9046594,28.3288947],[76.9050891,28.3289159],[76.905347,28.3289286],[76.9053191,28.3294262]]]}},{"type":"Feature","properties":{"v":"Kukrola","m":"21","k":"9/1","t":"Manesar","vc":"04138","area":3733.8,"lat":28.3291943,"lng":76.9056768},"geometry":{"type":"Polygon","coordinates":[[[76.9053191,28.3294262],[76.905347,28.3289286],[76.905622,28.3289421],[76.9060345,28.3289625],[76.9060066,28.3294601],[76.9053191,28.3294262]]]}},{"type":"Feature","properties":{"v":"Kukrola","m":"21","k":"8","t":"Manesar","vc":"04138","area":4073.3,"lat":28.3292056,"lng":76.9063656},"geometry":{"type":"Polygon","coordinates":[[[76.9060066,28.3294601],[76.9060345,28.3289625],[76.906037,28.3289172],[76.9067245,28.3289511],[76.9066941,28.329494],[76.9060066,28.3294601]]]}},{"type":"Feature","properties":{"v":"Kukrola","m":"21","k":"7/2","t":"Manesar","vc":"04138","area":1833.0,"lat":28.3292302,"lng":76.906864},"geometry":{"type":"Polygon","coordinates":[[[76.9066941,28.329494],[76.9067245,28.3289511],[76.9070339,28.3289664],[76.9070035,28.3295092],[76.9066941,28.329494]]]}},{"type":"Feature","properties":{"v":"Kukrola","m":"21","k":"6/2","t":"Manesar","vc":"04138","area":2197.9,"lat":28.3291616,"lng":76.9077728},"geometry":{"type":"Polygon","coordinates":[[[76.9080996,28.3290189],[76.9080819,28.3293356],[76.9074459,28.3293042],[76.9074636,28.3289876],[76.9080996,28.3290189]]]}},{"type":"Feature","properties":{"v":"Kukrola","m":"21","k":"5","t":"Manesar","vc":"04138","area":3767.9,"lat":28.3298175,"lng":76.907736},"geometry":{"type":"Polygon","coordinates":[[[76.9080692,28.3295618],[76.9080388,28.3301046],[76.9074028,28.3300733],[76.9074332,28.3295304],[76.9080692,28.3295618]]]}},{"type":"Feature","properties":{"v":"Kukrola","m":"21","k":"4","t":"Manesar","vc":"04138","area":4073.5,"lat":28.3297823,"lng":76.9070227},"geometry":{"type":"Polygon","coordinates":[[[76.9073817,28.3295279],[76.9073513,28.3300707],[76.9066637,28.3300368],[76.9066941,28.329494],[76.9070035,28.3295092],[76.9073817,28.3295279]]]}},{"type":"Feature","properties":{"v":"Kukrola","m":"21","k":"3","t":"Manesar","vc":"04138","area":4072.7,"lat":28.3297485,"lng":76.9063351},"geometry":{"type":"Polygon","coordinates":[[[76.9060066,28.3294601],[76.9066941,28.329494],[76.9066637,28.3300368],[76.9059762,28.3300029],[76.9060066,28.3294601]]]}},{"type":"Feature","properties":{"v":"Kukrola","m":"21","k":"2","t":"Manesar","vc":"04138","area":4073.0,"lat":28.3297146,"lng":76.9056476},"geometry":{"type":"Polygon","coordinates":[[[76.9053191,28.3294262],[76.9060066,28.3294601],[76.9059762,28.3300029],[76.9052887,28.3299691],[76.9053191,28.3294262]]]}},{"type":"Feature","properties":{"v":"Kukrola","m":"21","k":"1","t":"Manesar","vc":"04138","area":4073.1,"lat":28.3296807,"lng":76.9049602},"geometry":{"type":"Polygon","coordinates":[[[76.9053191,28.3294262],[76.9052887,28.3299691],[76.9046012,28.3299351],[76.9046316,28.3293923],[76.9053191,28.3294262]]]}},{"type":"Feature","properties":{"v":"Kukrola","m":"20","k":"23/1","t":"Manesar","vc":"04138","area":404.6,"lat":28.3279418,"lng":76.9096651},"geometry":{"type":"Polygon","coordinates":[[[76.9095354,28.328001],[76.9095464,28.3278049],[76.9099135,28.3280196],[76.9095354,28.328001]]]}},{"type":"Feature","properties":{"v":"Kukrola","m":"20","k":"22/2","t":"Manesar","vc":"04138","area":1301.1,"lat":28.3275624,"lng":76.9093302},"geometry":{"type":"Polygon","coordinates":[[[76.9095658,28.3274581],[76.9095464,28.3278049],[76.9088783,28.3274242],[76.9095658,28.3274581]]]}},{"type":"Feature","properties":{"v":"Kukrola","m":"20","k":"21/2","t":"Manesar","vc":"04138","area":2093.5,"lat":28.3275484,"lng":76.9085421},"geometry":{"type":"Polygon","coordinates":[[[76.9088783,28.3274242],[76.9088605,28.3277409],[76.9081772,28.3276316],[76.9081908,28.3273903],[76.9088783,28.3274242]]]}},{"type":"Feature","properties":{"v":"Kukrola","m":"20","k":"18/2","t":"Manesar","vc":"04138","area":432.9,"lat":28.3281152,"lng":76.910115},"geometry":{"type":"Polygon","coordinates":[[[76.9102229,28.3280348],[76.9102086,28.3282912],[76.9099135,28.3280196],[76.9102229,28.3280348]]]}},{"type":"Feature","properties":{"v":"Kukrola","m":"20","k":"17/1","t":"Manesar","vc":"04138","area":562.0,"lat":28.3284881,"lng":76.9103177},"geometry":{"type":"Polygon","coordinates":[[[76.9101925,28.3285777],[76.9102086,28.3282912],[76.910552,28.3285954],[76.9102441,28.3285802],[76.9101925,28.3285777]]]}},{"type":"Feature","properties":{"v":"Kukrola","m":"20","k":"15/1","t":"Manesar","vc":"04138","area":532.3,"lat":28.3290724,"lng":76.9109777},"geometry":{"type":"Polygon","coordinates":[[[76.9108497,28.3291544],[76.9108645,28.3288902],[76.9112189,28.3291726],[76.9108497,28.3291544]]]}},{"type":"Feature","properties":{"v":"Kukrola","m":"20","k":"14/2","t":"Manesar","vc":"04138","area":498.6,"lat":28.3286991,"lng":76.9107655},"geometry":{"type":"Polygon","coordinates":[[[76.91088,28.3286116],[76.9108645,28.3288902],[76.910552,28.3285954],[76.91088,28.3286116]]]}},{"type":"Feature","properties":{"v":"Kukrola","m":"20","k":"6/2","t":"Manesar","vc":"04138","area":942.8,"lat":28.329364,"lng":76.911421},"geometry":{"type":"Polygon","coordinates":[[[76.9115372,28.3291883],[76.9115068,28.3297311],[76.9112189,28.3291726],[76.9115372,28.3291883]]]}},{"type":"Feature","properties":{"v":"Kukrola","m":"20","k":"3/2","t":"Manesar","vc":"04138","area":1935.1,"lat":28.3299268,"lng":76.9099533},"geometry":{"type":"Polygon","coordinates":[[[76.9101318,28.3296634],[76.9101014,28.3302063],[76.9097748,28.3301902],[76.9098052,28.3296473],[76.9101318,28.3296634]]]}},{"type":"Feature","properties":{"v":"Kukrola","m":"20","k":"13","t":"Manesar","vc":"04138","area":4073.2,"lat":28.3288322,"lng":76.9098336},"geometry":{"type":"Polygon","coordinates":[[[76.9094746,28.3290867],[76.909505,28.3285438],[76.9101925,28.3285777],[76.9101875,28.3286682],[76.9101621,28.3291205],[76.9094746,28.3290867]]]}},{"type":"Feature","properties":{"v":"Kukrola","m":"20","k":"25","t":"Manesar","vc":"04138","area":4073.5,"lat":28.3278142,"lng":76.9112694},"geometry":{"type":"Polygon","coordinates":[[[76.9109104,28.3280687],[76.9109408,28.3275258],[76.9116283,28.3275597],[76.9115979,28.3281026],[76.9109104,28.3280687]]]}},{"type":"Feature","properties":{"v":"Kukrola","m":"20","k":"24","t":"Manesar","vc":"04138","area":4073.1,"lat":28.3277803,"lng":76.9105819},"geometry":{"type":"Polygon","coordinates":[[[76.9102229,28.3280348],[76.9102533,28.327492],[76.9109408,28.3275258],[76.9109104,28.3280687],[76.9102229,28.3280348]]]}},{"type":"Feature","properties":{"v":"Kukrola","m":"20","k":"23/2","t":"Manesar","vc":"04138","area":3668.5,"lat":28.3277249,"lng":76.9099196},"geometry":{"type":"Polygon","coordinates":[[[76.9102229,28.3280348],[76.9099135,28.3280196],[76.9095464,28.3278049],[76.9095658,28.3274581],[76.9102533,28.327492],[76.9102229,28.3280348]]]}},{"type":"Feature","properties":{"v":"Kukrola","m":"20","k":"22/1","t":"Manesar","vc":"04138","area":2772.7,"lat":28.3277831,"lng":76.909149},"geometry":{"type":"Polygon","coordinates":[[[76.9088479,28.3279671],[76.9088605,28.3277409],[76.9088783,28.3274242],[76.9095464,28.3278049],[76.9095354,28.328001],[76.9088479,28.3279671]]]}},{"type":"Feature","properties":{"v":"Kukrola","m":"20","k":"21/1","t":"Manesar","vc":"04138","area":1979.9,"lat":28.3278165,"lng":76.9084952},"geometry":{"type":"Polygon","coordinates":[[[76.9081604,28.3279332],[76.9081772,28.3276316],[76.9088605,28.3277409],[76.9088479,28.3279671],[76.9084697,28.3279484],[76.9081604,28.3279332]]]}},{"type":"Feature","properties":{"v":"Kukrola","m":"20","k":"20/1/2/1","t":"Manesar","vc":"04138","area":1807.5,"lat":28.3282804,"lng":76.9086341},"geometry":{"type":"Polygon","coordinates":[[[76.9088175,28.3285099],[76.9084394,28.3284913],[76.9084665,28.3280072],[76.9088394,28.3281179],[76.9088175,28.3285099]]]}},{"type":"Feature","properties":{"v":"Kukrola","m":"20","k":"19","t":"Manesar","vc":"04138","area":4072.9,"lat":28.3282554,"lng":76.9091764},"geometry":{"type":"Polygon","coordinates":[[[76.909505,28.3285438],[76.9088175,28.3285099],[76.9088394,28.3281179],[76.9088479,28.3279671],[76.9095354,28.328001],[76.909505,28.3285438]]]}},{"type":"Feature","properties":{"v":"Kukrola","m":"20","k":"18/1","t":"Manesar","vc":"04138","area":3640.3,"lat":28.32831,"lng":76.9098341},"geometry":{"type":"Polygon","coordinates":[[[76.909505,28.3285438],[76.9095354,28.328001],[76.9099135,28.3280196],[76.9102086,28.3282912],[76.9101925,28.3285777],[76.909505,28.3285438]]]}},{"type":"Feature","properties":{"v":"Kukrola","m":"20","k":"17/2","t":"Manesar","vc":"04138","area":3511.1,"lat":28.3282968,"lng":76.9105889},"geometry":{"type":"Polygon","coordinates":[[[76.91088,28.3286116],[76.910552,28.3285954],[76.9102086,28.3282912],[76.9102229,28.3280348],[76.9109104,28.3280687],[76.91088,28.3286116]]]}},{"type":"Feature","properties":{"v":"Kukrola","m":"20","k":"16","t":"Manesar","vc":"04138","area":4073.3,"lat":28.3283571,"lng":76.911239},"geometry":{"type":"Polygon","coordinates":[[[76.91088,28.3286116],[76.9109104,28.3280687],[76.9115979,28.3281026],[76.9115676,28.3286454],[76.91088,28.3286116]]]}},{"type":"Feature","properties":{"v":"Kukrola","m":"20","k":"15/2","t":"Manesar","vc":"04138","area":3540.9,"lat":28.328874,"lng":76.9112434},"geometry":{"type":"Polygon","coordinates":[[[76.91088,28.3286116],[76.9115676,28.3286454],[76.9115372,28.3291883],[76.9112189,28.3291726],[76.9108645,28.3288902],[76.91088,28.3286116]]]}},{"type":"Feature","properties":{"v":"Kukrola","m":"20","k":"14/1/2/2","t":"Manesar","vc":"04138","area":2382.2,"lat":28.3289629,"lng":76.9105171},"geometry":{"type":"Polygon","coordinates":[[[76.9108497,28.3291544],[76.9102481,28.3291248],[76.9102137,28.3291231],[76.9102373,28.3287009],[76.9108645,28.3288902],[76.9108497,28.3291544]]]}},{"type":"Feature","properties":{"v":"Kukrola","m":"20","k":"12","t":"Manesar","vc":"04138","area":4073.4,"lat":28.3287983,"lng":76.9091461},"geometry":{"type":"Polygon","coordinates":[[[76.9094746,28.3290867],[76.9087871,28.3290528],[76.9088175,28.3285099],[76.909505,28.3285438],[76.9094746,28.3290867]]]}},{"type":"Feature","properties":{"v":"Kukrola","m":"20","k":"11/1","t":"Manesar","vc":"04138","area":2240.1,"lat":28.328772,"lng":76.9086133},"geometry":{"type":"Polygon","coordinates":[[[76.9088175,28.3285099],[76.9087871,28.3290528],[76.9084433,28.3290358],[76.908409,28.3290342],[76.9084394,28.3284913],[76.9088175,28.3285099]]]}},{"type":"Feature","properties":{"v":"Kukrola","m":"20","k":"10/1","t":"Manesar","vc":"04138","area":2036.5,"lat":28.3293157,"lng":76.9086},"geometry":{"type":"Polygon","coordinates":[[[76.908413,28.3295787],[76.9084433,28.3290358],[76.9087871,28.3290528],[76.9087567,28.3295956],[76.908413,28.3295787]]]}},{"type":"Feature","properties":{"v":"Kukrola","m":"20","k":"9","t":"Manesar","vc":"04138","area":4072.7,"lat":28.3293412,"lng":76.9091156},"geometry":{"type":"Polygon","coordinates":[[[76.9094746,28.3290867],[76.9094442,28.3296295],[76.9087567,28.3295956],[76.9087871,28.3290528],[76.9094746,28.3290867]]]}},{"type":"Feature","properties":{"v":"Kukrola","m":"20","k":"8","t":"Manesar","vc":"04138","area":4073.3,"lat":28.329375,"lng":76.9098032},"geometry":{"type":"Polygon","coordinates":[[[76.9094746,28.3290867],[76.9101621,28.3291205],[76.9101318,28.3296634],[76.9098052,28.3296473],[76.9094442,28.3296295],[76.9094746,28.3290867]]]}},{"type":"Feature","properties":{"v":"Kukrola","m":"20","k":"7/1","t":"Manesar","vc":"04138","area":3564.1,"lat":28.329411,"lng":76.9105337},"geometry":{"type":"Polygon","coordinates":[[[76.9108497,28.3291544],[76.9108193,28.3296973],[76.9102177,28.3296676],[76.9102481,28.3291248],[76.9108497,28.3291544]]]}},{"type":"Feature","properties":{"v":"Kukrola","m":"20","k":"6/1","t":"Manesar","vc":"04138","area":3130.3,"lat":28.3294665,"lng":76.9111051},"geometry":{"type":"Polygon","coordinates":[[[76.9108193,28.3296973],[76.9108497,28.3291544],[76.9112189,28.3291726],[76.9115068,28.3297311],[76.9108193,28.3296973]]]}},{"type":"Feature","properties":{"v":"Kukrola","m":"20","k":"5","t":"Manesar","vc":"04138","area":4073.2,"lat":28.3299856,"lng":76.9111479},"geometry":{"type":"Polygon","coordinates":[[[76.9108193,28.3296973],[76.9115068,28.3297311],[76.911479,28.3302288],[76.9114764,28.330274],[76.9107889,28.3302401],[76.9108193,28.3296973]]]}},{"type":"Feature","properties":{"v":"Kukrola","m":"20","k":"4/2","t":"Manesar","vc":"04138","area":3564.0,"lat":28.3299539,"lng":76.9105033},"geometry":{"type":"Polygon","coordinates":[[[76.9108193,28.3296973],[76.9107889,28.3302401],[76.9102389,28.330213],[76.9101873,28.3302105],[76.9102177,28.3296676],[76.9108193,28.3296973]]]}},{"type":"Feature","properties":{"v":"Kukrola","m":"20","k":"3/1","t":"Manesar","vc":"04138","area":2138.6,"lat":28.3299098,"lng":76.9096095},"geometry":{"type":"Polygon","coordinates":[[[76.9098052,28.3296473],[76.9097748,28.3301902],[76.9094139,28.3301724],[76.9094442,28.3296295],[76.9098052,28.3296473]]]}},{"type":"Feature","properties":{"v":"Kukrola","m":"20","k":"2","t":"Manesar","vc":"04138","area":4073.7,"lat":28.329884,"lng":76.9090853},"geometry":{"type":"Polygon","coordinates":[[[76.9094442,28.3296295],[76.9094139,28.3301724],[76.9087263,28.3301385],[76.9087567,28.3295956],[76.9094442,28.3296295]]]}},{"type":"Feature","properties":{"v":"Kukrola","m":"20","k":"1","t":"Manesar","vc":"04138","area":4073.1,"lat":28.3298501,"lng":76.9083978},"geometry":{"type":"Polygon","coordinates":[[[76.9080692,28.3295618],[76.9083786,28.329577],[76.908413,28.3295787],[76.9087567,28.3295956],[76.9087263,28.3301385],[76.9080388,28.3301046],[76.9080692,28.3295618]]]}},{"type":"Feature","properties":{"v":"Kukrola","m":"19","k":"2/1","t":"Manesar","vc":"04138","area":614.7,"lat":28.3302098,"lng":76.9122901},"geometry":{"type":"Polygon","coordinates":[[[76.9121814,28.3299958],[76.9125249,28.3303256],[76.912164,28.3303079],[76.9121665,28.3302626],[76.9121814,28.3299958]]]}},{"type":"Feature","properties":{"v":"Kukrola","m":"19","k":"1/2","t":"Manesar","vc":"04138","area":865.8,"lat":28.3298306,"lng":76.9119608},"geometry":{"type":"Polygon","coordinates":[[[76.9121943,28.329765],[76.9121814,28.3299958],[76.9115068,28.3297311],[76.9121943,28.329765]]]}},{"type":"Feature","properties":{"v":"Kukrola","m":"19","k":"13","t":"Manesar","vc":"04138","area":4073.3,"lat":28.3290015,"lng":76.9132712},"geometry":{"type":"Polygon","coordinates":[[[76.9129122,28.329256],[76.9129426,28.3287132],[76.9136301,28.328747],[76.9135998,28.3292899],[76.9129122,28.329256]]]}},{"type":"Feature","properties":{"v":"Kukrola","m":"19","k":"25","t":"Manesar","vc":"04138","area":3457.7,"lat":28.3280169,"lng":76.9146734},"geometry":{"type":"Polygon","coordinates":[[[76.9145674,28.3277045],[76.9147866,28.3278176],[76.9150532,28.3279552],[76.9150524,28.3279697],[76.9150355,28.3282719],[76.914348,28.328238],[76.9143784,28.3276952],[76.9145674,28.3277045]]]}},{"type":"Feature","properties":{"v":"Kukrola","m":"19","k":"24","t":"Manesar","vc":"04138","area":4073.1,"lat":28.3279497,"lng":76.9140194},"geometry":{"type":"Polygon","coordinates":[[[76.9136605,28.3282042],[76.9136909,28.3276613],[76.9143784,28.3276952],[76.914348,28.328238],[76.9136605,28.3282042]]]}},{"type":"Feature","properties":{"v":"Kukrola","m":"19","k":"23","t":"Manesar","vc":"04138","area":4073.7,"lat":28.3279158,"lng":76.9133319},"geometry":{"type":"Polygon","coordinates":[[[76.912973,28.3281703],[76.9130033,28.3276274],[76.9136909,28.3276613],[76.9136605,28.3282042],[76.912973,28.3281703]]]}},{"type":"Feature","properties":{"v":"Kukrola","m":"19","k":"22","t":"Manesar","vc":"04138","area":4073.0,"lat":28.3278819,"lng":76.9126444},"geometry":{"type":"Polygon","coordinates":[[[76.9122855,28.3281364],[76.9123158,28.3275936],[76.9130033,28.3276274],[76.912973,28.3281703],[76.9122855,28.3281364]]]}},{"type":"Feature","properties":{"v":"Kukrola","m":"19","k":"21","t":"Manesar","vc":"04138","area":4073.4,"lat":28.3278481,"lng":76.9119569},"geometry":{"type":"Polygon","coordinates":[[[76.9122855,28.3281364],[76.9115979,28.3281026],[76.9116283,28.3275597],[76.9123158,28.3275936],[76.9122855,28.3281364]]]}},{"type":"Feature","properties":{"v":"Kukrola","m":"19","k":"20","t":"Manesar","vc":"04138","area":4073.3,"lat":28.3283909,"lng":76.9119265},"geometry":{"type":"Polygon","coordinates":[[[76.9122551,28.3286793],[76.9115676,28.3286454],[76.9115979,28.3281026],[76.9122855,28.3281364],[76.9122551,28.3286793]]]}},{"type":"Feature","properties":{"v":"Kukrola","m":"19","k":"19","t":"Manesar","vc":"04138","area":4073.4,"lat":28.3284248,"lng":76.912614},"geometry":{"type":"Polygon","coordinates":[[[76.9122551,28.3286793],[76.9122855,28.3281364],[76.912973,28.3281703],[76.9129426,28.3287132],[76.9122551,28.3286793]]]}},{"type":"Feature","properties":{"v":"Kukrola","m":"19","k":"18","t":"Manesar","vc":"04138","area":4073.1,"lat":28.3284587,"lng":76.9133015},"geometry":{"type":"Polygon","coordinates":[[[76.9129426,28.3287132],[76.912973,28.3281703],[76.9136605,28.3282042],[76.9136301,28.328747],[76.9129426,28.3287132]]]}},{"type":"Feature","properties":{"v":"Kukrola","m":"19","k":"17","t":"Manesar","vc":"04138","area":4073.1,"lat":28.3284925,"lng":76.9139891},"geometry":{"type":"Polygon","coordinates":[[[76.9136301,28.328747],[76.9136605,28.3282042],[76.914348,28.328238],[76.9143176,28.3287809],[76.9136301,28.328747]]]}},{"type":"Feature","properties":{"v":"Kukrola","m":"19","k":"16","t":"Manesar","vc":"04138","area":4073.3,"lat":28.3285264,"lng":76.9146766},"geometry":{"type":"Polygon","coordinates":[[[76.9143176,28.3287809],[76.914348,28.328238],[76.9150355,28.3282719],[76.9150052,28.3288147],[76.9143176,28.3287809]]]}},{"type":"Feature","properties":{"v":"Kukrola","m":"19","k":"15","t":"Manesar","vc":"04138","area":4073.3,"lat":28.3290692,"lng":76.9146462},"geometry":{"type":"Polygon","coordinates":[[[76.9142873,28.3293237],[76.9143176,28.3287809],[76.9150052,28.3288147],[76.9149748,28.3293576],[76.9142873,28.3293237]]]}},{"type":"Feature","properties":{"v":"Kukrola","m":"19","k":"14","t":"Manesar","vc":"04138","area":4073.0,"lat":28.3290354,"lng":76.9139587},"geometry":{"type":"Polygon","coordinates":[[[76.9142873,28.3293237],[76.9135998,28.3292899],[76.9136301,28.328747],[76.9143176,28.3287809],[76.9142873,28.3293237]]]}},{"type":"Feature","properties":{"v":"Kukrola","m":"19","k":"12","t":"Manesar","vc":"04138","area":4072.7,"lat":28.3289676,"lng":76.9125837},"geometry":{"type":"Polygon","coordinates":[[[76.9122247,28.3292221],[76.9122551,28.3286793],[76.9129426,28.3287132],[76.9129122,28.329256],[76.9122247,28.3292221]]]}},{"type":"Feature","properties":{"v":"Kukrola","m":"19","k":"11","t":"Manesar","vc":"04138","area":4073.0,"lat":28.3289338,"lng":76.9118961},"geometry":{"type":"Polygon","coordinates":[[[76.9122247,28.3292221],[76.9115372,28.3291883],[76.9115676,28.3286454],[76.9122551,28.3286793],[76.9122247,28.3292221]]]}},{"type":"Feature","properties":{"v":"Kukrola","m":"19","k":"10","t":"Manesar","vc":"04138","area":4073.0,"lat":28.3294766,"lng":76.9118658},"geometry":{"type":"Polygon","coordinates":[[[76.9122247,28.3292221],[76.9121943,28.329765],[76.9115068,28.3297311],[76.9115372,28.3291883],[76.9122247,28.3292221]]]}},{"type":"Feature","properties":{"v":"Kukrola","m":"19","k":"9","t":"Manesar","vc":"04138","area":4073.7,"lat":28.3295105,"lng":76.9125533},"geometry":{"type":"Polygon","coordinates":[[[76.9128819,28.3297989],[76.9121943,28.329765],[76.9122247,28.3292221],[76.9129122,28.329256],[76.9128819,28.3297989]]]}},{"type":"Feature","properties":{"v":"Kukrola","m":"19","k":"8","t":"Manesar","vc":"04138","area":4073.3,"lat":28.3295444,"lng":76.9132408},"geometry":{"type":"Polygon","coordinates":[[[76.9129122,28.329256],[76.9135998,28.3292899],[76.9135694,28.3298327],[76.9128819,28.3297989],[76.9129122,28.329256]]]}},{"type":"Feature","properties":{"v":"Kukrola","m":"19","k":"7","t":"Manesar","vc":"04138","area":3936.6,"lat":28.3295697,"lng":76.9139211},"geometry":{"type":"Polygon","coordinates":[[[76.9142873,28.3293237],[76.9142569,28.3298666],[76.9141191,28.3297475],[76.9140335,28.3298556],[76.9135694,28.3298327],[76.9135998,28.3292899],[76.9142873,28.3293237]]]}},{"type":"Feature","properties":{"v":"Kukrola","m":"19","k":"6","t":"Manesar","vc":"04138","area":4073.3,"lat":28.3296121,"lng":76.9146159},"geometry":{"type":"Polygon","coordinates":[[[76.9142569,28.3298666],[76.9142873,28.3293237],[76.9149748,28.3293576],[76.9149445,28.3299004],[76.9142569,28.3298666]]]}},{"type":"Feature","properties":{"v":"Kukrola","m":"19","k":"5","t":"Manesar","vc":"04138","area":1754.1,"lat":28.330045,"lng":76.9147066},"geometry":{"type":"Polygon","coordinates":[[[76.9149445,28.3299004],[76.9149185,28.3303651],[76.9149183,28.3303679],[76.9149095,28.3303612],[76.9142569,28.3298666],[76.9149445,28.3299004]]]}},{"type":"Feature","properties":{"v":"Kukrola","m":"19","k":"4","t":"Manesar","vc":"04138","area":1591.7,"lat":28.3300429,"lng":76.913719},"geometry":{"type":"Polygon","coordinates":[[[76.9140335,28.3298556],[76.9138111,28.3301403],[76.9136804,28.3303075],[76.913539,28.3303756],[76.9135431,28.3303033],[76.9135694,28.3298327],[76.9140335,28.3298556]]]}},{"type":"Feature","properties":{"v":"Kukrola","m":"19","k":"3","t":"Manesar","vc":"04138","area":4073.0,"lat":28.3300872,"lng":76.9132105},"geometry":{"type":"Polygon","coordinates":[[[76.9135694,28.3298327],[76.9135431,28.3303033],[76.913539,28.3303756],[76.9134252,28.33037],[76.9134245,28.3303699],[76.9128515,28.3303417],[76.9128819,28.3297989],[76.9135694,28.3298327]]]}},{"type":"Feature","properties":{"v":"Kukrola","m":"19","k":"2/2","t":"Manesar","vc":"04138","area":3458.6,"lat":28.3300256,"lng":76.9125643},"geometry":{"type":"Polygon","coordinates":[[[76.9121943,28.329765],[76.9128819,28.3297989],[76.9128515,28.3303417],[76.9125249,28.3303256],[76.9121814,28.3299958],[76.9121943,28.329765]]]}},{"type":"Feature","properties":{"v":"Kukrola","m":"19","k":"1/1/2","t":"Manesar","vc":"04138","area":2868.0,"lat":28.3300471,"lng":76.9117991},"geometry":{"type":"Polygon","coordinates":[[[76.9121665,28.3302626],[76.911479,28.3302288],[76.9115068,28.3297311],[76.9121814,28.3299958],[76.9121665,28.3302626]]]}},{"type":"Feature","properties":{"v":"Kukrola","m":"14","k":"19","t":"Manesar","vc":"04138","area":1213.4,"lat":28.3309907,"lng":76.9123154},"geometry":{"type":"Polygon","coordinates":[[[76.9126186,28.3308746],[76.9127008,28.3308787],[76.9123501,28.3310954],[76.9121719,28.3312055],[76.9121117,28.3312428],[76.9121135,28.3312105],[76.9121154,28.3311763],[76.9121336,28.3308507],[76.9126186,28.3308746]]]}},{"type":"Feature","properties":{"v":"Kukrola","m":"14","k":"25","t":"Manesar","vc":"04138","area":9729.5,"lat":28.330415,"lng":76.9143754},"geometry":{"type":"Polygon","coordinates":[[[76.9142569,28.3298666],[76.9149095,28.3303612],[76.9149183,28.3303679],[76.9150949,28.3304522],[76.9148979,28.3307336],[76.9148668,28.3307655],[76.914641,28.3309973],[76.9146256,28.3310131],[76.9145779,28.3310614],[76.9145649,28.3310745],[76.9144906,28.33101],[76.914154,28.3307182],[76.913907,28.330504],[76.9136804,28.3303075],[76.9138111,28.3301403],[76.9140335,28.3298556],[76.9141191,28.3297475],[76.9142569,28.3298666]]]}},{"type":"Feature","properties":{"v":"Kukrola","m":"14","k":"23","t":"Manesar","vc":"04138","area":2127.3,"lat":28.3304769,"lng":76.9129961},"geometry":{"type":"Polygon","coordinates":[[[76.9128515,28.3303417],[76.9134245,28.3303699],[76.9134252,28.33037],[76.913539,28.3303756],[76.9134289,28.3304394],[76.913217,28.3305621],[76.9131923,28.3305764],[76.9129346,28.3307257],[76.9129046,28.3307006],[76.9128347,28.3306419],[76.9125249,28.3303256],[76.9128515,28.3303417]]]}},{"type":"Feature","properties":{"v":"Kukrola","m":"14","k":"22","t":"Manesar","vc":"04138","area":3568.6,"lat":28.3306191,"lng":76.9124604},"geometry":{"type":"Polygon","coordinates":[[[76.9125249,28.3303256],[76.9128347,28.3306419],[76.9129046,28.3307006],[76.9129346,28.3307257],[76.9127405,28.3308527],[76.9127008,28.3308787],[76.9126186,28.3308746],[76.9121336,28.3308507],[76.912164,28.3303079],[76.9125249,28.3303256]]]}},{"type":"Feature","properties":{"v":"Kukrola","m":"14","k":"21","t":"Manesar","vc":"04138","area":4073.3,"lat":28.3305624,"lng":76.911805},"geometry":{"type":"Polygon","coordinates":[[[76.9121336,28.3308507],[76.9114461,28.3308169],[76.9114764,28.330274],[76.912164,28.3303079],[76.9121336,28.3308507]]]}},{"type":"Feature","properties":{"v":"Kukrola","m":"14","k":"20","t":"Manesar","vc":"04138","area":3887.0,"lat":28.331094,"lng":76.9117624},"geometry":{"type":"Polygon","coordinates":[[[76.9121336,28.3308507],[76.9121154,28.3311763],[76.9121135,28.3312105],[76.9121117,28.3312428],[76.9120527,28.3312779],[76.9118772,28.3313824],[76.9117912,28.3313782],[76.9114157,28.3313597],[76.9114461,28.3308169],[76.9121336,28.3308507]]]}},{"type":"Feature","properties":{"v":"Kukrola","m":"14","k":"11","t":"Manesar","vc":"04138","area":760.5,"lat":28.3314679,"lng":76.9115639},"geometry":{"type":"Polygon","coordinates":[[[76.9117912,28.3313782],[76.9118772,28.3313824],[76.9115019,28.3316016],[76.9113988,28.3316613],[76.9114003,28.3316345],[76.9114157,28.3313597],[76.9117912,28.3313782]]]}},{"type":"Feature","properties":{"v":"Kukrola","m":"13","k":"23/1","t":"Manesar","vc":"04138","area":452.5,"lat":28.330702,"lng":76.9097289},"geometry":{"type":"Polygon","coordinates":[[[76.910071,28.3307491],[76.9093835,28.3307152],[76.9093868,28.3306549],[76.9100744,28.3306888],[76.910071,28.3307491]]]}},{"type":"Feature","properties":{"v":"Kukrola","m":"13","k":"23/2","t":"Manesar","vc":"04138","area":1584.0,"lat":28.3305663,"lng":76.9097365},"geometry":{"type":"Polygon","coordinates":[[[76.9100744,28.3306888],[76.9093868,28.3306549],[76.9093987,28.3304438],[76.9100862,28.3304777],[76.9100744,28.3306888]]]}},{"type":"Feature","properties":{"v":"Kukrola","m":"13","k":"24/1","t":"Manesar","vc":"04138","area":814.5,"lat":28.3304811,"lng":76.910155},"geometry":{"type":"Polygon","coordinates":[[[76.9100862,28.3304777],[76.9101014,28.3302063],[76.9101873,28.3302105],[76.9102389,28.330213],[76.9102085,28.3307559],[76.910071,28.3307491],[76.9100744,28.3306888],[76.9100862,28.3304777]]]}},{"type":"Feature","properties":{"v":"Kukrola","m":"13","k":"19/1","t":"Manesar","vc":"04138","area":1629.2,"lat":28.3309799,"lng":76.9092308},"geometry":{"type":"Polygon","coordinates":[[[76.9093835,28.3307152],[76.9093531,28.3312581],[76.9090781,28.3312445],[76.9091085,28.3307017],[76.9093835,28.3307152]]]}},{"type":"Feature","properties":{"v":"Kukrola","m":"13","k":"6","t":"Manesar","vc":"04138","area":503.5,"lat":28.3319632,"lng":76.9108083},"geometry":{"type":"Polygon","coordinates":[[[76.9110031,28.3318837],[76.9110416,28.3318856],[76.9107438,28.3320963],[76.9106834,28.332125],[76.9106883,28.3320388],[76.9106978,28.3318687],[76.9110031,28.3318837]]]}},{"type":"Feature","properties":{"v":"Kukrola","m":"13","k":"13","t":"Manesar","vc":"04138","area":4072.6,"lat":28.3315465,"lng":76.9096816},"geometry":{"type":"Polygon","coordinates":[[[76.9093531,28.3312581],[76.9100406,28.331292],[76.9100102,28.3318348],[76.9093227,28.3318009],[76.9093531,28.3312581]]]}},{"type":"Feature","properties":{"v":"Kukrola","m":"13","k":"25","t":"Manesar","vc":"04138","area":4073.6,"lat":28.3305285,"lng":76.9111175},"geometry":{"type":"Polygon","coordinates":[[[76.9107585,28.330783],[76.9107889,28.3302401],[76.9114764,28.330274],[76.9114461,28.3308169],[76.9107585,28.330783]]]}},{"type":"Feature","properties":{"v":"Kukrola","m":"13","k":"24/2","t":"Manesar","vc":"04138","area":3258.7,"lat":28.330498,"lng":76.9104987},"geometry":{"type":"Polygon","coordinates":[[[76.9107585,28.330783],[76.9102085,28.3307559],[76.9102389,28.330213],[76.9107889,28.3302401],[76.9107585,28.330783]]]}},{"type":"Feature","properties":{"v":"Kukrola","m":"13","k":"23/3","t":"Manesar","vc":"04138","area":2036.3,"lat":28.3303251,"lng":76.90975},"geometry":{"type":"Polygon","coordinates":[[[76.9100862,28.3304777],[76.9093987,28.3304438],[76.9094139,28.3301724],[76.9097748,28.3301902],[76.9101014,28.3302063],[76.9100862,28.3304777]]]}},{"type":"Feature","properties":{"v":"Kukrola","m":"13","k":"22","t":"Manesar","vc":"04138","area":4073.5,"lat":28.3304269,"lng":76.9090549},"geometry":{"type":"Polygon","coordinates":[[[76.9093987,28.3304438],[76.9093868,28.3306549],[76.9093835,28.3307152],[76.9091085,28.3307017],[76.9086959,28.3306814],[76.9087263,28.3301385],[76.9094139,28.3301724],[76.9093987,28.3304438]]]}},{"type":"Feature","properties":{"v":"Kukrola","m":"13","k":"21","t":"Manesar","vc":"04138","area":4073.4,"lat":28.330393,"lng":76.9083673},"geometry":{"type":"Polygon","coordinates":[[[76.9086959,28.3306814],[76.9080084,28.3306475],[76.9080371,28.3301348],[76.9080388,28.3301046],[76.9087263,28.3301385],[76.9086959,28.3306814]]]}},{"type":"Feature","properties":{"v":"Kukrola","m":"13","k":"20","t":"Manesar","vc":"04138","area":4072.6,"lat":28.3309358,"lng":76.9083369},"geometry":{"type":"Polygon","coordinates":[[[76.9086655,28.3312242],[76.907978,28.3311903],[76.9080067,28.3306776],[76.9080084,28.3306475],[76.9086959,28.3306814],[76.9086655,28.3312242]]]}},{"type":"Feature","properties":{"v":"Kukrola","m":"13","k":"19/2","t":"Manesar","vc":"04138","area":2444.2,"lat":28.3309629,"lng":76.908887},"geometry":{"type":"Polygon","coordinates":[[[76.9091085,28.3307017],[76.9090781,28.3312445],[76.9086655,28.3312242],[76.9086959,28.3306814],[76.9091085,28.3307017]]]}},{"type":"Feature","properties":{"v":"Kukrola","m":"13","k":"18","t":"Manesar","vc":"04138","area":4073.4,"lat":28.3310036,"lng":76.9097121},"geometry":{"type":"Polygon","coordinates":[[[76.910071,28.3307491],[76.9100406,28.331292],[76.9093531,28.3312581],[76.9093835,28.3307152],[76.910071,28.3307491]]]}},{"type":"Feature","properties":{"v":"Kukrola","m":"13","k":"17","t":"Manesar","vc":"04138","area":4073.2,"lat":28.3310375,"lng":76.9103996},"geometry":{"type":"Polygon","coordinates":[[[76.9102085,28.3307559],[76.9107585,28.330783],[76.9107282,28.3313258],[76.9100406,28.331292],[76.910071,28.3307491],[76.9102085,28.3307559]]]}},{"type":"Feature","properties":{"v":"Kukrola","m":"13","k":"16","t":"Manesar","vc":"04138","area":4072.9,"lat":28.3310713,"lng":76.9110871},"geometry":{"type":"Polygon","coordinates":[[[76.9107585,28.330783],[76.9114461,28.3308169],[76.9114157,28.3313597],[76.9107282,28.3313258],[76.9107585,28.330783]]]}},{"type":"Feature","properties":{"v":"Kukrola","m":"13","k":"15","t":"Manesar","vc":"04138","area":3620.4,"lat":28.3315889,"lng":76.9110294},"geometry":{"type":"Polygon","coordinates":[[[76.9114157,28.3313597],[76.9114003,28.3316345],[76.9113988,28.3316613],[76.9113639,28.3316832],[76.9110958,28.3318515],[76.9110416,28.3318856],[76.9110031,28.3318837],[76.9106978,28.3318687],[76.9107282,28.3313258],[76.9114157,28.3313597]]]}},{"type":"Feature","properties":{"v":"Kukrola","m":"13","k":"14","t":"Manesar","vc":"04138","area":4073.5,"lat":28.3315803,"lng":76.9103692},"geometry":{"type":"Polygon","coordinates":[[[76.9100406,28.331292],[76.9107282,28.3313258],[76.9106978,28.3318687],[76.9100102,28.3318348],[76.9100406,28.331292]]]}},{"type":"Feature","properties":{"v":"Kukrola","m":"13","k":"12","t":"Manesar","vc":"04138","area":4073.4,"lat":28.3315126,"lng":76.9089941},"geometry":{"type":"Polygon","coordinates":[[[76.9090781,28.3312445],[76.9093531,28.3312581],[76.9093227,28.3318009],[76.9086352,28.3317671],[76.9086655,28.3312242],[76.9090781,28.3312445]]]}},{"type":"Feature","properties":{"v":"Kukrola","m":"13","k":"11","t":"Manesar","vc":"04138","area":4073.6,"lat":28.3314787,"lng":76.9083066},"geometry":{"type":"Polygon","coordinates":[[[76.9086655,28.3312242],[76.9086352,28.3317671],[76.9079476,28.3317332],[76.907978,28.3311903],[76.9086655,28.3312242]]]}},{"type":"Feature","properties":{"v":"Kukrola","m":"13","k":"10","t":"Manesar","vc":"04138","area":4073.2,"lat":28.3320216,"lng":76.9082762},"geometry":{"type":"Polygon","coordinates":[[[76.9086048,28.3323099],[76.9079172,28.332276],[76.9079476,28.3317332],[76.9086352,28.3317671],[76.9086048,28.3323099]]]}},{"type":"Feature","properties":{"v":"Kukrola","m":"13","k":"9","t":"Manesar","vc":"04138","area":4072.9,"lat":28.3320554,"lng":76.9089638},"geometry":{"type":"Polygon","coordinates":[[[76.9092923,28.3323438],[76.9086048,28.3323099],[76.9086352,28.3317671],[76.9093227,28.3318009],[76.9092923,28.3323438]]]}},{"type":"Feature","properties":{"v":"Kukrola","m":"13","k":"8","t":"Manesar","vc":"04138","area":4073.6,"lat":28.3320893,"lng":76.9096513},"geometry":{"type":"Polygon","coordinates":[[[76.9099799,28.3323777],[76.9092923,28.3323438],[76.9093227,28.3318009],[76.9100102,28.3318348],[76.9099799,28.3323777]]]}},{"type":"Feature","properties":{"v":"Kukrola","m":"13","k":"7","t":"Manesar","vc":"04138","area":3338.0,"lat":28.3320851,"lng":76.9102923},"geometry":{"type":"Polygon","coordinates":[[[76.9106978,28.3318687],[76.9106883,28.3320388],[76.9106834,28.332125],[76.9106772,28.3321281],[76.9099846,28.3324634],[76.9099748,28.3324682],[76.9099767,28.3324335],[76.9099799,28.3323777],[76.9100102,28.3318348],[76.9106978,28.3318687]]]}},{"type":"Feature","properties":{"v":"Kukrola","m":"13","k":"3","t":"Manesar","vc":"04138","area":2092.9,"lat":28.3325176,"lng":76.9095497},"geometry":{"type":"Polygon","coordinates":[[[76.9099799,28.3323777],[76.9099767,28.3324335],[76.9099748,28.3324682],[76.9098396,28.3325336],[76.909292,28.3327987],[76.9092661,28.3328113],[76.9092676,28.3327861],[76.9092923,28.3323438],[76.9099799,28.3323777]]]}},{"type":"Feature","properties":{"v":"Kukrola","m":"13","k":"2","t":"Manesar","vc":"04138","area":4030.8,"lat":28.3325955,"lng":76.9089303},"geometry":{"type":"Polygon","coordinates":[[[76.9092923,28.3323438],[76.9092676,28.3327861],[76.9092661,28.3328113],[76.9091768,28.3328698],[76.9091588,28.3328816],[76.9090851,28.3328779],[76.9085744,28.3328528],[76.9086048,28.3323099],[76.9092923,28.3323438]]]}},{"type":"Feature","properties":{"v":"Kukrola","m":"13","k":"1","t":"Manesar","vc":"04138","area":4073.9,"lat":28.3325644,"lng":76.9082458},"geometry":{"type":"Polygon","coordinates":[[[76.9086048,28.3323099],[76.9085744,28.3328528],[76.9078868,28.3328189],[76.9079172,28.332276],[76.9086048,28.3323099]]]}},{"type":"Feature","properties":{"v":"Kukrola","m":"0","k":"57","t":"Manesar","vc":"04138","area":3389.6,"lat":28.3309146,"lng":76.9073299},"geometry":{"type":"Polygon","coordinates":[[[76.9074425,28.3284422],[76.9074728,28.3278993],[76.9075244,28.3279018],[76.907494,28.3284447],[76.9074636,28.3289876],[76.9074459,28.3293042],[76.9074341,28.3295153],[76.9074332,28.3295304],[76.9074028,28.3300733],[76.9074011,28.3301034],[76.9073724,28.3306161],[76.9073707,28.3306463],[76.907342,28.331159],[76.9073116,28.3317018],[76.9072813,28.3322447],[76.9072509,28.3327875],[76.9072205,28.3333304],[76.9071878,28.3339146],[76.9071347,28.3339389],[76.9071385,28.3338707],[76.9071689,28.3333279],[76.9071993,28.332785],[76.9072297,28.3322422],[76.9072601,28.3316993],[76.9072905,28.3311564],[76.9073209,28.3306136],[76.9073513,28.3300707],[76.9073817,28.3295279],[76.9074121,28.328985],[76.9074425,28.3284422]]]}},{"type":"Feature","properties":{"v":"Kukrola","m":"12","k":"16/2","t":"Manesar","vc":"04138","area":209.3,"lat":28.3306469,"lng":76.9076894},"geometry":{"type":"Polygon","coordinates":[[[76.9080084,28.3306475],[76.9080067,28.3306776],[76.9073707,28.3306463],[76.9073724,28.3306161],[76.9080084,28.3306475]]]}},{"type":"Feature","properties":{"v":"Kukrola","m":"12","k":"19/1","t":"Manesar","vc":"04138","area":2036.8,"lat":28.3308088,"lng":76.9057587},"geometry":{"type":"Polygon","coordinates":[[[76.9059154,28.3310887],[76.9055716,28.3310717],[76.905602,28.3305289],[76.9059458,28.3305458],[76.9059154,28.3310887]]]}},{"type":"Feature","properties":{"v":"Kukrola","m":"12","k":"13/1","t":"Manesar","vc":"04138","area":1018.4,"lat":28.3313643,"lng":76.9059862},"geometry":{"type":"Polygon","coordinates":[[[76.9060569,28.33164],[76.905885,28.3316315],[76.9059154,28.3310887],[76.9060873,28.3310971],[76.9060569,28.33164]]]}},{"type":"Feature","properties":{"v":"Kukrola","m":"12","k":"13/2","t":"Manesar","vc":"04138","area":3054.6,"lat":28.3313813,"lng":76.9063299},"geometry":{"type":"Polygon","coordinates":[[[76.9065725,28.3316654],[76.9060569,28.33164],[76.9060873,28.3310971],[76.9066029,28.3311226],[76.9065725,28.3316654]]]}},{"type":"Feature","properties":{"v":"Kukrola","m":"12","k":"25/1","t":"Manesar","vc":"04138","area":3558.6,"lat":28.3303754,"lng":76.9077047},"geometry":{"type":"Polygon","coordinates":[[[76.9080084,28.3306475],[76.9073724,28.3306161],[76.9074011,28.3301034],[76.9080371,28.3301348],[76.9080084,28.3306475]]]}},{"type":"Feature","properties":{"v":"Kukrola","m":"12","k":"24","t":"Manesar","vc":"04138","area":4074.0,"lat":28.3303252,"lng":76.9069923},"geometry":{"type":"Polygon","coordinates":[[[76.9066333,28.3305797],[76.9066637,28.3300368],[76.9073513,28.3300707],[76.9073209,28.3306136],[76.9066333,28.3305797]]]}},{"type":"Feature","properties":{"v":"Kukrola","m":"12","k":"23","t":"Manesar","vc":"04138","area":4073.4,"lat":28.3302913,"lng":76.9063048},"geometry":{"type":"Polygon","coordinates":[[[76.9066333,28.3305797],[76.9059458,28.3305458],[76.9059762,28.3300029],[76.9066637,28.3300368],[76.9066333,28.3305797]]]}},{"type":"Feature","properties":{"v":"Kukrola","m":"12","k":"22","t":"Manesar","vc":"04138","area":4073.2,"lat":28.3302574,"lng":76.9056173},"geometry":{"type":"Polygon","coordinates":[[[76.905602,28.3305289],[76.9052583,28.3305119],[76.905287,28.3299992],[76.9052887,28.3299691],[76.9059762,28.3300029],[76.9059458,28.3305458],[76.905602,28.3305289]]]}},{"type":"Feature","properties":{"v":"Kukrola","m":"12","k":"21/1","t":"Manesar","vc":"04138","area":3847.1,"lat":28.3302386,"lng":76.9049289},"geometry":{"type":"Polygon","coordinates":[[[76.9045707,28.330478],[76.9045995,28.3299653],[76.905287,28.3299992],[76.9052583,28.3305119],[76.9045707,28.330478]]]}},{"type":"Feature","properties":{"v":"Kukrola","m":"12","k":"20/1","t":"Manesar","vc":"04138","area":3960.4,"lat":28.330774,"lng":76.9048989},"geometry":{"type":"Polygon","coordinates":[[[76.9045699,28.3304931],[76.9052574,28.330527],[76.9052279,28.3310548],[76.9045403,28.3310209],[76.9045699,28.3304931]]]}},{"type":"Feature","properties":{"v":"Kukrola","m":"12","k":"19/2","t":"Manesar","vc":"04138","area":2036.4,"lat":28.3307918,"lng":76.9054149},"geometry":{"type":"Polygon","coordinates":[[[76.9055716,28.3310717],[76.9052279,28.3310548],[76.9052574,28.330527],[76.9052583,28.3305119],[76.905602,28.3305289],[76.9055716,28.3310717]]]}},{"type":"Feature","properties":{"v":"Kukrola","m":"12","k":"18","t":"Manesar","vc":"04138","area":4073.1,"lat":28.3308342,"lng":76.9062744},"geometry":{"type":"Polygon","coordinates":[[[76.9059154,28.3310887],[76.9059458,28.3305458],[76.9066333,28.3305797],[76.9066029,28.3311226],[76.9060873,28.3310971],[76.9059154,28.3310887]]]}},{"type":"Feature","properties":{"v":"Kukrola","m":"12","k":"17","t":"Manesar","vc":"04138","area":4073.6,"lat":28.3308681,"lng":76.9069619},"geometry":{"type":"Polygon","coordinates":[[[76.9066333,28.3305797],[76.9073209,28.3306136],[76.9072905,28.3311564],[76.9066029,28.3311226],[76.9066333,28.3305797]]]}},{"type":"Feature","properties":{"v":"Kukrola","m":"12","k":"16/1","t":"Manesar","vc":"04138","area":3558.6,"lat":28.3309183,"lng":76.9076743},"geometry":{"type":"Polygon","coordinates":[[[76.907978,28.3311903],[76.907342,28.331159],[76.9073707,28.3306463],[76.9080067,28.3306776],[76.907978,28.3311903]]]}},{"type":"Feature","properties":{"v":"Kukrola","m":"12","k":"15","t":"Manesar","vc":"04138","area":3767.9,"lat":28.3314461,"lng":76.9076448},"geometry":{"type":"Polygon","coordinates":[[[76.9079476,28.3317332],[76.9073116,28.3317018],[76.907342,28.331159],[76.907978,28.3311903],[76.9079476,28.3317332]]]}},{"type":"Feature","properties":{"v":"Kukrola","m":"12","k":"14","t":"Manesar","vc":"04138","area":4073.5,"lat":28.3314109,"lng":76.9069315},"geometry":{"type":"Polygon","coordinates":[[[76.9072601,28.3316993],[76.9065725,28.3316654],[76.9066029,28.3311226],[76.9072905,28.3311564],[76.9072601,28.3316993]]]}},{"type":"Feature","properties":{"v":"Kukrola","m":"12","k":"12","t":"Manesar","vc":"04138","area":4072.8,"lat":28.3313431,"lng":76.9055565},"geometry":{"type":"Polygon","coordinates":[[[76.905885,28.3316315],[76.9051975,28.3315976],[76.9052279,28.3310548],[76.9055716,28.3310717],[76.9059154,28.3310887],[76.905885,28.3316315]]]}},{"type":"Feature","properties":{"v":"Kukrola","m":"12","k":"11","t":"Manesar","vc":"04138","area":4073.2,"lat":28.3313093,"lng":76.9048689},"geometry":{"type":"Polygon","coordinates":[[[76.9051975,28.3315976],[76.9045099,28.3315637],[76.9045403,28.3310209],[76.9052279,28.3310548],[76.9051975,28.3315976]]]}},{"type":"Feature","properties":{"v":"Kukrola","m":"12","k":"10","t":"Manesar","vc":"04138","area":4073.9,"lat":28.3318521,"lng":76.9048385},"geometry":{"type":"Polygon","coordinates":[[[76.9051671,28.3321405],[76.9044795,28.3321066],[76.9045099,28.3315637],[76.9051975,28.3315976],[76.9051671,28.3321405]]]}},{"type":"Feature","properties":{"v":"Kukrola","m":"12","k":"9","t":"Manesar","vc":"04138","area":4073.3,"lat":28.331886,"lng":76.905526},"geometry":{"type":"Polygon","coordinates":[[[76.9051975,28.3315976],[76.905885,28.3316315],[76.9058546,28.3321744],[76.9051671,28.3321405],[76.9051975,28.3315976]]]}},{"type":"Feature","properties":{"v":"Kukrola","m":"12","k":"8","t":"Manesar","vc":"04138","area":4073.2,"lat":28.3319199,"lng":76.9062136},"geometry":{"type":"Polygon","coordinates":[[[76.9060569,28.33164],[76.9065725,28.3316654],[76.9065421,28.3322083],[76.9058546,28.3321744],[76.905885,28.3316315],[76.9060569,28.33164]]]}},{"type":"Feature","properties":{"v":"Kukrola","m":"12","k":"7","t":"Manesar","vc":"04138","area":4073.9,"lat":28.3319538,"lng":76.9069011},"geometry":{"type":"Polygon","coordinates":[[[76.9072601,28.3316993],[76.9072297,28.3322422],[76.9065421,28.3322083],[76.9065725,28.3316654],[76.9072601,28.3316993]]]}},{"type":"Feature","properties":{"v":"Kukrola","m":"12","k":"6","t":"Manesar","vc":"04138","area":3767.5,"lat":28.3319889,"lng":76.9076144},"geometry":{"type":"Polygon","coordinates":[[[76.9079172,28.332276],[76.9072813,28.3322447],[76.9073116,28.3317018],[76.9079476,28.3317332],[76.9079172,28.332276]]]}},{"type":"Feature","properties":{"v":"Kukrola","m":"12","k":"5","t":"Manesar","vc":"04138","area":3767.2,"lat":28.3325318,"lng":76.9075841},"geometry":{"type":"Polygon","coordinates":[[[76.9079172,28.332276],[76.9078868,28.3328189],[76.9072509,28.3327875],[76.9072813,28.3322447],[76.9079172,28.332276]]]}},{"type":"Feature","properties":{"v":"Kukrola","m":"12","k":"4","t":"Manesar","vc":"04138","area":4073.2,"lat":28.3324966,"lng":76.9068707},"geometry":{"type":"Polygon","coordinates":[[[76.9072297,28.3322422],[76.9071993,28.332785],[76.9065117,28.3327511],[76.9065421,28.3322083],[76.9072297,28.3322422]]]}},{"type":"Feature","properties":{"v":"Kukrola","m":"12","k":"3","t":"Manesar","vc":"04138","area":4072.6,"lat":28.3324628,"lng":76.9061831},"geometry":{"type":"Polygon","coordinates":[[[76.9065421,28.3322083],[76.9065117,28.3327511],[76.9058242,28.3327172],[76.9058546,28.3321744],[76.9065421,28.3322083]]]}},{"type":"Feature","properties":{"v":"Kukrola","m":"12","k":"2","t":"Manesar","vc":"04138","area":4072.6,"lat":28.3324288,"lng":76.9054957},"geometry":{"type":"Polygon","coordinates":[[[76.9058546,28.3321744],[76.9058242,28.3327172],[76.9051367,28.3326833],[76.9051671,28.3321405],[76.9058546,28.3321744]]]}},{"type":"Feature","properties":{"v":"Kukrola","m":"12","k":"1","t":"Manesar","vc":"04138","area":4073.2,"lat":28.332395,"lng":76.9048081},"geometry":{"type":"Polygon","coordinates":[[[76.9051671,28.3321405],[76.9051367,28.3326833],[76.9044491,28.3326494],[76.9044795,28.3321066],[76.9051671,28.3321405]]]}},{"type":"Feature","properties":{"v":"Kukrola","m":"11","k":"18/2","t":"Manesar","vc":"04138","area":1697.2,"lat":28.3305064,"lng":76.9028456},"geometry":{"type":"Polygon","coordinates":[[[76.903183,28.3306364],[76.9024955,28.3306025],[76.9025082,28.3303763],[76.9031957,28.3304102],[76.903183,28.3306364]]]}},{"type":"Feature","properties":{"v":"Kukrola","m":"11","k":"26","t":"Manesar","vc":"04138","area":396.0,"lat":28.331193,"lng":76.902262},"geometry":{"type":"Polygon","coordinates":[[[76.9022292,28.3314054],[76.9022089,28.3309827],[76.9022949,28.3309807],[76.9023152,28.3314033],[76.9022292,28.3314054]]]}},{"type":"Feature","properties":{"v":"Kukrola","m":"11","k":"1/1","t":"Manesar","vc":"04138","area":1584.0,"lat":28.3323913,"lng":76.9013611},"geometry":{"type":"Polygon","coordinates":[[[76.9017108,28.3323027],[76.9016989,28.3325138],[76.9010114,28.3324799],[76.9010232,28.3322688],[76.9017108,28.3323027]]]}},{"type":"Feature","properties":{"v":"Kukrola","m":"11","k":"13","t":"Manesar","vc":"04138","area":4073.1,"lat":28.3312075,"lng":76.9028063},"geometry":{"type":"Polygon","coordinates":[[[76.9031348,28.3314959],[76.9024473,28.331462],[76.9024777,28.3309191],[76.9031653,28.3309531],[76.9031627,28.3309983],[76.9031348,28.3314959]]]}},{"type":"Feature","properties":{"v":"Kukrola","m":"11","k":"25/2","t":"Manesar","vc":"04138","area":3654.6,"lat":28.3302055,"lng":76.9042585},"geometry":{"type":"Polygon","coordinates":[[[76.9039176,28.3304458],[76.9039463,28.3299331],[76.9045995,28.3299653],[76.9045707,28.330478],[76.9039176,28.3304458]]]}},{"type":"Feature","properties":{"v":"Kukrola","m":"11","k":"24","t":"Manesar","vc":"04138","area":4073.4,"lat":28.3301557,"lng":76.9035547},"geometry":{"type":"Polygon","coordinates":[[[76.9038832,28.3304441],[76.9031957,28.3304102],[76.9032261,28.3298673],[76.9039136,28.3299012],[76.9038832,28.3304441]]]}},{"type":"Feature","properties":{"v":"Kukrola","m":"11","k":"23","t":"Manesar","vc":"04138","area":4073.1,"lat":28.3301218,"lng":76.9028671},"geometry":{"type":"Polygon","coordinates":[[[76.9031957,28.3304102],[76.9025082,28.3303763],[76.9025386,28.3298334],[76.9030886,28.3298606],[76.9032261,28.3298673],[76.9031957,28.3304102]]]}},{"type":"Feature","properties":{"v":"Kukrola","m":"11","k":"22","t":"Manesar","vc":"04138","area":4074.0,"lat":28.3300879,"lng":76.9021796},"geometry":{"type":"Polygon","coordinates":[[[76.9025082,28.3303763],[76.9018206,28.3303424],[76.901851,28.3297995],[76.9025386,28.3298334],[76.9025082,28.3303763]]]}},{"type":"Feature","properties":{"v":"Kukrola","m":"11","k":"21","t":"Manesar","vc":"04138","area":4073.4,"lat":28.330054,"lng":76.9014921},"geometry":{"type":"Polygon","coordinates":[[[76.9018206,28.3303424],[76.9011331,28.3303085],[76.9011635,28.3297656],[76.901851,28.3297995],[76.9018206,28.3303424]]]}},{"type":"Feature","properties":{"v":"Kukrola","m":"11","k":"20","t":"Manesar","vc":"04138","area":3846.4,"lat":28.3305818,"lng":76.9014625},"geometry":{"type":"Polygon","coordinates":[[[76.9011044,28.3308211],[76.9011331,28.3303085],[76.9018206,28.3303424],[76.9017919,28.3308551],[76.9011044,28.3308211]]]}},{"type":"Feature","properties":{"v":"Kukrola","m":"11","k":"19","t":"Manesar","vc":"04138","area":4072.9,"lat":28.3306307,"lng":76.9021492},"geometry":{"type":"Polygon","coordinates":[[[76.9017919,28.3308551],[76.9018206,28.3303424],[76.9025082,28.3303763],[76.9024955,28.3306025],[76.9024777,28.3309191],[76.9017902,28.3308852],[76.9017919,28.3308551]]]}},{"type":"Feature","properties":{"v":"Kukrola","m":"11","k":"18/1","t":"Manesar","vc":"04138","area":2376.0,"lat":28.3307778,"lng":76.9028304},"geometry":{"type":"Polygon","coordinates":[[[76.9031653,28.3309531],[76.9024777,28.3309191],[76.9024955,28.3306025],[76.903183,28.3306364],[76.9031653,28.3309531]]]}},{"type":"Feature","properties":{"v":"Kukrola","m":"11","k":"17","t":"Manesar","vc":"04138","area":4073.5,"lat":28.3306986,"lng":76.9035242},"geometry":{"type":"Polygon","coordinates":[[[76.903183,28.3306364],[76.9031957,28.3304102],[76.9038832,28.3304441],[76.9038528,28.330987],[76.9031653,28.3309531],[76.903183,28.3306364]]]}},{"type":"Feature","properties":{"v":"Kukrola","m":"11","k":"16/1","t":"Manesar","vc":"04138","area":3762.2,"lat":28.3307409,"lng":76.9042285},"geometry":{"type":"Polygon","coordinates":[[[76.9038872,28.3309887],[76.9039167,28.3304609],[76.9045699,28.3304931],[76.9045403,28.3310209],[76.9038872,28.3309887]]]}},{"type":"Feature","properties":{"v":"Kukrola","m":"11","k":"15/2","t":"Manesar","vc":"04138","area":3868.8,"lat":28.3312762,"lng":76.9041986},"geometry":{"type":"Polygon","coordinates":[[[76.9045099,28.3315637],[76.9038568,28.3315315],[76.9038872,28.3309887],[76.9045403,28.3310209],[76.9045099,28.3315637]]]}},{"type":"Feature","properties":{"v":"Kukrola","m":"11","k":"14/2","t":"Manesar","vc":"04138","area":3722.7,"lat":28.3312633,"lng":76.9034916},"geometry":{"type":"Polygon","coordinates":[[[76.9031627,28.3309983],[76.9038503,28.3310322],[76.9038241,28.3314997],[76.9037897,28.331498],[76.903788,28.3315281],[76.9031348,28.3314959],[76.9031627,28.3309983]]]}},{"type":"Feature","properties":{"v":"Kukrola","m":"11","k":"12","t":"Manesar","vc":"04138","area":3677.3,"lat":28.3311736,"lng":76.9021187},"geometry":{"type":"Polygon","coordinates":[[[76.9024473,28.331462],[76.9017598,28.3314281],[76.9017902,28.3308852],[76.9024777,28.3309191],[76.9024473,28.331462]],[[76.9022292,28.3314054],[76.9023152,28.3314033],[76.9022949,28.3309807],[76.9022089,28.3309827],[76.9022292,28.3314054]]]}},{"type":"Feature","properties":{"v":"Kukrola","m":"11","k":"11","t":"Manesar","vc":"04138","area":4073.7,"lat":28.3311397,"lng":76.9014312},"geometry":{"type":"Polygon","coordinates":[[[76.9010722,28.3313942],[76.9011027,28.3308513],[76.9017902,28.3308852],[76.9017598,28.3314281],[76.9010722,28.3313942]]]}},{"type":"Feature","properties":{"v":"Kukrola","m":"11","k":"10","t":"Manesar","vc":"04138","area":4072.7,"lat":28.3316825,"lng":76.9014008},"geometry":{"type":"Polygon","coordinates":[[[76.9010672,28.3314846],[76.9010722,28.3313942],[76.9017598,28.3314281],[76.9017293,28.3319709],[76.9010418,28.331937],[76.9010672,28.3314846]]]}},{"type":"Feature","properties":{"v":"Kukrola","m":"11","k":"9","t":"Manesar","vc":"04138","area":4073.3,"lat":28.3317165,"lng":76.9020883},"geometry":{"type":"Polygon","coordinates":[[[76.9024473,28.331462],[76.9024169,28.3320049],[76.9017293,28.3319709],[76.9017598,28.3314281],[76.9024473,28.331462]]]}},{"type":"Feature","properties":{"v":"Kukrola","m":"11","k":"8","t":"Manesar","vc":"04138","area":4073.3,"lat":28.3317504,"lng":76.9027758},"geometry":{"type":"Polygon","coordinates":[[[76.9031348,28.3314959],[76.9031044,28.3320388],[76.9024169,28.3320049],[76.9024473,28.331462],[76.9031348,28.3314959]]]}},{"type":"Feature","properties":{"v":"Kukrola","m":"11","k":"7/2","t":"Manesar","vc":"04138","area":3870.1,"lat":28.3317834,"lng":76.9034462},"geometry":{"type":"Polygon","coordinates":[[[76.9037576,28.332071],[76.9031044,28.3320388],[76.9031348,28.3314959],[76.903788,28.3315281],[76.9037576,28.332071]]]}},{"type":"Feature","properties":{"v":"Kukrola","m":"11","k":"6","t":"Manesar","vc":"04138","area":4073.3,"lat":28.3318182,"lng":76.904151},"geometry":{"type":"Polygon","coordinates":[[[76.903792,28.3320727],[76.9038224,28.3315298],[76.9038568,28.3315315],[76.9045099,28.3315637],[76.9044795,28.3321066],[76.903792,28.3320727]]]}},{"type":"Feature","properties":{"v":"Kukrola","m":"11","k":"5","t":"Manesar","vc":"04138","area":4072.6,"lat":28.332361,"lng":76.9041206},"geometry":{"type":"Polygon","coordinates":[[[76.903792,28.3320727],[76.9044795,28.3321066],[76.9044491,28.3326494],[76.9037616,28.3326155],[76.903792,28.3320727]]]}},{"type":"Feature","properties":{"v":"Kukrola","m":"11","k":"4/1","t":"Manesar","vc":"04138","area":3869.4,"lat":28.3323263,"lng":76.9034158},"geometry":{"type":"Polygon","coordinates":[[[76.903074,28.3325816],[76.9031044,28.3320388],[76.9037576,28.332071],[76.9037272,28.3326138],[76.903074,28.3325816]]]}},{"type":"Feature","properties":{"v":"Kukrola","m":"11","k":"3","t":"Manesar","vc":"04138","area":4072.6,"lat":28.3322932,"lng":76.9027455},"geometry":{"type":"Polygon","coordinates":[[[76.9031044,28.3320388],[76.903074,28.3325816],[76.9023865,28.3325477],[76.9024169,28.3320049],[76.9031044,28.3320388]]]}},{"type":"Feature","properties":{"v":"Kukrola","m":"11","k":"2","t":"Manesar","vc":"04138","area":4073.3,"lat":28.3322593,"lng":76.9020579},"geometry":{"type":"Polygon","coordinates":[[[76.9017108,28.3323027],[76.9017293,28.3319709],[76.9024169,28.3320049],[76.9023865,28.3325477],[76.9016989,28.3325138],[76.9017108,28.3323027]]]}},{"type":"Feature","properties":{"v":"Kukrola","m":"11","k":"1/2","t":"Manesar","vc":"04138","area":2489.6,"lat":28.3321199,"lng":76.9013763},"geometry":{"type":"Polygon","coordinates":[[[76.9017293,28.3319709],[76.9017108,28.3323027],[76.9010232,28.3322688],[76.9010418,28.331937],[76.9017293,28.3319709]]]}},{"type":"Feature","properties":{"v":"Kukrola","m":"6","k":"24/1/1","t":"Manesar","vc":"04138","area":565.8,"lat":28.3331037,"lng":76.9033895},"geometry":{"type":"Polygon","coordinates":[[[76.9037354,28.333083],[76.9037311,28.3331584],[76.9030436,28.3331245],[76.9030478,28.3330491],[76.9037354,28.333083]]]}},{"type":"Feature","properties":{"v":"Kukrola","m":"6","k":"20/2","t":"Manesar","vc":"04138","area":2037.3,"lat":28.3331754,"lng":76.9013171},"geometry":{"type":"Polygon","coordinates":[[[76.900981,28.3330227],[76.9016685,28.3330566],[76.9016533,28.3333281],[76.9009657,28.3332942],[76.900975,28.3331283],[76.900981,28.3330227]]]}},{"type":"Feature","properties":{"v":"Kukrola","m":"6","k":"15/1","t":"Manesar","vc":"04138","area":1584.0,"lat":28.3341555,"lng":76.90402},"geometry":{"type":"Polygon","coordinates":[[[76.9036703,28.3342441],[76.9036821,28.334033],[76.9043697,28.3340669],[76.9043579,28.334278],[76.9036703,28.3342441]]]}},{"type":"Feature","properties":{"v":"Kukrola","m":"6","k":"2/2","t":"Manesar","vc":"04138","area":226.6,"lat":28.3347173,"lng":76.9019201},"geometry":{"type":"Polygon","coordinates":[[[76.9015772,28.3346852],[76.9022648,28.3347191],[76.9022631,28.3347493],[76.9015755,28.3347154],[76.9015772,28.3346852]]]}},{"type":"Feature","properties":{"v":"Kukrola","m":"6","k":"13","t":"Manesar","vc":"04138","area":4073.8,"lat":28.3339218,"lng":76.9026542},"geometry":{"type":"Polygon","coordinates":[[[76.9023256,28.3336334],[76.9030132,28.3336673],[76.9029828,28.3342102],[76.9022952,28.3341763],[76.9023256,28.3336334]]]}},{"type":"Feature","properties":{"v":"Kukrola","m":"6","k":"25","t":"Manesar","vc":"04138","area":4073.5,"lat":28.3329039,"lng":76.9040901},"geometry":{"type":"Polygon","coordinates":[[[76.9037379,28.3330377],[76.9037616,28.3326155],[76.9044491,28.3326494],[76.9044187,28.3331923],[76.9037311,28.3331584],[76.9037354,28.333083],[76.9037379,28.3330377]]]}},{"type":"Feature","properties":{"v":"Kukrola","m":"6","k":"24/2/1","t":"Manesar","vc":"04138","area":3009.8,"lat":28.3328088,"lng":76.9033888},"geometry":{"type":"Polygon","coordinates":[[[76.9030504,28.3330038],[76.903074,28.3325816],[76.9037272,28.3326138],[76.9037035,28.3330361],[76.9030504,28.3330038]]]}},{"type":"Feature","properties":{"v":"Kukrola","m":"6","k":"23","t":"Manesar","vc":"04138","area":4073.7,"lat":28.3328361,"lng":76.902715},"geometry":{"type":"Polygon","coordinates":[[[76.902356,28.3330906],[76.9023865,28.3325477],[76.903074,28.3325816],[76.9030504,28.3330038],[76.9030478,28.3330491],[76.9030436,28.3331245],[76.902356,28.3330906]]]}},{"type":"Feature","properties":{"v":"Kukrola","m":"6","k":"22","t":"Manesar","vc":"04138","area":4073.2,"lat":28.3328022,"lng":76.9020275},"geometry":{"type":"Polygon","coordinates":[[[76.9016685,28.3330566],[76.9016989,28.3325138],[76.9023865,28.3325477],[76.902356,28.3330906],[76.9016685,28.3330566]]]}},{"type":"Feature","properties":{"v":"Kukrola","m":"6","k":"21","t":"Manesar","vc":"04138","area":4072.5,"lat":28.3327683,"lng":76.9013399},"geometry":{"type":"Polygon","coordinates":[[[76.900981,28.3330227],[76.9010114,28.3324799],[76.9016989,28.3325138],[76.9016685,28.3330566],[76.900981,28.3330227]]]}},{"type":"Feature","properties":{"v":"Kukrola","m":"6","k":"20/1","t":"Manesar","vc":"04138","area":2036.4,"lat":28.3334468,"lng":76.9013019},"geometry":{"type":"Polygon","coordinates":[[[76.9016381,28.3335995],[76.9010021,28.3335681],[76.9009505,28.3335656],[76.9009657,28.3332942],[76.9016533,28.3333281],[76.9016381,28.3335995]]]}},{"type":"Feature","properties":{"v":"Kukrola","m":"6","k":"19","t":"Manesar","vc":"04138","area":4072.9,"lat":28.333345,"lng":76.901997},"geometry":{"type":"Polygon","coordinates":[[[76.9016533,28.3333281],[76.9016685,28.3330566],[76.902356,28.3330906],[76.9023256,28.3336334],[76.9016381,28.3335995],[76.9016533,28.3333281]]]}},{"type":"Feature","properties":{"v":"Kukrola","m":"6","k":"18","t":"Manesar","vc":"04138","area":4073.1,"lat":28.333379,"lng":76.9026846},"geometry":{"type":"Polygon","coordinates":[[[76.9030132,28.3336673],[76.9023256,28.3336334],[76.902356,28.3330906],[76.9030436,28.3331245],[76.9030132,28.3336673]]]}},{"type":"Feature","properties":{"v":"Kukrola","m":"6","k":"17","t":"Manesar","vc":"04138","area":4072.8,"lat":28.3334129,"lng":76.9033722},"geometry":{"type":"Polygon","coordinates":[[[76.9037007,28.3337012],[76.9035632,28.3336945],[76.9030132,28.3336673],[76.9030436,28.3331245],[76.9037311,28.3331584],[76.9037007,28.3337012]]]}},{"type":"Feature","properties":{"v":"Kukrola","m":"6","k":"16","t":"Manesar","vc":"04138","area":4073.1,"lat":28.3334468,"lng":76.9040597},"geometry":{"type":"Polygon","coordinates":[[[76.9037007,28.3337012],[76.9037311,28.3331584],[76.9044187,28.3331923],[76.9043883,28.3337351],[76.9037007,28.3337012]]]}},{"type":"Feature","properties":{"v":"Kukrola","m":"6","k":"15/2","t":"Manesar","vc":"04138","area":2489.8,"lat":28.3338841,"lng":76.9040352},"geometry":{"type":"Polygon","coordinates":[[[76.9037007,28.3337012],[76.9043883,28.3337351],[76.9043697,28.3340669],[76.9036821,28.334033],[76.9037007,28.3337012]]]}},{"type":"Feature","properties":{"v":"Kukrola","m":"6","k":"14/1","t":"Manesar","vc":"04138","area":3258.2,"lat":28.3339523,"lng":76.903273},"geometry":{"type":"Polygon","coordinates":[[[76.9029828,28.3342102],[76.9030132,28.3336673],[76.9035632,28.3336945],[76.9035328,28.3342373],[76.9032922,28.3342254],[76.9029828,28.3342102]]]}},{"type":"Feature","properties":{"v":"Kukrola","m":"6","k":"12","t":"Manesar","vc":"04138","area":4073.2,"lat":28.3338879,"lng":76.9019666},"geometry":{"type":"Polygon","coordinates":[[[76.9022952,28.3341763],[76.9016077,28.3341424],[76.9016381,28.3335995],[76.9023256,28.3336334],[76.9022952,28.3341763]]]}},{"type":"Feature","properties":{"v":"Kukrola","m":"6","k":"11/2","t":"Manesar","vc":"04138","area":3768.0,"lat":28.3338552,"lng":76.9013049},"geometry":{"type":"Polygon","coordinates":[[[76.9016077,28.3341424],[76.9012639,28.3341254],[76.9009717,28.334111],[76.9010021,28.3335681],[76.9016381,28.3335995],[76.9016077,28.3341424]]]}},{"type":"Feature","properties":{"v":"Kukrola","m":"6","k":"10/1","t":"Manesar","vc":"04138","area":2036.7,"lat":28.3344053,"lng":76.9014205},"geometry":{"type":"Polygon","coordinates":[[[76.9015772,28.3346852],[76.9012334,28.3346683],[76.9012639,28.3341254],[76.9016077,28.3341424],[76.9015772,28.3346852]]]}},{"type":"Feature","properties":{"v":"Kukrola","m":"6","k":"9","t":"Manesar","vc":"04138","area":4072.8,"lat":28.3344308,"lng":76.9019362},"geometry":{"type":"Polygon","coordinates":[[[76.9016077,28.3341424],[76.9022952,28.3341763],[76.9022648,28.3347191],[76.9015772,28.3346852],[76.9016077,28.3341424]]]}},{"type":"Feature","properties":{"v":"Kukrola","m":"6","k":"8","t":"Manesar","vc":"04138","area":4072.8,"lat":28.3344646,"lng":76.9026238},"geometry":{"type":"Polygon","coordinates":[[[76.9029523,28.334753],[76.9022648,28.3347191],[76.9022952,28.3341763],[76.9029828,28.3342102],[76.9029523,28.334753]]]}},{"type":"Feature","properties":{"v":"Kukrola","m":"6","k":"7/1","t":"Manesar","vc":"04138","area":1898.1,"lat":28.3344667,"lng":76.9034568},"geometry":{"type":"Polygon","coordinates":[[[76.9036492,28.3346211],[76.9032617,28.3347683],[76.9032922,28.3342254],[76.9035328,28.3342373],[76.9036703,28.3342441],[76.9036492,28.3346211]]]}},{"type":"Feature","properties":{"v":"Kukrola","m":"6","k":"6","t":"Manesar","vc":"04138","area":1721.3,"lat":28.3343885,"lng":76.9039316},"geometry":{"type":"Polygon","coordinates":[[[76.9036703,28.3342441],[76.9043579,28.334278],[76.9043537,28.3343534],[76.9040456,28.3344767],[76.9036492,28.3346211],[76.9036703,28.3342441]]]}},{"type":"Feature","properties":{"v":"Kukrola","m":"6","k":"3","t":"Manesar","vc":"04138","area":2093.4,"lat":28.3348828,"lng":76.9025475},"geometry":{"type":"Polygon","coordinates":[[[76.9022648,28.3347191],[76.9029523,28.334753],[76.9029439,28.3349038],[76.902242,28.3351263],[76.9022631,28.3347493],[76.9022648,28.3347191]]]}},{"type":"Feature","properties":{"v":"Kukrola","m":"6","k":"2/1","t":"Manesar","vc":"04138","area":3606.7,"lat":28.3349739,"lng":76.90189},"geometry":{"type":"Polygon","coordinates":[[[76.9015755,28.3347154],[76.9022631,28.3347493],[76.902242,28.3351263],[76.9021084,28.3351741],[76.9019112,28.335246],[76.9015468,28.3352281],[76.9015755,28.3347154]]]}},{"type":"Feature","properties":{"v":"Kukrola","m":"6","k":"1","t":"Manesar","vc":"04138","area":4073.3,"lat":28.3349397,"lng":76.9012182},"geometry":{"type":"Polygon","coordinates":[[[76.9015755,28.3347154],[76.9015468,28.3352281],[76.9008592,28.3351942],[76.9008897,28.3346513],[76.9012334,28.3346683],[76.9015772,28.3346852],[76.9015755,28.3347154]]]}},{"type":"Feature","properties":{"v":"Kukrola","m":"3","k":"22","t":"Manesar","vc":"04138","area":343.6,"lat":28.3352917,"lng":76.901665},"geometry":{"type":"Polygon","coordinates":[[[76.9019112,28.335246],[76.9016069,28.335372],[76.9015952,28.3353768],[76.9015758,28.3353849],[76.9015371,28.3354009],[76.9015468,28.3352281],[76.9019112,28.335246]]]}},{"type":"Feature","properties":{"v":"Kukrola","m":"3","k":"21","t":"Manesar","vc":"04138","area":2078.6,"lat":28.3353533,"lng":76.9011554},"geometry":{"type":"Polygon","coordinates":[[[76.9015468,28.3352281],[76.9015371,28.3354009],[76.9010122,28.3355404],[76.9008398,28.335541],[76.9008592,28.3351942],[76.9015468,28.3352281]]]}},{"type":"Feature","properties":{"v":"Kukrola","m":"5","k":"12","t":"Manesar","vc":"04138","area":553.8,"lat":28.3338564,"lng":76.9052115},"geometry":{"type":"Polygon","coordinates":[[[76.9050758,28.333769],[76.9054964,28.3337898],[76.9050623,28.3340103],[76.9050758,28.333769]]]}},{"type":"Feature","properties":{"v":"Kukrola","m":"5","k":"13","t":"Manesar","vc":"04138","area":1224.9,"lat":28.3340005,"lng":76.9062954},"geometry":{"type":"Polygon","coordinates":[[[76.9064509,28.3338368],[76.9064223,28.3343475],[76.9064222,28.3343495],[76.9063367,28.3342378],[76.906013,28.3338152],[76.9064509,28.3338368]]]}},{"type":"Feature","properties":{"v":"Kukrola","m":"5","k":"25","t":"Manesar","vc":"04138","area":3767.2,"lat":28.3330746,"lng":76.9075536},"geometry":{"type":"Polygon","coordinates":[[[76.9078868,28.3328189],[76.9078564,28.3333617],[76.9072205,28.3333304],[76.9072509,28.3327875],[76.9078868,28.3328189]]]}},{"type":"Feature","properties":{"v":"Kukrola","m":"5","k":"24","t":"Manesar","vc":"04138","area":4073.9,"lat":28.3330395,"lng":76.9068403},"geometry":{"type":"Polygon","coordinates":[[[76.9071689,28.3333279],[76.9064813,28.333294],[76.9065117,28.3327511],[76.9071993,28.332785],[76.9071689,28.3333279]]]}},{"type":"Feature","properties":{"v":"Kukrola","m":"5","k":"23","t":"Manesar","vc":"04138","area":4073.3,"lat":28.3330056,"lng":76.9061527},"geometry":{"type":"Polygon","coordinates":[[[76.9064813,28.333294],[76.9057938,28.3332601],[76.9058242,28.3327172],[76.9065117,28.3327511],[76.9064813,28.333294]]]}},{"type":"Feature","properties":{"v":"Kukrola","m":"5","k":"22","t":"Manesar","vc":"04138","area":4073.6,"lat":28.3329717,"lng":76.9054652},"geometry":{"type":"Polygon","coordinates":[[[76.9057938,28.3332601],[76.9051062,28.3332262],[76.9051367,28.3326833],[76.9058242,28.3327172],[76.9057938,28.3332601]]]}},{"type":"Feature","properties":{"v":"Kukrola","m":"5","k":"21","t":"Manesar","vc":"04138","area":4073.6,"lat":28.3329378,"lng":76.9047777},"geometry":{"type":"Polygon","coordinates":[[[76.9051062,28.3332262],[76.9044187,28.3331923],[76.9044491,28.3326494],[76.9051367,28.3326833],[76.9051062,28.3332262]]]}},{"type":"Feature","properties":{"v":"Kukrola","m":"5","k":"20","t":"Manesar","vc":"04138","area":4072.5,"lat":28.3334806,"lng":76.9047472},"geometry":{"type":"Polygon","coordinates":[[[76.9050758,28.333769],[76.9043883,28.3337351],[76.9044187,28.3331923],[76.9051062,28.3332262],[76.9050758,28.333769]]]}},{"type":"Feature","properties":{"v":"Kukrola","m":"5","k":"19","t":"Manesar","vc":"04138","area":3853.5,"lat":28.3335012,"lng":76.905421},"geometry":{"type":"Polygon","coordinates":[[[76.9057938,28.3332601],[76.9057718,28.3336521],[76.9054964,28.3337898],[76.9050758,28.333769],[76.9051062,28.3332262],[76.9057938,28.3332601]]]}},{"type":"Feature","properties":{"v":"Kukrola","m":"5","k":"18","t":"Manesar","vc":"04138","area":3736.3,"lat":28.3335317,"lng":76.9061455},"geometry":{"type":"Polygon","coordinates":[[[76.9064813,28.333294],[76.9064509,28.3338368],[76.906013,28.3338152],[76.9058833,28.3336277],[76.9057718,28.3336521],[76.9057938,28.3332601],[76.9064813,28.333294]]]}},{"type":"Feature","properties":{"v":"Kukrola","m":"5","k":"17","t":"Manesar","vc":"04138","area":4073.1,"lat":28.3335824,"lng":76.9068099},"geometry":{"type":"Polygon","coordinates":[[[76.9071689,28.3333279],[76.9071385,28.3338707],[76.9064509,28.3338368],[76.9064813,28.333294],[76.9071689,28.3333279]]]}},{"type":"Feature","properties":{"v":"Kukrola","m":"5","k":"16","t":"Manesar","vc":"04138","area":2639.0,"lat":28.333552,"lng":76.9074692},"geometry":{"type":"Polygon","coordinates":[[[76.9072205,28.3333304],[76.9078564,28.3333617],[76.9078468,28.3335349],[76.9072966,28.3338549],[76.9071878,28.3339146],[76.9072205,28.3333304]]]}},{"type":"Feature","properties":{"v":"Kukrola","m":"5","k":"14","t":"Manesar","vc":"04138","area":2179.9,"lat":28.334023,"lng":76.9066973},"geometry":{"type":"Polygon","coordinates":[[[76.9071385,28.3338707],[76.9071347,28.3339389],[76.9064234,28.3343489],[76.9064222,28.3343495],[76.9064223,28.3343475],[76.9064509,28.3338368],[76.9071385,28.3338707]]]}},{"type":"Feature","properties":{"v":"Kukrola","m":"5","k":"11","t":"Manesar","vc":"04138","area":3224.8,"lat":28.3339783,"lng":76.904669},"geometry":{"type":"Polygon","coordinates":[[[76.9050758,28.333769],[76.9050623,28.3340103],[76.9049421,28.3340685],[76.9043537,28.3343534],[76.9043579,28.334278],[76.9043697,28.3340669],[76.9043883,28.3337351],[76.9050758,28.333769]]]}},{"type":"Feature","properties":{"v":"Kukrola","m":"4","k":"22","t":"Manesar","vc":"04138","area":961.9,"lat":28.3329629,"lng":76.9087636},"geometry":{"type":"Polygon","coordinates":[[[76.9090851,28.3328779],[76.9091588,28.3328816],[76.908982,28.3329618],[76.9085995,28.3331353],[76.9085575,28.3331544],[76.9085575,28.3331535],[76.9085744,28.3328528],[76.9090851,28.3328779]]]}},{"type":"Feature","properties":{"v":"Kukrola","m":"4","k":"21","t":"Manesar","vc":"04138","area":3530.2,"lat":28.3330763,"lng":76.9081853},"geometry":{"type":"Polygon","coordinates":[[[76.9085744,28.3328528],[76.9085575,28.3331535],[76.9085575,28.3331544],[76.9082537,28.3333119],[76.9081905,28.3333447],[76.9081637,28.3333586],[76.9081315,28.3333753],[76.9078564,28.3333617],[76.9078868,28.3328189],[76.9085744,28.3328528]]]}},{"type":"Feature","properties":{"v":"Kukrola","m":"4","k":"20","t":"Manesar","vc":"04138","area":260.0,"lat":28.333424,"lng":76.9079449},"geometry":{"type":"Polygon","coordinates":[[[76.9078564,28.3333617],[76.9081315,28.3333753],[76.9078468,28.3335349],[76.9078564,28.3333617]]]}},{"type":"Feature","properties":{"v":"Kukrola","m":"12","k":"25/2","t":"Manesar","vc":"04138","area":209.3,"lat":28.330104,"lng":76.9077201},"geometry":{"type":"Polygon","coordinates":[[[76.9080388,28.3301046],[76.9080371,28.3301348],[76.9074011,28.3301034],[76.9074028,28.3300733],[76.9080388,28.3301046]]]}},{"type":"Feature","properties":{"v":"Kukrola","m":"14","k":"","t":"Manesar","vc":"04138","area":1006.0,"lat":28.3310439,"lng":76.914776},"geometry":{"type":"Polygon","coordinates":[[[76.9148843,28.3309768],[76.9148837,28.3309861],[76.9148811,28.3310338],[76.9148688,28.3312532],[76.9148649,28.3313234],[76.914706,28.3311915],[76.9145649,28.3310745],[76.9145779,28.3310614],[76.9146256,28.3310131],[76.914641,28.3309973],[76.9148668,28.3307655],[76.9148979,28.3307336],[76.9148843,28.3309768]]]}},{"type":"Feature","properties":{"v":"Kukrola","m":"6","k":"10/2","t":"Manesar","vc":"04138","area":2036.5,"lat":28.3343883,"lng":76.9010768},"geometry":{"type":"Polygon","coordinates":[[[76.9009049,28.3343799],[76.9009201,28.3341084],[76.9009717,28.334111],[76.9012639,28.3341254],[76.9012334,28.3346683],[76.9008897,28.3346513],[76.9009049,28.3343799]]]}},{"type":"Feature","properties":{"v":"Kukrola","m":"6","k":"11/1","t":"Manesar","vc":"04138","area":305.6,"lat":28.3338383,"lng":76.9009611},"geometry":{"type":"Polygon","coordinates":[[[76.9009497,28.3335807],[76.9009505,28.3335656],[76.9010021,28.3335681],[76.9009717,28.334111],[76.9009201,28.3341084],[76.9009497,28.3335807]]]}},{"type":"Feature","properties":{"v":"Kukrola","m":"6","k":"24/1/2","t":"Manesar","vc":"04138","area":339.5,"lat":28.3330434,"lng":76.9033928},"geometry":{"type":"Polygon","coordinates":[[[76.9030504,28.3330038],[76.9037035,28.3330361],[76.9037379,28.3330377],[76.9037354,28.333083],[76.9030478,28.3330491],[76.9030504,28.3330038]]]}},{"type":"Feature","properties":{"v":"Kukrola","m":"11","k":"7/1","t":"Manesar","vc":"04138","area":203.8,"lat":28.3318004,"lng":76.90379},"geometry":{"type":"Polygon","coordinates":[[[76.903788,28.3315281],[76.9038224,28.3315298],[76.903792,28.3320727],[76.9037576,28.332071],[76.903788,28.3315281]]]}},{"type":"Feature","properties":{"v":"Kukrola","m":"6","k":"24/2/2","t":"Manesar","vc":"04138","area":158.5,"lat":28.3328258,"lng":76.9037325},"geometry":{"type":"Polygon","coordinates":[[[76.9037616,28.3326155],[76.9037379,28.3330377],[76.9037035,28.3330361],[76.9037272,28.3326138],[76.9037616,28.3326155]]]}},{"type":"Feature","properties":{"v":"Kukrola","m":"11","k":"4/2","t":"Manesar","vc":"04138","area":203.8,"lat":28.3323433,"lng":76.9037596},"geometry":{"type":"Polygon","coordinates":[[[76.903792,28.3320727],[76.9037616,28.3326155],[76.9037272,28.3326138],[76.9037576,28.332071],[76.903792,28.3320727]]]}},{"type":"Feature","properties":{"v":"Kukrola","m":"11","k":"14/1","t":"Manesar","vc":"04138","area":11.3,"lat":28.3315139,"lng":76.9038061},"geometry":{"type":"Polygon","coordinates":[[[76.9038224,28.3315298],[76.903788,28.3315281],[76.9037897,28.331498],[76.9038241,28.3314997],[76.9038224,28.3315298]]]}},{"type":"Feature","properties":{"v":"Kukrola","m":"11","k":"14/3","t":"Manesar","vc":"04138","area":339.2,"lat":28.3309927,"lng":76.9035078},"geometry":{"type":"Polygon","coordinates":[[[76.9038503,28.3310322],[76.9031627,28.3309983],[76.9031653,28.3309531],[76.9038528,28.330987],[76.9038503,28.3310322]]]}},{"type":"Feature","properties":{"v":"Kukrola","m":"11","k":"15/1","t":"Manesar","vc":"04138","area":203.7,"lat":28.3312593,"lng":76.9038548},"geometry":{"type":"Polygon","coordinates":[[[76.9038241,28.3314997],[76.9038503,28.3310322],[76.9038528,28.330987],[76.9038872,28.3309887],[76.9038568,28.3315315],[76.9038224,28.3315298],[76.9038241,28.3314997]]]}},{"type":"Feature","properties":{"v":"Kukrola","m":"11","k":"16/3","t":"Manesar","vc":"04138","area":203.7,"lat":28.3307165,"lng":76.9038852},"geometry":{"type":"Polygon","coordinates":[[[76.9038528,28.330987],[76.9038832,28.3304441],[76.9039176,28.3304458],[76.9039167,28.3304609],[76.9038872,28.3309887],[76.9038528,28.330987]]]}},{"type":"Feature","properties":{"v":"Kukrola","m":"11","k":"16/2","t":"Manesar","vc":"04138","area":107.6,"lat":28.3304694,"lng":76.9042437},"geometry":{"type":"Polygon","coordinates":[[[76.9045707,28.330478],[76.9045699,28.3304931],[76.9039167,28.3304609],[76.9039176,28.3304458],[76.9045707,28.330478]]]}},{"type":"Feature","properties":{"v":"Kukrola","m":"12","k":"20/2","t":"Manesar","vc":"04138","area":113.3,"lat":28.3305025,"lng":76.9049141},"geometry":{"type":"Polygon","coordinates":[[[76.9052574,28.330527],[76.9045699,28.3304931],[76.9045707,28.330478],[76.9052583,28.3305119],[76.9052574,28.330527]]]}},{"type":"Feature","properties":{"v":"Kukrola","m":"20","k":"4/1","t":"Manesar","vc":"04138","area":508.9,"lat":28.329937,"lng":76.9101596},"geometry":{"type":"Polygon","coordinates":[[[76.9101873,28.3302105],[76.9101014,28.3302063],[76.9101318,28.3296634],[76.9102177,28.3296676],[76.9101873,28.3302105]]]}},{"type":"Feature","properties":{"v":"Kukrola","m":"20","k":"7/2","t":"Manesar","vc":"04138","area":509.2,"lat":28.329394,"lng":76.9101899},"geometry":{"type":"Polygon","coordinates":[[[76.9102177,28.3296676],[76.9101318,28.3296634],[76.9101621,28.3291205],[76.9102137,28.3291231],[76.9102481,28.3291248],[76.9102177,28.3296676]]]}},{"type":"Feature","properties":{"v":"Kukrola","m":"20","k":"14/1/2/1","t":"Manesar","vc":"04138","area":246.0,"lat":28.3289032,"lng":76.9101999},"geometry":{"type":"Polygon","coordinates":[[[76.9102137,28.3291231],[76.9101621,28.3291205],[76.9101875,28.3286682],[76.9102373,28.3287009],[76.9102137,28.3291231]]]}},{"type":"Feature","properties":{"v":"Kukrola","m":"20","k":"","t":"Manesar","vc":"04138","area":887.1,"lat":28.3287052,"lng":76.910504},"geometry":{"type":"Polygon","coordinates":[[[76.9108645,28.3288902],[76.9102373,28.3287009],[76.9102441,28.3285802],[76.910552,28.3285954],[76.9108645,28.3288902]]]}},{"type":"Feature","properties":{"v":"Kukrola","m":"21","k":"6/1/1","t":"Manesar","vc":"04138","area":104.8,"lat":28.3295385,"lng":76.9077516},"geometry":{"type":"Polygon","coordinates":[[[76.90807,28.3295467],[76.9080692,28.3295618],[76.9074332,28.3295304],[76.9074341,28.3295153],[76.90807,28.3295467]]]}},{"type":"Feature","properties":{"v":"Kukrola","m":"20","k":"10/2","t":"Manesar","vc":"04138","area":203.5,"lat":28.3293066,"lng":76.908411},"geometry":{"type":"Polygon","coordinates":[[[76.9084433,28.3290358],[76.908413,28.3295787],[76.9083786,28.329577],[76.908409,28.3290342],[76.9084433,28.3290358]]]}},{"type":"Feature","properties":{"v":"Kukrola","m":"20","k":"20/1/2/2","t":"Manesar","vc":"04138","area":1733.7,"lat":28.3282265,"lng":76.9082961},"geometry":{"type":"Polygon","coordinates":[[[76.90813,28.328476],[76.9081604,28.3279332],[76.9084665,28.3280072],[76.9084394,28.3284913],[76.90813,28.328476]]]}},{"type":"Feature","properties":{"v":"Kukrola","m":"20","k":"","t":"Manesar","vc":"04138","area":99.2,"lat":28.3279629,"lng":76.9083655},"geometry":{"type":"Polygon","coordinates":[[[76.9084697,28.3279484],[76.9084665,28.3280072],[76.9081604,28.3279332],[76.9084697,28.3279484]]]}},{"type":"Feature","properties":{"v":"Kukrola","m":"20","k":"","t":"Manesar","vc":"04138","area":432.5,"lat":28.3280149,"lng":76.9086834},"geometry":{"type":"Polygon","coordinates":[[[76.9084697,28.3279484],[76.9088479,28.3279671],[76.9088394,28.3281179],[76.9084665,28.3280072],[76.9084697,28.3279484]]]}},{"type":"Feature","properties":{"v":"Kukrola","m":"20","k":"11/2","t":"Manesar","vc":"04138","area":1833.2,"lat":28.3287551,"lng":76.9082695},"geometry":{"type":"Polygon","coordinates":[[[76.9080996,28.3290189],[76.90813,28.328476],[76.9084394,28.3284913],[76.908409,28.3290342],[76.9080996,28.3290189]]]}},{"type":"Feature","properties":{"v":"Kukrola","m":"20","k":"10/3","t":"Manesar","vc":"04138","area":1833.0,"lat":28.329298,"lng":76.9082391},"geometry":{"type":"Polygon","coordinates":[[[76.9080996,28.3290189],[76.908409,28.3290342],[76.9083786,28.329577],[76.9080692,28.3295618],[76.90807,28.3295467],[76.9080819,28.3293356],[76.9080996,28.3290189]]]}},{"type":"Feature","properties":{"v":"Kukrola","m":"21","k":"","t":"Manesar","vc":"04138","area":210.4,"lat":28.3275507,"lng":76.9074019},"geometry":{"type":"Polygon","coordinates":[[[76.9074851,28.3276798],[76.9072274,28.327435],[76.9074931,28.3275374],[76.9074851,28.3276798]]]}},{"type":"Feature","properties":{"v":"Kukrola","m":"21","k":"","t":"Manesar","vc":"04138","area":86.2,"lat":28.3273674,"lng":76.9071019},"geometry":{"type":"Polygon","coordinates":[[[76.9069532,28.3273293],[76.9071251,28.3273378],[76.9072274,28.327435],[76.9069532,28.3273293]]]}},{"type":"Feature","properties":{"v":"Kukrola","m":"22","k":"15/1","t":"Manesar","vc":"04138","area":203.2,"lat":28.328545,"lng":76.9040069},"geometry":{"type":"Polygon","coordinates":[[[76.9039745,28.3288155],[76.9040049,28.3282727],[76.9040392,28.3282744],[76.9040088,28.3288172],[76.9039745,28.3288155]]]}},{"type":"Feature","properties":{"v":"Kukrola","m":"22","k":"15/3","t":"Manesar","vc":"04138","area":305.7,"lat":28.3285767,"lng":76.9046514},"geometry":{"type":"Polygon","coordinates":[[[76.9046104,28.3288469],[76.9046408,28.328304],[76.904658,28.3283049],[76.9046924,28.3283066],[76.9046907,28.3283367],[76.904662,28.3288494],[76.9046104,28.3288469]]]}},{"type":"Feature","properties":{"v":"Kukrola","m":"22","k":"17/1","t":"Manesar","vc":"04138","area":305.7,"lat":28.328,"lng":76.9039943},"geometry":{"type":"Polygon","coordinates":[[[76.9040066,28.3282425],[76.9040049,28.3282727],[76.9039533,28.3282701],[76.9039837,28.3277273],[76.9040353,28.3277298],[76.9040066,28.3282425]]]}},{"type":"Feature","properties":{"v":"Kukrola","m":"22","k":"16/1","t":"Manesar","vc":"04138","area":215.1,"lat":28.3282737,"lng":76.9043322},"geometry":{"type":"Polygon","coordinates":[[[76.9040392,28.3282744],[76.9040049,28.3282727],[76.9040066,28.3282425],[76.9046597,28.3282747],[76.904658,28.3283049],[76.9046408,28.328304],[76.9040392,28.3282744]]]}},{"type":"Feature","properties":{"v":"Kukrola","m":"22","k":"6/2","t":"Manesar","vc":"04138","area":203.5,"lat":28.3290879,"lng":76.9039764},"geometry":{"type":"Polygon","coordinates":[[[76.9039745,28.3288155],[76.9040088,28.3288172],[76.9039784,28.3293601],[76.903944,28.3293584],[76.9039745,28.3288155]]]}},{"type":"Feature","properties":{"v":"Kukrola","m":"22","k":"5/1","t":"Manesar","vc":"04138","area":203.8,"lat":28.3296306,"lng":76.903946},"geometry":{"type":"Polygon","coordinates":[[[76.9039136,28.3299012],[76.903944,28.3293584],[76.9039784,28.3293601],[76.903948,28.3299029],[76.9039136,28.3299012]]]}},{"type":"Feature","properties":{"v":"Kukrola","m":"11","k":"25/1","t":"Manesar","vc":"04138","area":203.8,"lat":28.3301735,"lng":76.9039156},"geometry":{"type":"Polygon","coordinates":[[[76.9039136,28.3299012],[76.903948,28.3299029],[76.9039463,28.3299331],[76.9039176,28.3304458],[76.9038832,28.3304441],[76.9039136,28.3299012]]]}},{"type":"Feature","properties":{"v":"Kukrola","m":"11","k":"25/3","t":"Manesar","vc":"04138","area":215.3,"lat":28.3299341,"lng":76.9042738},"geometry":{"type":"Polygon","coordinates":[[[76.9046012,28.3299351],[76.9045995,28.3299653],[76.9039463,28.3299331],[76.903948,28.3299029],[76.9046012,28.3299351]]]}},{"type":"Feature","properties":{"v":"Kukrola","m":"12","k":"21/2","t":"Manesar","vc":"04138","area":226.2,"lat":28.3299672,"lng":76.9049439},"geometry":{"type":"Polygon","coordinates":[[[76.9052887,28.3299691],[76.905287,28.3299992],[76.9045995,28.3299653],[76.9046012,28.3299351],[76.9052887,28.3299691]]]}},{"type":"Feature","properties":{"v":"Kukrola","m":"21","k":"11/1/2","t":"Manesar","vc":"04138","area":1442.5,"lat":28.3286206,"lng":76.905235},"geometry":{"type":"Polygon","coordinates":[[[76.9053495,28.3288833],[76.9050917,28.3288706],[76.9051204,28.3283579],[76.9053782,28.3283706],[76.9053495,28.3288833]]]}},{"type":"Feature","properties":{"v":"Kukrola","m":"21","k":"11/2/1","t":"Manesar","vc":"04138","area":141.2,"lat":28.3283323,"lng":76.9049064},"geometry":{"type":"Polygon","coordinates":[[[76.9051204,28.3283579],[76.9046907,28.3283367],[76.9046924,28.3283066],[76.9051221,28.3283278],[76.9051204,28.3283579]]]}},{"type":"Feature","properties":{"v":"Kukrola","m":"21","k":"11/2/2","t":"Manesar","vc":"04138","area":84.7,"lat":28.3283492,"lng":76.9052502},"geometry":{"type":"Polygon","coordinates":[[[76.9051204,28.3283579],[76.9051221,28.3283278],[76.9053799,28.3283405],[76.9053782,28.3283706],[76.9051204,28.3283579]]]}},{"type":"Feature","properties":{"v":"Kukrola","m":"21","k":"10/2/1","t":"Manesar","vc":"04138","area":212.5,"lat":28.3288826,"lng":76.9048755},"geometry":{"type":"Polygon","coordinates":[[[76.9050891,28.3289159],[76.9046594,28.3288947],[76.904662,28.3288494],[76.9050917,28.3288706],[76.9050891,28.3289159]]]}},{"type":"Feature","properties":{"v":"Kukrola","m":"21","k":"10/2/1","t":"Manesar","vc":"04138","area":127.5,"lat":28.3288996,"lng":76.9052193},"geometry":{"type":"Polygon","coordinates":[[[76.9050917,28.3288706],[76.9053495,28.3288833],[76.905347,28.3289286],[76.9050891,28.3289159],[76.9050917,28.3288706]]]}},{"type":"Feature","properties":{"v":"Kukrola","m":"21","k":"12/1/2","t":"Manesar","vc":"04138","area":2308.1,"lat":28.3286507,"lng":76.9058451},"geometry":{"type":"Polygon","coordinates":[[[76.906037,28.3289172],[76.9056245,28.3288969],[76.9056532,28.3283842],[76.9060657,28.3284045],[76.906037,28.3289172]]]}},{"type":"Feature","properties":{"v":"Kukrola","m":"21","k":"9/2/1","t":"Manesar","vc":"04138","area":135.8,"lat":28.3289127,"lng":76.9054857},"geometry":{"type":"Polygon","coordinates":[[[76.9056245,28.3288969],[76.905622,28.3289421],[76.905347,28.3289286],[76.9053495,28.3288833],[76.9056245,28.3288969]]]}},{"type":"Feature","properties":{"v":"Kukrola","m":"21","k":"9/2/2","t":"Manesar","vc":"04138","area":203.7,"lat":28.3289297,"lng":76.9058296},"geometry":{"type":"Polygon","coordinates":[[[76.9056245,28.3288969],[76.906037,28.3289172],[76.9060345,28.3289625],[76.905622,28.3289421],[76.9056245,28.3288969]]]}},{"type":"Feature","properties":{"v":"Kukrola","m":"22","k":"","t":"Manesar","vc":"04138","area":203.8,"lat":28.3280343,"lng":76.9046904},"geometry":{"type":"Polygon","coordinates":[[[76.9046597,28.3282747],[76.9046884,28.327762],[76.9047228,28.3277637],[76.9047211,28.3277939],[76.9046924,28.3283066],[76.904658,28.3283049],[76.9046597,28.3282747]]]}},{"type":"Feature","properties":{"v":"Kukrola","m":"21","k":"21/1","t":"Manesar","vc":"04138","area":203.8,"lat":28.3274931,"lng":76.9047552},"geometry":{"type":"Polygon","coordinates":[[[76.9047228,28.3277637],[76.9047532,28.3272209],[76.9047876,28.3272226],[76.9047572,28.3277654],[76.9047228,28.3277637]]]}},{"type":"Feature","properties":{"v":"Kukrola","m":"21","k":"21/2/2","t":"Manesar","vc":"04138","area":1527.2,"lat":28.3275199,"lng":76.9052966},"geometry":{"type":"Polygon","coordinates":[[[76.9054407,28.3272548],[76.9054103,28.3277976],[76.9051525,28.3277849],[76.9051829,28.3272421],[76.9054407,28.3272548]]]}},{"type":"Feature","properties":{"v":"Kukrola","m":"21","k":"22/1","t":"Manesar","vc":"04138","area":724.0,"lat":28.3275675,"lng":76.9054964},"geometry":{"type":"Polygon","coordinates":[[[76.9054103,28.3277976],[76.9054407,28.3272548],[76.9055438,28.3272599],[76.9055168,28.3277424],[76.9056887,28.3277509],[76.9056853,28.3278112],[76.9055134,28.3278027],[76.9054103,28.3277976]]]}},{"type":"Feature","properties":{"v":"Kukrola","m":"21","k":"20/1/2","t":"Manesar","vc":"04138","area":2534.7,"lat":28.3280469,"lng":76.9049233},"geometry":{"type":"Polygon","coordinates":[[[76.9047211,28.3277939],[76.9047555,28.3277956],[76.9047572,28.3277654],[76.9051525,28.3277849],[76.9051221,28.3283278],[76.9046924,28.3283066],[76.9047211,28.3277939]]]}},{"type":"Feature","properties":{"v":"Kukrola","m":"21","k":"20/1/1","t":"Manesar","vc":"04138","area":1527.5,"lat":28.3280627,"lng":76.9052662},"geometry":{"type":"Polygon","coordinates":[[[76.9053799,28.3283405],[76.9051221,28.3283278],[76.9051525,28.3277849],[76.9054103,28.3277976],[76.9053799,28.3283405]]]}},{"type":"Feature","properties":{"v":"Kukrola","m":"21","k":"19","t":"Manesar","vc":"04138","area":1629.2,"lat":28.3280758,"lng":76.9055326},"geometry":{"type":"Polygon","coordinates":[[[76.9054103,28.3277976],[76.9055134,28.3278027],[76.9056853,28.3278112],[76.9056549,28.328354],[76.9053799,28.3283405],[76.9054103,28.3277976]]]}},{"type":"Feature","properties":{"v":"Kukrola","m":"6","k":"14/2","t":"Manesar","vc":"04138","area":814.5,"lat":28.3339693,"lng":76.9036167},"geometry":{"type":"Polygon","coordinates":[[[76.9036821,28.334033],[76.9036703,28.3342441],[76.9035328,28.3342373],[76.9035632,28.3336945],[76.9037007,28.3337012],[76.9036821,28.334033]]]}},{"type":"Feature","properties":{"v":"Kukrola","m":"6","k":"7/2","t":"Manesar","vc":"04138","area":2090.9,"lat":28.3345286,"lng":76.9031137},"geometry":{"type":"Polygon","coordinates":[[[76.9029523,28.334753],[76.9029828,28.3342102],[76.9032922,28.3342254],[76.9032617,28.3347683],[76.9030983,28.3348399],[76.9029439,28.3349038],[76.9029523,28.334753]]]}},{"type":"Feature","properties":{"v":"Kukrola","m":"19","k":"1/1/1","t":"Manesar","vc":"04138","area":339.5,"lat":28.3302683,"lng":76.9118216},"geometry":{"type":"Polygon","coordinates":[[[76.9114764,28.330274],[76.911479,28.3302288],[76.9121665,28.3302626],[76.912164,28.3303079],[76.9114764,28.330274]]]}},{"type":"Feature","properties":{"v":"Kukrola","m":"21","k":"12/2/2","t":"Manesar","vc":"04138","area":135.7,"lat":28.3283793,"lng":76.9058602},"geometry":{"type":"Polygon","coordinates":[[[76.9060657,28.3284045],[76.9056532,28.3283842],[76.9056549,28.328354],[76.9060674,28.3283744],[76.9060657,28.3284045]]]}},{"type":"Feature","properties":{"v":"Kukrola","m":"21","k":"12/2/1","t":"Manesar","vc":"04138","area":90.5,"lat":28.3283623,"lng":76.9055166},"geometry":{"type":"Polygon","coordinates":[[[76.9056532,28.3283842],[76.9053782,28.3283706],[76.9053799,28.3283405],[76.9056549,28.328354],[76.9056532,28.3283842]]]}},{"type":"Feature","properties":{"v":"Kukrola","m":"20","k":"","t":"Manesar","vc":"04138","area":59.4,"lat":28.3286322,"lng":76.9102166},"geometry":{"type":"Polygon","coordinates":[[[76.9101925,28.3285777],[76.9102441,28.3285802],[76.9102373,28.3287009],[76.9101875,28.3286682],[76.9101925,28.3285777]]]}},{"type":"Feature","properties":{"v":"Kukrola","m":"15","k":"13","t":"Manesar","vc":"04138","area":4073.3,"lat":28.331885,"lng":76.9165571},"geometry":{"type":"Polygon","coordinates":[[[76.9163319,28.3316018],[76.916916,28.3316305],[76.9169,28.3319174],[76.9168857,28.3321734],[76.9166467,28.3321616],[76.9163608,28.3321476],[76.9161981,28.3321395],[76.9162073,28.3319758],[76.9162131,28.3318713],[76.9162285,28.3315967],[76.9163319,28.3316018]]]}},{"type":"Feature","properties":{"v":"Kukrola","m":"15","k":"25","t":"Manesar","vc":"04138","area":4073.0,"lat":28.330867,"lng":76.9179928},"geometry":{"type":"Polygon","coordinates":[[[76.9183518,28.3306125],[76.918325,28.331091],[76.9183214,28.3311553],[76.9182966,28.3311541],[76.9182149,28.3311501],[76.9176339,28.3311215],[76.9176642,28.3305787],[76.9183518,28.3306125]]]}},{"type":"Feature","properties":{"v":"Kukrola","m":"15","k":"24","t":"Manesar","vc":"04138","area":4073.2,"lat":28.3308332,"lng":76.9173053},"geometry":{"type":"Polygon","coordinates":[[[76.9176339,28.3311215],[76.9169463,28.3310877],[76.9169767,28.3305448],[76.9176642,28.3305787],[76.9176339,28.3311215]]]}},{"type":"Feature","properties":{"v":"Kukrola","m":"15","k":"23","t":"Manesar","vc":"04138","area":4073.2,"lat":28.3307993,"lng":76.9166178},"geometry":{"type":"Polygon","coordinates":[[[76.9169767,28.3305448],[76.9169463,28.3310877],[76.9167837,28.3310797],[76.9163029,28.331056],[76.9162588,28.3310538],[76.9162686,28.3308784],[76.9162892,28.330511],[76.9169767,28.3305448]]]}},{"type":"Feature","properties":{"v":"Kukrola","m":"15","k":"22","t":"Manesar","vc":"04138","area":4072.9,"lat":28.3307655,"lng":76.9159302},"geometry":{"type":"Polygon","coordinates":[[[76.9162892,28.330511],[76.9162686,28.3308784],[76.9162588,28.3310538],[76.9155907,28.3310209],[76.9155713,28.33102],[76.915577,28.3309184],[76.9155812,28.3308421],[76.9155933,28.3306264],[76.9156016,28.3304771],[76.9162892,28.330511]]]}},{"type":"Feature","properties":{"v":"Kukrola","m":"15","k":"21","t":"Manesar","vc":"04138","area":3786.6,"lat":28.3307459,"lng":76.9152634},"geometry":{"type":"Polygon","coordinates":[[[76.9151378,28.3304543],[76.9156016,28.3304771],[76.9155933,28.3306264],[76.9155812,28.3308421],[76.915577,28.3309184],[76.9155713,28.33102],[76.9148837,28.3309861],[76.9148843,28.3309768],[76.9148979,28.3307336],[76.9150949,28.3304522],[76.9151378,28.3304543]]]}},{"type":"Feature","properties":{"v":"Kukrola","m":"15","k":"20","t":"Manesar","vc":"04138","area":3572.1,"lat":28.3312474,"lng":76.9152413},"geometry":{"type":"Polygon","coordinates":[[[76.9155713,28.33102],[76.9155469,28.3314559],[76.9155458,28.3314763],[76.9155409,28.3315628],[76.9153003,28.331551],[76.9152113,28.3315045],[76.9148973,28.3313404],[76.9148649,28.3313234],[76.9148688,28.3312532],[76.9148811,28.3310338],[76.9148837,28.3309861],[76.9155713,28.33102]]]}},{"type":"Feature","properties":{"v":"Kukrola","m":"15","k":"19","t":"Manesar","vc":"04138","area":4073.6,"lat":28.3313083,"lng":76.9158999},"geometry":{"type":"Polygon","coordinates":[[[76.9155907,28.3310209],[76.9162588,28.3310538],[76.9162385,28.3314179],[76.9162285,28.3315967],[76.9157693,28.3315741],[76.9156197,28.3315667],[76.9155409,28.3315628],[76.9155458,28.3314763],[76.9155469,28.3314559],[76.9155713,28.33102],[76.9155907,28.3310209]]]}},{"type":"Feature","properties":{"v":"Kukrola","m":"15","k":"18","t":"Manesar","vc":"04138","area":4073.0,"lat":28.3313422,"lng":76.9165874},"geometry":{"type":"Polygon","coordinates":[[[76.9163029,28.331056],[76.9167837,28.3310797],[76.9169463,28.3310877],[76.9169433,28.3311419],[76.9169312,28.3313595],[76.916916,28.3316305],[76.9163319,28.3316018],[76.9162285,28.3315967],[76.9162385,28.3314179],[76.9162588,28.3310538],[76.9163029,28.331056]]]}},{"type":"Feature","properties":{"v":"Kukrola","m":"15","k":"17","t":"Manesar","vc":"04138","area":4072.9,"lat":28.331376,"lng":76.9172749},"geometry":{"type":"Polygon","coordinates":[[[76.9176339,28.3311215],[76.9176184,28.3313976],[76.9176145,28.3314675],[76.9176139,28.3314785],[76.9176035,28.3316644],[76.9175855,28.3316635],[76.9175588,28.3316622],[76.917044,28.3316368],[76.916916,28.3316305],[76.9169312,28.3313595],[76.9169433,28.3311419],[76.9169463,28.3310877],[76.9176339,28.3311215]]]}},{"type":"Feature","properties":{"v":"Kukrola","m":"15","k":"16","t":"Manesar","vc":"04138","area":4921.7,"lat":28.331488,"lng":76.9179039},"geometry":{"type":"Polygon","coordinates":[[[76.9182149,28.3311501],[76.9182966,28.3311541],[76.9183214,28.3311553],[76.918302,28.3315022],[76.9182962,28.3315069],[76.9182775,28.331522],[76.918032,28.3317207],[76.9178925,28.3318336],[76.9178309,28.3318834],[76.9177701,28.3319327],[76.9175799,28.3320866],[76.9175927,28.3318589],[76.9176017,28.3316973],[76.9176035,28.3316644],[76.9176139,28.3314785],[76.9176145,28.3314675],[76.9176184,28.3313976],[76.9176339,28.3311215],[76.9182149,28.3311501]]]}},{"type":"Feature","properties":{"v":"Kukrola","m":"15","k":"14","t":"Manesar","vc":"04138","area":3993.9,"lat":28.331914,"lng":76.9172388},"geometry":{"type":"Polygon","coordinates":[[[76.917044,28.3316368],[76.9175588,28.3316622],[76.9175855,28.3316635],[76.9176035,28.3316644],[76.9176017,28.3316973],[76.9175927,28.3318589],[76.9175799,28.3320866],[76.9174529,28.3322013],[76.917073,28.3321826],[76.9168857,28.3321734],[76.9169,28.3319174],[76.916916,28.3316305],[76.917044,28.3316368]]]}},{"type":"Feature","properties":{"v":"Kukrola","m":"15","k":"12","t":"Manesar","vc":"04138","area":3027.7,"lat":28.3317789,"lng":76.9159051},"geometry":{"type":"Polygon","coordinates":[[[76.9155409,28.3315628],[76.9156197,28.3315667],[76.9157693,28.3315741],[76.9162285,28.3315967],[76.9162131,28.3318713],[76.9162073,28.3319758],[76.9161981,28.3321395],[76.9161041,28.3321349],[76.9159186,28.3320001],[76.9156316,28.3317917],[76.9156142,28.331779],[76.9153003,28.331551],[76.9155409,28.3315628]]]}},{"type":"Feature","properties":{"v":"Kukrola","m":"15","k":"8","t":"Manesar","vc":"04138","area":3724.9,"lat":28.3323378,"lng":76.9167893},"geometry":{"type":"Polygon","coordinates":[[[76.9161981,28.3321395],[76.9163608,28.3321476],[76.9166467,28.3321616],[76.9168857,28.3321734],[76.917073,28.3321826],[76.9174529,28.3322013],[76.9171109,28.3324548],[76.9170883,28.3324716],[76.916811,28.3326772],[76.9165795,28.3324997],[76.916371,28.3323397],[76.9163512,28.3323245],[76.9161041,28.3321349],[76.9161981,28.3321395]]]}},{"type":"Feature","properties":{"v":"Kukrola","m":"16","k":"21","t":"Manesar","vc":"04138","area":4436.8,"lat":28.3309424,"lng":76.9186251},"geometry":{"type":"Polygon","coordinates":[[[76.9189773,28.3306433],[76.9189877,28.3306438],[76.9190291,28.3307043],[76.919121,28.3308386],[76.9191107,28.3308469],[76.9189921,28.330943],[76.9189364,28.3309882],[76.918302,28.3315022],[76.9183214,28.3311553],[76.918325,28.331091],[76.9183518,28.3306125],[76.9189773,28.3306433]]]}},{"type":"Feature","properties":{"v":"Kukrola","m":"17","k":"1","t":"Manesar","vc":"04138","area":2281.6,"lat":28.3304038,"lng":76.918576},"geometry":{"type":"Polygon","coordinates":[[[76.9189471,28.3305971],[76.9189877,28.3306438],[76.9189773,28.3306433],[76.9183518,28.3306125],[76.9183821,28.3300696],[76.9183885,28.329955],[76.9189471,28.3305971]]]}},{"type":"Feature","properties":{"v":"Kukrola","m":"18","k":"13","t":"Manesar","vc":"04138","area":3981.6,"lat":28.3291759,"lng":76.9167019},"geometry":{"type":"Polygon","coordinates":[[[76.916613,28.3288939],[76.9166283,28.3288946],[76.9168959,28.3289078],[76.9170623,28.329014],[76.9170538,28.3291654],[76.9170374,28.3294591],[76.9163499,28.3294253],[76.9163802,28.3288824],[76.916613,28.3288939]]]}},{"type":"Feature","properties":{"v":"Kukrola","m":"18","k":"21","t":"Manesar","vc":"04138","area":1301.2,"lat":28.3281777,"lng":76.9152905},"geometry":{"type":"Polygon","coordinates":[[[76.9152689,28.3280581],[76.9153565,28.3280999],[76.9157247,28.3282756],[76.915723,28.3283057],[76.9155947,28.3282994],[76.9150355,28.3282719],[76.9150524,28.3279697],[76.9150532,28.3279552],[76.9152689,28.3280581]]]}},{"type":"Feature","properties":{"v":"Kukrola","m":"18","k":"20","t":"Manesar","vc":"04138","area":4073.2,"lat":28.3285602,"lng":76.9153641},"geometry":{"type":"Polygon","coordinates":[[[76.9155947,28.3282994],[76.915723,28.3283057],[76.9157192,28.3283747],[76.9156927,28.3288486],[76.9150052,28.3288147],[76.9150355,28.3282719],[76.9155947,28.3282994]]]}},{"type":"Feature","properties":{"v":"Kukrola","m":"18","k":"19","t":"Manesar","vc":"04138","area":3946.3,"lat":28.3286761,"lng":76.91612},"geometry":{"type":"Polygon","coordinates":[[[76.9159482,28.3283895],[76.9166276,28.3287361],[76.9166947,28.3287704],[76.9167077,28.3287792],[76.9168959,28.3289078],[76.9166283,28.3288946],[76.916613,28.3288939],[76.9163802,28.3288824],[76.9156927,28.3288486],[76.9157192,28.3283747],[76.915723,28.3283057],[76.9157247,28.3282756],[76.9159482,28.3283895]]]}},{"type":"Feature","properties":{"v":"Kukrola","m":"18","k":"14","t":"Manesar","vc":"04138","area":1810.3,"lat":28.3293219,"lng":76.9172927},"geometry":{"type":"Polygon","coordinates":[[[76.9173074,28.3291768],[76.9175224,28.3293197],[76.917727,28.3294555],[76.9177249,28.3294929],[76.9176216,28.3294879],[76.9170374,28.3294591],[76.9170538,28.3291654],[76.9170623,28.329014],[76.9173074,28.3291768]]]}},{"type":"Feature","properties":{"v":"Kukrola","m":"18","k":"12","t":"Manesar","vc":"04138","area":4073.3,"lat":28.3291369,"lng":76.9160213},"geometry":{"type":"Polygon","coordinates":[[[76.9163499,28.3294253],[76.9156623,28.3293914],[76.9156927,28.3288486],[76.9163802,28.3288824],[76.9163499,28.3294253]]]}},{"type":"Feature","properties":{"v":"Kukrola","m":"18","k":"11","t":"Manesar","vc":"04138","area":4073.0,"lat":28.3291031,"lng":76.9153337},"geometry":{"type":"Polygon","coordinates":[[[76.9156623,28.3293914],[76.9149748,28.3293576],[76.9150052,28.3288147],[76.9156927,28.3288486],[76.9156623,28.3293914]]]}},{"type":"Feature","properties":{"v":"Kukrola","m":"18","k":"10","t":"Manesar","vc":"04138","area":4073.0,"lat":28.3296459,"lng":76.9153034},"geometry":{"type":"Polygon","coordinates":[[[76.915632,28.3299343],[76.9149445,28.3299004],[76.9149748,28.3293576],[76.9156623,28.3293914],[76.915632,28.3299343]]]}},{"type":"Feature","properties":{"v":"Kukrola","m":"18","k":"9","t":"Manesar","vc":"04138","area":4073.3,"lat":28.3296798,"lng":76.9159909},"geometry":{"type":"Polygon","coordinates":[[[76.9156623,28.3293914],[76.9163499,28.3294253],[76.9163195,28.3299681],[76.915632,28.3299343],[76.9156623,28.3293914]]]}},{"type":"Feature","properties":{"v":"Kukrola","m":"18","k":"8","t":"Manesar","vc":"04138","area":4073.0,"lat":28.3297136,"lng":76.9166785},"geometry":{"type":"Polygon","coordinates":[[[76.9163499,28.3294253],[76.9170374,28.3294591],[76.917007,28.330002],[76.9163195,28.3299681],[76.9163499,28.3294253]]]}},{"type":"Feature","properties":{"v":"Kukrola","m":"18","k":"7","t":"Manesar","vc":"04138","area":4073.3,"lat":28.3297475,"lng":76.917366},"geometry":{"type":"Polygon","coordinates":[[[76.9176216,28.3294879],[76.9177249,28.3294929],[76.9177222,28.329541],[76.9176946,28.3300358],[76.917007,28.330002],[76.9170374,28.3294591],[76.9176216,28.3294879]]]}},{"type":"Feature","properties":{"v":"Kukrola","m":"18","k":"6","t":"Manesar","vc":"04138","area":2606.9,"lat":28.3298492,"lng":76.9179727},"geometry":{"type":"Polygon","coordinates":[[[76.9179873,28.3296521],[76.9181137,28.3297475],[76.9183885,28.329955],[76.9183821,28.3300696],[76.9176946,28.3300358],[76.9177222,28.329541],[76.9177249,28.3294929],[76.917727,28.3294555],[76.9179873,28.3296521]]]}},{"type":"Feature","properties":{"v":"Kukrola","m":"18","k":"5","t":"Manesar","vc":"04138","area":4073.6,"lat":28.3303242,"lng":76.9180232},"geometry":{"type":"Polygon","coordinates":[[[76.9176946,28.3300358],[76.9183821,28.3300696],[76.9183518,28.3306125],[76.9176642,28.3305787],[76.9176946,28.3300358]]]}},{"type":"Feature","properties":{"v":"Kukrola","m":"18","k":"4","t":"Manesar","vc":"04138","area":4073.3,"lat":28.3302903,"lng":76.9173356},"geometry":{"type":"Polygon","coordinates":[[[76.917007,28.330002],[76.9176946,28.3300358],[76.9176642,28.3305787],[76.9169767,28.3305448],[76.917007,28.330002]]]}},{"type":"Feature","properties":{"v":"Kukrola","m":"18","k":"3","t":"Manesar","vc":"04138","area":4073.0,"lat":28.3302565,"lng":76.9166481},"geometry":{"type":"Polygon","coordinates":[[[76.9163195,28.3299681],[76.917007,28.330002],[76.9169767,28.3305448],[76.9162892,28.330511],[76.9163195,28.3299681]]]}},{"type":"Feature","properties":{"v":"Kukrola","m":"18","k":"2","t":"Manesar","vc":"04138","area":4073.3,"lat":28.3302226,"lng":76.9159606},"geometry":{"type":"Polygon","coordinates":[[[76.915632,28.3299343],[76.9163195,28.3299681],[76.9162892,28.330511],[76.9156016,28.3304771],[76.915632,28.3299343]]]}},{"type":"Feature","properties":{"v":"Kukrola","m":"18","k":"1","t":"Manesar","vc":"04138","area":3998.6,"lat":28.3301845,"lng":76.9152786},"geometry":{"type":"Polygon","coordinates":[[[76.915632,28.3299343],[76.9156016,28.3304771],[76.9151378,28.3304543],[76.9150949,28.3304522],[76.9149183,28.3303679],[76.9149185,28.3303651],[76.9149445,28.3299004],[76.915632,28.3299343]]]}},{"type":"Feature","properties":{"v":"Kukrola","m":"0","k":"53","t":"Manesar","vc":"04138","area":947.1,"lat":28.3237531,"lng":76.8932106},"geometry":{"type":"Polygon","coordinates":[[[76.893157,28.3250155],[76.8931226,28.3250138],[76.893153,28.3244709],[76.8931835,28.3239281],[76.893214,28.3233852],[76.8932445,28.3228423],[76.8932631,28.3225106],[76.8932998,28.3224701],[76.8932788,28.322844],[76.8932484,28.3233869],[76.8932179,28.3239297],[76.8931874,28.3244726],[76.893157,28.3250155]]]}},{"type":"Feature","properties":{"v":"Kukrola","m":"26","k":"15/1","t":"Manesar","vc":"04138","area":452.5,"lat":28.3255791,"lng":76.8941595},"geometry":{"type":"Polygon","coordinates":[[[76.893814,28.3255923],[76.8938174,28.325532],[76.8945049,28.3255659],[76.8945015,28.3256262],[76.893814,28.3255923]]]}},{"type":"Feature","properties":{"v":"Kukrola","m":"26","k":"7/2","t":"Manesar","vc":"04138","area":712.7,"lat":28.3258327,"lng":76.8931714},"geometry":{"type":"Polygon","coordinates":[[[76.893096,28.3261012],[76.8931265,28.3255583],[76.8932468,28.3255643],[76.8932163,28.3261071],[76.893096,28.3261012]]]}},{"type":"Feature","properties":{"v":"Kukrola","m":"26","k":"5/1","t":"Manesar","vc":"04138","area":509.2,"lat":28.3264086,"lng":76.8938113},"geometry":{"type":"Polygon","coordinates":[[[76.8937835,28.3261351],[76.8938695,28.3261394],[76.893839,28.3266822],[76.8937531,28.326678],[76.8937835,28.3261351]]]}},{"type":"Feature","properties":{"v":"Kukrola","m":"26","k":"26","t":"Manesar","vc":"04138","area":117.3,"lat":28.3254157,"lng":76.8929764},"geometry":{"type":"Polygon","coordinates":[[[76.8929314,28.3254657],[76.8929184,28.3253605],[76.8930215,28.3253656],[76.8930345,28.3254708],[76.8929314,28.3254657]]]}},{"type":"Feature","properties":{"v":"Kukrola","m":"26","k":"9/2","t":"Manesar","vc":"04138","area":2629.8,"lat":28.3257374,"lng":76.8919346},"geometry":{"type":"Polygon","coordinates":[[[76.8917515,28.3254904],[76.8921812,28.3255116],[76.8921507,28.3260545],[76.8918929,28.3260417],[76.8918248,28.3259363],[76.8918165,28.3259235],[76.8918013,28.3258999],[76.8915779,28.3255541],[76.8916922,28.3254875],[76.8917515,28.3254904]]]}},{"type":"Feature","properties":{"v":"Kukrola","m":"26","k":"2/2","t":"Manesar","vc":"04138","area":508.9,"lat":28.3263365,"lng":76.8923503},"geometry":{"type":"Polygon","coordinates":[[[76.892378,28.3266101],[76.8922921,28.3266058],[76.8923226,28.326063],[76.8924085,28.3260672],[76.892378,28.3266101]]]}},{"type":"Feature","properties":{"v":"Kukrola","m":"26","k":"13","t":"Manesar","vc":"04138","area":3955.9,"lat":28.3252699,"lng":76.892798},"geometry":{"type":"Polygon","coordinates":[[[76.8931226,28.3250138],[76.893157,28.3250155],[76.8931265,28.3255583],[76.892439,28.3255244],[76.8924695,28.3249815],[76.8931226,28.3250138]],[[76.8929314,28.3254657],[76.8930345,28.3254708],[76.8930215,28.3253656],[76.8929184,28.3253605],[76.8929314,28.3254657]]]}},{"type":"Feature","properties":{"v":"Kukrola","m":"26","k":"25","t":"Manesar","vc":"04138","area":4073.3,"lat":28.3242521,"lng":76.8942339},"geometry":{"type":"Polygon","coordinates":[[[76.8938749,28.3245066],[76.8939054,28.3239637],[76.8945929,28.3239977],[76.8945624,28.3245405],[76.8938749,28.3245066]]]}},{"type":"Feature","properties":{"v":"Kukrola","m":"26","k":"24","t":"Manesar","vc":"04138","area":4073.7,"lat":28.3242182,"lng":76.8935464},"geometry":{"type":"Polygon","coordinates":[[[76.8938749,28.3245066],[76.8931874,28.3244726],[76.8932179,28.3239297],[76.8939054,28.3239637],[76.8938749,28.3245066]]]}},{"type":"Feature","properties":{"v":"Kukrola","m":"26","k":"23","t":"Manesar","vc":"04138","area":3869.1,"lat":28.3241833,"lng":76.8928417},"geometry":{"type":"Polygon","coordinates":[[[76.8924999,28.3244386],[76.8925304,28.3238958],[76.8931835,28.3239281],[76.893153,28.3244709],[76.8924999,28.3244386]]]}},{"type":"Feature","properties":{"v":"Kukrola","m":"26","k":"22","t":"Manesar","vc":"04138","area":3538.2,"lat":28.3241302,"lng":76.8922119},"geometry":{"type":"Polygon","coordinates":[[[76.8924999,28.3244386],[76.8920531,28.3244166],[76.8918024,28.3239104],[76.8918429,28.3238618],[76.8925304,28.3238958],[76.8924999,28.3244386]]]}},{"type":"Feature","properties":{"v":"Kukrola","m":"26","k":"19","t":"Manesar","vc":"04138","area":1812.6,"lat":28.3246603,"lng":76.8923233},"geometry":{"type":"Polygon","coordinates":[[[76.8924999,28.3244386],[76.8924695,28.3249815],[76.8923045,28.3249733],[76.8922924,28.3249466],[76.8922838,28.3249277],[76.8920798,28.3244757],[76.8920531,28.3244166],[76.8924999,28.3244386]]]}},{"type":"Feature","properties":{"v":"Kukrola","m":"26","k":"18","t":"Manesar","vc":"04138","area":3869.8,"lat":28.3247262,"lng":76.8928112},"geometry":{"type":"Polygon","coordinates":[[[76.8924695,28.3249815],[76.8924999,28.3244386],[76.893153,28.3244709],[76.8931226,28.3250138],[76.8924695,28.3249815]]]}},{"type":"Feature","properties":{"v":"Kukrola","m":"26","k":"17","t":"Manesar","vc":"04138","area":4073.2,"lat":28.324761,"lng":76.8935159},"geometry":{"type":"Polygon","coordinates":[[[76.8938445,28.3250494],[76.893157,28.3250155],[76.8931874,28.3244726],[76.8938749,28.3245066],[76.8938445,28.3250494]]]}},{"type":"Feature","properties":{"v":"Kukrola","m":"26","k":"16","t":"Manesar","vc":"04138","area":4073.0,"lat":28.324795,"lng":76.8942034},"geometry":{"type":"Polygon","coordinates":[[[76.8938445,28.3250494],[76.8938749,28.3245066],[76.8945624,28.3245405],[76.8945319,28.3250834],[76.8938445,28.3250494]]]}},{"type":"Feature","properties":{"v":"Kukrola","m":"26","k":"15/2","t":"Manesar","vc":"04138","area":3620.6,"lat":28.3253077,"lng":76.8941747},"geometry":{"type":"Polygon","coordinates":[[[76.8938445,28.3250494],[76.8945319,28.3250834],[76.8945193,28.3253096],[76.8945167,28.3253548],[76.8945049,28.3255659],[76.8938174,28.325532],[76.8938445,28.3250494]]]}},{"type":"Feature","properties":{"v":"Kukrola","m":"26","k":"14","t":"Manesar","vc":"04138","area":4073.5,"lat":28.3253039,"lng":76.8934855},"geometry":{"type":"Polygon","coordinates":[[[76.893157,28.3250155],[76.8938445,28.3250494],[76.8938174,28.325532],[76.893814,28.3255923],[76.8932468,28.3255643],[76.8931265,28.3255583],[76.893157,28.3250155]]]}},{"type":"Feature","properties":{"v":"Kukrola","m":"26","k":"12","t":"Manesar","vc":"04138","area":2435.0,"lat":28.3253001,"lng":76.892216},"geometry":{"type":"Polygon","coordinates":[[[76.8921812,28.3255116],[76.8917515,28.3254904],[76.8916922,28.3254875],[76.8919245,28.3253723],[76.8923045,28.3249733],[76.8924695,28.3249815],[76.892439,28.3255244],[76.8921812,28.3255116]]]}},{"type":"Feature","properties":{"v":"Kukrola","m":"26","k":"9/1","t":"Manesar","vc":"04138","area":1527.4,"lat":28.3257894,"lng":76.8922948},"geometry":{"type":"Polygon","coordinates":[[[76.8924085,28.3260672],[76.8923226,28.326063],[76.8921507,28.3260545],[76.8921812,28.3255116],[76.892439,28.3255244],[76.8924085,28.3260672]]]}},{"type":"Feature","properties":{"v":"Kukrola","m":"26","k":"8","t":"Manesar","vc":"04138","area":4073.2,"lat":28.3258128,"lng":76.8927675},"geometry":{"type":"Polygon","coordinates":[[[76.893096,28.3261012],[76.8924085,28.3260672],[76.892439,28.3255244],[76.8931265,28.3255583],[76.893096,28.3261012]]]}},{"type":"Feature","properties":{"v":"Kukrola","m":"26","k":"7/1","t":"Manesar","vc":"04138","area":3360.2,"lat":28.3258497,"lng":76.8935151},"geometry":{"type":"Polygon","coordinates":[[[76.8937835,28.3261351],[76.8932163,28.3261071],[76.8932468,28.3255643],[76.893814,28.3255923],[76.8937835,28.3261351]]]}},{"type":"Feature","properties":{"v":"Kukrola","m":"26","k":"6","t":"Manesar","vc":"04138","area":4073.4,"lat":28.3258807,"lng":76.8941425},"geometry":{"type":"Polygon","coordinates":[[[76.8938695,28.3261394],[76.8937835,28.3261351],[76.893814,28.3255923],[76.8945015,28.3256262],[76.894471,28.3261691],[76.8938695,28.3261394]]]}},{"type":"Feature","properties":{"v":"Kukrola","m":"26","k":"5/2","t":"Manesar","vc":"04138","area":3563.9,"lat":28.3264257,"lng":76.894155},"geometry":{"type":"Polygon","coordinates":[[[76.8941999,28.3267001],[76.893839,28.3266822],[76.8938695,28.3261394],[76.894471,28.3261691],[76.8944651,28.3262746],[76.8944406,28.3267119],[76.8941999,28.3267001]]]}},{"type":"Feature","properties":{"v":"Kukrola","m":"26","k":"4","t":"Manesar","vc":"04138","area":4073.3,"lat":28.3263896,"lng":76.8934246},"geometry":{"type":"Polygon","coordinates":[[[76.8937531,28.326678],[76.8930656,28.326644],[76.893096,28.3261012],[76.8932163,28.3261071],[76.8937835,28.3261351],[76.8937531,28.326678]]]}},{"type":"Feature","properties":{"v":"Kukrola","m":"26","k":"3","t":"Manesar","vc":"04138","area":4073.5,"lat":28.3263556,"lng":76.892737},"geometry":{"type":"Polygon","coordinates":[[[76.8930656,28.326644],[76.892378,28.3266101],[76.8924085,28.3260672],[76.893096,28.3261012],[76.8930656,28.326644]]]}},{"type":"Feature","properties":{"v":"Kukrola","m":"26","k":"2/1","t":"Manesar","vc":"04138","area":1523.1,"lat":28.3262811,"lng":76.8921694},"geometry":{"type":"Polygon","coordinates":[[[76.8921507,28.3260545],[76.8923226,28.326063],[76.8922921,28.3266058],[76.8921374,28.3265982],[76.8920656,28.3262784],[76.8918929,28.3260417],[76.8921507,28.3260545]]]}},{"type":"Feature","properties":{"v":"Kukrola","m":"27","k":"24/1","t":"Manesar","vc":"04138","area":1018.5,"lat":28.3243752,"lng":76.8967261},"geometry":{"type":"Polygon","coordinates":[[[76.89663,28.3245519],[76.8966553,28.3240995],[76.8968272,28.324108],[76.8967968,28.3246509],[76.8966249,28.3246424],[76.89663,28.3245519]]]}},{"type":"Feature","properties":{"v":"Kukrola","m":"27","k":"23/1","t":"Manesar","vc":"04138","area":679.1,"lat":28.3245801,"lng":76.8962837},"geometry":{"type":"Polygon","coordinates":[[[76.8966249,28.3246424],[76.8959374,28.3246084],[76.8959425,28.3245179],[76.89663,28.3245519],[76.8966249,28.3246424]]]}},{"type":"Feature","properties":{"v":"Kukrola","m":"27","k":"11/2","t":"Manesar","vc":"04138","area":339.6,"lat":28.3253492,"lng":76.8948619},"geometry":{"type":"Polygon","coordinates":[[[76.8945193,28.3253096],[76.8952068,28.3253435],[76.8952042,28.3253888],[76.8945167,28.3253548],[76.8945193,28.3253096]]]}},{"type":"Feature","properties":{"v":"Kukrola","m":"27","k":"11/3","t":"Manesar","vc":"04138","area":1697.2,"lat":28.3252134,"lng":76.8948693},"geometry":{"type":"Polygon","coordinates":[[[76.8952194,28.3251173],[76.8952068,28.3253435],[76.8945193,28.3253096],[76.8945319,28.3250834],[76.8952194,28.3251173]]]}},{"type":"Feature","properties":{"v":"Kukrola","m":"27","k":"9/4","t":"Manesar","vc":"04138","area":2420.1,"lat":28.325926,"lng":76.8953831},"geometry":{"type":"Polygon","coordinates":[[[76.8951585,28.326203],[76.895189,28.3256602],[76.8956103,28.325681],[76.8956387,28.3260201],[76.8954639,28.3261304],[76.895459,28.3262179],[76.8951585,28.326203]]]}},{"type":"Feature","properties":{"v":"Kukrola","m":"27","k":"9/3","t":"Manesar","vc":"04138","area":732.5,"lat":28.3258224,"lng":76.8957367},"geometry":{"type":"Polygon","coordinates":[[[76.8958765,28.3256941],[76.8958651,28.3258977],[76.8956387,28.3260201],[76.8956103,28.325681],[76.8958765,28.3256941]]]}},{"type":"Feature","properties":{"v":"Kukrola","m":"27","k":"9/2","t":"Manesar","vc":"04138","area":379.3,"lat":28.3260556,"lng":76.8956601},"geometry":{"type":"Polygon","coordinates":[[[76.8954639,28.3261304],[76.8956387,28.3260201],[76.8958651,28.3258977],[76.8958604,28.3259806],[76.895459,28.3262179],[76.8954639,28.3261304]]]}},{"type":"Feature","properties":{"v":"Kukrola","m":"27","k":"26","t":"Manesar","vc":"04138","area":660.9,"lat":28.3261681,"lng":76.8956005},"geometry":{"type":"Polygon","coordinates":[[[76.8954434,28.3263153],[76.8953945,28.3262735],[76.895459,28.3262179],[76.8958604,28.3259806],[76.8962973,28.3263131],[76.8962663,28.3263668],[76.895857,28.326041],[76.895571,28.3262234],[76.8954434,28.3263153]]]}},{"type":"Feature","properties":{"v":"Kukrola","m":"27","k":"1/2","t":"Manesar","vc":"04138","area":792.0,"lat":28.3262388,"lng":76.8948119},"geometry":{"type":"Polygon","coordinates":[[[76.8951585,28.326203],[76.8951526,28.3263086],[76.8944651,28.3262746],[76.894471,28.3261691],[76.8951585,28.326203]]]}},{"type":"Feature","properties":{"v":"Kukrola","m":"27","k":"13","t":"Manesar","vc":"04138","area":4073.2,"lat":28.3254397,"lng":76.8962355},"geometry":{"type":"Polygon","coordinates":[[[76.896564,28.3257281],[76.8958765,28.3256941],[76.8959069,28.3251513],[76.8965944,28.3251852],[76.896564,28.3257281]]]}},{"type":"Feature","properties":{"v":"Kukrola","m":"27","k":"25","t":"Manesar","vc":"04138","area":4072.9,"lat":28.3244219,"lng":76.8976713},"geometry":{"type":"Polygon","coordinates":[[[76.8973124,28.3246763],[76.8973428,28.3241335],[76.8980303,28.3241674],[76.8979999,28.3247102],[76.8973124,28.3246763]]]}},{"type":"Feature","properties":{"v":"Kukrola","m":"27","k":"24/4","t":"Manesar","vc":"04138","area":3054.8,"lat":28.3243922,"lng":76.8970698},"geometry":{"type":"Polygon","coordinates":[[[76.8973124,28.3246763],[76.8967968,28.3246509],[76.8968272,28.324108],[76.8973428,28.3241335],[76.8973124,28.3246763]]]}},{"type":"Feature","properties":{"v":"Kukrola","m":"27","k":"23/2","t":"Manesar","vc":"04138","area":3394.3,"lat":28.3243087,"lng":76.8962989},"geometry":{"type":"Polygon","coordinates":[[[76.8959678,28.3240656],[76.8962257,28.3240783],[76.8966553,28.3240995],[76.89663,28.3245519],[76.8959425,28.3245179],[76.8959678,28.3240656]]]}},{"type":"Feature","properties":{"v":"Kukrola","m":"27","k":"22","t":"Manesar","vc":"04138","area":4073.3,"lat":28.32432,"lng":76.8956089},"geometry":{"type":"Polygon","coordinates":[[[76.8959425,28.3245179],[76.8959374,28.3246084],[76.8952499,28.3245745],[76.8952804,28.3240316],[76.8958475,28.3240596],[76.8959678,28.3240656],[76.8959425,28.3245179]]]}},{"type":"Feature","properties":{"v":"Kukrola","m":"27","k":"21","t":"Manesar","vc":"04138","area":4073.3,"lat":28.3242861,"lng":76.8949214},"geometry":{"type":"Polygon","coordinates":[[[76.8952499,28.3245745],[76.8945624,28.3245405],[76.8945929,28.3239977],[76.8952804,28.3240316],[76.8952499,28.3245745]]]}},{"type":"Feature","properties":{"v":"Kukrola","m":"27","k":"20","t":"Manesar","vc":"04138","area":4073.3,"lat":28.3248289,"lng":76.8948909},"geometry":{"type":"Polygon","coordinates":[[[76.8952194,28.3251173],[76.8945319,28.3250834],[76.8945624,28.3245405],[76.8952499,28.3245745],[76.8952194,28.3251173]]]}},{"type":"Feature","properties":{"v":"Kukrola","m":"27","k":"19","t":"Manesar","vc":"04138","area":4073.3,"lat":28.3248629,"lng":76.8955784},"geometry":{"type":"Polygon","coordinates":[[[76.8952194,28.3251173],[76.8952499,28.3245745],[76.8959374,28.3246084],[76.8959069,28.3251513],[76.8952194,28.3251173]]]}},{"type":"Feature","properties":{"v":"Kukrola","m":"27","k":"18","t":"Manesar","vc":"04138","area":4073.3,"lat":28.3248968,"lng":76.8962659},"geometry":{"type":"Polygon","coordinates":[[[76.8959069,28.3251513],[76.8959374,28.3246084],[76.8966249,28.3246424],[76.8965944,28.3251852],[76.8959069,28.3251513]]]}},{"type":"Feature","properties":{"v":"Kukrola","m":"27","k":"17","t":"Manesar","vc":"04138","area":4073.2,"lat":28.3249308,"lng":76.8969534},"geometry":{"type":"Polygon","coordinates":[[[76.8965944,28.3251852],[76.8966249,28.3246424],[76.8967968,28.3246509],[76.8973124,28.3246763],[76.8972819,28.3252192],[76.8965944,28.3251852]]]}},{"type":"Feature","properties":{"v":"Kukrola","m":"27","k":"16","t":"Manesar","vc":"04138","area":4073.6,"lat":28.3249647,"lng":76.8976409},"geometry":{"type":"Polygon","coordinates":[[[76.8972819,28.3252192],[76.8973124,28.3246763],[76.8979999,28.3247102],[76.8979694,28.3252531],[76.8972819,28.3252192]]]}},{"type":"Feature","properties":{"v":"Kukrola","m":"27","k":"15","t":"Manesar","vc":"04138","area":4073.2,"lat":28.3255076,"lng":76.8976105},"geometry":{"type":"Polygon","coordinates":[[[76.8972515,28.325762],[76.8972819,28.3252192],[76.8979694,28.3252531],[76.897939,28.325796],[76.8972515,28.325762]]]}},{"type":"Feature","properties":{"v":"Kukrola","m":"27","k":"14","t":"Manesar","vc":"04138","area":4073.2,"lat":28.3254736,"lng":76.8969229},"geometry":{"type":"Polygon","coordinates":[[[76.896564,28.3257281],[76.8965944,28.3251852],[76.8972819,28.3252192],[76.8972515,28.325762],[76.896564,28.3257281]]]}},{"type":"Feature","properties":{"v":"Kukrola","m":"27","k":"12","t":"Manesar","vc":"04138","area":4073.2,"lat":28.3254057,"lng":76.8955479},"geometry":{"type":"Polygon","coordinates":[[[76.8952068,28.3253435],[76.8952194,28.3251173],[76.8959069,28.3251513],[76.8958765,28.3256941],[76.8956103,28.325681],[76.895189,28.3256602],[76.8952042,28.3253888],[76.8952068,28.3253435]]]}},{"type":"Feature","properties":{"v":"Kukrola","m":"27","k":"11/1","t":"Manesar","vc":"04138","area":2036.4,"lat":28.3255075,"lng":76.8948529},"geometry":{"type":"Polygon","coordinates":[[[76.895189,28.3256602],[76.8945015,28.3256262],[76.8945049,28.3255659],[76.8945167,28.3253548],[76.8952042,28.3253888],[76.895189,28.3256602]]]}},{"type":"Feature","properties":{"v":"Kukrola","m":"27","k":"10","t":"Manesar","vc":"04138","area":4073.2,"lat":28.3259146,"lng":76.89483},"geometry":{"type":"Polygon","coordinates":[[[76.8951585,28.326203],[76.894471,28.3261691],[76.8945015,28.3256262],[76.895189,28.3256602],[76.8951585,28.326203]]]}},{"type":"Feature","properties":{"v":"Kukrola","m":"27","k":"9/1","t":"Manesar","vc":"04138","area":294.1,"lat":28.3261671,"lng":76.895758},"geometry":{"type":"Polygon","coordinates":[[[76.895846,28.326237],[76.895571,28.3262234],[76.895857,28.326041],[76.895846,28.326237]]]}},{"type":"Feature","properties":{"v":"Kukrola","m":"27","k":"8","t":"Manesar","vc":"04138","area":3639.0,"lat":28.3259647,"lng":76.8962417},"geometry":{"type":"Polygon","coordinates":[[[76.8958651,28.3258977],[76.8958765,28.3256941],[76.896564,28.3257281],[76.8965352,28.3262408],[76.8965335,28.3262709],[76.8962973,28.3263131],[76.8958604,28.3259806],[76.8958651,28.3258977]]]}},{"type":"Feature","properties":{"v":"Kukrola","m":"27","k":"7","t":"Manesar","vc":"04138","area":3847.0,"lat":28.3260014,"lng":76.8968933},"geometry":{"type":"Polygon","coordinates":[[[76.896564,28.3257281],[76.8972515,28.325762],[76.8972227,28.3262747],[76.8965352,28.3262408],[76.896564,28.3257281]]]}},{"type":"Feature","properties":{"v":"Kukrola","m":"27","k":"6","t":"Manesar","vc":"04138","area":3847.0,"lat":28.3260353,"lng":76.8975808},"geometry":{"type":"Polygon","coordinates":[[[76.8972515,28.325762],[76.897939,28.325796],[76.8979102,28.3263087],[76.8972227,28.3262747],[76.8972515,28.325762]]]}},{"type":"Feature","properties":{"v":"Kukrola","m":"27","k":"5","t":"Manesar","vc":"04138","area":4073.2,"lat":28.3265933,"lng":76.8975496},"geometry":{"type":"Polygon","coordinates":[[[76.8971906,28.3268477],[76.897221,28.3263049],[76.8979085,28.3263388],[76.8978781,28.3268817],[76.8971906,28.3268477]]]}},{"type":"Feature","properties":{"v":"Kukrola","m":"27","k":"4","t":"Manesar","vc":"04138","area":4073.2,"lat":28.3265593,"lng":76.896862},"geometry":{"type":"Polygon","coordinates":[[[76.8965031,28.3268138],[76.8965335,28.3262709],[76.897221,28.3263049],[76.8971906,28.3268477],[76.8965031,28.3268138]]]}},{"type":"Feature","properties":{"v":"Kukrola","m":"27","k":"3","t":"Manesar","vc":"04138","area":4183.1,"lat":28.3265113,"lng":76.8961533},"geometry":{"type":"Polygon","coordinates":[[[76.8961593,28.3267968],[76.8958156,28.3267798],[76.895846,28.326237],[76.895857,28.326041],[76.8962663,28.3263668],[76.8962973,28.3263131],[76.8965335,28.3262709],[76.8965031,28.3268138],[76.8961593,28.3267968]]]}},{"type":"Feature","properties":{"v":"Kukrola","m":"27","k":"2","t":"Manesar","vc":"04138","area":3983.8,"lat":28.3264967,"lng":76.8954874},"geometry":{"type":"Polygon","coordinates":[[[76.8951585,28.326203],[76.895459,28.3262179],[76.8953945,28.3262735],[76.8954434,28.3263153],[76.895571,28.3262234],[76.895846,28.326237],[76.8958156,28.3267798],[76.8951281,28.3267459],[76.8951526,28.3263086],[76.8951585,28.326203]]]}},{"type":"Feature","properties":{"v":"Kukrola","m":"27","k":"1/1","t":"Manesar","vc":"04138","area":3281.2,"lat":28.3265103,"lng":76.8947966},"geometry":{"type":"Polygon","coordinates":[[[76.8951281,28.3267459],[76.8944406,28.3267119],[76.8944651,28.3262746],[76.8951526,28.3263086],[76.8951281,28.3267459]]]}},{"type":"Feature","properties":{"v":"Kukrola","m":"28","k":"24/2","t":"Manesar","vc":"04138","area":713.0,"lat":28.3245716,"lng":76.9007049},"geometry":{"type":"Polygon","coordinates":[[[76.9007499,28.324846],[76.9006295,28.32484],[76.90066,28.3242972],[76.9007803,28.3243031],[76.9007499,28.324846]]]}},{"type":"Feature","properties":{"v":"Kukrola","m":"28","k":"22/2","t":"Manesar","vc":"04138","area":523.5,"lat":28.3242547,"lng":76.8990336},"geometry":{"type":"Polygon","coordinates":[[[76.8987178,28.3242013],[76.8993537,28.3242327],[76.8993495,28.3243081],[76.8987651,28.3242793],[76.8987136,28.3242767],[76.8987178,28.3242013]]]}},{"type":"Feature","properties":{"v":"Kukrola","m":"28","k":"13","t":"Manesar","vc":"04138","area":4073.2,"lat":28.3256094,"lng":76.899673},"geometry":{"type":"Polygon","coordinates":[[[76.899314,28.3258638],[76.8993444,28.325321],[76.9000319,28.3253549],[76.9000015,28.3258978],[76.899314,28.3258638]]]}},{"type":"Feature","properties":{"v":"Kukrola","m":"28","k":"14","t":"Manesar","vc":"04138","area":4073.6,"lat":28.3256433,"lng":76.9003605},"geometry":{"type":"Polygon","coordinates":[[[76.9007194,28.3253888],[76.900689,28.3259317],[76.9000015,28.3258978],[76.9000319,28.3253549],[76.9007194,28.3253888]]]}},{"type":"Feature","properties":{"v":"Kukrola","m":"28","k":"8","t":"Manesar","vc":"04138","area":4073.2,"lat":28.3261522,"lng":76.8996425},"geometry":{"type":"Polygon","coordinates":[[[76.9000015,28.3258978],[76.8999711,28.3264406],[76.8992836,28.3264067],[76.8992895,28.3263011],[76.899314,28.3258638],[76.9000015,28.3258978]]]}},{"type":"Feature","properties":{"v":"Kukrola","m":"28","k":"7","t":"Manesar","vc":"04138","area":4072.8,"lat":28.3261862,"lng":76.90033},"geometry":{"type":"Polygon","coordinates":[[[76.9000015,28.3258978],[76.900689,28.3259317],[76.9006586,28.3264745],[76.8999711,28.3264406],[76.9000015,28.3258978]]]}},{"type":"Feature","properties":{"v":"Kukrola","m":"28","k":"6","t":"Manesar","vc":"04138","area":4073.2,"lat":28.3262201,"lng":76.9010176},"geometry":{"type":"Polygon","coordinates":[[[76.9006586,28.3264745],[76.900689,28.3259317],[76.9013765,28.3259656],[76.9013461,28.3265085],[76.9006586,28.3264745]]]}},{"type":"Feature","properties":{"v":"Kukrola","m":"28","k":"25","t":"Manesar","vc":"04138","area":4073.5,"lat":28.3245915,"lng":76.9011089},"geometry":{"type":"Polygon","coordinates":[[[76.9007499,28.324846],[76.9007803,28.3243031],[76.9009178,28.3243099],[76.9014678,28.324337],[76.9014374,28.3248799],[76.9007499,28.324846]]]}},{"type":"Feature","properties":{"v":"Kukrola","m":"28","k":"24/1","t":"Manesar","vc":"04138","area":3359.8,"lat":28.3245546,"lng":76.9003612},"geometry":{"type":"Polygon","coordinates":[[[76.9000624,28.324812],[76.9000928,28.3242692],[76.900299,28.3242794],[76.90066,28.3242972],[76.9006295,28.32484],[76.9000624,28.324812]]]}},{"type":"Feature","properties":{"v":"Kukrola","m":"28","k":"23","t":"Manesar","vc":"04138","area":4073.0,"lat":28.3245236,"lng":76.8997338},"geometry":{"type":"Polygon","coordinates":[[[76.8993985,28.3243559],[76.8994053,28.3242353],[76.9000928,28.3242692],[76.9000624,28.324812],[76.8993749,28.3247781],[76.8993985,28.3243559]]]}},{"type":"Feature","properties":{"v":"Kukrola","m":"28","k":"22/1","t":"Manesar","vc":"04138","area":2930.4,"lat":28.3245513,"lng":76.8990687},"geometry":{"type":"Polygon","coordinates":[[[76.8993749,28.3247781],[76.8987389,28.3247467],[76.8987626,28.3243245],[76.8993985,28.3243559],[76.8993749,28.3247781]]]}},{"type":"Feature","properties":{"v":"Kukrola","m":"28","k":"21","t":"Manesar","vc":"04138","area":4073.3,"lat":28.3244558,"lng":76.8983589},"geometry":{"type":"Polygon","coordinates":[[[76.8987136,28.3242767],[76.8986874,28.3247442],[76.8979999,28.3247102],[76.8980303,28.3241674],[76.8987178,28.3242013],[76.8987136,28.3242767]]]}},{"type":"Feature","properties":{"v":"Kukrola","m":"28","k":"20","t":"Manesar","vc":"04138","area":4073.3,"lat":28.3249986,"lng":76.8983284},"geometry":{"type":"Polygon","coordinates":[[[76.8986569,28.325287],[76.8979694,28.3252531],[76.8979999,28.3247102],[76.8986874,28.3247442],[76.8986569,28.325287]]]}},{"type":"Feature","properties":{"v":"Kukrola","m":"28","k":"19","t":"Manesar","vc":"04138","area":3768.2,"lat":28.3250338,"lng":76.8990417},"geometry":{"type":"Polygon","coordinates":[[[76.8993444,28.325321],[76.8987085,28.3252896],[76.8987389,28.3247467],[76.8993749,28.3247781],[76.8993444,28.325321]]]}},{"type":"Feature","properties":{"v":"Kukrola","m":"28","k":"18","t":"Manesar","vc":"04138","area":4073.6,"lat":28.3250665,"lng":76.8997034},"geometry":{"type":"Polygon","coordinates":[[[76.9000319,28.3253549],[76.8993444,28.325321],[76.8993749,28.3247781],[76.9000624,28.324812],[76.9000319,28.3253549]]]}},{"type":"Feature","properties":{"v":"Kukrola","m":"28","k":"17","t":"Manesar","vc":"04138","area":4073.4,"lat":28.3251004,"lng":76.9003909},"geometry":{"type":"Polygon","coordinates":[[[76.9007194,28.3253888],[76.9000319,28.3253549],[76.9000624,28.324812],[76.9006295,28.32484],[76.9007499,28.324846],[76.9007194,28.3253888]]]}},{"type":"Feature","properties":{"v":"Kukrola","m":"28","k":"16","t":"Manesar","vc":"04138","area":4072.9,"lat":28.3251343,"lng":76.9010784},"geometry":{"type":"Polygon","coordinates":[[[76.9007194,28.3253888],[76.9007499,28.324846],[76.9014374,28.3248799],[76.9014069,28.3254227],[76.9007194,28.3253888]]]}},{"type":"Feature","properties":{"v":"Kukrola","m":"28","k":"15","t":"Manesar","vc":"04138","area":4073.6,"lat":28.3256772,"lng":76.9010479},"geometry":{"type":"Polygon","coordinates":[[[76.9007194,28.3253888],[76.9014069,28.3254227],[76.9013765,28.3259656],[76.900689,28.3259317],[76.9007194,28.3253888]]]}},{"type":"Feature","properties":{"v":"Kukrola","m":"28","k":"12","t":"Manesar","vc":"04138","area":3767.1,"lat":28.3255767,"lng":76.8990113},"geometry":{"type":"Polygon","coordinates":[[[76.899314,28.3258638],[76.8986781,28.3258324],[76.8987085,28.3252896],[76.8993444,28.325321],[76.899314,28.3258638]]]}},{"type":"Feature","properties":{"v":"Kukrola","m":"28","k":"11","t":"Manesar","vc":"04138","area":4073.6,"lat":28.3255415,"lng":76.8982979},"geometry":{"type":"Polygon","coordinates":[[[76.8986569,28.325287],[76.8986265,28.3258299],[76.897939,28.325796],[76.8979694,28.3252531],[76.8986569,28.325287]]]}},{"type":"Feature","properties":{"v":"Kukrola","m":"28","k":"10","t":"Manesar","vc":"04138","area":3847.0,"lat":28.3260693,"lng":76.8982683},"geometry":{"type":"Polygon","coordinates":[[[76.8986265,28.3258299],[76.8985977,28.3263426],[76.8979102,28.3263087],[76.897939,28.325796],[76.8986265,28.3258299]]]}},{"type":"Feature","properties":{"v":"Kukrola","m":"28","k":"9/2","t":"Manesar","vc":"04138","area":3035.2,"lat":28.3260668,"lng":76.8989838},"geometry":{"type":"Polygon","coordinates":[[[76.8986781,28.3258324],[76.899314,28.3258638],[76.8992895,28.3263011],[76.8986535,28.3262697],[76.8986781,28.3258324]]]}},{"type":"Feature","properties":{"v":"Kukrola","m":"28","k":"5","t":"Manesar","vc":"04138","area":4073.3,"lat":28.3267629,"lng":76.9009871},"geometry":{"type":"Polygon","coordinates":[[[76.9008,28.3270259],[76.9006281,28.3270174],[76.9006586,28.3264745],[76.9013461,28.3265085],[76.9013156,28.3270513],[76.9008,28.3270259]]]}},{"type":"Feature","properties":{"v":"Kukrola","m":"28","k":"4","t":"Manesar","vc":"04138","area":4073.6,"lat":28.326729,"lng":76.9002996},"geometry":{"type":"Polygon","coordinates":[[[76.9006586,28.3264745],[76.9006281,28.3270174],[76.8999406,28.3269835],[76.8999711,28.3264406],[76.9006586,28.3264745]]]}},{"type":"Feature","properties":{"v":"Kukrola","m":"28","k":"3","t":"Manesar","vc":"04138","area":4073.4,"lat":28.3266951,"lng":76.8996121},"geometry":{"type":"Polygon","coordinates":[[[76.8994078,28.3269572],[76.8992531,28.3269495],[76.8992836,28.3264067],[76.8999711,28.3264406],[76.8999406,28.3269835],[76.8994078,28.3269572]]]}},{"type":"Feature","properties":{"v":"Kukrola","m":"28","k":"2","t":"Manesar","vc":"04138","area":3767.7,"lat":28.3266624,"lng":76.8989504},"geometry":{"type":"Polygon","coordinates":[[[76.8992531,28.3269495],[76.8986172,28.3269182],[76.8986476,28.3263753],[76.8992836,28.3264067],[76.8992531,28.3269495]]]}},{"type":"Feature","properties":{"v":"Kukrola","m":"28","k":"1","t":"Manesar","vc":"04138","area":4073.5,"lat":28.3266272,"lng":76.8982371},"geometry":{"type":"Polygon","coordinates":[[[76.8985656,28.3269156],[76.8978781,28.3268817],[76.8979085,28.3263388],[76.8985961,28.3263728],[76.8985656,28.3269156]]]}},{"type":"Feature","properties":{"v":"Kukrola","m":"0","k":"55","t":"Manesar","vc":"04138","area":11999.8,"lat":28.3274474,"lng":76.8984491},"geometry":{"type":"Polygon","coordinates":[[[76.8985047,28.3280013],[76.8985352,28.3274585],[76.8978477,28.3274245],[76.8971601,28.3273906],[76.8971618,28.3273604],[76.8978494,28.3273944],[76.8985369,28.3274283],[76.8985656,28.3269156],[76.8985961,28.3263728],[76.8979085,28.3263388],[76.897221,28.3263049],[76.8965335,28.3262709],[76.8965352,28.3262408],[76.8972227,28.3262747],[76.8979102,28.3263087],[76.8985977,28.3263426],[76.8986265,28.3258299],[76.8986569,28.325287],[76.8986874,28.3247442],[76.8987136,28.3242767],[76.8987651,28.3242793],[76.8993495,28.3243081],[76.8993537,28.3242327],[76.8993842,28.3236899],[76.8994146,28.323147],[76.899445,28.3226041],[76.8994459,28.3225891],[76.8994503,28.3225098],[76.8994755,28.3220613],[76.8994806,28.3219708],[76.8994975,28.3216692],[76.8991537,28.3216523],[76.8988616,28.3216378],[76.89887,28.321487],[76.8988979,28.3209894],[76.8982104,28.3209555],[76.898213,28.3209103],[76.898677,28.3209332],[76.8989004,28.3209442],[76.8989309,28.3204013],[76.8989613,28.3198585],[76.8989884,28.3193759],[76.8990399,28.3193785],[76.8990129,28.319861],[76.8989824,28.3204039],[76.898952,28.3209467],[76.8989216,28.3214896],[76.8989156,28.3215951],[76.8995516,28.3216265],[76.899527,28.3220638],[76.8994966,28.3226067],[76.8994679,28.3231194],[76.8994662,28.3231495],[76.8994357,28.3236924],[76.8994053,28.3242353],[76.8993985,28.3243559],[76.8987626,28.3243245],[76.8987389,28.3247467],[76.8987085,28.3252896],[76.8986781,28.3258324],[76.8986535,28.3262697],[76.8986476,28.3263753],[76.8986172,28.3269182],[76.8985867,28.327461],[76.8985563,28.3280039],[76.8985259,28.3285467],[76.8984954,28.3290896],[76.898465,28.3296324],[76.8984345,28.3301753],[76.8984058,28.330688],[76.8984041,28.3307181],[76.8983737,28.331261],[76.8983432,28.3318039],[76.8989792,28.3318352],[76.8989487,28.3323781],[76.8989183,28.332921],[76.8988879,28.3334638],[76.898887,28.3334789],[76.8988803,28.3335995],[76.8988794,28.3336146],[76.8988574,28.3340067],[76.898827,28.3345495],[76.8987966,28.3350924],[76.8987661,28.3356352],[76.8987589,28.3357642],[76.8987357,28.3361781],[76.898955,28.3363475],[76.8989164,28.3363774],[76.8987327,28.3362306],[76.898682,28.3362132],[76.8986841,28.3361755],[76.8987146,28.3356327],[76.898745,28.3350898],[76.898767,28.3346978],[76.8987754,28.334547],[76.8988059,28.3340041],[76.8988363,28.3334613],[76.8988667,28.3329184],[76.8988972,28.3323756],[76.8989251,28.3318779],[76.8982891,28.3318466],[76.8982916,28.3318013],[76.8983196,28.3313037],[76.8983221,28.3312585],[76.8983525,28.3307156],[76.8983636,28.3305182],[76.8983644,28.3305031],[76.898383,28.3301727],[76.8984134,28.3296299],[76.898421,28.3294942],[76.8984439,28.329087],[76.8984743,28.3285442],[76.8985047,28.3280013]]]}},{"type":"Feature","properties":{"v":"Kukrola","m":"36","k":"22/2","t":"Manesar","vc":"04138","area":732.3,"lat":28.3215581,"lng":76.8992366},"geometry":{"type":"Polygon","coordinates":[[[76.8995575,28.321521],[76.8995516,28.3216265],[76.8989156,28.3215951],[76.8989216,28.3214896],[76.8995575,28.321521]]]}},{"type":"Feature","properties":{"v":"Kukrola","m":"36","k":"24/2","t":"Manesar","vc":"04138","area":1210.3,"lat":28.321831,"lng":76.9007417},"geometry":{"type":"Polygon","coordinates":[[[76.900902,28.3221317],[76.9008161,28.3221274],[76.900471,28.3215661],[76.9006772,28.3215762],[76.9008025,28.321809],[76.900924,28.3217396],[76.900902,28.3221317]]]}},{"type":"Feature","properties":{"v":"Kukrola","m":"36","k":"16/1","t":"Manesar","vc":"04138","area":703.9,"lat":28.3225363,"lng":76.9009797},"geometry":{"type":"Polygon","coordinates":[[[76.9008716,28.3226745],[76.9008956,28.3222451],[76.901172,28.3226894],[76.9008716,28.3226745]]]}},{"type":"Feature","properties":{"v":"Kukrola","m":"36","k":"13/1","t":"Manesar","vc":"04138","area":226.2,"lat":28.3231514,"lng":76.899811},"geometry":{"type":"Polygon","coordinates":[[[76.9001537,28.3231835],[76.8994662,28.3231495],[76.8994679,28.3231194],[76.9001553,28.3231533],[76.9001537,28.3231835]]]}},{"type":"Feature","properties":{"v":"Kukrola","m":"36","k":"15/2","t":"Manesar","vc":"04138","area":1146.7,"lat":28.3228831,"lng":76.9014199},"geometry":{"type":"Polygon","coordinates":[[[76.9015591,28.3227085],[76.9015286,28.3232513],[76.901172,28.3226894],[76.9015591,28.3227085]]]}},{"type":"Feature","properties":{"v":"Kukrola","m":"36","k":"4/1","t":"Manesar","vc":"04138","area":1222.1,"lat":28.3240028,"lng":76.9002111},"geometry":{"type":"Polygon","coordinates":[[[76.9001232,28.3237263],[76.9003295,28.3237365],[76.900299,28.3242794],[76.9000928,28.3242692],[76.9001232,28.3237263]]]}},{"type":"Feature","properties":{"v":"Kukrola","m":"36","k":"5/1","t":"Manesar","vc":"04138","area":814.6,"lat":28.3240351,"lng":76.9008643},"geometry":{"type":"Polygon","coordinates":[[[76.9008107,28.3237603],[76.9009482,28.323767],[76.9009178,28.3243099],[76.9007803,28.3243031],[76.9008107,28.3237603]]]}},{"type":"Feature","properties":{"v":"Kukrola","m":"36","k":"13/2","t":"Manesar","vc":"04138","area":3846.8,"lat":28.32288,"lng":76.899826},"geometry":{"type":"Polygon","coordinates":[[[76.9001841,28.3226406],[76.9001553,28.3231533],[76.8994679,28.3231194],[76.8994966,28.3226067],[76.9001841,28.3226406]]]}},{"type":"Feature","properties":{"v":"Kukrola","m":"36","k":"25","t":"Manesar","vc":"04138","area":3875.2,"lat":28.3218892,"lng":76.9012738},"geometry":{"type":"Polygon","coordinates":[[[76.900902,28.3221317],[76.900924,28.3217396],[76.901173,28.3216007],[76.9016199,28.3216228],[76.9015895,28.3221656],[76.900902,28.3221317]]]}},{"type":"Feature","properties":{"v":"Kukrola","m":"36","k":"24/1","t":"Manesar","vc":"04138","area":2451.7,"lat":28.3218783,"lng":76.9004485},"geometry":{"type":"Polygon","coordinates":[[[76.9002145,28.3220978],[76.900245,28.3215549],[76.900471,28.3215661],[76.9008161,28.3221274],[76.9002145,28.3220978]]]}},{"type":"Feature","properties":{"v":"Kukrola","m":"36","k":"23","t":"Manesar","vc":"04138","area":4073.3,"lat":28.3218094,"lng":76.899886},"geometry":{"type":"Polygon","coordinates":[[[76.8995516,28.3216265],[76.8995575,28.321521],[76.900245,28.3215549],[76.9002145,28.3220978],[76.899527,28.3220638],[76.8995516,28.3216265]]]}},{"type":"Feature","properties":{"v":"Kukrola","m":"36","k":"22/1/1","t":"Manesar","vc":"04138","area":1728.1,"lat":28.3218788,"lng":76.8990738},"geometry":{"type":"Polygon","coordinates":[[[76.8988396,28.3220299],[76.8988616,28.3216378],[76.8991537,28.3216523],[76.8991427,28.3218483],[76.899263,28.3218542],[76.8992571,28.3219598],[76.8994806,28.3219708],[76.8994755,28.3220613],[76.8988396,28.3220299]]]}},{"type":"Feature","properties":{"v":"Kukrola","m":"36","k":"21","t":"Manesar","vc":"04138","area":3038.5,"lat":28.3216901,"lng":76.8985676},"geometry":{"type":"Polygon","coordinates":[[[76.8988616,28.3216378],[76.8988396,28.3220299],[76.8987137,28.3220237],[76.898247,28.3217105],[76.8981715,28.3216505],[76.8981825,28.3214531],[76.89887,28.321487],[76.8988616,28.3216378]]]}},{"type":"Feature","properties":{"v":"Kukrola","m":"36","k":"20/1","t":"Manesar","vc":"04138","area":3817.5,"lat":28.3222884,"lng":76.8984937},"geometry":{"type":"Polygon","coordinates":[[[76.898156,28.3225405],[76.8981865,28.3219977],[76.8987137,28.3220237],[76.8988353,28.3221053],[76.8988091,28.3225728],[76.898156,28.3225405]]]}},{"type":"Feature","properties":{"v":"Kukrola","m":"36","k":"19","t":"Manesar","vc":"04138","area":1674.6,"lat":28.3224276,"lng":76.8990364},"geometry":{"type":"Polygon","coordinates":[[[76.899445,28.3226041],[76.8988091,28.3225728],[76.8988353,28.3221053],[76.8994203,28.3225688],[76.8994459,28.3225891],[76.899445,28.3226041]]]}},{"type":"Feature","properties":{"v":"Kukrola","m":"36","k":"18","t":"Manesar","vc":"04138","area":4073.3,"lat":28.3223522,"lng":76.8998555},"geometry":{"type":"Polygon","coordinates":[[[76.9002145,28.3220978],[76.9001841,28.3226406],[76.8994966,28.3226067],[76.899527,28.3220638],[76.9002145,28.3220978]]]}},{"type":"Feature","properties":{"v":"Kukrola","m":"36","k":"17","t":"Manesar","vc":"04138","area":4019.9,"lat":28.322389,"lng":76.9005387},"geometry":{"type":"Polygon","coordinates":[[[76.9001841,28.3226406],[76.9002145,28.3220978],[76.9008161,28.3221274],[76.9008956,28.3222451],[76.9008716,28.3226745],[76.9001841,28.3226406]]]}},{"type":"Feature","properties":{"v":"Kukrola","m":"36","k":"16/2","t":"Manesar","vc":"04138","area":3422.7,"lat":28.3223923,"lng":76.9012765},"geometry":{"type":"Polygon","coordinates":[[[76.900902,28.3221317],[76.9015895,28.3221656],[76.9015717,28.3224823],[76.9015591,28.3227085],[76.901172,28.3226894],[76.9008956,28.3222451],[76.9008161,28.3221274],[76.900902,28.3221317]]]}},{"type":"Feature","properties":{"v":"Kukrola","m":"36","k":"15/1","t":"Manesar","vc":"04138","area":2926.5,"lat":28.3229942,"lng":76.901114},"geometry":{"type":"Polygon","coordinates":[[[76.9008411,28.3232174],[76.9008716,28.3226745],[76.901172,28.3226894],[76.9015286,28.3232513],[76.9008411,28.3232174]]]}},{"type":"Feature","properties":{"v":"Kukrola","m":"36","k":"14","t":"Manesar","vc":"04138","area":4073.7,"lat":28.322929,"lng":76.9005126},"geometry":{"type":"Polygon","coordinates":[[[76.9001553,28.3231533],[76.9001841,28.3226406],[76.9008716,28.3226745],[76.9008411,28.3232174],[76.9001537,28.3231835],[76.9001553,28.3231533]]]}},{"type":"Feature","properties":{"v":"Kukrola","m":"36","k":"12","t":"Manesar","vc":"04138","area":3767.6,"lat":28.3228599,"lng":76.8991119},"geometry":{"type":"Polygon","coordinates":[[[76.8988091,28.3225728],[76.899445,28.3226041],[76.8994146,28.323147],[76.8987787,28.3231156],[76.8988091,28.3225728]]]}},{"type":"Feature","properties":{"v":"Kukrola","m":"36","k":"11","t":"Manesar","vc":"04138","area":4073.3,"lat":28.3228272,"lng":76.8984501},"geometry":{"type":"Polygon","coordinates":[[[76.8987787,28.3231156],[76.8980912,28.3230817],[76.8981216,28.3225388],[76.898156,28.3225405],[76.8988091,28.3225728],[76.8987787,28.3231156]]]}},{"type":"Feature","properties":{"v":"Kukrola","m":"36","k":"10","t":"Manesar","vc":"04138","area":4073.3,"lat":28.3233701,"lng":76.8984198},"geometry":{"type":"Polygon","coordinates":[[[76.8987483,28.3236585],[76.8980608,28.3236245],[76.8980912,28.3230817],[76.8987787,28.3231156],[76.8987483,28.3236585]]]}},{"type":"Feature","properties":{"v":"Kukrola","m":"36","k":"9","t":"Manesar","vc":"04138","area":3767.9,"lat":28.3234027,"lng":76.8990814},"geometry":{"type":"Polygon","coordinates":[[[76.8987483,28.3236585],[76.8987787,28.3231156],[76.8994146,28.323147],[76.8993842,28.3236899],[76.8987483,28.3236585]]]}},{"type":"Feature","properties":{"v":"Kukrola","m":"36","k":"8","t":"Manesar","vc":"04138","area":4073.3,"lat":28.3234379,"lng":76.8997947},"geometry":{"type":"Polygon","coordinates":[[[76.9001232,28.3237263],[76.8994357,28.3236924],[76.8994662,28.3231495],[76.9001537,28.3231835],[76.9001232,28.3237263]]]}},{"type":"Feature","properties":{"v":"Kukrola","m":"36","k":"7","t":"Manesar","vc":"04138","area":4073.0,"lat":28.3234719,"lng":76.9004822},"geometry":{"type":"Polygon","coordinates":[[[76.9001232,28.3237263],[76.9001537,28.3231835],[76.9008411,28.3232174],[76.9008107,28.3237603],[76.9003295,28.3237365],[76.9001232,28.3237263]]]}},{"type":"Feature","properties":{"v":"Kukrola","m":"36","k":"6","t":"Manesar","vc":"04138","area":4073.3,"lat":28.3235058,"lng":76.9011697},"geometry":{"type":"Polygon","coordinates":[[[76.9009482,28.323767],[76.9008107,28.3237603],[76.9008411,28.3232174],[76.9015286,28.3232513],[76.9014982,28.3237942],[76.9009482,28.323767]]]}},{"type":"Feature","properties":{"v":"Kukrola","m":"36","k":"5/2","t":"Manesar","vc":"04138","area":3258.6,"lat":28.324052,"lng":76.901208},"geometry":{"type":"Polygon","coordinates":[[[76.9014678,28.324337],[76.9009178,28.3243099],[76.9009482,28.323767],[76.9014982,28.3237942],[76.9014678,28.324337]]]}},{"type":"Feature","properties":{"v":"Kukrola","m":"36","k":"4/2","t":"Manesar","vc":"04138","area":2851.4,"lat":28.3240198,"lng":76.9005549},"geometry":{"type":"Polygon","coordinates":[[[76.9008107,28.3237603],[76.9007803,28.3243031],[76.90066,28.3242972],[76.900299,28.3242794],[76.9003295,28.3237365],[76.9008107,28.3237603]]]}},{"type":"Feature","properties":{"v":"Kukrola","m":"36","k":"3","t":"Manesar","vc":"04138","area":4073.6,"lat":28.3239808,"lng":76.8997642},"geometry":{"type":"Polygon","coordinates":[[[76.8994357,28.3236924],[76.9001232,28.3237263],[76.9000928,28.3242692],[76.8994053,28.3242353],[76.8994357,28.3236924]]]}},{"type":"Feature","properties":{"v":"Kukrola","m":"36","k":"2","t":"Manesar","vc":"04138","area":3767.3,"lat":28.3239456,"lng":76.899051},"geometry":{"type":"Polygon","coordinates":[[[76.8987483,28.3236585],[76.8993842,28.3236899],[76.8993537,28.3242327],[76.8987178,28.3242013],[76.8987483,28.3236585]]]}},{"type":"Feature","properties":{"v":"Kukrola","m":"36","k":"1","t":"Manesar","vc":"04138","area":4073.3,"lat":28.3239129,"lng":76.8983893},"geometry":{"type":"Polygon","coordinates":[[[76.8987483,28.3236585],[76.8987178,28.3242013],[76.8980303,28.3241674],[76.8980608,28.3236245],[76.8987483,28.3236585]]]}},{"type":"Feature","properties":{"v":"Kukrola","m":"37","k":"24/2/2/3","t":"Manesar","vc":"04138","area":599.6,"lat":28.3216506,"lng":76.8973996},"geometry":{"type":"Polygon","coordinates":[[[76.8973167,28.3218338],[76.8973404,28.3214115],[76.8974884,28.3215383],[76.8974722,28.3218263],[76.8973167,28.3218338]]]}},{"type":"Feature","properties":{"v":"Kukrola","m":"37","k":"17/1","t":"Manesar","vc":"04138","area":203.8,"lat":28.3222326,"lng":76.8974322},"geometry":{"type":"Polygon","coordinates":[[[76.8974646,28.321962],[76.8974342,28.3225049],[76.8973998,28.3225032],[76.8974302,28.3219603],[76.8974646,28.321962]]]}},{"type":"Feature","properties":{"v":"Kukrola","m":"37","k":"18/2","t":"Manesar","vc":"04138","area":905.2,"lat":28.3219714,"lng":76.89643},"geometry":{"type":"Polygon","coordinates":[[[76.8967771,28.3219281],[76.8967704,28.3220487],[76.8960829,28.3220148],[76.8960897,28.3218941],[76.8967771,28.3219281]]]}},{"type":"Feature","properties":{"v":"Kukrola","m":"37","k":"14/1","t":"Manesar","vc":"04138","area":1119.9,"lat":28.322747,"lng":76.896826},"geometry":{"type":"Polygon","coordinates":[[[76.8967162,28.3230138],[76.8967332,28.3227122],[76.8967467,28.3224709],[76.8969357,28.3224803],[76.8969053,28.3230231],[76.8967162,28.3230138]]]}},{"type":"Feature","properties":{"v":"Kukrola","m":"37","k":"2/2","t":"Manesar","vc":"04138","area":712.8,"lat":28.3237912,"lng":76.8959229},"geometry":{"type":"Polygon","coordinates":[[[76.8959983,28.3235227],[76.8959678,28.3240656],[76.8958475,28.3240596],[76.895878,28.3235168],[76.8959983,28.3235227]]]}},{"type":"Feature","properties":{"v":"Kukrola","m":"37","k":"3/1","t":"Manesar","vc":"04138","area":1527.8,"lat":28.3238005,"lng":76.896112},"geometry":{"type":"Polygon","coordinates":[[[76.8959983,28.3235227],[76.8962561,28.3235354],[76.8962257,28.3240783],[76.8959678,28.3240656],[76.8959983,28.3235227]]]}},{"type":"Feature","properties":{"v":"Kukrola","m":"37","k":"13/2","t":"Manesar","vc":"04138","area":1810.6,"lat":28.3225746,"lng":76.8963962},"geometry":{"type":"Polygon","coordinates":[[[76.8960457,28.3226783],[76.8960592,28.322437],[76.8967467,28.3224709],[76.8967332,28.3227122],[76.8960457,28.3226783]]]}},{"type":"Feature","properties":{"v":"Kukrola","m":"37","k":"25/1/2/3","t":"Manesar","vc":"04138","area":478.7,"lat":28.3217175,"lng":76.8975801},"geometry":{"type":"Polygon","coordinates":[[[76.8974884,28.3215383],[76.8977798,28.321788],[76.8974722,28.3218263],[76.8974884,28.3215383]]]}},{"type":"Feature","properties":{"v":"Kukrola","m":"37","k":"24/1","t":"Manesar","vc":"04138","area":3157.2,"lat":28.3216698,"lng":76.8970588},"geometry":{"type":"Polygon","coordinates":[[[76.8967771,28.3219281],[76.8968076,28.3213852],[76.8973404,28.3214115],[76.8973167,28.3218338],[76.8973159,28.3218488],[76.8973099,28.3219544],[76.8967771,28.3219281]]]}},{"type":"Feature","properties":{"v":"Kukrola","m":"37","k":"23","t":"Manesar","vc":"04138","area":4072.9,"lat":28.3216397,"lng":76.8964486},"geometry":{"type":"Polygon","coordinates":[[[76.8960897,28.3218941],[76.8961201,28.3213513],[76.8964982,28.32137],[76.8968076,28.3213852],[76.8967771,28.3219281],[76.8960897,28.3218941]]]}},{"type":"Feature","properties":{"v":"Kukrola","m":"37","k":"22","t":"Manesar","vc":"04138","area":4073.4,"lat":28.3216057,"lng":76.8957611},"geometry":{"type":"Polygon","coordinates":[[[76.8960897,28.3218941],[76.8954022,28.3218602],[76.8954326,28.3213173],[76.8958108,28.321336],[76.8961201,28.3213513],[76.8960897,28.3218941]]]}},{"type":"Feature","properties":{"v":"Kukrola","m":"37","k":"21","t":"Manesar","vc":"04138","area":4073.1,"lat":28.3215718,"lng":76.8950737},"geometry":{"type":"Polygon","coordinates":[[[76.8954022,28.3218602],[76.8947147,28.3218262],[76.8947452,28.3212834],[76.8954326,28.3213173],[76.8954022,28.3218602]]]}},{"type":"Feature","properties":{"v":"Kukrola","m":"37","k":"20","t":"Manesar","vc":"04138","area":4073.2,"lat":28.3221146,"lng":76.8950432},"geometry":{"type":"Polygon","coordinates":[[[76.8954022,28.3218602],[76.8953887,28.3221015],[76.8953717,28.322403],[76.8946843,28.3223691],[76.8947147,28.3218262],[76.8954022,28.3218602]]]}},{"type":"Feature","properties":{"v":"Kukrola","m":"37","k":"19/1","t":"Manesar","vc":"04138","area":2262.6,"lat":28.3222692,"lng":76.8957239},"geometry":{"type":"Polygon","coordinates":[[[76.8953887,28.3221015],[76.8960761,28.3221354],[76.8960592,28.322437],[76.8953717,28.322403],[76.8953887,28.3221015]]]}},{"type":"Feature","properties":{"v":"Kukrola","m":"37","k":"18/1","t":"Manesar","vc":"04138","area":3168.1,"lat":28.3222428,"lng":76.8964148},"geometry":{"type":"Polygon","coordinates":[[[76.8967467,28.3224709],[76.8960592,28.322437],[76.8960761,28.3221354],[76.8960829,28.3220148],[76.8967704,28.3220487],[76.8967467,28.3224709]]]}},{"type":"Feature","properties":{"v":"Kukrola","m":"37","k":"17/2","t":"Manesar","vc":"04138","area":3869.4,"lat":28.3222156,"lng":76.8970885},"geometry":{"type":"Polygon","coordinates":[[[76.8973099,28.3219544],[76.8974302,28.3219603],[76.8973998,28.3225032],[76.8969357,28.3224803],[76.8967467,28.3224709],[76.8967704,28.3220487],[76.8967771,28.3219281],[76.8973099,28.3219544]]]}},{"type":"Feature","properties":{"v":"Kukrola","m":"37","k":"16","t":"Manesar","vc":"04138","area":4073.1,"lat":28.3222504,"lng":76.8977931},"geometry":{"type":"Polygon","coordinates":[[[76.8974342,28.3225049],[76.8974646,28.321962],[76.8980146,28.3219892],[76.8981521,28.321996],[76.8981216,28.3225388],[76.8974342,28.3225049]]]}},{"type":"Feature","properties":{"v":"Kukrola","m":"37","k":"15","t":"Manesar","vc":"04138","area":4073.0,"lat":28.3227933,"lng":76.8977627},"geometry":{"type":"Polygon","coordinates":[[[76.8974037,28.3230477],[76.8974342,28.3225049],[76.8981216,28.3225388],[76.8980912,28.3230817],[76.8974037,28.3230477]]]}},{"type":"Feature","properties":{"v":"Kukrola","m":"37","k":"14/2","t":"Manesar","vc":"04138","area":2953.0,"lat":28.322764,"lng":76.8971697},"geometry":{"type":"Polygon","coordinates":[[[76.8974037,28.3230477],[76.8969053,28.3230231],[76.8969357,28.3224803],[76.8973998,28.3225032],[76.8974342,28.3225049],[76.8974037,28.3230477]]]}},{"type":"Feature","properties":{"v":"Kukrola","m":"37","k":"12","t":"Manesar","vc":"04138","area":4073.7,"lat":28.3226915,"lng":76.8957003},"geometry":{"type":"Polygon","coordinates":[[[76.8953413,28.3229459],[76.8953717,28.322403],[76.8960592,28.322437],[76.8960457,28.3226783],[76.8960288,28.3229799],[76.8953413,28.3229459]]]}},{"type":"Feature","properties":{"v":"Kukrola","m":"37","k":"11","t":"Manesar","vc":"04138","area":4073.4,"lat":28.3226575,"lng":76.8950128},"geometry":{"type":"Polygon","coordinates":[[[76.8953413,28.3229459],[76.8946538,28.322912],[76.8946843,28.3223691],[76.8953717,28.322403],[76.8953413,28.3229459]]]}},{"type":"Feature","properties":{"v":"Kukrola","m":"37","k":"10","t":"Manesar","vc":"04138","area":4073.3,"lat":28.3232004,"lng":76.8949823},"geometry":{"type":"Polygon","coordinates":[[[76.8953413,28.3229459],[76.8953108,28.3234888],[76.8946233,28.3234548],[76.8946538,28.322912],[76.8953413,28.3229459]]]}},{"type":"Feature","properties":{"v":"Kukrola","m":"37","k":"9","t":"Manesar","vc":"04138","area":4073.4,"lat":28.3232343,"lng":76.8956698},"geometry":{"type":"Polygon","coordinates":[[[76.8953108,28.3234888],[76.8953413,28.3229459],[76.8960288,28.3229799],[76.8959983,28.3235227],[76.895878,28.3235168],[76.8953108,28.3234888]]]}},{"type":"Feature","properties":{"v":"Kukrola","m":"37","k":"8","t":"Manesar","vc":"04138","area":4072.8,"lat":28.3232683,"lng":76.8963573},"geometry":{"type":"Polygon","coordinates":[[[76.8959983,28.3235227],[76.8960288,28.3229799],[76.8967162,28.3230138],[76.8966858,28.3235567],[76.8962561,28.3235354],[76.8959983,28.3235227]]]}},{"type":"Feature","properties":{"v":"Kukrola","m":"37","k":"7","t":"Manesar","vc":"04138","area":4073.7,"lat":28.3233022,"lng":76.8970447},"geometry":{"type":"Polygon","coordinates":[[[76.8973733,28.3235906],[76.8966858,28.3235567],[76.8967162,28.3230138],[76.8969053,28.3230231],[76.8974037,28.3230477],[76.8973733,28.3235906]]]}},{"type":"Feature","properties":{"v":"Kukrola","m":"37","k":"6","t":"Manesar","vc":"04138","area":4073.3,"lat":28.3233361,"lng":76.8977322},"geometry":{"type":"Polygon","coordinates":[[[76.8973733,28.3235906],[76.8974037,28.3230477],[76.8980912,28.3230817],[76.8980608,28.3236245],[76.8973733,28.3235906]]]}},{"type":"Feature","properties":{"v":"Kukrola","m":"37","k":"5","t":"Manesar","vc":"04138","area":4073.7,"lat":28.323879,"lng":76.8977018},"geometry":{"type":"Polygon","coordinates":[[[76.8973733,28.3235906],[76.8980608,28.3236245],[76.8980303,28.3241674],[76.8973428,28.3241335],[76.8973733,28.3235906]]]}},{"type":"Feature","properties":{"v":"Kukrola","m":"37","k":"4","t":"Manesar","vc":"04138","area":4073.3,"lat":28.3238451,"lng":76.8970143},"geometry":{"type":"Polygon","coordinates":[[[76.8973733,28.3235906],[76.8973428,28.3241335],[76.8968272,28.324108],[76.8966553,28.3240995],[76.8966858,28.3235567],[76.8973733,28.3235906]]]}},{"type":"Feature","properties":{"v":"Kukrola","m":"37","k":"3/2","t":"Manesar","vc":"04138","area":2545.6,"lat":28.3238175,"lng":76.8964557},"geometry":{"type":"Polygon","coordinates":[[[76.8966858,28.3235567],[76.8966553,28.3240995],[76.8962257,28.3240783],[76.8962561,28.3235354],[76.8966858,28.3235567]]]}},{"type":"Feature","properties":{"v":"Kukrola","m":"37","k":"2/1","t":"Manesar","vc":"04138","area":3359.9,"lat":28.3237742,"lng":76.8955792},"geometry":{"type":"Polygon","coordinates":[[[76.8953108,28.3234888],[76.895878,28.3235168],[76.8958475,28.3240596],[76.8952804,28.3240316],[76.8953108,28.3234888]]]}},{"type":"Feature","properties":{"v":"Kukrola","m":"37","k":"1","t":"Manesar","vc":"04138","area":4073.2,"lat":28.3237432,"lng":76.8949518},"geometry":{"type":"Polygon","coordinates":[[[76.8953108,28.3234888],[76.8952804,28.3240316],[76.8945929,28.3239977],[76.8946115,28.3236659],[76.8946233,28.3234548],[76.8953108,28.3234888]]]}},{"type":"Feature","properties":{"v":"Kukrola","m":"38","k":"26","t":"Manesar","vc":"04138","area":101.8,"lat":28.3213892,"lng":76.8921084},"geometry":{"type":"Polygon","coordinates":[[[76.8921574,28.321437],[76.8920543,28.3214319],[76.8920593,28.3213415],[76.8921625,28.3213465],[76.8921574,28.321437]]]}},{"type":"Feature","properties":{"v":"Kukrola","m":"38","k":"25/1","t":"Manesar","vc":"04138","area":1060.9,"lat":28.3214073,"lng":76.8941925},"geometry":{"type":"Polygon","coordinates":[[[76.8940577,28.3212494],[76.8944874,28.3212706],[76.8940323,28.3217018],[76.8940577,28.3212494]]]}},{"type":"Feature","properties":{"v":"Kukrola","m":"38","k":"17/1","t":"Manesar","vc":"04138","area":1679.9,"lat":28.3221344,"lng":76.8938293},"geometry":{"type":"Polygon","coordinates":[[[76.8940272,28.3217923],[76.8939968,28.3223351],[76.893464,28.3223088],[76.8939929,28.3217906],[76.8940272,28.3217923]]]}},{"type":"Feature","properties":{"v":"Kukrola","m":"38","k":"18/2","t":"Manesar","vc":"04138","area":678.9,"lat":28.3217866,"lng":76.8929936},"geometry":{"type":"Polygon","coordinates":[[[76.8933398,28.3217583],[76.8933347,28.3218488],[76.8928706,28.3218259],[76.8926472,28.3218148],[76.8926523,28.3217244],[76.8933398,28.3217583]]]}},{"type":"Feature","properties":{"v":"Kukrola","m":"38","k":"18/1/2","t":"Manesar","vc":"04138","area":1103.1,"lat":28.3220465,"lng":76.8927462},"geometry":{"type":"Polygon","coordinates":[[[76.8926218,28.3222672],[76.8926472,28.3218148],[76.8928706,28.3218259],[76.8928452,28.3222783],[76.8926218,28.3222672]]]}},{"type":"Feature","properties":{"v":"Kukrola","m":"38","k":"20/2","t":"Manesar","vc":"04138","area":1629.5,"lat":28.3219346,"lng":76.8913996},"geometry":{"type":"Polygon","coordinates":[[[76.8912773,28.3216564],[76.8915523,28.32167],[76.8915219,28.3222129],[76.8912469,28.3221993],[76.8912773,28.3216564]]]}},{"type":"Feature","properties":{"v":"Kukrola","m":"38","k":"13/2","t":"Manesar","vc":"04138","area":591.2,"lat":28.3227264,"lng":76.8931418},"geometry":{"type":"Polygon","coordinates":[[[76.8932445,28.3228423],[76.8929179,28.3228262],[76.8932631,28.3225106],[76.8932445,28.3228423]]]}},{"type":"Feature","properties":{"v":"Kukrola","m":"38","k":"8/2","t":"Manesar","vc":"04138","area":424.4,"lat":28.3229062,"lng":76.8926806},"geometry":{"type":"Polygon","coordinates":[[[76.8925913,28.3228101],[76.8928747,28.3228241],[76.8925759,28.3230845],[76.8925913,28.3228101]]]}},{"type":"Feature","properties":{"v":"Kukrola","m":"38","k":"9/1","t":"Manesar","vc":"04138","area":265.3,"lat":28.3232751,"lng":76.8924923},"geometry":{"type":"Polygon","coordinates":[[[76.8925609,28.3233529],[76.8923426,28.3233421],[76.8925734,28.3231302],[76.8925609,28.3233529]]]}},{"type":"Feature","properties":{"v":"Kukrola","m":"38","k":"5/2","t":"Manesar","vc":"04138","area":1584.0,"lat":28.3235434,"lng":76.8942737},"geometry":{"type":"Polygon","coordinates":[[[76.8939358,28.3234209],[76.8946233,28.3234548],[76.8946115,28.3236659],[76.893924,28.323632],[76.8939358,28.3234209]]]}},{"type":"Feature","properties":{"v":"Kukrola","m":"38","k":"2/1","t":"Manesar","vc":"04138","area":1106.4,"lat":28.3234867,"lng":76.8920044},"geometry":{"type":"Polygon","coordinates":[[[76.8918734,28.323319],[76.8922936,28.3233397],[76.8918463,28.3238015],[76.8918734,28.323319]]]}},{"type":"Feature","properties":{"v":"Kukrola","m":"38","k":"13/1","t":"Manesar","vc":"04138","area":3176.6,"lat":28.3225102,"lng":76.8928969},"geometry":{"type":"Polygon","coordinates":[[[76.8933093,28.3223012],[76.8934107,28.3223062],[76.8928747,28.3228241],[76.8925913,28.3228101],[76.8926218,28.3222672],[76.8928452,28.3222783],[76.8933093,28.3223012]]]}},{"type":"Feature","properties":{"v":"Kukrola","m":"38","k":"25/2","t":"Manesar","vc":"04138","area":2749.3,"lat":28.3215924,"lng":76.8944712},"geometry":{"type":"Polygon","coordinates":[[[76.8940272,28.3217923],[76.8939929,28.3217906],[76.8945389,28.3212732],[76.8947452,28.3212834],[76.8947147,28.3218262],[76.8940272,28.3217923]]]}},{"type":"Feature","properties":{"v":"Kukrola","m":"38","k":"24","t":"Manesar","vc":"04138","area":4030.5,"lat":28.3215012,"lng":76.8936956},"geometry":{"type":"Polygon","coordinates":[[[76.8933398,28.3217583],[76.8933702,28.3212155],[76.8940577,28.3212494],[76.8940323,28.3217018],[76.8939413,28.321788],[76.8933398,28.3217583]]]}},{"type":"Feature","properties":{"v":"Kukrola","m":"38","k":"23","t":"Manesar","vc":"04138","area":4073.1,"lat":28.3214699,"lng":76.8930113},"geometry":{"type":"Polygon","coordinates":[[[76.8933398,28.3217583],[76.8926523,28.3217244],[76.8926828,28.3211815],[76.8933702,28.3212155],[76.8933398,28.3217583]]]}},{"type":"Feature","properties":{"v":"Kukrola","m":"38","k":"22","t":"Manesar","vc":"04138","area":3972.0,"lat":28.3214359,"lng":76.8923238},"geometry":{"type":"Polygon","coordinates":[[[76.8926523,28.3217244],[76.8919648,28.3216904],[76.8919953,28.3211475],[76.8920297,28.3211492],[76.8926828,28.3211815],[76.8926523,28.3217244]],[[76.8921574,28.321437],[76.8921625,28.3213465],[76.8920593,28.3213415],[76.8920543,28.3214319],[76.8921574,28.321437]]]}},{"type":"Feature","properties":{"v":"Kukrola","m":"38","k":"21","t":"Manesar","vc":"04138","area":4073.4,"lat":28.321402,"lng":76.8916363},"geometry":{"type":"Polygon","coordinates":[[[76.8919648,28.3216904],[76.8915523,28.32167],[76.8912773,28.3216564],[76.8912824,28.3215659],[76.8913078,28.3211136],[76.8919953,28.3211475],[76.8919648,28.3216904]]]}},{"type":"Feature","properties":{"v":"Kukrola","m":"38","k":"20/1","t":"Manesar","vc":"04138","area":2443.7,"lat":28.3219516,"lng":76.8917433},"geometry":{"type":"Polygon","coordinates":[[[76.8919343,28.3222332],[76.8915219,28.3222129],[76.8915523,28.32167],[76.8919648,28.3216904],[76.8919343,28.3222332]]]}},{"type":"Feature","properties":{"v":"Kukrola","m":"38","k":"19","t":"Manesar","vc":"04138","area":4073.0,"lat":28.3219788,"lng":76.8922933},"geometry":{"type":"Polygon","coordinates":[[[76.8926218,28.3222672],[76.8919343,28.3222332],[76.8919648,28.3216904],[76.8926523,28.3217244],[76.8926472,28.3218148],[76.8926218,28.3222672]]]}},{"type":"Feature","properties":{"v":"Kukrola","m":"38","k":"18/1/1","t":"Manesar","vc":"04138","area":2291.6,"lat":28.3220635,"lng":76.8930899},"geometry":{"type":"Polygon","coordinates":[[[76.8933093,28.3223012],[76.8928452,28.3222783],[76.8928706,28.3218259],[76.8933347,28.3218488],[76.8933093,28.3223012]]]}},{"type":"Feature","properties":{"v":"Kukrola","m":"38","k":"17/2","t":"Manesar","vc":"04138","area":2082.5,"lat":28.3219755,"lng":76.8935335},"geometry":{"type":"Polygon","coordinates":[[[76.8933093,28.3223012],[76.8933347,28.3218488],[76.8933398,28.3217583],[76.8939413,28.321788],[76.8934107,28.3223062],[76.8933093,28.3223012]]]}},{"type":"Feature","properties":{"v":"Kukrola","m":"38","k":"16","t":"Manesar","vc":"04138","area":4073.3,"lat":28.3220807,"lng":76.8943558},"geometry":{"type":"Polygon","coordinates":[[[76.8939968,28.3223351],[76.8940272,28.3217923],[76.8947147,28.3218262],[76.8946843,28.3223691],[76.8939968,28.3223351]]]}},{"type":"Feature","properties":{"v":"Kukrola","m":"38","k":"15","t":"Manesar","vc":"04138","area":4073.8,"lat":28.3226235,"lng":76.8943253},"geometry":{"type":"Polygon","coordinates":[[[76.8939968,28.3223351],[76.8946843,28.3223691],[76.8946538,28.322912],[76.8939663,28.322878],[76.8939968,28.3223351]]]}},{"type":"Feature","properties":{"v":"Kukrola","m":"38","k":"14","t":"Manesar","vc":"04138","area":3930.9,"lat":28.3225979,"lng":76.893648},"geometry":{"type":"Polygon","coordinates":[[[76.8932788,28.322844],[76.8932998,28.3224701],[76.893464,28.3223088],[76.8939968,28.3223351],[76.8939663,28.322878],[76.8932788,28.322844]]]}},{"type":"Feature","properties":{"v":"Kukrola","m":"38","k":"12","t":"Manesar","vc":"04138","area":4073.5,"lat":28.3225216,"lng":76.8922628},"geometry":{"type":"Polygon","coordinates":[[[76.8919343,28.3222332],[76.8926218,28.3222672],[76.8925913,28.3228101],[76.8919039,28.3227761],[76.8919343,28.3222332]]]}},{"type":"Feature","properties":{"v":"Kukrola","m":"38","k":"11","t":"Manesar","vc":"04138","area":4210.8,"lat":28.3224715,"lng":76.8915612},"geometry":{"type":"Polygon","coordinates":[[[76.8911129,28.3221927],[76.8912469,28.3221993],[76.8915219,28.3222129],[76.8919343,28.3222332],[76.8919039,28.3227761],[76.8913143,28.322747],[76.8911278,28.3222584],[76.8911025,28.3221921],[76.8911129,28.3221927]]]}},{"type":"Feature","properties":{"v":"Kukrola","m":"38","k":"10","t":"Manesar","vc":"04138","area":3214.2,"lat":28.3230316,"lng":76.8916169},"geometry":{"type":"Polygon","coordinates":[[[76.8919039,28.3227761],[76.8918734,28.323319],[76.891399,28.3232955],[76.8912987,28.3231282],[76.8913848,28.3229104],[76.8913143,28.322747],[76.8919039,28.3227761]]]}},{"type":"Feature","properties":{"v":"Kukrola","m":"38","k":"9/2","t":"Manesar","vc":"04138","area":3681.3,"lat":28.3230438,"lng":76.8922064},"geometry":{"type":"Polygon","coordinates":[[[76.8918734,28.323319],[76.8919039,28.3227761],[76.8925913,28.3228101],[76.8925759,28.3230845],[76.8922936,28.3233397],[76.8918734,28.323319]]]}},{"type":"Feature","properties":{"v":"Kukrola","m":"38","k":"8/1","t":"Manesar","vc":"04138","area":3299.2,"lat":28.323128,"lng":76.8929387},"geometry":{"type":"Polygon","coordinates":[[[76.8925609,28.3233529],[76.8925734,28.3231302],[76.8929179,28.3228262],[76.8932445,28.3228423],[76.893214,28.3233852],[76.8925609,28.3233529]]]}},{"type":"Feature","properties":{"v":"Kukrola","m":"38","k":"7","t":"Manesar","vc":"04138","area":4073.4,"lat":28.3231324,"lng":76.8936073},"geometry":{"type":"Polygon","coordinates":[[[76.8932484,28.3233869],[76.8932788,28.322844],[76.8939663,28.322878],[76.8939358,28.3234209],[76.8932484,28.3233869]]]}},{"type":"Feature","properties":{"v":"Kukrola","m":"38","k":"6","t":"Manesar","vc":"04138","area":4073.3,"lat":28.3231664,"lng":76.8942948},"geometry":{"type":"Polygon","coordinates":[[[76.8939358,28.3234209],[76.8939663,28.322878],[76.8946538,28.322912],[76.8946233,28.3234548],[76.8939358,28.3234209]]]}},{"type":"Feature","properties":{"v":"Kukrola","m":"38","k":"5/1","t":"Manesar","vc":"04138","area":2489.3,"lat":28.3238148,"lng":76.8942585},"geometry":{"type":"Polygon","coordinates":[[[76.8939054,28.3239637],[76.893924,28.323632],[76.8946115,28.3236659],[76.8945929,28.3239977],[76.8939054,28.3239637]]]}},{"type":"Feature","properties":{"v":"Kukrola","m":"38","k":"4","t":"Manesar","vc":"04138","area":4072.7,"lat":28.3236753,"lng":76.8935769},"geometry":{"type":"Polygon","coordinates":[[[76.8932484,28.3233869],[76.8939358,28.3234209],[76.893924,28.323632],[76.8939054,28.3239637],[76.8932179,28.3239297],[76.8932484,28.3233869]]]}},{"type":"Feature","properties":{"v":"Kukrola","m":"38","k":"3","t":"Manesar","vc":"04138","area":3869.9,"lat":28.3236405,"lng":76.8928722},"geometry":{"type":"Polygon","coordinates":[[[76.8925609,28.3233529],[76.893214,28.3233852],[76.8931835,28.3239281],[76.8925304,28.3238958],[76.8925609,28.3233529]]]}},{"type":"Feature","properties":{"v":"Kukrola","m":"38","k":"2/2","t":"Manesar","vc":"04138","area":2683.6,"lat":28.323659,"lng":76.8922963},"geometry":{"type":"Polygon","coordinates":[[[76.8925609,28.3233529],[76.8925304,28.3238958],[76.8918429,28.3238618],[76.8923426,28.3233421],[76.8925609,28.3233529]]]}},{"type":"Feature","properties":{"v":"Kukrola","m":"38","k":"1","t":"Manesar","vc":"04138","area":1637.9,"lat":28.323516,"lng":76.8916981},"geometry":{"type":"Polygon","coordinates":[[[76.8918734,28.323319],[76.8918463,28.3238015],[76.8917865,28.323859],[76.89177,28.3238749],[76.891399,28.3232955],[76.8918734,28.323319]]]}},{"type":"Feature","properties":{"v":"Kukrola","m":"39","k":"16","t":"Manesar","vc":"04138","area":1143.5,"lat":28.3219207,"lng":76.8911634},"geometry":{"type":"Polygon","coordinates":[[[76.8910547,28.3216454],[76.8912773,28.3216564],[76.8912469,28.3221993],[76.8911129,28.3221927],[76.8911025,28.3221921],[76.8910155,28.3219783],[76.891067,28.3218951],[76.8911301,28.321793],[76.8910961,28.3217436],[76.8910871,28.3217305],[76.8910278,28.3216441],[76.8910547,28.3216454]]]}},{"type":"Feature","properties":{"v":"Kukrola","m":"39","k":"25/1","t":"Manesar","vc":"04138","area":282.0,"lat":28.3216022,"lng":76.8911365},"geometry":{"type":"Polygon","coordinates":[[[76.8910069,28.3215523],[76.8912824,28.3215659],[76.8912773,28.3216564],[76.8910547,28.3216454],[76.8910278,28.3216441],[76.890961,28.3215501],[76.8910069,28.3215523]]]}},{"type":"Feature","properties":{"v":"Kukrola","m":"39","k":"25/2","t":"Manesar","vc":"04138","area":2346.6,"lat":28.3213032,"lng":76.8910505},"geometry":{"type":"Polygon","coordinates":[[[76.8907318,28.3210851],[76.8913078,28.3211136],[76.8912824,28.3215659],[76.8910069,28.3215523],[76.890961,28.3215501],[76.8907355,28.3211765],[76.8907273,28.3211628],[76.8906779,28.3210824],[76.8907318,28.3210851]]]}},{"type":"Feature","properties":{"v":"Kukrola","m":"40","k":"17","t":"Manesar","vc":"04138","area":424.2,"lat":28.3193922,"lng":76.8905428},"geometry":{"type":"Polygon","coordinates":[[[76.8907173,28.3193522],[76.8907118,28.319451],[76.8903764,28.3194344],[76.8901962,28.3194255],[76.8906267,28.3193226],[76.8907203,28.3193002],[76.8907173,28.3193522]]]}},{"type":"Feature","properties":{"v":"Kukrola","m":"40","k":"4/1","t":"Manesar","vc":"04138","area":196.6,"lat":28.3205654,"lng":76.8904653},"geometry":{"type":"Polygon","coordinates":[[[76.8904261,28.3205256],[76.8904303,28.3205258],[76.8906508,28.3205367],[76.8904773,28.3206107],[76.8904119,28.3206386],[76.8903966,28.3206157],[76.8903652,28.3205689],[76.8903331,28.320521],[76.8904261,28.3205256]]]}},{"type":"Feature","properties":{"v":"Kukrola","m":"40","k":"4/2","t":"Manesar","vc":"04138","area":509.7,"lat":28.320761,"lng":76.8905668},"geometry":{"type":"Polygon","coordinates":[[[76.8906306,28.3208965],[76.8906237,28.3210193],[76.8904285,28.3206816],[76.8904983,28.32065],[76.8906483,28.320582],[76.8906306,28.3208965]]]}},{"type":"Feature","properties":{"v":"Kukrola","m":"40","k":"16","t":"Manesar","vc":"04138","area":1967.2,"lat":28.3193298,"lng":76.8911175},"geometry":{"type":"Polygon","coordinates":[[[76.8914173,28.319164],[76.8913992,28.319485],[76.8907118,28.319451],[76.8907173,28.3193522],[76.8907203,28.3193002],[76.8907733,28.3192886],[76.8909561,28.3192487],[76.8914213,28.3190929],[76.8914173,28.319164]]]}},{"type":"Feature","properties":{"v":"Kukrola","m":"40","k":"15","t":"Manesar","vc":"04138","area":4073.5,"lat":28.3197395,"lng":76.8910403},"geometry":{"type":"Polygon","coordinates":[[[76.8906813,28.3199939],[76.8907118,28.319451],[76.8913992,28.319485],[76.8913688,28.3200279],[76.8906813,28.3199939]]]}},{"type":"Feature","properties":{"v":"Kukrola","m":"40","k":"14","t":"Manesar","vc":"04138","area":4071.2,"lat":28.3196961,"lng":76.8903504},"geometry":{"type":"Polygon","coordinates":[[[76.8903764,28.3194344],[76.8907118,28.319451],[76.8906813,28.3199939],[76.8901755,28.3199689],[76.890097,28.319965],[76.8899262,28.3195194],[76.8899101,28.3194772],[76.8899219,28.3194751],[76.8899921,28.3194624],[76.8900932,28.3194441],[76.8901962,28.3194255],[76.8903764,28.3194344]]]}},{"type":"Feature","properties":{"v":"Kukrola","m":"40","k":"7","t":"Manesar","vc":"04138","area":2745.4,"lat":28.3202283,"lng":76.8904297},"geometry":{"type":"Polygon","coordinates":[[[76.8901755,28.3199689],[76.8906813,28.3199939],[76.8906508,28.3205367],[76.8904303,28.3205258],[76.8904261,28.3205256],[76.8903331,28.320521],[76.8902302,28.3203359],[76.8901349,28.3200705],[76.890097,28.319965],[76.8901755,28.3199689]]]}},{"type":"Feature","properties":{"v":"Kukrola","m":"40","k":"6","t":"Manesar","vc":"04138","area":4073.1,"lat":28.3202823,"lng":76.8910098},"geometry":{"type":"Polygon","coordinates":[[[76.8906813,28.3199939],[76.8913688,28.3200279],[76.8913383,28.3205707],[76.8906508,28.3205367],[76.8906813,28.3199939]]]}},{"type":"Feature","properties":{"v":"Kukrola","m":"40","k":"5","t":"Manesar","vc":"04138","area":3715.2,"lat":28.3208467,"lng":76.8909798},"geometry":{"type":"Polygon","coordinates":[[[76.8913358,28.3206159],[76.8913115,28.3210472],[76.8913078,28.3211136],[76.8907318,28.3210851],[76.8906779,28.3210824],[76.8906237,28.3210193],[76.8906306,28.3208965],[76.8906483,28.320582],[76.8913358,28.3206159]]]}},{"type":"Feature","properties":{"v":"Kukrola","m":"0","k":"52","t":"Manesar","vc":"04138","area":2863.0,"lat":28.3206348,"lng":76.8926182},"geometry":{"type":"Polygon","coordinates":[[[76.8920297,28.3211492],[76.8919953,28.3211475],[76.8919995,28.3210721],[76.8920232,28.3206499],[76.8913358,28.3206159],[76.8906483,28.320582],[76.8904983,28.32065],[76.8904285,28.3206816],[76.8904119,28.3206386],[76.8904773,28.3206107],[76.8906508,28.3205367],[76.8913383,28.3205707],[76.8913688,28.3200279],[76.8914031,28.3200296],[76.8913727,28.3205724],[76.8920258,28.3206047],[76.8925757,28.3206319],[76.8927132,28.3206386],[76.892782,28.320642],[76.8933663,28.3206709],[76.8933968,28.3201281],[76.8934312,28.3201298],[76.8934007,28.3206726],[76.8940882,28.3207066],[76.8947756,28.3207405],[76.8950334,28.3207533],[76.8949793,28.320796],[76.8947731,28.3207858],[76.8940856,28.3207518],[76.8933982,28.3207178],[76.8927107,28.3206839],[76.8920576,28.3206516],[76.8920297,28.3211492]]]}},{"type":"Feature","properties":{"v":"Kukrola","m":"41","k":"21","t":"Manesar","vc":"04138","area":339.4,"lat":28.3189102,"lng":76.892006},"geometry":{"type":"Polygon","coordinates":[[[76.8921234,28.3188651],[76.8921172,28.3189761],[76.8918854,28.3189647],[76.8917734,28.3189591],[76.891921,28.3188908],[76.8921273,28.3187952],[76.8921234,28.3188651]]]}},{"type":"Feature","properties":{"v":"Kukrola","m":"41","k":"18/1","t":"Manesar","vc":"04138","area":1357.8,"lat":28.3194794,"lng":76.893123},"geometry":{"type":"Polygon","coordinates":[[[76.8934616,28.3195869],[76.8927742,28.3195529],[76.8927809,28.3194323],[76.8927843,28.319372],[76.8934718,28.3194059],[76.8934616,28.3195869]]]}},{"type":"Feature","properties":{"v":"Kukrola","m":"41","k":"16/1","t":"Manesar","vc":"04138","area":792.0,"lat":28.3195851,"lng":76.8944957},"geometry":{"type":"Polygon","coordinates":[[[76.8941491,28.3196209],[76.894155,28.3195153],[76.8948425,28.3195493],[76.8948366,28.3196548],[76.8941491,28.3196209]]]}},{"type":"Feature","properties":{"v":"Kukrola","m":"41","k":"28","t":"Manesar","vc":"04138","area":54.8,"lat":28.3196935,"lng":76.8933742},"geometry":{"type":"Polygon","coordinates":[[[76.8933345,28.3197248],[76.8933383,28.3196584],[76.8934139,28.3196622],[76.8934102,28.3197285],[76.8933345,28.3197248]]]}},{"type":"Feature","properties":{"v":"Kukrola","m":"41","k":"12/1","t":"Manesar","vc":"04138","area":1470.8,"lat":28.3199808,"lng":76.8924054},"geometry":{"type":"Polygon","coordinates":[[[76.8920562,28.3200618],[76.8920672,28.3198658],[76.8927547,28.3198998],[76.8927437,28.3200958],[76.8926062,28.320089],[76.8920562,28.3200618]]]}},{"type":"Feature","properties":{"v":"Kukrola","m":"41","k":"9/1","t":"Manesar","vc":"04138","area":814.7,"lat":28.3203638,"lng":76.8926597},"geometry":{"type":"Polygon","coordinates":[[[76.8927437,28.3200958],[76.8927132,28.3206386],[76.8925757,28.3206319],[76.8926062,28.320089],[76.8927437,28.3200958]]]}},{"type":"Feature","properties":{"v":"Kukrola","m":"41","k":"8/2","t":"Manesar","vc":"04138","area":407.3,"lat":28.320369,"lng":76.8927628},"geometry":{"type":"Polygon","coordinates":[[[76.8927437,28.3200958],[76.8928124,28.3200992],[76.892782,28.320642],[76.8927132,28.3206386],[76.8927437,28.3200958]]]}},{"type":"Feature","properties":{"v":"Kukrola","m":"41","k":"5/1","t":"Manesar","vc":"04138","area":247.0,"lat":28.3212069,"lng":76.8946805},"geometry":{"type":"Polygon","coordinates":[[[76.8947452,28.3212834],[76.8945389,28.3212732],[76.8947575,28.321064],[76.8947452,28.3212834]]]}},{"type":"Feature","properties":{"v":"Kukrola","m":"41","k":"1/1","t":"Manesar","vc":"04138","area":532.0,"lat":28.3210954,"lng":76.8916608},"geometry":{"type":"Polygon","coordinates":[[[76.8919953,28.3211475],[76.8913078,28.3211136],[76.8913115,28.3210472],[76.8919995,28.3210721],[76.8919953,28.3211475]]]}},{"type":"Feature","properties":{"v":"Kukrola","m":"41","k":"27","t":"Manesar","vc":"04138","area":45.3,"lat":28.3199457,"lng":76.8914774},"geometry":{"type":"Polygon","coordinates":[[[76.8914447,28.3199138],[76.8915135,28.3199172],[76.8915101,28.3199775],[76.8914413,28.3199741],[76.8914447,28.3199138]]]}},{"type":"Feature","properties":{"v":"Kukrola","m":"41","k":"26","t":"Manesar","vc":"04138","area":101.8,"lat":28.3208712,"lng":76.8928616},"geometry":{"type":"Polygon","coordinates":[[[76.8928135,28.3209195],[76.8928067,28.3208291],[76.8929097,28.320823],[76.8929165,28.3209134],[76.8928135,28.3209195]]]}},{"type":"Feature","properties":{"v":"Kukrola","m":"41","k":"13","t":"Manesar","vc":"04138","area":4018.8,"lat":28.3198414,"lng":76.8931027},"geometry":{"type":"Polygon","coordinates":[[[76.8927547,28.3198998],[76.8927742,28.3195529],[76.8934616,28.3195869],[76.8934312,28.3201298],[76.8933968,28.3201281],[76.8928124,28.3200992],[76.8927437,28.3200958],[76.8927547,28.3198998]],[[76.8933345,28.3197248],[76.8934102,28.3197285],[76.8934139,28.3196622],[76.8933383,28.3196584],[76.8933345,28.3197248]]]}},{"type":"Feature","properties":{"v":"Kukrola","m":"41","k":"25","t":"Manesar","vc":"04138","area":4073.6,"lat":28.3188235,"lng":76.8945385},"geometry":{"type":"Polygon","coordinates":[[[76.8941796,28.319078],[76.89421,28.3185351],[76.8948975,28.3185691],[76.894867,28.319112],[76.8941796,28.319078]]]}},{"type":"Feature","properties":{"v":"Kukrola","m":"41","k":"24","t":"Manesar","vc":"04138","area":4073.4,"lat":28.3187896,"lng":76.8938511},"geometry":{"type":"Polygon","coordinates":[[[76.8934921,28.319044],[76.8935226,28.3185012],[76.89421,28.3185351],[76.8941796,28.319078],[76.8939561,28.319067],[76.8934921,28.319044]]]}},{"type":"Feature","properties":{"v":"Kukrola","m":"41","k":"23","t":"Manesar","vc":"04138","area":3884.2,"lat":28.3187676,"lng":76.8931748},"geometry":{"type":"Polygon","coordinates":[[[76.8932462,28.3184875],[76.8935226,28.3185012],[76.8934921,28.319044],[76.8928046,28.3190101],[76.8928252,28.3186443],[76.8928287,28.3185818],[76.8928772,28.3185666],[76.8931362,28.3184821],[76.8932462,28.3184875]]]}},{"type":"Feature","properties":{"v":"Kukrola","m":"41","k":"22","t":"Manesar","vc":"04138","area":2285.7,"lat":28.3188347,"lng":76.8925165},"geometry":{"type":"Polygon","coordinates":[[[76.8928252,28.3186443],[76.8928046,28.3190101],[76.8921172,28.3189761],[76.8921234,28.3188651],[76.8921273,28.3187952],[76.8921342,28.3187931],[76.8928145,28.3185861],[76.8928287,28.3185818],[76.8928252,28.3186443]]]}},{"type":"Feature","properties":{"v":"Kukrola","m":"41","k":"20","t":"Manesar","vc":"04138","area":3790.8,"lat":28.3192479,"lng":76.8917744},"geometry":{"type":"Polygon","coordinates":[[[76.8918854,28.3189647],[76.8921172,28.3189761],[76.8920935,28.3193983],[76.8920867,28.319519],[76.8913992,28.319485],[76.8914173,28.319164],[76.8914213,28.3190929],[76.8914536,28.3190806],[76.8917734,28.3189591],[76.8918854,28.3189647]]]}},{"type":"Feature","properties":{"v":"Kukrola","m":"41","k":"19/2","t":"Manesar","vc":"04138","area":3167.7,"lat":28.3192042,"lng":76.8924491},"geometry":{"type":"Polygon","coordinates":[[[76.8927843,28.319372],[76.8927809,28.3194323],[76.8920935,28.3193983],[76.8921172,28.3189761],[76.8928046,28.3190101],[76.8927843,28.319372]]]}},{"type":"Feature","properties":{"v":"Kukrola","m":"41","k":"18/2","t":"Manesar","vc":"04138","area":2715.6,"lat":28.319208,"lng":76.8931382},"geometry":{"type":"Polygon","coordinates":[[[76.8928046,28.3190101],[76.8934921,28.319044],[76.8934777,28.3193004],[76.8934718,28.3194059],[76.8927843,28.319372],[76.8928046,28.3190101]]]}},{"type":"Feature","properties":{"v":"Kukrola","m":"41","k":"17/1","t":"Manesar","vc":"04138","area":3160.0,"lat":28.3193675,"lng":76.8937679},"geometry":{"type":"Polygon","coordinates":[[[76.8934921,28.319044],[76.8939561,28.319067],[76.8937355,28.3193131],[76.8941652,28.3193343],[76.894155,28.3195153],[76.8941491,28.3196209],[76.8934616,28.3195869],[76.8934718,28.3194059],[76.8934777,28.3193004],[76.8934921,28.319044]]]}},{"type":"Feature","properties":{"v":"Kukrola","m":"41","k":"16/2","t":"Manesar","vc":"04138","area":3281.2,"lat":28.3193137,"lng":76.894511},"geometry":{"type":"Polygon","coordinates":[[[76.8941796,28.319078],[76.894867,28.319112],[76.8948425,28.3195493],[76.894155,28.3195153],[76.8941652,28.3193343],[76.8941796,28.319078]]]}},{"type":"Feature","properties":{"v":"Kukrola","m":"41","k":"15","t":"Manesar","vc":"04138","area":4073.5,"lat":28.3199093,"lng":76.8944776},"geometry":{"type":"Polygon","coordinates":[[[76.8941186,28.3201637],[76.8941491,28.3196209],[76.8948366,28.3196548],[76.8948061,28.3201977],[76.8941186,28.3201637]]]}},{"type":"Feature","properties":{"v":"Kukrola","m":"41","k":"14","t":"Manesar","vc":"04138","area":4073.1,"lat":28.3198753,"lng":76.8937901},"geometry":{"type":"Polygon","coordinates":[[[76.8941186,28.3201637],[76.8934312,28.3201298],[76.8934616,28.3195869],[76.8941491,28.3196209],[76.8941186,28.3201637]]]}},{"type":"Feature","properties":{"v":"Kukrola","m":"41","k":"12/2","t":"Manesar","vc":"04138","area":2602.7,"lat":28.3197094,"lng":76.8924207},"geometry":{"type":"Polygon","coordinates":[[[76.8927742,28.3195529],[76.8927547,28.3198998],[76.8920672,28.3198658],[76.8920867,28.319519],[76.8927742,28.3195529]]]}},{"type":"Feature","properties":{"v":"Kukrola","m":"41","k":"11","t":"Manesar","vc":"04138","area":4027.9,"lat":28.3197734,"lng":76.8917277},"geometry":{"type":"Polygon","coordinates":[[[76.8920672,28.3198658],[76.8920562,28.3200618],[76.8914031,28.3200296],[76.8913688,28.3200279],[76.8913992,28.319485],[76.8920867,28.319519],[76.8920672,28.3198658]],[[76.8914447,28.3199138],[76.8914413,28.3199741],[76.8915101,28.3199775],[76.8915135,28.3199172],[76.8914447,28.3199138]]]}},{"type":"Feature","properties":{"v":"Kukrola","m":"41","k":"10","t":"Manesar","vc":"04138","area":3869.6,"lat":28.3203171,"lng":76.8917145},"geometry":{"type":"Polygon","coordinates":[[[76.8920258,28.3206047],[76.8913727,28.3205724],[76.8914031,28.3200296],[76.8920562,28.3200618],[76.8920258,28.3206047]]]}},{"type":"Feature","properties":{"v":"Kukrola","m":"41","k":"9/2","t":"Manesar","vc":"04138","area":3258.8,"lat":28.3203468,"lng":76.892316},"geometry":{"type":"Polygon","coordinates":[[[76.8920562,28.3200618],[76.8926062,28.320089],[76.8925757,28.3206319],[76.8920258,28.3206047],[76.8920562,28.3200618]]]}},{"type":"Feature","properties":{"v":"Kukrola","m":"41","k":"8/1","t":"Manesar","vc":"04138","area":3462.0,"lat":28.320385,"lng":76.8930894},"geometry":{"type":"Polygon","coordinates":[[[76.892782,28.320642],[76.8928124,28.3200992],[76.8933968,28.3201281],[76.8933663,28.3206709],[76.892782,28.320642]]]}},{"type":"Feature","properties":{"v":"Kukrola","m":"41","k":"7","t":"Manesar","vc":"04138","area":4073.1,"lat":28.3204182,"lng":76.8937597},"geometry":{"type":"Polygon","coordinates":[[[76.8941186,28.3201637],[76.8940882,28.3207066],[76.8934007,28.3206726],[76.8934312,28.3201298],[76.8941186,28.3201637]]]}},{"type":"Feature","properties":{"v":"Kukrola","m":"41","k":"6","t":"Manesar","vc":"04138","area":4073.1,"lat":28.3204521,"lng":76.8944471},"geometry":{"type":"Polygon","coordinates":[[[76.8940882,28.3207066],[76.8941186,28.3201637],[76.8948061,28.3201977],[76.8948027,28.320258],[76.8947756,28.3207405],[76.8940882,28.3207066]]]}},{"type":"Feature","properties":{"v":"Kukrola","m":"41","k":"5/2","t":"Manesar","vc":"04138","area":3351.8,"lat":28.3209981,"lng":76.894387},"geometry":{"type":"Polygon","coordinates":[[[76.8940577,28.3212494],[76.8940856,28.3207518],[76.8947731,28.3207858],[76.8947604,28.321012],[76.8944874,28.3212706],[76.8940577,28.3212494]]]}},{"type":"Feature","properties":{"v":"Kukrola","m":"41","k":"4","t":"Manesar","vc":"04138","area":3734.0,"lat":28.3209836,"lng":76.8937279},"geometry":{"type":"Polygon","coordinates":[[[76.8940577,28.3212494],[76.8933702,28.3212155],[76.8933982,28.3207178],[76.8940856,28.3207518],[76.8940577,28.3212494]]]}},{"type":"Feature","properties":{"v":"Kukrola","m":"41","k":"3","t":"Manesar","vc":"04138","area":3632.2,"lat":28.3209497,"lng":76.8930405},"geometry":{"type":"Polygon","coordinates":[[[76.8933702,28.3212155],[76.8926828,28.3211815],[76.8927107,28.3206839],[76.8933982,28.3207178],[76.8933702,28.3212155]],[[76.8928135,28.3209195],[76.8929165,28.3209134],[76.8929097,28.320823],[76.8928067,28.3208291],[76.8928135,28.3209195]]]}},{"type":"Feature","properties":{"v":"Kukrola","m":"41","k":"2","t":"Manesar","vc":"04138","area":3547.0,"lat":28.3209166,"lng":76.8923702},"geometry":{"type":"Polygon","coordinates":[[[76.8926828,28.3211815],[76.8920297,28.3211492],[76.8920576,28.3206516],[76.8927107,28.3206839],[76.8926828,28.3211815]]]}},{"type":"Feature","properties":{"v":"Kukrola","m":"41","k":"1/2","t":"Manesar","vc":"04138","area":3202.0,"lat":28.3208462,"lng":76.8916663},"geometry":{"type":"Polygon","coordinates":[[[76.8913115,28.3210472],[76.8913358,28.3206159],[76.8920232,28.3206499],[76.8919995,28.3210721],[76.8913115,28.3210472]]]}},{"type":"Feature","properties":{"v":"Kukrola","m":"0","k":"51","t":"Manesar","vc":"04138","area":3927.7,"lat":28.3204276,"lng":76.895316},"geometry":{"type":"Polygon","coordinates":[[[76.8918429,28.3238618],[76.8918024,28.3239104],[76.89177,28.3238749],[76.8917865,28.323859],[76.8918463,28.3238015],[76.8922936,28.3233397],[76.8925759,28.3230845],[76.8928747,28.3228241],[76.8934107,28.3223062],[76.8939413,28.321788],[76.8940323,28.3217018],[76.8944874,28.3212706],[76.8947604,28.321012],[76.8949793,28.320796],[76.8950334,28.3207533],[76.8954042,28.3202848],[76.8954481,28.3202294],[76.8954961,28.3201864],[76.895674,28.3200011],[76.8958405,28.3198278],[76.8959537,28.31971],[76.8964482,28.31919],[76.8969134,28.3186687],[76.8969628,28.3186183],[76.8973593,28.3181463],[76.8977082,28.3176192],[76.8983558,28.3171493],[76.8984071,28.3171093],[76.8986917,28.3168921],[76.8987242,28.3169275],[76.8986449,28.316985],[76.8984108,28.3171546],[76.8981779,28.3173234],[76.8979928,28.3174576],[76.8978209,28.3175822],[76.8977052,28.3176718],[76.8976366,28.3177743],[76.897401,28.3181484],[76.8969598,28.3186709],[76.8964997,28.3191926],[76.8960009,28.3197123],[76.8958658,28.3198507],[76.8956983,28.320022],[76.8954936,28.3202316],[76.895085,28.3207558],[76.8947575,28.321064],[76.8945389,28.3212732],[76.8939929,28.3217906],[76.893464,28.3223088],[76.8932998,28.3224701],[76.8932631,28.3225106],[76.8929179,28.3228262],[76.8925734,28.3231302],[76.8923426,28.3233421],[76.8918429,28.3238618]]]}},{"type":"Feature","properties":{"v":"Kukrola","m":"42","k":"25/3","t":"Manesar","vc":"04138","area":1475.3,"lat":28.3189445,"lng":76.8980552},"geometry":{"type":"Polygon","coordinates":[[[76.8979591,28.3191769],[76.8977544,28.3189453],[76.8982625,28.3186866],[76.8982662,28.3190117],[76.8979591,28.3191769]]]}},{"type":"Feature","properties":{"v":"Kukrola","m":"42","k":"25/2","t":"Manesar","vc":"04138","area":756.4,"lat":28.3191857,"lng":76.8981134},"geometry":{"type":"Polygon","coordinates":[[[76.8977371,28.3192537],[76.8979591,28.3191769],[76.8982662,28.3190117],[76.8983043,28.3192817],[76.8977371,28.3192537]]]}},{"type":"Feature","properties":{"v":"Kukrola","m":"42","k":"24/2","t":"Manesar","vc":"04138","area":1527.3,"lat":28.3189668,"lng":76.8974405},"geometry":{"type":"Polygon","coordinates":[[[76.8972963,28.3192319],[76.8973268,28.3186891],[76.8975846,28.3187018],[76.8975541,28.3192446],[76.8972963,28.3192319]]]}},{"type":"Feature","properties":{"v":"Kukrola","m":"42","k":"23/2","t":"Manesar","vc":"04138","area":1273.1,"lat":28.3190258,"lng":76.8967963},"geometry":{"type":"Polygon","coordinates":[[[76.8969294,28.3192138],[76.8964997,28.3191926],[76.8969598,28.3186709],[76.8969294,28.3192138]]]}},{"type":"Feature","properties":{"v":"Kukrola","m":"42","k":"15/3","t":"Manesar","vc":"04138","area":475.3,"lat":28.3199256,"lng":76.8981763},"geometry":{"type":"Polygon","coordinates":[[[76.8982739,28.3198245],[76.8982561,28.3201412],[76.8979989,28.319811],[76.8980418,28.3198131],[76.8982739,28.3198245]]]}},{"type":"Feature","properties":{"v":"Kukrola","m":"42","k":"15/2","t":"Manesar","vc":"04138","area":1714.2,"lat":28.3200908,"lng":76.8980382},"geometry":{"type":"Polygon","coordinates":[[[76.8982434,28.3203674],[76.8980028,28.3203555],[76.8977754,28.3197999],[76.8979989,28.319811],[76.8982561,28.3201412],[76.8982434,28.3203674]]]}},{"type":"Feature","properties":{"v":"Kukrola","m":"42","k":"12/3/3","t":"Manesar","vc":"04138","area":601.6,"lat":28.3198798,"lng":76.8961202},"geometry":{"type":"Polygon","coordinates":[[[76.8962115,28.3197227],[76.8961912,28.3200846],[76.8960239,28.3199935],[76.8960396,28.3197142],[76.8962115,28.3197227]]]}},{"type":"Feature","properties":{"v":"Kukrola","m":"42","k":"12/1/2","t":"Manesar","vc":"04138","area":663.5,"lat":28.3198214,"lng":76.8956606},"geometry":{"type":"Polygon","coordinates":[[[76.8955164,28.3198245],[76.895524,28.3196888],[76.8956959,28.3196973],[76.8958405,28.3198278],[76.895674,28.3200011],[76.8955164,28.3198245]]]}},{"type":"Feature","properties":{"v":"Kukrola","m":"42","k":"10/1","t":"Manesar","vc":"04138","area":1120.2,"lat":28.3205873,"lng":76.8953472},"geometry":{"type":"Polygon","coordinates":[[[76.8954631,28.3207745],[76.895085,28.3207558],[76.8954936,28.3202316],[76.8954919,28.3202618],[76.8954631,28.3207745]]]}},{"type":"Feature","properties":{"v":"Kukrola","m":"42","k":"1/1","t":"Manesar","vc":"04138","area":254.5,"lat":28.3208646,"lng":76.8948376},"geometry":{"type":"Polygon","coordinates":[[[76.8947731,28.3207858],[76.8949793,28.320796],[76.8947604,28.321012],[76.8947731,28.3207858]]]}},{"type":"Feature","properties":{"v":"Kukrola","m":"42","k":"26","t":"Manesar","vc":"04138","area":485.4,"lat":28.321258,"lng":76.8978558},"geometry":{"type":"Polygon","coordinates":[[[76.8979626,28.3214423],[76.8976369,28.3210694],[76.8977133,28.3210351],[76.8980649,28.3214314],[76.8980497,28.3214466],[76.8980082,28.3214878],[76.8979626,28.3214423]]]}},{"type":"Feature","properties":{"v":"Kukrola","m":"42","k":"13/1","t":"Manesar","vc":"04138","area":254.6,"lat":28.3202095,"lng":76.8962703},"geometry":{"type":"Polygon","coordinates":[[[76.896181,28.3202656],[76.8961912,28.3200846],[76.8964388,28.3202783],[76.896181,28.3202656]]]}},{"type":"Feature","properties":{"v":"Kukrola","m":"42","k":"25/1","t":"Manesar","vc":"04138","area":770.3,"lat":28.3191102,"lng":76.8977479},"geometry":{"type":"Polygon","coordinates":[[[76.8976168,28.3192477],[76.8976341,28.3189394],[76.8977544,28.3189453],[76.8979591,28.3191769],[76.8977371,28.3192537],[76.8976168,28.3192477]]]}},{"type":"Feature","properties":{"v":"Kukrola","m":"42","k":"24/1","t":"Manesar","vc":"04138","area":2174.2,"lat":28.3189514,"lng":76.8971281},"geometry":{"type":"Polygon","coordinates":[[[76.8969294,28.3192138],[76.8969598,28.3186709],[76.8973268,28.3186891],[76.8972963,28.3192319],[76.8969294,28.3192138]]]}},{"type":"Feature","properties":{"v":"Kukrola","m":"42","k":"23/1","t":"Manesar","vc":"04138","area":2510.0,"lat":28.3188734,"lng":76.8964902},"geometry":{"type":"Polygon","coordinates":[[[76.8962419,28.3191799],[76.8962724,28.318637],[76.8969134,28.3186687],[76.8964482,28.31919],[76.8962419,28.3191799]]]}},{"type":"Feature","properties":{"v":"Kukrola","m":"42","k":"22","t":"Manesar","vc":"04138","area":4073.2,"lat":28.3188915,"lng":76.8959134},"geometry":{"type":"Polygon","coordinates":[[[76.8962419,28.3191799],[76.8955545,28.3191459],[76.8955849,28.3186031],[76.8962724,28.318637],[76.8962419,28.3191799]]]}},{"type":"Feature","properties":{"v":"Kukrola","m":"42","k":"21","t":"Manesar","vc":"04138","area":4073.2,"lat":28.3188575,"lng":76.895226},"geometry":{"type":"Polygon","coordinates":[[[76.8955545,28.3191459],[76.894867,28.319112],[76.8948975,28.3185691],[76.8955849,28.3186031],[76.8955545,28.3191459]]]}},{"type":"Feature","properties":{"v":"Kukrola","m":"42","k":"20","t":"Manesar","vc":"04138","area":4073.2,"lat":28.3194004,"lng":76.8951955},"geometry":{"type":"Polygon","coordinates":[[[76.895524,28.3196888],[76.8948366,28.3196548],[76.8948425,28.3195493],[76.894867,28.319112],[76.8955545,28.3191459],[76.895524,28.3196888]]]}},{"type":"Feature","properties":{"v":"Kukrola","m":"42","k":"19","t":"Manesar","vc":"04138","area":3920.6,"lat":28.3194026,"lng":76.8958854},"geometry":{"type":"Polygon","coordinates":[[[76.8962419,28.3191799],[76.8964482,28.31919],[76.8959537,28.31971],[76.8956959,28.3196973],[76.895524,28.3196888],[76.8955545,28.3191459],[76.8962419,28.3191799]]]}},{"type":"Feature","properties":{"v":"Kukrola","m":"42","k":"18","t":"Manesar","vc":"04138","area":3933.4,"lat":28.3195001,"lng":76.8965667},"geometry":{"type":"Polygon","coordinates":[[[76.8962115,28.3197227],[76.8960396,28.3197142],[76.8960009,28.3197123],[76.8964997,28.3191926],[76.8969294,28.3192138],[76.8968989,28.3197567],[76.8962115,28.3197227]]]}},{"type":"Feature","properties":{"v":"Kukrola","m":"42","k":"17","t":"Manesar","vc":"04138","area":4032.4,"lat":28.3195045,"lng":76.8972546},"geometry":{"type":"Polygon","coordinates":[[[76.8972963,28.3192319],[76.8975541,28.3192446],[76.8975507,28.319305],[76.8976135,28.3193081],[76.8975864,28.3197906],[76.8968989,28.3197567],[76.8969294,28.3192138],[76.8972963,28.3192319]]]}},{"type":"Feature","properties":{"v":"Kukrola","m":"42","k":"16/2","t":"Manesar","vc":"04138","area":2398.5,"lat":28.3195606,"lng":76.8978277},"geometry":{"type":"Polygon","coordinates":[[[76.8977754,28.3197999],[76.8975864,28.3197906],[76.8976135,28.3193081],[76.8980689,28.3193305],[76.8980418,28.3198131],[76.8979989,28.319811],[76.8977754,28.3197999]]]}},{"type":"Feature","properties":{"v":"Kukrola","m":"42","k":"15/1","t":"Manesar","vc":"04138","area":1883.8,"lat":28.320107,"lng":76.8977368},"geometry":{"type":"Polygon","coordinates":[[[76.8975864,28.3197906],[76.8977754,28.3197999],[76.8980028,28.3203555],[76.897556,28.3203335],[76.8975737,28.3200168],[76.8975864,28.3197906]]]}},{"type":"Feature","properties":{"v":"Kukrola","m":"42","k":"14/1","t":"Manesar","vc":"04138","area":2376.1,"lat":28.3201582,"lng":76.8972211},"geometry":{"type":"Polygon","coordinates":[[[76.8975737,28.3200168],[76.897556,28.3203335],[76.8968685,28.3202995],[76.8968862,28.3199829],[76.8975737,28.3200168]]]}},{"type":"Feature","properties":{"v":"Kukrola","m":"42","k":"12/2/1","t":"Manesar","vc":"04138","area":616.5,"lat":28.3201702,"lng":76.8957337},"geometry":{"type":"Polygon","coordinates":[[[76.8960092,28.3202571],[76.8954936,28.3202316],[76.8956983,28.320022],[76.8960092,28.3202571]]]}},{"type":"Feature","properties":{"v":"Kukrola","m":"42","k":"11","t":"Manesar","vc":"04138","area":4062.0,"lat":28.3199425,"lng":76.8951642},"geometry":{"type":"Polygon","coordinates":[[[76.895524,28.3196888],[76.8955164,28.3198245],[76.8954961,28.3201864],[76.8954481,28.3202294],[76.8948061,28.3201977],[76.8948366,28.3196548],[76.895524,28.3196888]]]}},{"type":"Feature","properties":{"v":"Kukrola","m":"42","k":"10/2/1","t":"Manesar","vc":"04138","area":2266.5,"lat":28.3204775,"lng":76.8950173},"geometry":{"type":"Polygon","coordinates":[[[76.8947756,28.3207405],[76.8948027,28.320258],[76.8954042,28.3202848],[76.8950334,28.3207533],[76.8947756,28.3207405]]]}},{"type":"Feature","properties":{"v":"Kukrola","m":"42","k":"9/1","t":"Manesar","vc":"04138","area":3796.5,"lat":28.320538,"lng":76.895817},"geometry":{"type":"Polygon","coordinates":[[[76.8961506,28.3208084],[76.8958412,28.3207932],[76.8954631,28.3207745],[76.8954919,28.3202618],[76.8960566,28.3202897],[76.8961751,28.3203711],[76.8961506,28.3208084]]]}},{"type":"Feature","properties":{"v":"Kukrola","m":"42","k":"8/2","t":"Manesar","vc":"04138","area":1894.8,"lat":28.3205252,"lng":76.8965411},"geometry":{"type":"Polygon","coordinates":[[[76.896838,28.3208424],[76.8967521,28.3208381],[76.8961751,28.3203711],[76.8961793,28.3202957],[76.896181,28.3202656],[76.8964388,28.3202783],[76.8968507,28.3206162],[76.896838,28.3208424]]]}},{"type":"Feature","properties":{"v":"Kukrola","m":"42","k":"7","t":"Manesar","vc":"04138","area":3671.3,"lat":28.3205677,"lng":76.8972239},"geometry":{"type":"Polygon","coordinates":[[[76.8975255,28.3208763],[76.8971636,28.3208584],[76.8968507,28.3206162],[76.8968685,28.3202995],[76.897556,28.3203335],[76.8975255,28.3208763]]]}},{"type":"Feature","properties":{"v":"Kukrola","m":"42","k":"6","t":"Manesar","vc":"04138","area":4073.2,"lat":28.3206219,"lng":76.8978845},"geometry":{"type":"Polygon","coordinates":[[[76.8975255,28.3208763],[76.897556,28.3203335],[76.8980028,28.3203555],[76.8982434,28.3203674],[76.898213,28.3209103],[76.8975255,28.3208763]]]}},{"type":"Feature","properties":{"v":"Kukrola","m":"42","k":"5","t":"Manesar","vc":"04138","area":2953.8,"lat":28.3211151,"lng":76.8979027},"geometry":{"type":"Polygon","coordinates":[[[76.8975255,28.3208763],[76.898213,28.3209103],[76.8982104,28.3209555],[76.8981825,28.3214531],[76.8980497,28.3214466],[76.8980649,28.3214314],[76.8977133,28.3210351],[76.8976369,28.3210694],[76.8979626,28.3214423],[76.8979054,28.3214394],[76.8975609,28.3211661],[76.8975114,28.3211278],[76.8975255,28.3208763]]]}},{"type":"Feature","properties":{"v":"Kukrola","m":"42","k":"4","t":"Manesar","vc":"04138","area":2217.5,"lat":28.3211045,"lng":76.89722},"geometry":{"type":"Polygon","coordinates":[[[76.8973404,28.3214115],[76.8968338,28.3209178],[76.896838,28.3208424],[76.8971636,28.3208584],[76.8975114,28.3211278],[76.8974951,28.3214192],[76.8973404,28.3214115]]]}},{"type":"Feature","properties":{"v":"Kukrola","m":"42","k":"3/1","t":"Manesar","vc":"04138","area":2240.6,"lat":28.3210892,"lng":76.8963244},"geometry":{"type":"Polygon","coordinates":[[[76.8961201,28.3213513],[76.8961463,28.3208838],[76.8961506,28.3208084],[76.8965287,28.3208271],[76.8964982,28.32137],[76.8961201,28.3213513]]]}},{"type":"Feature","properties":{"v":"Kukrola","m":"42","k":"2/1","t":"Manesar","vc":"04138","area":2240.4,"lat":28.3210553,"lng":76.8956369},"geometry":{"type":"Polygon","coordinates":[[[76.8958108,28.321336],[76.8954326,28.3213173],[76.8954631,28.3207745],[76.8958412,28.3207932],[76.895837,28.3208685],[76.8958108,28.321336]]]}},{"type":"Feature","properties":{"v":"Kukrola","m":"42","k":"1/2","t":"Manesar","vc":"04138","area":3526.9,"lat":28.3210561,"lng":76.89514},"geometry":{"type":"Polygon","coordinates":[[[76.8954631,28.3207745],[76.8954326,28.3213173],[76.8947452,28.3212834],[76.8947575,28.321064],[76.895085,28.3207558],[76.8954631,28.3207745]]]}},{"type":"Feature","properties":{"v":"Kukrola","m":"0","k":"54","t":"Manesar","vc":"04138","area":2588.5,"lat":28.3189912,"lng":76.8975998},"geometry":{"type":"Polygon","coordinates":[[[76.8976531,28.3186004],[76.8976473,28.3187049],[76.8976341,28.3189394],[76.8976168,28.3192477],[76.8977371,28.3192537],[76.8983043,28.3192817],[76.8984762,28.3192902],[76.8989918,28.3193156],[76.8993871,28.3193351],[76.8999026,28.3193606],[76.8998993,28.3194209],[76.8996758,28.3194099],[76.8991259,28.3193827],[76.8990399,28.3193785],[76.8989884,28.3193759],[76.8985329,28.3193535],[76.8983009,28.319342],[76.8980689,28.3193305],[76.8976135,28.3193081],[76.8975507,28.319305],[76.8975541,28.3192446],[76.8975846,28.3187018],[76.8975989,28.3184454],[76.897615,28.3181589],[76.8976366,28.3177743],[76.8977052,28.3176718],[76.8976777,28.318162],[76.8976531,28.3186004]]]}},{"type":"Feature","properties":{"v":"Kukrola","m":"43","k":"23/4","t":"Manesar","vc":"04138","area":543.2,"lat":28.319234,"lng":76.9000911},"geometry":{"type":"Polygon","coordinates":[[[76.9001115,28.3193709],[76.8999026,28.3193606],[76.8998986,28.3193275],[76.9000085,28.3193042],[76.9000403,28.3191714],[76.9000756,28.3190238],[76.9002376,28.3192012],[76.9001115,28.3193709]]]}},{"type":"Feature","properties":{"v":"Kukrola","m":"43","k":"23/3","t":"Manesar","vc":"04138","area":260.1,"lat":28.3191123,"lng":76.8999689},"geometry":{"type":"Polygon","coordinates":[[[76.9000756,28.3190238],[76.9000403,28.3191714],[76.8998818,28.3191923],[76.8998674,28.3190751],[76.9000756,28.3190238]]]}},{"type":"Feature","properties":{"v":"Kukrola","m":"43","k":"23/2","t":"Manesar","vc":"04138","area":193.9,"lat":28.3192449,"lng":76.8999567},"geometry":{"type":"Polygon","coordinates":[[[76.9000403,28.3191714],[76.9000085,28.3193042],[76.8998986,28.3193275],[76.8998818,28.3191923],[76.9000403,28.3191714]]]}},{"type":"Feature","properties":{"v":"Kukrola","m":"43","k":"22/2","t":"Manesar","vc":"04138","area":1045.0,"lat":28.3189395,"lng":76.8998513},"geometry":{"type":"Polygon","coordinates":[[[76.8998674,28.3190751],[76.8997732,28.3191261],[76.8996191,28.318935],[76.8999177,28.3187209],[76.9000756,28.3190238],[76.8998674,28.3190751]]]}},{"type":"Feature","properties":{"v":"Kukrola","m":"43","k":"22/3","t":"Manesar","vc":"04138","area":1033.2,"lat":28.319134,"lng":76.8995222},"geometry":{"type":"Polygon","coordinates":[[[76.8993871,28.3193351],[76.8992911,28.3191392],[76.8996191,28.318935],[76.8997732,28.3191261],[76.8993871,28.3193351]]]}},{"type":"Feature","properties":{"v":"Kukrola","m":"43","k":"21/4","t":"Manesar","vc":"04138","area":1351.5,"lat":28.3191499,"lng":76.8991353},"geometry":{"type":"Polygon","coordinates":[[[76.8989918,28.3193156],[76.8989265,28.3190421],[76.8991685,28.3188888],[76.8992911,28.3191392],[76.8993871,28.3193351],[76.8989918,28.3193156]]]}},{"type":"Feature","properties":{"v":"Kukrola","m":"43","k":"21/3","t":"Manesar","vc":"04138","area":758.5,"lat":28.319216,"lng":76.8987982},"geometry":{"type":"Polygon","coordinates":[[[76.8989918,28.3193156],[76.8984762,28.3192902],[76.8988684,28.3190741],[76.8989265,28.3190421],[76.8989918,28.3193156]]]}},{"type":"Feature","properties":{"v":"Kukrola","m":"43","k":"21/2","t":"Manesar","vc":"04138","area":1442.0,"lat":28.3188583,"lng":76.8989345},"geometry":{"type":"Polygon","coordinates":[[[76.8988684,28.3190741],[76.8986165,28.3188542],[76.8986746,28.3188173],[76.8990174,28.318674],[76.8990668,28.3186468],[76.8992297,28.3188501],[76.8991685,28.3188888],[76.8989265,28.3190421],[76.8988684,28.3190741]]]}},{"type":"Feature","properties":{"v":"Kukrola","m":"43","k":"25/5","t":"Manesar","vc":"04138","area":723.4,"lat":28.3187066,"lng":76.8985852},"geometry":{"type":"Polygon","coordinates":[[[76.8986165,28.3188542],[76.8984722,28.3189191],[76.898488,28.318595],[76.8987076,28.3184955],[76.8986746,28.3188173],[76.8986165,28.3188542]]]}},{"type":"Feature","properties":{"v":"Kukrola","m":"43","k":"25/4","t":"Manesar","vc":"04138","area":756.2,"lat":28.3188009,"lng":76.8983718},"geometry":{"type":"Polygon","coordinates":[[[76.8982662,28.3190117],[76.8982625,28.3186866],[76.898488,28.318595],[76.8984722,28.3189191],[76.8982662,28.3190117]]]}},{"type":"Feature","properties":{"v":"Kukrola","m":"43","k":"19/2","t":"Manesar","vc":"04138","area":452.7,"lat":28.3196218,"lng":76.8990694},"geometry":{"type":"Polygon","coordinates":[[[76.8990988,28.3198653],[76.8990129,28.319861],[76.8990399,28.3193785],[76.8991259,28.3193827],[76.8990988,28.3198653]]]}},{"type":"Feature","properties":{"v":"Kukrola","m":"43","k":"18/2","t":"Manesar","vc":"04138","area":1131.8,"lat":28.3196532,"lng":76.89977},"geometry":{"type":"Polygon","coordinates":[[[76.8996488,28.3198924],[76.8996758,28.3194099],[76.8998993,28.3194209],[76.8998551,28.3199026],[76.8996488,28.3198924]]]}},{"type":"Feature","properties":{"v":"Kukrola","m":"43","k":"12/2","t":"Manesar","vc":"04138","area":1465.7,"lat":28.3202841,"lng":76.8994143},"geometry":{"type":"Polygon","coordinates":[[[76.8996184,28.3204353],[76.8989824,28.3204039],[76.899642,28.320013],[76.8996184,28.3204353]]]}},{"type":"Feature","properties":{"v":"Kukrola","m":"43","k":"11/2","t":"Manesar","vc":"04138","area":2036.0,"lat":28.3200281,"lng":76.898722},"geometry":{"type":"Polygon","coordinates":[[[76.8989309,28.3204013],[76.8982739,28.3198245],[76.8984973,28.3198356],[76.8989613,28.3198585],[76.8989309,28.3204013]]]}},{"type":"Feature","properties":{"v":"Kukrola","m":"43","k":"10/1","t":"Manesar","vc":"04138","area":1985.9,"lat":28.320634,"lng":76.8987436},"geometry":{"type":"Polygon","coordinates":[[[76.8989004,28.3209442],[76.898677,28.3209332],[76.898484,28.3203793],[76.8989309,28.3204013],[76.8989004,28.3209442]]]}},{"type":"Feature","properties":{"v":"Kukrola","m":"43","k":"9/2","t":"Manesar","vc":"04138","area":1323.8,"lat":28.3207731,"lng":76.8991111},"geometry":{"type":"Polygon","coordinates":[[[76.898952,28.3209467],[76.8989824,28.3204039],[76.8993989,28.3209688],[76.898952,28.3209467]]]}},{"type":"Feature","properties":{"v":"Kukrola","m":"43","k":"5/2","t":"Manesar","vc":"04138","area":225.3,"lat":28.3211663,"lng":76.9015938},"geometry":{"type":"Polygon","coordinates":[[[76.9016503,28.3210799],[76.9016354,28.3213468],[76.9014956,28.3210723],[76.9016503,28.3210799]]]}},{"type":"Feature","properties":{"v":"Kukrola","m":"43","k":"4/1","t":"Manesar","vc":"04138","area":384.9,"lat":28.3214546,"lng":76.9003262},"geometry":{"type":"Polygon","coordinates":[[[76.900245,28.3215549],[76.9002625,28.3212428],[76.900471,28.3215661],[76.900245,28.3215549]]]}},{"type":"Feature","properties":{"v":"Kukrola","m":"43","k":"3/2","t":"Manesar","vc":"04138","area":1731.5,"lat":28.3211104,"lng":76.8999252},"geometry":{"type":"Polygon","coordinates":[[[76.8995879,28.3209781],[76.9002754,28.321012],[76.9002625,28.3212428],[76.899575,28.3212088],[76.8995879,28.3209781]]]}},{"type":"Feature","properties":{"v":"Kukrola","m":"43","k":"2/2","t":"Manesar","vc":"04138","area":237.9,"lat":28.3210519,"lng":76.8995206},"geometry":{"type":"Polygon","coordinates":[[[76.8995879,28.3209781],[76.899575,28.3212088],[76.8993989,28.3209688],[76.8995879,28.3209781]]]}},{"type":"Feature","properties":{"v":"Kukrola","m":"43","k":"13","t":"Manesar","vc":"04138","area":2846.4,"lat":28.3201788,"lng":76.8998737},"geometry":{"type":"Polygon","coordinates":[[[76.899642,28.320013],[76.8996488,28.3198924],[76.8998551,28.3199026],[76.9001129,28.3199153],[76.900115,28.3204598],[76.8996184,28.3204353],[76.899642,28.320013]]]}},{"type":"Feature","properties":{"v":"Kukrola","m":"43","k":"25","t":"Manesar","vc":"04138","area":4073.4,"lat":28.3191629,"lng":76.9014131},"geometry":{"type":"Polygon","coordinates":[[[76.9014391,28.318892],[76.9016724,28.3189036],[76.901772,28.3189085],[76.9017639,28.319054],[76.9017501,28.3193003],[76.9017416,28.3194513],[76.9010541,28.3194174],[76.9010846,28.3188745],[76.9014391,28.318892]]]}},{"type":"Feature","properties":{"v":"Kukrola","m":"43","k":"24","t":"Manesar","vc":"04138","area":3527.1,"lat":28.3191173,"lng":76.9007692},"geometry":{"type":"Polygon","coordinates":[[[76.9010541,28.3194174],[76.9005884,28.3193944],[76.9003882,28.3189999],[76.9004913,28.3188453],[76.9010846,28.3188745],[76.9010541,28.3194174]]]}},{"type":"Feature","properties":{"v":"Kukrola","m":"43","k":"23/1","t":"Manesar","vc":"04138","area":796.1,"lat":28.3192569,"lng":76.899719},"geometry":{"type":"Polygon","coordinates":[[[76.8993871,28.3193351],[76.8997732,28.3191261],[76.8998674,28.3190751],[76.8998818,28.3191923],[76.8998986,28.3193275],[76.8999026,28.3193606],[76.8993871,28.3193351]]]}},{"type":"Feature","properties":{"v":"Kukrola","m":"43","k":"22/1","t":"Manesar","vc":"04138","area":2264.8,"lat":28.3188113,"lng":76.8995466},"geometry":{"type":"Polygon","coordinates":[[[76.8998202,28.3184776],[76.8999177,28.3187209],[76.8996191,28.318935],[76.8992911,28.3191392],[76.8991685,28.3188888],[76.8992297,28.3188501],[76.8998202,28.3184776]]]}},{"type":"Feature","properties":{"v":"Kukrola","m":"43","k":"21/1","t":"Manesar","vc":"04138","area":1727.4,"lat":28.3190819,"lng":76.8985268},"geometry":{"type":"Polygon","coordinates":[[[76.8983043,28.3192817],[76.8982662,28.3190117],[76.8984722,28.3189191],[76.8986165,28.3188542],[76.8988684,28.3190741],[76.8984762,28.3192902],[76.8983043,28.3192817]]]}},{"type":"Feature","properties":{"v":"Kukrola","m":"43","k":"20/2","t":"Manesar","vc":"04138","area":2421.5,"lat":28.3196066,"lng":76.8987449},"geometry":{"type":"Polygon","coordinates":[[[76.8989884,28.3193759],[76.8989613,28.3198585],[76.8984973,28.3198356],[76.8985329,28.3193535],[76.8989884,28.3193759]]]}},{"type":"Feature","properties":{"v":"Kukrola","m":"43","k":"19/1","t":"Manesar","vc":"04138","area":2896.5,"lat":28.3196376,"lng":76.8993873},"geometry":{"type":"Polygon","coordinates":[[[76.8996488,28.3198924],[76.8990988,28.3198653],[76.8991259,28.3193827],[76.8996758,28.3194099],[76.8996488,28.3198924]]]}},{"type":"Feature","properties":{"v":"Kukrola","m":"43","k":"18/1","t":"Manesar","vc":"04138","area":1376.7,"lat":28.3196472,"lng":76.8999956},"geometry":{"type":"Polygon","coordinates":[[[76.8998551,28.3199026],[76.8998993,28.3194209],[76.8999026,28.3193606],[76.9001115,28.3193709],[76.9001129,28.3199153],[76.8998551,28.3199026]]]}},{"type":"Feature","properties":{"v":"Kukrola","m":"43","k":"17","t":"Manesar","vc":"04138","area":1811.7,"lat":28.3196333,"lng":76.9008747},"geometry":{"type":"Polygon","coordinates":[[[76.9010237,28.3199603],[76.9008779,28.3199531],[76.9005884,28.3193944],[76.9010541,28.3194174],[76.9010237,28.3199603]]]}},{"type":"Feature","properties":{"v":"Kukrola","m":"43","k":"16","t":"Manesar","vc":"04138","area":4073.8,"lat":28.3197058,"lng":76.9013826},"geometry":{"type":"Polygon","coordinates":[[[76.9010237,28.3199603],[76.9010541,28.3194174],[76.9017416,28.3194513],[76.9017112,28.3199942],[76.9010237,28.3199603]]]}},{"type":"Feature","properties":{"v":"Kukrola","m":"43","k":"15","t":"Manesar","vc":"04138","area":3884.0,"lat":28.3202245,"lng":76.9013616},"geometry":{"type":"Polygon","coordinates":[[[76.9010237,28.3199603],[76.9017112,28.3199942],[76.9016808,28.320537],[76.901203,28.3205135],[76.9008779,28.3199531],[76.9010237,28.3199603]]]}},{"type":"Feature","properties":{"v":"Kukrola","m":"43","k":"14","t":"Manesar","vc":"04138","area":22901.0,"lat":28.320549,"lng":76.9007239},"geometry":{"type":"Polygon","coordinates":[[[76.9008025,28.321809],[76.9006772,28.3215762],[76.9003953,28.321018],[76.9002862,28.3208198],[76.900115,28.3204598],[76.9001129,28.3199153],[76.9001115,28.3193709],[76.9002376,28.3192012],[76.9003882,28.3189999],[76.9005884,28.3193944],[76.9008779,28.3199531],[76.901203,28.3205135],[76.9014956,28.3210723],[76.9016354,28.3213468],[76.901173,28.3216007],[76.900924,28.3217396],[76.9008025,28.321809]]]}},{"type":"Feature","properties":{"v":"Kukrola","m":"43","k":"12/1","t":"Manesar","vc":"04138","area":2302.3,"lat":28.3200617,"lng":76.8992528},"geometry":{"type":"Polygon","coordinates":[[[76.8996488,28.3198924],[76.899642,28.320013],[76.8989824,28.3204039],[76.8990129,28.319861],[76.8990988,28.3198653],[76.8996488,28.3198924]]]}},{"type":"Feature","properties":{"v":"Kukrola","m":"43","k":"11/1","t":"Manesar","vc":"04138","area":2037.1,"lat":28.3201977,"lng":76.8984827},"geometry":{"type":"Polygon","coordinates":[[[76.898484,28.3203793],[76.8982434,28.3203674],[76.8982561,28.3201412],[76.8982739,28.3198245],[76.8989309,28.3204013],[76.898484,28.3203793]]]}},{"type":"Feature","properties":{"v":"Kukrola","m":"43","k":"10/2","t":"Manesar","vc":"04138","area":2087.5,"lat":28.3206765,"lng":76.8984086},"geometry":{"type":"Polygon","coordinates":[[[76.8982434,28.3203674],[76.898484,28.3203793],[76.898677,28.3209332],[76.898213,28.3209103],[76.8982434,28.3203674]]]}},{"type":"Feature","properties":{"v":"Kukrola","m":"43","k":"9/1","t":"Manesar","vc":"04138","area":2443.9,"lat":28.3206465,"lng":76.8993795},"geometry":{"type":"Polygon","coordinates":[[[76.8995879,28.3209781],[76.8993989,28.3209688],[76.8989824,28.3204039],[76.8996184,28.3204353],[76.8995879,28.3209781]]]}},{"type":"Feature","properties":{"v":"Kukrola","m":"43","k":"8","t":"Manesar","vc":"04138","area":3707.7,"lat":28.3207375,"lng":76.8999184},"geometry":{"type":"Polygon","coordinates":[[[76.9002754,28.321012],[76.8995879,28.3209781],[76.8996184,28.3204353],[76.900115,28.3204598],[76.9002862,28.3208198],[76.9002754,28.321012]]]}},{"type":"Feature","properties":{"v":"Kukrola","m":"43","k":"6","t":"Manesar","vc":"04138","area":1873.9,"lat":28.3207538,"lng":76.9014963},"geometry":{"type":"Polygon","coordinates":[[[76.9016503,28.3210799],[76.9014956,28.3210723],[76.901203,28.3205135],[76.9016808,28.320537],[76.9016503,28.3210799]]]}},{"type":"Feature","properties":{"v":"Kukrola","m":"43","k":"5/1","t":"Manesar","vc":"04138","area":673.1,"lat":28.3215234,"lng":76.9014761},"geometry":{"type":"Polygon","coordinates":[[[76.9016199,28.3216228],[76.901173,28.3216007],[76.9016354,28.3213468],[76.9016199,28.3216228]]]}},{"type":"Feature","properties":{"v":"Kukrola","m":"43","k":"4/2","t":"Manesar","vc":"04138","area":1376.4,"lat":28.3212749,"lng":76.9004252},"geometry":{"type":"Polygon","coordinates":[[[76.9002754,28.321012],[76.9002862,28.3208198],[76.9003953,28.321018],[76.9006772,28.3215762],[76.900471,28.3215661],[76.9002625,28.3212428],[76.9002754,28.321012]]]}},{"type":"Feature","properties":{"v":"Kukrola","m":"43","k":"3/1","t":"Manesar","vc":"04138","area":2342.3,"lat":28.3213819,"lng":76.89991},"geometry":{"type":"Polygon","coordinates":[[[76.8995575,28.321521],[76.899575,28.3212088],[76.9002625,28.3212428],[76.900245,28.3215549],[76.8995575,28.321521]]]}},{"type":"Feature","properties":{"v":"Kukrola","m":"43","k":"2/1","t":"Manesar","vc":"04138","area":3530.0,"lat":28.3212461,"lng":76.8992368},"geometry":{"type":"Polygon","coordinates":[[[76.8995575,28.321521],[76.8989216,28.3214896],[76.898952,28.3209467],[76.8993989,28.3209688],[76.899575,28.3212088],[76.8995575,28.321521]]]}},{"type":"Feature","properties":{"v":"Kukrola","m":"43","k":"1","t":"Manesar","vc":"04138","area":3733.8,"lat":28.3212213,"lng":76.8985402},"geometry":{"type":"Polygon","coordinates":[[[76.89887,28.321487],[76.8981825,28.3214531],[76.8982104,28.3209555],[76.8988979,28.3209894],[76.89887,28.321487]]]}},{"type":"Feature","properties":{"v":"Kukrola","m":"0","k":"50","t":"Manesar","vc":"04138","area":41206.2,"lat":28.3176277,"lng":76.8999322},"geometry":{"type":"Polygon","coordinates":[[[76.9003401,28.3168195],[76.9004697,28.3169064],[76.9005321,28.3169484],[76.9006556,28.3170312],[76.9005904,28.3172017],[76.9005874,28.3172096],[76.9012533,28.3179735],[76.9012486,28.3179772],[76.9010656,28.3181229],[76.9008214,28.3183172],[76.9004913,28.3188453],[76.9003882,28.3189999],[76.9002376,28.3192012],[76.9000756,28.3190238],[76.8999177,28.3187209],[76.8998202,28.3184776],[76.8997349,28.3183564],[76.899209,28.3182376],[76.8990643,28.3180215],[76.8988498,28.3176755],[76.8989023,28.3173773],[76.8989547,28.3170791],[76.8990314,28.3170322],[76.8988739,28.3168172],[76.8987242,28.3169275],[76.8986917,28.3168921],[76.8985847,28.3167475],[76.8985461,28.3166954],[76.8985845,28.3166768],[76.8986153,28.316662],[76.8988259,28.3166604],[76.8990893,28.3166585],[76.8999614,28.3164198],[76.9001604,28.316517],[76.9004546,28.3166606],[76.9003892,28.3167513],[76.9003401,28.3168195]]]}},{"type":"Feature","properties":{"v":"Kukrola","m":"47","k":"11/3","t":"Manesar","vc":"04138","area":674.9,"lat":28.316986,"lng":76.898847},"geometry":{"type":"Polygon","coordinates":[[[76.8990314,28.3170322],[76.8989547,28.3170791],[76.8988405,28.3171307],[76.8986449,28.316985],[76.8987242,28.3169275],[76.8988739,28.3168172],[76.8990314,28.3170322]]]}},{"type":"Feature","properties":{"v":"Kukrola","m":"47","k":"11/2","t":"Manesar","vc":"04138","area":732.7,"lat":28.3171441,"lng":76.8985998},"geometry":{"type":"Polygon","coordinates":[[[76.8984108,28.3171546],[76.8986449,28.316985],[76.8988405,28.3171307],[76.8984512,28.3173091],[76.8984108,28.3171546]]]}},{"type":"Feature","properties":{"v":"Kukrola","m":"47","k":"10/1","t":"Manesar","vc":"04138","area":2083.6,"lat":28.3177148,"lng":76.8987642},"geometry":{"type":"Polygon","coordinates":[[[76.8988498,28.3176755],[76.8990643,28.3180215],[76.8986837,28.3179997],[76.8985364,28.3175426],[76.898512,28.3174669],[76.8989023,28.3173773],[76.8988498,28.3176755]]]}},{"type":"Feature","properties":{"v":"Kukrola","m":"47","k":"10/2","t":"Manesar","vc":"04138","area":993.7,"lat":28.3178084,"lng":76.8985199},"geometry":{"type":"Polygon","coordinates":[[[76.8986837,28.3179997],[76.8985332,28.3180721],[76.8983409,28.3176649],[76.8985364,28.3175426],[76.8986837,28.3179997]]]}},{"type":"Feature","properties":{"v":"Kukrola","m":"47","k":"2/2","t":"Manesar","vc":"04138","area":1559.0,"lat":28.3185974,"lng":76.8994344},"geometry":{"type":"Polygon","coordinates":[[[76.8998202,28.3184776],[76.8992297,28.3188501],[76.8990668,28.3186468],[76.8995196,28.31845],[76.8997349,28.3183564],[76.8998202,28.3184776]]]}},{"type":"Feature","properties":{"v":"Kukrola","m":"47","k":"11/1","t":"Manesar","vc":"04138","area":1117.9,"lat":28.3172972,"lng":76.8987212},"geometry":{"type":"Polygon","coordinates":[[[76.8989547,28.3170791],[76.8989023,28.3173773],[76.898512,28.3174669],[76.8984512,28.3173091],[76.8988405,28.3171307],[76.8989547,28.3170791]]]}},{"type":"Feature","properties":{"v":"Kukrola","m":"47","k":"4","t":"Manesar","vc":"04138","area":7571.1,"lat":28.3185559,"lng":76.9011808},"geometry":{"type":"Polygon","coordinates":[[[76.901254,28.3179746],[76.9016342,28.3185048],[76.9016709,28.3185561],[76.901783,28.3187124],[76.901772,28.3189085],[76.9016724,28.3189036],[76.9014391,28.318892],[76.9010846,28.3188745],[76.9004913,28.3188453],[76.9008214,28.3183172],[76.9010656,28.3181229],[76.9012486,28.3179772],[76.9012533,28.3179735],[76.901254,28.3179746]]]}},{"type":"Feature","properties":{"v":"Kukrola","m":"47","k":"2/1/1","t":"Manesar","vc":"04138","area":1057.4,"lat":28.3183694,"lng":76.8992856},"geometry":{"type":"Polygon","coordinates":[[[76.899209,28.3182376],[76.8997349,28.3183564],[76.8995196,28.31845],[76.8993827,28.3183577],[76.8990124,28.3185532],[76.8990045,28.3183591],[76.899209,28.3182376]]]}},{"type":"Feature","properties":{"v":"Kukrola","m":"47","k":"1","t":"Manesar","vc":"04138","area":1092.9,"lat":28.3185898,"lng":76.898852},"geometry":{"type":"Polygon","coordinates":[[[76.8990174,28.318674],[76.8986746,28.3188173],[76.8987076,28.3184955],[76.8990045,28.3183591],[76.8990124,28.3185532],[76.8990174,28.318674]]]}},{"type":"Feature","properties":{"v":"Kukrola","m":"48","k":"16/1","t":"Manesar","vc":"04138","area":991.0,"lat":28.3168773,"lng":76.8984795},"geometry":{"type":"Polygon","coordinates":[[[76.8985847,28.3167475],[76.8986917,28.3168921],[76.8984071,28.3171093],[76.8983262,28.3168651],[76.8983248,28.3168611],[76.8982937,28.3167671],[76.8983253,28.3167582],[76.8985461,28.3166954],[76.8985847,28.3167475]]]}},{"type":"Feature","properties":{"v":"Kukrola","m":"48","k":"15/2","t":"Manesar","vc":"04138","area":1062.8,"lat":28.3174162,"lng":76.8983634},"geometry":{"type":"Polygon","coordinates":[[[76.8984108,28.3171546],[76.8984512,28.3173091],[76.898512,28.3174669],[76.8985364,28.3175426],[76.8983409,28.3176649],[76.8981779,28.3173234],[76.8984108,28.3171546]]]}},{"type":"Feature","properties":{"v":"Kukrola","m":"48","k":"6/2","t":"Manesar","vc":"04138","area":1704.2,"lat":28.3176167,"lng":76.8980983},"geometry":{"type":"Polygon","coordinates":[[[76.8978209,28.3175822],[76.8979928,28.3174576],[76.8981779,28.3173234],[76.8983409,28.3176649],[76.898246,28.3177555],[76.8980836,28.3179106],[76.8978209,28.3175822]]]}},{"type":"Feature","properties":{"v":"Kukrola","m":"48","k":"6/1","t":"Manesar","vc":"04138","area":1483.7,"lat":28.3179581,"lng":76.8982923},"geometry":{"type":"Polygon","coordinates":[[[76.8980415,28.3179366],[76.8980836,28.3179106],[76.898246,28.3177555],[76.8983409,28.3176649],[76.8985332,28.3180721],[76.8982693,28.3181746],[76.8982273,28.3182007],[76.8980415,28.3179366]]]}},{"type":"Feature","properties":{"v":"Kukrola","m":"48","k":"4/3","t":"Manesar","vc":"04138","area":721.4,"lat":28.3185673,"lng":76.8974628},"geometry":{"type":"Polygon","coordinates":[[[76.8975846,28.3187018],[76.8973268,28.3186891],[76.8973411,28.3184327],[76.8975989,28.3184454],[76.8975846,28.3187018]]]}},{"type":"Feature","properties":{"v":"Kukrola","m":"48","k":"4/1","t":"Manesar","vc":"04138","area":987.2,"lat":28.3182976,"lng":76.8971041},"geometry":{"type":"Polygon","coordinates":[[[76.8969903,28.3181281],[76.8973593,28.3181463],[76.8969628,28.3186183],[76.8969903,28.3181281]]]}},{"type":"Feature","properties":{"v":"Kukrola","m":"48","k":"5/2","t":"Manesar","vc":"04138","area":1292.0,"lat":28.3181708,"lng":76.8979817},"geometry":{"type":"Polygon","coordinates":[[[76.8980415,28.3179366],[76.8982273,28.3182007],[76.8978874,28.3184161],[76.8977613,28.3181102],[76.8980415,28.3179366]]]}},{"type":"Feature","properties":{"v":"Kukrola","m":"48","k":"25/6","t":"Manesar","vc":"04138","area":7324.3,"lat":28.3184191,"lng":76.8983707},"geometry":{"type":"Polygon","coordinates":[[[76.8987076,28.3184955],[76.898488,28.318595],[76.8982625,28.3186866],[76.8977544,28.3189453],[76.8976341,28.3189394],[76.8976473,28.3187049],[76.8976531,28.3186004],[76.8978874,28.3184161],[76.8982273,28.3182007],[76.8982693,28.3181746],[76.8985332,28.3180721],[76.8986837,28.3179997],[76.8990643,28.3180215],[76.899209,28.3182376],[76.8990045,28.3183591],[76.8987076,28.3184955]]]}},{"type":"Feature","properties":{"v":"Kukrola","m":"48","k":"7/1","t":"Manesar","vc":"04138","area":449.2,"lat":28.3180272,"lng":76.8975509},"geometry":{"type":"Polygon","coordinates":[[[76.897401,28.3181484],[76.8976366,28.3177743],[76.897615,28.3181589],[76.897401,28.3181484]]]}},{"type":"Feature","properties":{"v":"Kukrola","m":"48","k":"13","t":"Manesar","vc":"04138","area":941.2,"lat":28.317473,"lng":76.8968404},"geometry":{"type":"Polygon","coordinates":[[[76.8970337,28.3173546],[76.8970207,28.3175852],[76.8965652,28.3175627],[76.8964876,28.3175589],[76.8964624,28.3175577],[76.8964876,28.3175453],[76.8967443,28.3174199],[76.8968961,28.3173457],[76.8970381,28.3172763],[76.8970337,28.3173546]]]}},{"type":"Feature","properties":{"v":"Kukrola","m":"48","k":"16/2","t":"Manesar","vc":"04138","area":1324.1,"lat":28.3169892,"lng":76.8980392},"geometry":{"type":"Polygon","coordinates":[[[76.8982569,28.3168641],[76.8982651,28.3168881],[76.8983401,28.317106],[76.8977466,28.3170767],[76.8977386,28.3170763],[76.8975766,28.3170683],[76.8975444,28.3170667],[76.8975767,28.317054],[76.8982331,28.3167949],[76.8982569,28.3168641]]]}},{"type":"Feature","properties":{"v":"Kukrola","m":"48","k":"15/1","t":"Manesar","vc":"04138","area":1974.9,"lat":28.3172695,"lng":76.897949},"geometry":{"type":"Polygon","coordinates":[[[76.8977466,28.3170767],[76.8983401,28.317106],[76.8983558,28.3171493],[76.8977082,28.3176192],[76.8977384,28.3170797],[76.8977386,28.3170763],[76.8977466,28.3170767]]]}},{"type":"Feature","properties":{"v":"Kukrola","m":"48","k":"14","t":"Manesar","vc":"04138","area":3443.5,"lat":28.3173678,"lng":76.8974105},"geometry":{"type":"Polygon","coordinates":[[[76.8975766,28.3170683],[76.8977386,28.3170763],[76.8977384,28.3170797],[76.8977082,28.3176192],[76.8970207,28.3175852],[76.8970337,28.3173546],[76.8970381,28.3172763],[76.8974264,28.3171156],[76.8975444,28.3170667],[76.8975766,28.3170683]]]}},{"type":"Feature","properties":{"v":"Kukrola","m":"48","k":"9","t":"Manesar","vc":"04138","area":2070.2,"lat":28.3179212,"lng":76.8960461},"geometry":{"type":"Polygon","coordinates":[[[76.8963258,28.3176841],[76.8963028,28.3180941],[76.8956154,28.3180602],[76.8956189,28.3179965],[76.8956226,28.3179322],[76.8958568,28.3178842],[76.8962153,28.3176765],[76.89633,28.3176101],[76.8963258,28.3176841]]]}},{"type":"Feature","properties":{"v":"Kukrola","m":"48","k":"8","t":"Manesar","vc":"04138","area":4032.0,"lat":28.3178424,"lng":76.8966647},"geometry":{"type":"Polygon","coordinates":[[[76.8964876,28.3175589],[76.8965652,28.3175627],[76.8970207,28.3175852],[76.8969903,28.3181281],[76.8963028,28.3180941],[76.8963258,28.3176841],[76.89633,28.3176101],[76.8964361,28.3175681],[76.8964624,28.3175577],[76.8964876,28.3175589]]]}},{"type":"Feature","properties":{"v":"Kukrola","m":"48","k":"7/2","t":"Manesar","vc":"04138","area":3130.1,"lat":28.3178428,"lng":76.8972791},"geometry":{"type":"Polygon","coordinates":[[[76.8970207,28.3175852],[76.8977082,28.3176192],[76.8973593,28.3181463],[76.8969903,28.3181281],[76.8970207,28.3175852]]]}},{"type":"Feature","properties":{"v":"Kukrola","m":"48","k":"6/3","t":"Manesar","vc":"04138","area":1380.0,"lat":28.3178679,"lng":76.8978337},"geometry":{"type":"Polygon","coordinates":[[[76.8977052,28.3176718],[76.8978209,28.3175822],[76.8980836,28.3179106],[76.8980415,28.3179366],[76.8977613,28.3181102],[76.8976777,28.318162],[76.8977052,28.3176718]]]}},{"type":"Feature","properties":{"v":"Kukrola","m":"48","k":"5/1","t":"Manesar","vc":"04138","area":709.1,"lat":28.3183526,"lng":76.8977483},"geometry":{"type":"Polygon","coordinates":[[[76.8976777,28.318162],[76.8977613,28.3181102],[76.8978874,28.3184161],[76.8976531,28.3186004],[76.8976777,28.318162]]]}},{"type":"Feature","properties":{"v":"Kukrola","m":"48","k":"4/2","t":"Manesar","vc":"04138","area":1763.5,"lat":28.3184211,"lng":76.8973332},"geometry":{"type":"Polygon","coordinates":[[[76.897615,28.3181589],[76.8975989,28.3184454],[76.8973411,28.3184327],[76.8973268,28.3186891],[76.8969598,28.3186709],[76.897401,28.3181484],[76.897615,28.3181589]]]}},{"type":"Feature","properties":{"v":"Kukrola","m":"48","k":"3","t":"Manesar","vc":"04138","area":4060.4,"lat":28.3183817,"lng":76.8966303},"geometry":{"type":"Polygon","coordinates":[[[76.8969903,28.3181281],[76.8969628,28.3186183],[76.8969134,28.3186687],[76.8962724,28.318637],[76.8963028,28.3180941],[76.8969903,28.3181281]]]}},{"type":"Feature","properties":{"v":"Kukrola","m":"48","k":"2","t":"Manesar","vc":"04138","area":4073.6,"lat":28.3183486,"lng":76.8959439},"geometry":{"type":"Polygon","coordinates":[[[76.8963028,28.3180941],[76.8962724,28.318637],[76.8955849,28.3186031],[76.8956154,28.3180602],[76.8963028,28.3180941]]]}},{"type":"Feature","properties":{"v":"Kukrola","m":"48","k":"1","t":"Manesar","vc":"04138","area":4326.8,"lat":28.3182961,"lng":76.8952762},"geometry":{"type":"Polygon","coordinates":[[[76.8956189,28.3179965],[76.8956154,28.3180602],[76.8955849,28.3186031],[76.8948975,28.3185691],[76.8949202,28.3181641],[76.8949245,28.3180866],[76.8955348,28.3179517],[76.8956226,28.3179322],[76.8956189,28.3179965]]]}},{"type":"Feature","properties":{"v":"Kukrola","m":"49","k":"5","t":"Manesar","vc":"04138","area":3140.3,"lat":28.3183421,"lng":76.8945831},"geometry":{"type":"Polygon","coordinates":[[[76.8949202,28.3181641],[76.8948975,28.3185691],[76.89421,28.3185351],[76.8942266,28.3182394],[76.8942299,28.3181806],[76.8948396,28.3180981],[76.8948548,28.318096],[76.8949245,28.3180866],[76.8949202,28.3181641]]]}},{"type":"Feature","properties":{"v":"Kukrola","m":"49","k":"4","t":"Manesar","vc":"04138","area":2311.4,"lat":28.3183616,"lng":76.8939037},"geometry":{"type":"Polygon","coordinates":[[[76.894175,28.3181812],[76.8942299,28.3181806],[76.8942266,28.3182394],[76.89421,28.3185351],[76.8935226,28.3185012],[76.8935292,28.3183822],[76.8935331,28.3183129],[76.8938068,28.3181929],[76.8938248,28.318185],[76.894175,28.3181812]]]}},{"type":"Feature","properties":{"v":"Kukrola","m":"49","k":"3","t":"Manesar","vc":"04138","area":396.8,"lat":28.3184321,"lng":76.8933973},"geometry":{"type":"Polygon","coordinates":[[[76.8935292,28.3183822],[76.8935226,28.3185012],[76.8932462,28.3184875],[76.8931362,28.3184821],[76.893495,28.3183292],[76.8935331,28.3183129],[76.8935292,28.3183822]]]}},{"type":"Feature","properties":{"v":"Kukrola","m":"36","k":"20/2","t":"Manesar","vc":"04138","area":203.8,"lat":28.3222683,"lng":76.8981541},"geometry":{"type":"Polygon","coordinates":[[[76.8981216,28.3225388],[76.8981521,28.321996],[76.8981865,28.3219977],[76.898156,28.3225405],[76.8981216,28.3225388]]]}},{"type":"Feature","properties":{"v":"Kukrola","m":"28","k":"9/1","t":"Manesar","vc":"04138","area":733.0,"lat":28.3263382,"lng":76.8989686},"geometry":{"type":"Polygon","coordinates":[[[76.8992836,28.3264067],[76.8986476,28.3263753],[76.8986535,28.3262697],[76.8992895,28.3263011],[76.8992836,28.3264067]]]}},{"type":"Feature","properties":{"v":"Kukrola","m":"37","k":"13/1","t":"Manesar","vc":"04138","area":2262.9,"lat":28.322846,"lng":76.896381},"geometry":{"type":"Polygon","coordinates":[[[76.8960288,28.3229799],[76.8960457,28.3226783],[76.8967332,28.3227122],[76.8967162,28.3230138],[76.8960288,28.3229799]]]}},{"type":"Feature","properties":{"v":"Kukrola","m":"37","k":"19/2","t":"Manesar","vc":"04138","area":1810.5,"lat":28.3219978,"lng":76.8957392},"geometry":{"type":"Polygon","coordinates":[[[76.8960761,28.3221354],[76.8953887,28.3221015],[76.8954022,28.3218602],[76.8960897,28.3218941],[76.8960829,28.3220148],[76.8960761,28.3221354]]]}},{"type":"Feature","properties":{"v":"Kukrola","m":"42","k":"2/2/1","t":"Manesar","vc":"04138","area":1578.2,"lat":28.3211099,"lng":76.8959785},"geometry":{"type":"Polygon","coordinates":[[[76.8961463,28.3208838],[76.8961201,28.3213513],[76.8958108,28.321336],[76.895837,28.3208685],[76.8961463,28.3208838]]]}},{"type":"Feature","properties":{"v":"Kukrola","m":"42","k":"2/2/2","t":"Manesar","vc":"04138","area":254.4,"lat":28.3208385,"lng":76.8959938},"geometry":{"type":"Polygon","coordinates":[[[76.895837,28.3208685],[76.8958412,28.3207932],[76.8961506,28.3208084],[76.8961463,28.3208838],[76.895837,28.3208685]]]}},{"type":"Feature","properties":{"v":"Kukrola","m":"42","k":"3/2","t":"Manesar","vc":"04138","area":1797.7,"lat":28.3211109,"lng":76.8966654},"geometry":{"type":"Polygon","coordinates":[[[76.8964982,28.32137],[76.8965287,28.3208271],[76.8967521,28.3208381],[76.8968338,28.3209178],[76.8968076,28.3213852],[76.8964982,28.32137]]]}},{"type":"Feature","properties":{"v":"Kukrola","m":"42","k":"10/2/2","t":"Manesar","vc":"04138","area":399.0,"lat":28.320242,"lng":76.8951128},"geometry":{"type":"Polygon","coordinates":[[[76.8954481,28.3202294],[76.8954042,28.3202848],[76.8948027,28.320258],[76.8948061,28.3201977],[76.8954481,28.3202294]]]}},{"type":"Feature","properties":{"v":"Kukrola","m":"41","k":"19/1","t":"Manesar","vc":"04138","area":905.3,"lat":28.3194756,"lng":76.8924338},"geometry":{"type":"Polygon","coordinates":[[[76.8920935,28.3193983],[76.8927809,28.3194323],[76.8927742,28.3195529],[76.8920867,28.319519],[76.8920935,28.3193983]]]}},{"type":"Feature","properties":{"v":"Kukrola","m":"41","k":"17/2","t":"Manesar","vc":"04138","area":913.6,"lat":28.3192113,"lng":76.8940029},"geometry":{"type":"Polygon","coordinates":[[[76.8937355,28.3193131],[76.8939561,28.319067],[76.8941796,28.319078],[76.8941652,28.3193343],[76.8937355,28.3193131]]]}},{"type":"Feature","properties":{"v":"Kukrola","m":"47","k":"2/1/2","t":"Manesar","vc":"04138","area":653.8,"lat":28.3185049,"lng":76.8992445},"geometry":{"type":"Polygon","coordinates":[[[76.8990668,28.3186468],[76.8990174,28.318674],[76.8990124,28.3185532],[76.8993827,28.3183577],[76.8995196,28.31845],[76.8990668,28.3186468]]]}},{"type":"Feature","properties":{"v":"Kukrola","m":"43","k":"20/1","t":"Manesar","vc":"04138","area":1199.2,"lat":28.3195874,"lng":76.8984013},"geometry":{"type":"Polygon","coordinates":[[[76.8984973,28.3198356],[76.8982739,28.3198245],[76.8983009,28.319342],[76.8985329,28.3193535],[76.8984973,28.3198356]]]}},{"type":"Feature","properties":{"v":"Kukrola","m":"42","k":"16/1","t":"Manesar","vc":"04138","area":1222.2,"lat":28.3195775,"lng":76.8981714},"geometry":{"type":"Polygon","coordinates":[[[76.8982739,28.3198245],[76.8980418,28.3198131],[76.8980689,28.3193305],[76.8983009,28.319342],[76.8982739,28.3198245]]]}},{"type":"Feature","properties":{"v":"Kukrola","m":"42","k":"14/2","t":"Manesar","vc":"04138","area":1697.4,"lat":28.3198868,"lng":76.8972363},"geometry":{"type":"Polygon","coordinates":[[[76.8968989,28.3197567],[76.8975864,28.3197906],[76.8975737,28.3200168],[76.8968862,28.3199829],[76.8968989,28.3197567]]]}},{"type":"Feature","properties":{"v":"Kukrola","m":"36","k":"22/1/2","t":"Manesar","vc":"04138","area":993.1,"lat":28.3217986,"lng":76.8993335},"geometry":{"type":"Polygon","coordinates":[[[76.8994806,28.3219708],[76.8992571,28.3219598],[76.899263,28.3218542],[76.8991427,28.3218483],[76.8991537,28.3216523],[76.8994975,28.3216692],[76.8994806,28.3219708]]]}},{"type":"Feature","properties":{"v":"Kukrola","m":"36","k":"","t":"Manesar","vc":"04138","area":2072.9,"lat":28.3222255,"lng":76.8992249},"geometry":{"type":"Polygon","coordinates":[[[76.8988396,28.3220299],[76.8994755,28.3220613],[76.8994503,28.3225098],[76.8994236,28.3225084],[76.8994203,28.3225688],[76.8988353,28.3221053],[76.8988396,28.3220299]]]}},{"type":"Feature","properties":{"v":"Kukrola","m":"36","k":"","t":"Manesar","vc":"04138","area":20.3,"lat":28.3225443,"lng":76.8994356},"geometry":{"type":"Polygon","coordinates":[[[76.8994503,28.3225098],[76.8994459,28.3225891],[76.8994203,28.3225688],[76.8994236,28.3225084],[76.8994503,28.3225098]]]}},{"type":"Feature","properties":{"v":"Kukrola","m":"42","k":"8/3","t":"Manesar","vc":"04138","area":1435.6,"lat":28.3206725,"lng":76.8963593},"geometry":{"type":"Polygon","coordinates":[[[76.8961506,28.3208084],[76.8961751,28.3203711],[76.8967521,28.3208381],[76.8965287,28.3208271],[76.8961506,28.3208084]]]}},{"type":"Feature","properties":{"v":"Kukrola","m":"42","k":"8/1","t":"Manesar","vc":"04138","area":742.7,"lat":28.320398,"lng":76.8967193},"geometry":{"type":"Polygon","coordinates":[[[76.8968685,28.3202995],[76.8968507,28.3206162],[76.8964388,28.3202783],[76.8968685,28.3202995]]]}},{"type":"Feature","properties":{"v":"Kukrola","m":"42","k":"12/2/2","t":"Manesar","vc":"04138","area":742.4,"lat":28.3200402,"lng":76.8958926},"geometry":{"type":"Polygon","coordinates":[[[76.8960092,28.3202571],[76.8956983,28.320022],[76.8958658,28.3198507],[76.8960239,28.3199935],[76.8960092,28.3202571]]]}},{"type":"Feature","properties":{"v":"Kukrola","m":"42","k":"12/1/1","t":"Manesar","vc":"04138","area":329.9,"lat":28.320004,"lng":76.8955622},"geometry":{"type":"Polygon","coordinates":[[[76.8955164,28.3198245],[76.895674,28.3200011],[76.8954961,28.3201864],[76.8955164,28.3198245]]]}},{"type":"Feature","properties":{"v":"Kukrola","m":"42","k":"12/1/3","t":"Manesar","vc":"04138","area":173.1,"lat":28.319745,"lng":76.89583},"geometry":{"type":"Polygon","coordinates":[[[76.8959537,28.31971],[76.8958405,28.3198278],[76.8956959,28.3196973],[76.8959537,28.31971]]]}},{"type":"Feature","properties":{"v":"Kukrola","m":"42","k":"12/2/3","t":"Manesar","vc":"04138","area":283.1,"lat":28.3198427,"lng":76.8959756},"geometry":{"type":"Polygon","coordinates":[[[76.8960009,28.3197123],[76.8960396,28.3197142],[76.8960239,28.3199935],[76.8958658,28.3198507],[76.8960009,28.3197123]]]}},{"type":"Feature","properties":{"v":"Kukrola","m":"42","k":"12/3/2","t":"Manesar","vc":"04138","area":417.0,"lat":28.3201486,"lng":76.8960961},"geometry":{"type":"Polygon","coordinates":[[[76.896181,28.3202656],[76.8960092,28.3202571],[76.8960239,28.3199935],[76.8961912,28.3200846],[76.896181,28.3202656]]]}},{"type":"Feature","properties":{"v":"Kukrola","m":"42","k":"13/2","t":"Manesar","vc":"04138","area":3818.3,"lat":28.3199979,"lng":76.8965579},"geometry":{"type":"Polygon","coordinates":[[[76.8962115,28.3197227],[76.8968989,28.3197567],[76.8968862,28.3199829],[76.8968685,28.3202995],[76.8964388,28.3202783],[76.8961912,28.3200846],[76.8962115,28.3197227]]]}},{"type":"Feature","properties":{"v":"Kukrola","m":"37","k":"25/1/2/1","t":"Manesar","vc":"04138","area":746.5,"lat":28.3219028,"lng":76.8977065},"geometry":{"type":"Polygon","coordinates":[[[76.8974646,28.321962],[76.8974714,28.3218414],[76.8977922,28.3217986],[76.8980146,28.3219892],[76.8974646,28.321962]]]}},{"type":"Feature","properties":{"v":"Kukrola","m":"37","k":"24/2/2/2","t":"Manesar","vc":"04138","area":25.4,"lat":28.3218376,"lng":76.8973941},"geometry":{"type":"Polygon","coordinates":[[[76.8973159,28.3218488],[76.8973167,28.3218338],[76.8974722,28.3218263],[76.8974714,28.3218414],[76.8973159,28.3218488]]]}},{"type":"Feature","properties":{"v":"Kukrola","m":"37","k":"25/2/2/1","t":"Manesar","vc":"04138","area":190.9,"lat":28.3219017,"lng":76.8973922},"geometry":{"type":"Polygon","coordinates":[[[76.8974302,28.3219603],[76.8973099,28.3219544],[76.8973159,28.3218488],[76.8974714,28.3218414],[76.8974646,28.321962],[76.8974302,28.3219603]]]}},{"type":"Feature","properties":{"v":"Kukrola","m":"37","k":"25/1/2/2","t":"Manesar","vc":"04138","area":46.5,"lat":28.3218143,"lng":76.8976235},"geometry":{"type":"Polygon","coordinates":[[[76.8974714,28.3218414],[76.8974722,28.3218263],[76.8977798,28.321788],[76.8977922,28.3217986],[76.8974714,28.3218414]]]}},{"type":"Feature","properties":{"v":"Kukrola","m":"37","k":"","t":"Manesar","vc":"04138","area":100.6,"lat":28.3214563,"lng":76.8974413},"geometry":{"type":"Polygon","coordinates":[[[76.8974951,28.3214192],[76.8974884,28.3215383],[76.8973404,28.3214115],[76.8974951,28.3214192]]]}},{"type":"Feature","properties":{"v":"Kukrola","m":"37","k":"","t":"Manesar","vc":"04138","area":2503.1,"lat":28.3216685,"lng":76.8978775},"geometry":{"type":"Polygon","coordinates":[[[76.8974884,28.3215383],[76.8974951,28.3214192],[76.8979054,28.3214394],[76.8981715,28.3216505],[76.8981521,28.321996],[76.8980146,28.3219892],[76.8977922,28.3217986],[76.8977798,28.321788],[76.8974884,28.3215383]]]}},{"type":"Feature","properties":{"v":"Kukrola","m":"42","k":"","t":"Manesar","vc":"04138","area":654.3,"lat":28.3213286,"lng":76.8976374},"geometry":{"type":"Polygon","coordinates":[[[76.8979054,28.3214394],[76.8974951,28.3214192],[76.8975114,28.3211278],[76.8975609,28.3211661],[76.8979054,28.3214394]]]}},{"type":"Feature","properties":{"v":"Kukrola","m":"42","k":"","t":"Manesar","vc":"04138","area":496.7,"lat":28.3209542,"lng":76.8974002},"geometry":{"type":"Polygon","coordinates":[[[76.8975255,28.3208763],[76.8975114,28.3211278],[76.8971636,28.3208584],[76.8975255,28.3208763]]]}},{"type":"Feature","properties":{"v":"Kukrola","m":"42","k":"","t":"Manesar","vc":"04138","area":35.3,"lat":28.3208661,"lng":76.896808},"geometry":{"type":"Polygon","coordinates":[[[76.896838,28.3208424],[76.8968338,28.3209178],[76.8967521,28.3208381],[76.896838,28.3208424]]]}},{"type":"Feature","properties":{"v":"Kukrola","m":"42","k":"9/2","t":"Manesar","vc":"04138","area":178.0,"lat":28.3202603,"lng":76.895763},"geometry":{"type":"Polygon","coordinates":[[[76.8954919,28.3202618],[76.8954936,28.3202316],[76.8960092,28.3202571],[76.8960566,28.3202897],[76.8954919,28.3202618]]]}},{"type":"Feature","properties":{"v":"Kukrola","m":"42","k":"","t":"Manesar","vc":"04138","area":401.9,"lat":28.3207723,"lng":76.8969508},"geometry":{"type":"Polygon","coordinates":[[[76.8968507,28.3206162],[76.8971636,28.3208584],[76.896838,28.3208424],[76.8968507,28.3206162]]]}},{"type":"Feature","properties":{"v":"Kukrola","m":"36","k":"","t":"Manesar","vc":"04138","area":51.8,"lat":28.322053,"lng":76.8987962},"geometry":{"type":"Polygon","coordinates":[[[76.8988396,28.3220299],[76.8988353,28.3221053],[76.8987137,28.3220237],[76.8988396,28.3220299]]]}},{"type":"Feature","properties":{"v":"Kukrola","m":"36","k":"","t":"Manesar","vc":"04138","area":1035.2,"lat":28.3218922,"lng":76.898345},"geometry":{"type":"Polygon","coordinates":[[[76.8981521,28.321996],[76.8981715,28.3216505],[76.898247,28.3217105],[76.8987137,28.3220237],[76.8981865,28.3219977],[76.8981521,28.321996]]]}},{"type":"Feature","properties":{"v":"Kukrola","m":"37","k":"","t":"Manesar","vc":"04138","area":277.9,"lat":28.3215185,"lng":76.8980924},"geometry":{"type":"Polygon","coordinates":[[[76.8981825,28.3214531],[76.8981715,28.3216505],[76.8979054,28.3214394],[76.8979626,28.3214423],[76.8980082,28.3214878],[76.8980497,28.3214466],[76.8981825,28.3214531]]]}},{"type":"Feature","properties":{"v":"Kukrola","m":"42","k":"","t":"Manesar","vc":"04138","area":1359.0,"lat":28.3212382,"lng":76.8969939},"geometry":{"type":"Polygon","coordinates":[[[76.8968076,28.3213852],[76.8968338,28.3209178],[76.8973404,28.3214115],[76.8968076,28.3213852]]]}},{"type":"Feature","properties":{"v":"Kukrola","m":"42","k":"","t":"Manesar","vc":"04138","area":50.5,"lat":28.3203188,"lng":76.896137},"geometry":{"type":"Polygon","coordinates":[[[76.8961751,28.3203711],[76.8960566,28.3202897],[76.8961793,28.3202957],[76.8961751,28.3203711]]]}},{"type":"Feature","properties":{"v":"Kukrola","m":"42","k":"","t":"Manesar","vc":"04138","area":48.4,"lat":28.3202762,"lng":76.8961059},"geometry":{"type":"Polygon","coordinates":[[[76.896181,28.3202656],[76.8961793,28.3202957],[76.8960566,28.3202897],[76.8960092,28.3202571],[76.896181,28.3202656]]]}},{"type":"Feature","properties":{"v":"Kukrola","m":"0","k":"","t":"Manesar","vc":"04138","area":257.1,"lat":28.3169534,"lng":76.8983214},"geometry":{"type":"Polygon","coordinates":[[[76.8983248,28.3168611],[76.8983262,28.3168651],[76.8984071,28.3171093],[76.8983558,28.3171493],[76.8983401,28.317106],[76.8982651,28.3168881],[76.8982569,28.3168641],[76.8982331,28.3167949],[76.8982572,28.3167838],[76.8982937,28.3167671],[76.8983248,28.3168611]]]}},{"type":"Feature","properties":{"v":"Kukrola","m":"29","k":"18","t":"Manesar","vc":"04138","area":566.2,"lat":28.325377,"lng":76.9028859},"geometry":{"type":"Polygon","coordinates":[[[76.9027819,28.3254906],[76.9028018,28.3251355],[76.9030741,28.325505],[76.9027819,28.3254906]]]}},{"type":"Feature","properties":{"v":"Kukrola","m":"29","k":"23/2","t":"Manesar","vc":"04138","area":584.5,"lat":28.324498,"lng":76.9033225},"geometry":{"type":"Polygon","coordinates":[[[76.9035303,28.3244388],[76.9035646,28.3244405],[76.9033539,28.3246384],[76.903049,28.324415],[76.9035303,28.3244388]]]}},{"type":"Feature","properties":{"v":"Kukrola","m":"29","k":"25","t":"Manesar","vc":"04138","area":4276.5,"lat":28.3247728,"lng":76.9045801},"geometry":{"type":"Polygon","coordinates":[[[76.9048748,28.3250494],[76.9048579,28.325351],[76.9039771,28.3244608],[76.9042177,28.3244727],[76.9049052,28.3245066],[76.9048748,28.3250494]]]}},{"type":"Feature","properties":{"v":"Kukrola","m":"29","k":"23/1","t":"Manesar","vc":"04138","area":2371.2,"lat":28.3247067,"lng":76.9030089},"geometry":{"type":"Polygon","coordinates":[[[76.9028123,28.3249477],[76.9028428,28.3244049],[76.903049,28.324415],[76.9033539,28.3246384],[76.9030186,28.3249579],[76.9028018,28.3251355],[76.9028123,28.3249477]]]}},{"type":"Feature","properties":{"v":"Kukrola","m":"29","k":"22","t":"Manesar","vc":"04138","area":4072.9,"lat":28.3246594,"lng":76.9024838},"geometry":{"type":"Polygon","coordinates":[[[76.9028123,28.3249477],[76.9021248,28.3249138],[76.9021553,28.324371],[76.9028428,28.3244049],[76.9028123,28.3249477]]]}},{"type":"Feature","properties":{"v":"Kukrola","m":"29","k":"21","t":"Manesar","vc":"04138","area":4073.0,"lat":28.3246254,"lng":76.9017963},"geometry":{"type":"Polygon","coordinates":[[[76.9014374,28.3248799],[76.9014678,28.324337],[76.9021553,28.324371],[76.9021248,28.3249138],[76.9014374,28.3248799]]]}},{"type":"Feature","properties":{"v":"Kukrola","m":"29","k":"20","t":"Manesar","vc":"04138","area":4072.9,"lat":28.3251683,"lng":76.9017659},"geometry":{"type":"Polygon","coordinates":[[[76.9014069,28.3254227],[76.9014374,28.3248799],[76.9021248,28.3249138],[76.9020944,28.3254567],[76.9014069,28.3254227]]]}},{"type":"Feature","properties":{"v":"Kukrola","m":"29","k":"19","t":"Manesar","vc":"04138","area":4073.6,"lat":28.3252022,"lng":76.9024534},"geometry":{"type":"Polygon","coordinates":[[[76.9028018,28.3251355],[76.9027819,28.3254906],[76.9020944,28.3254567],[76.9021248,28.3249138],[76.9028123,28.3249477],[76.9028018,28.3251355]]]}},{"type":"Feature","properties":{"v":"Kukrola","m":"29","k":"15","t":"Manesar","vc":"04138","area":1753.0,"lat":28.325963,"lng":76.9045953},"geometry":{"type":"Polygon","coordinates":[[[76.904814,28.3261352],[76.9043771,28.3261136],[76.9041307,28.3260259],[76.9044862,28.3259266],[76.9044866,28.3258299],[76.9048385,28.3256979],[76.904814,28.3261352]]]}},{"type":"Feature","properties":{"v":"Kukrola","m":"29","k":"13","t":"Manesar","vc":"04138","area":3003.8,"lat":28.3258136,"lng":76.9030333},"geometry":{"type":"Polygon","coordinates":[[[76.903439,28.3260673],[76.9027515,28.3260334],[76.9027819,28.3254906],[76.9030741,28.325505],[76.9034734,28.326069],[76.903439,28.3260673]]]}},{"type":"Feature","properties":{"v":"Kukrola","m":"29","k":"12","t":"Manesar","vc":"04138","area":4072.8,"lat":28.3257451,"lng":76.902423},"geometry":{"type":"Polygon","coordinates":[[[76.9027515,28.3260334],[76.902064,28.3259995],[76.9020944,28.3254567],[76.9027819,28.3254906],[76.9027515,28.3260334]]]}},{"type":"Feature","properties":{"v":"Kukrola","m":"29","k":"11","t":"Manesar","vc":"04138","area":4073.2,"lat":28.3257111,"lng":76.9017354},"geometry":{"type":"Polygon","coordinates":[[[76.902064,28.3259995],[76.9013765,28.3259656],[76.9014069,28.3254227],[76.9020944,28.3254567],[76.902064,28.3259995]]]}},{"type":"Feature","properties":{"v":"Kukrola","m":"29","k":"10","t":"Manesar","vc":"04138","area":4073.5,"lat":28.326254,"lng":76.9017051},"geometry":{"type":"Polygon","coordinates":[[[76.9013461,28.3265085],[76.9013765,28.3259656],[76.902064,28.3259995],[76.9020336,28.3265424],[76.9013461,28.3265085]]]}},{"type":"Feature","properties":{"v":"Kukrola","m":"29","k":"9","t":"Manesar","vc":"04138","area":4073.5,"lat":28.3262879,"lng":76.9023925},"geometry":{"type":"Polygon","coordinates":[[[76.9020336,28.3265424],[76.902064,28.3259995],[76.9027515,28.3260334],[76.9027211,28.3265763],[76.9020336,28.3265424]]]}},{"type":"Feature","properties":{"v":"Kukrola","m":"29","k":"8","t":"Manesar","vc":"04138","area":4073.5,"lat":28.3263218,"lng":76.90308},"geometry":{"type":"Polygon","coordinates":[[[76.9027211,28.3265763],[76.9027515,28.3260334],[76.903439,28.3260673],[76.9034086,28.3266102],[76.9027211,28.3265763]]]}},{"type":"Feature","properties":{"v":"Kukrola","m":"29","k":"7","t":"Manesar","vc":"04138","area":3281.3,"lat":28.3264048,"lng":76.9037463},"geometry":{"type":"Polygon","coordinates":[[[76.9034086,28.3266102],[76.903439,28.3260673],[76.9034734,28.326069],[76.9035814,28.3262061],[76.9037725,28.3261467],[76.9041151,28.3263057],[76.9040961,28.3266441],[76.9034086,28.3266102]]]}},{"type":"Feature","properties":{"v":"Kukrola","m":"29","k":"6","t":"Manesar","vc":"04138","area":1878.2,"lat":28.3262924,"lng":76.9044656},"geometry":{"type":"Polygon","coordinates":[[[76.9047921,28.3265272],[76.9041151,28.3263057],[76.9041265,28.3261013],[76.9043771,28.3261136],[76.9048056,28.326286],[76.9047921,28.3265272]]]}},{"type":"Feature","properties":{"v":"Kukrola","m":"29","k":"5","t":"Manesar","vc":"04138","area":4073.5,"lat":28.3269325,"lng":76.9044247},"geometry":{"type":"Polygon","coordinates":[[[76.9040657,28.327187],[76.9040961,28.3266441],[76.9047836,28.326678],[76.9047532,28.3272209],[76.9040657,28.327187]]]}},{"type":"Feature","properties":{"v":"Kukrola","m":"29","k":"4","t":"Manesar","vc":"04138","area":4073.2,"lat":28.3268986,"lng":76.9037371},"geometry":{"type":"Polygon","coordinates":[[[76.9038422,28.3271759],[76.9033782,28.3271531],[76.9034086,28.3266102],[76.9040961,28.3266441],[76.9040657,28.327187],[76.9038422,28.3271759]]]}},{"type":"Feature","properties":{"v":"Kukrola","m":"29","k":"3","t":"Manesar","vc":"04138","area":4073.2,"lat":28.3268647,"lng":76.9030497},"geometry":{"type":"Polygon","coordinates":[[[76.9030344,28.3271361],[76.9026907,28.3271191],[76.9027211,28.3265763],[76.9034086,28.3266102],[76.9033782,28.3271531],[76.9030344,28.3271361]]]}},{"type":"Feature","properties":{"v":"Kukrola","m":"29","k":"2","t":"Manesar","vc":"04138","area":4073.0,"lat":28.3268308,"lng":76.9023621},"geometry":{"type":"Polygon","coordinates":[[[76.9020547,28.3270878],[76.9020032,28.3270852],[76.9020336,28.3265424],[76.9027211,28.3265763],[76.9026907,28.3271191],[76.9020547,28.3270878]]]}},{"type":"Feature","properties":{"v":"Kukrola","m":"29","k":"1","t":"Manesar","vc":"04138","area":4073.1,"lat":28.3267969,"lng":76.9016746},"geometry":{"type":"Polygon","coordinates":[[[76.9013156,28.3270513],[76.9013461,28.3265085],[76.9020336,28.3265424],[76.9020032,28.3270852],[76.9013156,28.3270513]]]}},{"type":"Feature","properties":{"v":"Kukrola","m":"30","k":"11/2","t":"Manesar","vc":"04138","area":678.7,"lat":28.3257253,"lng":76.9053951},"geometry":{"type":"Polygon","coordinates":[[[76.9055319,28.3256262],[76.9055142,28.3259429],[76.9051392,28.3256068],[76.9055319,28.3256262]]]}},{"type":"Feature","properties":{"v":"Kukrola","m":"30","k":"12/1","t":"Manesar","vc":"04138","area":360.7,"lat":28.3260985,"lng":76.9056031},"geometry":{"type":"Polygon","coordinates":[[[76.9055015,28.3261691],[76.9055142,28.3259429],[76.9057937,28.3261835],[76.9055015,28.3261691]]]}},{"type":"Feature","properties":{"v":"Kukrola","m":"30","k":"9/1","t":"Manesar","vc":"04138","area":650.4,"lat":28.326297,"lng":76.9060516},"geometry":{"type":"Polygon","coordinates":[[[76.906189,28.326203],[76.9061721,28.3265045],[76.9057937,28.3261835],[76.906189,28.326203]]]}},{"type":"Feature","properties":{"v":"Kukrola","m":"30","k":"8/2","t":"Manesar","vc":"04138","area":407.4,"lat":28.3266705,"lng":76.9062662},"geometry":{"type":"Polygon","coordinates":[[[76.9061586,28.3267458],[76.9061721,28.3265045],[76.906468,28.3267611],[76.9061586,28.3267458]]]}},{"type":"Feature","properties":{"v":"Kukrola","m":"30","k":"3/2","t":"Manesar","vc":"04138","area":580.2,"lat":28.3268658,"lng":76.9067129},"geometry":{"type":"Polygon","coordinates":[[[76.9068461,28.3267797],[76.9068318,28.3270361],[76.906766,28.3270122],[76.906468,28.3267611],[76.9068461,28.3267797]]]}},{"type":"Feature","properties":{"v":"Kukrola","m":"30","k":"4/1/2","t":"Manesar","vc":"04138","area":398.7,"lat":28.3272364,"lng":76.9069289},"geometry":{"type":"Polygon","coordinates":[[[76.9071251,28.3273378],[76.9069532,28.3273293],[76.9068183,28.3272773],[76.9068301,28.3270662],[76.9071251,28.3273378]]]}},{"type":"Feature","properties":{"v":"Kukrola","m":"30","k":"13","t":"Manesar","vc":"04138","area":4073.2,"lat":28.3259485,"lng":76.9065479},"geometry":{"type":"Polygon","coordinates":[[[76.9062194,28.3256601],[76.9069069,28.325694],[76.9068765,28.3262368],[76.906189,28.326203],[76.9062194,28.3256601]]]}},{"type":"Feature","properties":{"v":"Kukrola","m":"30","k":"25","t":"Manesar","vc":"04138","area":4072.8,"lat":28.3249306,"lng":76.9079837},"geometry":{"type":"Polygon","coordinates":[[[76.9076248,28.325185],[76.9076552,28.3246422],[76.9083427,28.3246761],[76.9083123,28.3252189],[76.9076248,28.325185]]]}},{"type":"Feature","properties":{"v":"Kukrola","m":"30","k":"24","t":"Manesar","vc":"04138","area":4072.8,"lat":28.3248966,"lng":76.9072963},"geometry":{"type":"Polygon","coordinates":[[[76.9076248,28.325185],[76.9069373,28.3251511],[76.9069677,28.3246083],[76.9076552,28.3246422],[76.9076248,28.325185]]]}},{"type":"Feature","properties":{"v":"Kukrola","m":"30","k":"23","t":"Manesar","vc":"04138","area":4072.8,"lat":28.3248628,"lng":76.9066087},"geometry":{"type":"Polygon","coordinates":[[[76.9062498,28.3251172],[76.9062802,28.3245744],[76.9069677,28.3246083],[76.9069373,28.3251511],[76.9062498,28.3251172]]]}},{"type":"Feature","properties":{"v":"Kukrola","m":"30","k":"22","t":"Manesar","vc":"04138","area":4072.8,"lat":28.3248288,"lng":76.9059213},"geometry":{"type":"Polygon","coordinates":[[[76.9055623,28.3250833],[76.9055927,28.3245405],[76.9062802,28.3245744],[76.9062498,28.3251172],[76.9055623,28.3250833]]]}},{"type":"Feature","properties":{"v":"Kukrola","m":"30","k":"21","t":"Manesar","vc":"04138","area":4072.8,"lat":28.324795,"lng":76.9052337},"geometry":{"type":"Polygon","coordinates":[[[76.9055623,28.3250833],[76.9048748,28.3250494],[76.9049052,28.3245066],[76.9055927,28.3245405],[76.9055623,28.3250833]]]}},{"type":"Feature","properties":{"v":"Kukrola","m":"30","k":"20","t":"Manesar","vc":"04138","area":3685.3,"lat":28.3253189,"lng":76.9052303},"geometry":{"type":"Polygon","coordinates":[[[76.9055623,28.3250833],[76.9055319,28.3256262],[76.9051392,28.3256068],[76.9048579,28.325351],[76.9048748,28.3250494],[76.9055623,28.3250833]]]}},{"type":"Feature","properties":{"v":"Kukrola","m":"30","k":"19","t":"Manesar","vc":"04138","area":4073.6,"lat":28.3253717,"lng":76.9058908},"geometry":{"type":"Polygon","coordinates":[[[76.9062498,28.3251172],[76.9062194,28.3256601],[76.9055319,28.3256262],[76.9055623,28.3250833],[76.9062498,28.3251172]]]}},{"type":"Feature","properties":{"v":"Kukrola","m":"30","k":"18","t":"Manesar","vc":"04138","area":4073.6,"lat":28.3254056,"lng":76.9065783},"geometry":{"type":"Polygon","coordinates":[[[76.9069069,28.325694],[76.9062194,28.3256601],[76.9062498,28.3251172],[76.9069373,28.3251511],[76.9069069,28.325694]]]}},{"type":"Feature","properties":{"v":"Kukrola","m":"30","k":"17","t":"Manesar","vc":"04138","area":4073.6,"lat":28.3254395,"lng":76.9072659},"geometry":{"type":"Polygon","coordinates":[[[76.9075944,28.3257279],[76.9069069,28.325694],[76.9069373,28.3251511],[76.9076248,28.325185],[76.9075944,28.3257279]]]}},{"type":"Feature","properties":{"v":"Kukrola","m":"30","k":"16","t":"Manesar","vc":"04138","area":4073.6,"lat":28.3254734,"lng":76.9079533},"geometry":{"type":"Polygon","coordinates":[[[76.9075944,28.3257279],[76.9076248,28.325185],[76.9083123,28.3252189],[76.9082819,28.3257618],[76.9075944,28.3257279]]]}},{"type":"Feature","properties":{"v":"Kukrola","m":"30","k":"15","t":"Manesar","vc":"04138","area":4072.8,"lat":28.3260162,"lng":76.9079229},"geometry":{"type":"Polygon","coordinates":[[[76.9075944,28.3257279],[76.9082819,28.3257618],[76.9082515,28.3263046],[76.907564,28.3262707],[76.9075944,28.3257279]]]}},{"type":"Feature","properties":{"v":"Kukrola","m":"30","k":"14","t":"Manesar","vc":"04138","area":4072.8,"lat":28.3259824,"lng":76.9072354},"geometry":{"type":"Polygon","coordinates":[[[76.9069069,28.325694],[76.9075944,28.3257279],[76.907564,28.3262707],[76.9068765,28.3262368],[76.9069069,28.325694]]]}},{"type":"Feature","properties":{"v":"Kukrola","m":"30","k":"12/2","t":"Manesar","vc":"04138","area":3712.8,"lat":28.3258967,"lng":76.9058855},"geometry":{"type":"Polygon","coordinates":[[[76.9055319,28.3256262],[76.9062194,28.3256601],[76.906189,28.326203],[76.9057937,28.3261835],[76.9055142,28.3259429],[76.9055319,28.3256262]]]}},{"type":"Feature","properties":{"v":"Kukrola","m":"30","k":"11/1/2","t":"Manesar","vc":"04138","area":2586.6,"lat":28.3259284,"lng":76.9051995},"geometry":{"type":"Polygon","coordinates":[[[76.9055142,28.3259429],[76.9055015,28.3261691],[76.9049571,28.3261422],[76.9049521,28.3256635],[76.9051392,28.3256068],[76.9055142,28.3259429]]]}},{"type":"Feature","properties":{"v":"Kukrola","m":"30","k":"10/2","t":"Manesar","vc":"04138","area":1767.5,"lat":28.3265232,"lng":76.9051264},"geometry":{"type":"Polygon","coordinates":[[[76.9054812,28.326531],[76.9054711,28.3267119],[76.9052477,28.3267009],[76.9048258,28.3265401],[76.9047921,28.3265272],[76.9048056,28.326286],[76.9049491,28.326338],[76.9054812,28.326531]]]}},{"type":"Feature","properties":{"v":"Kukrola","m":"30","k":"9/2/2","t":"Manesar","vc":"04138","area":2862.5,"lat":28.3264541,"lng":76.9058123},"geometry":{"type":"Polygon","coordinates":[[[76.9061586,28.3267458],[76.9060383,28.3267399],[76.9054812,28.326531],[76.9054872,28.3264254],[76.9055015,28.3261691],[76.9057937,28.3261835],[76.9061721,28.3265045],[76.9061586,28.3267458]]]}},{"type":"Feature","properties":{"v":"Kukrola","m":"30","k":"8/1","t":"Manesar","vc":"04138","area":3665.9,"lat":28.3264714,"lng":76.9065455},"geometry":{"type":"Polygon","coordinates":[[[76.9068461,28.3267797],[76.906468,28.3267611],[76.9061721,28.3265045],[76.906189,28.326203],[76.9068765,28.3262368],[76.9068461,28.3267797]]]}},{"type":"Feature","properties":{"v":"Kukrola","m":"30","k":"7","t":"Manesar","vc":"04138","area":4073.5,"lat":28.3265252,"lng":76.9072051},"geometry":{"type":"Polygon","coordinates":[[[76.9068461,28.3267797],[76.9068765,28.3262368],[76.907564,28.3262707],[76.9075336,28.3268136],[76.9068461,28.3267797]]]}},{"type":"Feature","properties":{"v":"Kukrola","m":"30","k":"6","t":"Manesar","vc":"04138","area":4073.5,"lat":28.3265591,"lng":76.9078925},"geometry":{"type":"Polygon","coordinates":[[[76.9075336,28.3268136],[76.907564,28.3262707],[76.9082515,28.3263046],[76.9082211,28.3268475],[76.9075336,28.3268136]]]}},{"type":"Feature","properties":{"v":"Kukrola","m":"30","k":"5","t":"Manesar","vc":"04138","area":4011.0,"lat":28.3270983,"lng":76.9078667},"geometry":{"type":"Polygon","coordinates":[[[76.9082211,28.3268475],[76.9081908,28.3273903],[76.9076923,28.3273658],[76.9075066,28.3272961],[76.9075336,28.3268136],[76.9082211,28.3268475]]]}},{"type":"Feature","properties":{"v":"Kukrola","m":"30","k":"4/2","t":"Manesar","vc":"04138","area":2771.9,"lat":28.3269889,"lng":76.9072143},"geometry":{"type":"Polygon","coordinates":[[[76.9068461,28.3267797],[76.9075336,28.3268136],[76.9075066,28.3272961],[76.9068318,28.3270361],[76.9068461,28.3267797]]]}},{"type":"Feature","properties":{"v":"Kukrola","m":"30","k":"3/1/2","t":"Manesar","vc":"04138","area":1799.3,"lat":28.3270341,"lng":76.9064852},"geometry":{"type":"Polygon","coordinates":[[[76.9068301,28.3270662],[76.9068183,28.3272773],[76.9061426,28.3270323],[76.9061561,28.326791],[76.906766,28.3270122],[76.9068301,28.3270662]]]}},{"type":"Feature","properties":{"v":"Kukrola","m":"30","k":"2/1","t":"Manesar","vc":"04138","area":2772.7,"lat":28.3270795,"lng":76.90576},"geometry":{"type":"Polygon","coordinates":[[[76.9055438,28.3272599],[76.9054407,28.3272548],[76.9054677,28.3267722],[76.9061426,28.3270323],[76.9061282,28.3272887],[76.9055438,28.3272599]]]}},{"type":"Feature","properties":{"v":"Kukrola","m":"30","k":"1/1/2/2/2","t":"Manesar","vc":"04138","area":3389.0,"lat":28.3269742,"lng":76.9051587},"geometry":{"type":"Polygon","coordinates":[[[76.9051829,28.3272421],[76.9048563,28.327226],[76.9048867,28.3266831],[76.9052477,28.3267009],[76.9054677,28.3267722],[76.9054407,28.3272548],[76.9051829,28.3272421]]]}},{"type":"Feature","properties":{"v":"Kukrola","m":"31","k":"23","t":"Manesar","vc":"04138","area":796.3,"lat":28.3252079,"lng":76.9098767},"geometry":{"type":"Polygon","coordinates":[[[76.9096873,28.3252867],[76.9097021,28.325023],[76.9102407,28.3253139],[76.9096873,28.3252867]]]}},{"type":"Feature","properties":{"v":"Kukrola","m":"31","k":"13","t":"Manesar","vc":"04138","area":4073.5,"lat":28.3261179,"lng":76.9099854},"geometry":{"type":"Polygon","coordinates":[[[76.910314,28.3264063],[76.9096265,28.3263724],[76.9096569,28.3258295],[76.9103444,28.3258634],[76.910314,28.3264063]]]}},{"type":"Feature","properties":{"v":"Kukrola","m":"31","k":"22","t":"Manesar","vc":"04138","area":3314.9,"lat":28.325037,"lng":76.9093155},"geometry":{"type":"Polygon","coordinates":[[[76.9096873,28.3252867],[76.9089998,28.3252528],[76.9090302,28.3247099],[76.9092278,28.3247197],[76.9094275,28.3248521],[76.9097021,28.325023],[76.9096873,28.3252867]]]}},{"type":"Feature","properties":{"v":"Kukrola","m":"31","k":"21","t":"Manesar","vc":"04138","area":4073.2,"lat":28.3249644,"lng":76.9086713},"geometry":{"type":"Polygon","coordinates":[[[76.9089998,28.3252528],[76.9083123,28.3252189],[76.9083427,28.3246761],[76.9090302,28.3247099],[76.9089998,28.3252528]]]}},{"type":"Feature","properties":{"v":"Kukrola","m":"31","k":"20","t":"Manesar","vc":"04138","area":4073.6,"lat":28.3255073,"lng":76.9086409},"geometry":{"type":"Polygon","coordinates":[[[76.9089694,28.3257957],[76.9082819,28.3257618],[76.9083123,28.3252189],[76.9089998,28.3252528],[76.9089694,28.3257957]]]}},{"type":"Feature","properties":{"v":"Kukrola","m":"31","k":"19","t":"Manesar","vc":"04138","area":4073.2,"lat":28.3255412,"lng":76.9093283},"geometry":{"type":"Polygon","coordinates":[[[76.9089694,28.3257957],[76.9089998,28.3252528],[76.9096873,28.3252867],[76.9096569,28.3258295],[76.9089694,28.3257957]]]}},{"type":"Feature","properties":{"v":"Kukrola","m":"31","k":"18","t":"Manesar","vc":"04138","area":4028.9,"lat":28.3255776,"lng":76.9100124},"geometry":{"type":"Polygon","coordinates":[[[76.9096569,28.3258295],[76.9096873,28.3252867],[76.9102407,28.3253139],[76.9103714,28.3253809],[76.9103444,28.3258634],[76.9096569,28.3258295]]]}},{"type":"Feature","properties":{"v":"Kukrola","m":"31","k":"17","t":"Manesar","vc":"04138","area":2206.3,"lat":28.3257096,"lng":76.9106241},"geometry":{"type":"Polygon","coordinates":[[[76.9103444,28.3258634],[76.9103714,28.3253809],[76.9106822,28.3255725],[76.9110378,28.3257917],[76.9110319,28.3258973],[76.9103444,28.3258634]]]}},{"type":"Feature","properties":{"v":"Kukrola","m":"31","k":"15","t":"Manesar","vc":"04138","area":3308.1,"lat":28.3262177,"lng":76.9113046},"geometry":{"type":"Polygon","coordinates":[[[76.9110319,28.3258973],[76.9110378,28.3257917],[76.9113662,28.3260136],[76.9117021,28.3262406],[76.9116891,28.326474],[76.9110016,28.3264401],[76.9110319,28.3258973]]]}},{"type":"Feature","properties":{"v":"Kukrola","m":"31","k":"14","t":"Manesar","vc":"04138","area":4073.4,"lat":28.3261518,"lng":76.910673},"geometry":{"type":"Polygon","coordinates":[[[76.910314,28.3264063],[76.9103444,28.3258634],[76.9110319,28.3258973],[76.9110016,28.3264401],[76.910314,28.3264063]]]}},{"type":"Feature","properties":{"v":"Kukrola","m":"31","k":"12","t":"Manesar","vc":"04138","area":4073.1,"lat":28.326084,"lng":76.909298},"geometry":{"type":"Polygon","coordinates":[[[76.9096265,28.3263724],[76.908939,28.3263385],[76.9089694,28.3257957],[76.9096569,28.3258295],[76.9096265,28.3263724]]]}},{"type":"Feature","properties":{"v":"Kukrola","m":"31","k":"11","t":"Manesar","vc":"04138","area":4072.8,"lat":28.3260502,"lng":76.9086104},"geometry":{"type":"Polygon","coordinates":[[[76.908939,28.3263385],[76.9082515,28.3263046],[76.9082819,28.3257618],[76.9089694,28.3257957],[76.908939,28.3263385]]]}},{"type":"Feature","properties":{"v":"Kukrola","m":"31","k":"10","t":"Manesar","vc":"04138","area":4073.8,"lat":28.326593,"lng":76.9085801},"geometry":{"type":"Polygon","coordinates":[[[76.9089087,28.3268814],[76.9082211,28.3268475],[76.9082515,28.3263046],[76.908939,28.3263385],[76.9089087,28.3268814]]]}},{"type":"Feature","properties":{"v":"Kukrola","m":"31","k":"9","t":"Manesar","vc":"04138","area":4073.1,"lat":28.3266269,"lng":76.9092676},"geometry":{"type":"Polygon","coordinates":[[[76.9095962,28.3269152],[76.9089087,28.3268814],[76.908939,28.3263385],[76.9096265,28.3263724],[76.9095962,28.3269152]]]}},{"type":"Feature","properties":{"v":"Kukrola","m":"31","k":"8","t":"Manesar","vc":"04138","area":4072.7,"lat":28.3266607,"lng":76.9099551},"geometry":{"type":"Polygon","coordinates":[[[76.9102837,28.3269491],[76.9095962,28.3269152],[76.9096265,28.3263724],[76.910314,28.3264063],[76.9102837,28.3269491]]]}},{"type":"Feature","properties":{"v":"Kukrola","m":"31","k":"7","t":"Manesar","vc":"04138","area":4073.4,"lat":28.3266946,"lng":76.9106426},"geometry":{"type":"Polygon","coordinates":[[[76.9109712,28.326983],[76.9102837,28.3269491],[76.910314,28.3264063],[76.9110016,28.3264401],[76.9109712,28.326983]]]}},{"type":"Feature","properties":{"v":"Kukrola","m":"31","k":"6","t":"Manesar","vc":"04138","area":4073.5,"lat":28.3267285,"lng":76.9113301},"geometry":{"type":"Polygon","coordinates":[[[76.9109712,28.326983],[76.9110016,28.3264401],[76.9116891,28.326474],[76.9116587,28.3270169],[76.9109712,28.326983]]]}},{"type":"Feature","properties":{"v":"Kukrola","m":"31","k":"5","t":"Manesar","vc":"04138","area":4072.7,"lat":28.3272714,"lng":76.9112997},"geometry":{"type":"Polygon","coordinates":[[[76.9109408,28.3275258],[76.9109712,28.326983],[76.9116587,28.3270169],[76.9116283,28.3275597],[76.9109408,28.3275258]]]}},{"type":"Feature","properties":{"v":"Kukrola","m":"31","k":"4","t":"Manesar","vc":"04138","area":4073.1,"lat":28.3272375,"lng":76.9106122},"geometry":{"type":"Polygon","coordinates":[[[76.9102533,28.327492],[76.9102837,28.3269491],[76.9109712,28.326983],[76.9109408,28.3275258],[76.9102533,28.327492]]]}},{"type":"Feature","properties":{"v":"Kukrola","m":"31","k":"3","t":"Manesar","vc":"04138","area":4073.5,"lat":28.3272036,"lng":76.9099247},"geometry":{"type":"Polygon","coordinates":[[[76.9095658,28.3274581],[76.9095962,28.3269152],[76.9102837,28.3269491],[76.9102533,28.327492],[76.9095658,28.3274581]]]}},{"type":"Feature","properties":{"v":"Kukrola","m":"31","k":"2","t":"Manesar","vc":"04138","area":4073.1,"lat":28.3271697,"lng":76.9092373},"geometry":{"type":"Polygon","coordinates":[[[76.9088783,28.3274242],[76.9089087,28.3268814],[76.9095962,28.3269152],[76.9095658,28.3274581],[76.9088783,28.3274242]]]}},{"type":"Feature","properties":{"v":"Kukrola","m":"31","k":"1","t":"Manesar","vc":"04138","area":4073.0,"lat":28.3271358,"lng":76.9085497},"geometry":{"type":"Polygon","coordinates":[[[76.9088783,28.3274242],[76.9081908,28.3273903],[76.9082211,28.3268475],[76.9089087,28.3268814],[76.9088783,28.3274242]]]}},{"type":"Feature","properties":{"v":"Kukrola","m":"32","k":"10","t":"Manesar","vc":"04138","area":4390.1,"lat":28.3267289,"lng":76.9119818},"geometry":{"type":"Polygon","coordinates":[[[76.9123462,28.3270507],[76.9116587,28.3270169],[76.9116891,28.326474],[76.9117021,28.3262406],[76.9121101,28.3264947],[76.9123681,28.3266587],[76.9123462,28.3270507]]]}},{"type":"Feature","properties":{"v":"Kukrola","m":"32","k":"9","t":"Manesar","vc":"04138","area":1584.0,"lat":28.3269314,"lng":76.9125991},"geometry":{"type":"Polygon","coordinates":[[[76.9130337,28.3270846],[76.9123462,28.3270507],[76.9123681,28.3266587],[76.9130354,28.3270544],[76.9130337,28.3270846]]]}},{"type":"Feature","properties":{"v":"Kukrola","m":"32","k":"4","t":"Manesar","vc":"04138","area":2239.7,"lat":28.3275341,"lng":76.9140216},"geometry":{"type":"Polygon","coordinates":[[[76.9139397,28.327347],[76.9140955,28.3273845],[76.9142077,28.3274441],[76.914498,28.3276542],[76.9145674,28.3277045],[76.9143784,28.3276952],[76.9136909,28.3276613],[76.9137115,28.3272922],[76.9139397,28.327347]]]}},{"type":"Feature","properties":{"v":"Kukrola","m":"32","k":"3","t":"Manesar","vc":"04138","area":3534.7,"lat":28.3274039,"lng":76.9133357},"geometry":{"type":"Polygon","coordinates":[[[76.9136909,28.3276613],[76.9130033,28.3276274],[76.9130337,28.3270846],[76.9130354,28.3270544],[76.9137115,28.3272922],[76.9136909,28.3276613]]]}},{"type":"Feature","properties":{"v":"Kukrola","m":"32","k":"2","t":"Manesar","vc":"04138","area":4073.1,"lat":28.3273391,"lng":76.9126747},"geometry":{"type":"Polygon","coordinates":[[[76.9123158,28.3275936],[76.9123462,28.3270507],[76.9130337,28.3270846],[76.9130033,28.3276274],[76.9123158,28.3275936]]]}},{"type":"Feature","properties":{"v":"Kukrola","m":"32","k":"1","t":"Manesar","vc":"04138","area":4073.1,"lat":28.3273052,"lng":76.9119873},"geometry":{"type":"Polygon","coordinates":[[[76.9123158,28.3275936],[76.9116283,28.3275597],[76.9116587,28.3270169],[76.9123462,28.3270507],[76.9123158,28.3275936]]]}},{"type":"Feature","properties":{"v":"Kukrola","m":"33","k":"1","t":"Manesar","vc":"04138","area":2506.8,"lat":28.3245256,"lng":76.9086658},"geometry":{"type":"Polygon","coordinates":[[[76.9083427,28.3246761],[76.9083651,28.3242762],[76.9087336,28.3243208],[76.9090361,28.3246038],[76.9092278,28.3247197],[76.9090302,28.3247099],[76.9083427,28.3246761]]]}},{"type":"Feature","properties":{"v":"Kukrola","m":"34","k":"18","t":"Manesar","vc":"04138","area":325.6,"lat":28.3228785,"lng":76.9064677},"geometry":{"type":"Polygon","coordinates":[[[76.9064339,28.3227738],[76.9065213,28.3228496],[76.9066481,28.3229595],[76.9064347,28.3229489],[76.9063714,28.3229458],[76.9063835,28.3227302],[76.9064339,28.3227738]]]}},{"type":"Feature","properties":{"v":"Kukrola","m":"34","k":"13","t":"Manesar","vc":"04138","area":3192.4,"lat":28.3232686,"lng":76.9066393},"geometry":{"type":"Polygon","coordinates":[[[76.9064347,28.3229489],[76.9066481,28.3229595],[76.9068377,28.3231451],[76.9070353,28.3234019],[76.9070285,28.3235226],[76.9069703,28.3235197],[76.906341,28.3234887],[76.9063611,28.32313],[76.9063714,28.3229458],[76.9064347,28.3229489]]]}},{"type":"Feature","properties":{"v":"Kukrola","m":"34","k":"21","t":"Manesar","vc":"04138","area":4244.7,"lat":28.3221102,"lng":76.9054103},"geometry":{"type":"Polygon","coordinates":[[[76.905074,28.3217931],[76.9055557,28.3218169],[76.9057312,28.3220675],[76.9057531,28.3220966],[76.9059106,28.3223065],[76.9059306,28.3223332],[76.9059842,28.3223824],[76.9057543,28.322371],[76.9057143,28.3223691],[76.9053065,28.322349],[76.9050269,28.3223352],[76.9050458,28.3219963],[76.9050573,28.3217923],[76.905074,28.3217931]]]}},{"type":"Feature","properties":{"v":"Kukrola","m":"34","k":"20","t":"Manesar","vc":"04138","area":4072.3,"lat":28.3226236,"lng":76.9053554},"geometry":{"type":"Polygon","coordinates":[[[76.9053065,28.322349],[76.9057143,28.3223691],[76.9056927,28.322755],[76.9056839,28.3229119],[76.9049965,28.322878],[76.9050269,28.3223352],[76.9053065,28.322349]]]}},{"type":"Feature","properties":{"v":"Kukrola","m":"34","k":"19","t":"Manesar","vc":"04138","area":3327.6,"lat":28.3226916,"lng":76.905995},"geometry":{"type":"Polygon","coordinates":[[[76.9057543,28.322371],[76.9059842,28.3223824],[76.9063835,28.3227302],[76.9063714,28.3229458],[76.9060013,28.3229276],[76.9056839,28.3229119],[76.9056927,28.322755],[76.9057143,28.3223691],[76.9057543,28.322371]]]}},{"type":"Feature","properties":{"v":"Kukrola","m":"34","k":"12","t":"Manesar","vc":"04138","area":4073.5,"lat":28.3232003,"lng":76.9060125},"geometry":{"type":"Polygon","coordinates":[[[76.9060013,28.3229276],[76.9063714,28.3229458],[76.9063611,28.32313],[76.906341,28.3234887],[76.9056535,28.3234548],[76.9056839,28.3229119],[76.9060013,28.3229276]]]}},{"type":"Feature","properties":{"v":"Kukrola","m":"34","k":"11","t":"Manesar","vc":"04138","area":4073.1,"lat":28.3231664,"lng":76.905325},"geometry":{"type":"Polygon","coordinates":[[[76.9056535,28.3234548],[76.9049661,28.3234209],[76.9049965,28.322878],[76.9056839,28.3229119],[76.9056535,28.3234548]]]}},{"type":"Feature","properties":{"v":"Kukrola","m":"34","k":"10","t":"Manesar","vc":"04138","area":4072.6,"lat":28.3237093,"lng":76.9052946},"geometry":{"type":"Polygon","coordinates":[[[76.9056535,28.3234548],[76.9056231,28.3239976],[76.9049356,28.3239637],[76.9049661,28.3234209],[76.9056535,28.3234548]]]}},{"type":"Feature","properties":{"v":"Kukrola","m":"34","k":"9","t":"Manesar","vc":"04138","area":4072.9,"lat":28.3237431,"lng":76.9059821},"geometry":{"type":"Polygon","coordinates":[[[76.9063106,28.3240315],[76.9056231,28.3239976],[76.9056535,28.3234548],[76.906341,28.3234887],[76.9063106,28.3240315]]]}},{"type":"Feature","properties":{"v":"Kukrola","m":"34","k":"8","t":"Manesar","vc":"04138","area":4072.9,"lat":28.323777,"lng":76.9066695},"geometry":{"type":"Polygon","coordinates":[[[76.9069703,28.3235197],[76.9070285,28.3235226],[76.9070265,28.3235577],[76.9069981,28.3240654],[76.9063106,28.3240315],[76.906341,28.3234887],[76.9069703,28.3235197]]]}},{"type":"Feature","properties":{"v":"Kukrola","m":"34","k":"7","t":"Manesar","vc":"04138","area":2116.1,"lat":28.3238538,"lng":76.9072053},"geometry":{"type":"Polygon","coordinates":[[[76.9071149,28.3235027],[76.9073272,28.3237712],[76.9075825,28.3240942],[76.9069981,28.3240654],[76.9070265,28.3235577],[76.9070285,28.3235226],[76.9070353,28.3234019],[76.9071149,28.3235027]]]}},{"type":"Feature","properties":{"v":"Kukrola","m":"34","k":"5","t":"Manesar","vc":"04138","area":3214.5,"lat":28.3244443,"lng":76.9080033},"geometry":{"type":"Polygon","coordinates":[[[76.9076552,28.3246422],[76.9076808,28.3241853],[76.9083651,28.3242762],[76.9083427,28.3246761],[76.9076552,28.3246422]]]}},{"type":"Feature","properties":{"v":"Kukrola","m":"34","k":"4","t":"Manesar","vc":"04138","area":4004.7,"lat":28.3243576,"lng":76.9073212},"geometry":{"type":"Polygon","coordinates":[[[76.9069981,28.3240654],[76.9075825,28.3240942],[76.9076321,28.3241788],[76.9076808,28.3241853],[76.9076552,28.3246422],[76.9069677,28.3246083],[76.9069981,28.3240654]]]}},{"type":"Feature","properties":{"v":"Kukrola","m":"34","k":"3","t":"Manesar","vc":"04138","area":4073.6,"lat":28.3243199,"lng":76.9066392},"geometry":{"type":"Polygon","coordinates":[[[76.9063106,28.3240315],[76.9069981,28.3240654],[76.9069677,28.3246083],[76.9062802,28.3245744],[76.9063106,28.3240315]]]}},{"type":"Feature","properties":{"v":"Kukrola","m":"34","k":"2","t":"Manesar","vc":"04138","area":4073.6,"lat":28.324286,"lng":76.9059516},"geometry":{"type":"Polygon","coordinates":[[[76.9056231,28.3239976],[76.9063106,28.3240315],[76.9062802,28.3245744],[76.9055927,28.3245405],[76.9056231,28.3239976]]]}},{"type":"Feature","properties":{"v":"Kukrola","m":"34","k":"1","t":"Manesar","vc":"04138","area":4073.6,"lat":28.3242521,"lng":76.9052642},"geometry":{"type":"Polygon","coordinates":[[[76.9056231,28.3239976],[76.9055927,28.3245405],[76.9049052,28.3245066],[76.9049356,28.3239637],[76.9056231,28.3239976]]]}},{"type":"Feature","properties":{"v":"Kukrola","m":"35","k":"3/1","t":"Manesar","vc":"04138","area":135.8,"lat":28.324368,"lng":76.9029138},"geometry":{"type":"Polygon","coordinates":[[[76.9028428,28.3244049],[76.9028495,28.3242842],[76.903049,28.324415],[76.9028428,28.3244049]]]}},{"type":"Feature","properties":{"v":"Kukrola","m":"35","k":"10/2","t":"Manesar","vc":"04138","area":2036.8,"lat":28.3234549,"lng":76.9019768},"geometry":{"type":"Polygon","coordinates":[[[76.9022161,28.3232852],[76.9021857,28.3238281],[76.9015286,28.3232513],[76.9022161,28.3232852]]]}},{"type":"Feature","properties":{"v":"Kukrola","m":"35","k":"2/2","t":"Manesar","vc":"04138","area":1584.0,"lat":28.3239914,"lng":76.9026361},"geometry":{"type":"Polygon","coordinates":[[[76.9028732,28.323862],[76.9028495,28.3242842],[76.9021857,28.3238281],[76.9028732,28.323862]]]}},{"type":"Feature","properties":{"v":"Kukrola","m":"35","k":"13","t":"Manesar","vc":"04138","area":4073.7,"lat":28.3230647,"lng":76.9032625},"geometry":{"type":"Polygon","coordinates":[[[76.902934,28.3227763],[76.9036215,28.3228102],[76.9035911,28.3233531],[76.9029036,28.3233192],[76.902934,28.3227763]]]}},{"type":"Feature","properties":{"v":"Kukrola","m":"35","k":"25","t":"Manesar","vc":"04138","area":4073.4,"lat":28.3220468,"lng":76.9046983},"geometry":{"type":"Polygon","coordinates":[[[76.9047121,28.3217753],[76.9050573,28.3217923],[76.9050458,28.3219963],[76.9050269,28.3223352],[76.9043394,28.3223013],[76.9043698,28.3217584],[76.9047121,28.3217753]]]}},{"type":"Feature","properties":{"v":"Kukrola","m":"35","k":"24","t":"Manesar","vc":"04138","area":4073.7,"lat":28.3220129,"lng":76.9040108},"geometry":{"type":"Polygon","coordinates":[[[76.9036519,28.3222674],[76.9036823,28.3217245],[76.9043698,28.3217584],[76.9043394,28.3223013],[76.9036519,28.3222674]]]}},{"type":"Feature","properties":{"v":"Kukrola","m":"35","k":"23","t":"Manesar","vc":"04138","area":4073.1,"lat":28.321979,"lng":76.9033234},"geometry":{"type":"Polygon","coordinates":[[[76.9029644,28.3222334],[76.9029949,28.3216906],[76.9036823,28.3217245],[76.9036519,28.3222674],[76.9029644,28.3222334]]]}},{"type":"Feature","properties":{"v":"Kukrola","m":"35","k":"22","t":"Manesar","vc":"04138","area":4072.7,"lat":28.321945,"lng":76.9026359},"geometry":{"type":"Polygon","coordinates":[[[76.902277,28.3221995],[76.9023074,28.3216567],[76.9029949,28.3216906],[76.9029644,28.3222334],[76.902277,28.3221995]]]}},{"type":"Feature","properties":{"v":"Kukrola","m":"35","k":"21","t":"Manesar","vc":"04138","area":4072.9,"lat":28.3219111,"lng":76.9019484},"geometry":{"type":"Polygon","coordinates":[[[76.9015895,28.3221656],[76.9016199,28.3216228],[76.9023074,28.3216567],[76.902277,28.3221995],[76.9015895,28.3221656]]]}},{"type":"Feature","properties":{"v":"Kukrola","m":"35","k":"20","t":"Manesar","vc":"04138","area":3585.9,"lat":28.322437,"lng":76.9019642},"geometry":{"type":"Polygon","coordinates":[[[76.902277,28.3221995],[76.9022465,28.3227424],[76.9022341,28.3229642],[76.9020989,28.3227351],[76.9015717,28.3224823],[76.9015895,28.3221656],[76.902277,28.3221995]]]}},{"type":"Feature","properties":{"v":"Kukrola","m":"35","k":"19","t":"Manesar","vc":"04138","area":4073.4,"lat":28.3224879,"lng":76.9026055},"geometry":{"type":"Polygon","coordinates":[[[76.902934,28.3227763],[76.9022465,28.3227424],[76.902277,28.3221995],[76.9029644,28.3222334],[76.902934,28.3227763]]]}},{"type":"Feature","properties":{"v":"Kukrola","m":"35","k":"18","t":"Manesar","vc":"04138","area":4073.3,"lat":28.3225218,"lng":76.9032929},"geometry":{"type":"Polygon","coordinates":[[[76.9036215,28.3228102],[76.902934,28.3227763],[76.9029644,28.3222334],[76.9036519,28.3222674],[76.9036215,28.3228102]]]}},{"type":"Feature","properties":{"v":"Kukrola","m":"35","k":"17","t":"Manesar","vc":"04138","area":4072.9,"lat":28.3225557,"lng":76.9039805},"geometry":{"type":"Polygon","coordinates":[[[76.904309,28.3228441],[76.9036215,28.3228102],[76.9036519,28.3222674],[76.9043394,28.3223013],[76.904309,28.3228441]]]}},{"type":"Feature","properties":{"v":"Kukrola","m":"35","k":"16","t":"Manesar","vc":"04138","area":4072.9,"lat":28.3225897,"lng":76.9046679},"geometry":{"type":"Polygon","coordinates":[[[76.904309,28.3228441],[76.9043394,28.3223013],[76.9050269,28.3223352],[76.9049965,28.322878],[76.904309,28.3228441]]]}},{"type":"Feature","properties":{"v":"Kukrola","m":"35","k":"15","t":"Manesar","vc":"04138","area":4073.7,"lat":28.3231325,"lng":76.9046375},"geometry":{"type":"Polygon","coordinates":[[[76.9042786,28.323387],[76.904309,28.3228441],[76.9049965,28.322878],[76.9049661,28.3234209],[76.9042786,28.323387]]]}},{"type":"Feature","properties":{"v":"Kukrola","m":"35","k":"14","t":"Manesar","vc":"04138","area":4073.7,"lat":28.3230986,"lng":76.9039501},"geometry":{"type":"Polygon","coordinates":[[[76.9042786,28.323387],[76.9035911,28.3233531],[76.9036215,28.3228102],[76.904309,28.3228441],[76.9042786,28.323387]]]}},{"type":"Feature","properties":{"v":"Kukrola","m":"35","k":"12","t":"Manesar","vc":"04138","area":3955.9,"lat":28.323024,"lng":76.9025833},"geometry":{"type":"Polygon","coordinates":[[[76.9029036,28.3233192],[76.9027017,28.3233092],[76.902454,28.323297],[76.9022212,28.3231948],[76.9022341,28.3229642],[76.9022465,28.3227424],[76.902934,28.3227763],[76.9029036,28.3233192]]]}},{"type":"Feature","properties":{"v":"Kukrola","m":"35","k":"11","t":"Manesar","vc":"04138","area":4677.9,"lat":28.3229599,"lng":76.9018656},"geometry":{"type":"Polygon","coordinates":[[[76.9015591,28.3227085],[76.9015717,28.3224823],[76.9020989,28.3227351],[76.9022341,28.3229642],[76.9022212,28.3231948],[76.902454,28.323297],[76.9022161,28.3232852],[76.9015286,28.3232513],[76.9015591,28.3227085]]]}},{"type":"Feature","properties":{"v":"Kukrola","m":"35","k":"10/1","t":"Manesar","vc":"04138","area":2036.8,"lat":28.3236245,"lng":76.9017375},"geometry":{"type":"Polygon","coordinates":[[[76.9014982,28.3237942],[76.9015286,28.3232513],[76.9021857,28.3238281],[76.9014982,28.3237942]]]}},{"type":"Feature","properties":{"v":"Kukrola","m":"35","k":"9","t":"Manesar","vc":"04138","area":3799.7,"lat":28.3236024,"lng":76.902534},"geometry":{"type":"Polygon","coordinates":[[[76.9022161,28.3232852],[76.902454,28.323297],[76.9027017,28.3233092],[76.9028789,28.3237601],[76.9032549,28.3238808],[76.9028732,28.323862],[76.9021857,28.3238281],[76.9022161,28.3232852]]]}},{"type":"Feature","properties":{"v":"Kukrola","m":"35","k":"8","t":"Manesar","vc":"04138","area":4346.4,"lat":28.3235803,"lng":76.9031982},"geometry":{"type":"Polygon","coordinates":[[[76.9035607,28.3238959],[76.9032549,28.3238808],[76.9028789,28.3237601],[76.9027017,28.3233092],[76.9029036,28.3233192],[76.9035911,28.3233531],[76.9035607,28.3238959]]]}},{"type":"Feature","properties":{"v":"Kukrola","m":"35","k":"7","t":"Manesar","vc":"04138","area":4072.9,"lat":28.3236415,"lng":76.9039196},"geometry":{"type":"Polygon","coordinates":[[[76.9042482,28.3239298],[76.9035607,28.3238959],[76.9035911,28.3233531],[76.9042786,28.323387],[76.9042482,28.3239298]]]}},{"type":"Feature","properties":{"v":"Kukrola","m":"35","k":"6","t":"Manesar","vc":"04138","area":4072.6,"lat":28.3236753,"lng":76.9046071},"geometry":{"type":"Polygon","coordinates":[[[76.9042482,28.3239298],[76.9042786,28.323387],[76.9049661,28.3234209],[76.9049356,28.3239637],[76.9042482,28.3239298]]]}},{"type":"Feature","properties":{"v":"Kukrola","m":"35","k":"5","t":"Manesar","vc":"04138","area":4073.4,"lat":28.3242182,"lng":76.9045767},"geometry":{"type":"Polygon","coordinates":[[[76.9042482,28.3239298],[76.9049356,28.3239637],[76.9049052,28.3245066],[76.9042177,28.3244727],[76.9042482,28.3239298]]]}},{"type":"Feature","properties":{"v":"Kukrola","m":"35","k":"4/2","t":"Manesar","vc":"04138","area":3981.3,"lat":28.3241271,"lng":76.9038547},"geometry":{"type":"Polygon","coordinates":[[[76.9035607,28.3238959],[76.9042482,28.3239298],[76.9042177,28.3244727],[76.9039771,28.3244608],[76.9037515,28.3242517],[76.9035405,28.3242553],[76.9032549,28.3238808],[76.9035607,28.3238959]]]}},{"type":"Feature","properties":{"v":"Kukrola","m":"35","k":"3/2","t":"Manesar","vc":"04138","area":3585.3,"lat":28.3241775,"lng":76.9031988},"geometry":{"type":"Polygon","coordinates":[[[76.9028732,28.323862],[76.9032549,28.3238808],[76.9035405,28.3242553],[76.9037515,28.3242517],[76.9035646,28.3244405],[76.9035303,28.3244388],[76.903049,28.324415],[76.9028495,28.3242842],[76.9028732,28.323862]]]}},{"type":"Feature","properties":{"v":"Kukrola","m":"35","k":"2/1","t":"Manesar","vc":"04138","area":2489.5,"lat":28.3241961,"lng":76.9024367},"geometry":{"type":"Polygon","coordinates":[[[76.9028428,28.3244049],[76.9021553,28.324371],[76.9021857,28.3238281],[76.9028495,28.3242842],[76.9028428,28.3244049]]]}},{"type":"Feature","properties":{"v":"Kukrola","m":"35","k":"1","t":"Manesar","vc":"04138","area":4073.3,"lat":28.3240826,"lng":76.9018268},"geometry":{"type":"Polygon","coordinates":[[[76.9021857,28.3238281],[76.9021553,28.324371],[76.9014678,28.324337],[76.9014982,28.3237942],[76.9021857,28.3238281]]]}},{"type":"Feature","properties":{"v":"Kukrola","m":"44","k":"13","t":"Manesar","vc":"04138","area":3909.2,"lat":28.3203581,"lng":76.9034017},"geometry":{"type":"Polygon","coordinates":[[[76.9036361,28.3200891],[76.9036597,28.3201317],[76.9037115,28.3202252],[76.9037613,28.3203149],[76.9037432,28.3206388],[76.9037133,28.3206373],[76.9035463,28.3206291],[76.9030557,28.3206049],[76.9030801,28.32017],[76.9030818,28.320139],[76.9030861,28.320062],[76.9036361,28.3200891]]]}},{"type":"Feature","properties":{"v":"Kukrola","m":"44","k":"21","t":"Manesar","vc":"04138","area":2200.0,"lat":28.319245,"lng":76.9019622},"geometry":{"type":"Polygon","coordinates":[[[76.9019183,28.3189157],[76.9020186,28.3190508],[76.902338,28.3194808],[76.9018642,28.3194574],[76.9017416,28.3194513],[76.9017501,28.3193003],[76.9017639,28.319054],[76.901772,28.3189085],[76.9019183,28.3189157]]]}},{"type":"Feature","properties":{"v":"Kukrola","m":"44","k":"20","t":"Manesar","vc":"04138","area":4023.0,"lat":28.3197425,"lng":76.9020661},"geometry":{"type":"Polygon","coordinates":[[[76.9018642,28.3194574],[76.902338,28.3194808],[76.9023529,28.3195108],[76.9023619,28.3195291],[76.9024248,28.3195606],[76.9024228,28.3195965],[76.9024085,28.3198519],[76.9023986,28.3200281],[76.9017112,28.3199942],[76.9017416,28.3194513],[76.9018642,28.3194574]]]}},{"type":"Feature","properties":{"v":"Kukrola","m":"44","k":"19","t":"Manesar","vc":"04138","area":2545.7,"lat":28.3198652,"lng":76.902709},"geometry":{"type":"Polygon","coordinates":[[[76.9025056,28.3195955],[76.903032,28.3198225],[76.9030979,28.3198509],[76.9030861,28.320062],[76.903033,28.3200594],[76.9028383,28.3200498],[76.9023986,28.3200281],[76.9024085,28.3198519],[76.9024228,28.3195965],[76.9024248,28.3195606],[76.9025056,28.3195955]]]}},{"type":"Feature","properties":{"v":"Kukrola","m":"44","k":"18","t":"Manesar","vc":"04138","area":633.6,"lat":28.3200007,"lng":76.9032734},"geometry":{"type":"Polygon","coordinates":[[[76.9030861,28.320062],[76.9030979,28.3198509],[76.9036361,28.3200891],[76.9030861,28.320062]]]}},{"type":"Feature","properties":{"v":"Kukrola","m":"44","k":"12","t":"Manesar","vc":"04138","area":4073.8,"lat":28.3203165,"lng":76.9027272},"geometry":{"type":"Polygon","coordinates":[[[76.9028383,28.3200498],[76.903033,28.3200594],[76.9030861,28.320062],[76.9030818,28.320139],[76.9030801,28.32017],[76.9030557,28.3206049],[76.9023682,28.320571],[76.9023986,28.3200281],[76.9028383,28.3200498]]]}},{"type":"Feature","properties":{"v":"Kukrola","m":"44","k":"11","t":"Manesar","vc":"04138","area":4072.8,"lat":28.3202826,"lng":76.9020397},"geometry":{"type":"Polygon","coordinates":[[[76.9016808,28.320537],[76.9017112,28.3199942],[76.9023986,28.3200281],[76.9023682,28.320571],[76.9016808,28.320537]]]}},{"type":"Feature","properties":{"v":"Kukrola","m":"44","k":"10","t":"Manesar","vc":"04138","area":4073.1,"lat":28.3208254,"lng":76.9020093},"geometry":{"type":"Polygon","coordinates":[[[76.9016503,28.3210799],[76.9016808,28.320537],[76.9023682,28.320571],[76.9023378,28.3211138],[76.9016503,28.3210799]]]}},{"type":"Feature","properties":{"v":"Kukrola","m":"44","k":"9","t":"Manesar","vc":"04138","area":4073.0,"lat":28.3208593,"lng":76.9026968},"geometry":{"type":"Polygon","coordinates":[[[76.9030557,28.3206049],[76.9030253,28.3211477],[76.9023378,28.3211138],[76.9023682,28.320571],[76.9030557,28.3206049]]]}},{"type":"Feature","properties":{"v":"Kukrola","m":"44","k":"8","t":"Manesar","vc":"04138","area":4072.8,"lat":28.3208932,"lng":76.9033842},"geometry":{"type":"Polygon","coordinates":[[[76.9035463,28.3206291],[76.9037133,28.3206373],[76.9037432,28.3206388],[76.9037408,28.3206815],[76.9037297,28.3208794],[76.9037127,28.3211816],[76.9030253,28.3211477],[76.9030557,28.3206049],[76.9035463,28.3206291]]]}},{"type":"Feature","properties":{"v":"Kukrola","m":"44","k":"70","t":"Manesar","vc":"04138","area":3251.5,"lat":28.320904,"lng":76.9039581},"geometry":{"type":"Polygon","coordinates":[[[76.9040189,28.320678],[76.9043936,28.3212063],[76.9044002,28.3212155],[76.9043937,28.3212152],[76.9039611,28.3211939],[76.9037127,28.3211816],[76.9037297,28.3208794],[76.9037408,28.3206815],[76.9037432,28.3206388],[76.9037613,28.3203149],[76.9040189,28.320678]]]}},{"type":"Feature","properties":{"v":"Kukrola","m":"44","k":"5","t":"Manesar","vc":"04138","area":2940.3,"lat":28.3215754,"lng":76.9047013},"geometry":{"type":"Polygon","coordinates":[[[76.9044036,28.3212239],[76.9044377,28.3213075],[76.9050726,28.321475],[76.905075,28.3214756],[76.9050728,28.3215159],[76.9050573,28.3217923],[76.9047121,28.3217753],[76.9043698,28.3217584],[76.9043779,28.3216141],[76.9043941,28.3213239],[76.9043997,28.321224],[76.9044002,28.3212155],[76.9044036,28.3212239]]]}},{"type":"Feature","properties":{"v":"Kukrola","m":"44","k":"4","t":"Manesar","vc":"04138","area":4073.5,"lat":28.32147,"lng":76.9040412},"geometry":{"type":"Polygon","coordinates":[[[76.9039611,28.3211939],[76.9043937,28.3212152],[76.9044002,28.3212155],[76.9043997,28.321224],[76.9043941,28.3213239],[76.9043779,28.3216141],[76.9043698,28.3217584],[76.9036823,28.3217245],[76.9037127,28.3211816],[76.9039611,28.3211939]]]}},{"type":"Feature","properties":{"v":"Kukrola","m":"44","k":"3","t":"Manesar","vc":"04138","area":4073.1,"lat":28.3214361,"lng":76.9033538},"geometry":{"type":"Polygon","coordinates":[[[76.9037127,28.3211816],[76.9036823,28.3217245],[76.9029949,28.3216906],[76.9030253,28.3211477],[76.9037127,28.3211816]]]}},{"type":"Feature","properties":{"v":"Kukrola","m":"44","k":"2","t":"Manesar","vc":"04138","area":4073.7,"lat":28.3214022,"lng":76.9026664},"geometry":{"type":"Polygon","coordinates":[[[76.9030253,28.3211477],[76.9029949,28.3216906],[76.9023074,28.3216567],[76.9023378,28.3211138],[76.9030253,28.3211477]]]}},{"type":"Feature","properties":{"v":"Kukrola","m":"44","k":"1","t":"Manesar","vc":"04138","area":4073.6,"lat":28.3213683,"lng":76.9019789},"geometry":{"type":"Polygon","coordinates":[[[76.9016354,28.3213468],[76.9016503,28.3210799],[76.9023378,28.3211138],[76.9023074,28.3216567],[76.9016199,28.3216228],[76.9016354,28.3213468]]]}},{"type":"Feature","properties":{"v":"Kukrola","m":"46","k":"1","t":"Manesar","vc":"04138","area":156.6,"lat":28.3188455,"lng":76.9018244},"geometry":{"type":"Polygon","coordinates":[[[76.901772,28.3189085],[76.901783,28.3187124],[76.9019183,28.3189157],[76.901772,28.3189085]]]}},{"type":"Feature","properties":{"v":"Kukrola","m":"45","k":"1","t":"Manesar","vc":"04138","area":1248.9,"lat":28.3216679,"lng":76.9052608},"geometry":{"type":"Polygon","coordinates":[[[76.9053612,28.3215306],[76.9055175,28.3217607],[76.9055557,28.3218169],[76.905074,28.3217931],[76.9050573,28.3217923],[76.9050728,28.3215159],[76.905075,28.3214756],[76.9053612,28.3215306]]]}},{"type":"Feature","properties":{"v":"Kukrola","m":"29","k":"14","t":"Manesar","vc":"04138","area":25268.5,"lat":28.3253062,"lng":76.9038713},"geometry":{"type":"Polygon","coordinates":[[[76.9048579,28.325351],[76.9051392,28.3256068],[76.9049521,28.3256635],[76.9048385,28.3256979],[76.9044866,28.3258299],[76.9044862,28.3259266],[76.9041307,28.3260259],[76.9039469,28.3260924],[76.9037725,28.3261467],[76.9035814,28.3262061],[76.9034734,28.326069],[76.9030741,28.325505],[76.9028018,28.3251355],[76.9030186,28.3249579],[76.9033539,28.3246384],[76.9035646,28.3244405],[76.9037515,28.3242517],[76.9039771,28.3244608],[76.9048579,28.325351]]]}},{"type":"Feature","properties":{"v":"Kukrola","m":"30","k":"3/1/1","t":"Manesar","vc":"04138","area":1132.0,"lat":28.327214,"lng":76.9063967},"geometry":{"type":"Polygon","coordinates":[[[76.9068157,28.3273226],[76.9061282,28.3272887],[76.9061426,28.3270323],[76.9068183,28.3272773],[76.9068157,28.3273226]]]}},{"type":"Feature","properties":{"v":"Kukrola","m":"30","k":"","t":"Manesar","vc":"04138","area":29.7,"lat":28.3267589,"lng":76.9061177},"geometry":{"type":"Polygon","coordinates":[[[76.9061586,28.3267458],[76.9061561,28.326791],[76.9060383,28.3267399],[76.9061586,28.3267458]]]}},{"type":"Feature","properties":{"v":"Kukrola","m":"30","k":"2/2","t":"Manesar","vc":"04138","area":1271.4,"lat":28.3268332,"lng":76.9058786},"geometry":{"type":"Polygon","coordinates":[[[76.9061561,28.326791],[76.9061426,28.3270323],[76.9054677,28.3267722],[76.9054711,28.3267119],[76.9060383,28.3267399],[76.9061561,28.326791]]]}},{"type":"Feature","properties":{"v":"Kukrola","m":"30","k":"3/1/3","t":"Manesar","vc":"04138","area":551.0,"lat":28.3268425,"lng":76.9064353},"geometry":{"type":"Polygon","coordinates":[[[76.9061586,28.3267458],[76.906468,28.3267611],[76.906766,28.3270122],[76.9061561,28.326791],[76.9061586,28.3267458]]]}},{"type":"Feature","properties":{"v":"Kukrola","m":"30","k":"1/1/2/1","t":"Manesar","vc":"04138","area":203.8,"lat":28.3269503,"lng":76.9047856},"geometry":{"type":"Polygon","coordinates":[[[76.9047836,28.326678],[76.904818,28.3266797],[76.9047876,28.3272226],[76.9047532,28.3272209],[76.9047836,28.326678]]]}},{"type":"Feature","properties":{"v":"Kukrola","m":"30","k":"1/1/2/2/1","t":"Manesar","vc":"04138","area":407.1,"lat":28.3269528,"lng":76.9048372},"geometry":{"type":"Polygon","coordinates":[[[76.904818,28.3266797],[76.9048867,28.3266831],[76.9048563,28.327226],[76.9047876,28.3272226],[76.904818,28.3266797]]]}},{"type":"Feature","properties":{"v":"Kukrola","m":"30","k":"9/2/1","t":"Manesar","vc":"04138","area":559.9,"lat":28.3266609,"lng":76.9056635},"geometry":{"type":"Polygon","coordinates":[[[76.9054711,28.3267119],[76.9054812,28.326531],[76.9060383,28.3267399],[76.9054711,28.3267119]]]}},{"type":"Feature","properties":{"v":"Kukrola","m":"30","k":"10/1/2/2","t":"Manesar","vc":"04138","area":54.5,"lat":28.3266062,"lng":76.9048047},"geometry":{"type":"Polygon","coordinates":[[[76.9047836,28.326678],[76.9047921,28.3265272],[76.9048258,28.3265401],[76.904818,28.3266797],[76.9047836,28.326678]]]}},{"type":"Feature","properties":{"v":"Kukrola","m":"30","k":"11/1/1","t":"Manesar","vc":"04138","area":638.3,"lat":28.3259186,"lng":76.9048913},"geometry":{"type":"Polygon","coordinates":[[[76.904814,28.3261352],[76.9048385,28.3256979],[76.9049521,28.3256635],[76.9049571,28.3261422],[76.904814,28.3261352]]]}},{"type":"Feature","properties":{"v":"Kukrola","m":"29","k":"","t":"Manesar","vc":"04138","area":452.5,"lat":28.3261749,"lng":76.9039971},"geometry":{"type":"Polygon","coordinates":[[[76.9037725,28.3261467],[76.9039469,28.3260924],[76.9041265,28.3261013],[76.9041151,28.3263057],[76.9037725,28.3261467]]]}},{"type":"Feature","properties":{"v":"Kukrola","m":"29","k":"","t":"Manesar","vc":"04138","area":73.9,"lat":28.3260732,"lng":76.904068},"geometry":{"type":"Polygon","coordinates":[[[76.9041265,28.3261013],[76.9039469,28.3260924],[76.9041307,28.3260259],[76.9041265,28.3261013]]]}},{"type":"Feature","properties":{"v":"Kukrola","m":"30","k":"","t":"Manesar","vc":"04138","area":327.4,"lat":28.3266402,"lng":76.9049638},"geometry":{"type":"Polygon","coordinates":[[[76.9048258,28.3265401],[76.9052477,28.3267009],[76.9048867,28.3266831],[76.904818,28.3266797],[76.9048258,28.3265401]]]}},{"type":"Feature","properties":{"v":"Kukrola","m":"30","k":"","t":"Manesar","vc":"04138","area":580.5,"lat":28.3263878,"lng":76.9052252},"geometry":{"type":"Polygon","coordinates":[[[76.9054812,28.326531],[76.9049491,28.326338],[76.9049582,28.3262478],[76.9054872,28.3264254],[76.9054812,28.326531]]]}},{"type":"Feature","properties":{"v":"Kukrola","m":"30","k":"10/3/2/1","t":"Manesar","vc":"04138","area":1064.3,"lat":28.326253,"lng":76.9052637},"geometry":{"type":"Polygon","coordinates":[[[76.9054872,28.3264254],[76.9049582,28.3262478],[76.9049571,28.3261422],[76.9055015,28.3261691],[76.9054872,28.3264254]]]}},{"type":"Feature","properties":{"v":"Kukrola","m":"29","k":"","t":"Manesar","vc":"04138","area":103.1,"lat":28.3260803,"lng":76.9042114},"geometry":{"type":"Polygon","coordinates":[[[76.9041307,28.3260259],[76.9043771,28.3261136],[76.9041265,28.3261013],[76.9041307,28.3260259]]]}},{"type":"Feature","properties":{"v":"Kukrola","m":"30","k":"","t":"Manesar","vc":"04138","area":73.5,"lat":28.3267283,"lng":76.9053955},"geometry":{"type":"Polygon","coordinates":[[[76.9054677,28.3267722],[76.9052477,28.3267009],[76.9054711,28.3267119],[76.9054677,28.3267722]]]}},{"type":"Feature","properties":{"v":"Kukrola","m":"30","k":"","t":"Manesar","vc":"04138","area":116.0,"lat":28.3262777,"lng":76.9048869},"geometry":{"type":"Polygon","coordinates":[[[76.9048085,28.3262335],[76.9049582,28.3262478],[76.9049491,28.326338],[76.9048056,28.326286],[76.9048085,28.3262335]]]}},{"type":"Feature","properties":{"v":"Kukrola","m":"30","k":"","t":"Manesar","vc":"04138","area":359.5,"lat":28.3261783,"lng":76.9046656},"geometry":{"type":"Polygon","coordinates":[[[76.9048085,28.3262335],[76.9048056,28.326286],[76.9043771,28.3261136],[76.904814,28.3261352],[76.9048085,28.3262335]]]}},{"type":"Feature","properties":{"v":"Kukrola","m":"30","k":"4/1/1","t":"Manesar","vc":"04138","area":34.0,"lat":28.3273097,"lng":76.9068624},"geometry":{"type":"Polygon","coordinates":[[[76.9068157,28.3273226],[76.9068183,28.3272773],[76.9069532,28.3273293],[76.9068157,28.3273226]]]}},{"type":"Feature","properties":{"v":"Kukrola","m":"30","k":"4/2","t":"Manesar","vc":"04138","area":11.0,"lat":28.3270382,"lng":76.9068093},"geometry":{"type":"Polygon","coordinates":[[[76.9068301,28.3270662],[76.906766,28.3270122],[76.9068318,28.3270361],[76.9068301,28.3270662]]]}},{"type":"Feature","properties":{"v":"Kukrola","m":"30","k":"","t":"Manesar","vc":"04138","area":62.2,"lat":28.3273394,"lng":76.9075674},"geometry":{"type":"Polygon","coordinates":[[[76.9075066,28.3272961],[76.9076923,28.3273658],[76.9075032,28.3273564],[76.9075066,28.3272961]]]}},{"type":"Feature","properties":{"v":"Kukrola","m":"30","k":"","t":"Manesar","vc":"04138","area":162.7,"lat":28.3261901,"lng":76.9048853},"geometry":{"type":"Polygon","coordinates":[[[76.904814,28.3261352],[76.9049571,28.3261422],[76.9049582,28.3262478],[76.9048085,28.3262335],[76.904814,28.3261352]]]}},{"type":"Feature","properties":{"v":"Kukrola","m":"30","k":"","t":"Manesar","vc":"04138","area":1835.4,"lat":28.3265306,"lng":76.9044031},"geometry":{"type":"Polygon","coordinates":[[[76.9040961,28.3266441],[76.9041151,28.3263057],[76.9047921,28.3265272],[76.9047836,28.326678],[76.9040961,28.3266441]]]}},{"type":"Feature","properties":{"v":"Kukrola","m":"30","k":"","t":"Manesar","vc":"04138","area":868.2,"lat":28.3272341,"lng":76.9071734},"geometry":{"type":"Polygon","coordinates":[[[76.9075032,28.3273564],[76.9071251,28.3273378],[76.9068301,28.3270662],[76.9068318,28.3270361],[76.9075066,28.3272961],[76.9075032,28.3273564]]]}}]}