{"type":"FeatureCollection","features":[{"type":"Feature","properties":{"v":"Sikanderpur Badha","m":"1","k":"19/2","t":"Manesar","vc":"04135","area":235.4,"lat":28.4066617,"lng":76.9559047},"geometry":{"type":"Polygon","coordinates":[[[76.9557365,28.4066387],[76.9558802,28.40663],[76.956171,28.4066123],[76.9558065,28.4067341],[76.9557365,28.4066387]]]}},{"type":"Feature","properties":{"v":"Sikanderpur Badha","m":"0","k":"76","t":"Manesar","vc":"04135","area":3417.9,"lat":28.405902,"lng":76.9571651},"geometry":{"type":"Polygon","coordinates":[[[76.9573274,28.4075734],[76.9573736,28.4081773],[76.9573063,28.4081966],[76.9573029,28.4081513],[76.9573005,28.4081211],[76.9572971,28.4080758],[76.9572936,28.4080305],[76.9572901,28.4079852],[76.9572589,28.4075776],[76.9572173,28.4070341],[76.9571804,28.406551],[76.9571757,28.4064906],[76.9571411,28.4060376],[76.9571342,28.4059471],[76.9570926,28.4054035],[76.957051,28.40486],[76.9570094,28.4043165],[76.9569579,28.4036434],[76.9570223,28.4035877],[76.9570327,28.4037236],[76.9570362,28.4037688],[76.9570714,28.404229],[76.9570778,28.4043124],[76.9571194,28.4048559],[76.957161,28.4053994],[76.9572026,28.4059429],[76.9572442,28.4064864],[76.95728,28.4069544],[76.9572823,28.4069846],[76.9572858,28.4070299],[76.957302,28.4072413],[76.9573089,28.4073319],[76.9573112,28.4073621],[76.9573181,28.4074526],[76.9573204,28.4074828],[76.9573274,28.4075734]]]}},{"type":"Feature","properties":{"v":"Sikanderpur Badha","m":"1","k":"25/2","t":"Manesar","vc":"04135","area":1241.5,"lat":28.4059635,"lng":76.9582354},"geometry":{"type":"Polygon","coordinates":[[[76.9578869,28.4059013],[76.9585712,28.4058597],[76.9585839,28.4060257],[76.9578996,28.4060674],[76.9578869,28.4059013]]]}},{"type":"Feature","properties":{"v":"Sikanderpur Badha","m":"1","k":"23/2","t":"Manesar","vc":"04135","area":609.3,"lat":28.4060111,"lng":76.9568296},"geometry":{"type":"Polygon","coordinates":[[[76.9571342,28.4059471],[76.9571411,28.4060376],[76.9565252,28.4060751],[76.9565183,28.4059845],[76.9571342,28.4059471]]]}},{"type":"Feature","properties":{"v":"Sikanderpur Badha","m":"1","k":"21/2","t":"Manesar","vc":"04135","area":1131.6,"lat":28.4061414,"lng":76.9555949},"geometry":{"type":"Polygon","coordinates":[[[76.955834,28.4060261],[76.9558502,28.4062375],[76.9554352,28.4062628],[76.9552694,28.4060604],[76.955834,28.4060261]]]}},{"type":"Feature","properties":{"v":"Sikanderpur Badha","m":"1","k":"16/2","t":"Manesar","vc":"04135","area":1918.9,"lat":28.4065523,"lng":76.9582804},"geometry":{"type":"Polygon","coordinates":[[[76.9579285,28.4064448],[76.9586128,28.4064032],[76.9586324,28.4066598],[76.9579481,28.4067015],[76.9579285,28.4064448]]]}},{"type":"Feature","properties":{"v":"Sikanderpur Badha","m":"1","k":"17/2","t":"Manesar","vc":"04135","area":3499.0,"lat":28.4066996,"lng":76.9576042},"geometry":{"type":"Polygon","coordinates":[[[76.9579285,28.4064448],[76.9579481,28.4067015],[76.9579643,28.4069128],[76.95728,28.4069544],[76.9572442,28.4064864],[76.9579285,28.4064448]]]}},{"type":"Feature","properties":{"v":"Sikanderpur Badha","m":"1","k":"8/2","t":"Manesar","vc":"04135","area":1523.5,"lat":28.407775,"lng":76.9570986},"geometry":{"type":"Polygon","coordinates":[[[76.9572589,28.4075776],[76.9572901,28.4079852],[76.9571191,28.4079956],[76.9570335,28.4080008],[76.9568313,28.4076036],[76.9572589,28.4075776]]]}},{"type":"Feature","properties":{"v":"Sikanderpur Badha","m":"0","k":"89","t":"Manesar","vc":"04135","area":3941.3,"lat":28.4077822,"lng":76.9582365},"geometry":{"type":"Polygon","coordinates":[[[76.9585078,28.4075461],[76.9585552,28.4076266],[76.9585805,28.4076696],[76.9586366,28.4077649],[76.9587078,28.4078857],[76.9587126,28.4078938],[76.958729,28.4079217],[76.9580238,28.4080711],[76.9579841,28.4080795],[76.957771,28.4077282],[76.958063,28.4075287],[76.9580972,28.4075266],[76.9581828,28.4075214],[76.9582683,28.4075162],[76.9583538,28.407511],[76.9584394,28.4075058],[76.9584825,28.4075032],[76.9585078,28.4075461]]]}},{"type":"Feature","properties":{"v":"Sikanderpur Badha","m":"0","k":"88","t":"Manesar","vc":"04135","area":1278.3,"lat":28.4079814,"lng":76.95773},"geometry":{"type":"Polygon","coordinates":[[[76.9579841,28.4080795],[76.9578526,28.4081116],[76.9577956,28.4081256],[76.9575953,28.4081517],[76.9574902,28.4081654],[76.9576264,28.4078226],[76.957771,28.4077282],[76.9579841,28.4080795]]]}},{"type":"Feature","properties":{"v":"Sikanderpur Badha","m":"1","k":"13","t":"Manesar","vc":"04135","area":3309.9,"lat":28.407299,"lng":76.9569509},"geometry":{"type":"Polygon","coordinates":[[[76.9566015,28.4070715],[76.9572173,28.4070341],[76.9572589,28.4075776],[76.9568313,28.4076036],[76.9567325,28.4073958],[76.9564988,28.4070778],[76.9566015,28.4070715]]]}},{"type":"Feature","properties":{"v":"Sikanderpur Badha","m":"1","k":"25/1","t":"Manesar","vc":"04135","area":2822.0,"lat":28.4062353,"lng":76.9582562},"geometry":{"type":"Polygon","coordinates":[[[76.9578996,28.4060674],[76.9585839,28.4060257],[76.9586058,28.4063126],[76.9586128,28.4064032],[76.9579285,28.4064448],[76.9578996,28.4060674]]]}},{"type":"Feature","properties":{"v":"Sikanderpur Badha","m":"1","k":"24","t":"Manesar","vc":"04135","area":4063.6,"lat":28.4061939,"lng":76.9575655},"geometry":{"type":"Polygon","coordinates":[[[76.9572442,28.4064864],[76.9572026,28.4059429],[76.9578869,28.4059013],[76.9578996,28.4060674],[76.9579285,28.4064448],[76.9572442,28.4064864]]]}},{"type":"Feature","properties":{"v":"Sikanderpur Badha","m":"1","k":"23/1","t":"Manesar","vc":"04135","area":3047.9,"lat":28.4062828,"lng":76.9568505},"geometry":{"type":"Polygon","coordinates":[[[76.9565252,28.4060751],[76.9571411,28.4060376],[76.9571757,28.4064906],[76.9565599,28.406528],[76.9565252,28.4060751]]]}},{"type":"Feature","properties":{"v":"Sikanderpur Badha","m":"1","k":"22","t":"Manesar","vc":"04135","area":4063.5,"lat":28.4062771,"lng":76.9561969},"geometry":{"type":"Polygon","coordinates":[[[76.9565183,28.4059845],[76.9565252,28.4060751],[76.9565599,28.406528],[76.9558756,28.4065696],[76.9558502,28.4062375],[76.955834,28.4060261],[76.9565183,28.4059845]]]}},{"type":"Feature","properties":{"v":"Sikanderpur Badha","m":"1","k":"21/1","t":"Manesar","vc":"04135","area":1079.0,"lat":28.4063912,"lng":76.9557048},"geometry":{"type":"Polygon","coordinates":[[[76.9558756,28.4065696],[76.9556958,28.4065805],[76.9554352,28.4062628],[76.9558502,28.4062375],[76.9558756,28.4065696]]]}},{"type":"Feature","properties":{"v":"Sikanderpur Badha","m":"1","k":"19/1","t":"Manesar","vc":"04135","area":1309.7,"lat":28.4067912,"lng":76.9564411},"geometry":{"type":"Polygon","coordinates":[[[76.9566015,28.4070715],[76.9564988,28.4070778],[76.956171,28.4066123],[76.9565645,28.4065884],[76.9566015,28.4070715]]]}},{"type":"Feature","properties":{"v":"Sikanderpur Badha","m":"1","k":"18","t":"Manesar","vc":"04135","area":3250.7,"lat":28.4068112,"lng":76.9568909},"geometry":{"type":"Polygon","coordinates":[[[76.9565645,28.4065884],[76.9571804,28.406551],[76.9572173,28.4070341],[76.9566015,28.4070715],[76.9565645,28.4065884]]]}},{"type":"Feature","properties":{"v":"Sikanderpur Badha","m":"1","k":"16/1","t":"Manesar","vc":"04135","area":2144.8,"lat":28.4068241,"lng":76.9583013},"geometry":{"type":"Polygon","coordinates":[[[76.9579481,28.4067015],[76.9586324,28.4066598],[76.9586336,28.4066749],[76.9586544,28.4069467],[76.9579701,28.4069883],[76.9579666,28.406943],[76.9579643,28.4069128],[76.9579481,28.4067015]]]}},{"type":"Feature","properties":{"v":"Sikanderpur Badha","m":"2","k":"22/2","t":"Manesar","vc":"04135","area":1727.5,"lat":28.406057,"lng":76.9598151},"geometry":{"type":"Polygon","coordinates":[[[76.9599814,28.4063199],[76.9598103,28.4063303],[76.9596905,28.4063376],[76.9596489,28.4057941],[76.9599398,28.4057764],[76.9599814,28.4063199]]]}},{"type":"Feature","properties":{"v":"Sikanderpur Badha","m":"2","k":"19/2","t":"Manesar","vc":"04135","area":3047.8,"lat":28.4066177,"lng":76.9595745},"geometry":{"type":"Polygon","coordinates":[[[76.9593387,28.4069051],[76.9593179,28.4066333],[76.9592971,28.4063616],[76.9596905,28.4063376],[76.9598103,28.4063303],[76.9598519,28.4068739],[76.9596637,28.4068853],[76.9593387,28.4069051]]]}},{"type":"Feature","properties":{"v":"Sikanderpur Badha","m":"2","k":"9/1","t":"Manesar","vc":"04135","area":260.7,"lat":28.4074826,"lng":76.9599806},"geometry":{"type":"Polygon","coordinates":[[[76.960067,28.4074382],[76.9600738,28.4075277],[76.959911,28.4075741],[76.9599056,28.4075756],[76.9599004,28.4075072],[76.959897,28.4074634],[76.9598935,28.4074174],[76.9600646,28.407407],[76.960067,28.4074382]]]}},{"type":"Feature","properties":{"v":"Sikanderpur Badha","m":"2","k":"11/2","t":"Manesar","vc":"04135","area":2438.5,"lat":28.4071893,"lng":76.9591542},"geometry":{"type":"Polygon","coordinates":[[[76.9593803,28.4074486],[76.9589697,28.4074736],[76.9589281,28.40693],[76.9593387,28.4069051],[76.9593803,28.4074486]]]}},{"type":"Feature","properties":{"v":"Sikanderpur Badha","m":"2","k":"21/3","t":"Manesar","vc":"04135","area":1016.0,"lat":28.406095,"lng":76.9591908},"geometry":{"type":"Polygon","coordinates":[[[76.9592971,28.4063616],[76.959126,28.406372],[76.9591191,28.4062814],[76.9590844,28.4058285],[76.9592555,28.4058181],[76.9592971,28.4063616]]]}},{"type":"Feature","properties":{"v":"Sikanderpur Badha","m":"2","k":"21/2","t":"Manesar","vc":"04135","area":2539.8,"lat":28.4060706,"lng":76.9588451},"geometry":{"type":"Polygon","coordinates":[[[76.9585712,28.4058597],[76.9590844,28.4058285],[76.9591191,28.4062814],[76.9586058,28.4063126],[76.9585839,28.4060257],[76.9585712,28.4058597]]]}},{"type":"Feature","properties":{"v":"Sikanderpur Badha","m":"2","k":"20/2","t":"Manesar","vc":"04135","area":2031.5,"lat":28.4065183,"lng":76.9589653},"geometry":{"type":"Polygon","coordinates":[[[76.9586324,28.4066598],[76.9586128,28.4064032],[76.959126,28.406372],[76.9592971,28.4063616],[76.9593179,28.4066333],[76.9586336,28.4066749],[76.9586324,28.4066598]]]}},{"type":"Feature","properties":{"v":"Sikanderpur Badha","m":"2","k":"12/3","t":"Manesar","vc":"04135","area":1016.1,"lat":28.4071404,"lng":76.9599582},"geometry":{"type":"Polygon","coordinates":[[[76.9600646,28.407407],[76.9598935,28.4074174],[76.9598519,28.4068739],[76.960023,28.4068635],[76.9600646,28.407407]]]}},{"type":"Feature","properties":{"v":"Sikanderpur Badha","m":"2","k":"12/1","t":"Manesar","vc":"04135","area":1930.0,"lat":28.407167,"lng":76.959522},"geometry":{"type":"Polygon","coordinates":[[[76.9593387,28.4069051],[76.9596637,28.4068853],[76.9597053,28.4074288],[76.9593803,28.4074486],[76.9593387,28.4069051]]]}},{"type":"Feature","properties":{"v":"Sikanderpur Badha","m":"2","k":"13","t":"Manesar","vc":"04135","area":3977.9,"lat":28.4071095,"lng":76.9603795},"geometry":{"type":"Polygon","coordinates":[[[76.9607379,28.4072214],[76.96074,28.4072496],[76.9607425,28.407282],[76.9607269,28.4072901],[76.9606937,28.4073074],[76.9605607,28.4073768],[76.9603804,28.4073877],[76.9600646,28.407407],[76.960023,28.4068635],[76.9607073,28.4068218],[76.9607379,28.4072214]]]}},{"type":"Feature","properties":{"v":"Sikanderpur Badha","m":"2","k":"25","t":"Manesar","vc":"04135","area":965.1,"lat":28.4059552,"lng":76.9614101},"geometry":{"type":"Polygon","coordinates":[[[76.9615008,28.4061573],[76.9615039,28.4062273],[76.9613761,28.4062351],[76.96135,28.4062367],[76.9613083,28.4056932],[76.9613902,28.4056882],[76.9614794,28.4056828],[76.9615008,28.4061573]]]}},{"type":"Feature","properties":{"v":"Sikanderpur Badha","m":"2","k":"24","t":"Manesar","vc":"04135","area":4063.7,"lat":28.4059858,"lng":76.960987},"geometry":{"type":"Polygon","coordinates":[[[76.9606657,28.4062783],[76.960624,28.4057348],[76.9611373,28.4057036],[76.9613083,28.4056932],[76.96135,28.4062367],[76.9606657,28.4062783]]]}},{"type":"Feature","properties":{"v":"Sikanderpur Badha","m":"2","k":"23","t":"Manesar","vc":"04135","area":4063.4,"lat":28.4060274,"lng":76.9603027},"geometry":{"type":"Polygon","coordinates":[[[76.9606657,28.4062783],[76.9599814,28.4063199],[76.9599398,28.4057764],[76.960624,28.4057348],[76.9606657,28.4062783]]]}},{"type":"Feature","properties":{"v":"Sikanderpur Badha","m":"2","k":"22/1","t":"Manesar","vc":"04135","area":2336.2,"lat":28.4060778,"lng":76.959473},"geometry":{"type":"Polygon","coordinates":[[[76.9592555,28.4058181],[76.9596489,28.4057941],[76.9596905,28.4063376],[76.9592971,28.4063616],[76.9592555,28.4058181]]]}},{"type":"Feature","properties":{"v":"Sikanderpur Badha","m":"2","k":"21/1","t":"Manesar","vc":"04135","area":508.1,"lat":28.4063423,"lng":76.9588659},"geometry":{"type":"Polygon","coordinates":[[[76.9591191,28.4062814],[76.959126,28.406372],[76.9586128,28.4064032],[76.9586058,28.4063126],[76.9591191,28.4062814]]]}},{"type":"Feature","properties":{"v":"Sikanderpur Badha","m":"2","k":"20/1","t":"Manesar","vc":"04135","area":2032.0,"lat":28.40679,"lng":76.9589862},"geometry":{"type":"Polygon","coordinates":[[[76.9589281,28.40693],[76.9586544,28.4069467],[76.9586336,28.4066749],[76.9593179,28.4066333],[76.9593387,28.4069051],[76.9589281,28.40693]]]}},{"type":"Feature","properties":{"v":"Sikanderpur Badha","m":"2","k":"19/1","t":"Manesar","vc":"04135","area":1016.2,"lat":28.4065969,"lng":76.9599166},"geometry":{"type":"Polygon","coordinates":[[[76.9599814,28.4063199],[76.960023,28.4068635],[76.9598519,28.4068739],[76.9598103,28.4063303],[76.9599814,28.4063199]]]}},{"type":"Feature","properties":{"v":"Sikanderpur Badha","m":"2","k":"18","t":"Manesar","vc":"04135","area":4064.0,"lat":28.4065709,"lng":76.9603443},"geometry":{"type":"Polygon","coordinates":[[[76.960023,28.4068635],[76.9599814,28.4063199],[76.9606657,28.4062783],[76.9607073,28.4068218],[76.960023,28.4068635]]]}},{"type":"Feature","properties":{"v":"Sikanderpur Badha","m":"2","k":"17","t":"Manesar","vc":"04135","area":3818.5,"lat":28.4065176,"lng":76.9610101},"geometry":{"type":"Polygon","coordinates":[[[76.9613605,28.4063746],[76.9613748,28.4065616],[76.96126,28.4067024],[76.9612374,28.4067301],[76.9611863,28.4067927],[76.9611719,28.4067936],[76.9611159,28.406797],[76.9610799,28.4067992],[76.9607073,28.4068218],[76.9606657,28.4062783],[76.96135,28.4062367],[76.9613605,28.4063746]]]}},{"type":"Feature","properties":{"v":"Sikanderpur Badha","m":"2","k":"16","t":"Manesar","vc":"04135","area":408.5,"lat":28.4063626,"lng":76.9614264},"geometry":{"type":"Polygon","coordinates":[[[76.9615023,28.4064241],[76.9613748,28.4065616],[76.9613605,28.4063746],[76.96135,28.4062367],[76.9613761,28.4062351],[76.9615039,28.4062273],[76.9615023,28.4064241]]]}},{"type":"Feature","properties":{"v":"Sikanderpur Badha","m":"2","k":"14","t":"Manesar","vc":"04135","area":1286.0,"lat":28.4069745,"lng":76.9608808},"geometry":{"type":"Polygon","coordinates":[[[76.9611856,28.4067935],[76.9609957,28.40702],[76.9608875,28.407149],[76.9608086,28.4072431],[76.9607983,28.4072491],[76.9607425,28.407282],[76.96074,28.4072496],[76.9607379,28.4072214],[76.9607073,28.4068218],[76.9610799,28.4067992],[76.9611159,28.406797],[76.9611719,28.4067936],[76.9611863,28.4067927],[76.9611856,28.4067935]]]}},{"type":"Feature","properties":{"v":"Sikanderpur Badha","m":"2","k":"12/2","t":"Manesar","vc":"04135","area":1117.6,"lat":28.4071513,"lng":76.9597786},"geometry":{"type":"Polygon","coordinates":[[[76.9598519,28.4068739],[76.9598935,28.4074174],[76.9597053,28.4074288],[76.9596637,28.4068853],[76.9598519,28.4068739]]]}},{"type":"Feature","properties":{"v":"Sikanderpur Badha","m":"2","k":"11/1","t":"Manesar","vc":"04135","area":1625.5,"lat":28.4072101,"lng":76.9588121},"geometry":{"type":"Polygon","coordinates":[[[76.9586544,28.4069467],[76.9589281,28.40693],[76.9589697,28.4074736],[76.958696,28.4074902],[76.9586891,28.4073996],[76.9586856,28.4073543],[76.9586821,28.407309],[76.9586544,28.4069467]]]}},{"type":"Feature","properties":{"v":"Sikanderpur Badha","m":"2","k":"9/2","t":"Manesar","vc":"04135","area":1207.7,"lat":28.4075446,"lng":76.9596226},"geometry":{"type":"Polygon","coordinates":[[[76.959897,28.4074634],[76.9599004,28.4075072],[76.9599056,28.4075756],[76.9594012,28.4077211],[76.9594,28.407706],[76.9593968,28.4076646],[76.9593937,28.4076239],[76.9593924,28.4076064],[76.9593895,28.4075694],[76.9593826,28.4074788],[76.9593803,28.4074486],[76.9597053,28.4074288],[76.9598935,28.4074174],[76.959897,28.4074634]]]}},{"type":"Feature","properties":{"v":"Sikanderpur Badha","m":"2","k":"8","t":"Manesar","vc":"04135","area":359.8,"lat":28.4074375,"lng":76.9602452},"geometry":{"type":"Polygon","coordinates":[[[76.9604664,28.4074183],[76.960354,28.4074496],[76.9600738,28.4075277],[76.960067,28.4074382],[76.9600646,28.407407],[76.9603804,28.4073877],[76.9605607,28.4073768],[76.9604664,28.4074183]]]}},{"type":"Feature","properties":{"v":"Sikanderpur Badha","m":"5","k":"25/2","t":"Manesar","vc":"04135","area":1524.1,"lat":28.4036297,"lng":76.9548343},"geometry":{"type":"Polygon","coordinates":[[[76.9546852,28.4033657],[76.9549418,28.4033501],[76.9549556,28.4035313],[76.9549695,28.4037125],[76.9549833,28.4038937],[76.9547267,28.4039093],[76.9546852,28.4033657]]]}},{"type":"Feature","properties":{"v":"Sikanderpur Badha","m":"5","k":"16/2","t":"Manesar","vc":"04135","area":211.4,"lat":28.4039392,"lng":76.9548579},"geometry":{"type":"Polygon","coordinates":[[[76.9547267,28.4039093],[76.9549833,28.4038937],[76.9549891,28.4039691],[76.9547325,28.4039847],[76.9547267,28.4039093]]]}},{"type":"Feature","properties":{"v":"Sikanderpur Badha","m":"5","k":"16/3","t":"Manesar","vc":"04135","area":352.5,"lat":28.40396,"lng":76.9545157},"geometry":{"type":"Polygon","coordinates":[[[76.9542991,28.4039352],[76.9547267,28.4039093],[76.9547325,28.4039847],[76.9543048,28.4040107],[76.9542991,28.4039352]]]}},{"type":"Feature","properties":{"v":"Sikanderpur Badha","m":"5","k":"25/1","t":"Manesar","vc":"04135","area":2539.8,"lat":28.4036505,"lng":76.9544921},"geometry":{"type":"Polygon","coordinates":[[[76.9542991,28.4039352],[76.9542575,28.4033917],[76.9546852,28.4033657],[76.9547267,28.4039093],[76.9542991,28.4039352]]]}},{"type":"Feature","properties":{"v":"Sikanderpur Badha","m":"5","k":"24","t":"Manesar","vc":"04135","area":2404.7,"lat":28.403643,"lng":76.9540642},"geometry":{"type":"Polygon","coordinates":[[[76.9542991,28.4039352],[76.9540425,28.4039508],[76.9537821,28.4035454],[76.9537806,28.4035431],[76.9537018,28.4034255],[76.9537066,28.4034252],[76.9542575,28.4033917],[76.9542991,28.4039352]]]}},{"type":"Feature","properties":{"v":"Sikanderpur Badha","m":"5","k":"17","t":"Manesar","vc":"04135","area":761.7,"lat":28.4041216,"lng":76.9542274},"geometry":{"type":"Polygon","coordinates":[[[76.9543048,28.4040107],[76.9543406,28.4044788],[76.9542642,28.4043434],[76.9540425,28.4039508],[76.9542991,28.4039352],[76.9543048,28.4040107]]]}},{"type":"Feature","properties":{"v":"Sikanderpur Badha","m":"5","k":"16/1","t":"Manesar","vc":"04135","area":3499.9,"lat":28.404224,"lng":76.9546648},"geometry":{"type":"Polygon","coordinates":[[[76.9543406,28.4044788],[76.9543048,28.4040107],[76.9547325,28.4039847],[76.9549891,28.4039691],[76.9550249,28.4044372],[76.9543406,28.4044788]]]}},{"type":"Feature","properties":{"v":"Sikanderpur Badha","m":"5","k":"15","t":"Manesar","vc":"04135","area":3250.8,"lat":28.4047033,"lng":76.9547645},"geometry":{"type":"Polygon","coordinates":[[[76.9550249,28.4044372],[76.9550665,28.4049807],[76.9546559,28.4050056],[76.9543406,28.4044788],[76.9550249,28.4044372]]]}},{"type":"Feature","properties":{"v":"Sikanderpur Badha","m":"5","k":"6","t":"Manesar","vc":"04135","area":1880.1,"lat":28.4052387,"lng":76.9549236},"geometry":{"type":"Polygon","coordinates":[[[76.9551081,28.4055242],[76.9548686,28.4055387],[76.9547383,28.4051688],[76.9546559,28.4050056],[76.9550665,28.4049807],[76.9551081,28.4055242]]]}},{"type":"Feature","properties":{"v":"Sikanderpur Badha","m":"5","k":"5","t":"Manesar","vc":"04135","area":479.0,"lat":28.4056511,"lng":76.9550376},"geometry":{"type":"Polygon","coordinates":[[[76.9551081,28.4055242],[76.9551361,28.4058903],[76.9548973,28.4055764],[76.9548686,28.4055387],[76.9551081,28.4055242]]]}},{"type":"Feature","properties":{"v":"Sikanderpur Badha","m":"4","k":"27","t":"Manesar","vc":"04135","area":993.5,"lat":28.4038543,"lng":76.9576271},"geometry":{"type":"Polygon","coordinates":[[[76.957717,28.4036819],[76.9577512,28.4036799],[76.9577547,28.4037252],[76.9577766,28.404012],[76.9577424,28.4040141],[76.9575029,28.4040287],[76.957481,28.4037418],[76.9574775,28.4036965],[76.957717,28.4036819]]]}},{"type":"Feature","properties":{"v":"Sikanderpur Badha","m":"4","k":"24/2","t":"Manesar","vc":"04135","area":1224.8,"lat":28.4034552,"lng":76.9575794},"geometry":{"type":"Polygon","coordinates":[[[76.957717,28.4036819],[76.9574775,28.4036965],[76.9574417,28.4032285],[76.9576812,28.4032139],[76.9576997,28.4034555],[76.957717,28.4036819]]]}},{"type":"Feature","properties":{"v":"Sikanderpur Badha","m":"4","k":"25/1/2","t":"Manesar","vc":"04135","area":762.1,"lat":28.4033118,"lng":76.9578176},"geometry":{"type":"Polygon","coordinates":[[[76.9579355,28.4031681],[76.9579563,28.4034399],[76.9576997,28.4034555],[76.9576812,28.4032139],[76.9576789,28.4031837],[76.9579355,28.4031681]]]}},{"type":"Feature","properties":{"v":"Sikanderpur Badha","m":"4","k":"25/1/1","t":"Manesar","vc":"04135","area":745.0,"lat":28.4035808,"lng":76.9578407},"geometry":{"type":"Polygon","coordinates":[[[76.9576997,28.4034555],[76.9579563,28.4034399],[76.9579771,28.4037116],[76.9577547,28.4037252],[76.9577512,28.4036799],[76.957717,28.4036819],[76.9576997,28.4034555]]]}},{"type":"Feature","properties":{"v":"Sikanderpur Badha","m":"4","k":"25/3","t":"Manesar","vc":"04135","area":1270.2,"lat":28.403291,"lng":76.9581597},"geometry":{"type":"Polygon","coordinates":[[[76.9583632,28.4031421],[76.958384,28.4034139],[76.9579563,28.4034399],[76.9579355,28.4031681],[76.9583632,28.4031421]]]}},{"type":"Feature","properties":{"v":"Sikanderpur Badha","m":"4","k":"16/2","t":"Manesar","vc":"04135","area":3279.8,"lat":28.403935,"lng":76.9580908},"geometry":{"type":"Polygon","coordinates":[[[76.9584394,28.4041386],[76.9577551,28.4041802],[76.9577424,28.4040141],[76.9577766,28.404012],[76.9577547,28.4037252],[76.9579771,28.4037116],[76.9584048,28.4036856],[76.9584394,28.4041386]]]}},{"type":"Feature","properties":{"v":"Sikanderpur Badha","m":"0","k":"95/1","t":"Manesar","vc":"04135","area":493.7,"lat":28.403429,"lng":76.9561596},"geometry":{"type":"Polygon","coordinates":[[[76.9564616,28.4033926],[76.9560174,28.4035314],[76.9559223,28.4033929],[76.9564551,28.4033628],[76.9564616,28.4033926]]]}},{"type":"Feature","properties":{"v":"Sikanderpur Badha","m":"0","k":"94","t":"Manesar","vc":"04135","area":736.9,"lat":28.4035585,"lng":76.9562312},"geometry":{"type":"Polygon","coordinates":[[[76.9561788,28.4037655],[76.9560174,28.4035314],[76.9564616,28.4033926],[76.9564699,28.40343],[76.9563,28.4036102],[76.9561788,28.4037655]]]}},{"type":"Feature","properties":{"v":"Sikanderpur Badha","m":"0","k":"93","t":"Manesar","vc":"04135","area":499.2,"lat":28.403776,"lng":76.9563085},"geometry":{"type":"Polygon","coordinates":[[[76.9563145,28.4039629],[76.9561788,28.4037655],[76.9563,28.4036102],[76.9564382,28.4037445],[76.9563145,28.4039629]]]}},{"type":"Feature","properties":{"v":"Sikanderpur Badha","m":"4","k":"22/1 /1","t":"Manesar","vc":"04135","area":169.4,"lat":28.4037589,"lng":76.9557035},"geometry":{"type":"Polygon","coordinates":[[[76.9556676,28.4038521],[76.9556538,28.4036709],[76.9557393,28.4036657],[76.9557532,28.4038469],[76.9556676,28.4038521]]]}},{"type":"Feature","properties":{"v":"Sikanderpur Badha","m":"4","k":"12/1","t":"Manesar","vc":"04135","area":225.8,"lat":28.4049032,"lng":76.9560918},"geometry":{"type":"Polygon","coordinates":[[[76.9564328,28.4048673],[76.9564351,28.4048975],[76.9557508,28.4049391],[76.9557485,28.4049089],[76.9564328,28.4048673]]]}},{"type":"Feature","properties":{"v":"Sikanderpur Badha","m":"4","k":"3/1","t":"Manesar","vc":"04135","area":1320.8,"lat":28.404619,"lng":76.9565255},"geometry":{"type":"Polygon","coordinates":[[[76.9564328,28.4048673],[76.9563935,28.404354],[76.9566159,28.4043404],[76.9566575,28.404884],[76.9564351,28.4048975],[76.9564328,28.4048673]]]}},{"type":"Feature","properties":{"v":"Sikanderpur Badha","m":"4","k":"26","t":"Manesar","vc":"04135","area":589.7,"lat":28.4046248,"lng":76.9573228},"geometry":{"type":"Polygon","coordinates":[[[76.957514,28.4047325],[76.9574004,28.4048101],[76.9571298,28.4045152],[76.9572171,28.4044608],[76.9572476,28.4044413],[76.957514,28.4047325]]]}},{"type":"Feature","properties":{"v":"Sikanderpur Badha","m":"0","k":"110","t":"Manesar","vc":"04135","area":2329.9,"lat":28.4043937,"lng":76.9574228},"geometry":{"type":"Polygon","coordinates":[[[76.9573354,28.4040471],[76.9575315,28.4042848],[76.957784,28.4045576],[76.957514,28.4047325],[76.9572476,28.4044413],[76.9570714,28.404229],[76.9573354,28.4040471]]]}},{"type":"Feature","properties":{"v":"Sikanderpur Badha","m":"4","k":"14/2","t":"Manesar","vc":"04135","area":361.4,"lat":28.404371,"lng":76.9576925},"geometry":{"type":"Polygon","coordinates":[[[76.9577621,28.4042707],[76.957784,28.4045576],[76.9575315,28.4042848],[76.9577621,28.4042707]]]}},{"type":"Feature","properties":{"v":"Sikanderpur Badha","m":"4","k":"6/1/2","t":"Manesar","vc":"04135","area":652.2,"lat":28.4050254,"lng":76.9584472},"geometry":{"type":"Polygon","coordinates":[[[76.9583682,28.4047799],[76.958488,28.4047726],[76.9585261,28.4052709],[76.9584063,28.4052781],[76.9583682,28.4047799]]]}},{"type":"Feature","properties":{"v":"Sikanderpur Badha","m":"4","k":"6/1/1","t":"Manesar","vc":"04135","area":59.3,"lat":28.4052972,"lng":76.9584679},"geometry":{"type":"Polygon","coordinates":[[[76.9585296,28.4053162],[76.9584098,28.4053234],[76.9584063,28.4052781],[76.9585261,28.4052709],[76.9585296,28.4053162]]]}},{"type":"Feature","properties":{"v":"Sikanderpur Badha","m":"4","k":"7/2","t":"Manesar","vc":"04135","area":2031.6,"lat":28.4051172,"lng":76.9573112},"geometry":{"type":"Polygon","coordinates":[[[76.9571194,28.4048559],[76.9574615,28.4048351],[76.9575031,28.4053786],[76.957161,28.4053994],[76.9571194,28.4048559]]]}},{"type":"Feature","properties":{"v":"Sikanderpur Badha","m":"4","k":"13/2","t":"Manesar","vc":"04135","area":2337.0,"lat":28.4046002,"lng":76.9568334},"geometry":{"type":"Polygon","coordinates":[[[76.9566575,28.404884],[76.9566159,28.4043404],[76.9570094,28.4043165],[76.957051,28.40486],[76.9566575,28.404884]]]}},{"type":"Feature","properties":{"v":"Sikanderpur Badha","m":"4","k":"25/2","t":"Manesar","vc":"04135","area":1269.7,"lat":28.4035627,"lng":76.9581805},"geometry":{"type":"Polygon","coordinates":[[[76.9584048,28.4036856],[76.9579771,28.4037116],[76.9579563,28.4034399],[76.958384,28.4034139],[76.9584048,28.4036856]]]}},{"type":"Feature","properties":{"v":"Sikanderpur Badha","m":"4","k":"24/1","t":"Manesar","vc":"04135","area":1467.5,"lat":28.4035414,"lng":76.9572832},"geometry":{"type":"Polygon","coordinates":[[[76.9574775,28.4036965],[76.9570327,28.4037236],[76.9570223,28.4035877],[76.9574417,28.4032285],[76.9574775,28.4036965]]]}},{"type":"Feature","properties":{"v":"Sikanderpur Badha","m":"4","k":"22/2","t":"Manesar","vc":"04135","area":901.1,"lat":28.4036667,"lng":76.9558453},"geometry":{"type":"Polygon","coordinates":[[[76.9560696,28.4038276],[76.9557532,28.4038469],[76.9557393,28.4036657],[76.9557254,28.4034845],[76.9557133,28.4033257],[76.9560696,28.4038276]]]}},{"type":"Feature","properties":{"v":"Sikanderpur Badha","m":"4","k":"21/1","t":"Manesar","vc":"04135","area":1354.8,"lat":28.4037823,"lng":76.9553186},"geometry":{"type":"Polygon","coordinates":[[[76.9549833,28.4038937],[76.9549695,28.4037125],[76.9556538,28.4036709],[76.9556676,28.4038521],[76.9549833,28.4038937]]]}},{"type":"Feature","properties":{"v":"Sikanderpur Badha","m":"4","k":"20/2","t":"Manesar","vc":"04135","area":3962.1,"lat":28.4041379,"lng":76.9553449},"geometry":{"type":"Polygon","coordinates":[[[76.9549833,28.4038937],[76.9556676,28.4038521],[76.9557081,28.4043805],[76.9550922,28.4044179],[76.9550934,28.404433],[76.9550249,28.4044372],[76.9549891,28.4039691],[76.9549833,28.4038937]]]}},{"type":"Feature","properties":{"v":"Sikanderpur Badha","m":"4","k":"19","t":"Manesar","vc":"04135","area":3385.4,"lat":28.4041321,"lng":76.9559837},"geometry":{"type":"Polygon","coordinates":[[[76.9563935,28.404354],[76.9557092,28.4043956],[76.9557081,28.4043805],[76.9556676,28.4038521],[76.9557532,28.4038469],[76.9560696,28.4038276],[76.9563265,28.4041894],[76.9563775,28.4041453],[76.9563935,28.404354]]]}},{"type":"Feature","properties":{"v":"Sikanderpur Badha","m":"4","k":"18","t":"Manesar","vc":"04135","area":2967.0,"lat":28.4040911,"lng":76.9567371},"geometry":{"type":"Polygon","coordinates":[[[76.9563935,28.404354],[76.9563775,28.4041453],[76.9569579,28.4036434],[76.9570094,28.4043165],[76.9566159,28.4043404],[76.9563935,28.404354]]]}},{"type":"Feature","properties":{"v":"Sikanderpur Badha","m":"4","k":"17","t":"Manesar","vc":"04135","area":2571.2,"lat":28.4040059,"lng":76.9573689},"geometry":{"type":"Polygon","coordinates":[[[76.9577621,28.4042707],[76.9575315,28.4042848],[76.9573354,28.4040471],[76.9570714,28.404229],[76.9570362,28.4037688],[76.957481,28.4037418],[76.9575029,28.4040287],[76.9577424,28.4040141],[76.9577551,28.4041802],[76.9577621,28.4042707]]]}},{"type":"Feature","properties":{"v":"Sikanderpur Badha","m":"4","k":"16/1","t":"Manesar","vc":"04135","area":676.7,"lat":28.4042047,"lng":76.9581007},"geometry":{"type":"Polygon","coordinates":[[[76.9584464,28.4042291],[76.9577621,28.4042707],[76.9577551,28.4041802],[76.9584394,28.4041386],[76.9584464,28.4042291]]]}},{"type":"Feature","properties":{"v":"Sikanderpur Badha","m":"4","k":"15","t":"Manesar","vc":"04135","area":4064.3,"lat":28.4045217,"lng":76.958125},"geometry":{"type":"Polygon","coordinates":[[[76.9577621,28.4042707],[76.9584464,28.4042291],[76.958488,28.4047726],[76.9583682,28.4047799],[76.9578037,28.4048143],[76.957784,28.4045576],[76.9577621,28.4042707]]]}},{"type":"Feature","properties":{"v":"Sikanderpur Badha","m":"4","k":"14","t":"Manesar","vc":"04135","area":1524.6,"lat":28.4046732,"lng":76.9576992},"geometry":{"type":"Polygon","coordinates":[[[76.9571194,28.4048559],[76.9570778,28.4043124],[76.9570714,28.404229],[76.9572476,28.4044413],[76.9572171,28.4044608],[76.9571298,28.4045152],[76.9574004,28.4048101],[76.957514,28.4047325],[76.957784,28.4045576],[76.9578037,28.4048143],[76.9574615,28.4048351],[76.9571194,28.4048559]]]}},{"type":"Feature","properties":{"v":"Sikanderpur Badha","m":"4","k":"12/2","t":"Manesar","vc":"04135","area":3837.9,"lat":28.4046315,"lng":76.956071},"geometry":{"type":"Polygon","coordinates":[[[76.9557092,28.4043956],[76.9563935,28.404354],[76.9564328,28.4048673],[76.9557485,28.4049089],[76.9557092,28.4043956]]]}},{"type":"Feature","properties":{"v":"Sikanderpur Badha","m":"4","k":"11/2","t":"Manesar","vc":"04135","area":3657.2,"lat":28.4046861,"lng":76.9554221},"geometry":{"type":"Polygon","coordinates":[[[76.9557092,28.4043956],[76.9557485,28.4049089],[76.9557508,28.4049391],[76.9551349,28.4049765],[76.9550934,28.404433],[76.9557092,28.4043956]]]}},{"type":"Feature","properties":{"v":"Sikanderpur Badha","m":"4","k":"10","t":"Manesar","vc":"04135","area":4063.9,"lat":28.4052316,"lng":76.9554294},"geometry":{"type":"Polygon","coordinates":[[[76.9557508,28.4049391],[76.9557924,28.4054826],[76.9551081,28.4055242],[76.9550665,28.4049807],[76.9551349,28.4049765],[76.9557508,28.4049391]]]}},{"type":"Feature","properties":{"v":"Sikanderpur Badha","m":"4","k":"9","t":"Manesar","vc":"04135","area":4063.7,"lat":28.40519,"lng":76.9561138},"geometry":{"type":"Polygon","coordinates":[[[76.9564767,28.405441],[76.9557924,28.4054826],[76.9557508,28.4049391],[76.9564351,28.4048975],[76.9564767,28.405441]]]}},{"type":"Feature","properties":{"v":"Sikanderpur Badha","m":"4","k":"8","t":"Manesar","vc":"04135","area":3657.4,"lat":28.4051505,"lng":76.9567639},"geometry":{"type":"Polygon","coordinates":[[[76.9564351,28.4048975],[76.9566575,28.404884],[76.957051,28.40486],[76.9570926,28.4054035],[76.9564767,28.405441],[76.9564351,28.4048975]]]}},{"type":"Feature","properties":{"v":"Sikanderpur Badha","m":"4","k":"7/1","t":"Manesar","vc":"04135","area":2032.1,"lat":28.4050965,"lng":76.9576534},"geometry":{"type":"Polygon","coordinates":[[[76.9578453,28.4053578],[76.9575031,28.4053786],[76.9574615,28.4048351],[76.9578037,28.4048143],[76.9578453,28.4053578]]]}},{"type":"Feature","properties":{"v":"Sikanderpur Badha","m":"4","k":"6/2","t":"Manesar","vc":"04135","area":3352.2,"lat":28.4050688,"lng":76.9581067},"geometry":{"type":"Polygon","coordinates":[[[76.9578037,28.4048143],[76.9583682,28.4047799],[76.9584063,28.4052781],[76.9584098,28.4053234],[76.9578453,28.4053578],[76.9578037,28.4048143]]]}},{"type":"Feature","properties":{"v":"Sikanderpur Badha","m":"4","k":"5","t":"Manesar","vc":"04135","area":4064.0,"lat":28.4056087,"lng":76.9582083},"geometry":{"type":"Polygon","coordinates":[[[76.9585296,28.4053162],[76.9585712,28.4058597],[76.9578869,28.4059013],[76.9578453,28.4053578],[76.9584098,28.4053234],[76.9585296,28.4053162]]]}},{"type":"Feature","properties":{"v":"Sikanderpur Badha","m":"4","k":"4","t":"Manesar","vc":"04135","area":4063.7,"lat":28.4056503,"lng":76.9575239},"geometry":{"type":"Polygon","coordinates":[[[76.9578453,28.4053578],[76.9578869,28.4059013],[76.9572026,28.4059429],[76.957161,28.4053994],[76.9575031,28.4053786],[76.9578453,28.4053578]]]}},{"type":"Feature","properties":{"v":"Sikanderpur Badha","m":"4","k":"3","t":"Manesar","vc":"04135","area":3657.8,"lat":28.405694,"lng":76.9568055},"geometry":{"type":"Polygon","coordinates":[[[76.9570926,28.4054035],[76.9571342,28.4059471],[76.9565183,28.4059845],[76.9564767,28.405441],[76.9570926,28.4054035]]]}},{"type":"Feature","properties":{"v":"Sikanderpur Badha","m":"4","k":"2","t":"Manesar","vc":"04135","area":4063.7,"lat":28.4057336,"lng":76.9561554},"geometry":{"type":"Polygon","coordinates":[[[76.9557924,28.4054826],[76.9564767,28.405441],[76.9565183,28.4059845],[76.955834,28.4060261],[76.9557924,28.4054826]]]}},{"type":"Feature","properties":{"v":"Sikanderpur Badha","m":"4","k":"1","t":"Manesar","vc":"04135","area":3947.7,"lat":28.4057684,"lng":76.9554794},"geometry":{"type":"Polygon","coordinates":[[[76.9557924,28.4054826],[76.955834,28.4060261],[76.9552694,28.4060604],[76.9551361,28.4058903],[76.9551081,28.4055242],[76.9557924,28.4054826]]]}},{"type":"Feature","properties":{"v":"Sikanderpur Badha","m":"3","k":"21/2","t":"Manesar","vc":"04135","area":1227.1,"lat":28.4032784,"lng":76.9585769},"geometry":{"type":"Polygon","coordinates":[[[76.958384,28.4034139],[76.9583632,28.4031421],[76.9583556,28.4030438],[76.958991,28.4033776],[76.958384,28.4034139]]]}},{"type":"Feature","properties":{"v":"Sikanderpur Badha","m":"3","k":"22/1","t":"Manesar","vc":"04135","area":1115.6,"lat":28.4032236,"lng":76.95908},"geometry":{"type":"Polygon","coordinates":[[[76.9592527,28.403088],[76.959281,28.4034576],[76.9590655,28.4033366],[76.9587092,28.4031211],[76.9590474,28.4031005],[76.9592527,28.403088]]]}},{"type":"Feature","properties":{"v":"Sikanderpur Badha","m":"3","k":"20/2","t":"Manesar","vc":"04135","area":1320.6,"lat":28.4039506,"lng":76.9585368},"geometry":{"type":"Polygon","coordinates":[[[76.9586688,28.4042156],[76.9584464,28.4042291],[76.9584394,28.4041386],[76.9584048,28.4036856],[76.9586271,28.4036721],[76.9586688,28.4042156]]]}},{"type":"Feature","properties":{"v":"Sikanderpur Badha","m":"3","k":"9/2","t":"Manesar","vc":"04135","area":1467.8,"lat":28.4048083,"lng":76.9595219},"geometry":{"type":"Polygon","coordinates":[[[76.9591722,28.404731],[76.9598565,28.4046894],[76.9598716,28.4048857],[76.9591873,28.4049273],[76.9591722,28.404731]]]}},{"type":"Feature","properties":{"v":"Sikanderpur Badha","m":"3","k":"10/2","t":"Manesar","vc":"04135","area":169.3,"lat":28.4052831,"lng":76.9586989},"geometry":{"type":"Polygon","coordinates":[[[76.9585296,28.4053162],[76.9585261,28.4052709],[76.9588682,28.4052501],[76.9588717,28.4052954],[76.9585296,28.4053162]]]}},{"type":"Feature","properties":{"v":"Sikanderpur Badha","m":"3","k":"10/2/2","t":"Manesar","vc":"04135","area":1862.6,"lat":28.4050113,"lng":76.9586781},"geometry":{"type":"Polygon","coordinates":[[[76.9588301,28.4047518],[76.9588682,28.4052501],[76.9585261,28.4052709],[76.958488,28.4047726],[76.9588301,28.4047518]]]}},{"type":"Feature","properties":{"v":"Sikanderpur Badha","m":"3","k":"3/2","t":"Manesar","vc":"04135","area":2257.7,"lat":28.4053631,"lng":76.9602518},"geometry":{"type":"Polygon","coordinates":[[[76.9606056,28.4054932],[76.9599213,28.4055349],[76.9598981,28.4052329],[76.9605824,28.4051913],[76.9606056,28.4054932]]]}},{"type":"Feature","properties":{"v":"Sikanderpur Badha","m":"3","k":"4/2","t":"Manesar","vc":"04135","area":1015.5,"lat":28.4054266,"lng":76.961202},"geometry":{"type":"Polygon","coordinates":[[[76.9612667,28.4051497],[76.9613083,28.4056932],[76.9611373,28.4057036],[76.9610957,28.4051601],[76.9612667,28.4051497]]]}},{"type":"Feature","properties":{"v":"Sikanderpur Badha","m":"3","k":"7/1","t":"Manesar","vc":"04135","area":917.1,"lat":28.4047457,"lng":76.9610926},"geometry":{"type":"Polygon","coordinates":[[[76.9612251,28.4046062],[76.9612552,28.4049987],[76.9607974,28.4046322],[76.9612251,28.4046062]]]}},{"type":"Feature","properties":{"v":"Sikanderpur Badha","m":"3","k":"13","t":"Manesar","vc":"04135","area":3106.5,"lat":28.4044243,"lng":76.9600904},"geometry":{"type":"Polygon","coordinates":[[[76.9598565,28.4046894],[76.9598149,28.4041459],[76.9597987,28.4039345],[76.9600202,28.4041334],[76.9606175,28.4046431],[76.9605408,28.4046478],[76.9598565,28.4046894]]]}},{"type":"Feature","properties":{"v":"Sikanderpur Badha","m":"3","k":"25","t":"Manesar","vc":"04135","area":2561.4,"lat":28.4032226,"lng":76.961337},"geometry":{"type":"Polygon","coordinates":[[[76.9615718,28.4030653],[76.9615182,28.4034962],[76.9611419,28.4035191],[76.9611003,28.4029756],[76.9615821,28.4029463],[76.9615866,28.4029461],[76.9615718,28.4030653]]]}},{"type":"Feature","properties":{"v":"Sikanderpur Badha","m":"3","k":"24","t":"Manesar","vc":"04135","area":4063.8,"lat":28.4032682,"lng":76.9607789},"geometry":{"type":"Polygon","coordinates":[[[76.9604576,28.4035608],[76.960416,28.4030173],[76.9611003,28.4029756],[76.9611419,28.4035191],[76.9604576,28.4035608]]]}},{"type":"Feature","properties":{"v":"Sikanderpur Badha","m":"3","k":"23","t":"Manesar","vc":"04135","area":4063.8,"lat":28.4033099,"lng":76.9600947},"geometry":{"type":"Polygon","coordinates":[[[76.9597733,28.4036024],[76.9597317,28.4030589],[76.9599028,28.4030485],[76.960416,28.4030173],[76.9604576,28.4035608],[76.9597733,28.4036024]]]}},{"type":"Feature","properties":{"v":"Sikanderpur Badha","m":"3","k":"22/2","t":"Manesar","vc":"04135","area":2615.5,"lat":28.4033258,"lng":76.9595257},"geometry":{"type":"Polygon","coordinates":[[[76.9597317,28.4030589],[76.9597733,28.4036024],[76.9595256,28.4036175],[76.9593882,28.4035206],[76.959281,28.4034576],[76.9592527,28.403088],[76.959304,28.4030849],[76.9597317,28.4030589]]]}},{"type":"Feature","properties":{"v":"Sikanderpur Badha","m":"3","k":"21/1","t":"Manesar","vc":"04135","area":2003.7,"lat":28.4035308,"lng":76.9587325},"geometry":{"type":"Polygon","coordinates":[[[76.959089,28.403644],[76.9586271,28.4036721],[76.9584048,28.4036856],[76.958384,28.4034139],[76.958991,28.4033776],[76.9590729,28.4034326],[76.959089,28.403644]]]}},{"type":"Feature","properties":{"v":"Sikanderpur Badha","m":"3","k":"20/1","t":"Manesar","vc":"04135","area":2742.7,"lat":28.4039298,"lng":76.9588789},"geometry":{"type":"Polygon","coordinates":[[[76.959089,28.403644],[76.9591306,28.4041875],[76.9586688,28.4042156],[76.9586271,28.4036721],[76.959089,28.403644]]]}},{"type":"Feature","properties":{"v":"Sikanderpur Badha","m":"3","k":"19","t":"Manesar","vc":"04135","area":3612.6,"lat":28.4039035,"lng":76.9593882},"geometry":{"type":"Polygon","coordinates":[[[76.959089,28.403644],[76.9590729,28.4034326],[76.9597987,28.4039345],[76.9598149,28.4041459],[76.9591306,28.4041875],[76.959089,28.403644]]]}},{"type":"Feature","properties":{"v":"Sikanderpur Badha","m":"3","k":"18","t":"Manesar","vc":"04135","area":3681.6,"lat":28.4038074,"lng":76.9601388},"geometry":{"type":"Polygon","coordinates":[[[76.9604576,28.4035608],[76.9604992,28.4041043],[76.9601913,28.404123],[76.9595256,28.4036175],[76.9597733,28.4036024],[76.9604576,28.4035608]]]}},{"type":"Feature","properties":{"v":"Sikanderpur Badha","m":"3","k":"17","t":"Manesar","vc":"04135","area":4064.2,"lat":28.4038117,"lng":76.9608206},"geometry":{"type":"Polygon","coordinates":[[[76.9611419,28.4035191],[76.9611835,28.4040627],[76.9604992,28.4041043],[76.9604576,28.4035608],[76.9611419,28.4035191]]]}},{"type":"Feature","properties":{"v":"Sikanderpur Badha","m":"3","k":"16","t":"Manesar","vc":"04135","area":1930.4,"lat":28.4037666,"lng":76.9613255},"geometry":{"type":"Polygon","coordinates":[[[76.9615042,28.4036228],[76.9614743,28.403892],[76.961469,28.4039394],[76.961464,28.4039847],[76.9614572,28.404046],[76.9614518,28.4040463],[76.9611835,28.4040627],[76.9611419,28.4035191],[76.9615182,28.4034962],[76.9615042,28.4036228]]]}},{"type":"Feature","properties":{"v":"Sikanderpur Badha","m":"3","k":"15","t":"Manesar","vc":"04135","area":1422.3,"lat":28.4043141,"lng":76.9613239},"geometry":{"type":"Polygon","coordinates":[[[76.9614336,28.4045281],[76.9614333,28.4045332],[76.9614304,28.4045937],[76.9613804,28.4045967],[76.9612251,28.4046062],[76.9611835,28.4040627],[76.9614518,28.4040463],[76.9614572,28.404046],[76.9614336,28.4045281]]]}},{"type":"Feature","properties":{"v":"Sikanderpur Badha","m":"3","k":"14","t":"Manesar","vc":"04135","area":4216.0,"lat":28.4043212,"lng":76.9608279},"geometry":{"type":"Polygon","coordinates":[[[76.9611835,28.4040627],[76.9612251,28.4046062],[76.9607974,28.4046322],[76.9601913,28.404123],[76.9604992,28.4041043],[76.9611835,28.4040627]]]}},{"type":"Feature","properties":{"v":"Sikanderpur Badha","m":"3","k":"12","t":"Manesar","vc":"04135","area":4063.7,"lat":28.4044385,"lng":76.9594935},"geometry":{"type":"Polygon","coordinates":[[[76.9591722,28.404731],[76.9591306,28.4041875],[76.9598149,28.4041459],[76.9598565,28.4046894],[76.9591722,28.404731]]]}},{"type":"Feature","properties":{"v":"Sikanderpur Badha","m":"3","k":"11","t":"Manesar","vc":"04135","area":4063.0,"lat":28.4044801,"lng":76.9588093},"geometry":{"type":"Polygon","coordinates":[[[76.9591722,28.404731],[76.9588301,28.4047518],[76.958488,28.4047726],[76.9584464,28.4042291],[76.9586688,28.4042156],[76.9591306,28.4041875],[76.9591722,28.404731]]]}},{"type":"Feature","properties":{"v":"Sikanderpur Badha","m":"3","k":"10/1","t":"Manesar","vc":"04135","area":2032.3,"lat":28.4050132,"lng":76.959022},"geometry":{"type":"Polygon","coordinates":[[[76.9591722,28.404731],[76.9591873,28.4049273],[76.9592139,28.4052745],[76.9588717,28.4052954],[76.9588682,28.4052501],[76.9588301,28.4047518],[76.9591722,28.404731]]]}},{"type":"Feature","properties":{"v":"Sikanderpur Badha","m":"3","k":"9/1","t":"Manesar","vc":"04135","area":2595.8,"lat":28.4050801,"lng":76.9595427},"geometry":{"type":"Polygon","coordinates":[[[76.9591873,28.4049273],[76.9598716,28.4048857],[76.9598981,28.4052329],[76.9592139,28.4052745],[76.9591873,28.4049273]]]}},{"type":"Feature","properties":{"v":"Sikanderpur Badha","m":"3","k":"8","t":"Manesar","vc":"04135","area":4063.5,"lat":28.4049404,"lng":76.9602195},"geometry":{"type":"Polygon","coordinates":[[[76.9605824,28.4051913],[76.9598981,28.4052329],[76.9598716,28.4048857],[76.9598565,28.4046894],[76.9605408,28.4046478],[76.9605824,28.4051913]]]}},{"type":"Feature","properties":{"v":"Sikanderpur Badha","m":"3","k":"7/2","t":"Manesar","vc":"04135","area":2259.8,"lat":28.4049778,"lng":76.9607978},"geometry":{"type":"Polygon","coordinates":[[[76.9605408,28.4046478],[76.9606175,28.4046431],[76.9612667,28.4051497],[76.9610957,28.4051601],[76.9605824,28.4051913],[76.9605408,28.4046478]]]}},{"type":"Feature","properties":{"v":"Sikanderpur Badha","m":"3","k":"6","t":"Manesar","vc":"04135","area":815.0,"lat":28.4048102,"lng":76.9613268},"geometry":{"type":"Polygon","coordinates":[[[76.9613808,28.4050718],[76.9613767,28.4051111],[76.9613678,28.4051028],[76.9612552,28.4049987],[76.9612251,28.4046062],[76.9613804,28.4045967],[76.9614304,28.4045937],[76.9613808,28.4050718]]]}},{"type":"Feature","properties":{"v":"Sikanderpur Badha","m":"3","k":"5","t":"Manesar","vc":"04135","area":876.8,"lat":28.4054578,"lng":76.9613727},"geometry":{"type":"Polygon","coordinates":[[[76.9614196,28.4052763],[76.9614352,28.4052892],[76.9614806,28.4055199],[76.9614799,28.4056142],[76.9614794,28.4056828],[76.9613902,28.4056882],[76.9613083,28.4056932],[76.9612667,28.4051497],[76.9614196,28.4052763]]]}},{"type":"Feature","properties":{"v":"Sikanderpur Badha","m":"3","k":"4/1","t":"Manesar","vc":"04135","area":3047.9,"lat":28.4054474,"lng":76.9608599},"geometry":{"type":"Polygon","coordinates":[[[76.960624,28.4057348],[76.9606056,28.4054932],[76.9605824,28.4051913],[76.9610957,28.4051601],[76.9611373,28.4057036],[76.960624,28.4057348]]]}},{"type":"Feature","properties":{"v":"Sikanderpur Badha","m":"3","k":"3/1","t":"Manesar","vc":"04135","area":1805.9,"lat":28.4056348,"lng":76.9602727},"geometry":{"type":"Polygon","coordinates":[[[76.960624,28.4057348],[76.9599398,28.4057764],[76.9599213,28.4055349],[76.9606056,28.4054932],[76.960624,28.4057348]]]}},{"type":"Feature","properties":{"v":"Sikanderpur Badha","m":"3","k":"2","t":"Manesar","vc":"04135","area":4063.8,"lat":28.4055255,"lng":76.9595768},"geometry":{"type":"Polygon","coordinates":[[[76.9592139,28.4052745],[76.9598981,28.4052329],[76.9599213,28.4055349],[76.9599398,28.4057764],[76.9596489,28.4057941],[76.9592555,28.4058181],[76.9592139,28.4052745]]]}},{"type":"Feature","properties":{"v":"Sikanderpur Badha","m":"3","k":"1","t":"Manesar","vc":"04135","area":4063.9,"lat":28.4055671,"lng":76.9588926},"geometry":{"type":"Polygon","coordinates":[[[76.9592139,28.4052745],[76.9592555,28.4058181],[76.9590844,28.4058285],[76.9585712,28.4058597],[76.9585296,28.4053162],[76.9588717,28.4052954],[76.9592139,28.4052745]]]}},{"type":"Feature","properties":{"v":"Sikanderpur Badha","m":"6","k":"19/1","t":"Manesar","vc":"04135","area":1726.9,"lat":28.4015814,"lng":76.952598},"geometry":{"type":"Polygon","coordinates":[[[76.9527642,28.4018444],[76.9524734,28.401862],[76.9524318,28.4013185],[76.9527226,28.4013009],[76.9527642,28.4018444]]]}},{"type":"Feature","properties":{"v":"Sikanderpur Badha","m":"6","k":"22/2","t":"Manesar","vc":"04135","area":2235.2,"lat":28.4010405,"lng":76.9525137},"geometry":{"type":"Polygon","coordinates":[[[76.9527226,28.4013009],[76.9524318,28.4013185],[76.9523463,28.4013237],[76.9523047,28.4007802],[76.9526811,28.4007573],[76.9527226,28.4013009]]]}},{"type":"Feature","properties":{"v":"Sikanderpur Badha","m":"6","k":"24/2","t":"Manesar","vc":"04135","area":2031.9,"lat":28.4010504,"lng":76.9538492},"geometry":{"type":"Polygon","coordinates":[[[76.9540912,28.4012177],[76.9534069,28.4012593],[76.9540496,28.4006742],[76.9540912,28.4012177]]]}},{"type":"Feature","properties":{"v":"Sikanderpur Badha","m":"6","k":"25/2","t":"Manesar","vc":"04135","area":2031.6,"lat":28.4010088,"lng":76.9545335},"geometry":{"type":"Polygon","coordinates":[[[76.9547754,28.4011761],[76.9541767,28.4012125],[76.9540912,28.4012177],[76.9547338,28.4006326],[76.9547754,28.4011761]]]}},{"type":"Feature","properties":{"v":"Sikanderpur Badha","m":"6","k":"16/2","t":"Manesar","vc":"04135","area":508.0,"lat":28.4014869,"lng":76.9541547},"geometry":{"type":"Polygon","coordinates":[[[76.9542183,28.401756],[76.9541327,28.4017612],[76.9540912,28.4012177],[76.9541767,28.4012125],[76.9542183,28.401756]]]}},{"type":"Feature","properties":{"v":"Sikanderpur Badha","m":"6","k":"15/2","t":"Manesar","vc":"04135","area":273.7,"lat":28.4018733,"lng":76.9547875},"geometry":{"type":"Polygon","coordinates":[[[76.954817,28.4017196],[76.9548396,28.4020142],[76.954801,28.4020393],[76.9547555,28.4020041],[76.9547341,28.4017246],[76.954817,28.4017196]]]}},{"type":"Feature","properties":{"v":"Sikanderpur Badha","m":"6","k":"6/2","t":"Manesar","vc":"04135","area":1129.0,"lat":28.4023662,"lng":76.9544769},"geometry":{"type":"Polygon","coordinates":[[[76.9541743,28.4023047],[76.9548586,28.4022631],[76.9548655,28.4023537],[76.9541905,28.4025161],[76.9541743,28.4023047]]]}},{"type":"Feature","properties":{"v":"Sikanderpur Badha","m":"6","k":"8/2","t":"Manesar","vc":"04135","area":2349.5,"lat":28.4025369,"lng":76.9532034},"geometry":{"type":"Polygon","coordinates":[[[76.9535155,28.4026784],[76.9532505,28.4027443],[76.9532441,28.4027459],[76.9531019,28.4027812],[76.9530899,28.4027666],[76.9529873,28.4026418],[76.9528664,28.4024946],[76.9527799,28.4023895],[76.9528058,28.4023879],[76.9528369,28.402386],[76.95349,28.4023463],[76.9535155,28.4026784]]]}},{"type":"Feature","properties":{"v":"Sikanderpur Badha","m":"6","k":"7/2","t":"Manesar","vc":"04135","area":2031.9,"lat":28.4024651,"lng":76.9538174},"geometry":{"type":"Polygon","coordinates":[[[76.9541743,28.4023047],[76.9541905,28.4025161],[76.9535155,28.4026784],[76.95349,28.4023463],[76.9541743,28.4023047]]]}},{"type":"Feature","properties":{"v":"Sikanderpur Badha","m":"6","k":"5/3","t":"Manesar","vc":"04135","area":1552.4,"lat":28.402931,"lng":76.9545777},"geometry":{"type":"Polygon","coordinates":[[[76.9542159,28.4028482],[76.9549002,28.4028066],[76.9549175,28.4030331],[76.9546609,28.4030487],[76.9546586,28.4030185],[76.9542309,28.4030445],[76.9542159,28.4028482]]]}},{"type":"Feature","properties":{"v":"Sikanderpur Badha","m":"6","k":"5/2","t":"Manesar","vc":"04135","area":888.8,"lat":28.4031994,"lng":76.9548013},"geometry":{"type":"Polygon","coordinates":[[[76.9546609,28.4030487],[76.9549175,28.4030331],[76.9549418,28.4033501],[76.9546852,28.4033657],[76.9546609,28.4030487]]]}},{"type":"Feature","properties":{"v":"Sikanderpur Badha","m":"6","k":"13","t":"Manesar","vc":"04135","area":4063.5,"lat":28.4020953,"lng":76.9531271},"geometry":{"type":"Polygon","coordinates":[[[76.95349,28.4023463],[76.9528369,28.402386],[76.9528058,28.4023879],[76.9528032,28.4023542],[76.9527642,28.4018444],[76.9534485,28.4018028],[76.95349,28.4023463]]]}},{"type":"Feature","properties":{"v":"Sikanderpur Badha","m":"6","k":"25/1","t":"Manesar","vc":"04135","area":2031.6,"lat":28.4008415,"lng":76.9542915},"geometry":{"type":"Polygon","coordinates":[[[76.9540496,28.4006742],[76.9547338,28.4006326],[76.9540912,28.4012177],[76.9540496,28.4006742]]]}},{"type":"Feature","properties":{"v":"Sikanderpur Badha","m":"6","k":"24/1","t":"Manesar","vc":"04135","area":2031.9,"lat":28.4008831,"lng":76.9536073},"geometry":{"type":"Polygon","coordinates":[[[76.9533653,28.4007158],[76.9540496,28.4006742],[76.9534069,28.4012593],[76.9533653,28.4007158]]]}},{"type":"Feature","properties":{"v":"Sikanderpur Badha","m":"6","k":"23","t":"Manesar","vc":"04135","area":4063.9,"lat":28.4010083,"lng":76.953044},"geometry":{"type":"Polygon","coordinates":[[[76.9534069,28.4012593],[76.9527226,28.4013009],[76.9526811,28.4007573],[76.9533653,28.4007158],[76.9534069,28.4012593]]]}},{"type":"Feature","properties":{"v":"Sikanderpur Badha","m":"6","k":"22/1/2","t":"Manesar","vc":"04135","area":1016.1,"lat":28.4010571,"lng":76.95224},"geometry":{"type":"Polygon","coordinates":[[[76.9523047,28.4007802],[76.9523463,28.4013237],[76.9521752,28.4013341],[76.9521336,28.4007906],[76.9523047,28.4007802]]]}},{"type":"Feature","properties":{"v":"Sikanderpur Badha","m":"6","k":"21","t":"Manesar","vc":"04135","area":1276.0,"lat":28.4010033,"lng":76.9518796},"geometry":{"type":"Polygon","coordinates":[[[76.9520384,28.4013424],[76.9520041,28.4013445],[76.9519805,28.4013164],[76.9516033,28.4008228],[76.9519968,28.4007989],[76.9520384,28.4013424]]]}},{"type":"Feature","properties":{"v":"Sikanderpur Badha","m":"6","k":"19/2","t":"Manesar","vc":"04135","area":1554.7,"lat":28.4015419,"lng":76.9522998},"geometry":{"type":"Polygon","coordinates":[[[76.9520384,28.4013424],[76.9521752,28.4013341],[76.9523463,28.4013237],[76.9524318,28.4013185],[76.9524734,28.401862],[76.9523776,28.4018679],[76.9520041,28.4013445],[76.9520384,28.4013424]]]}},{"type":"Feature","properties":{"v":"Sikanderpur Badha","m":"6","k":"18","t":"Manesar","vc":"04135","area":4063.8,"lat":28.4015518,"lng":76.9530855},"geometry":{"type":"Polygon","coordinates":[[[76.9534485,28.4018028],[76.9527642,28.4018444],[76.9527226,28.4013009],[76.9534069,28.4012593],[76.9534485,28.4018028]]]}},{"type":"Feature","properties":{"v":"Sikanderpur Badha","m":"6","k":"17","t":"Manesar","vc":"04135","area":4063.5,"lat":28.4015102,"lng":76.9537698},"geometry":{"type":"Polygon","coordinates":[[[76.9534069,28.4012593],[76.9540912,28.4012177],[76.9541327,28.4017612],[76.9534485,28.4018028],[76.9534069,28.4012593]]]}},{"type":"Feature","properties":{"v":"Sikanderpur Badha","m":"6","k":"16/1","t":"Manesar","vc":"04135","area":3420.0,"lat":28.4014564,"lng":76.9544929},"geometry":{"type":"Polygon","coordinates":[[[76.9547754,28.4011761],[76.954817,28.4017196],[76.9547341,28.4017246],[76.9547307,28.4016793],[76.9544569,28.401696],[76.9544604,28.4017413],[76.9542183,28.401756],[76.9541767,28.4012125],[76.9547754,28.4011761]]]}},{"type":"Feature","properties":{"v":"Sikanderpur Badha","m":"6","k":"15/1","t":"Manesar","vc":"04135","area":2936.6,"lat":28.4020646,"lng":76.9544345},"geometry":{"type":"Polygon","coordinates":[[[76.9541743,28.4023047],[76.9541327,28.4017612],[76.9542183,28.401756],[76.9544604,28.4017413],[76.9544818,28.4020207],[76.9547555,28.4020041],[76.954801,28.4020393],[76.9548457,28.4020951],[76.9548586,28.4022631],[76.9541743,28.4023047]]]}},{"type":"Feature","properties":{"v":"Sikanderpur Badha","m":"6","k":"14","t":"Manesar","vc":"04135","area":4063.5,"lat":28.4020538,"lng":76.9538114},"geometry":{"type":"Polygon","coordinates":[[[76.9541743,28.4023047],[76.95349,28.4023463],[76.9534485,28.4018028],[76.9541327,28.4017612],[76.9541743,28.4023047]]]}},{"type":"Feature","properties":{"v":"Sikanderpur Badha","m":"6","k":"12","t":"Manesar","vc":"04135","area":1241.6,"lat":28.4020458,"lng":76.9526485},"geometry":{"type":"Polygon","coordinates":[[[76.9528032,28.4023542],[76.9528058,28.4023879],[76.9527799,28.4023895],[76.9525995,28.4021618],[76.9525595,28.4021113],[76.9523776,28.4018679],[76.9524734,28.401862],[76.9527642,28.4018444],[76.9528032,28.4023542]]]}},{"type":"Feature","properties":{"v":"Sikanderpur Badha","m":"6","k":"8/1","t":"Manesar","vc":"04135","area":435.7,"lat":28.4028347,"lng":76.9533755},"geometry":{"type":"Polygon","coordinates":[[[76.9535316,28.4028898],[76.9533697,28.4028997],[76.953319,28.4029027],[76.9532631,28.4029061],[76.9531494,28.4028284],[76.9531482,28.4028276],[76.9532917,28.4027934],[76.9535201,28.4027388],[76.9535316,28.4028898]]]}},{"type":"Feature","properties":{"v":"Sikanderpur Badha","m":"6","k":"7/1","t":"Manesar","vc":"04135","area":1580.2,"lat":28.4027585,"lng":76.953898},"geometry":{"type":"Polygon","coordinates":[[[76.9535316,28.4028898],[76.9535201,28.4027388],[76.9541951,28.4025765],[76.9542159,28.4028482],[76.9535316,28.4028898]]]}},{"type":"Feature","properties":{"v":"Sikanderpur Badha","m":"6","k":"6/1","t":"Manesar","vc":"04135","area":2483.1,"lat":28.4026583,"lng":76.9545659},"geometry":{"type":"Polygon","coordinates":[[[76.9542159,28.4028482],[76.9541951,28.4025765],[76.9548701,28.4024141],[76.9549002,28.4028066],[76.9542159,28.4028482]]]}},{"type":"Feature","properties":{"v":"Sikanderpur Badha","m":"6","k":"5/1","t":"Manesar","vc":"04135","area":1622.5,"lat":28.4032051,"lng":76.954458},"geometry":{"type":"Polygon","coordinates":[[[76.9546852,28.4033657],[76.9542575,28.4033917],[76.9542309,28.4030445],[76.9546586,28.4030185],[76.9546609,28.4030487],[76.9546852,28.4033657]]]}},{"type":"Feature","properties":{"v":"Sikanderpur Badha","m":"6","k":"4","t":"Manesar","vc":"04135","area":4377.1,"lat":28.4031202,"lng":76.9538588},"geometry":{"type":"Polygon","coordinates":[[[76.9542309,28.4030445],[76.9542575,28.4033917],[76.9537066,28.4034252],[76.9537018,28.4034255],[76.9534592,28.4031105],[76.9534457,28.403093],[76.9533995,28.403033],[76.9533281,28.4029403],[76.9532631,28.4029061],[76.953319,28.4029027],[76.9533697,28.4028997],[76.9535316,28.4028898],[76.9542159,28.4028482],[76.9542309,28.4030445]]]}},{"type":"Feature","properties":{"v":"Sikanderpur Badha","m":"0","k":"75","t":"Manesar","vc":"04135","area":1134.3,"lat":28.4009131,"lng":76.9574549},"geometry":{"type":"Polygon","coordinates":[[[76.9575809,28.4010055],[76.958016,28.4015251],[76.9579408,28.4015297],[76.9577558,28.4013142],[76.9577137,28.4012651],[76.9569534,28.4003794],[76.9569161,28.4003361],[76.9569681,28.4002987],[76.9569988,28.4003327],[76.9571377,28.4004864],[76.9571609,28.4005154],[76.9575061,28.4009268],[76.9575809,28.4010055]]]}},{"type":"Feature","properties":{"v":"Sikanderpur Badha","m":"0","k":"79","t":"Manesar","vc":"04135","area":3641.7,"lat":28.4019118,"lng":76.9569538},"geometry":{"type":"Polygon","coordinates":[[[76.9566933,28.4017466],[76.9566255,28.4016473],[76.9567711,28.4015321],[76.9569471,28.4017096],[76.957107,28.4016071],[76.9571711,28.4016946],[76.9572455,28.4017962],[76.9573664,28.4019598],[76.9570379,28.4022257],[76.9571377,28.402376],[76.9569203,28.4022549],[76.9565634,28.4018876],[76.9566933,28.4017466]]]}},{"type":"Feature","properties":{"v":"Sikanderpur Badha","m":"0","k":"63","t":"Manesar","vc":"04135","area":7478.3,"lat":28.403297,"lng":76.9589188},"geometry":{"type":"Polygon","coordinates":[[[76.9559564,28.4012617],[76.9560406,28.4013469],[76.9564521,28.4017726],[76.9565634,28.4018876],[76.9569203,28.4022549],[76.9571377,28.402376],[76.9573778,28.4024846],[76.9574236,28.4025053],[76.9576344,28.402603],[76.9578512,28.402691],[76.9579521,28.4027319],[76.9580128,28.4027599],[76.9583447,28.4029006],[76.9584504,28.4029645],[76.9587092,28.4031211],[76.9590655,28.4033366],[76.959281,28.4034576],[76.9593882,28.4035206],[76.9595256,28.4036175],[76.9601913,28.404123],[76.9607974,28.4046322],[76.9612552,28.4049987],[76.9613678,28.4051028],[76.9613767,28.4051111],[76.9613933,28.4051615],[76.9614224,28.4052502],[76.9614352,28.4052892],[76.9614196,28.4052763],[76.9612667,28.4051497],[76.9606175,28.4046431],[76.9600202,28.4041334],[76.9597987,28.4039345],[76.9590729,28.4034326],[76.958991,28.4033776],[76.9583556,28.4030438],[76.9579426,28.4028133],[76.9578862,28.4027838],[76.9577923,28.4027468],[76.9577454,28.4027283],[76.9572236,28.4025256],[76.9569303,28.402385],[76.9559846,28.401437],[76.955825,28.4012871],[76.9559084,28.4012186],[76.9559564,28.4012617]]]}},{"type":"Feature","properties":{"v":"Sikanderpur Badha","m":"0","k":"74","t":"Manesar","vc":"04135","area":4363.6,"lat":28.4030689,"lng":76.9575894},"geometry":{"type":"Polygon","coordinates":[[[76.9563775,28.4041453],[76.9563265,28.4041894],[76.9560696,28.4038276],[76.9557133,28.4033257],[76.9557008,28.403304],[76.9556169,28.4031885],[76.9552519,28.4026864],[76.9550282,28.4023701],[76.9548701,28.4024141],[76.9541951,28.4025765],[76.9535201,28.4027388],[76.9532917,28.4027934],[76.9531482,28.4028276],[76.9531019,28.4027812],[76.9532441,28.4027459],[76.9532505,28.4027443],[76.9535155,28.4026784],[76.9541905,28.4025161],[76.9548655,28.4023537],[76.9549946,28.4023227],[76.9548457,28.4020951],[76.954801,28.4020393],[76.9548396,28.4020142],[76.9548496,28.4020077],[76.9548873,28.4020585],[76.9550822,28.4023414],[76.9557693,28.4032998],[76.956289,28.4040248],[76.9563396,28.4040954],[76.957047,28.4034824],[76.9572062,28.4033499],[76.9578862,28.4027838],[76.9579426,28.4028133],[76.9574825,28.4031957],[76.9574417,28.4032285],[76.9570223,28.4035877],[76.9569579,28.4036434],[76.9563775,28.4041453]]]}},{"type":"Feature","properties":{"v":"Sikanderpur Badha","m":"0","k":"61","t":"Manesar","vc":"04135","area":402.7,"lat":28.4031514,"lng":76.9571134},"geometry":{"type":"Polygon","coordinates":[[[76.9572178,28.4030785],[76.9571465,28.4033098],[76.9570074,28.4032115],[76.9570793,28.4030003],[76.9572178,28.4030785]]]}},{"type":"Feature","properties":{"v":"Sikanderpur Badha","m":"0","k":"96","t":"Manesar","vc":"04135","area":153.4,"lat":28.4031859,"lng":76.9572254},"geometry":{"type":"Polygon","coordinates":[[[76.9572178,28.4030785],[76.9573118,28.4031693],[76.9571465,28.4033098],[76.9572178,28.4030785]]]}},{"type":"Feature","properties":{"v":"Sikanderpur Badha","m":"0","k":"62","t":"Manesar","vc":"04135","area":718.9,"lat":28.4030368,"lng":76.9575232},"geometry":{"type":"Polygon","coordinates":[[[76.9572062,28.4033499],[76.9571465,28.4033098],[76.9573118,28.4031693],[76.9575159,28.4029967],[76.9576549,28.402871],[76.9577923,28.4027468],[76.9578862,28.4027838],[76.9572062,28.4033499]]]}},{"type":"Feature","properties":{"v":"Sikanderpur Badha","m":"0","k":"97","t":"Manesar","vc":"04135","area":321.1,"lat":28.4030487,"lng":76.9573686},"geometry":{"type":"Polygon","coordinates":[[[76.9573118,28.4031693],[76.9572178,28.4030785],[76.9574115,28.4029601],[76.957454,28.4029287],[76.9575159,28.4029967],[76.9573118,28.4031693]]]}},{"type":"Feature","properties":{"v":"Sikanderpur Badha","m":"0","k":"98","t":"Manesar","vc":"04135","area":156.2,"lat":28.4029097,"lng":76.957553},"geometry":{"type":"Polygon","coordinates":[[[76.9575159,28.4029967],[76.957454,28.4029287],[76.9575475,28.4028659],[76.9576,28.4028287],[76.9576549,28.402871],[76.9575159,28.4029967]]]}},{"type":"Feature","properties":{"v":"Sikanderpur Badha","m":"0","k":"99","t":"Manesar","vc":"04135","area":108.9,"lat":28.4027979,"lng":76.9576935},"geometry":{"type":"Polygon","coordinates":[[[76.9577923,28.4027468],[76.9576549,28.402871],[76.9576,28.4028287],[76.9577454,28.4027283],[76.9577923,28.4027468]]]}},{"type":"Feature","properties":{"v":"Sikanderpur Badha","m":"0","k":"60","t":"Manesar","vc":"04135","area":899.9,"lat":28.4028805,"lng":76.9572205},"geometry":{"type":"Polygon","coordinates":[[[76.9570793,28.4030003],[76.9571595,28.4025874],[76.9574115,28.4029601],[76.9572178,28.4030785],[76.9570793,28.4030003]]]}},{"type":"Feature","properties":{"v":"Sikanderpur Badha","m":"0","k":"59","t":"Manesar","vc":"04135","area":630.7,"lat":28.402752,"lng":76.95735},"geometry":{"type":"Polygon","coordinates":[[[76.9571595,28.4025874],[76.9572236,28.4025256],[76.9575475,28.4028659],[76.957454,28.4029287],[76.9574115,28.4029601],[76.9571595,28.4025874]]]}},{"type":"Feature","properties":{"v":"Sikanderpur Badha","m":"0","k":"58","t":"Manesar","vc":"04135","area":607.8,"lat":28.4027065,"lng":76.9575053},"geometry":{"type":"Polygon","coordinates":[[[76.9576,28.4028287],[76.9575475,28.4028659],[76.9572236,28.4025256],[76.9577454,28.4027283],[76.9576,28.4028287]]]}},{"type":"Feature","properties":{"v":"Sikanderpur Badha","m":"0","k":"57","t":"Manesar","vc":"04135","area":498.5,"lat":28.4023891,"lng":76.9579437},"geometry":{"type":"Polygon","coordinates":[[[76.958032,28.4022699],[76.9581256,28.4024073],[76.9578469,28.4025065],[76.9578223,28.4024666],[76.9577649,28.4023732],[76.958032,28.4022699]]]}},{"type":"Feature","properties":{"v":"Sikanderpur Badha","m":"0","k":"56","t":"Manesar","vc":"04135","area":291.7,"lat":28.4024667,"lng":76.9576893},"geometry":{"type":"Polygon","coordinates":[[[76.9577649,28.4023732],[76.9578223,28.4024666],[76.9576317,28.4025668],[76.9575531,28.4024552],[76.9577649,28.4023732]]]}},{"type":"Feature","properties":{"v":"Sikanderpur Badha","m":"0","k":"53","t":"Manesar","vc":"04135","area":629.6,"lat":28.4023083,"lng":76.957485},"geometry":{"type":"Polygon","coordinates":[[[76.9573909,28.4022046],[76.957482,28.4021036],[76.9575546,28.4022201],[76.9576491,28.4023717],[76.9573778,28.4024846],[76.9573909,28.4022046]]]}},{"type":"Feature","properties":{"v":"Sikanderpur Badha","m":"0","k":"52","t":"Manesar","vc":"04135","area":1278.8,"lat":28.4022241,"lng":76.9572734},"geometry":{"type":"Polygon","coordinates":[[[76.9570379,28.4022257],[76.9573664,28.4019598],[76.9573945,28.4019978],[76.957482,28.4021036],[76.9573909,28.4022046],[76.9573778,28.4024846],[76.9571377,28.402376],[76.9570379,28.4022257]]]}},{"type":"Feature","properties":{"v":"Sikanderpur Badha","m":"0","k":"50","t":"Manesar","vc":"04135","area":793.0,"lat":28.402217,"lng":76.9577778},"geometry":{"type":"Polygon","coordinates":[[[76.958015,28.4022242],[76.9576491,28.4023717],[76.9575546,28.4022201],[76.957868,28.4020569],[76.958015,28.4022242]]]}},{"type":"Feature","properties":{"v":"Sikanderpur Badha","m":"0","k":"49","t":"Manesar","vc":"04135","area":1117.1,"lat":28.4020478,"lng":76.9581361},"geometry":{"type":"Polygon","coordinates":[[[76.9582169,28.4018514],[76.9584094,28.4020756],[76.958015,28.4022242],[76.957868,28.4020569],[76.9579249,28.4020239],[76.9582169,28.4018514]]]}},{"type":"Feature","properties":{"v":"Sikanderpur Badha","m":"0","k":"51","t":"Manesar","vc":"04135","area":1234.1,"lat":28.4020092,"lng":76.9576537},"geometry":{"type":"Polygon","coordinates":[[[76.9576655,28.4018272],[76.9577128,28.4017971],[76.9579249,28.4020239],[76.957868,28.4020569],[76.9575546,28.4022201],[76.957482,28.4021036],[76.9573945,28.4019978],[76.9576655,28.4018272]]]}},{"type":"Feature","properties":{"v":"Sikanderpur Badha","m":"0","k":"48","t":"Manesar","vc":"04135","area":1172.0,"lat":28.4018178,"lng":76.9579656},"geometry":{"type":"Polygon","coordinates":[[[76.9579503,28.4016411],[76.9580058,28.4016055],[76.9582169,28.4018514],[76.9579249,28.4020239],[76.9577128,28.4017971],[76.9579503,28.4016411]]]}},{"type":"Feature","properties":{"v":"Sikanderpur Badha","m":"0","k":"37","t":"Manesar","vc":"04135","area":534.8,"lat":28.4015306,"lng":76.9572572},"geometry":{"type":"Polygon","coordinates":[[[76.957107,28.4016071],[76.957216,28.401522],[76.957148,28.4014563],[76.957264,28.4013668],[76.9574301,28.4015349],[76.9573236,28.4015939],[76.9571711,28.4016946],[76.957107,28.4016071]]]}},{"type":"Feature","properties":{"v":"Sikanderpur Badha","m":"0","k":"36","t":"Manesar","vc":"04135","area":919.3,"lat":28.4015246,"lng":76.9569922},"geometry":{"type":"Polygon","coordinates":[[[76.9569471,28.4017096],[76.9567711,28.4015321],[76.9570209,28.4013334],[76.957148,28.4014563],[76.957216,28.401522],[76.957107,28.4016071],[76.9569471,28.4017096]]]}},{"type":"Feature","properties":{"v":"Sikanderpur Badha","m":"0","k":"31","t":"Manesar","vc":"04135","area":749.9,"lat":28.4014727,"lng":76.9562599},"geometry":{"type":"Polygon","coordinates":[[[76.9561943,28.4012634],[76.9563759,28.4014743],[76.9564521,28.4017726],[76.9560406,28.4013469],[76.9561943,28.4012634]]]}},{"type":"Feature","properties":{"v":"Sikanderpur Badha","m":"0","k":"30","t":"Manesar","vc":"04135","area":1466.0,"lat":28.4015575,"lng":76.956555},"geometry":{"type":"Polygon","coordinates":[[[76.9564521,28.4017726],[76.9563759,28.4014743],[76.9565548,28.4013419],[76.9564259,28.4011535],[76.9564744,28.4011384],[76.9565955,28.4013141],[76.9567711,28.4015321],[76.9566255,28.4016473],[76.9566933,28.4017466],[76.9565634,28.4018876],[76.9564521,28.4017726]]]}},{"type":"Feature","properties":{"v":"Sikanderpur Badha","m":"0","k":"35","t":"Manesar","vc":"04135","area":955.3,"lat":28.4013261,"lng":76.9568099},"geometry":{"type":"Polygon","coordinates":[[[76.9565955,28.4013141],[76.95686,28.4011214],[76.9569193,28.4012042],[76.9570209,28.4013334],[76.9567711,28.4015321],[76.9565955,28.4013141]]]}},{"type":"Feature","properties":{"v":"Sikanderpur Badha","m":"0","k":"45","t":"Manesar","vc":"04135","area":238.1,"lat":28.4016982,"lng":76.9572798},"geometry":{"type":"Polygon","coordinates":[[[76.9573796,28.4017152],[76.9572455,28.4017962],[76.9571711,28.4016946],[76.9573236,28.4015939],[76.9573796,28.4017152]]]}},{"type":"Feature","properties":{"v":"Sikanderpur Badha","m":"0","k":"44","t":"Manesar","vc":"04135","area":246.1,"lat":28.4016142,"lng":76.9574281},"geometry":{"type":"Polygon","coordinates":[[[76.9573236,28.4015939],[76.9574301,28.4015349],[76.9574508,28.4015209],[76.9575515,28.4016149],[76.9575219,28.4016307],[76.9573796,28.4017152],[76.9573236,28.4015939]]]}},{"type":"Feature","properties":{"v":"Sikanderpur Badha","m":"0","k":"46","t":"Manesar","vc":"04135","area":861.0,"lat":28.4018132,"lng":76.957456},"geometry":{"type":"Polygon","coordinates":[[[76.9573664,28.4019598],[76.9572455,28.4017962],[76.9573796,28.4017152],[76.9575219,28.4016307],[76.9576655,28.4018272],[76.9573945,28.4019978],[76.9573664,28.4019598]]]}},{"type":"Feature","properties":{"v":"Sikanderpur Badha","m":"0","k":"47","t":"Manesar","vc":"04135","area":859.2,"lat":28.4016417,"lng":76.9577338},"geometry":{"type":"Polygon","coordinates":[[[76.9576655,28.4018272],[76.9575219,28.4016307],[76.9575515,28.4016149],[76.9576655,28.4015425],[76.9577949,28.4014604],[76.9578588,28.4015347],[76.9579503,28.4016411],[76.9577128,28.4017971],[76.9576655,28.4018272]]]}},{"type":"Feature","properties":{"v":"Sikanderpur Badha","m":"0","k":"43","t":"Manesar","vc":"04135","area":220.0,"lat":28.4015252,"lng":76.9575622},"geometry":{"type":"Polygon","coordinates":[[[76.9575515,28.4016149],[76.9574508,28.4015209],[76.9575852,28.4014299],[76.9576655,28.4015425],[76.9575515,28.4016149]]]}},{"type":"Feature","properties":{"v":"Sikanderpur Badha","m":"7","k":"15","t":"Manesar","vc":"04135","area":370.1,"lat":28.4016176,"lng":76.958172},"geometry":{"type":"Polygon","coordinates":[[[76.9582384,28.4015116],[76.9582557,28.401738],[76.9582617,28.4018162],[76.958016,28.4015251],[76.9580502,28.401523],[76.9582384,28.4015116]]]}},{"type":"Feature","properties":{"v":"Sikanderpur Badha","m":"0","k":"65","t":"Manesar","vc":"04135","area":85.4,"lat":28.4015783,"lng":76.957937},"geometry":{"type":"Polygon","coordinates":[[[76.9580058,28.4016055],[76.9579503,28.4016411],[76.9578588,28.4015347],[76.9579408,28.4015297],[76.9580058,28.4016055]]]}},{"type":"Feature","properties":{"v":"Sikanderpur Badha","m":"0","k":"66","t":"Manesar","vc":"04135","area":187.5,"lat":28.4014321,"lng":76.957815},"geometry":{"type":"Polygon","coordinates":[[[76.9577011,28.4013513],[76.9577558,28.4013142],[76.9579408,28.4015297],[76.9578588,28.4015347],[76.9577949,28.4014604],[76.9577011,28.4013513]]]}},{"type":"Feature","properties":{"v":"Sikanderpur Badha","m":"0","k":"101","t":"Manesar","vc":"04135","area":223.9,"lat":28.4014466,"lng":76.9576876},"geometry":{"type":"Polygon","coordinates":[[[76.9576655,28.4015425],[76.9575852,28.4014299],[76.9577011,28.4013513],[76.9577949,28.4014604],[76.9576655,28.4015425]]]}},{"type":"Feature","properties":{"v":"Sikanderpur Badha","m":"0","k":"102","t":"Manesar","vc":"04135","area":138.9,"lat":28.4013089,"lng":76.9575718},"geometry":{"type":"Polygon","coordinates":[[[76.9575169,28.4012897],[76.9576021,28.4012362],[76.9576596,28.4013031],[76.9575453,28.4013834],[76.9574831,28.401311],[76.9575169,28.4012897]]]}},{"type":"Feature","properties":{"v":"Sikanderpur Badha","m":"0","k":"103","t":"Manesar","vc":"04135","area":302.6,"lat":28.4011509,"lng":76.9574671},"geometry":{"type":"Polygon","coordinates":[[[76.9575169,28.4012897],[76.9573344,28.4010591],[76.9574067,28.4010089],[76.9576021,28.4012362],[76.9575169,28.4012897]]]}},{"type":"Feature","properties":{"v":"Sikanderpur Badha","m":"0","k":"42","t":"Manesar","vc":"04135","area":394.9,"lat":28.4011991,"lng":76.9573669},"geometry":{"type":"Polygon","coordinates":[[[76.9572082,28.4011231],[76.9573344,28.4010591],[76.9575169,28.4012897],[76.9574831,28.401311],[76.9574287,28.4013452],[76.9572082,28.4011231]]]}},{"type":"Feature","properties":{"v":"Sikanderpur Badha","m":"0","k":"41","t":"Manesar","vc":"04135","area":923.6,"lat":28.4013026,"lng":76.9573091},"geometry":{"type":"Polygon","coordinates":[[[76.9571567,28.4010445],[76.9572082,28.4011231],[76.9574287,28.4013452],[76.9574831,28.401311],[76.9575453,28.4013834],[76.9575852,28.4014299],[76.9574508,28.4015209],[76.9574301,28.4015349],[76.957264,28.4013668],[76.9570312,28.401129],[76.9571567,28.4010445]]]}},{"type":"Feature","properties":{"v":"Sikanderpur Badha","m":"0","k":"38","t":"Manesar","vc":"04135","area":531.6,"lat":28.4012928,"lng":76.9570896},"geometry":{"type":"Polygon","coordinates":[[[76.9570209,28.4013334],[76.9569193,28.4012042],[76.9570312,28.401129],[76.957264,28.4013668],[76.957148,28.4014563],[76.9570209,28.4013334]]]}},{"type":"Feature","properties":{"v":"Sikanderpur Badha","m":"0","k":"67","t":"Manesar","vc":"04135","area":832.0,"lat":28.4008436,"lng":76.9573087},"geometry":{"type":"Polygon","coordinates":[[[76.9569419,28.4004627],[76.9569002,28.4004147],[76.9569534,28.4003794],[76.9577137,28.4012651],[76.9576596,28.4013031],[76.9576021,28.4012362],[76.9574067,28.4010089],[76.9571741,28.4007384],[76.9569419,28.4004627]]]}},{"type":"Feature","properties":{"v":"Sikanderpur Badha","m":"0","k":"104","t":"Manesar","vc":"04135","area":290.6,"lat":28.4009032,"lng":76.9572662},"geometry":{"type":"Polygon","coordinates":[[[76.9571221,28.4007655],[76.9571741,28.4007384],[76.9574067,28.4010089],[76.9573344,28.4010591],[76.9572438,28.4009394],[76.9571221,28.4007655]]]}},{"type":"Feature","properties":{"v":"Sikanderpur Badha","m":"0","k":"105","t":"Manesar","vc":"04135","area":804.2,"lat":28.4006553,"lng":76.9569559},"geometry":{"type":"Polygon","coordinates":[[[76.9569419,28.4004627],[76.9571741,28.4007384],[76.9571221,28.4007655],[76.9569974,28.4008388],[76.9568178,28.4006175],[76.9565659,28.4007623],[76.9569419,28.4004627]]]}},{"type":"Feature","properties":{"v":"Sikanderpur Badha","m":"7","k":"40","t":"Manesar","vc":"04135","area":297.5,"lat":28.4008803,"lng":76.9571205},"geometry":{"type":"Polygon","coordinates":[[[76.9569974,28.4008388],[76.9571221,28.4007655],[76.9572438,28.4009394],[76.9571182,28.4009859],[76.9569974,28.4008388]]]}},{"type":"Feature","properties":{"v":"Sikanderpur Badha","m":"0","k":"39","t":"Manesar","vc":"04135","area":858.0,"lat":28.4010171,"lng":76.9569526},"geometry":{"type":"Polygon","coordinates":[[[76.9569974,28.4008388],[76.9571182,28.4009859],[76.9571567,28.4010445],[76.9570312,28.401129],[76.9569193,28.4012042],[76.95686,28.4011214],[76.9567346,28.4009868],[76.9569974,28.4008388]]]}},{"type":"Feature","properties":{"v":"Sikanderpur Badha","m":"0","k":"33","t":"Manesar","vc":"04135","area":901.2,"lat":28.4008019,"lng":76.9567796},"geometry":{"type":"Polygon","coordinates":[[[76.9565659,28.4007623],[76.9568178,28.4006175],[76.9569974,28.4008388],[76.9567346,28.4009868],[76.9565659,28.4007623]]]}},{"type":"Feature","properties":{"v":"Sikanderpur Badha","m":"0","k":"34","t":"Manesar","vc":"04135","area":673.6,"lat":28.4011437,"lng":76.9566635},"geometry":{"type":"Polygon","coordinates":[[[76.956706,28.4010034],[76.9567346,28.4009868],[76.95686,28.4011214],[76.9565955,28.4013141],[76.9564744,28.4011384],[76.956706,28.4010034]]]}},{"type":"Feature","properties":{"v":"Sikanderpur Badha","m":"0","k":"106","t":"Manesar","vc":"04135","area":624.3,"lat":28.4009503,"lng":76.9564828},"geometry":{"type":"Polygon","coordinates":[[[76.9566695,28.4009595],[76.9563864,28.401102],[76.9563775,28.401089],[76.956302,28.4009787],[76.9565395,28.4007816],[76.9566695,28.4009595]]]}},{"type":"Feature","properties":{"v":"Sikanderpur Badha","m":"0","k":"107","t":"Manesar","vc":"04135","area":846.2,"lat":28.401278,"lng":76.9563621},"geometry":{"type":"Polygon","coordinates":[[[76.9561943,28.4012634],[76.9561534,28.4012159],[76.9563775,28.401089],[76.9563864,28.401102],[76.9564259,28.4011535],[76.9565548,28.4013419],[76.9563759,28.4014743],[76.9561943,28.4012634]]]}},{"type":"Feature","properties":{"v":"Sikanderpur Badha","m":"0","k":"108","t":"Manesar","vc":"04135","area":318.0,"lat":28.4011036,"lng":76.956238},"geometry":{"type":"Polygon","coordinates":[[[76.9561534,28.4012159],[76.9560896,28.4011551],[76.956302,28.4009787],[76.9563775,28.401089],[76.9561534,28.4012159]]]}},{"type":"Feature","properties":{"v":"Sikanderpur Badha","m":"0","k":"109","t":"Manesar","vc":"04135","area":251.5,"lat":28.4012544,"lng":76.9560738},"geometry":{"type":"Polygon","coordinates":[[[76.9560406,28.4013469],[76.9559564,28.4012617],[76.9560896,28.4011551],[76.9561534,28.4012159],[76.9561943,28.4012634],[76.9560406,28.4013469]]]}},{"type":"Feature","properties":{"v":"Sikanderpur Badha","m":"0","k":"69","t":"Manesar","vc":"04135","area":438.9,"lat":28.4014182,"lng":76.9558197},"geometry":{"type":"Polygon","coordinates":[[[76.9559846,28.401437],[76.9557844,28.4015392],[76.9556678,28.4014163],[76.955825,28.4012871],[76.9559846,28.401437]]]}},{"type":"Feature","properties":{"v":"Sikanderpur Badha","m":"0","k":"70","t":"Manesar","vc":"04135","area":738.2,"lat":28.4016272,"lng":76.9554998},"geometry":{"type":"Polygon","coordinates":[[[76.9556678,28.4014163],[76.9557844,28.4015392],[76.9550471,28.4019262],[76.9556678,28.4014163]]]}},{"type":"Feature","properties":{"v":"Sikanderpur Badha","m":"7","k":"26","t":"Manesar","vc":"04135","area":789.6,"lat":28.4028556,"lng":76.9551531},"geometry":{"type":"Polygon","coordinates":[[[76.955037,28.4027983],[76.9550295,28.4026999],[76.9552519,28.4026864],[76.9552768,28.4030113],[76.9550544,28.4030248],[76.955037,28.4027983]]]}},{"type":"Feature","properties":{"v":"Sikanderpur Badha","m":"0","k":"28","t":"Manesar","vc":"04135","area":30934.6,"lat":28.402572,"lng":76.9561364},"geometry":{"type":"Polygon","coordinates":[[[76.9557844,28.4015392],[76.9559846,28.401437],[76.9569303,28.402385],[76.9572236,28.4025256],[76.9571595,28.4025874],[76.9570793,28.4030003],[76.9570074,28.4032115],[76.9568712,28.4033083],[76.957047,28.4034824],[76.956289,28.4040248],[76.9563145,28.4039629],[76.9564382,28.4037445],[76.9563,28.4036102],[76.9564699,28.40343],[76.9567433,28.403367],[76.9567084,28.40329],[76.9564486,28.4033331],[76.9558548,28.4032946],[76.9557693,28.4032998],[76.9550822,28.4023414],[76.9551501,28.4023204],[76.9549786,28.4019825],[76.9550471,28.4019262],[76.9557844,28.4015392]]]}},{"type":"Feature","properties":{"v":"Sikanderpur Badha","m":"7","k":"5/2","t":"Manesar","vc":"04135","area":685.7,"lat":28.4027228,"lng":76.9582241},"geometry":{"type":"Polygon","coordinates":[[[76.9583216,28.4025986],[76.9583447,28.4029006],[76.9580128,28.4027599],[76.9583146,28.402508],[76.9583216,28.4025986]]]}},{"type":"Feature","properties":{"v":"Sikanderpur Badha","m":"7","k":"16/1","t":"Manesar","vc":"04135","area":1117.5,"lat":28.4012456,"lng":76.9581235},"geometry":{"type":"Polygon","coordinates":[[[76.9582384,28.4015116],[76.9580502,28.401523],[76.9580086,28.4009795],[76.9581968,28.4009681],[76.9582187,28.4012549],[76.9582384,28.4015116]]]}},{"type":"Feature","properties":{"v":"Sikanderpur Badha","m":"0","k":"27","t":"Manesar","vc":"04135","area":1036.8,"lat":28.4004785,"lng":76.9580158},"geometry":{"type":"Polygon","coordinates":[[[76.9581552,28.4004246],[76.9581586,28.4004699],[76.9581713,28.4006359],[76.9578857,28.4006533],[76.9578787,28.4005627],[76.9578718,28.4004721],[76.9578695,28.4004419],[76.9578602,28.4003211],[76.9581459,28.4003038],[76.9581552,28.4004246]]]}},{"type":"Feature","properties":{"v":"Sikanderpur Badha","m":"7","k":"22/2","t":"Manesar","vc":"04135","area":2585.7,"lat":28.4007355,"lng":76.9557254},"geometry":{"type":"Polygon","coordinates":[[[76.9557431,28.4005712],[76.9561024,28.4005494],[76.9561148,28.4007124],[76.9557153,28.4010386],[76.9552299,28.4006024],[76.9554181,28.400591],[76.9557431,28.4005712]]]}},{"type":"Feature","properties":{"v":"Sikanderpur Badha","m":"7","k":"10/2","t":"Manesar","vc":"04135","area":184.8,"lat":28.4022572,"lng":76.9549019},"geometry":{"type":"Polygon","coordinates":[[[76.9548586,28.4022631],[76.9548457,28.4020951],[76.9549946,28.4023227],[76.9548655,28.4023537],[76.9548586,28.4022631]]]}},{"type":"Feature","properties":{"v":"Sikanderpur Badha","m":"7","k":"1/1","t":"Manesar","vc":"04135","area":338.7,"lat":28.4029157,"lng":76.9549773},"geometry":{"type":"Polygon","coordinates":[[[76.9549002,28.4028066],[76.955037,28.4027983],[76.9550544,28.4030248],[76.9549175,28.4030331],[76.9549002,28.4028066]]]}},{"type":"Feature","properties":{"v":"Sikanderpur Badha","m":"7","k":"25 /2/1","t":"Manesar","vc":"04135","area":1906.9,"lat":28.4008337,"lng":76.9579122},"geometry":{"type":"Polygon","coordinates":[[[76.9581968,28.4009681],[76.9580086,28.4009795],[76.9576519,28.4010012],[76.9575339,28.4008623],[76.9578857,28.4006533],[76.9581713,28.4006359],[76.9581968,28.4009681]]]}},{"type":"Feature","properties":{"v":"Sikanderpur Badha","m":"7","k":"24","t":"Manesar","vc":"04135","area":423.6,"lat":28.4006092,"lng":76.9574017},"geometry":{"type":"Polygon","coordinates":[[[76.9574732,28.4004964],[76.9574848,28.4006473],[76.957498,28.4008202],[76.9572338,28.4005109],[76.9574732,28.4004964]]]}},{"type":"Feature","properties":{"v":"Sikanderpur Badha","m":"7","k":"23","t":"Manesar","vc":"04135","area":1271.0,"lat":28.4006713,"lng":76.9563059},"geometry":{"type":"Polygon","coordinates":[[[76.9561024,28.4005494],[76.9566823,28.4005141],[76.9561331,28.4009505],[76.9561148,28.4007124],[76.9561024,28.4005494]]]}},{"type":"Feature","properties":{"v":"Sikanderpur Badha","m":"7","k":"22/1","t":"Manesar","vc":"04135","area":933.0,"lat":28.4009641,"lng":76.955953},"geometry":{"type":"Polygon","coordinates":[[[76.9557153,28.4010386],[76.9561148,28.4007124],[76.9561331,28.4009505],[76.9558608,28.4011766],[76.9557153,28.4010386]]]}},{"type":"Feature","properties":{"v":"Sikanderpur Badha","m":"7","k":"21","t":"Manesar","vc":"04135","area":3495.1,"lat":28.4009118,"lng":76.9550597},"geometry":{"type":"Polygon","coordinates":[[[76.9547338,28.4006326],[76.9551102,28.4006097],[76.955444,28.4009292],[76.9554597,28.4011345],[76.9547754,28.4011761],[76.9547338,28.4006326]]]}},{"type":"Feature","properties":{"v":"Sikanderpur Badha","m":"7","k":"20","t":"Manesar","vc":"04135","area":3789.1,"lat":28.401413,"lng":76.9551188},"geometry":{"type":"Polygon","coordinates":[[[76.9554597,28.4011345],[76.9554869,28.4014896],[76.9552344,28.4016942],[76.954817,28.4017196],[76.9547754,28.4011761],[76.9554597,28.4011345]]]}},{"type":"Feature","properties":{"v":"Sikanderpur Badha","m":"7","k":"19","t":"Manesar","vc":"04135","area":945.0,"lat":28.4012206,"lng":76.9555697},"geometry":{"type":"Polygon","coordinates":[[[76.9554597,28.4011345],[76.955444,28.4009292],[76.9557781,28.401243],[76.9554869,28.4014896],[76.9554597,28.4011345]]]}},{"type":"Feature","properties":{"v":"Sikanderpur Badha","m":"7","k":"16/2","t":"Manesar","vc":"04135","area":1371.6,"lat":28.4011828,"lng":76.9578801},"geometry":{"type":"Polygon","coordinates":[[[76.9580502,28.401523],[76.958016,28.4015251],[76.9575809,28.4010055],[76.9576519,28.4010012],[76.9580086,28.4009795],[76.9580502,28.401523]]]}},{"type":"Feature","properties":{"v":"Sikanderpur Badha","m":"7","k":"11","t":"Manesar","vc":"04135","area":675.3,"lat":28.4018098,"lng":76.9549637},"geometry":{"type":"Polygon","coordinates":[[[76.954817,28.4017196],[76.9552344,28.4016942],[76.9548496,28.4020077],[76.9548396,28.4020142],[76.954817,28.4017196]]]}},{"type":"Feature","properties":{"v":"Sikanderpur Badha","m":"7","k":"10/1","t":"Manesar","vc":"04135","area":1049.8,"lat":28.402589,"lng":76.9550133},"geometry":{"type":"Polygon","coordinates":[[[76.955037,28.4027983],[76.9549002,28.4028066],[76.9548701,28.4024141],[76.9550282,28.4023701],[76.9552519,28.4026864],[76.9550295,28.4026999],[76.955037,28.4027983]]]}},{"type":"Feature","properties":{"v":"Sikanderpur Badha","m":"7","k":"5/1","t":"Manesar","vc":"04135","area":1908.3,"lat":28.4030447,"lng":76.9579617},"geometry":{"type":"Polygon","coordinates":[[[76.9579355,28.4031681],[76.9576789,28.4031837],[76.9574825,28.4031957],[76.9579426,28.4028133],[76.9583556,28.4030438],[76.9583632,28.4031421],[76.9579355,28.4031681]]]}},{"type":"Feature","properties":{"v":"Sikanderpur Badha","m":"7","k":"1/2","t":"Manesar","vc":"04135","area":2655.2,"lat":28.4031418,"lng":76.9552742},"geometry":{"type":"Polygon","coordinates":[[[76.9549418,28.4033501],[76.9549175,28.4030331],[76.9550544,28.4030248],[76.9552768,28.4030113],[76.9552519,28.4026864],[76.9556169,28.4031885],[76.9557008,28.403304],[76.9557133,28.4033257],[76.955626,28.4033085],[76.9549418,28.4033501]]]}},{"type":"Feature","properties":{"v":"Sikanderpur Badha","m":"8","k":"23/1/2","t":"Manesar","vc":"04135","area":1288.1,"lat":28.4006669,"lng":76.9597635},"geometry":{"type":"Polygon","coordinates":[[[76.9599074,28.400864],[76.9595653,28.4008848],[76.9595595,28.4008094],[76.9598145,28.4003236],[76.9598658,28.4003205],[76.9599074,28.400864]]]}},{"type":"Feature","properties":{"v":"Sikanderpur Badha","m":"8","k":"24/1","t":"Manesar","vc":"04135","area":1523.9,"lat":28.4005637,"lng":76.960357},"geometry":{"type":"Polygon","coordinates":[[[76.9604645,28.4002841],[76.9605032,28.4007899],[76.9605061,28.4008276],[76.9604719,28.4008297],[76.9604377,28.4008318],[76.9602495,28.4008432],[76.9602079,28.4002997],[76.9604645,28.4002841]]]}},{"type":"Feature","properties":{"v":"Sikanderpur Badha","m":"0","k":"78","t":"Manesar","vc":"04135","area":2229.6,"lat":28.401709,"lng":76.9606424},"geometry":{"type":"Polygon","coordinates":[[[76.9616395,28.4018963],[76.9616192,28.4018975],[76.9616007,28.4018986],[76.9615717,28.4019004],[76.9614311,28.4019089],[76.9612258,28.4019214],[76.9610205,28.4019339],[76.9607639,28.4019495],[76.9605757,28.401961],[76.9603362,28.4019755],[76.9601994,28.4019839],[76.959652,28.4020172],[76.9589677,28.4020588],[76.9585058,28.4020869],[76.9584721,28.4020434],[76.9589642,28.4020135],[76.9596485,28.4019719],[76.9603328,28.4019302],[76.9606407,28.4019115],[76.9605991,28.401368],[76.9605135,28.4013732],[76.9604793,28.4013753],[76.9604422,28.4008908],[76.9604377,28.4008318],[76.9604719,28.4008297],[76.9605061,28.4008276],[76.9605032,28.4007899],[76.9604645,28.4002841],[76.9604987,28.400282],[76.9605346,28.40075],[76.9605403,28.4008255],[76.9605427,28.4008557],[76.9604742,28.4008599],[76.9605112,28.401343],[76.9605968,28.4013378],[76.960631,28.4013357],[76.9606333,28.4013659],[76.9606749,28.4019094],[76.961017,28.4018886],[76.9611881,28.4018782],[76.9615646,28.4018553],[76.9615926,28.4018536],[76.9616315,28.4018512],[76.9616395,28.4018963]]]}},{"type":"Feature","properties":{"v":"Sikanderpur Badha","m":"0","k":"100","t":"Manesar","vc":"04135","area":1618.8,"lat":28.4024169,"lng":76.9581536},"geometry":{"type":"Polygon","coordinates":[[[76.9578512,28.402691],[76.9576344,28.402603],[76.9574236,28.4025053],[76.9575531,28.4024552],[76.9576317,28.4025668],[76.9578223,28.4024666],[76.9578469,28.4025065],[76.9581256,28.4024073],[76.958032,28.4022699],[76.9584404,28.4021118],[76.9585063,28.4021884],[76.9578512,28.402691]]]}},{"type":"Feature","properties":{"v":"Sikanderpur Badha","m":"8","k":"25/2","t":"Manesar","vc":"04135","area":1523.9,"lat":28.4005001,"lng":76.9614005},"geometry":{"type":"Polygon","coordinates":[[[76.9615445,28.4006973],[76.9615466,28.4007248],[76.9615496,28.4007641],[76.961538,28.4007648],[76.9613324,28.4007773],[76.961293,28.4007797],[76.9612514,28.4002362],[76.961508,28.4002206],[76.9615445,28.4006973]]]}},{"type":"Feature","properties":{"v":"Sikanderpur Badha","m":"8","k":"16/1","t":"Manesar","vc":"04135","area":1423.3,"lat":28.401035,"lng":76.9614728},"geometry":{"type":"Polygon","coordinates":[[[76.9615853,28.4009217],[76.9615864,28.4009505],[76.9615986,28.4012676],[76.9616001,28.4013071],[76.9615291,28.4013114],[76.961374,28.4013209],[76.9613324,28.4007773],[76.961538,28.4007648],[76.9615496,28.4007641],[76.961601,28.400761],[76.9615853,28.4009217]]]}},{"type":"Feature","properties":{"v":"Sikanderpur Badha","m":"8","k":"17/2/1","t":"Manesar","vc":"04135","area":662.5,"lat":28.4012053,"lng":76.9603876},"geometry":{"type":"Polygon","coordinates":[[[76.9604793,28.4013753],[76.9602911,28.4013867],[76.9602789,28.4012267],[76.9604422,28.4008908],[76.9604793,28.4013753]]]}},{"type":"Feature","properties":{"v":"Sikanderpur Badha","m":"8","k":"13/1","t":"Manesar","vc":"04135","area":733.9,"lat":28.4016194,"lng":76.9597075},"geometry":{"type":"Polygon","coordinates":[[[76.959778,28.4014179],[76.959808,28.4018105],[76.9596369,28.4018209],[76.9596069,28.4014284],[76.959778,28.4014179]]]}},{"type":"Feature","properties":{"v":"Sikanderpur Badha","m":"8","k":"14/1","t":"Manesar","vc":"04135","area":1828.8,"lat":28.4016491,"lng":76.9604659},"geometry":{"type":"Polygon","coordinates":[[[76.9603212,28.4017793],[76.9602911,28.4013867],[76.9604793,28.4013753],[76.9605135,28.4013732],[76.9605991,28.401368],[76.9606407,28.4019115],[76.9603328,28.4019302],[76.9603212,28.4017793]]]}},{"type":"Feature","properties":{"v":"Sikanderpur Badha","m":"8","k":"15/1","t":"Manesar","vc":"04135","area":1016.1,"lat":28.4016116,"lng":76.9610818},"geometry":{"type":"Polygon","coordinates":[[[76.961017,28.4018886],[76.9609754,28.4013451],[76.9611465,28.4013347],[76.9611881,28.4018782],[76.961017,28.4018886]]]}},{"type":"Feature","properties":{"v":"Sikanderpur Badha","m":"8","k":"7/1","t":"Manesar","vc":"04135","area":1396.8,"lat":28.4021908,"lng":76.9609113},"geometry":{"type":"Polygon","coordinates":[[[76.9610586,28.4024321],[76.960802,28.4024477],[76.9607639,28.4019495],[76.9610205,28.4019339],[76.9610586,28.4024321]]]}},{"type":"Feature","properties":{"v":"Sikanderpur Badha","m":"8","k":"7/2/1","t":"Manesar","vc":"04135","area":1024.3,"lat":28.4022043,"lng":76.9606889},"geometry":{"type":"Polygon","coordinates":[[[76.960802,28.4024477],[76.9606139,28.4024592],[76.9605757,28.401961],[76.9607639,28.4019495],[76.960802,28.4024477]]]}},{"type":"Feature","properties":{"v":"Sikanderpur Badha","m":"8","k":"8/1","t":"Manesar","vc":"04135","area":745.1,"lat":28.4022289,"lng":76.9602869},"geometry":{"type":"Polygon","coordinates":[[[76.9603744,28.4024738],[76.9602375,28.4024821],[76.9601994,28.4019839],[76.9603362,28.4019755],[76.9603744,28.4024738]]]}},{"type":"Feature","properties":{"v":"Sikanderpur Badha","m":"8","k":"3/2","t":"Manesar","vc":"04135","area":3047.8,"lat":28.4027611,"lng":76.9601386},"geometry":{"type":"Polygon","coordinates":[[[76.9603744,28.4024738],[76.960416,28.4030173],[76.9599028,28.4030485],[76.9598612,28.402505],[76.9602375,28.4024821],[76.9603744,28.4024738]]]}},{"type":"Feature","properties":{"v":"Sikanderpur Badha","m":"8","k":"10/2","t":"Manesar","vc":"04135","area":209.4,"lat":28.4025212,"lng":76.9583926},"geometry":{"type":"Polygon","coordinates":[[[76.9583146,28.402508],[76.9584443,28.4024014],[76.9584587,28.4025903],[76.9583216,28.4025986],[76.9583146,28.402508]]]}},{"type":"Feature","properties":{"v":"Sikanderpur Badha","m":"8","k":"2/2","t":"Manesar","vc":"04135","area":2539.9,"lat":28.4028002,"lng":76.9594971},"geometry":{"type":"Polygon","coordinates":[[[76.9596901,28.4025154],[76.9597317,28.4030589],[76.959304,28.4030849],[76.9592624,28.4025414],[76.9596901,28.4025154]]]}},{"type":"Feature","properties":{"v":"Sikanderpur Badha","m":"8","k":"26/1","t":"Manesar","vc":"04135","area":1057.1,"lat":28.4025809,"lng":76.9585898},"geometry":{"type":"Polygon","coordinates":[[[76.958723,28.4025742],[76.9587369,28.4027569],[76.9584727,28.402773],[76.9584587,28.4025903],[76.9584443,28.4024014],[76.9584646,28.4023854],[76.9585534,28.40238],[76.958558,28.4024404],[76.9586436,28.4024352],[76.958639,28.4023748],[76.9587074,28.4023707],[76.958723,28.4025742]]]}},{"type":"Feature","properties":{"v":"Sikanderpur Badha","m":"8","k":"20/2","t":"Manesar","vc":"04135","area":2144.3,"lat":28.4010907,"lng":76.9585499},"geometry":{"type":"Polygon","coordinates":[[[76.958881,28.4009265],[76.958903,28.4012133],[76.9582187,28.4012549],[76.9581968,28.4009681],[76.958881,28.4009265]]]}},{"type":"Feature","properties":{"v":"Sikanderpur Badha","m":"8","k":"11/2","t":"Manesar","vc":"04135","area":1692.7,"lat":28.401604,"lng":76.9585892},"geometry":{"type":"Polygon","coordinates":[[[76.9589226,28.40147],[76.95894,28.4016964],[76.9582557,28.401738],[76.9582384,28.4015116],[76.9589226,28.40147]]]}},{"type":"Feature","properties":{"v":"Sikanderpur Badha","m":"8","k":"21/2","t":"Manesar","vc":"04135","area":338.7,"lat":28.4004264,"lng":76.958499},"geometry":{"type":"Polygon","coordinates":[[[76.9581586,28.4004699],[76.9581552,28.4004246],[76.9588394,28.4003829],[76.9588429,28.4004282],[76.9581586,28.4004699]]]}},{"type":"Feature","properties":{"v":"Sikanderpur Badha","m":"8","k":"6/1","t":"Manesar","vc":"04135","area":1231.8,"lat":28.4021541,"lng":76.9615638},"geometry":{"type":"Polygon","coordinates":[[[76.9617047,28.4022685],[76.9616844,28.4023533],[76.9616771,28.4023836],[76.9616745,28.4023947],[76.9616454,28.4023964],[76.9614692,28.4024071],[76.9614311,28.4019089],[76.9615717,28.4019004],[76.9616007,28.4018986],[76.9616192,28.4018975],[76.9616395,28.4018963],[76.9617047,28.4022685]]]}},{"type":"Feature","properties":{"v":"Sikanderpur Badha","m":"8","k":"6/2","t":"Manesar","vc":"04135","area":1117.6,"lat":28.4021642,"lng":76.9613475},"geometry":{"type":"Polygon","coordinates":[[[76.9614692,28.4024071],[76.9612639,28.4024196],[76.9612258,28.4019214],[76.9614311,28.4019089],[76.9614692,28.4024071]]]}},{"type":"Feature","properties":{"v":"Sikanderpur Badha","m":"8","k":"13/2","t":"Manesar","vc":"04135","area":2201.2,"lat":28.4015986,"lng":76.9600496},"geometry":{"type":"Polygon","coordinates":[[[76.9603212,28.4017793],[76.959808,28.4018105],[76.959778,28.4014179],[76.9601885,28.401393],[76.9602911,28.4013867],[76.9603212,28.4017793]]]}},{"type":"Feature","properties":{"v":"Sikanderpur Badha","m":"8","k":"25/1","t":"Manesar","vc":"04135","area":2133.2,"lat":28.4005189,"lng":76.9610926},"geometry":{"type":"Polygon","coordinates":[[[76.9609338,28.4008016],[76.9608922,28.4002581],[76.9612514,28.4002362],[76.961293,28.4007797],[76.9609338,28.4008016]]]}},{"type":"Feature","properties":{"v":"Sikanderpur Badha","m":"8","k":"24/2/2","t":"Manesar","vc":"04135","area":1593.2,"lat":28.400593,"lng":76.960767},"geometry":{"type":"Polygon","coordinates":[[[76.9609338,28.4008016],[76.9605403,28.4008255],[76.9605346,28.40075],[76.9607895,28.4002643],[76.9608922,28.4002581],[76.9609338,28.4008016]]]}},{"type":"Feature","properties":{"v":"Sikanderpur Badha","m":"8","k":"23/2","t":"Manesar","vc":"04135","area":2031.6,"lat":28.4005819,"lng":76.9600576},"geometry":{"type":"Polygon","coordinates":[[[76.9602495,28.4008432],[76.9599074,28.400864],[76.9598658,28.4003205],[76.9602079,28.4002997],[76.9602495,28.4008432]]]}},{"type":"Feature","properties":{"v":"Sikanderpur Badha","m":"8","k":"22 /1","t":"Manesar","vc":"04135","area":4043.2,"lat":28.4006327,"lng":76.9592006},"geometry":{"type":"Polygon","coordinates":[[[76.958881,28.4009265],[76.9588429,28.4004282],[76.9588394,28.4003829],[76.9595237,28.4003413],[76.9595595,28.4008094],[76.959514,28.400888],[76.958881,28.4009265]]]}},{"type":"Feature","properties":{"v":"Sikanderpur Badha","m":"8","k":"21/1","t":"Manesar","vc":"04135","area":3725.3,"lat":28.4006982,"lng":76.9585198},"geometry":{"type":"Polygon","coordinates":[[[76.958881,28.4009265],[76.9581968,28.4009681],[76.9581713,28.4006359],[76.9581586,28.4004699],[76.9588429,28.4004282],[76.958881,28.4009265]]]}},{"type":"Feature","properties":{"v":"Sikanderpur Badha","m":"8","k":"20/1","t":"Manesar","vc":"04135","area":1919.2,"lat":28.4013624,"lng":76.9585707},"geometry":{"type":"Polygon","coordinates":[[[76.9582384,28.4015116],[76.9582187,28.4012549],[76.958903,28.4012133],[76.9589226,28.40147],[76.9582384,28.4015116]]]}},{"type":"Feature","properties":{"v":"Sikanderpur Badha","m":"8","k":"19/2","t":"Manesar","vc":"04135","area":2742.9,"lat":28.40115,"lng":76.9591408},"geometry":{"type":"Polygon","coordinates":[[[76.958881,28.4009265],[76.959514,28.400888],[76.9592134,28.4014523],[76.9589226,28.40147],[76.958903,28.4012133],[76.958881,28.4009265]]]}},{"type":"Feature","properties":{"v":"Sikanderpur Badha","m":"8","k":"18/2","t":"Manesar","vc":"04135","area":3974.0,"lat":28.4011313,"lng":76.9599209},"geometry":{"type":"Polygon","coordinates":[[[76.959778,28.4014179],[76.9596069,28.4014284],[76.9595653,28.4008848],[76.9599074,28.400864],[76.9602495,28.4008432],[76.9602789,28.4012267],[76.9601885,28.401393],[76.959778,28.4014179]]]}},{"type":"Feature","properties":{"v":"Sikanderpur Badha","m":"8","k":"17/1","t":"Manesar","vc":"04135","area":2681.1,"lat":28.4010855,"lng":76.9607277},"geometry":{"type":"Polygon","coordinates":[[[76.9609338,28.4008016],[76.9609754,28.4013451],[76.9606333,28.4013659],[76.960631,28.4013357],[76.9605968,28.4013378],[76.9605112,28.401343],[76.9604742,28.4008599],[76.9605427,28.4008557],[76.9605403,28.4008255],[76.9609338,28.4008016]]]}},{"type":"Feature","properties":{"v":"Sikanderpur Badha","m":"8","k":"16/2","t":"Manesar","vc":"04135","area":2367.4,"lat":28.4010612,"lng":76.9611539},"geometry":{"type":"Polygon","coordinates":[[[76.9609754,28.4013451],[76.9609338,28.4008016],[76.961293,28.4007797],[76.9613324,28.4007773],[76.961374,28.4013209],[76.9611465,28.4013347],[76.9609754,28.4013451]]]}},{"type":"Feature","properties":{"v":"Sikanderpur Badha","m":"8","k":"15/2","t":"Manesar","vc":"04135","area":2608.6,"lat":28.4015912,"lng":76.9613869},"geometry":{"type":"Polygon","coordinates":[[[76.961604,28.4016958],[76.9616153,28.4017595],[76.9616278,28.4018305],[76.9616315,28.4018512],[76.9615926,28.4018536],[76.9615646,28.4018553],[76.9611881,28.4018782],[76.9611465,28.4013347],[76.961374,28.4013209],[76.9615291,28.4013114],[76.9616001,28.4013071],[76.961604,28.4016958]]]}},{"type":"Feature","properties":{"v":"Sikanderpur Badha","m":"8","k":"14/2","t":"Manesar","vc":"04135","area":2031.6,"lat":28.4016273,"lng":76.9608251},"geometry":{"type":"Polygon","coordinates":[[[76.9609754,28.4013451],[76.961017,28.4018886],[76.9606749,28.4019094],[76.9606333,28.4013659],[76.9609754,28.4013451]]]}},{"type":"Feature","properties":{"v":"Sikanderpur Badha","m":"8","k":"12","t":"Manesar","vc":"04135","area":4063.6,"lat":28.4017209,"lng":76.9592856},"geometry":{"type":"Polygon","coordinates":[[[76.9589226,28.40147],[76.9592134,28.4014523],[76.9596069,28.4014284],[76.9596369,28.4018209],[76.9596485,28.4019719],[76.9589642,28.4020135],[76.95894,28.4016964],[76.9589226,28.40147]]]}},{"type":"Feature","properties":{"v":"Sikanderpur Badha","m":"8","k":"11/1","t":"Manesar","vc":"04135","area":2120.0,"lat":28.4018644,"lng":76.9586422},"geometry":{"type":"Polygon","coordinates":[[[76.95894,28.4016964],[76.9589642,28.4020135],[76.9584721,28.4020434],[76.9582617,28.4018162],[76.9582557,28.401738],[76.95894,28.4016964]]]}},{"type":"Feature","properties":{"v":"Sikanderpur Badha","m":"8","k":"10/1","t":"Manesar","vc":"04135","area":1976.3,"lat":28.4022986,"lng":76.9587959},"geometry":{"type":"Polygon","coordinates":[[[76.9590058,28.402557],[76.958723,28.4025742],[76.9587074,28.4023707],[76.958639,28.4023748],[76.9585534,28.40238],[76.9584646,28.4023854],[76.9586329,28.402248],[76.9585937,28.4021983],[76.9585058,28.4020869],[76.9589677,28.4020588],[76.9590058,28.402557]]]}},{"type":"Feature","properties":{"v":"Sikanderpur Badha","m":"8","k":"9","t":"Manesar","vc":"04135","area":3725.1,"lat":28.4022871,"lng":76.9593289},"geometry":{"type":"Polygon","coordinates":[[[76.9596901,28.4025154],[76.9592624,28.4025414],[76.9590058,28.402557],[76.9589677,28.4020588],[76.959652,28.4020172],[76.9596901,28.4025154]]]}},{"type":"Feature","properties":{"v":"Sikanderpur Badha","m":"8","k":"8/2","t":"Manesar","vc":"04135","area":2979.9,"lat":28.4022497,"lng":76.9599447},"geometry":{"type":"Polygon","coordinates":[[[76.9601994,28.4019839],[76.9602375,28.4024821],[76.9598612,28.402505],[76.9596901,28.4025154],[76.959652,28.4020172],[76.9601994,28.4019839]]]}},{"type":"Feature","properties":{"v":"Sikanderpur Badha","m":"8","k":"7/2/2","t":"Manesar","vc":"04135","area":1303.9,"lat":28.4022174,"lng":76.960475},"geometry":{"type":"Polygon","coordinates":[[[76.9603362,28.4019755],[76.9605757,28.401961],[76.9606139,28.4024592],[76.9603744,28.4024738],[76.9603362,28.4019755]]]}},{"type":"Feature","properties":{"v":"Sikanderpur Badha","m":"8","k":"6/3","t":"Manesar","vc":"04135","area":1117.6,"lat":28.4021768,"lng":76.9611422},"geometry":{"type":"Polygon","coordinates":[[[76.9610205,28.4019339],[76.9612258,28.4019214],[76.9612639,28.4024196],[76.9610586,28.4024321],[76.9610205,28.4019339]]]}},{"type":"Feature","properties":{"v":"Sikanderpur Badha","m":"8","k":"5","t":"Manesar","vc":"04135","area":3272.7,"lat":28.4026764,"lng":76.9613554},"geometry":{"type":"Polygon","coordinates":[[[76.9615943,28.4028973],[76.9615866,28.4029461],[76.9615821,28.4029463],[76.9611003,28.4029756],[76.9610586,28.4024321],[76.9612639,28.4024196],[76.9614692,28.4024071],[76.9616454,28.4023964],[76.9616745,28.4023947],[76.9615943,28.4028973]]]}},{"type":"Feature","properties":{"v":"Sikanderpur Badha","m":"8","k":"4","t":"Manesar","vc":"04135","area":4063.7,"lat":28.4027247,"lng":76.9607373},"geometry":{"type":"Polygon","coordinates":[[[76.9610586,28.4024321],[76.9611003,28.4029756],[76.960416,28.4030173],[76.9603744,28.4024738],[76.9606139,28.4024592],[76.960802,28.4024477],[76.9610586,28.4024321]]]}},{"type":"Feature","properties":{"v":"Sikanderpur Badha","m":"8","k":"3/1","t":"Manesar","vc":"04135","area":1016.1,"lat":28.4027819,"lng":76.9597964},"geometry":{"type":"Polygon","coordinates":[[[76.9597317,28.4030589],[76.9596901,28.4025154],[76.9598612,28.402505],[76.9599028,28.4030485],[76.9597317,28.4030589]]]}},{"type":"Feature","properties":{"v":"Sikanderpur Badha","m":"8","k":"2/1","t":"Manesar","vc":"04135","area":1523.8,"lat":28.4028209,"lng":76.9591549},"geometry":{"type":"Polygon","coordinates":[[[76.959304,28.4030849],[76.9592527,28.403088],[76.9590474,28.4031005],[76.9590058,28.402557],[76.9592624,28.4025414],[76.959304,28.4030849]]]}},{"type":"Feature","properties":{"v":"Sikanderpur Badha","m":"8","k":"1","t":"Manesar","vc":"04135","area":3079.2,"lat":28.4028493,"lng":76.9587308},"geometry":{"type":"Polygon","coordinates":[[[76.9590058,28.402557],[76.9590474,28.4031005],[76.9587092,28.4031211],[76.9584504,28.4029645],[76.9583447,28.4029006],[76.9583216,28.4025986],[76.9584587,28.4025903],[76.9584727,28.402773],[76.9587369,28.4027569],[76.958723,28.4025742],[76.9590058,28.402557]]]}},{"type":"Feature","properties":{"v":"Sikanderpur Badha","m":"0","k":"80","t":"Manesar","vc":"04135","area":2914.0,"lat":28.3988514,"lng":76.9591957},"geometry":{"type":"Polygon","coordinates":[[[76.9607098,28.3978757],[76.9603983,28.3980721],[76.9600868,28.3982685],[76.9600541,28.3982908],[76.9598745,28.3984132],[76.9594413,28.3987082],[76.959401,28.3987389],[76.9592641,28.3988302],[76.958747,28.3991751],[76.958092,28.3995995],[76.9576424,28.3998955],[76.9574374,28.4000283],[76.9570463,28.4002998],[76.9569988,28.4003327],[76.9569681,28.4002987],[76.957009,28.4002694],[76.9574326,28.3999654],[76.9574983,28.399923],[76.9575063,28.399918],[76.9580882,28.3995489],[76.9587435,28.3991299],[76.9592292,28.3988044],[76.9593659,28.3987128],[76.9593974,28.3986916],[76.9600872,28.3982269],[76.960257,28.3981126],[76.9607061,28.3978274],[76.9608359,28.397743],[76.9608696,28.397785],[76.9612596,28.3982723],[76.9618187,28.3981115],[76.9620966,28.3980317],[76.9621003,28.3980805],[76.9618177,28.3981611],[76.9613888,28.3982833],[76.9612907,28.3983112],[76.9612543,28.3983293],[76.9611717,28.3982271],[76.9610405,28.3980649],[76.9608253,28.3977991],[76.9607098,28.3978757]]]}},{"type":"Feature","properties":{"v":"Sikanderpur Badha","m":"10","k":"12/2","t":"Manesar","vc":"04135","area":2260.5,"lat":28.3991056,"lng":76.9591447},"geometry":{"type":"Polygon","coordinates":[[[76.9591497,28.399272],[76.9587562,28.3992959],[76.958747,28.3991751],[76.9592641,28.3988302],[76.9594126,28.3988898],[76.9594405,28.3992543],[76.9591497,28.399272]]]}},{"type":"Feature","properties":{"v":"Sikanderpur Badha","m":"10","k":"11/2","t":"Manesar","vc":"04135","area":2483.6,"lat":28.3989393,"lng":76.9583852},"geometry":{"type":"Polygon","coordinates":[[[76.9580304,28.398794],[76.9587146,28.3987524],[76.95874,28.3990846],[76.9580558,28.3991262],[76.9580477,28.3990205],[76.9580304,28.398794]]]}},{"type":"Feature","properties":{"v":"Sikanderpur Badha","m":"10","k":"22/2/2","t":"Manesar","vc":"04135","area":1624.5,"lat":28.3977677,"lng":76.9590255},"geometry":{"type":"Polygon","coordinates":[[[76.9586394,28.3977692],[76.9586314,28.3976654],[76.9592814,28.3976259],[76.9593097,28.3979793],[76.9586394,28.3977692]]]}},{"type":"Feature","properties":{"v":"Sikanderpur Badha","m":"10","k":"19/3","t":"Manesar","vc":"04135","area":1289.6,"lat":28.3982797,"lng":76.9590056},"geometry":{"type":"Polygon","coordinates":[[[76.958673,28.3982089],[76.9593243,28.3981693],[76.9593382,28.3983505],[76.9586869,28.3983901],[76.958673,28.3982089]]]}},{"type":"Feature","properties":{"v":"Sikanderpur Badha","m":"10","k":"19/2","t":"Manesar","vc":"04135","area":1396.3,"lat":28.3984684,"lng":76.95902},"geometry":{"type":"Polygon","coordinates":[[[76.9586869,28.3983901],[76.9593382,28.3983505],[76.9593532,28.3985467],[76.9587019,28.3985863],[76.9586869,28.3983901]]]}},{"type":"Feature","properties":{"v":"Sikanderpur Badha","m":"10","k":"18/1/2","t":"Manesar","vc":"04135","area":662.7,"lat":28.3986007,"lng":76.9597369},"geometry":{"type":"Polygon","coordinates":[[[76.9594413,28.3987082],[76.9598745,28.3984132],[76.9598949,28.3986806],[76.9598607,28.3986827],[76.9594413,28.3987082]]]}},{"type":"Feature","properties":{"v":"Sikanderpur Badha","m":"10","k":"25/2","t":"Manesar","vc":"04135","area":606.6,"lat":28.397637,"lng":76.9608114},"geometry":{"type":"Polygon","coordinates":[[[76.9606841,28.3975405],[76.9610263,28.3975197],[76.9608359,28.397743],[76.9607061,28.3978274],[76.9606841,28.3975405]]]}},{"type":"Feature","properties":{"v":"Sikanderpur Badha","m":"10","k":"7/2/2","t":"Manesar","vc":"04135","area":677.2,"lat":28.3992445,"lng":76.9605552},"geometry":{"type":"Polygon","coordinates":[[[76.9608182,28.3992918],[76.9603734,28.3993189],[76.9602273,28.3992064],[76.960809,28.3991711],[76.9608182,28.3992918]]]}},{"type":"Feature","properties":{"v":"Sikanderpur Badha","m":"10","k":"8/1/2","t":"Manesar","vc":"04135","area":1098.5,"lat":28.3994859,"lng":76.9600498},"geometry":{"type":"Polygon","coordinates":[[[76.9599782,28.3997676],[76.9599365,28.3992241],[76.9601247,28.3992127],[76.960134,28.3993335],[76.9601611,28.3996885],[76.960115,28.3997593],[76.9599782,28.3997676]]]}},{"type":"Feature","properties":{"v":"Sikanderpur Badha","m":"10","k":"8/2/2","t":"Manesar","vc":"04135","area":1371.5,"lat":28.3995224,"lng":76.959577},"geometry":{"type":"Polygon","coordinates":[[[76.9594405,28.3992543],[76.9596628,28.3992408],[76.9597216,28.3997833],[76.9594821,28.3997978],[76.9594566,28.3994657],[76.9594405,28.3992543]]]}},{"type":"Feature","properties":{"v":"Sikanderpur Badha","m":"10","k":"9/3","t":"Manesar","vc":"04135","area":908.9,"lat":28.3993896,"lng":76.958961},"geometry":{"type":"Polygon","coordinates":[[[76.9587724,28.3995073],[76.9587562,28.3992959],[76.9591497,28.399272],[76.9591658,28.3994834],[76.9589948,28.3994938],[76.9587724,28.3995073]]]}},{"type":"Feature","properties":{"v":"Sikanderpur Badha","m":"10","k":"9/2","t":"Manesar","vc":"04135","area":671.7,"lat":28.3993689,"lng":76.9593031},"geometry":{"type":"Polygon","coordinates":[[[76.9594405,28.3992543],[76.9594566,28.3994657],[76.9591658,28.3994834],[76.9591497,28.399272],[76.9594405,28.3992543]]]}},{"type":"Feature","properties":{"v":"Sikanderpur Badha","m":"10","k":"1/2","t":"Manesar","vc":"04135","area":2031.8,"lat":28.4002156,"lng":76.9585975},"geometry":{"type":"Polygon","coordinates":[[[76.9588394,28.4003829],[76.9581552,28.4004246],[76.9585766,28.4000408],[76.9587978,28.3998394],[76.9588394,28.4003829]]]}},{"type":"Feature","properties":{"v":"Sikanderpur Badha","m":"10","k":"13/1/1","t":"Manesar","vc":"04135","area":1338.8,"lat":28.3991032,"lng":76.959632},"geometry":{"type":"Polygon","coordinates":[[[76.9596628,28.3992408],[76.9594405,28.3992543],[76.9594126,28.3988898],[76.9598896,28.3990601],[76.9599023,28.3992262],[76.9596628,28.3992408]]]}},{"type":"Feature","properties":{"v":"Sikanderpur Badha","m":"10","k":"25/1","t":"Manesar","vc":"04135","area":614.9,"lat":28.3979686,"lng":76.9608392},"geometry":{"type":"Polygon","coordinates":[[[76.9607257,28.398084],[76.9607098,28.3978757],[76.9608253,28.3977991],[76.9610405,28.3980649],[76.9607257,28.398084]]]}},{"type":"Feature","properties":{"v":"Sikanderpur Badha","m":"10","k":"24","t":"Manesar","vc":"04135","area":3406.5,"lat":28.3977994,"lng":76.9603242},"geometry":{"type":"Polygon","coordinates":[[[76.9600415,28.3981257],[76.9600034,28.3976275],[76.9599999,28.3975822],[76.9606841,28.3975405],[76.9607061,28.3978274],[76.960257,28.3981126],[76.9600415,28.3981257]]]}},{"type":"Feature","properties":{"v":"Sikanderpur Badha","m":"10","k":"23 /2","t":"Manesar","vc":"04135","area":3335.5,"lat":28.3978791,"lng":76.9596894},"geometry":{"type":"Polygon","coordinates":[[[76.9599863,28.3976285],[76.9600244,28.3981267],[76.9597165,28.3981454],[76.9593457,28.3980163],[76.9593191,28.3976691],[76.9599863,28.3976285]]]}},{"type":"Feature","properties":{"v":"Sikanderpur Badha","m":"10","k":"22/1","t":"Manesar","vc":"04135","area":537.3,"lat":28.3981513,"lng":76.9589957},"geometry":{"type":"Polygon","coordinates":[[[76.9586672,28.3981334],[76.9593185,28.3980938],[76.9593243,28.3981693],[76.958673,28.3982089],[76.9586672,28.3981334]]]}},{"type":"Feature","properties":{"v":"Sikanderpur Badha","m":"10","k":"21/2/1","t":"Manesar","vc":"04135","area":2862.3,"lat":28.3979626,"lng":76.9583924},"geometry":{"type":"Polygon","coordinates":[[[76.9586672,28.3981334],[76.958673,28.3982089],[76.9581769,28.3982391],[76.9581182,28.3976966],[76.9583936,28.3976799],[76.9586394,28.3977692],[76.9586672,28.3981334]]]}},{"type":"Feature","properties":{"v":"Sikanderpur Badha","m":"10","k":"20 /1","t":"Manesar","vc":"04135","area":2201.1,"lat":28.3986177,"lng":76.9583048},"geometry":{"type":"Polygon","coordinates":[[[76.9580304,28.398794],[76.9579969,28.3983562],[76.9587031,28.3986014],[76.9587146,28.3987524],[76.9580304,28.398794]]]}},{"type":"Feature","properties":{"v":"Sikanderpur Badha","m":"10","k":"19/1 /1","t":"Manesar","vc":"04135","area":905.4,"lat":28.3986356,"lng":76.9590985},"geometry":{"type":"Polygon","coordinates":[[[76.9593532,28.3985467],[76.9593659,28.3987128],[76.9590499,28.398732],[76.9587031,28.3986014],[76.9587019,28.3985863],[76.9593532,28.3985467]]]}},{"type":"Feature","properties":{"v":"Sikanderpur Badha","m":"10","k":"18/2/2","t":"Manesar","vc":"04135","area":2271.5,"lat":28.3983456,"lng":76.9596235},"geometry":{"type":"Polygon","coordinates":[[[76.9593974,28.3986916],[76.9593573,28.3981673],[76.9597165,28.3981454],[76.9600872,28.3982269],[76.9593974,28.3986916]]]}},{"type":"Feature","properties":{"v":"Sikanderpur Badha","m":"10","k":"17/2/2","t":"Manesar","vc":"04135","area":667.7,"lat":28.3982629,"lng":76.9603041},"geometry":{"type":"Polygon","coordinates":[[[76.9604271,28.398448],[76.9603094,28.398386],[76.9600868,28.3982685],[76.9603983,28.3980721],[76.9604271,28.398448]]]}},{"type":"Feature","properties":{"v":"Sikanderpur Badha","m":"10","k":"16 /2","t":"Manesar","vc":"04135","area":1577.3,"lat":28.3982783,"lng":76.9609051},"geometry":{"type":"Polygon","coordinates":[[[76.9607257,28.398084],[76.9610405,28.3980649],[76.9611717,28.3982271],[76.9607674,28.3986276],[76.9607257,28.398084]]]}},{"type":"Feature","properties":{"v":"Sikanderpur Badha","m":"10","k":"15","t":"Manesar","vc":"04135","area":4025.2,"lat":28.3988808,"lng":76.9611274},"geometry":{"type":"Polygon","coordinates":[[[76.961462,28.3987217],[76.9614709,28.3988382],[76.9614932,28.3991294],[76.960809,28.3991711],[76.9607674,28.3986276],[76.9613899,28.3985897],[76.9614003,28.3985891],[76.961462,28.3987217]]]}},{"type":"Feature","properties":{"v":"Sikanderpur Badha","m":"10","k":"26","t":"Manesar","vc":"04135","area":711.1,"lat":28.3986926,"lng":76.9604458},"geometry":{"type":"Polygon","coordinates":[[[76.9603157,28.398564],[76.9604354,28.3985567],[76.9605551,28.3985495],[76.9605621,28.39864],[76.9605759,28.3988212],[76.9603365,28.3988358],[76.9603226,28.3986546],[76.9603203,28.3986244],[76.9603157,28.398564]]]}},{"type":"Feature","properties":{"v":"Sikanderpur Badha","m":"10","k":"12/1 /1","t":"Manesar","vc":"04135","area":1200.2,"lat":28.3988788,"lng":76.9589087},"geometry":{"type":"Polygon","coordinates":[[[76.95874,28.3990846],[76.9587146,28.3987524],[76.9590499,28.398732],[76.9592292,28.3988044],[76.9587435,28.3991299],[76.95874,28.3990846]]]}},{"type":"Feature","properties":{"v":"Sikanderpur Badha","m":"10","k":"11/1","t":"Manesar","vc":"04135","area":1749.5,"lat":28.3992534,"lng":76.9583169},"geometry":{"type":"Polygon","coordinates":[[[76.9580558,28.3991262],[76.95874,28.3990846],[76.9587435,28.3991299],[76.9580882,28.3995489],[76.958072,28.3993375],[76.9580558,28.3991262]]]}},{"type":"Feature","properties":{"v":"Sikanderpur Badha","m":"10","k":"10","t":"Manesar","vc":"04135","area":3536.3,"lat":28.3996081,"lng":76.9584827},"geometry":{"type":"Polygon","coordinates":[[[76.9587562,28.3992959],[76.9587724,28.3995073],[76.9587978,28.3998394],[76.9585623,28.3998538],[76.9581136,28.3998811],[76.958092,28.3995995],[76.958747,28.3991751],[76.9587562,28.3992959]]]}},{"type":"Feature","properties":{"v":"Sikanderpur Badha","m":"10","k":"9/1/1","t":"Manesar","vc":"04135","area":1676.0,"lat":28.3996458,"lng":76.9592384},"geometry":{"type":"Polygon","coordinates":[[[76.9594566,28.3994657],[76.9594821,28.3997978],[76.9590202,28.3998259],[76.9589948,28.3994938],[76.9591658,28.3994834],[76.9594566,28.3994657]]]}},{"type":"Feature","properties":{"v":"Sikanderpur Badha","m":"10","k":"8/2/1","t":"Manesar","vc":"04135","area":1574.8,"lat":28.399501,"lng":76.9598245},"geometry":{"type":"Polygon","coordinates":[[[76.9599782,28.3997676],[76.9597216,28.3997833],[76.9596628,28.3992408],[76.9599023,28.3992262],[76.9599365,28.3992241],[76.9599782,28.3997676]]]}},{"type":"Feature","properties":{"v":"Sikanderpur Badha","m":"10","k":"7/1/1","t":"Manesar","vc":"04135","area":2696.6,"lat":28.3995373,"lng":76.9605387},"geometry":{"type":"Polygon","coordinates":[[[76.9601663,28.3997562],[76.9601611,28.3996885],[76.9603734,28.3993189],[76.9608182,28.3992918],[76.9608506,28.3997146],[76.9601663,28.3997562]]]}},{"type":"Feature","properties":{"v":"Sikanderpur Badha","m":"10","k":"6","t":"Manesar","vc":"04135","area":4063.6,"lat":28.399422,"lng":76.9611719},"geometry":{"type":"Polygon","coordinates":[[[76.960809,28.3991711],[76.9614932,28.3991294],[76.9615348,28.399673],[76.9612611,28.3996896],[76.9611174,28.3996983],[76.9608506,28.3997146],[76.9608182,28.3992918],[76.960809,28.3991711]]]}},{"type":"Feature","properties":{"v":"Sikanderpur Badha","m":"10","k":"5/2","t":"Manesar","vc":"04135","area":3175.4,"lat":28.4000097,"lng":76.9612376},"geometry":{"type":"Polygon","coordinates":[[[76.961508,28.4002206],[76.9612514,28.4002362],[76.9608922,28.4002581],[76.9608806,28.4001071],[76.9611174,28.3996983],[76.9612611,28.3996896],[76.961551,28.3998843],[76.9615764,28.4002165],[76.961508,28.4002206]]]}},{"type":"Feature","properties":{"v":"Sikanderpur Badha","m":"10","k":"4/1","t":"Manesar","vc":"04135","area":3978.9,"lat":28.4000028,"lng":76.9605223},"geometry":{"type":"Polygon","coordinates":[[[76.9608506,28.3997146],[76.9608806,28.4001071],[76.9607895,28.4002643],[76.9604987,28.400282],[76.9604645,28.4002841],[76.9602079,28.4002997],[76.9601663,28.3997562],[76.9608506,28.3997146]]]}},{"type":"Feature","properties":{"v":"Sikanderpur Badha","m":"10","k":"3","t":"Manesar","vc":"04135","area":2742.7,"lat":28.4000213,"lng":76.9597418},"geometry":{"type":"Polygon","coordinates":[[[76.9599782,28.3997676],[76.960115,28.3997593],[76.9598145,28.4003236],[76.9595237,28.4003413],[76.9594821,28.3997978],[76.9597216,28.3997833],[76.9599782,28.3997676]]]}},{"type":"Feature","properties":{"v":"Sikanderpur Badha","m":"10","k":"2","t":"Manesar","vc":"04135","area":4063.8,"lat":28.4000904,"lng":76.9591608},"geometry":{"type":"Polygon","coordinates":[[[76.9587978,28.3998394],[76.9590202,28.3998259],[76.9594821,28.3997978],[76.9595237,28.4003413],[76.9588394,28.4003829],[76.9587978,28.3998394]]]}},{"type":"Feature","properties":{"v":"Sikanderpur Badha","m":"10","k":"1/1/1","t":"Manesar","vc":"04135","area":1791.0,"lat":28.4000668,"lng":76.9583165},"geometry":{"type":"Polygon","coordinates":[[[76.9581552,28.4004246],[76.9581459,28.4003038],[76.9581257,28.4000403],[76.9581136,28.3998811],[76.9585623,28.3998538],[76.9585766,28.4000408],[76.9581552,28.4004246]]]}},{"type":"Feature","properties":{"v":"Sikanderpur Badha","m":"11","k":"23/2","t":"Manesar","vc":"04135","area":1422.4,"lat":28.3980692,"lng":76.9564798},"geometry":{"type":"Polygon","coordinates":[[[76.9563392,28.3978048],[76.9565787,28.3977902],[76.9565845,28.3978657],[76.9566203,28.3983337],[76.9563808,28.3983483],[76.9563392,28.3978048]]]}},{"type":"Feature","properties":{"v":"Sikanderpur Badha","m":"11","k":"25/1","t":"Manesar","vc":"04135","area":1895.8,"lat":28.397896,"lng":76.9575165},"geometry":{"type":"Polygon","coordinates":[[[76.9572629,28.3977486],[76.9579472,28.397707],[76.9574337,28.3981745],[76.9572907,28.398111],[76.9572629,28.3977486]]]}},{"type":"Feature","properties":{"v":"Sikanderpur Badha","m":"11","k":"12/2","t":"Manesar","vc":"04135","area":1422.5,"lat":28.3991979,"lng":76.9558787},"geometry":{"type":"Polygon","coordinates":[[[76.9560192,28.3994624],[76.9557797,28.3994769],[76.9557381,28.3989334],[76.9559776,28.3989188],[76.9560192,28.3994624]]]}},{"type":"Feature","properties":{"v":"Sikanderpur Badha","m":"11","k":"15/3","t":"Manesar","vc":"04135","area":1693.7,"lat":28.3989281,"lng":76.9576969},"geometry":{"type":"Polygon","coordinates":[[[76.9580304,28.398794],[76.9580477,28.3990205],[76.9577569,28.3990382],[76.9573634,28.3990621],[76.9573461,28.3988356],[76.9580304,28.398794]]]}},{"type":"Feature","properties":{"v":"Sikanderpur Badha","m":"11","k":"15/2","t":"Manesar","vc":"04135","area":1007.3,"lat":28.3991879,"lng":76.9579144},"geometry":{"type":"Polygon","coordinates":[[[76.958072,28.3993375],[76.9577812,28.3993552],[76.9577569,28.3990382],[76.9580477,28.3990205],[76.9580558,28.3991262],[76.958072,28.3993375]]]}},{"type":"Feature","properties":{"v":"Sikanderpur Badha","m":"11","k":"4/2/2/1","t":"Manesar","vc":"04135","area":553.3,"lat":28.4003855,"lng":76.9573304},"geometry":{"type":"Polygon","coordinates":[[[76.9574709,28.4004662],[76.9572092,28.4004821],[76.9571274,28.4003906],[76.9574536,28.4002397],[76.9574709,28.4004662]]]}},{"type":"Feature","properties":{"v":"Sikanderpur Badha","m":"11","k":"1/1","t":"Manesar","vc":"04135","area":662.4,"lat":28.4005176,"lng":76.9548511},"geometry":{"type":"Polygon","coordinates":[[[76.9547338,28.4006326],[76.9547092,28.4003105],[76.9551102,28.4006097],[76.9547338,28.4006326]]]}},{"type":"Feature","properties":{"v":"Sikanderpur Badha","m":"11","k":"2/2","t":"Manesar","vc":"04135","area":2133.8,"lat":28.4002885,"lng":76.9559019},"geometry":{"type":"Polygon","coordinates":[[[76.9557431,28.4005712],[76.9557015,28.4000277],[76.9560608,28.4000059],[76.9561024,28.4005494],[76.9557431,28.4005712]]]}},{"type":"Feature","properties":{"v":"Sikanderpur Badha","m":"11","k":"13","t":"Manesar","vc":"04135","area":4064.7,"lat":28.3991698,"lng":76.9563405},"geometry":{"type":"Polygon","coordinates":[[[76.9559776,28.3989188],[76.9566619,28.3988772],[76.9567035,28.3994208],[76.9560192,28.3994624],[76.9559776,28.3989188]]]}},{"type":"Feature","properties":{"v":"Sikanderpur Badha","m":"11","k":"25/2 /2","t":"Manesar","vc":"04135","area":1775.8,"lat":28.39806,"lng":76.9577838},"geometry":{"type":"Polygon","coordinates":[[[76.9579888,28.3982505],[76.9577335,28.398266],[76.9574337,28.3981745],[76.9579472,28.397707],[76.9579888,28.3982505]]]}},{"type":"Feature","properties":{"v":"Sikanderpur Badha","m":"11","k":"24","t":"Manesar","vc":"04135","area":2426.5,"lat":28.3981431,"lng":76.9568988},"geometry":{"type":"Polygon","coordinates":[[[76.9566203,28.3983337],[76.9565845,28.3978657],[76.9572907,28.398111],[76.9573045,28.3982921],[76.9566203,28.3983337]]]}},{"type":"Feature","properties":{"v":"Sikanderpur Badha","m":"11","k":"23/1","t":"Manesar","vc":"04135","area":2641.6,"lat":28.3980901,"lng":76.9561376},"geometry":{"type":"Polygon","coordinates":[[[76.955936,28.3983753],[76.9558944,28.3978318],[76.9563392,28.3978048],[76.9563808,28.3983483],[76.955936,28.3983753]]]}},{"type":"Feature","properties":{"v":"Sikanderpur Badha","m":"11","k":"22","t":"Manesar","vc":"04135","area":4063.4,"lat":28.3981243,"lng":76.9555731},"geometry":{"type":"Polygon","coordinates":[[[76.9552518,28.3984169],[76.9552102,28.3978734],[76.9558944,28.3978318],[76.955936,28.3983753],[76.9552518,28.3984169]]]}},{"type":"Feature","properties":{"v":"Sikanderpur Badha","m":"11","k":"21","t":"Manesar","vc":"04135","area":3860.5,"lat":28.3981649,"lng":76.954906},"geometry":{"type":"Polygon","coordinates":[[[76.9552518,28.3984169],[76.9546017,28.3984564],[76.9545602,28.3979129],[76.9552102,28.3978734],[76.9552518,28.3984169]]]}},{"type":"Feature","properties":{"v":"Sikanderpur Badha","m":"11","k":"20 /1","t":"Manesar","vc":"04135","area":750.5,"lat":28.3989274,"lng":76.9549642},"geometry":{"type":"Polygon","coordinates":[[[76.9552934,28.3989604],[76.9546433,28.399],[76.9546352,28.3988943],[76.9552853,28.3988548],[76.9552934,28.3989604]]]}},{"type":"Feature","properties":{"v":"Sikanderpur Badha","m":"11","k":"19","t":"Manesar","vc":"04135","area":4063.6,"lat":28.3986679,"lng":76.9556147},"geometry":{"type":"Polygon","coordinates":[[[76.9559776,28.3989188],[76.9557381,28.3989334],[76.9552934,28.3989604],[76.9552853,28.3988548],[76.9552714,28.3986736],[76.9552518,28.3984169],[76.955936,28.3983753],[76.9559776,28.3989188]]]}},{"type":"Feature","properties":{"v":"Sikanderpur Badha","m":"11","k":"18","t":"Manesar","vc":"04135","area":4063.8,"lat":28.3986263,"lng":76.9562989},"geometry":{"type":"Polygon","coordinates":[[[76.9566619,28.3988772],[76.9559776,28.3989188],[76.955936,28.3983753],[76.9563808,28.3983483],[76.9566203,28.3983337],[76.9566619,28.3988772]]]}},{"type":"Feature","properties":{"v":"Sikanderpur Badha","m":"11","k":"17","t":"Manesar","vc":"04135","area":4063.3,"lat":28.3985847,"lng":76.9569832},"geometry":{"type":"Polygon","coordinates":[[[76.9566619,28.3988772],[76.9566203,28.3983337],[76.9573045,28.3982921],[76.9573461,28.3988356],[76.9566619,28.3988772]]]}},{"type":"Feature","properties":{"v":"Sikanderpur Badha","m":"11","k":"16 /1","t":"Manesar","vc":"04135","area":3916.6,"lat":28.3985525,"lng":76.9576585},"geometry":{"type":"Polygon","coordinates":[[[76.9573461,28.3988356],[76.9573045,28.3982921],[76.9577335,28.398266],[76.9579969,28.3983562],[76.9580304,28.398794],[76.9573461,28.3988356]]]}},{"type":"Feature","properties":{"v":"Sikanderpur Badha","m":"11","k":"15/1","t":"Manesar","vc":"04135","area":1363.0,"lat":28.3992086,"lng":76.9575723},"geometry":{"type":"Polygon","coordinates":[[[76.9577812,28.3993552],[76.9573877,28.3993791],[76.9573634,28.3990621],[76.9577569,28.3990382],[76.9577812,28.3993552]]]}},{"type":"Feature","properties":{"v":"Sikanderpur Badha","m":"11","k":"14","t":"Manesar","vc":"04135","area":4063.6,"lat":28.3991282,"lng":76.9570248},"geometry":{"type":"Polygon","coordinates":[[[76.9573877,28.3993791],[76.9567035,28.3994208],[76.9566619,28.3988772],[76.9573461,28.3988356],[76.9573634,28.3990621],[76.9573877,28.3993791]]]}},{"type":"Feature","properties":{"v":"Sikanderpur Badha","m":"11","k":"12/1","t":"Manesar","vc":"04135","area":2641.5,"lat":28.3992187,"lng":76.9555365},"geometry":{"type":"Polygon","coordinates":[[[76.9557797,28.3994769],[76.9553349,28.399504],[76.9552934,28.3989604],[76.9557381,28.3989334],[76.9557797,28.3994769]]]}},{"type":"Feature","properties":{"v":"Sikanderpur Badha","m":"11","k":"11","t":"Manesar","vc":"04135","area":3860.9,"lat":28.399252,"lng":76.9549891},"geometry":{"type":"Polygon","coordinates":[[[76.9552934,28.3989604],[76.9553349,28.399504],[76.9546849,28.3995435],[76.9546433,28.399],[76.9552934,28.3989604]]]}},{"type":"Feature","properties":{"v":"Sikanderpur Badha","m":"11","k":"10","t":"Manesar","vc":"04135","area":3860.2,"lat":28.3997955,"lng":76.9550307},"geometry":{"type":"Polygon","coordinates":[[[76.9553765,28.4000475],[76.9547265,28.400087],[76.9546849,28.3995435],[76.9553349,28.399504],[76.9553765,28.4000475]]]}},{"type":"Feature","properties":{"v":"Sikanderpur Badha","m":"11","k":"9","t":"Manesar","vc":"04135","area":4064.0,"lat":28.3997549,"lng":76.9556979},"geometry":{"type":"Polygon","coordinates":[[[76.9553765,28.4000475],[76.9553349,28.399504],[76.9557797,28.3994769],[76.9560192,28.3994624],[76.9560608,28.4000059],[76.9557015,28.4000277],[76.9553765,28.4000475]]]}},{"type":"Feature","properties":{"v":"Sikanderpur Badha","m":"11","k":"8","t":"Manesar","vc":"04135","area":4063.6,"lat":28.3997133,"lng":76.9563821},"geometry":{"type":"Polygon","coordinates":[[[76.9560608,28.4000059],[76.9560192,28.3994624],[76.9567035,28.3994208],[76.956745,28.3999643],[76.9560608,28.4000059]]]}},{"type":"Feature","properties":{"v":"Sikanderpur Badha","m":"11","k":"7","t":"Manesar","vc":"04135","area":4063.8,"lat":28.3996717,"lng":76.9570664},"geometry":{"type":"Polygon","coordinates":[[[76.9574293,28.3999227],[76.9569845,28.3999497],[76.956745,28.3999643],[76.9567035,28.3994208],[76.9573877,28.3993791],[76.9574293,28.3999227]]]}},{"type":"Feature","properties":{"v":"Sikanderpur Badha","m":"11","k":"6","t":"Manesar","vc":"04135","area":2962.3,"lat":28.3995733,"lng":76.9576941},"geometry":{"type":"Polygon","coordinates":[[[76.9574293,28.3999227],[76.9573877,28.3993791],[76.9577812,28.3993552],[76.958072,28.3993375],[76.9580882,28.3995489],[76.9575063,28.399918],[76.9574293,28.3999227]]]}},{"type":"Feature","properties":{"v":"Sikanderpur Badha","m":"11","k":"5/1","t":"Manesar","vc":"04135","area":583.9,"lat":28.4003344,"lng":76.9575717},"geometry":{"type":"Polygon","coordinates":[[[76.9574536,28.4002397],[76.9576642,28.4001806],[76.9576851,28.4004531],[76.9574709,28.4004662],[76.9574536,28.4002397]]]}},{"type":"Feature","properties":{"v":"Sikanderpur Badha","m":"11","k":"4/1/2/1","t":"Manesar","vc":"04135","area":839.1,"lat":28.4001194,"lng":76.9568707},"geometry":{"type":"Polygon","coordinates":[[[76.956745,28.3999643],[76.9569845,28.3999497],[76.957009,28.4002694],[76.9569677,28.4002211],[76.9567743,28.4003462],[76.956745,28.3999643]]]}},{"type":"Feature","properties":{"v":"Sikanderpur Badha","m":"11","k":"3","t":"Manesar","vc":"04135","area":4024.3,"lat":28.4002546,"lng":76.9564205},"geometry":{"type":"Polygon","coordinates":[[[76.9560608,28.4000059],[76.956745,28.3999643],[76.9567743,28.4003462],[76.9567814,28.4004393],[76.9566823,28.4005141],[76.9561024,28.4005494],[76.9560608,28.4000059]]]}},{"type":"Feature","properties":{"v":"Sikanderpur Badha","m":"11","k":"2/1","t":"Manesar","vc":"04135","area":1930.1,"lat":28.4003094,"lng":76.9555598},"geometry":{"type":"Polygon","coordinates":[[[76.9553765,28.4000475],[76.9557015,28.4000277],[76.9557431,28.4005712],[76.9554181,28.400591],[76.9553765,28.4000475]]]}},{"type":"Feature","properties":{"v":"Sikanderpur Badha","m":"11","k":"1/2","t":"Manesar","vc":"04135","area":2592.8,"lat":28.4002796,"lng":76.955148},"geometry":{"type":"Polygon","coordinates":[[[76.9553765,28.4000475],[76.9554181,28.400591],[76.9552299,28.4006024],[76.9549485,28.4003126],[76.9547339,28.4001845],[76.9547265,28.400087],[76.9553765,28.4000475]]]}},{"type":"Feature","properties":{"v":"Sikanderpur Badha","m":"0","k":"84","t":"Manesar","vc":"04135","area":596.8,"lat":28.3986401,"lng":76.9518291},"geometry":{"type":"Polygon","coordinates":[[[76.9527463,28.3985996],[76.9525171,28.3986135],[76.9522434,28.3986301],[76.9518328,28.3986551],[76.951619,28.3986681],[76.9515249,28.3986738],[76.9511486,28.3986966],[76.950944,28.3987091],[76.9509344,28.3987097],[76.9509297,28.3987024],[76.9509157,28.3986805],[76.9509247,28.3986799],[76.9511463,28.3986664],[76.9518305,28.3986249],[76.9527201,28.3985708],[76.9527463,28.3985996]]]}},{"type":"Feature","properties":{"v":"Sikanderpur Badha","m":"0","k":"85","t":"Manesar","vc":"04135","area":195.0,"lat":28.4001574,"lng":76.9540385},"geometry":{"type":"Polygon","coordinates":[[[76.9544268,28.4001052],[76.9544663,28.4001331],[76.9540445,28.4001588],[76.9540549,28.4002946],[76.9540207,28.4002967],[76.9540103,28.4001609],[76.954008,28.4001307],[76.9544268,28.4001052]]]}},{"type":"Feature","properties":{"v":"Sikanderpur Badha","m":"12","k":"9/2","t":"Manesar","vc":"04135","area":2031.9,"lat":28.3999733,"lng":76.9521055},"geometry":{"type":"Polygon","coordinates":[[[76.9522558,28.3996911],[76.9522974,28.4002346],[76.9519552,28.4002554],[76.9519137,28.3997119],[76.9522558,28.3996911]]]}},{"type":"Feature","properties":{"v":"Sikanderpur Badha","m":"12","k":"18/1","t":"Manesar","vc":"04135","area":686.4,"lat":28.398696,"lng":76.9531164},"geometry":{"type":"Polygon","coordinates":[[[76.953199,28.3985417],[76.9532331,28.3989874],[76.9529171,28.3985588],[76.953199,28.3985417]]]}},{"type":"Feature","properties":{"v":"Sikanderpur Badha","m":"12","k":"19/2","t":"Manesar","vc":"04135","area":2302.7,"lat":28.3988992,"lng":76.9520577},"geometry":{"type":"Polygon","coordinates":[[[76.9518328,28.3986551],[76.9522434,28.3986301],[76.9522826,28.3991434],[76.9518721,28.3991684],[76.9518328,28.3986551]]]}},{"type":"Feature","properties":{"v":"Sikanderpur Badha","m":"12","k":"27","t":"Manesar","vc":"04135","area":1241.6,"lat":28.3988362,"lng":76.9513483},"geometry":{"type":"Polygon","coordinates":[[[76.9515249,28.3986738],[76.951548,28.3989757],[76.9511717,28.3989986],[76.9511486,28.3986966],[76.9515249,28.3986738]]]}},{"type":"Feature","properties":{"v":"Sikanderpur Badha","m":"12","k":"12/1","t":"Manesar","vc":"04135","area":3047.7,"lat":28.3993775,"lng":76.9521745},"geometry":{"type":"Polygon","coordinates":[[[76.9518721,28.3991684],[76.9522826,28.3991434],[76.9525563,28.3991268],[76.9525771,28.3993986],[76.952235,28.3994193],[76.9522558,28.3996911],[76.9519137,28.3997119],[76.9518721,28.3991684]]]}},{"type":"Feature","properties":{"v":"Sikanderpur Badha","m":"12","k":"13/1","t":"Manesar","vc":"04135","area":2031.6,"lat":28.3995136,"lng":76.9529297},"geometry":{"type":"Polygon","coordinates":[[[76.9525979,28.3996703],[76.9525771,28.3993986],[76.9532614,28.399357],[76.9532822,28.3996287],[76.9525979,28.3996703]]]}},{"type":"Feature","properties":{"v":"Sikanderpur Badha","m":"12","k":"14/1","t":"Manesar","vc":"04135","area":1032.9,"lat":28.399481,"lng":76.9534233},"geometry":{"type":"Polygon","coordinates":[[[76.9532614,28.399357],[76.9532504,28.3992132],[76.9537372,28.3996011],[76.9532822,28.3996287],[76.9532614,28.399357]]]}},{"type":"Feature","properties":{"v":"Sikanderpur Badha","m":"12","k":"14/2/2","t":"Manesar","vc":"04135","area":1139.2,"lat":28.3991546,"lng":76.9536768},"geometry":{"type":"Polygon","coordinates":[[[76.9539249,28.3990436],[76.9539352,28.3991795],[76.9539416,28.3992628],[76.9534978,28.3992547],[76.9533919,28.3991556],[76.9533261,28.39908],[76.9539249,28.3990436]]]}},{"type":"Feature","properties":{"v":"Sikanderpur Badha","m":"12","k":"15/2","t":"Manesar","vc":"04135","area":1016.1,"lat":28.3990908,"lng":76.9542722},"geometry":{"type":"Polygon","coordinates":[[[76.9546091,28.399002],[76.9546195,28.3991379],[76.9539352,28.3991795],[76.9539249,28.3990436],[76.9546091,28.399002]]]}},{"type":"Feature","properties":{"v":"Sikanderpur Badha","m":"12","k":"6/2","t":"Manesar","vc":"04135","area":1613.0,"lat":28.399673,"lng":76.9543305},"geometry":{"type":"Polygon","coordinates":[[[76.9539664,28.3995871],[76.9546507,28.3995456],[76.9546674,28.3997642],[76.954168,28.3998172],[76.9538809,28.3995923],[76.9539664,28.3995871]]]}},{"type":"Feature","properties":{"v":"Sikanderpur Badha","m":"12","k":"6/1","t":"Manesar","vc":"04135","area":1120.9,"lat":28.3999183,"lng":76.9545114},"geometry":{"type":"Polygon","coordinates":[[[76.954168,28.3998172],[76.9546674,28.3997642],[76.9546987,28.4001736],[76.954168,28.3998172]]]}},{"type":"Feature","properties":{"v":"Sikanderpur Badha","m":"12","k":"26","t":"Manesar","vc":"04135","area":753.6,"lat":28.4004007,"lng":76.9541816},"geometry":{"type":"Polygon","coordinates":[[[76.9540549,28.4002946],[76.9543252,28.4002782],[76.9543425,28.4005047],[76.954038,28.4005232],[76.9540207,28.4002967],[76.9540549,28.4002946]]]}},{"type":"Feature","properties":{"v":"Sikanderpur Badha","m":"12","k":"3/2","t":"Manesar","vc":"04135","area":3161.1,"lat":28.4004044,"lng":76.9529978},"geometry":{"type":"Polygon","coordinates":[[[76.9526395,28.4002138],[76.9533237,28.4001722],[76.9533561,28.400595],[76.9526718,28.4006366],[76.9526395,28.4002138]]]}},{"type":"Feature","properties":{"v":"Sikanderpur Badha","m":"12","k":"13/2","t":"Manesar","vc":"04135","area":1957.8,"lat":28.3992462,"lng":76.9528975},"geometry":{"type":"Polygon","coordinates":[[[76.9525771,28.3993986],[76.9525563,28.3991268],[76.9531341,28.3990917],[76.9532504,28.3992132],[76.9532614,28.399357],[76.9525771,28.3993986]]]}},{"type":"Feature","properties":{"v":"Sikanderpur Badha","m":"12","k":"25 /2","t":"Manesar","vc":"04135","area":3047.4,"lat":28.3981396,"lng":76.9541994},"geometry":{"type":"Polygon","coordinates":[[[76.9538417,28.3979566],[76.9545259,28.397915],[76.9545571,28.3983226],[76.9538729,28.3983642],[76.9538417,28.3979566]]]}},{"type":"Feature","properties":{"v":"Sikanderpur Badha","m":"12","k":"24/2","t":"Manesar","vc":"04135","area":3047.6,"lat":28.3981812,"lng":76.9535152},"geometry":{"type":"Polygon","coordinates":[[[76.9538417,28.3979566],[76.9538729,28.3983642],[76.9531886,28.3984058],[76.9531575,28.3979982],[76.9538417,28.3979566]]]}},{"type":"Feature","properties":{"v":"Sikanderpur Badha","m":"12","k":"23/2","t":"Manesar","vc":"04135","area":2163.8,"lat":28.398213,"lng":76.952942},"geometry":{"type":"Polygon","coordinates":[[[76.9531575,28.3979982],[76.9531886,28.3984058],[76.9531909,28.398436],[76.9528508,28.3984567],[76.952593,28.3980325],[76.9531575,28.3979982]]]}},{"type":"Feature","properties":{"v":"Sikanderpur Badha","m":"12","k":"22","t":"Manesar","vc":"04135","area":4521.0,"lat":28.3983451,"lng":76.9521951},"geometry":{"type":"Polygon","coordinates":[[[76.9518305,28.3986249],[76.951789,28.3980814],[76.9524219,28.3980429],[76.9527201,28.3985708],[76.9518305,28.3986249]]]}},{"type":"Feature","properties":{"v":"Sikanderpur Badha","m":"12","k":"21","t":"Manesar","vc":"04135","area":4063.6,"lat":28.3983739,"lng":76.9514676},"geometry":{"type":"Polygon","coordinates":[[[76.9518305,28.3986249],[76.9511463,28.3986664],[76.9511047,28.3981229],[76.951789,28.3980814],[76.9518305,28.3986249]]]}},{"type":"Feature","properties":{"v":"Sikanderpur Badha","m":"12","k":"20 /2","t":"Manesar","vc":"04135","area":1373.1,"lat":28.3990308,"lng":76.9514491},"geometry":{"type":"Polygon","coordinates":[[[76.9511717,28.3989986],[76.951548,28.3989757],[76.9515249,28.3986738],[76.951619,28.3986681],[76.9516497,28.3991819],[76.9511878,28.39921],[76.9511717,28.3989986]]]}},{"type":"Feature","properties":{"v":"Sikanderpur Badha","m":"12","k":"19/1","t":"Manesar","vc":"04135","area":1535.1,"lat":28.3988785,"lng":76.9523999},"geometry":{"type":"Polygon","coordinates":[[[76.9522826,28.3991434],[76.9522434,28.3986301],[76.9525171,28.3986135],[76.9525563,28.3991268],[76.9522826,28.3991434]]]}},{"type":"Feature","properties":{"v":"Sikanderpur Badha","m":"12","k":"18/2","t":"Manesar","vc":"04135","area":2235.4,"lat":28.3988952,"lng":76.9527519},"geometry":{"type":"Polygon","coordinates":[[[76.9525171,28.3986135],[76.9527463,28.3985996],[76.9528374,28.3987283],[76.9531341,28.3990917],[76.9525563,28.3991268],[76.9525171,28.3986135]]]}},{"type":"Feature","properties":{"v":"Sikanderpur Badha","m":"12","k":"17","t":"Manesar","vc":"04135","area":4018.3,"lat":28.3987897,"lng":76.9535653},"geometry":{"type":"Polygon","coordinates":[[[76.953199,28.3985417],[76.9538833,28.3985001],[76.9539249,28.3990436],[76.9533261,28.39908],[76.9532331,28.3989874],[76.953199,28.3985417]]]}},{"type":"Feature","properties":{"v":"Sikanderpur Badha","m":"12","k":"16","t":"Manesar","vc":"04135","area":4063.3,"lat":28.3987511,"lng":76.9542462},"geometry":{"type":"Polygon","coordinates":[[[76.9539249,28.3990436],[76.9538833,28.3985001],[76.9545675,28.3984585],[76.9546091,28.399002],[76.9539249,28.3990436]]]}},{"type":"Feature","properties":{"v":"Sikanderpur Badha","m":"12","k":"15/1","t":"Manesar","vc":"04135","area":3048.1,"lat":28.3993625,"lng":76.954293},"geometry":{"type":"Polygon","coordinates":[[[76.9539664,28.3995871],[76.9539416,28.3992628],[76.9539352,28.3991795],[76.9546195,28.3991379],[76.9546507,28.3995456],[76.9539664,28.3995871]]]}},{"type":"Feature","properties":{"v":"Sikanderpur Badha","m":"12","k":"14/2/1","t":"Manesar","vc":"04135","area":949.4,"lat":28.3993876,"lng":76.9537984},"geometry":{"type":"Polygon","coordinates":[[[76.9539664,28.3995871],[76.9538809,28.3995923],[76.9534978,28.3992547],[76.9539416,28.3992628],[76.9539664,28.3995871]]]}},{"type":"Feature","properties":{"v":"Sikanderpur Badha","m":"12","k":"12/2","t":"Manesar","vc":"04135","area":1015.8,"lat":28.3995448,"lng":76.9524164},"geometry":{"type":"Polygon","coordinates":[[[76.9525979,28.3996703],[76.9522558,28.3996911],[76.952235,28.3994193],[76.9525771,28.3993986],[76.9525979,28.3996703]]]}},{"type":"Feature","properties":{"v":"Sikanderpur Badha","m":"12","k":"11/1","t":"Manesar","vc":"04135","area":2743.1,"lat":28.3994677,"lng":76.9514396},"geometry":{"type":"Polygon","coordinates":[[[76.9512294,28.3997535],[76.9511878,28.39921],[76.9516497,28.3991819],[76.9516913,28.3997254],[76.9512294,28.3997535]]]}},{"type":"Feature","properties":{"v":"Sikanderpur Badha","m":"12","k":"10 /2","t":"Manesar","vc":"04135","area":2742.8,"lat":28.4000112,"lng":76.9514811},"geometry":{"type":"Polygon","coordinates":[[[76.9517328,28.4002689],[76.9512787,28.4002965],[76.951271,28.400297],[76.9512698,28.4002817],[76.9512294,28.3997535],[76.9516913,28.3997254],[76.9517328,28.4002689]]]}},{"type":"Feature","properties":{"v":"Sikanderpur Badha","m":"12","k":"9/1","t":"Manesar","vc":"04135","area":2031.7,"lat":28.3999525,"lng":76.9524476},"geometry":{"type":"Polygon","coordinates":[[[76.9525979,28.3996703],[76.9526395,28.4002138],[76.9522974,28.4002346],[76.9522558,28.3996911],[76.9525979,28.3996703]]]}},{"type":"Feature","properties":{"v":"Sikanderpur Badha","m":"12","k":"8","t":"Manesar","vc":"04135","area":4063.6,"lat":28.3999212,"lng":76.9529608},"geometry":{"type":"Polygon","coordinates":[[[76.9525979,28.3996703],[76.9532822,28.3996287],[76.9533237,28.4001722],[76.9526395,28.4002138],[76.9525979,28.3996703]]]}},{"type":"Feature","properties":{"v":"Sikanderpur Badha","m":"12","k":"7","t":"Manesar","vc":"04135","area":3808.8,"lat":28.3998944,"lng":76.9536283},"geometry":{"type":"Polygon","coordinates":[[[76.9533237,28.4001722],[76.9532822,28.3996287],[76.9537372,28.3996011],[76.953982,28.3997907],[76.954008,28.4001307],[76.9533237,28.4001722]]]}},{"type":"Feature","properties":{"v":"Sikanderpur Badha","m":"12","k":"6/3","t":"Manesar","vc":"04135","area":778.0,"lat":28.4000089,"lng":76.9541389},"geometry":{"type":"Polygon","coordinates":[[[76.953982,28.3997907],[76.9540711,28.3998537],[76.9544268,28.4001052],[76.954008,28.4001307],[76.953982,28.3997907]]]}},{"type":"Feature","properties":{"v":"Sikanderpur Badha","m":"12","k":"5","t":"Manesar","vc":"04135","area":2795.3,"lat":28.4004166,"lng":76.9544081},"geometry":{"type":"Polygon","coordinates":[[[76.9547338,28.4006326],[76.9540496,28.4006742],[76.954038,28.4005232],[76.9543425,28.4005047],[76.9543252,28.4002782],[76.9540549,28.4002946],[76.9540445,28.4001588],[76.9544663,28.4001331],[76.9547092,28.4003105],[76.9547338,28.4006326]]]}},{"type":"Feature","properties":{"v":"Sikanderpur Badha","m":"12","k":"4","t":"Manesar","vc":"04135","area":4064.0,"lat":28.4004232,"lng":76.9536866},"geometry":{"type":"Polygon","coordinates":[[[76.9533237,28.4001722],[76.954008,28.4001307],[76.9540103,28.4001609],[76.9540207,28.4002967],[76.954038,28.4005232],[76.9540496,28.4006742],[76.9533653,28.4007158],[76.9533561,28.400595],[76.9533237,28.4001722]]]}},{"type":"Feature","properties":{"v":"Sikanderpur Badha","m":"12","k":"3/1","t":"Manesar","vc":"04135","area":902.8,"lat":28.4006762,"lng":76.9530186},"geometry":{"type":"Polygon","coordinates":[[[76.9526718,28.4006366],[76.9533561,28.400595],[76.9533653,28.4007158],[76.9526811,28.4007573],[76.9526718,28.4006366]]]}},{"type":"Feature","properties":{"v":"Sikanderpur Badha","m":"12","k":"2","t":"Manesar","vc":"04135","area":4063.8,"lat":28.4005064,"lng":76.9523181},"geometry":{"type":"Polygon","coordinates":[[[76.9526395,28.4002138],[76.9526718,28.4006366],[76.9526811,28.4007573],[76.9523047,28.4007802],[76.9521336,28.4007906],[76.9519968,28.4007989],[76.9519552,28.4002554],[76.9522974,28.4002346],[76.9526395,28.4002138]]]}},{"type":"Feature","properties":{"v":"Sikanderpur Badha","m":"12","k":"1","t":"Manesar","vc":"04135","area":3246.7,"lat":28.40052,"lng":76.9516943},"geometry":{"type":"Polygon","coordinates":[[[76.9519968,28.4007989],[76.9516033,28.4008228],[76.9515014,28.4006757],[76.9514176,28.4005547],[76.9512919,28.4003338],[76.951271,28.400297],[76.9512787,28.4002965],[76.9517328,28.4002689],[76.9519552,28.4002554],[76.9519968,28.4007989]]]}},{"type":"Feature","properties":{"v":"Sikanderpur Badha","m":"9","k":"1 /2","t":"Manesar","vc":"04135","area":428.1,"lat":28.3997897,"lng":76.9616243},"geometry":{"type":"Polygon","coordinates":[[[76.9616762,28.3999629],[76.9616534,28.3999486],[76.961551,28.3998843],[76.9615348,28.399673],[76.9616949,28.3996632],[76.9617141,28.399662],[76.9616762,28.3999629]]]}},{"type":"Feature","properties":{"v":"Sikanderpur Badha","m":"9","k":"10","t":"Manesar","vc":"04135","area":1094.0,"lat":28.3994118,"lng":76.9616086},"geometry":{"type":"Polygon","coordinates":[[[76.9616677,28.3992155],[76.9616998,28.3993698],[76.9617057,28.399398],[76.9617428,28.3995765],[76.9617441,28.3995828],[76.9617327,28.399613],[76.9617236,28.399637],[76.9617141,28.399662],[76.9616949,28.3996632],[76.9615348,28.399673],[76.9614932,28.3991294],[76.9615636,28.3991252],[76.9615981,28.3991231],[76.9616198,28.3991217],[76.9616677,28.3992155]]]}},{"type":"Feature","properties":{"v":"Sikanderpur Badha","m":"9","k":"11","t":"Manesar","vc":"04135","area":282.1,"lat":28.3989909,"lng":76.961525},"geometry":{"type":"Polygon","coordinates":[[[76.9614871,28.3987853],[76.9616091,28.3990946],[76.9616198,28.3991217],[76.9615981,28.3991231],[76.9615636,28.3991252],[76.9614932,28.3991294],[76.9614709,28.3988382],[76.961462,28.3987217],[76.9614871,28.3987853]]]}},{"type":"Feature","properties":{"v":"Sikanderpur Badha","m":"8","k":"90","t":"Manesar","vc":"04135","area":1128.7,"lat":28.4018756,"lng":76.9599848},"geometry":{"type":"Polygon","coordinates":[[[76.9596485,28.4019719],[76.9596369,28.4018209],[76.959808,28.4018105],[76.9603212,28.4017793],[76.9603328,28.4019302],[76.9596485,28.4019719]]]}},{"type":"Feature","properties":{"v":"Sikanderpur Badha","m":"8","k":"25/3","t":"Manesar","vc":"04135","area":559.0,"lat":28.4004481,"lng":76.961576},"geometry":{"type":"Polygon","coordinates":[[[76.9616039,28.4007243],[76.961601,28.400761],[76.9615496,28.4007641],[76.9615466,28.4007248],[76.9615445,28.4006973],[76.961508,28.4002206],[76.9615764,28.4002165],[76.9616148,28.4002141],[76.9616449,28.4002123],[76.9616039,28.4007243]]]}},{"type":"Feature","properties":{"v":"Sikanderpur Badha","m":"0","k":"","t":"Manesar","vc":"04135","area":230.1,"lat":28.4010282,"lng":76.9572257},"geometry":{"type":"Polygon","coordinates":[[[76.9571567,28.4010445],[76.9571182,28.4009859],[76.9572438,28.4009394],[76.9573344,28.4010591],[76.9572082,28.4011231],[76.9571567,28.4010445]]]}},{"type":"Feature","properties":{"v":"Sikanderpur Badha","m":"0","k":"","t":"Manesar","vc":"04135","area":103.7,"lat":28.4008849,"lng":76.9566367},"geometry":{"type":"Polygon","coordinates":[[[76.9566695,28.4009595],[76.9565395,28.4007816],[76.9565659,28.4007623],[76.9567346,28.4009868],[76.956706,28.4010034],[76.9566695,28.4009595]]]}},{"type":"Feature","properties":{"v":"Sikanderpur Badha","m":"0","k":"54","t":"Manesar","vc":"04135","area":535.3,"lat":28.4022857,"lng":76.9579287},"geometry":{"type":"Polygon","coordinates":[[[76.9574236,28.4025053],[76.9573778,28.4024846],[76.9576491,28.4023717],[76.958015,28.4022242],[76.9584094,28.4020756],[76.9584404,28.4021118],[76.958032,28.4022699],[76.9577649,28.4023732],[76.9575531,28.4024552],[76.9574236,28.4025053]]]}},{"type":"Feature","properties":{"v":"Sikanderpur Badha","m":"0","k":"64","t":"Manesar","vc":"04135","area":689.1,"lat":28.4024783,"lng":76.9581934},"geometry":{"type":"Polygon","coordinates":[[[76.9585477,28.4022366],[76.9579521,28.4027319],[76.9578512,28.402691],[76.9585063,28.4021884],[76.9585477,28.4022366]]]}},{"type":"Feature","properties":{"v":"Sikanderpur Badha","m":"4","k":"","t":"Manesar","vc":"04135","area":598.7,"lat":28.4036312,"lng":76.9560461},"geometry":{"type":"Polygon","coordinates":[[[76.9557693,28.4032998],[76.9558548,28.4032946],[76.9559223,28.4033929],[76.9560174,28.4035314],[76.9561788,28.4037655],[76.9563145,28.4039629],[76.956289,28.4040248],[76.9557693,28.4032998]]]}},{"type":"Feature","properties":{"v":"Sikanderpur Badha","m":"4","k":"","t":"Manesar","vc":"04135","area":268.4,"lat":28.4033564,"lng":76.9565886},"geometry":{"type":"Polygon","coordinates":[[[76.9564616,28.4033926],[76.9564551,28.4033628],[76.9564486,28.4033331],[76.9567084,28.40329],[76.9567433,28.403367],[76.9564699,28.40343],[76.9564616,28.4033926]]]}},{"type":"Feature","properties":{"v":"Sikanderpur Badha","m":"6","k":"","t":"Manesar","vc":"04135","area":971.2,"lat":28.40185,"lng":76.9546062},"geometry":{"type":"Polygon","coordinates":[[[76.9544604,28.4017413],[76.9544569,28.401696],[76.9547307,28.4016793],[76.9547341,28.4017246],[76.9547555,28.4020041],[76.9544818,28.4020207],[76.9544604,28.4017413]]]}},{"type":"Feature","properties":{"v":"Sikanderpur Badha","m":"0","k":"70","t":"Manesar","vc":"04135","area":483.0,"lat":28.4033418,"lng":76.9570355},"geometry":{"type":"Polygon","coordinates":[[[76.9568712,28.4033083],[76.9570074,28.4032115],[76.9571465,28.4033098],[76.9572062,28.4033499],[76.957047,28.4034824],[76.9568712,28.4033083]]]}},{"type":"Feature","properties":{"v":"Sikanderpur Badha","m":"4","k":"","t":"Manesar","vc":"04135","area":71.9,"lat":28.403206,"lng":76.9575708},"geometry":{"type":"Polygon","coordinates":[[[76.9574825,28.4031957],[76.9576789,28.4031837],[76.9576812,28.4032139],[76.9574417,28.4032285],[76.9574825,28.4031957]]]}},{"type":"Feature","properties":{"v":"Sikanderpur Badha","m":"0","k":"","t":"Manesar","vc":"04135","area":223.1,"lat":28.4010594,"lng":76.9565432},"geometry":{"type":"Polygon","coordinates":[[[76.9563864,28.401102],[76.9566695,28.4009595],[76.956706,28.4010034],[76.9564744,28.4011384],[76.9564259,28.4011535],[76.9563864,28.401102]]]}},{"type":"Feature","properties":{"v":"Sikanderpur Badha","m":"0","k":"91","t":"Manesar","vc":"04135","area":8013.8,"lat":28.3978193,"lng":76.9615114},"geometry":{"type":"Polygon","coordinates":[[[76.9620942,28.3979999],[76.9620942,28.3980008],[76.9620966,28.3980317],[76.9618187,28.3981115],[76.9612596,28.3982723],[76.9608696,28.397785],[76.9608359,28.397743],[76.9610263,28.3975197],[76.9613684,28.3974989],[76.9620526,28.3974573],[76.9620942,28.3979999]]]}},{"type":"Feature","properties":{"v":"Sikanderpur Badha","m":"0","k":"92","t":"Manesar","vc":"04135","area":2054.5,"lat":28.397706,"lng":76.9622408},"geometry":{"type":"Polygon","coordinates":[[[76.9624745,28.3977249],[76.9623143,28.3979107],[76.9621898,28.398055],[76.9621003,28.3980805],[76.9620966,28.3980317],[76.9620942,28.3980008],[76.9620942,28.3979999],[76.9620526,28.3974573],[76.9624118,28.3974354],[76.9624745,28.3977249]]]}},{"type":"Feature","properties":{"v":"Sikanderpur Badha","m":"4","k":"20/1","t":"Manesar","vc":"04135","area":101.6,"lat":28.4044068,"lng":76.9554007},"geometry":{"type":"Polygon","coordinates":[[[76.9557092,28.4043956],[76.9550934,28.404433],[76.9550922,28.4044179],[76.9557081,28.4043805],[76.9557092,28.4043956]]]}},{"type":"Feature","properties":{"v":"Sikanderpur Badha","m":"4","k":"11/1","t":"Manesar","vc":"04135","area":406.5,"lat":28.4047068,"lng":76.9550799},"geometry":{"type":"Polygon","coordinates":[[[76.9550665,28.4049807],[76.9550249,28.4044372],[76.9550934,28.404433],[76.9551349,28.4049765],[76.9550665,28.4049807]]]}},{"type":"Feature","properties":{"v":"Sikanderpur Badha","m":"4","k":"22/1 /2","t":"Manesar","vc":"04135","area":169.3,"lat":28.4035777,"lng":76.9556896},"geometry":{"type":"Polygon","coordinates":[[[76.9556538,28.4036709],[76.9556399,28.4034897],[76.9557254,28.4034845],[76.9557393,28.4036657],[76.9556538,28.4036709]]]}},{"type":"Feature","properties":{"v":"Sikanderpur Badha","m":"4","k":"22/1 /3","t":"Manesar","vc":"04135","area":158.9,"lat":28.403402,"lng":76.9556752},"geometry":{"type":"Polygon","coordinates":[[[76.9557133,28.4033257],[76.9557254,28.4034845],[76.9556399,28.4034897],[76.955626,28.4033085],[76.9557133,28.4033257]]]}},{"type":"Feature","properties":{"v":"Sikanderpur Badha","m":"4","k":"21/2","t":"Manesar","vc":"04135","area":1354.8,"lat":28.4036011,"lng":76.9553047},"geometry":{"type":"Polygon","coordinates":[[[76.9549695,28.4037125],[76.9549556,28.4035313],[76.9556399,28.4034897],[76.9556538,28.4036709],[76.9549695,28.4037125]]]}},{"type":"Feature","properties":{"v":"Sikanderpur Badha","m":"4","k":"21/3","t":"Manesar","vc":"04135","area":1354.7,"lat":28.4034199,"lng":76.9552908},"geometry":{"type":"Polygon","coordinates":[[[76.955626,28.4033085],[76.9556399,28.4034897],[76.9549556,28.4035313],[76.9549418,28.4033501],[76.955626,28.4033085]]]}},{"type":"Feature","properties":{"v":"Sikanderpur Badha","m":"0","k":"95/2","t":"Manesar","vc":"04135","area":390.4,"lat":28.4033453,"lng":76.9561199},"geometry":{"type":"Polygon","coordinates":[[[76.9558548,28.4032946],[76.9564486,28.4033331],[76.9564551,28.4033628],[76.9559223,28.4033929],[76.9558548,28.4032946]]]}},{"type":"Feature","properties":{"v":"Sikanderpur Badha","m":"8","k":"26/2","t":"Manesar","vc":"04135","area":56.5,"lat":28.4024076,"lng":76.9585985},"geometry":{"type":"Polygon","coordinates":[[[76.958639,28.4023748],[76.9586436,28.4024352],[76.958558,28.4024404],[76.9585534,28.40238],[76.958639,28.4023748]]]}},{"type":"Feature","properties":{"v":"Sikanderpur Badha","m":"6","k":"22/1/1","t":"Manesar","vc":"04135","area":812.4,"lat":28.4010665,"lng":76.952086},"geometry":{"type":"Polygon","coordinates":[[[76.9520384,28.4013424],[76.9519968,28.4007989],[76.9521336,28.4007906],[76.9521752,28.4013341],[76.9520384,28.4013424]]]}},{"type":"Feature","properties":{"v":"Sikanderpur Badha","m":"12","k":"20 /1","t":"Manesar","vc":"04135","area":1223.3,"lat":28.3989201,"lng":76.9517435},"geometry":{"type":"Polygon","coordinates":[[[76.9518328,28.3986551],[76.9518721,28.3991684],[76.9516497,28.3991819],[76.951619,28.3986681],[76.9518328,28.3986551]]]}},{"type":"Feature","properties":{"v":"Sikanderpur Badha","m":"12","k":"10 /1","t":"Manesar","vc":"04135","area":1320.8,"lat":28.3999904,"lng":76.9518233},"geometry":{"type":"Polygon","coordinates":[[[76.9519137,28.3997119],[76.9519552,28.4002554],[76.9517328,28.4002689],[76.9516913,28.3997254],[76.9519137,28.3997119]]]}},{"type":"Feature","properties":{"v":"Sikanderpur Badha","m":"12","k":"11/2","t":"Manesar","vc":"04135","area":1320.8,"lat":28.3994469,"lng":76.9517817},"geometry":{"type":"Polygon","coordinates":[[[76.9518721,28.3991684],[76.9519137,28.3997119],[76.9516913,28.3997254],[76.9516497,28.3991819],[76.9518721,28.3991684]]]}},{"type":"Feature","properties":{"v":"Sikanderpur Badha","m":"12","k":"23/1","t":"Manesar","vc":"04135","area":359.1,"lat":28.3984967,"lng":76.9530389},"geometry":{"type":"Polygon","coordinates":[[[76.953199,28.3985417],[76.9529171,28.3985588],[76.9528508,28.3984567],[76.9531909,28.398436],[76.953199,28.3985417]]]}},{"type":"Feature","properties":{"v":"Sikanderpur Badha","m":"12","k":"24/1","t":"Manesar","vc":"04135","area":1016.2,"lat":28.398453,"lng":76.9535359},"geometry":{"type":"Polygon","coordinates":[[[76.953199,28.3985417],[76.9531909,28.398436],[76.9531886,28.3984058],[76.9538729,28.3983642],[76.9538833,28.3985001],[76.953199,28.3985417]]]}},{"type":"Feature","properties":{"v":"Sikanderpur Badha","m":"12","k":"25 /1","t":"Manesar","vc":"04135","area":1016.0,"lat":28.3984113,"lng":76.9542202},"geometry":{"type":"Polygon","coordinates":[[[76.9545675,28.3984585],[76.9538833,28.3985001],[76.9538729,28.3983642],[76.9545571,28.3983226],[76.9545675,28.3984585]]]}},{"type":"Feature","properties":{"v":"Sikanderpur Badha","m":"11","k":"20 /2","t":"Manesar","vc":"04135","area":1287.1,"lat":28.398784,"lng":76.9549533},"geometry":{"type":"Polygon","coordinates":[[[76.9552714,28.3986736],[76.9552853,28.3988548],[76.9546352,28.3988943],[76.9546214,28.3987131],[76.9552714,28.3986736]]]}},{"type":"Feature","properties":{"v":"Sikanderpur Badha","m":"11","k":"20 /3","t":"Manesar","vc":"04135","area":1823.4,"lat":28.398565,"lng":76.9549366},"geometry":{"type":"Polygon","coordinates":[[[76.9546017,28.3984564],[76.9552518,28.3984169],[76.9552714,28.3986736],[76.9546214,28.3987131],[76.9546017,28.3984564]]]}},{"type":"Feature","properties":{"v":"Sikanderpur Badha","m":"8","k":"19/1","t":"Manesar","vc":"04135","area":1320.8,"lat":28.4012344,"lng":76.9594583},"geometry":{"type":"Polygon","coordinates":[[[76.9596069,28.4014284],[76.9592134,28.4014523],[76.959514,28.400888],[76.9595653,28.4008848],[76.9596069,28.4014284]]]}},{"type":"Feature","properties":{"v":"Sikanderpur Badha","m":"8","k":"18/1","t":"Manesar","vc":"04135","area":89.7,"lat":28.4013355,"lng":76.9602528},"geometry":{"type":"Polygon","coordinates":[[[76.9602911,28.4013867],[76.9601885,28.401393],[76.9602789,28.4012267],[76.9602911,28.4013867]]]}},{"type":"Feature","properties":{"v":"Sikanderpur Badha","m":"8","k":"17/2/2","t":"Manesar","vc":"04135","area":454.9,"lat":28.4009693,"lng":76.9603306},"geometry":{"type":"Polygon","coordinates":[[[76.9602495,28.4008432],[76.9604377,28.4008318],[76.9604422,28.4008908],[76.9602789,28.4012267],[76.9602495,28.4008432]]]}},{"type":"Feature","properties":{"v":"Sikanderpur Badha","m":"8","k":"24/2/1","t":"Manesar","vc":"04135","area":743.6,"lat":28.4004321,"lng":76.9606076},"geometry":{"type":"Polygon","coordinates":[[[76.9604987,28.400282],[76.9607895,28.4002643],[76.9605346,28.40075],[76.9604987,28.400282]]]}},{"type":"Feature","properties":{"v":"Sikanderpur Badha","m":"8","k":"23/1/1","t":"Manesar","vc":"04135","area":743.7,"lat":28.4004914,"lng":76.9596326},"geometry":{"type":"Polygon","coordinates":[[[76.9595237,28.4003413],[76.9598145,28.4003236],[76.9595595,28.4008094],[76.9595237,28.4003413]]]}},{"type":"Feature","properties":{"v":"Sikanderpur Badha","m":"8","k":"22 /2","t":"Manesar","vc":"04135","area":21.1,"lat":28.4008607,"lng":76.9595463},"geometry":{"type":"Polygon","coordinates":[[[76.9595653,28.4008848],[76.959514,28.400888],[76.9595595,28.4008094],[76.9595653,28.4008848]]]}},{"type":"Feature","properties":{"v":"Sikanderpur Badha","m":"10","k":"1/1/2","t":"Manesar","vc":"04135","area":240.6,"lat":28.3999113,"lng":76.9586456},"geometry":{"type":"Polygon","coordinates":[[[76.9587978,28.3998394],[76.9585766,28.4000408],[76.9585623,28.3998538],[76.9587978,28.3998394]]]}},{"type":"Feature","properties":{"v":"Sikanderpur Badha","m":"10","k":"4/2","t":"Manesar","vc":"04135","area":84.7,"lat":28.4002098,"lng":76.9608541},"geometry":{"type":"Polygon","coordinates":[[[76.9608922,28.4002581],[76.9607895,28.4002643],[76.9608806,28.4001071],[76.9608922,28.4002581]]]}},{"type":"Feature","properties":{"v":"Sikanderpur Badha","m":"10","k":"5/1","t":"Manesar","vc":"04135","area":572.1,"lat":28.39984,"lng":76.9609495},"geometry":{"type":"Polygon","coordinates":[[[76.9608506,28.3997146],[76.9611174,28.3996983],[76.9608806,28.4001071],[76.9608506,28.3997146]]]}},{"type":"Feature","properties":{"v":"Sikanderpur Badha","m":"10","k":"5/3","t":"Manesar","vc":"04135","area":316.0,"lat":28.399749,"lng":76.961449},"geometry":{"type":"Polygon","coordinates":[[[76.9615348,28.399673],[76.961551,28.3998843],[76.9612611,28.3996896],[76.9615348,28.399673]]]}},{"type":"Feature","properties":{"v":"Sikanderpur Badha","m":"9","k":"1 /1","t":"Manesar","vc":"04135","area":307.4,"lat":28.400054,"lng":76.9616106},"geometry":{"type":"Polygon","coordinates":[[[76.9616534,28.3999486],[76.9616762,28.3999629],[76.9616488,28.4001808],[76.9616449,28.4002123],[76.9616148,28.4002141],[76.9615764,28.4002165],[76.961551,28.3998843],[76.9616534,28.3999486]]]}},{"type":"Feature","properties":{"v":"Sikanderpur Badha","m":"10","k":"9/1/2","t":"Manesar","vc":"04135","area":807.0,"lat":28.3996666,"lng":76.9588963},"geometry":{"type":"Polygon","coordinates":[[[76.9587978,28.3998394],[76.9587724,28.3995073],[76.9589948,28.3994938],[76.9590202,28.3998259],[76.9587978,28.3998394]]]}},{"type":"Feature","properties":{"v":"Sikanderpur Badha","m":"11","k":"25/2 /1","t":"Manesar","vc":"04135","area":256.0,"lat":28.3982442,"lng":76.9574906},"geometry":{"type":"Polygon","coordinates":[[[76.9573045,28.3982921],[76.9574337,28.3981745],[76.9577335,28.398266],[76.9573045,28.3982921]]]}},{"type":"Feature","properties":{"v":"Sikanderpur Badha","m":"11","k":"16 /2","t":"Manesar","vc":"04135","area":147.4,"lat":28.3982909,"lng":76.9579064},"geometry":{"type":"Polygon","coordinates":[[[76.9579888,28.3982505],[76.9579969,28.3983562],[76.9577335,28.398266],[76.9579888,28.3982505]]]}},{"type":"Feature","properties":{"v":"Sikanderpur Badha","m":"10","k":"21/1","t":"Manesar","vc":"04135","area":1066.4,"lat":28.3979776,"lng":76.9580582},"geometry":{"type":"Polygon","coordinates":[[[76.9579472,28.397707],[76.9581182,28.3976966],[76.9581769,28.3982391],[76.9579888,28.3982505],[76.9579472,28.397707]]]}},{"type":"Feature","properties":{"v":"Sikanderpur Badha","m":"10","k":"21/2/2","t":"Manesar","vc":"04135","area":134.9,"lat":28.3977048,"lng":76.9585548},"geometry":{"type":"Polygon","coordinates":[[[76.9586314,28.3976654],[76.9586394,28.3977692],[76.9583936,28.3976799],[76.9586314,28.3976654]]]}},{"type":"Feature","properties":{"v":"Sikanderpur Badha","m":"10","k":"23 /1","t":"Manesar","vc":"04135","area":296.3,"lat":28.3981097,"lng":76.9594732},"geometry":{"type":"Polygon","coordinates":[[[76.9593573,28.3981673],[76.9593457,28.3980163],[76.9597165,28.3981454],[76.9593573,28.3981673]]]}},{"type":"Feature","properties":{"v":"Sikanderpur Badha","m":"10","k":"23 /3","t":"Manesar","vc":"04135","area":338.5,"lat":28.3976256,"lng":76.9596595},"geometry":{"type":"Polygon","coordinates":[[[76.9593157,28.3976238],[76.9599999,28.3975822],[76.9600034,28.3976275],[76.9599863,28.3976285],[76.9593191,28.3976691],[76.9593157,28.3976238]]]}},{"type":"Feature","properties":{"v":"Sikanderpur Badha","m":"10","k":"23 /4","t":"Manesar","vc":"04135","area":93.1,"lat":28.3978771,"lng":76.9600139},"geometry":{"type":"Polygon","coordinates":[[[76.9600415,28.3981257],[76.9600244,28.3981267],[76.9599863,28.3976285],[76.9600034,28.3976275],[76.9600415,28.3981257]]]}},{"type":"Feature","properties":{"v":"Sikanderpur Badha","m":"10","k":"20 /2","t":"Manesar","vc":"04135","area":1862.2,"lat":28.398364,"lng":76.9584072},"geometry":{"type":"Polygon","coordinates":[[[76.958673,28.3982089],[76.9586869,28.3983901],[76.9587019,28.3985863],[76.9587031,28.3986014],[76.9579969,28.3983562],[76.9579888,28.3982505],[76.9581769,28.3982391],[76.958673,28.3982089]]]}},{"type":"Feature","properties":{"v":"Sikanderpur Badha","m":"10","k":"19/1 /2","t":"Manesar","vc":"04135","area":276.6,"lat":28.3986953,"lng":76.9588225},"geometry":{"type":"Polygon","coordinates":[[[76.9587146,28.3987524],[76.9587031,28.3986014],[76.9590499,28.398732],[76.9587146,28.3987524]]]}},{"type":"Feature","properties":{"v":"Sikanderpur Badha","m":"7","k":"25 /2/2","t":"Manesar","vc":"04135","area":695.2,"lat":28.4006951,"lng":76.9576617},"geometry":{"type":"Polygon","coordinates":[[[76.9574848,28.4006473],[76.9578787,28.4005627],[76.9578857,28.4006533],[76.9575339,28.4008623],[76.957498,28.4008202],[76.9574848,28.4006473]]]}},{"type":"Feature","properties":{"v":"Sikanderpur Badha","m":"7","k":"25 /2/3","t":"Manesar","vc":"04135","area":525.9,"lat":28.4005469,"lng":76.9576606},"geometry":{"type":"Polygon","coordinates":[[[76.9578718,28.4004721],[76.9578787,28.4005627],[76.9574848,28.4006473],[76.9574732,28.4004964],[76.9578718,28.4004721]]]}},{"type":"Feature","properties":{"v":"Sikanderpur Badha","m":"11","k":"5/2","t":"Manesar","vc":"04135","area":581.0,"lat":28.4000836,"lng":76.9575546},"geometry":{"type":"Polygon","coordinates":[[[76.9574374,28.4000283],[76.9576424,28.3998955],[76.9576557,28.4000689],[76.9576642,28.4001806],[76.9574536,28.4002397],[76.9574374,28.4000283]]]}},{"type":"Feature","properties":{"v":"Sikanderpur Badha","m":"11","k":"5/3","t":"Manesar","vc":"04135","area":1596.4,"lat":28.4002169,"lng":76.9578813},"geometry":{"type":"Polygon","coordinates":[[[76.9578602,28.4003211],[76.9578695,28.4004419],[76.9576851,28.4004531],[76.9576642,28.4001806],[76.9576557,28.4000689],[76.9581257,28.4000403],[76.9581459,28.4003038],[76.9578602,28.4003211]]]}},{"type":"Feature","properties":{"v":"Sikanderpur Badha","m":"11","k":"5/4","t":"Manesar","vc":"04135","area":1577.4,"lat":28.3998893,"lng":76.9579123},"geometry":{"type":"Polygon","coordinates":[[[76.9581136,28.3998811],[76.9581257,28.4000403],[76.9576557,28.4000689],[76.9576424,28.3998955],[76.958092,28.3995995],[76.9581136,28.3998811]]]}},{"type":"Feature","properties":{"v":"Sikanderpur Badha","m":"11","k":"4/2/2/2","t":"Manesar","vc":"04135","area":701.2,"lat":28.4002285,"lng":76.9572789},"geometry":{"type":"Polygon","coordinates":[[[76.9570463,28.4002998],[76.9574374,28.4000283],[76.9574536,28.4002397],[76.9571274,28.4003906],[76.9570463,28.4002998]]]}},{"type":"Feature","properties":{"v":"Sikanderpur Badha","m":"11","k":"4/1/2/2","t":"Manesar","vc":"04135","area":898.6,"lat":28.4000456,"lng":76.9571645},"geometry":{"type":"Polygon","coordinates":[[[76.9574293,28.3999227],[76.9575063,28.399918],[76.9574983,28.399923],[76.9574326,28.3999654],[76.957009,28.4002694],[76.9569845,28.3999497],[76.9574293,28.3999227]]]}},{"type":"Feature","properties":{"v":"Sikanderpur Badha","m":"11","k":"4/1/1","t":"Manesar","vc":"04135","area":197.4,"lat":28.4003226,"lng":76.9568789},"geometry":{"type":"Polygon","coordinates":[[[76.9567814,28.4004393],[76.9567743,28.4003462],[76.9569677,28.4002211],[76.957009,28.4002694],[76.9569681,28.4002987],[76.9569161,28.4003361],[76.9567814,28.4004393]]]}},{"type":"Feature","properties":{"v":"Sikanderpur Badha","m":"10","k":"8/1/1","t":"Manesar","vc":"04135","area":19.0,"lat":28.3997347,"lng":76.9601475},"geometry":{"type":"Polygon","coordinates":[[[76.9601663,28.3997562],[76.960115,28.3997593],[76.9601611,28.3996885],[76.9601663,28.3997562]]]}},{"type":"Feature","properties":{"v":"Sikanderpur Badha","m":"10","k":"7/1/2","t":"Manesar","vc":"04135","area":464.3,"lat":28.399447,"lng":76.9602228},"geometry":{"type":"Polygon","coordinates":[[[76.960134,28.3993335],[76.9603734,28.3993189],[76.9601611,28.3996885],[76.960134,28.3993335]]]}},{"type":"Feature","properties":{"v":"Sikanderpur Badha","m":"10","k":"7/2/1","t":"Manesar","vc":"04135","area":225.8,"lat":28.3992756,"lng":76.96022},"geometry":{"type":"Polygon","coordinates":[[[76.9601247,28.3992127],[76.9602273,28.3992064],[76.9603734,28.3993189],[76.960134,28.3993335],[76.9601247,28.3992127]]]}},{"type":"Feature","properties":{"v":"Sikanderpur Badha","m":"10","k":"13/1/1","t":"Manesar","vc":"04135","area":265.1,"lat":28.3991611,"lng":76.9599896},"geometry":{"type":"Polygon","coordinates":[[[76.9601247,28.3992127],[76.9599365,28.3992241],[76.9599023,28.3992262],[76.9598896,28.3990601],[76.9601207,28.3991606],[76.9601247,28.3992127]]]}},{"type":"Feature","properties":{"v":"Sikanderpur Badha","m":"10","k":"13/2/2","t":"Manesar","vc":"04135","area":1055.6,"lat":28.3988941,"lng":76.9599935},"geometry":{"type":"Polygon","coordinates":[[[76.9600831,28.3986692],[76.9601207,28.3991606],[76.9598896,28.3990601],[76.9598607,28.3986827],[76.9598949,28.3986806],[76.9600831,28.3986692]]]}},{"type":"Feature","properties":{"v":"Sikanderpur Badha","m":"10","k":"13","t":"Manesar","vc":"04135","area":1397.4,"lat":28.3988406,"lng":76.9596695},"geometry":{"type":"Polygon","coordinates":[[[76.959401,28.3987389],[76.9594413,28.3987082],[76.9598607,28.3986827],[76.9598896,28.3990601],[76.9594126,28.3988898],[76.959401,28.3987389]]]}},{"type":"Feature","properties":{"v":"Sikanderpur Badha","m":"10","k":"12/1 /2","t":"Manesar","vc":"04135","area":143.1,"lat":28.3987497,"lng":76.959215},"geometry":{"type":"Polygon","coordinates":[[[76.9593659,28.3987128],[76.9592292,28.3988044],[76.9590499,28.398732],[76.9593659,28.3987128]]]}},{"type":"Feature","properties":{"v":"Sikanderpur Badha","m":"10","k":"12/2/2","t":"Manesar","vc":"04135","area":118.1,"lat":28.3988196,"lng":76.9593592},"geometry":{"type":"Polygon","coordinates":[[[76.959401,28.3987389],[76.9594126,28.3988898],[76.9592641,28.3988302],[76.959401,28.3987389]]]}},{"type":"Feature","properties":{"v":"Sikanderpur Badha","m":"10","k":"18/2/1","t":"Manesar","vc":"04135","area":305.7,"lat":28.3981616,"lng":76.9600202},"geometry":{"type":"Polygon","coordinates":[[[76.9600415,28.3981257],[76.960257,28.3981126],[76.9600872,28.3982269],[76.9597165,28.3981454],[76.9600244,28.3981267],[76.9600415,28.3981257]]]}},{"type":"Feature","properties":{"v":"Sikanderpur Badha","m":"10","k":"18/1/1","t":"Manesar","vc":"04135","area":663.8,"lat":28.3985115,"lng":76.9599819},"geometry":{"type":"Polygon","coordinates":[[[76.9600831,28.3986692],[76.9598949,28.3986806],[76.9598745,28.3984132],[76.9600541,28.3982908],[76.9600831,28.3986692]]]}},{"type":"Feature","properties":{"v":"Sikanderpur Badha","m":"10","k":"17/1/1","t":"Manesar","vc":"04135","area":235.4,"lat":28.3985622,"lng":76.9605692},"geometry":{"type":"Polygon","coordinates":[[[76.9605621,28.39864],[76.9605551,28.3985495],[76.9604354,28.3985567],[76.9604271,28.398448],[76.9605614,28.3985189],[76.9607674,28.3986276],[76.9605621,28.39864]]]}},{"type":"Feature","properties":{"v":"Sikanderpur Badha","m":"10","k":"17/1/2","t":"Manesar","vc":"04135","area":2002.6,"lat":28.3982554,"lng":76.9605937},"geometry":{"type":"Polygon","coordinates":[[[76.9607257,28.398084],[76.9607674,28.3986276],[76.9605614,28.3985189],[76.9604271,28.398448],[76.9603983,28.3980721],[76.9607098,28.3978757],[76.9607257,28.398084]]]}},{"type":"Feature","properties":{"v":"Sikanderpur Badha","m":"10","k":"17/2/1","t":"Manesar","vc":"04135","area":875.4,"lat":28.3984784,"lng":76.9602348},"geometry":{"type":"Polygon","coordinates":[[[76.9603157,28.398564],[76.9603203,28.3986244],[76.960115,28.3986369],[76.9600868,28.3982685],[76.9603094,28.398386],[76.9604271,28.398448],[76.9604354,28.3985567],[76.9603157,28.398564]]]}},{"type":"Feature","properties":{"v":"Sikanderpur Badha","m":"10","k":"16 /1","t":"Manesar","vc":"04135","area":1395.0,"lat":28.3984754,"lng":76.9611268},"geometry":{"type":"Polygon","coordinates":[[[76.9613394,28.3984347],[76.9614003,28.3985891],[76.9613899,28.3985897],[76.9607674,28.3986276],[76.9611717,28.3982271],[76.9612543,28.3983293],[76.9612907,28.3983112],[76.9613394,28.3984347]]]}},{"type":"Feature","properties":{"v":"Sikanderpur Badha","m":"1","k":"","t":"Manesar","vc":"04135","area":225.8,"lat":28.4069487,"lng":76.9576233},"geometry":{"type":"Polygon","coordinates":[[[76.9579666,28.406943],[76.9577955,28.4069534],[76.9576245,28.4069638],[76.9574534,28.4069742],[76.9572823,28.4069846],[76.95728,28.4069544],[76.9579643,28.4069128],[76.9579666,28.406943]]]}},{"type":"Feature","properties":{"v":"Sikanderpur Badha","m":"0","k":"68","t":"Manesar","vc":"04135","area":854.5,"lat":28.4008416,"lng":76.9564225},"geometry":{"type":"Polygon","coordinates":[[[76.9559564,28.4012617],[76.9559084,28.4012186],[76.9569002,28.4004147],[76.9569419,28.4004627],[76.9565659,28.4007623],[76.9565395,28.4007816],[76.956302,28.4009787],[76.9560896,28.4011551],[76.9559564,28.4012617]]]}},{"type":"Feature","properties":{"v":"Sikanderpur Badha","m":"1","k":"14/1/24/2","t":"Manesar","vc":"04135","area":225.8,"lat":28.4074469,"lng":76.9576614},"geometry":{"type":"Polygon","coordinates":[[[76.957406,28.4074776],[76.9573204,28.4074828],[76.9573181,28.4074526],[76.9574037,28.4074474],[76.9574892,28.4074422],[76.9575747,28.407437],[76.9576603,28.4074318],[76.9577458,28.4074266],[76.9578314,28.4074214],[76.9579169,28.4074162],[76.9580024,28.407411],[76.9580047,28.4074412],[76.9579192,28.4074464],[76.9578337,28.4074516],[76.9577481,28.4074568],[76.9576626,28.407462],[76.9575771,28.4074672],[76.9574915,28.4074724],[76.957406,28.4074776]]]}},{"type":"Feature","properties":{"v":"Sikanderpur Badha","m":"1","k":"15/1/31/1","t":"Manesar","vc":"04135","area":338.7,"lat":28.4073978,"lng":76.9583452},"geometry":{"type":"Polygon","coordinates":[[[76.9580024,28.407411],[76.9580013,28.4073959],[76.9581724,28.4073855],[76.9583434,28.4073751],[76.9585145,28.4073647],[76.9586856,28.4073543],[76.9586891,28.4073996],[76.9586035,28.4074048],[76.958518,28.40741],[76.9584324,28.4074152],[76.9583469,28.4074204],[76.9582614,28.4074256],[76.9581758,28.4074308],[76.9580903,28.407436],[76.9580047,28.4074412],[76.9580024,28.407411]]]}},{"type":"Feature","properties":{"v":"Sikanderpur Badha","m":"1","k":"15/1/35","t":"Manesar","vc":"04135","area":84.7,"lat":28.407368,"lng":76.9580851},"geometry":{"type":"Polygon","coordinates":[[[76.9581689,28.4073402],[76.9581724,28.4073855],[76.9580013,28.4073959],[76.9579978,28.4073506],[76.9581689,28.4073402]]]}},{"type":"Feature","properties":{"v":"Sikanderpur Badha","m":"1","k":"15/1/34","t":"Manesar","vc":"04135","area":84.7,"lat":28.4073576,"lng":76.9582562},"geometry":{"type":"Polygon","coordinates":[[[76.9581689,28.4073402],[76.95834,28.4073298],[76.9583434,28.4073751],[76.9581724,28.4073855],[76.9581689,28.4073402]]]}},{"type":"Feature","properties":{"v":"Sikanderpur Badha","m":"1","k":"15/1/33","t":"Manesar","vc":"04135","area":84.7,"lat":28.4073473,"lng":76.9584272},"geometry":{"type":"Polygon","coordinates":[[[76.95834,28.4073298],[76.958511,28.4073194],[76.9585145,28.4073647],[76.9583434,28.4073751],[76.95834,28.4073298]]]}},{"type":"Feature","properties":{"v":"Sikanderpur Badha","m":"1","k":"15/1/32","t":"Manesar","vc":"04135","area":84.7,"lat":28.4073369,"lng":76.9585983},"geometry":{"type":"Polygon","coordinates":[[[76.9586856,28.4073543],[76.9585145,28.4073647],[76.958511,28.4073194],[76.9586821,28.407309],[76.9586856,28.4073543]]]}},{"type":"Feature","properties":{"v":"Sikanderpur Badha","m":"1","k":"15/1/31","t":"Manesar","vc":"04135","area":169.4,"lat":28.4074501,"lng":76.958607},"geometry":{"type":"Polygon","coordinates":[[[76.958518,28.40741],[76.9586035,28.4074048],[76.9586891,28.4073996],[76.958696,28.4074902],[76.9586104,28.4074954],[76.9585249,28.4075006],[76.958518,28.40741]]]}},{"type":"Feature","properties":{"v":"Sikanderpur Badha","m":"1","k":"15/1/30","t":"Manesar","vc":"04135","area":84.7,"lat":28.4074579,"lng":76.9584787},"geometry":{"type":"Polygon","coordinates":[[[76.9584324,28.4074152],[76.958518,28.40741],[76.9585249,28.4075006],[76.9584825,28.4075032],[76.9584394,28.4075058],[76.9584324,28.4074152]]]}},{"type":"Feature","properties":{"v":"Sikanderpur Badha","m":"1","k":"15/1/29","t":"Manesar","vc":"04135","area":84.7,"lat":28.4074631,"lng":76.9583931},"geometry":{"type":"Polygon","coordinates":[[[76.9583469,28.4074204],[76.9584324,28.4074152],[76.9584394,28.4075058],[76.9583538,28.407511],[76.9583469,28.4074204]]]}},{"type":"Feature","properties":{"v":"Sikanderpur Badha","m":"1","k":"15/1/28","t":"Manesar","vc":"04135","area":84.6,"lat":28.4074683,"lng":76.9583076},"geometry":{"type":"Polygon","coordinates":[[[76.9582614,28.4074256],[76.9583469,28.4074204],[76.9583538,28.407511],[76.9582683,28.4075162],[76.9582614,28.4074256]]]}},{"type":"Feature","properties":{"v":"Sikanderpur Badha","m":"1","k":"15/1/27","t":"Manesar","vc":"04135","area":84.7,"lat":28.4074735,"lng":76.9582221},"geometry":{"type":"Polygon","coordinates":[[[76.9581758,28.4074308],[76.9582614,28.4074256],[76.9582683,28.4075162],[76.9581828,28.4075214],[76.9581758,28.4074308]]]}},{"type":"Feature","properties":{"v":"Sikanderpur Badha","m":"1","k":"15/1/26","t":"Manesar","vc":"04135","area":84.7,"lat":28.4074787,"lng":76.9581365},"geometry":{"type":"Polygon","coordinates":[[[76.9580903,28.407436],[76.9581758,28.4074308],[76.9581828,28.4075214],[76.9580972,28.4075266],[76.9580903,28.407436]]]}},{"type":"Feature","properties":{"v":"Sikanderpur Badha","m":"1","k":"15/1/25","t":"Manesar","vc":"04135","area":84.7,"lat":28.4074839,"lng":76.958051},"geometry":{"type":"Polygon","coordinates":[[[76.9580903,28.407436],[76.9580972,28.4075266],[76.958063,28.4075287],[76.9580117,28.4075318],[76.9580047,28.4074412],[76.9580903,28.407436]]]}},{"type":"Feature","properties":{"v":"Sikanderpur Badha","m":"1","k":"14/1/24/1","t":"Manesar","vc":"04135","area":225.8,"lat":28.4073262,"lng":76.9576522},"geometry":{"type":"Polygon","coordinates":[[[76.9573967,28.4073569],[76.9573112,28.4073621],[76.9573089,28.4073319],[76.9573944,28.4073267],[76.95748,28.4073215],[76.9575655,28.4073163],[76.957651,28.4073111],[76.9577366,28.4073059],[76.9578221,28.4073007],[76.9579077,28.4072955],[76.9579932,28.4072903],[76.9579955,28.4073205],[76.95791,28.4073257],[76.9578244,28.4073309],[76.9577389,28.4073361],[76.9576534,28.4073413],[76.9575678,28.4073465],[76.9574823,28.4073517],[76.9573967,28.4073569]]]}},{"type":"Feature","properties":{"v":"Sikanderpur Badha","m":"1","k":"14/1/24","t":"Manesar","vc":"04135","area":84.7,"lat":28.4072476,"lng":76.957947},"geometry":{"type":"Polygon","coordinates":[[[76.9579007,28.4072049],[76.9579863,28.4071997],[76.9579932,28.4072903],[76.9579077,28.4072955],[76.9579007,28.4072049]]]}},{"type":"Feature","properties":{"v":"Sikanderpur Badha","m":"1","k":"14/1/23","t":"Manesar","vc":"04135","area":84.7,"lat":28.4072528,"lng":76.9578614},"geometry":{"type":"Polygon","coordinates":[[[76.9578152,28.4072101],[76.9579007,28.4072049],[76.9579077,28.4072955],[76.9578221,28.4073007],[76.9578152,28.4072101]]]}},{"type":"Feature","properties":{"v":"Sikanderpur Badha","m":"1","k":"14/1/22","t":"Manesar","vc":"04135","area":84.7,"lat":28.407258,"lng":76.9577759},"geometry":{"type":"Polygon","coordinates":[[[76.9577296,28.4072153],[76.9578152,28.4072101],[76.9578221,28.4073007],[76.9577366,28.4073059],[76.9577296,28.4072153]]]}},{"type":"Feature","properties":{"v":"Sikanderpur Badha","m":"1","k":"14/1/21","t":"Manesar","vc":"04135","area":84.7,"lat":28.4072632,"lng":76.9576903},"geometry":{"type":"Polygon","coordinates":[[[76.9576441,28.4072205],[76.9577296,28.4072153],[76.9577366,28.4073059],[76.957651,28.4073111],[76.9576441,28.4072205]]]}},{"type":"Feature","properties":{"v":"Sikanderpur Badha","m":"1","k":"14/1/20","t":"Manesar","vc":"04135","area":84.6,"lat":28.4072684,"lng":76.9576048},"geometry":{"type":"Polygon","coordinates":[[[76.9575586,28.4072257],[76.9576441,28.4072205],[76.957651,28.4073111],[76.9575655,28.4073163],[76.9575586,28.4072257]]]}},{"type":"Feature","properties":{"v":"Sikanderpur Badha","m":"1","k":"14/1/19","t":"Manesar","vc":"04135","area":84.7,"lat":28.4072736,"lng":76.9575193},"geometry":{"type":"Polygon","coordinates":[[[76.957473,28.4072309],[76.9575586,28.4072257],[76.9575655,28.4073163],[76.95748,28.4073215],[76.957473,28.4072309]]]}},{"type":"Feature","properties":{"v":"Sikanderpur Badha","m":"1","k":"14/1/18","t":"Manesar","vc":"04135","area":84.7,"lat":28.4072788,"lng":76.9574337},"geometry":{"type":"Polygon","coordinates":[[[76.9573875,28.4072361],[76.957473,28.4072309],[76.95748,28.4073215],[76.9573944,28.4073267],[76.9573875,28.4072361]]]}},{"type":"Feature","properties":{"v":"Sikanderpur Badha","m":"1","k":"14/1/17","t":"Manesar","vc":"04135","area":84.6,"lat":28.407284,"lng":76.9573482},"geometry":{"type":"Polygon","coordinates":[[[76.9573944,28.4073267],[76.9573089,28.4073319],[76.957302,28.4072413],[76.9573875,28.4072361],[76.9573944,28.4073267]]]}},{"type":"Feature","properties":{"v":"Sikanderpur Badha","m":"1","k":"14/1/16","t":"Manesar","vc":"04135","area":84.6,"lat":28.4074048,"lng":76.9573574},"geometry":{"type":"Polygon","coordinates":[[[76.9574037,28.4074474],[76.9573181,28.4074526],[76.9573112,28.4073621],[76.9573967,28.4073569],[76.9574037,28.4074474]]]}},{"type":"Feature","properties":{"v":"Sikanderpur Badha","m":"1","k":"14/1/15","t":"Manesar","vc":"04135","area":84.6,"lat":28.4073995,"lng":76.957443},"geometry":{"type":"Polygon","coordinates":[[[76.9573967,28.4073569],[76.9574823,28.4073517],[76.9574892,28.4074422],[76.9574037,28.4074474],[76.9573967,28.4073569]]]}},{"type":"Feature","properties":{"v":"Sikanderpur Badha","m":"1","k":"14/1/14","t":"Manesar","vc":"04135","area":84.5,"lat":28.4073943,"lng":76.9575285},"geometry":{"type":"Polygon","coordinates":[[[76.9574823,28.4073517],[76.9575678,28.4073465],[76.9575747,28.407437],[76.9574892,28.4074422],[76.9574823,28.4073517]]]}},{"type":"Feature","properties":{"v":"Sikanderpur Badha","m":"1","k":"14/1/13","t":"Manesar","vc":"04135","area":84.6,"lat":28.4073892,"lng":76.9576141},"geometry":{"type":"Polygon","coordinates":[[[76.9575678,28.4073465],[76.9576534,28.4073413],[76.9576603,28.4074318],[76.9575747,28.407437],[76.9575678,28.4073465]]]}},{"type":"Feature","properties":{"v":"Sikanderpur Badha","m":"1","k":"14/1/12","t":"Manesar","vc":"04135","area":84.5,"lat":28.4073839,"lng":76.9576996},"geometry":{"type":"Polygon","coordinates":[[[76.9576534,28.4073413],[76.9577389,28.4073361],[76.9577458,28.4074266],[76.9576603,28.4074318],[76.9576534,28.4073413]]]}},{"type":"Feature","properties":{"v":"Sikanderpur Badha","m":"1","k":"14/1/11","t":"Manesar","vc":"04135","area":84.6,"lat":28.4073788,"lng":76.9577851},"geometry":{"type":"Polygon","coordinates":[[[76.9577389,28.4073361],[76.9578244,28.4073309],[76.9578314,28.4074214],[76.9577458,28.4074266],[76.9577389,28.4073361]]]}},{"type":"Feature","properties":{"v":"Sikanderpur Badha","m":"1","k":"14/1/10","t":"Manesar","vc":"04135","area":84.6,"lat":28.4073735,"lng":76.9578707},"geometry":{"type":"Polygon","coordinates":[[[76.9578244,28.4073309],[76.95791,28.4073257],[76.9579169,28.4074162],[76.9578314,28.4074214],[76.9578244,28.4073309]]]}},{"type":"Feature","properties":{"v":"Sikanderpur Badha","m":"1","k":"14/1/9","t":"Manesar","vc":"04135","area":84.6,"lat":28.4073684,"lng":76.9579562},"geometry":{"type":"Polygon","coordinates":[[[76.95791,28.4073257],[76.9579955,28.4073205],[76.9579978,28.4073506],[76.9580013,28.4073959],[76.9580024,28.407411],[76.9579169,28.4074162],[76.95791,28.4073257]]]}},{"type":"Feature","properties":{"v":"Sikanderpur Badha","m":"1","k":"14/1/8","t":"Manesar","vc":"04135","area":84.7,"lat":28.4074891,"lng":76.9579654},"geometry":{"type":"Polygon","coordinates":[[[76.9579192,28.4074464],[76.9580047,28.4074412],[76.9580117,28.4075318],[76.9579261,28.407537],[76.9579192,28.4074464]]]}},{"type":"Feature","properties":{"v":"Sikanderpur Badha","m":"1","k":"14/1/7","t":"Manesar","vc":"04135","area":84.6,"lat":28.4074943,"lng":76.9578799},"geometry":{"type":"Polygon","coordinates":[[[76.9578337,28.4074516],[76.9579192,28.4074464],[76.9579261,28.407537],[76.9578406,28.4075422],[76.9578337,28.4074516]]]}},{"type":"Feature","properties":{"v":"Sikanderpur Badha","m":"1","k":"14/1/6","t":"Manesar","vc":"04135","area":84.7,"lat":28.4074995,"lng":76.9577944},"geometry":{"type":"Polygon","coordinates":[[[76.9577481,28.4074568],[76.9578337,28.4074516],[76.9578406,28.4075422],[76.9577551,28.4075474],[76.9577481,28.4074568]]]}},{"type":"Feature","properties":{"v":"Sikanderpur Badha","m":"1","k":"14/1/5","t":"Manesar","vc":"04135","area":84.7,"lat":28.4075047,"lng":76.9577088},"geometry":{"type":"Polygon","coordinates":[[[76.9576626,28.407462],[76.9577481,28.4074568],[76.9577551,28.4075474],[76.9576695,28.4075526],[76.9576626,28.407462]]]}},{"type":"Feature","properties":{"v":"Sikanderpur Badha","m":"1","k":"14/1/4","t":"Manesar","vc":"04135","area":84.6,"lat":28.4075099,"lng":76.9576233},"geometry":{"type":"Polygon","coordinates":[[[76.9575771,28.4074672],[76.9576626,28.407462],[76.9576695,28.4075526],[76.957584,28.4075578],[76.9575771,28.4074672]]]}},{"type":"Feature","properties":{"v":"Sikanderpur Badha","m":"1","k":"14/1/3","t":"Manesar","vc":"04135","area":84.7,"lat":28.4075151,"lng":76.9575378},"geometry":{"type":"Polygon","coordinates":[[[76.9574915,28.4074724],[76.9575771,28.4074672],[76.957584,28.4075578],[76.9574985,28.407563],[76.9574915,28.4074724]]]}},{"type":"Feature","properties":{"v":"Sikanderpur Badha","m":"1","k":"14/1/2","t":"Manesar","vc":"04135","area":84.7,"lat":28.4075203,"lng":76.9574522},"geometry":{"type":"Polygon","coordinates":[[[76.957406,28.4074776],[76.9574915,28.4074724],[76.9574985,28.407563],[76.9574129,28.4075682],[76.957406,28.4074776]]]}},{"type":"Feature","properties":{"v":"Sikanderpur Badha","m":"1","k":"14/1/1","t":"Manesar","vc":"04135","area":84.7,"lat":28.4075255,"lng":76.9573667},"geometry":{"type":"Polygon","coordinates":[[[76.9573274,28.4075734],[76.9573204,28.4074828],[76.957406,28.4074776],[76.9574129,28.4075682],[76.9573274,28.4075734]]]}},{"type":"Feature","properties":{"v":"Sikanderpur Badha","m":"1","k":"15/2","t":"Manesar","vc":"04135","area":2708.8,"lat":28.4071486,"lng":76.9583261},"geometry":{"type":"Polygon","coordinates":[[[76.9579701,28.4069883],[76.9586544,28.4069467],[76.9586821,28.407309],[76.958511,28.4073194],[76.95834,28.4073298],[76.9581689,28.4073402],[76.9579978,28.4073506],[76.9579955,28.4073205],[76.9579932,28.4072903],[76.9579863,28.4071997],[76.9579701,28.4069883]]]}},{"type":"Feature","properties":{"v":"Sikanderpur Badha","m":"1","k":"14/2","t":"Manesar","vc":"04135","area":1580.6,"lat":28.4071148,"lng":76.9576361},"geometry":{"type":"Polygon","coordinates":[[[76.9579701,28.4069883],[76.9579863,28.4071997],[76.9579007,28.4072049],[76.9578152,28.4072101],[76.9577296,28.4072153],[76.9576441,28.4072205],[76.9575586,28.4072257],[76.957473,28.4072309],[76.9573875,28.4072361],[76.957302,28.4072413],[76.9572858,28.4070299],[76.9574569,28.4070195],[76.9576279,28.4070091],[76.957799,28.4069987],[76.9579701,28.4069883]]]}},{"type":"Feature","properties":{"v":"Sikanderpur Badha","m":"1","k":"7","t":"Manesar","vc":"04135","area":2204.3,"lat":28.407771,"lng":76.9575603},"geometry":{"type":"Polygon","coordinates":[[[76.9573274,28.4075734],[76.9574129,28.4075682],[76.9574985,28.407563],[76.957584,28.4075578],[76.9576695,28.4075526],[76.9577551,28.4075474],[76.9578406,28.4075422],[76.9579261,28.407537],[76.9580117,28.4075318],[76.958063,28.4075287],[76.957771,28.4077282],[76.9576264,28.4078226],[76.9574902,28.4081654],[76.9573736,28.4081773],[76.9573274,28.4075734]]]}},{"type":"Feature","properties":{"v":"Sikanderpur Badha","m":"1","k":"17/1/28","t":"Manesar","vc":"04135","area":84.7,"lat":28.4069709,"lng":76.9578828},"geometry":{"type":"Polygon","coordinates":[[[76.957799,28.4069987],[76.9577955,28.4069534],[76.9579666,28.406943],[76.9579701,28.4069883],[76.957799,28.4069987]]]}},{"type":"Feature","properties":{"v":"Sikanderpur Badha","m":"1","k":"17/1/27","t":"Manesar","vc":"04135","area":84.7,"lat":28.4069813,"lng":76.9577117},"geometry":{"type":"Polygon","coordinates":[[[76.9577955,28.4069534],[76.957799,28.4069987],[76.9576279,28.4070091],[76.9576245,28.4069638],[76.9577955,28.4069534]]]}},{"type":"Feature","properties":{"v":"Sikanderpur Badha","m":"1","k":"17/1/26","t":"Manesar","vc":"04135","area":84.7,"lat":28.4069916,"lng":76.9575407},"geometry":{"type":"Polygon","coordinates":[[[76.9576279,28.4070091],[76.9574569,28.4070195],[76.9574534,28.4069742],[76.9576245,28.4069638],[76.9576279,28.4070091]]]}},{"type":"Feature","properties":{"v":"Sikanderpur Badha","m":"1","k":"17/1/25","t":"Manesar","vc":"04135","area":84.7,"lat":28.4070021,"lng":76.9573696},"geometry":{"type":"Polygon","coordinates":[[[76.9574534,28.4069742],[76.9574569,28.4070195],[76.9572858,28.4070299],[76.9572823,28.4069846],[76.9574534,28.4069742]]]}},{"type":"Feature","properties":{"v":"Sikanderpur Badha","m":"1","k":"8/1/6","t":"Manesar","vc":"04135","area":88.9,"lat":28.4080558,"lng":76.9570918},"geometry":{"type":"Polygon","coordinates":[[[76.9571225,28.4080409],[76.957126,28.4080862],[76.9571295,28.4081315],[76.9570953,28.4081336],[76.9570335,28.4080008],[76.9571191,28.4079956],[76.9571225,28.4080409]]]}},{"type":"Feature","properties":{"v":"Sikanderpur Badha","m":"1","k":"8/1/5","t":"Manesar","vc":"04135","area":84.7,"lat":28.4080131,"lng":76.9572063},"geometry":{"type":"Polygon","coordinates":[[[76.9572936,28.4080305],[76.9571225,28.4080409],[76.9571191,28.4079956],[76.9572901,28.4079852],[76.9572936,28.4080305]]]}},{"type":"Feature","properties":{"v":"Sikanderpur Badha","m":"1","k":"8/1/4","t":"Manesar","vc":"04135","area":84.7,"lat":28.4080583,"lng":76.9572098},"geometry":{"type":"Polygon","coordinates":[[[76.9572971,28.4080758],[76.957126,28.4080862],[76.9571225,28.4080409],[76.9572936,28.4080305],[76.9572971,28.4080758]]]}},{"type":"Feature","properties":{"v":"Sikanderpur Badha","m":"1","k":"8/1/3","t":"Manesar","vc":"04135","area":84.7,"lat":28.4081036,"lng":76.9572133},"geometry":{"type":"Polygon","coordinates":[[[76.9573005,28.4081211],[76.9571295,28.4081315],[76.957126,28.4080862],[76.9572971,28.4080758],[76.9573005,28.4081211]]]}},{"type":"Feature","properties":{"v":"Sikanderpur Badha","m":"1","k":"8/1/2","t":"Manesar","vc":"04135","area":65.4,"lat":28.408142,"lng":76.9572025},"geometry":{"type":"Polygon","coordinates":[[[76.9573029,28.4081513],[76.9571113,28.4081629],[76.9570953,28.4081336],[76.9571295,28.4081315],[76.9573005,28.4081211],[76.9573029,28.4081513]]]}},{"type":"Feature","properties":{"v":"Sikanderpur Badha","m":"1","k":"8/1/1","t":"Manesar","vc":"04135","area":89.8,"lat":28.408179,"lng":76.9572138},"geometry":{"type":"Polygon","coordinates":[[[76.9573063,28.4081966],[76.9571352,28.408207],[76.9571113,28.4081629],[76.9573029,28.4081513],[76.9573063,28.4081966]]]}},{"type":"Feature","properties":{"v":"Sikanderpur Badha","m":"2","k":"10/45","t":"Manesar","vc":"04135","area":78.4,"lat":28.4075268,"lng":76.9593464},"geometry":{"type":"Polygon","coordinates":[[[76.9593895,28.4075694],[76.9593109,28.4075748],[76.9593023,28.407485],[76.9593826,28.4074788],[76.9593895,28.4075694]]]}},{"type":"Feature","properties":{"v":"Sikanderpur Badha","m":"2","k":"10/44","t":"Manesar","vc":"04135","area":77.9,"lat":28.4075326,"lng":76.9592669},"geometry":{"type":"Polygon","coordinates":[[[76.959222,28.4074911],[76.9593023,28.407485],[76.9593109,28.4075748],[76.9592322,28.4075802],[76.959222,28.4074911]]]}},{"type":"Feature","properties":{"v":"Sikanderpur Badha","m":"2","k":"10/43","t":"Manesar","vc":"04135","area":77.3,"lat":28.4075384,"lng":76.9591874},"geometry":{"type":"Polygon","coordinates":[[[76.9591417,28.4074973],[76.959222,28.4074911],[76.9592322,28.4075802],[76.9591536,28.4075856],[76.9591417,28.4074973]]]}},{"type":"Feature","properties":{"v":"Sikanderpur Badha","m":"2","k":"10/42","t":"Manesar","vc":"04135","area":76.8,"lat":28.4075442,"lng":76.959108},"geometry":{"type":"Polygon","coordinates":[[[76.9590614,28.4075035],[76.9591417,28.4074973],[76.9591536,28.4075856],[76.959075,28.407591],[76.9590614,28.4075035]]]}},{"type":"Feature","properties":{"v":"Sikanderpur Badha","m":"2","k":"10/41","t":"Manesar","vc":"04135","area":108.8,"lat":28.4075513,"lng":76.9590115},"geometry":{"type":"Polygon","coordinates":[[[76.9590614,28.4075035],[76.959075,28.407591],[76.9589963,28.4075964],[76.9589621,28.4075987],[76.958947,28.4075123],[76.9589811,28.4075097],[76.9590614,28.4075035]]]}},{"type":"Feature","properties":{"v":"Sikanderpur Badha","m":"2","k":"10/40","t":"Manesar","vc":"04135","area":77.8,"lat":28.4075579,"lng":76.9589134},"geometry":{"type":"Polygon","coordinates":[[[76.9589621,28.4075987],[76.9588835,28.4076041],[76.9588615,28.4075189],[76.958947,28.4075123],[76.9589621,28.4075987]]]}},{"type":"Feature","properties":{"v":"Sikanderpur Badha","m":"2","k":"10/39","t":"Manesar","vc":"04135","area":77.1,"lat":28.4075639,"lng":76.9588314},"geometry":{"type":"Polygon","coordinates":[[[76.9588835,28.4076041],[76.9588048,28.4076095],[76.9587761,28.4075255],[76.9588615,28.4075189],[76.9588835,28.4076041]]]}},{"type":"Feature","properties":{"v":"Sikanderpur Badha","m":"2","k":"10/38","t":"Manesar","vc":"04135","area":76.5,"lat":28.4075699,"lng":76.9587493},"geometry":{"type":"Polygon","coordinates":[[[76.9588048,28.4076095],[76.9587262,28.4076149],[76.9586907,28.407532],[76.9587761,28.4075255],[76.9588048,28.4076095]]]}},{"type":"Feature","properties":{"v":"Sikanderpur Badha","m":"2","k":"10/54","t":"Manesar","vc":"04135","area":83.0,"lat":28.4077083,"lng":76.9587234},"geometry":{"type":"Polygon","coordinates":[[[76.958657,28.4076636],[76.9587336,28.4076577],[76.9587897,28.4077531],[76.9587132,28.407759],[76.958657,28.4076636]]]}},{"type":"Feature","properties":{"v":"Sikanderpur Badha","m":"2","k":"10/53","t":"Manesar","vc":"04135","area":83.0,"lat":28.4077024,"lng":76.9587999},"geometry":{"type":"Polygon","coordinates":[[[76.9587336,28.4076577],[76.9588101,28.4076517],[76.9588662,28.4077472],[76.9587897,28.4077531],[76.9587336,28.4076577]]]}},{"type":"Feature","properties":{"v":"Sikanderpur Badha","m":"2","k":"10/52","t":"Manesar","vc":"04135","area":83.2,"lat":28.4076965,"lng":76.9588764},"geometry":{"type":"Polygon","coordinates":[[[76.9588101,28.4076517],[76.9588866,28.4076457],[76.9589428,28.4077413],[76.9588662,28.4077472],[76.9588101,28.4076517]]]}},{"type":"Feature","properties":{"v":"Sikanderpur Badha","m":"2","k":"10/51","t":"Manesar","vc":"04135","area":83.1,"lat":28.4076905,"lng":76.9589529},"geometry":{"type":"Polygon","coordinates":[[[76.9588866,28.4076457],[76.9589631,28.4076398],[76.9590193,28.4077354],[76.9589428,28.4077413],[76.9588866,28.4076457]]]}},{"type":"Feature","properties":{"v":"Sikanderpur Badha","m":"15","k":"16/2/1","t":"Manesar","vc":"04135","area":63.5,"lat":28.3961015,"lng":76.9537514},"geometry":{"type":"Polygon","coordinates":[[[76.953702,28.3961298],[76.9536962,28.3960543],[76.9538559,28.3961204],[76.953702,28.3961298]]]}},{"type":"Feature","properties":{"v":"Sikanderpur Badha","m":"2","k":"10/50","t":"Manesar","vc":"04135","area":83.4,"lat":28.4076846,"lng":76.9590295},"geometry":{"type":"Polygon","coordinates":[[[76.9589631,28.4076398],[76.95904,28.4076338],[76.9590958,28.4077295],[76.9590193,28.4077354],[76.9589631,28.4076398]]]}},{"type":"Feature","properties":{"v":"Sikanderpur Badha","m":"2","k":"10/49","t":"Manesar","vc":"04135","area":83.1,"lat":28.4076787,"lng":76.9591061},"geometry":{"type":"Polygon","coordinates":[[[76.9591667,28.4077138],[76.9591724,28.4077236],[76.9591349,28.4077264],[76.9590958,28.4077295],[76.95904,28.4076338],[76.9591162,28.4076279],[76.9591667,28.4077138]]]}},{"type":"Feature","properties":{"v":"Sikanderpur Badha","m":"2","k":"10/48","t":"Manesar","vc":"04135","area":83.3,"lat":28.4076727,"lng":76.9591826},"geometry":{"type":"Polygon","coordinates":[[[76.9592316,28.4076881],[76.9592489,28.4077176],[76.9591724,28.4077236],[76.9591667,28.4077138],[76.9591162,28.4076279],[76.9591927,28.4076219],[76.9592316,28.4076881]]]}},{"type":"Feature","properties":{"v":"Sikanderpur Badha","m":"2","k":"10/47","t":"Manesar","vc":"04135","area":83.3,"lat":28.4076668,"lng":76.9592591},"geometry":{"type":"Polygon","coordinates":[[[76.9592965,28.4076624],[76.9593157,28.4076952],[76.9593254,28.4077117],[76.9592578,28.407717],[76.9592489,28.4077176],[76.9592316,28.4076881],[76.9591927,28.4076219],[76.9592692,28.4076159],[76.9592965,28.4076624]]]}},{"type":"Feature","properties":{"v":"Sikanderpur Badha","m":"2","k":"10/56","t":"Manesar","vc":"04135","area":361.4,"lat":28.4074961,"lng":76.95891},"geometry":{"type":"Polygon","coordinates":[[[76.9589697,28.4074736],[76.9593803,28.4074486],[76.9593826,28.4074788],[76.9593023,28.407485],[76.959222,28.4074911],[76.9591417,28.4074973],[76.9590614,28.4075035],[76.9589811,28.4075097],[76.958947,28.4075123],[76.9588615,28.4075189],[76.9587761,28.4075255],[76.9586907,28.407532],[76.9586002,28.407539],[76.9585078,28.4075461],[76.9584825,28.4075032],[76.9585249,28.4075006],[76.9586104,28.4074954],[76.958696,28.4074902],[76.9589697,28.4074736]]]}},{"type":"Feature","properties":{"v":"Sikanderpur Badha","m":"2","k":"10/57","t":"Manesar","vc":"04135","area":737.0,"lat":28.4077964,"lng":76.9589414},"geometry":{"type":"Polygon","coordinates":[[[76.9594012,28.4077211],[76.9592295,28.4077723],[76.9589362,28.4078599],[76.9588428,28.4078878],[76.958729,28.4079217],[76.9587126,28.4078938],[76.9587078,28.4078857],[76.9586366,28.4077649],[76.9587132,28.407759],[76.9587897,28.4077531],[76.9588662,28.4077472],[76.9589428,28.4077413],[76.9590193,28.4077354],[76.9590958,28.4077295],[76.9591349,28.4077264],[76.9591724,28.4077236],[76.9592489,28.4077176],[76.9592578,28.407717],[76.9593254,28.4077117],[76.9594,28.407706],[76.9594012,28.4077211]]]}},{"type":"Feature","properties":{"v":"Sikanderpur Badha","m":"2","k":"10/46","t":"Manesar","vc":"04135","area":107.7,"lat":28.407656,"lng":76.9593454},"geometry":{"type":"Polygon","coordinates":[[[76.9593937,28.4076239],[76.9593968,28.4076646],[76.9594,28.407706],[76.9593254,28.4077117],[76.9593157,28.4076952],[76.9592965,28.4076624],[76.9592692,28.4076159],[76.9593924,28.4076064],[76.9593937,28.4076239]]]}},{"type":"Feature","properties":{"v":"Sikanderpur Badha","m":"1","k":"6/37","t":"Manesar","vc":"04135","area":81.5,"lat":28.4075763,"lng":76.9586643},"geometry":{"type":"Polygon","coordinates":[[[76.9586002,28.407539],[76.9586907,28.407532],[76.9587262,28.4076149],[76.9586407,28.4076208],[76.9586002,28.407539]]]}},{"type":"Feature","properties":{"v":"Sikanderpur Badha","m":"1","k":"6/55","t":"Manesar","vc":"04135","area":83.0,"lat":28.4077143,"lng":76.9586468},"geometry":{"type":"Polygon","coordinates":[[[76.9586366,28.4077649],[76.9585805,28.4076696],[76.958657,28.4076636],[76.9587132,28.407759],[76.9586366,28.4077649]]]}},{"type":"Feature","properties":{"v":"Sikanderpur Badha","m":"1","k":"6/36","t":"Manesar","vc":"04135","area":81.6,"lat":28.4075826,"lng":76.9585757},"geometry":{"type":"Polygon","coordinates":[[[76.9585078,28.4075461],[76.9586002,28.407539],[76.9586407,28.4076208],[76.9585552,28.4076266],[76.9585078,28.4075461]]]}},{"type":"Feature","properties":{"v":"Sikanderpur Badha","m":"10","k":"","t":"Manesar","vc":"04135","area":213.1,"lat":28.3985285,"lng":76.9600895},"geometry":{"type":"Polygon","coordinates":[[[76.9600831,28.3986692],[76.9600541,28.3982908],[76.9600868,28.3982685],[76.960115,28.3986369],[76.9603203,28.3986244],[76.9603226,28.3986546],[76.9601173,28.3986671],[76.9600831,28.3986692]]]}},{"type":"Feature","properties":{"v":"Sikanderpur Badha","m":"0","k":"","t":"Manesar","vc":"04135","area":1711.1,"lat":28.3966238,"lng":76.9592219},"geometry":{"type":"Polygon","coordinates":[[[76.9593185,28.3980938],[76.9593097,28.3979793],[76.9592814,28.3976259],[76.9592757,28.3975504],[76.9592398,28.3970823],[76.9592329,28.3969918],[76.9592075,28.3966596],[76.9591982,28.3965388],[76.9591855,28.3963728],[76.9591711,28.3961843],[76.9591566,28.3959953],[76.959115,28.3954518],[76.9590734,28.3949083],[76.9590411,28.3944856],[76.9590753,28.3944835],[76.9591076,28.3949062],[76.9591492,28.3954497],[76.9591654,28.3956611],[76.9591908,28.3959932],[76.9592324,28.3965368],[76.959274,28.3970803],[76.9597188,28.3970532],[76.9597211,28.3970834],[76.9592764,28.3971105],[76.9593157,28.3976238],[76.9593191,28.3976691],[76.9593457,28.3980163],[76.9593573,28.3981673],[76.9593974,28.3986916],[76.9593659,28.3987128],[76.9593532,28.3985467],[76.9593382,28.3983505],[76.9593243,28.3981693],[76.9593185,28.3980938]]]}},{"type":"Feature","properties":{"v":"Sikanderpur Badha","m":"4","k":"23","t":"Manesar","vc":"04135","area":440.3,"lat":28.4038675,"lng":76.9565585},"geometry":{"type":"Polygon","coordinates":[[[76.9563396,28.4040954],[76.956289,28.4040248],[76.957047,28.4034824],[76.9563396,28.4040954]]]}},{"type":"Feature","properties":{"v":"Sikanderpur Badha","m":"10","k":"14","t":"Manesar","vc":"04135","area":3589.9,"lat":28.3989442,"lng":76.9604456},"geometry":{"type":"Polygon","coordinates":[[[76.9601247,28.3992127],[76.9601207,28.3991606],[76.9600831,28.3986692],[76.9601173,28.3986671],[76.9603226,28.3986546],[76.9603365,28.3988358],[76.9605759,28.3988212],[76.9605621,28.39864],[76.9607674,28.3986276],[76.960809,28.3991711],[76.9602273,28.3992064],[76.9601247,28.3992127]]]}},{"type":"Feature","properties":{"v":"Sikanderpur Badha","m":"10","k":"22/2/1","t":"Manesar","vc":"04135","area":1703.3,"lat":28.3979865,"lng":76.9589262},"geometry":{"type":"Polygon","coordinates":[[[76.9586672,28.3981334],[76.9586394,28.3977692],[76.9593097,28.3979793],[76.9593185,28.3980938],[76.9586672,28.3981334]]]}},{"type":"Feature","properties":{"v":"Sikanderpur Badha","m":"15","k":"26","t":"Manesar","vc":"04135","area":995.6,"lat":28.397089,"lng":76.9527683},"geometry":{"type":"Polygon","coordinates":[[[76.952869,28.3969236],[76.9528998,28.3969218],[76.9529241,28.3972388],[76.9526367,28.3972563],[76.9526125,28.3969392],[76.952869,28.3969236]]]}},{"type":"Feature","properties":{"v":"Sikanderpur Badha","m":"15","k":"25/2","t":"Manesar","vc":"04135","area":714.2,"lat":28.3954069,"lng":76.9537412},"geometry":{"type":"Polygon","coordinates":[[[76.9536338,28.395239],[76.953822,28.3952276],[76.9538463,28.3955446],[76.9538486,28.3955748],[76.9536604,28.3955863],[76.9536338,28.395239]]]}},{"type":"Feature","properties":{"v":"Sikanderpur Badha","m":"15","k":"25/1","t":"Manesar","vc":"04135","area":1467.5,"lat":28.3956636,"lng":76.95401},"geometry":{"type":"Polygon","coordinates":[[[76.9536754,28.3957825],[76.9536673,28.3956769],[76.9536604,28.3955863],[76.9538486,28.3955748],[76.9543446,28.3955447],[76.9543596,28.395741],[76.9536754,28.3957825]]]}},{"type":"Feature","properties":{"v":"Sikanderpur Badha","m":"15","k":"24/1","t":"Manesar","vc":"04135","area":789.9,"lat":28.3957505,"lng":76.9533292},"geometry":{"type":"Polygon","coordinates":[[[76.9529912,28.3958241],[76.9529831,28.3957184],[76.9536673,28.3956769],[76.9536754,28.3957825],[76.9529912,28.3958241]]]}},{"type":"Feature","properties":{"v":"Sikanderpur Badha","m":"15","k":"22/1","t":"Manesar","vc":"04135","area":813.0,"lat":28.3956314,"lng":76.9516704},"geometry":{"type":"Polygon","coordinates":[[[76.9516227,28.3959073],[76.9515811,28.3953638],[76.951718,28.3953555],[76.9517596,28.395899],[76.9516227,28.3959073]]]}},{"type":"Feature","properties":{"v":"Sikanderpur Badha","m":"15","k":"20/2/1","t":"Manesar","vc":"04135","area":355.7,"lat":28.3964095,"lng":76.9511107},"geometry":{"type":"Polygon","coordinates":[[[76.9510998,28.3964851],[76.95098,28.3964924],[76.9510812,28.3962613],[76.9512708,28.3964747],[76.9510998,28.3964851]]]}},{"type":"Feature","properties":{"v":"Sikanderpur Badha","m":"15","k":"19/2","t":"Manesar","vc":"04135","area":1152.9,"lat":28.3960614,"lng":76.9518091},"geometry":{"type":"Polygon","coordinates":[[[76.9516227,28.3959073],[76.9517596,28.395899],[76.9519477,28.3958875],[76.9519777,28.3962801],[76.9516423,28.396164],[76.9516227,28.3959073]]]}},{"type":"Feature","properties":{"v":"Sikanderpur Badha","m":"15","k":"16/1/1","t":"Manesar","vc":"04135","area":844.0,"lat":28.3962344,"lng":76.953932},"geometry":{"type":"Polygon","coordinates":[[[76.953702,28.3961298],[76.9538559,28.3961204],[76.9543499,28.3962876],[76.953717,28.3963261],[76.953702,28.3961298]]]}},{"type":"Feature","properties":{"v":"Sikanderpur Badha","m":"15","k":"12/1","t":"Manesar","vc":"04135","area":2034.1,"lat":28.396659,"lng":76.951813},"geometry":{"type":"Polygon","coordinates":[[[76.9516643,28.3964508],[76.9519893,28.3964311],[76.9520308,28.3969746],[76.9518858,28.3969834],[76.9516856,28.3967294],[76.9514248,28.3964654],[76.9516643,28.3964508]]]}},{"type":"Feature","properties":{"v":"Sikanderpur Badha","m":"15","k":"11/1","t":"Manesar","vc":"04135","area":711.2,"lat":28.3967605,"lng":76.9510607},"geometry":{"type":"Polygon","coordinates":[[[76.9510998,28.3964851],[76.9511413,28.3970286],[76.9510216,28.3970359],[76.95098,28.3964924],[76.9510998,28.3964851]]]}},{"type":"Feature","properties":{"v":"Sikanderpur Badha","m":"15","k":"25/3","t":"Manesar","vc":"04135","area":1718.6,"lat":28.395371,"lng":76.9540822},"geometry":{"type":"Polygon","coordinates":[[[76.9543181,28.3951974],[76.9543423,28.3955145],[76.9538463,28.3955446],[76.953822,28.3952276],[76.9543181,28.3951974]]]}},{"type":"Feature","properties":{"v":"Sikanderpur Badha","m":"15","k":"24/2","t":"Manesar","vc":"04135","area":3273.6,"lat":28.3954787,"lng":76.9533085},"geometry":{"type":"Polygon","coordinates":[[[76.9536604,28.3955863],[76.9536673,28.3956769],[76.9529831,28.3957184],[76.9529496,28.3952806],[76.9536338,28.395239],[76.9536604,28.3955863]]]}},{"type":"Feature","properties":{"v":"Sikanderpur Badha","m":"15","k":"23","t":"Manesar","vc":"04135","area":2935.1,"lat":28.3955047,"lng":76.9526671},"geometry":{"type":"Polygon","coordinates":[[[76.9529831,28.3957184],[76.9529912,28.3958241],[76.9522838,28.3955638],[76.9522654,28.3953222],[76.9529496,28.3952806],[76.9529831,28.3957184]]]}},{"type":"Feature","properties":{"v":"Sikanderpur Badha","m":"15","k":"22/2","t":"Manesar","vc":"04135","area":3250.4,"lat":28.3956106,"lng":76.9520125},"geometry":{"type":"Polygon","coordinates":[[[76.9523069,28.3958657],[76.9519477,28.3958875],[76.9517596,28.395899],[76.951718,28.3953555],[76.9518377,28.3953482],[76.952197,28.3953264],[76.9522654,28.3953222],[76.9522838,28.3955638],[76.9523069,28.3958657]]]}},{"type":"Feature","properties":{"v":"Sikanderpur Badha","m":"15","k":"21","t":"Manesar","vc":"04135","area":4063.5,"lat":28.3956563,"lng":76.9512598},"geometry":{"type":"Polygon","coordinates":[[[76.9516227,28.3959073],[76.9509385,28.3959489],[76.9508969,28.3954054],[76.9515811,28.3953638],[76.9516227,28.3959073]]]}},{"type":"Feature","properties":{"v":"Sikanderpur Badha","m":"15","k":"20/1/1","t":"Manesar","vc":"04135","area":1691.9,"lat":28.3962461,"lng":76.951414},"geometry":{"type":"Polygon","coordinates":[[[76.9516643,28.3964508],[76.9514248,28.3964654],[76.9511188,28.3961756],[76.9511921,28.3960081],[76.9516423,28.396164],[76.9516643,28.3964508]]]}},{"type":"Feature","properties":{"v":"Sikanderpur Badha","m":"15","k":"19/1","t":"Manesar","vc":"04135","area":1837.3,"lat":28.3961121,"lng":76.952155},"geometry":{"type":"Polygon","coordinates":[[[76.9523069,28.3958657],[76.9523485,28.3964092],[76.9519777,28.3962801],[76.9519477,28.3958875],[76.9523069,28.3958657]]]}},{"type":"Feature","properties":{"v":"Sikanderpur Badha","m":"15","k":"18","t":"Manesar","vc":"04135","area":4063.7,"lat":28.3961166,"lng":76.9526698},"geometry":{"type":"Polygon","coordinates":[[[76.9523485,28.3964092],[76.9523069,28.3958657],[76.9529912,28.3958241],[76.9530327,28.3963676],[76.9523485,28.3964092]]]}},{"type":"Feature","properties":{"v":"Sikanderpur Badha","m":"15","k":"17/2","t":"Manesar","vc":"04135","area":3048.1,"lat":28.3961378,"lng":76.9533207},"geometry":{"type":"Polygon","coordinates":[[[76.9530327,28.3963676],[76.9529912,28.3958241],[76.9536962,28.3960543],[76.953702,28.3961298],[76.953717,28.3963261],[76.9530327,28.3963676]]]}},{"type":"Feature","properties":{"v":"Sikanderpur Badha","m":"15","k":"16/2/2","t":"Manesar","vc":"04135","area":2532.6,"lat":28.3959312,"lng":76.9540378},"geometry":{"type":"Polygon","coordinates":[[[76.9536754,28.3957825],[76.9543596,28.395741],[76.9543862,28.3960882],[76.9538559,28.3961204],[76.9536962,28.3960543],[76.9536754,28.3957825]]]}},{"type":"Feature","properties":{"v":"Sikanderpur Badha","m":"15","k":"15","t":"Manesar","vc":"04135","area":3838.0,"lat":28.396562,"lng":76.9540787},"geometry":{"type":"Polygon","coordinates":[[[76.9544012,28.3962845],[76.9544405,28.3967978],[76.9537562,28.3968394],[76.953717,28.3963261],[76.9543499,28.3962876],[76.9544012,28.3962845]]]}},{"type":"Feature","properties":{"v":"Sikanderpur Badha","m":"15","k":"14/2","t":"Manesar","vc":"04135","area":3160.7,"lat":28.3965626,"lng":76.9534257},"geometry":{"type":"Polygon","coordinates":[[[76.9530327,28.3963676],[76.953717,28.3963261],[76.9537562,28.3968394],[76.9536194,28.3968477],[76.9530547,28.3966545],[76.9530327,28.3963676]]]}},{"type":"Feature","properties":{"v":"Sikanderpur Badha","m":"15","k":"13/2","t":"Manesar","vc":"04135","area":1072.5,"lat":28.3964771,"lng":76.952812},"geometry":{"type":"Polygon","coordinates":[[[76.9530327,28.3963676],[76.9530547,28.3966545],[76.9523485,28.3964092],[76.9530327,28.3963676]]]}},{"type":"Feature","properties":{"v":"Sikanderpur Badha","m":"15","k":"12/2","t":"Manesar","vc":"04135","area":2133.6,"lat":28.3966919,"lng":76.9521897},"geometry":{"type":"Polygon","coordinates":[[[76.9523901,28.3969527],[76.9520308,28.3969746],[76.9519893,28.3964311],[76.9523485,28.3964092],[76.9523901,28.3969527]]]}},{"type":"Feature","properties":{"v":"Sikanderpur Badha","m":"15","k":"11/2","t":"Manesar","vc":"04135","area":2184.1,"lat":28.3967931,"lng":76.9513257},"geometry":{"type":"Polygon","coordinates":[[[76.9510998,28.3964851],[76.9512708,28.3964747],[76.9517058,28.3969943],[76.9511413,28.3970286],[76.9510998,28.3964851]]]}},{"type":"Feature","properties":{"v":"Sikanderpur Badha","m":"15","k":"10","t":"Manesar","vc":"04135","area":4927.0,"lat":28.397298,"lng":76.9514627},"geometry":{"type":"Polygon","coordinates":[[[76.9517474,28.3975378],[76.9510632,28.3975794],[76.9510551,28.3974737],[76.9510216,28.3970359],[76.9511413,28.3970286],[76.9517058,28.3969943],[76.9520382,28.3975202],[76.9517474,28.3975378]]]}},{"type":"Feature","properties":{"v":"Sikanderpur Badha","m":"15","k":"9","t":"Manesar","vc":"04135","area":2056.2,"lat":28.3971944,"lng":76.9522226},"geometry":{"type":"Polygon","coordinates":[[[76.9524316,28.3974963],[76.9522435,28.3975077],[76.9518858,28.3969834],[76.9520308,28.3969746],[76.9523901,28.3969527],[76.9524316,28.3974963]]]}},{"type":"Feature","properties":{"v":"Sikanderpur Badha","m":"15","k":"8","t":"Manesar","vc":"04135","area":3068.5,"lat":28.3972409,"lng":76.9525238},"geometry":{"type":"Polygon","coordinates":[[[76.9524316,28.3974963],[76.9523901,28.3969527],[76.9526125,28.3969392],[76.9526367,28.3972563],[76.9529241,28.3972388],[76.9528998,28.3969218],[76.9530743,28.3969112],[76.9531159,28.3974547],[76.9524316,28.3974963]]]}},{"type":"Feature","properties":{"v":"Sikanderpur Badha","m":"15","k":"7","t":"Manesar","vc":"04135","area":4063.7,"lat":28.3971621,"lng":76.9534372},"geometry":{"type":"Polygon","coordinates":[[[76.9531159,28.3974547],[76.9530743,28.3969112],[76.9537586,28.3968696],[76.9537609,28.3968998],[76.9538001,28.3974131],[76.9531159,28.3974547]]]}},{"type":"Feature","properties":{"v":"Sikanderpur Badha","m":"15","k":"6/1","t":"Manesar","vc":"04135","area":2765.6,"lat":28.3972008,"lng":76.9540832},"geometry":{"type":"Polygon","coordinates":[[[76.9538001,28.3974131],[76.9537609,28.3968998],[76.954467,28.397145],[76.9544844,28.3973715],[76.9538001,28.3974131]]]}},{"type":"Feature","properties":{"v":"Sikanderpur Badha","m":"15","k":"5","t":"Manesar","vc":"04135","area":4063.7,"lat":28.397664,"lng":76.954163},"geometry":{"type":"Polygon","coordinates":[[[76.9538417,28.3979566],[76.9538001,28.3974131],[76.9544844,28.3973715],[76.9545259,28.397915],[76.9538417,28.3979566]]]}},{"type":"Feature","properties":{"v":"Sikanderpur Badha","m":"15","k":"4","t":"Manesar","vc":"04135","area":4063.4,"lat":28.3977056,"lng":76.9534788},"geometry":{"type":"Polygon","coordinates":[[[76.9538417,28.3979566],[76.9531575,28.3979982],[76.9531159,28.3974547],[76.9538001,28.3974131],[76.9538417,28.3979566]]]}},{"type":"Feature","properties":{"v":"Sikanderpur Badha","m":"15","k":"3","t":"Manesar","vc":"04135","area":4266.7,"lat":28.3977292,"lng":76.9527705},"geometry":{"type":"Polygon","coordinates":[[[76.9531575,28.3979982],[76.952593,28.3980325],[76.9522435,28.3975077],[76.9524316,28.3974963],[76.9531159,28.3974547],[76.9531575,28.3979982]]]}},{"type":"Feature","properties":{"v":"Sikanderpur Badha","m":"15","k":"2","t":"Manesar","vc":"04135","area":2743.1,"lat":28.3978285,"lng":76.9520122},"geometry":{"type":"Polygon","coordinates":[[[76.951789,28.3980814],[76.9517474,28.3975378],[76.9520382,28.3975202],[76.952189,28.3977256],[76.9524219,28.3980429],[76.951789,28.3980814]]]}},{"type":"Feature","properties":{"v":"Sikanderpur Badha","m":"15","k":"1","t":"Manesar","vc":"04135","area":4064.0,"lat":28.3978304,"lng":76.9514261},"geometry":{"type":"Polygon","coordinates":[[[76.951789,28.3980814],[76.9511047,28.3981229],[76.9510632,28.3975794],[76.9517474,28.3975378],[76.951789,28.3980814]]]}},{"type":"Feature","properties":{"v":"Sikanderpur Badha","m":"16","k":"26/1","t":"Manesar","vc":"04135","area":1016.0,"lat":28.3966722,"lng":76.9557519},"geometry":{"type":"Polygon","coordinates":[[[76.9556573,28.3967542],[76.955655,28.396724],[76.9556319,28.396422],[76.9558418,28.3964699],[76.9558603,28.3967115],[76.9558626,28.3967417],[76.9558672,28.3968021],[76.9558741,28.3968926],[76.9558228,28.3968958],[76.9556689,28.3969051],[76.9556573,28.3967542]]]}},{"type":"Feature","properties":{"v":"Sikanderpur Badha","m":"16","k":"25/1","t":"Manesar","vc":"04135","area":112.9,"lat":28.3955463,"lng":76.9574381},"geometry":{"type":"Polygon","coordinates":[[[76.9570966,28.3955746],[76.9570954,28.3955595],[76.9577796,28.3955179],[76.9577808,28.395533],[76.9570966,28.3955746]]]}},{"type":"Feature","properties":{"v":"Sikanderpur Badha","m":"16","k":"24/1","t":"Manesar","vc":"04135","area":1467.7,"lat":28.3954973,"lng":76.9567469},"geometry":{"type":"Polygon","coordinates":[[[76.9570954,28.3955595],[76.9570966,28.3955746],[76.9564123,28.3956162],[76.9563973,28.3954199],[76.9570815,28.3953783],[76.9570954,28.3955595]]]}},{"type":"Feature","properties":{"v":"Sikanderpur Badha","m":"16","k":"17/2","t":"Manesar","vc":"04135","area":2032.0,"lat":28.3957835,"lng":76.9566543},"geometry":{"type":"Polygon","coordinates":[[[76.9564123,28.3956162],[76.9570966,28.3955746],[76.9564539,28.3961597],[76.9564123,28.3956162]]]}},{"type":"Feature","properties":{"v":"Sikanderpur Badha","m":"16","k":"14/1","t":"Manesar","vc":"04135","area":101.5,"lat":28.3966788,"lng":76.9566481},"geometry":{"type":"Polygon","coordinates":[[[76.9564955,28.3967032],[76.9564932,28.396673],[76.9568002,28.3966543],[76.9568034,28.3966845],[76.9564955,28.3967032]]]}},{"type":"Feature","properties":{"v":"Sikanderpur Badha","m":"16","k":"14/2","t":"Manesar","vc":"04135","area":1676.5,"lat":28.3964096,"lng":76.9566232},"geometry":{"type":"Polygon","coordinates":[[[76.9567447,28.396142],[76.9568002,28.3966543],[76.9564932,28.396673],[76.9564701,28.396371],[76.9564539,28.3961597],[76.9567447,28.396142]]]}},{"type":"Feature","properties":{"v":"Sikanderpur Badha","m":"16","k":"13/1","t":"Manesar","vc":"04135","area":208.9,"lat":28.3967073,"lng":76.9561779},"geometry":{"type":"Polygon","coordinates":[[[76.9564955,28.3967032],[76.9558626,28.3967417],[76.9558603,28.3967115],[76.9564419,28.3966761],[76.9564932,28.396673],[76.9564955,28.3967032]]]}},{"type":"Feature","properties":{"v":"Sikanderpur Badha","m":"16","k":"10/1","t":"Manesar","vc":"04135","area":558.9,"lat":28.3972954,"lng":76.9546945},"geometry":{"type":"Polygon","coordinates":[[[76.9545059,28.3972033],[76.9545914,28.3971981],[76.9550489,28.3973372],[76.9545186,28.3973694],[76.9545059,28.3972033]]]}},{"type":"Feature","properties":{"v":"Sikanderpur Badha","m":"16","k":"6/2","t":"Manesar","vc":"04135","area":2144.4,"lat":28.3967842,"lng":76.9575328},"geometry":{"type":"Polygon","coordinates":[[[76.9571797,28.3966616],[76.957864,28.39662],[76.9578859,28.3969068],[76.9572017,28.3969484],[76.9571797,28.3966616]]]}},{"type":"Feature","properties":{"v":"Sikanderpur Badha","m":"16","k":"5/1","t":"Manesar","vc":"04135","area":1580.6,"lat":28.3976221,"lng":76.957597},"geometry":{"type":"Polygon","coordinates":[[[76.9572629,28.3977486],[76.9572468,28.3975372],[76.957931,28.3974956],[76.9579472,28.397707],[76.9572629,28.3977486]]]}},{"type":"Feature","properties":{"v":"Sikanderpur Badha","m":"16","k":"13/2","t":"Manesar","vc":"04135","area":1919.0,"lat":28.3965428,"lng":76.9561395},"geometry":{"type":"Polygon","coordinates":[[[76.9558603,28.3967115],[76.9558418,28.3964699],[76.9558372,28.3964095],[76.9564188,28.3963742],[76.9564419,28.3966761],[76.9558603,28.3967115]]]}},{"type":"Feature","properties":{"v":"Sikanderpur Badha","m":"16","k":"25/2","t":"Manesar","vc":"04135","area":3951.1,"lat":28.3952745,"lng":76.9574173},"geometry":{"type":"Polygon","coordinates":[[[76.9570815,28.3953783],[76.957055,28.3950311],[76.9577392,28.3949894],[76.9577565,28.3952159],[76.9577796,28.3955179],[76.9570954,28.3955595],[76.9570815,28.3953783]]]}},{"type":"Feature","properties":{"v":"Sikanderpur Badha","m":"16","k":"24/2","t":"Manesar","vc":"04135","area":2596.0,"lat":28.3952255,"lng":76.9567261},"geometry":{"type":"Polygon","coordinates":[[[76.957055,28.3950311],[76.9570815,28.3953783],[76.9563973,28.3954199],[76.9563707,28.3950727],[76.957055,28.3950311]]]}},{"type":"Feature","properties":{"v":"Sikanderpur Badha","m":"16","k":"23","t":"Manesar","vc":"04135","area":4063.5,"lat":28.3953653,"lng":76.9560494},"geometry":{"type":"Polygon","coordinates":[[[76.9557281,28.3956578],[76.9556865,28.3951143],[76.9563707,28.3950727],[76.9563973,28.3954199],[76.9564123,28.3956162],[76.9557281,28.3956578]]]}},{"type":"Feature","properties":{"v":"Sikanderpur Badha","m":"16","k":"22","t":"Manesar","vc":"04135","area":4063.9,"lat":28.3954068,"lng":76.9553652},"geometry":{"type":"Polygon","coordinates":[[[76.9550439,28.3956994],[76.9550023,28.3951558],[76.9555326,28.3951236],[76.9556865,28.3951143],[76.9557281,28.3956578],[76.9550439,28.3956994]]]}},{"type":"Feature","properties":{"v":"Sikanderpur Badha","m":"16","k":"21","t":"Manesar","vc":"04135","area":3860.7,"lat":28.3954474,"lng":76.9546981},"geometry":{"type":"Polygon","coordinates":[[[76.9550439,28.3956994],[76.9543939,28.3957389],[76.9543523,28.3951954],[76.9550023,28.3951558],[76.9550439,28.3956994]]]}},{"type":"Feature","properties":{"v":"Sikanderpur Badha","m":"16","k":"20","t":"Manesar","vc":"04135","area":3860.6,"lat":28.3959909,"lng":76.9547397},"geometry":{"type":"Polygon","coordinates":[[[76.9550439,28.3956994],[76.9550855,28.3962429],[76.9544354,28.3962824],[76.9543939,28.3957389],[76.9550439,28.3956994]]]}},{"type":"Feature","properties":{"v":"Sikanderpur Badha","m":"16","k":"19","t":"Manesar","vc":"04135","area":4063.5,"lat":28.3959504,"lng":76.9554068},"geometry":{"type":"Polygon","coordinates":[[[76.9557281,28.3956578],[76.9557697,28.3962013],[76.9550855,28.3962429],[76.9550439,28.3956994],[76.9557281,28.3956578]]]}},{"type":"Feature","properties":{"v":"Sikanderpur Badha","m":"16","k":"18","t":"Manesar","vc":"04135","area":4063.5,"lat":28.3959088,"lng":76.956091},"geometry":{"type":"Polygon","coordinates":[[[76.9564539,28.3961597],[76.9557697,28.3962013],[76.9557281,28.3956578],[76.9564123,28.3956162],[76.9564539,28.3961597]]]}},{"type":"Feature","properties":{"v":"Sikanderpur Badha","m":"16","k":"17/1","t":"Manesar","vc":"04135","area":2031.9,"lat":28.3959508,"lng":76.9568962},"geometry":{"type":"Polygon","coordinates":[[[76.9571382,28.3961181],[76.9567447,28.396142],[76.9564539,28.3961597],[76.9570966,28.3955746],[76.9571382,28.3961181]]]}},{"type":"Feature","properties":{"v":"Sikanderpur Badha","m":"16","k":"16","t":"Manesar","vc":"04135","area":4063.4,"lat":28.3958256,"lng":76.9574595},"geometry":{"type":"Polygon","coordinates":[[[76.9571382,28.3961181],[76.9570966,28.3955746],[76.9577808,28.395533],[76.9577831,28.3955632],[76.9578224,28.3960765],[76.9571382,28.3961181]]]}},{"type":"Feature","properties":{"v":"Sikanderpur Badha","m":"16","k":"15","t":"Manesar","vc":"04135","area":4063.8,"lat":28.3963691,"lng":76.9575011},"geometry":{"type":"Polygon","coordinates":[[[76.9571382,28.3961181],[76.9578224,28.3960765],[76.9578513,28.3964539],[76.957864,28.39662],[76.9571797,28.3966616],[76.9571382,28.3961181]]]}},{"type":"Feature","properties":{"v":"Sikanderpur Badha","m":"16","k":"14/3","t":"Manesar","vc":"04135","area":2285.8,"lat":28.3963995,"lng":76.9569663},"geometry":{"type":"Polygon","coordinates":[[[76.9571382,28.3961181],[76.9571797,28.3966616],[76.9568034,28.3966845],[76.9568002,28.3966543],[76.9567447,28.396142],[76.9571382,28.3961181]]]}},{"type":"Feature","properties":{"v":"Sikanderpur Badha","m":"16","k":"12/2/2","t":"Manesar","vc":"04135","area":862.2,"lat":28.3965503,"lng":76.9554876},"geometry":{"type":"Polygon","coordinates":[[[76.9556319,28.396422],[76.955655,28.396724],[76.955302,28.3966021],[76.9552898,28.3964428],[76.9556319,28.396422]]]}},{"type":"Feature","properties":{"v":"Sikanderpur Badha","m":"16","k":"11/1","t":"Manesar","vc":"04135","area":2493.5,"lat":28.3965954,"lng":76.9547473},"geometry":{"type":"Polygon","coordinates":[[[76.9551247,28.3967562],[76.9544747,28.3967957],[76.9544383,28.3963201],[76.9551074,28.3965297],[76.9551247,28.3967562]]]}},{"type":"Feature","properties":{"v":"Sikanderpur Badha","m":"16","k":"10/2","t":"Manesar","vc":"04135","area":2659.5,"lat":28.3969933,"lng":76.9548187},"geometry":{"type":"Polygon","coordinates":[[[76.955127,28.3967864],[76.9551559,28.3971638],[76.9545914,28.3971981],[76.9545024,28.3971581],[76.954477,28.3968259],[76.955127,28.3967864]]]}},{"type":"Feature","properties":{"v":"Sikanderpur Badha","m":"16","k":"9","t":"Manesar","vc":"04135","area":3809.7,"lat":28.3970515,"lng":76.9554733},"geometry":{"type":"Polygon","coordinates":[[[76.9551559,28.3971638],[76.955127,28.3967864],[76.9556573,28.3967542],[76.9556689,28.3969051],[76.9558228,28.3968958],[76.9558529,28.3972883],[76.9551686,28.3973299],[76.9551559,28.3971638]]]}},{"type":"Feature","properties":{"v":"Sikanderpur Badha","m":"16","k":"8/2","t":"Manesar","vc":"04135","area":1357.3,"lat":28.3968318,"lng":76.9562608},"geometry":{"type":"Polygon","coordinates":[[[76.9564955,28.3967032],[76.9565209,28.3970353],[76.9558672,28.3968021],[76.9558626,28.3967417],[76.9564955,28.3967032]]]}},{"type":"Feature","properties":{"v":"Sikanderpur Badha","m":"16","k":"7","t":"Manesar","vc":"04135","area":3470.8,"lat":28.396918,"lng":76.956885},"geometry":{"type":"Polygon","coordinates":[[[76.9572017,28.3969484],[76.9572213,28.3972051],[76.9570503,28.3972155],[76.9565209,28.3970353],[76.9564955,28.3967032],[76.9568034,28.3966845],[76.9571797,28.3966616],[76.9572017,28.3969484]]]}},{"type":"Feature","properties":{"v":"Sikanderpur Badha","m":"16","k":"6/1","t":"Manesar","vc":"04135","area":1919.4,"lat":28.397056,"lng":76.9575536},"geometry":{"type":"Polygon","coordinates":[[[76.9572213,28.3972051],[76.9572017,28.3969484],[76.9578859,28.3969068],[76.9579033,28.3971333],[76.9579056,28.3971635],[76.9572213,28.3972051]]]}},{"type":"Feature","properties":{"v":"Sikanderpur Badha","m":"16","k":"5/2","t":"Manesar","vc":"04135","area":2483.1,"lat":28.3973503,"lng":76.9575762},"geometry":{"type":"Polygon","coordinates":[[[76.9572213,28.3972051],[76.9579056,28.3971635],[76.9579241,28.3974051],[76.957931,28.3974956],[76.9572468,28.3975372],[76.9572271,28.3972806],[76.9572213,28.3972051]]]}},{"type":"Feature","properties":{"v":"Sikanderpur Badha","m":"16","k":"4","t":"Manesar","vc":"04135","area":3993.0,"lat":28.3975023,"lng":76.9568953},"geometry":{"type":"Polygon","coordinates":[[[76.9572629,28.3977486],[76.9565787,28.3977902],[76.9565718,28.3976996],[76.9565371,28.3972467],[76.9570503,28.3972155],[76.9572271,28.3972806],[76.9572468,28.3975372],[76.9572629,28.3977486]]]}},{"type":"Feature","properties":{"v":"Sikanderpur Badha","m":"16","k":"3/2","t":"Manesar","vc":"04135","area":3329.8,"lat":28.3974901,"lng":76.956214},"geometry":{"type":"Polygon","coordinates":[[[76.9565371,28.3972467],[76.9565718,28.3976996],[76.9558864,28.3977261],[76.9558783,28.3976205],[76.9558529,28.3972883],[76.9565371,28.3972467]]]}},{"type":"Feature","properties":{"v":"Sikanderpur Badha","m":"16","k":"2/1","t":"Manesar","vc":"04135","area":2652.4,"lat":28.3976684,"lng":76.9554919},"geometry":{"type":"Polygon","coordinates":[[[76.9552102,28.3978734],[76.9551721,28.3973752],[76.9558783,28.3976205],[76.9558864,28.3977261],[76.9558944,28.3978318],[76.9552102,28.3978734]]]}},{"type":"Feature","properties":{"v":"Sikanderpur Badha","m":"16","k":"1","t":"Manesar","vc":"04135","area":3830.6,"lat":28.3976235,"lng":76.9548624},"geometry":{"type":"Polygon","coordinates":[[[76.9545602,28.3979129],[76.9545186,28.3973694],[76.9550489,28.3973372],[76.9551721,28.3973752],[76.9552102,28.3978734],[76.9545602,28.3979129]]]}},{"type":"Feature","properties":{"v":"Sikanderpur Badha","m":"17","k":"26","t":"Manesar","vc":"04135","area":1168.5,"lat":28.3972175,"lng":76.959886},"geometry":{"type":"Polygon","coordinates":[[[76.9599583,28.3970386],[76.9600267,28.3970345],[76.9600533,28.3973817],[76.9599849,28.3973859],[76.9597454,28.3974005],[76.9597211,28.3970834],[76.9597188,28.3970532],[76.9599583,28.3970386]]]}},{"type":"Feature","properties":{"v":"Sikanderpur Badha","m":"17","k":"11/1","t":"Manesar","vc":"04135","area":1241.8,"lat":28.3965162,"lng":76.9581998},"geometry":{"type":"Polygon","coordinates":[[[76.9585482,28.3965784],[76.957864,28.39662],[76.9578513,28.3964539],[76.9585355,28.3964123],[76.9585482,28.3965784]]]}},{"type":"Feature","properties":{"v":"Sikanderpur Badha","m":"17","k":"10/1","t":"Manesar","vc":"04135","area":225.8,"lat":28.3971276,"lng":76.9582465},"geometry":{"type":"Polygon","coordinates":[[[76.9585898,28.3971219],[76.9579056,28.3971635],[76.9579033,28.3971333],[76.9585875,28.3970917],[76.9585898,28.3971219]]]}},{"type":"Feature","properties":{"v":"Sikanderpur Badha","m":"17","k":"9/1","t":"Manesar","vc":"04135","area":643.1,"lat":28.3970568,"lng":76.9589113},"geometry":{"type":"Polygon","coordinates":[[[76.9585875,28.3970917],[76.9585829,28.3970313],[76.9592329,28.3969918],[76.9592398,28.3970823],[76.9585898,28.3971219],[76.9585875,28.3970917]]]}},{"type":"Feature","properties":{"v":"Sikanderpur Badha","m":"17","k":"6/2","t":"Manesar","vc":"04135","area":2031.9,"lat":28.3965686,"lng":76.9609534},"geometry":{"type":"Polygon","coordinates":[[[76.9606009,28.3964535],[76.9612851,28.3964119],[76.961306,28.3966836],[76.9606217,28.3967253],[76.9606009,28.3964535]]]}},{"type":"Feature","properties":{"v":"Sikanderpur Badha","m":"17","k":"2/1","t":"Manesar","vc":"04135","area":536.3,"lat":28.3976079,"lng":76.9589535},"geometry":{"type":"Polygon","coordinates":[[[76.9592757,28.3975504],[76.9592814,28.3976259],[76.9586314,28.3976654],[76.9586256,28.3975899],[76.9592757,28.3975504]]]}},{"type":"Feature","properties":{"v":"Sikanderpur Badha","m":"17","k":"1/2","t":"Manesar","vc":"04135","area":1805.9,"lat":28.3972635,"lng":76.9582569},"geometry":{"type":"Polygon","coordinates":[[[76.9585898,28.3971219],[76.9586083,28.3973634],[76.9579241,28.3974051],[76.9579056,28.3971635],[76.9585898,28.3971219]]]}},{"type":"Feature","properties":{"v":"Sikanderpur Badha","m":"17","k":"13","t":"Manesar","vc":"04135","area":4064.3,"lat":28.3962442,"lng":76.9595537},"geometry":{"type":"Polygon","coordinates":[[[76.9599167,28.3964951],[76.9592324,28.3965368],[76.9591908,28.3959932],[76.9597211,28.395961],[76.9598751,28.3959516],[76.9599167,28.3964951]]]}},{"type":"Feature","properties":{"v":"Sikanderpur Badha","m":"17","k":"25","t":"Manesar","vc":"04135","area":3922.9,"lat":28.3950821,"lng":76.9608289},"geometry":{"type":"Polygon","coordinates":[[[76.9611747,28.3949698],[76.9611751,28.3949741],[76.9612019,28.3953249],[76.9605177,28.3953665],[76.9604934,28.3950494],[76.9604761,28.394823],[76.9610171,28.3947901],[76.9610235,28.3947897],[76.9611747,28.3949698]]]}},{"type":"Feature","properties":{"v":"Sikanderpur Badha","m":"17","k":"24/2","t":"Manesar","vc":"04135","area":2034.7,"lat":28.3952118,"lng":76.9602028},"geometry":{"type":"Polygon","coordinates":[[[76.9605177,28.3953665],[76.9601243,28.3953904],[76.9598173,28.3951968],[76.9598092,28.3950911],[76.9604934,28.3950494],[76.9605177,28.3953665]]]}},{"type":"Feature","properties":{"v":"Sikanderpur Badha","m":"17","k":"23","t":"Manesar","vc":"04135","area":4064.0,"lat":28.3951572,"lng":76.9594705},"geometry":{"type":"Polygon","coordinates":[[[76.9591492,28.3954497],[76.9591076,28.3949062],[76.9597919,28.3948646],[76.9598092,28.3950911],[76.9598173,28.3951968],[76.9598335,28.3954081],[76.9591492,28.3954497]]]}},{"type":"Feature","properties":{"v":"Sikanderpur Badha","m":"17","k":"22","t":"Manesar","vc":"04135","area":3860.3,"lat":28.3951998,"lng":76.9587692},"geometry":{"type":"Polygon","coordinates":[[[76.9584234,28.3949478],[76.9590734,28.3949083],[76.959115,28.3954518],[76.958465,28.3954913],[76.9584402,28.3951668],[76.9584234,28.3949478]]]}},{"type":"Feature","properties":{"v":"Sikanderpur Badha","m":"17","k":"21/1","t":"Manesar","vc":"04135","area":2398.7,"lat":28.3953517,"lng":76.9581119},"geometry":{"type":"Polygon","coordinates":[[[76.9577808,28.395533],[76.9577796,28.3955179],[76.9577565,28.3952159],[76.9584402,28.3951668],[76.958465,28.3954913],[76.9577808,28.395533]]]}},{"type":"Feature","properties":{"v":"Sikanderpur Badha","m":"17","k":"20/1","t":"Manesar","vc":"04135","area":3838.1,"lat":28.395799,"lng":76.9581449},"geometry":{"type":"Polygon","coordinates":[[[76.9578224,28.3960765],[76.9577831,28.3955632],[76.9584673,28.3955215],[76.9585066,28.3960349],[76.9578224,28.3960765]]]}},{"type":"Feature","properties":{"v":"Sikanderpur Badha","m":"17","k":"19","t":"Manesar","vc":"04135","area":3860.8,"lat":28.3957433,"lng":76.9588108},"geometry":{"type":"Polygon","coordinates":[[[76.958465,28.3954913],[76.959115,28.3954518],[76.9591566,28.3959953],[76.9585066,28.3960349],[76.9584673,28.3955215],[76.958465,28.3954913]]]}},{"type":"Feature","properties":{"v":"Sikanderpur Badha","m":"17","k":"18","t":"Manesar","vc":"04135","area":3101.9,"lat":28.3956476,"lng":76.9595596},"geometry":{"type":"Polygon","coordinates":[[[76.9598751,28.3959516],[76.9597211,28.395961],[76.9591654,28.3956611],[76.9591492,28.3954497],[76.9598335,28.3954081],[76.9598751,28.3959516]]]}},{"type":"Feature","properties":{"v":"Sikanderpur Badha","m":"17","k":"17/1","t":"Manesar","vc":"04135","area":3609.2,"lat":28.395686,"lng":76.9601718},"geometry":{"type":"Polygon","coordinates":[[[76.9598751,28.3959516],[76.9598335,28.3954081],[76.9601243,28.3953904],[76.9605339,28.3955779],[76.9605593,28.39591],[76.9598751,28.3959516]]]}},{"type":"Feature","properties":{"v":"Sikanderpur Badha","m":"17","k":"16/1","t":"Manesar","vc":"04135","area":3020.3,"lat":28.3955587,"lng":76.9609283},"geometry":{"type":"Polygon","coordinates":[[[76.9605177,28.3953665],[76.9612019,28.3953249],[76.9612435,28.3958684],[76.9611341,28.395875],[76.9605339,28.3955779],[76.9605177,28.3953665]]]}},{"type":"Feature","properties":{"v":"Sikanderpur Badha","m":"17","k":"15","t":"Manesar","vc":"04135","area":4063.7,"lat":28.3961609,"lng":76.9609222},"geometry":{"type":"Polygon","coordinates":[[[76.9606009,28.3964535],[76.9605593,28.39591],[76.9611341,28.395875],[76.9612435,28.3958684],[76.9612678,28.3961854],[76.9612851,28.3964119],[76.9606009,28.3964535]]]}},{"type":"Feature","properties":{"v":"Sikanderpur Badha","m":"17","k":"14","t":"Manesar","vc":"04135","area":4063.4,"lat":28.3962026,"lng":76.960238},"geometry":{"type":"Polygon","coordinates":[[[76.9599167,28.3964951],[76.9598751,28.3959516],[76.9605593,28.39591],[76.9606009,28.3964535],[76.9599167,28.3964951]]]}},{"type":"Feature","properties":{"v":"Sikanderpur Badha","m":"17","k":"12/2","t":"Manesar","vc":"04135","area":1340.7,"lat":28.3962982,"lng":76.9588531},"geometry":{"type":"Polygon","coordinates":[[[76.9585355,28.3964123],[76.958521,28.3962233],[76.9591711,28.3961843],[76.9591855,28.3963728],[76.9585355,28.3964123]]]}},{"type":"Feature","properties":{"v":"Sikanderpur Badha","m":"17","k":"11/2","t":"Manesar","vc":"04135","area":2821.6,"lat":28.3962444,"lng":76.9581789},"geometry":{"type":"Polygon","coordinates":[[[76.9585066,28.3960349],[76.958521,28.3962233],[76.9585355,28.3964123],[76.9578513,28.3964539],[76.9578224,28.3960765],[76.9585066,28.3960349]]]}},{"type":"Feature","properties":{"v":"Sikanderpur Badha","m":"17","k":"10/2","t":"Manesar","vc":"04135","area":3838.0,"lat":28.3968558,"lng":76.9582258},"geometry":{"type":"Polygon","coordinates":[[[76.9585482,28.3965784],[76.9585575,28.3966992],[76.9585829,28.3970313],[76.9585875,28.3970917],[76.9579033,28.3971333],[76.9578859,28.3969068],[76.957864,28.39662],[76.9585482,28.3965784]]]}},{"type":"Feature","properties":{"v":"Sikanderpur Badha","m":"17","k":"9/2/1","t":"Manesar","vc":"04135","area":2359.2,"lat":28.3968455,"lng":76.9588952},"geometry":{"type":"Polygon","coordinates":[[[76.9592329,28.3969918],[76.9585829,28.3970313],[76.9585575,28.3966992],[76.9592075,28.3966596],[76.9592329,28.3969918]]]}},{"type":"Feature","properties":{"v":"Sikanderpur Badha","m":"17","k":"8","t":"Manesar","vc":"04135","area":4064.1,"lat":28.3967877,"lng":76.9595954},"geometry":{"type":"Polygon","coordinates":[[[76.959274,28.3970803],[76.9592324,28.3965368],[76.9599167,28.3964951],[76.9599583,28.3970386],[76.9597188,28.3970532],[76.959274,28.3970803]]]}},{"type":"Feature","properties":{"v":"Sikanderpur Badha","m":"17","k":"7","t":"Manesar","vc":"04135","area":4063.6,"lat":28.3967461,"lng":76.9602796},"geometry":{"type":"Polygon","coordinates":[[[76.9606217,28.3967253],[76.9606425,28.396997],[76.9600267,28.3970345],[76.9599583,28.3970386],[76.9599167,28.3964951],[76.9606009,28.3964535],[76.9606217,28.3967253]]]}},{"type":"Feature","properties":{"v":"Sikanderpur Badha","m":"17","k":"6/1","t":"Manesar","vc":"04135","area":2032.0,"lat":28.3968403,"lng":76.9609743},"geometry":{"type":"Polygon","coordinates":[[[76.9606425,28.396997],[76.9606217,28.3967253],[76.961306,28.3966836],[76.9613268,28.3969554],[76.9606425,28.396997]]]}},{"type":"Feature","properties":{"v":"Sikanderpur Badha","m":"17","k":"5","t":"Manesar","vc":"04135","area":3161.0,"lat":28.3972203,"lng":76.9609379},"geometry":{"type":"Polygon","coordinates":[[[76.9606841,28.3975405],[76.9606425,28.396997],[76.9613268,28.3969554],[76.9613314,28.3970158],[76.9610263,28.3975197],[76.9606841,28.3975405]]]}},{"type":"Feature","properties":{"v":"Sikanderpur Badha","m":"17","k":"4","t":"Manesar","vc":"04135","area":3804.0,"lat":28.397295,"lng":76.9603427},"geometry":{"type":"Polygon","coordinates":[[[76.9599999,28.3975822],[76.9599849,28.3973859],[76.9600533,28.3973817],[76.9600267,28.3970345],[76.9606425,28.396997],[76.9606841,28.3975405],[76.9599999,28.3975822]]]}},{"type":"Feature","properties":{"v":"Sikanderpur Badha","m":"17","k":"3","t":"Manesar","vc":"04135","area":3008.2,"lat":28.3973771,"lng":76.9595789},"geometry":{"type":"Polygon","coordinates":[[[76.9593157,28.3976238],[76.9592764,28.3971105],[76.9597211,28.3970834],[76.9597454,28.3974005],[76.9599849,28.3973859],[76.9599999,28.3975822],[76.9593157,28.3976238]]]}},{"type":"Feature","properties":{"v":"Sikanderpur Badha","m":"17","k":"2/2","t":"Manesar","vc":"04135","area":3324.6,"lat":28.3973361,"lng":76.9589327},"geometry":{"type":"Polygon","coordinates":[[[76.9585898,28.3971219],[76.9592398,28.3970823],[76.9592757,28.3975504],[76.9586256,28.3975899],[76.9586083,28.3973634],[76.9585898,28.3971219]]]}},{"type":"Feature","properties":{"v":"Sikanderpur Badha","m":"17","k":"1/1","t":"Manesar","vc":"04135","area":2257.6,"lat":28.3975352,"lng":76.9582778},"geometry":{"type":"Polygon","coordinates":[[[76.9581182,28.3976966],[76.9579472,28.397707],[76.957931,28.3974956],[76.9579241,28.3974051],[76.9586083,28.3973634],[76.9586256,28.3975899],[76.9586314,28.3976654],[76.9583936,28.3976799],[76.9581182,28.3976966]]]}},{"type":"Feature","properties":{"v":"Sikanderpur Badha","m":"18","k":"21","t":"Manesar","vc":"04135","area":623.9,"lat":28.3951977,"lng":76.9612979},"geometry":{"type":"Polygon","coordinates":[[[76.9614557,28.3952333],[76.9614856,28.3952931],[76.9614927,28.3953072],[76.9614591,28.3953092],[76.9612019,28.3953249],[76.9611751,28.3949741],[76.9611747,28.3949698],[76.9614557,28.3952333]]]}},{"type":"Feature","properties":{"v":"Sikanderpur Badha","m":"18","k":"11/1","t":"Manesar","vc":"04135","area":1777.5,"lat":28.3962847,"lng":76.9616537},"geometry":{"type":"Polygon","coordinates":[[[76.9620891,28.396363],[76.962047,28.3963655],[76.9619694,28.3963703],[76.9612851,28.3964119],[76.9612678,28.3961854],[76.9619616,28.3961717],[76.9620102,28.3961707],[76.9620891,28.396363]]]}},{"type":"Feature","properties":{"v":"Sikanderpur Badha","m":"18","k":"2/1","t":"Manesar","vc":"04135","area":468.0,"lat":28.3969982,"lng":76.9621667},"geometry":{"type":"Polygon","coordinates":[[[76.9623164,28.3969362],[76.9623402,28.3970012],[76.9622993,28.3970174],[76.9620272,28.3971251],[76.9620161,28.396981],[76.9622086,28.3969018],[76.9622535,28.396899],[76.9623018,28.3968961],[76.9623164,28.3969362]]]}},{"type":"Feature","properties":{"v":"Sikanderpur Badha","m":"18","k":"20","t":"Manesar","vc":"04135","area":2590.9,"lat":28.3956131,"lng":76.9614512},"geometry":{"type":"Polygon","coordinates":[[[76.9617881,28.3957744],[76.9618251,28.395833],[76.9617894,28.3958352],[76.9612435,28.3958684],[76.9612019,28.3953249],[76.9614591,28.3953092],[76.9614927,28.3953072],[76.9617881,28.3957744]]]}},{"type":"Feature","properties":{"v":"Sikanderpur Badha","m":"18","k":"11/2","t":"Manesar","vc":"04135","area":2385.6,"lat":28.3960205,"lng":76.9615931},"geometry":{"type":"Polygon","coordinates":[[[76.9620102,28.3961707],[76.9619616,28.3961717],[76.9612678,28.3961854],[76.9612435,28.3958684],[76.9617894,28.3958352],[76.9618251,28.395833],[76.9620102,28.3961707]]]}},{"type":"Feature","properties":{"v":"Sikanderpur Badha","m":"18","k":"10","t":"Manesar","vc":"04135","area":4063.6,"lat":28.3966628,"lng":76.9616481},"geometry":{"type":"Polygon","coordinates":[[[76.962011,28.3969138],[76.9613268,28.3969554],[76.961306,28.3966836],[76.9612851,28.3964119],[76.9619694,28.3963703],[76.962011,28.3969138]]]}},{"type":"Feature","properties":{"v":"Sikanderpur Badha","m":"18","k":"9/2","t":"Manesar","vc":"04135","area":1152.5,"lat":28.3966627,"lng":76.9620929},"geometry":{"type":"Polygon","coordinates":[[[76.9622506,28.3967677],[76.9622291,28.3968361],[76.9622086,28.3969018],[76.962011,28.3969138],[76.9619694,28.3963703],[76.962047,28.3963655],[76.9620891,28.396363],[76.9622506,28.3967677]]]}},{"type":"Feature","properties":{"v":"Sikanderpur Badha","m":"18","k":"1/1","t":"Manesar","vc":"04135","area":898.3,"lat":28.3969974,"lng":76.9617072},"geometry":{"type":"Polygon","coordinates":[[[76.962011,28.3969138],[76.9620161,28.396981],[76.9618753,28.3971013],[76.9613314,28.3970158],[76.9613268,28.3969554],[76.962011,28.3969138]]]}},{"type":"Feature","properties":{"v":"Sikanderpur Badha","m":"19","k":"21/1","t":"Manesar","vc":"04135","area":2032.1,"lat":28.3924392,"lng":76.9577732},"geometry":{"type":"Polygon","coordinates":[[[76.9575705,28.3927852],[76.9575312,28.3922719],[76.9582155,28.3922303],[76.9575728,28.3928154],[76.9575705,28.3927852]]]}},{"type":"Feature","properties":{"v":"Sikanderpur Badha","m":"19","k":"22/1","t":"Manesar","vc":"04135","area":2031.8,"lat":28.3923976,"lng":76.9584574},"geometry":{"type":"Polygon","coordinates":[[[76.9582155,28.3922303],[76.958472,28.3922147],[76.9588997,28.3921887],[76.958257,28.3927738],[76.9582155,28.3922303]]]}},{"type":"Feature","properties":{"v":"Sikanderpur Badha","m":"19","k":"19/1","t":"Manesar","vc":"04135","area":158.2,"lat":28.3930655,"lng":76.9589496},"geometry":{"type":"Polygon","coordinates":[[[76.9589829,28.3932757],[76.9589486,28.3932778],[76.9589163,28.392855],[76.9589505,28.392853],[76.9589829,28.3932757]]]}},{"type":"Feature","properties":{"v":"Sikanderpur Badha","m":"19","k":"19/3","t":"Manesar","vc":"04135","area":903.0,"lat":28.3928134,"lng":76.9586037},"geometry":{"type":"Polygon","coordinates":[[[76.9589413,28.3927322],[76.9589505,28.392853],[76.9589163,28.392855],[76.9582663,28.3928946],[76.958257,28.3927738],[76.9589413,28.3927322]]]}},{"type":"Feature","properties":{"v":"Sikanderpur Badha","m":"19","k":"20/2","t":"Manesar","vc":"04135","area":2031.8,"lat":28.3929827,"lng":76.9578147},"geometry":{"type":"Polygon","coordinates":[[[76.9575728,28.3928154],[76.958257,28.3927738],[76.9576144,28.3933589],[76.9575728,28.3928154]]]}},{"type":"Feature","properties":{"v":"Sikanderpur Badha","m":"19","k":"11/2/1","t":"Manesar","vc":"04135","area":621.0,"lat":28.3937882,"lng":76.9581628},"geometry":{"type":"Polygon","coordinates":[[[76.9583402,28.3938608],[76.9580494,28.3938785],[76.9579981,28.3938816],[76.9579854,28.3937155],[76.9583275,28.3936947],[76.9583402,28.3938608]]]}},{"type":"Feature","properties":{"v":"Sikanderpur Badha","m":"19","k":"11/2/2","t":"Manesar","vc":"04135","area":1410.8,"lat":28.3935164,"lng":76.958142},"geometry":{"type":"Polygon","coordinates":[[[76.9582986,28.3933173],[76.9583275,28.3936947],[76.9579854,28.3937155],[76.9579565,28.3933381],[76.9582986,28.3933173]]]}},{"type":"Feature","properties":{"v":"Sikanderpur Badha","m":"19","k":"12/2","t":"Manesar","vc":"04135","area":203.4,"lat":28.3935484,"lng":76.9589865},"geometry":{"type":"Polygon","coordinates":[[[76.9589829,28.3932757],[76.959006,28.3935776],[76.9590244,28.3938192],[76.9589902,28.3938213],[76.9589775,28.3936552],[76.9589706,28.3935646],[76.9589486,28.3932778],[76.9589829,28.3932757]]]}},{"type":"Feature","properties":{"v":"Sikanderpur Badha","m":"19","k":"12/1","t":"Manesar","vc":"04135","area":1179.6,"lat":28.393758,"lng":76.9586588},"geometry":{"type":"Polygon","coordinates":[[[76.9583402,28.3938608],[76.9583275,28.3936947],[76.9588236,28.3936646],[76.9589775,28.3936552],[76.9589902,28.3938213],[76.9583402,28.3938608]]]}},{"type":"Feature","properties":{"v":"Sikanderpur Badha","m":"19","k":"9/2/1","t":"Manesar","vc":"04135","area":90.3,"lat":28.393941,"lng":76.9590166},"geometry":{"type":"Polygon","coordinates":[[[76.9590244,28.3938192],[76.9590429,28.3940608],[76.9590087,28.3940628],[76.9589902,28.3938213],[76.9590244,28.3938192]]]}},{"type":"Feature","properties":{"v":"Sikanderpur Badha","m":"19","k":"9/2/2","t":"Manesar","vc":"04135","area":1715.8,"lat":28.3939618,"lng":76.9586744},"geometry":{"type":"Polygon","coordinates":[[[76.9583402,28.3938608],[76.9589902,28.3938213],[76.9590087,28.3940628],[76.9587693,28.3940774],[76.9583587,28.3941024],[76.9583402,28.3938608]]]}},{"type":"Feature","properties":{"v":"Sikanderpur Badha","m":"19","k":"10/3","t":"Manesar","vc":"04135","area":2675.6,"lat":28.3941756,"lng":76.9579061},"geometry":{"type":"Polygon","coordinates":[[[76.9579981,28.3938816],[76.9580494,28.3938785],[76.9580679,28.3941201],[76.9581706,28.3941138],[76.9581937,28.3944158],[76.957766,28.3944418],[76.9576976,28.3944459],[76.957656,28.3939024],[76.9579981,28.3938816]]]}},{"type":"Feature","properties":{"v":"Sikanderpur Badha","m":"19","k":"10/2","t":"Manesar","vc":"04135","area":767.7,"lat":28.3939904,"lng":76.9582041},"geometry":{"type":"Polygon","coordinates":[[[76.9583402,28.3938608],[76.9583587,28.3941024],[76.9581706,28.3941138],[76.9580679,28.3941201],[76.9580494,28.3938785],[76.9583402,28.3938608]]]}},{"type":"Feature","properties":{"v":"Sikanderpur Badha","m":"19","k":"1/1","t":"Manesar","vc":"04135","area":406.2,"lat":28.3947156,"lng":76.9577526},"geometry":{"type":"Polygon","coordinates":[[[76.9576976,28.3944459],[76.957766,28.3944418],[76.9578076,28.3949853],[76.9577392,28.3949894],[76.9576976,28.3944459]]]}},{"type":"Feature","properties":{"v":"Sikanderpur Badha","m":"19","k":"13/2","t":"Manesar","vc":"04135","area":2285.6,"lat":28.3934077,"lng":76.9593381},"geometry":{"type":"Polygon","coordinates":[[[76.9596671,28.3932341],[76.9596908,28.3935436],[76.959006,28.3935776],[76.9589829,28.3932757],[76.9596671,28.3932341]]]}},{"type":"Feature","properties":{"v":"Sikanderpur Badha","m":"19","k":"23","t":"Manesar","vc":"04135","area":2895.1,"lat":28.3924753,"lng":76.9591756},"geometry":{"type":"Polygon","coordinates":[[[76.9593147,28.3922976],[76.9595517,28.3926361],[76.9595913,28.3926926],[76.9595864,28.3926929],[76.9589413,28.3927322],[76.9588997,28.3921887],[76.9592247,28.3921689],[76.9593147,28.3922976]]]}},{"type":"Feature","properties":{"v":"Sikanderpur Badha","m":"19","k":"22/2","t":"Manesar","vc":"04135","area":2032.1,"lat":28.3925649,"lng":76.9586993},"geometry":{"type":"Polygon","coordinates":[[[76.9589413,28.3927322],[76.958257,28.3927738],[76.9588997,28.3921887],[76.9589413,28.3927322]]]}},{"type":"Feature","properties":{"v":"Sikanderpur Badha","m":"19","k":"21/2","t":"Manesar","vc":"04135","area":2031.8,"lat":28.3926065,"lng":76.9580151},"geometry":{"type":"Polygon","coordinates":[[[76.958257,28.3927738],[76.9575728,28.3928154],[76.9582155,28.3922303],[76.958257,28.3927738]]]}},{"type":"Feature","properties":{"v":"Sikanderpur Badha","m":"19","k":"20/1","t":"Manesar","vc":"04135","area":2031.9,"lat":28.39315,"lng":76.9580567},"geometry":{"type":"Polygon","coordinates":[[[76.9579565,28.3933381],[76.9576144,28.3933589],[76.958257,28.3927738],[76.9582663,28.3928946],[76.9582986,28.3933173],[76.9579565,28.3933381]]]}},{"type":"Feature","properties":{"v":"Sikanderpur Badha","m":"19","k":"19/2","t":"Manesar","vc":"04135","area":3002.7,"lat":28.3930862,"lng":76.9586075},"geometry":{"type":"Polygon","coordinates":[[[76.9582986,28.3933173],[76.9582663,28.3928946],[76.9589163,28.392855],[76.9589486,28.3932778],[76.9582986,28.3933173]]]}},{"type":"Feature","properties":{"v":"Sikanderpur Badha","m":"19","k":"18","t":"Manesar","vc":"04135","area":4022.4,"lat":28.3929988,"lng":76.9593059},"geometry":{"type":"Polygon","coordinates":[[[76.9595889,28.3926971],[76.959523,28.3928207],[76.9595431,28.3928498],[76.9595929,28.3929216],[76.9598039,28.3932258],[76.9597937,28.3932264],[76.9596671,28.3932341],[76.9589829,28.3932757],[76.9589505,28.392853],[76.9589413,28.3927322],[76.9595864,28.3926929],[76.9595913,28.3926926],[76.9595889,28.3926971]]]}},{"type":"Feature","properties":{"v":"Sikanderpur Badha","m":"19","k":"14/2","t":"Manesar","vc":"04135","area":762.1,"lat":28.3934021,"lng":76.9597989},"geometry":{"type":"Polygon","coordinates":[[[76.9598517,28.3932971],[76.9600044,28.3935252],[76.9596908,28.3935436],[76.9596671,28.3932341],[76.9597937,28.3932264],[76.9598039,28.3932258],[76.9598517,28.3932971]]]}},{"type":"Feature","properties":{"v":"Sikanderpur Badha","m":"19","k":"12/3/1","t":"Manesar","vc":"04135","area":2528.5,"lat":28.3934785,"lng":76.9586225},"geometry":{"type":"Polygon","coordinates":[[[76.9582986,28.3933173],[76.9589486,28.3932778],[76.9589706,28.3935646],[76.9588166,28.393574],[76.9588236,28.3936646],[76.9583275,28.3936947],[76.9582986,28.3933173]]]}},{"type":"Feature","properties":{"v":"Sikanderpur Badha","m":"19","k":"11/1","t":"Manesar","vc":"04135","area":2031.8,"lat":28.3936203,"lng":76.9578063},"geometry":{"type":"Polygon","coordinates":[[[76.9576144,28.3933589],[76.9579565,28.3933381],[76.9579854,28.3937155],[76.9579981,28.3938816],[76.957656,28.3939024],[76.9576144,28.3933589]]]}},{"type":"Feature","properties":{"v":"Sikanderpur Badha","m":"19","k":"10/1","t":"Manesar","vc":"04135","area":620.6,"lat":28.3942591,"lng":76.9582762},"geometry":{"type":"Polygon","coordinates":[[[76.9583818,28.3944043],[76.9581937,28.3944158],[76.9581706,28.3941138],[76.9583587,28.3941024],[76.9583818,28.3944043]]]}},{"type":"Feature","properties":{"v":"Sikanderpur Badha","m":"19","k":"9/1","t":"Manesar","vc":"04135","area":1354.8,"lat":28.3942409,"lng":76.9585756},"geometry":{"type":"Polygon","coordinates":[[[76.9583818,28.3944043],[76.9583587,28.3941024],[76.9587693,28.3940774],[76.9587924,28.3943794],[76.9583818,28.3944043]]]}},{"type":"Feature","properties":{"v":"Sikanderpur Badha","m":"19","k":"8","t":"Manesar","vc":"04135","area":4064.1,"lat":28.3940701,"lng":76.9593874},"geometry":{"type":"Polygon","coordinates":[[[76.9590429,28.3940608],[76.9590244,28.3938192],[76.9597087,28.3937776],[76.9597503,28.3943211],[76.959066,28.3943627],[76.9590429,28.3940608]]]}},{"type":"Feature","properties":{"v":"Sikanderpur Badha","m":"19","k":"7","t":"Manesar","vc":"04135","area":3911.0,"lat":28.3940558,"lng":76.9600706},"geometry":{"type":"Polygon","coordinates":[[[76.9597503,28.3943211],[76.9597087,28.3937776],[76.9601705,28.3937495],[76.9606055,28.3942691],[76.9604345,28.3942795],[76.9597503,28.3943211]]]}},{"type":"Feature","properties":{"v":"Sikanderpur Badha","m":"19","k":"5","t":"Manesar","vc":"04135","area":2084.0,"lat":28.3945878,"lng":76.960651},"geometry":{"type":"Polygon","coordinates":[[[76.960718,28.394421],[76.9608623,28.3946087],[76.9608943,28.3946447],[76.9609913,28.3947536],[76.9610235,28.3947897],[76.9610171,28.3947901],[76.9604761,28.394823],[76.9604345,28.3942795],[76.9606055,28.3942691],[76.960718,28.394421]]]}},{"type":"Feature","properties":{"v":"Sikanderpur Badha","m":"19","k":"4","t":"Manesar","vc":"04135","area":4063.5,"lat":28.394572,"lng":76.9601132},"geometry":{"type":"Polygon","coordinates":[[[76.9604345,28.3942795],[76.9604761,28.394823],[76.9597919,28.3948646],[76.9597503,28.3943211],[76.9604345,28.3942795]]]}},{"type":"Feature","properties":{"v":"Sikanderpur Badha","m":"19","k":"3","t":"Manesar","vc":"04135","area":4063.9,"lat":28.3946137,"lng":76.959429},"geometry":{"type":"Polygon","coordinates":[[[76.9590753,28.3944835],[76.959066,28.3943627],[76.9597503,28.3943211],[76.9597919,28.3948646],[76.9591076,28.3949062],[76.9590753,28.3944835]]]}},{"type":"Feature","properties":{"v":"Sikanderpur Badha","m":"19","k":"2","t":"Manesar","vc":"04135","area":3544.4,"lat":28.3946763,"lng":76.9587108},"geometry":{"type":"Polygon","coordinates":[[[76.9583818,28.3944043],[76.9587924,28.3943794],[76.9588016,28.3945001],[76.9590411,28.3944856],[76.9590734,28.3949083],[76.9584234,28.3949478],[76.9583818,28.3944043]]]}},{"type":"Feature","properties":{"v":"Sikanderpur Badha","m":"19","k":"1/2","t":"Manesar","vc":"04135","area":3657.2,"lat":28.3946948,"lng":76.9580947},"geometry":{"type":"Polygon","coordinates":[[[76.9583818,28.3944043],[76.9584234,28.3949478],[76.9578076,28.3949853],[76.957766,28.3944418],[76.9581937,28.3944158],[76.9583818,28.3944043]]]}},{"type":"Feature","properties":{"v":"Sikanderpur Badha","m":"20","k":"23/1","t":"Manesar","vc":"04135","area":1524.0,"lat":28.3926606,"lng":76.9556277},"geometry":{"type":"Polygon","coordinates":[[[76.9555202,28.3929402],[76.9554786,28.3923967],[76.9557352,28.3923811],[76.9557768,28.3929246],[76.9555202,28.3929402]]]}},{"type":"Feature","properties":{"v":"Sikanderpur Badha","m":"20","k":"14/2","t":"Manesar","vc":"04135","area":671.4,"lat":28.393691,"lng":76.9568923},"geometry":{"type":"Polygon","coordinates":[[[76.9569325,28.3934307],[76.9569718,28.393944],[76.9568521,28.3939513],[76.9568128,28.393438],[76.9569325,28.3934307]]]}},{"type":"Feature","properties":{"v":"Sikanderpur Badha","m":"20","k":"9/1","t":"Manesar","vc":"04135","area":863.5,"lat":28.3943187,"lng":76.9555483},"geometry":{"type":"Polygon","coordinates":[[[76.9556449,28.3945707],[76.955491,28.3945801],[76.9554517,28.3940668],[76.9556057,28.3940574],[76.9556449,28.3945707]]]}},{"type":"Feature","properties":{"v":"Sikanderpur Badha","m":"20","k":"2/2","t":"Manesar","vc":"04135","area":914.1,"lat":28.3948472,"lng":76.9555888},"geometry":{"type":"Polygon","coordinates":[[[76.9556449,28.3945707],[76.9556865,28.3951143],[76.9555326,28.3951236],[76.955491,28.3945801],[76.9556449,28.3945707]]]}},{"type":"Feature","properties":{"v":"Sikanderpur Badha","m":"20","k":"5/1","t":"Manesar","vc":"04135","area":2032.1,"lat":28.3946548,"lng":76.9572553},"geometry":{"type":"Polygon","coordinates":[[[76.9570134,28.3944875],[76.9576976,28.3944459],[76.957055,28.3950311],[76.9570134,28.3944875]]]}},{"type":"Feature","properties":{"v":"Sikanderpur Badha","m":"20","k":"13/1","t":"Manesar","vc":"04135","area":3250.5,"lat":28.3937388,"lng":76.9558562},"geometry":{"type":"Polygon","coordinates":[[[76.9555618,28.3934837],[76.9561091,28.3934504],[76.9561507,28.3939939],[76.9556034,28.3940272],[76.9555618,28.3934837]]]}},{"type":"Feature","properties":{"v":"Sikanderpur Badha","m":"20","k":"25","t":"Manesar","vc":"04135","area":3646.0,"lat":28.3925483,"lng":76.9572259},"geometry":{"type":"Polygon","coordinates":[[[76.9575312,28.3922719],[76.9575705,28.3927852],[76.9569205,28.3928247],[76.9568812,28.3923114],[76.9575312,28.3922719]]]}},{"type":"Feature","properties":{"v":"Sikanderpur Badha","m":"20","k":"24","t":"Manesar","vc":"04135","area":4063.6,"lat":28.392606,"lng":76.9565257},"geometry":{"type":"Polygon","coordinates":[[[76.9568886,28.392857],[76.9562044,28.3928986],[76.9561628,28.3923551],[76.956847,28.3923135],[76.9568886,28.392857]]]}},{"type":"Feature","properties":{"v":"Sikanderpur Badha","m":"20","k":"23/2","t":"Manesar","vc":"04135","area":2539.7,"lat":28.3926398,"lng":76.9559698},"geometry":{"type":"Polygon","coordinates":[[[76.9562044,28.3928986],[76.9557768,28.3929246],[76.9557352,28.3923811],[76.9558891,28.3923717],[76.9561628,28.3923551],[76.9562044,28.3928986]]]}},{"type":"Feature","properties":{"v":"Sikanderpur Badha","m":"20","k":"22","t":"Manesar","vc":"04135","area":4063.6,"lat":28.3926893,"lng":76.9551573},"geometry":{"type":"Polygon","coordinates":[[[76.9555202,28.3929402],[76.954836,28.3929818],[76.9547944,28.3924383],[76.9554786,28.3923967],[76.9555202,28.3929402]]]}},{"type":"Feature","properties":{"v":"Sikanderpur Badha","m":"20","k":"21","t":"Manesar","vc":"04135","area":3860.6,"lat":28.3927298,"lng":76.9544902},"geometry":{"type":"Polygon","coordinates":[[[76.954836,28.3929818],[76.954186,28.3930213],[76.9541444,28.3924778],[76.9544694,28.392458],[76.9547944,28.3924383],[76.954836,28.3929818]]]}},{"type":"Feature","properties":{"v":"Sikanderpur Badha","m":"20","k":"20","t":"Manesar","vc":"04135","area":3860.4,"lat":28.3932733,"lng":76.9545318},"geometry":{"type":"Polygon","coordinates":[[[76.9548776,28.3935253],[76.9542276,28.3935648],[76.954186,28.3930213],[76.954836,28.3929818],[76.9548776,28.3935253]]]}},{"type":"Feature","properties":{"v":"Sikanderpur Badha","m":"20","k":"19","t":"Manesar","vc":"04135","area":4063.6,"lat":28.3932328,"lng":76.9551989},"geometry":{"type":"Polygon","coordinates":[[[76.9555202,28.3929402],[76.9555618,28.3934837],[76.9548776,28.3935253],[76.954836,28.3929818],[76.9555202,28.3929402]]]}},{"type":"Feature","properties":{"v":"Sikanderpur Badha","m":"20","k":"18","t":"Manesar","vc":"04135","area":4063.5,"lat":28.3931911,"lng":76.9558831},"geometry":{"type":"Polygon","coordinates":[[[76.9557768,28.3929246],[76.9562044,28.3928986],[76.956246,28.3934421],[76.9561091,28.3934504],[76.9555618,28.3934837],[76.9555202,28.3929402],[76.9557768,28.3929246]]]}},{"type":"Feature","properties":{"v":"Sikanderpur Badha","m":"20","k":"17","t":"Manesar","vc":"04135","area":4063.5,"lat":28.3931495,"lng":76.9565673},"geometry":{"type":"Polygon","coordinates":[[[76.9562802,28.39344],[76.956246,28.3934421],[76.9562044,28.3928986],[76.9568886,28.392857],[76.9569302,28.3934005],[76.9562802,28.39344]]]}},{"type":"Feature","properties":{"v":"Sikanderpur Badha","m":"20","k":"16","t":"Manesar","vc":"04135","area":3860.4,"lat":28.3931069,"lng":76.9572686},"geometry":{"type":"Polygon","coordinates":[[[76.9576144,28.3933589],[76.9569644,28.3933984],[76.9569228,28.3928549],[76.9575728,28.3928154],[76.9576144,28.3933589]]]}},{"type":"Feature","properties":{"v":"Sikanderpur Badha","m":"20","k":"15","t":"Manesar","vc":"04135","area":4052.4,"lat":28.3936521,"lng":76.9572941},"geometry":{"type":"Polygon","coordinates":[[[76.9569718,28.393944],[76.9569325,28.3934307],[76.9569667,28.3934286],[76.9569644,28.3933984],[76.9576144,28.3933589],[76.957656,28.3939024],[76.9569718,28.393944]]]}},{"type":"Feature","properties":{"v":"Sikanderpur Badha","m":"20","k":"14/1","t":"Manesar","vc":"04135","area":2974.5,"lat":28.3937108,"lng":76.9565673},"geometry":{"type":"Polygon","coordinates":[[[76.9562825,28.3934702],[76.9568128,28.393438],[76.9568521,28.3939513],[76.9563731,28.3939804],[76.9563218,28.3939835],[76.9562825,28.3934702]]]}},{"type":"Feature","properties":{"v":"Sikanderpur Badha","m":"20","k":"12","t":"Manesar","vc":"04135","area":4063.8,"lat":28.3937763,"lng":76.9552405},"geometry":{"type":"Polygon","coordinates":[[[76.9548776,28.3935253],[76.9555618,28.3934837],[76.9556034,28.3940272],[76.9549191,28.3940688],[76.9548776,28.3935253]]]}},{"type":"Feature","properties":{"v":"Sikanderpur Badha","m":"20","k":"11","t":"Manesar","vc":"04135","area":3860.4,"lat":28.3938168,"lng":76.9545734},"geometry":{"type":"Polygon","coordinates":[[[76.9549191,28.3940688],[76.9542691,28.3941083],[76.9542276,28.3935648],[76.9548776,28.3935253],[76.9549191,28.3940688]]]}},{"type":"Feature","properties":{"v":"Sikanderpur Badha","m":"20","k":"10","t":"Manesar","vc":"04135","area":3645.9,"lat":28.3943754,"lng":76.954616},"geometry":{"type":"Polygon","coordinates":[[[76.9549607,28.3946123],[76.9543107,28.3946518],[76.9542714,28.3941385],[76.9549214,28.394099],[76.9549607,28.3946123]]]}},{"type":"Feature","properties":{"v":"Sikanderpur Badha","m":"20","k":"9/2","t":"Manesar","vc":"04135","area":2974.5,"lat":28.3943395,"lng":76.9552062},"geometry":{"type":"Polygon","coordinates":[[[76.9549607,28.3946123],[76.9549214,28.394099],[76.9554517,28.3940668],[76.955491,28.3945801],[76.9549607,28.3946123]]]}},{"type":"Feature","properties":{"v":"Sikanderpur Badha","m":"20","k":"8","t":"Manesar","vc":"04135","area":3838.0,"lat":28.3942933,"lng":76.9559674},"geometry":{"type":"Polygon","coordinates":[[[76.9563292,28.3945291],[76.9556449,28.3945707],[76.9556057,28.3940574],[76.9562899,28.3940158],[76.9563292,28.3945291]]]}},{"type":"Feature","properties":{"v":"Sikanderpur Badha","m":"20","k":"7","t":"Manesar","vc":"04135","area":3555.7,"lat":28.394234,"lng":76.9566932},"geometry":{"type":"Polygon","coordinates":[[[76.9569718,28.393944],[76.9570134,28.3944875],[76.9564147,28.3945239],[76.9563731,28.3939804],[76.9568521,28.3939513],[76.9569718,28.393944]]]}},{"type":"Feature","properties":{"v":"Sikanderpur Badha","m":"20","k":"6","t":"Manesar","vc":"04135","area":4063.5,"lat":28.394195,"lng":76.9573347},"geometry":{"type":"Polygon","coordinates":[[[76.9570134,28.3944875],[76.9569718,28.393944],[76.957656,28.3939024],[76.9576976,28.3944459],[76.9570134,28.3944875]]]}},{"type":"Feature","properties":{"v":"Sikanderpur Badha","m":"20","k":"5/2","t":"Manesar","vc":"04135","area":2031.8,"lat":28.3948221,"lng":76.9574973},"geometry":{"type":"Polygon","coordinates":[[[76.9577392,28.3949894],[76.957055,28.3950311],[76.9576976,28.3944459],[76.9577392,28.3949894]]]}},{"type":"Feature","properties":{"v":"Sikanderpur Badha","m":"20","k":"4","t":"Manesar","vc":"04135","area":4064.5,"lat":28.3947801,"lng":76.9566921},"geometry":{"type":"Polygon","coordinates":[[[76.9563292,28.3945291],[76.9564147,28.3945239],[76.9570134,28.3944875],[76.957055,28.3950311],[76.9563707,28.3950727],[76.9563292,28.3945291]]]}},{"type":"Feature","properties":{"v":"Sikanderpur Badha","m":"20","k":"3","t":"Manesar","vc":"04135","area":4064.5,"lat":28.3948217,"lng":76.9560078},"geometry":{"type":"Polygon","coordinates":[[[76.9556449,28.3945707],[76.9563292,28.3945291],[76.9563707,28.3950727],[76.9556865,28.3951143],[76.9556449,28.3945707]]]}},{"type":"Feature","properties":{"v":"Sikanderpur Badha","m":"20","k":"2/1","t":"Manesar","vc":"04135","area":3149.5,"lat":28.394868,"lng":76.9552467},"geometry":{"type":"Polygon","coordinates":[[[76.9549607,28.3946123],[76.955491,28.3945801],[76.9555326,28.3951236],[76.9550023,28.3951558],[76.9549607,28.3946123]]]}},{"type":"Feature","properties":{"v":"Sikanderpur Badha","m":"20","k":"1","t":"Manesar","vc":"04135","area":3860.8,"lat":28.3949038,"lng":76.9546565},"geometry":{"type":"Polygon","coordinates":[[[76.9549607,28.3946123],[76.9550023,28.3951558],[76.9543523,28.3951954],[76.9543107,28.3946518],[76.9549607,28.3946123]]]}},{"type":"Feature","properties":{"v":"Sikanderpur Badha","m":"21","k":"21/2","t":"Manesar","vc":"04135","area":1726.8,"lat":28.3929268,"lng":76.9512487},"geometry":{"type":"Polygon","coordinates":[[[76.9514149,28.3931897],[76.9511241,28.3932074],[76.9510826,28.3926639],[76.9513733,28.3926462],[76.9514149,28.3931897]]]}},{"type":"Feature","properties":{"v":"Sikanderpur Badha","m":"21","k":"22/1/1","t":"Manesar","vc":"04135","area":1706.9,"lat":28.3928157,"lng":76.9515788},"geometry":{"type":"Polygon","coordinates":[[[76.9513733,28.3926462],[76.9519481,28.3926113],[76.9514149,28.3931897],[76.9513733,28.3926462]]]}},{"type":"Feature","properties":{"v":"Sikanderpur Badha","m":"21","k":"23/1","t":"Manesar","vc":"04135","area":2031.8,"lat":28.3927719,"lng":76.9522995},"geometry":{"type":"Polygon","coordinates":[[[76.9520576,28.3926046],[76.9523997,28.3925838],[76.9527418,28.392563],[76.9520991,28.3931481],[76.9520576,28.3926046]]]}},{"type":"Feature","properties":{"v":"Sikanderpur Badha","m":"21","k":"24/2","t":"Manesar","vc":"04135","area":2032.1,"lat":28.3928037,"lng":76.9532757},"geometry":{"type":"Polygon","coordinates":[[[76.9534676,28.393065],[76.9531254,28.3930858],[76.9530839,28.3925423],[76.953426,28.3925215],[76.9534676,28.393065]]]}},{"type":"Feature","properties":{"v":"Sikanderpur Badha","m":"21","k":"16/2","t":"Manesar","vc":"04135","area":2031.7,"lat":28.3932323,"lng":76.9537095},"geometry":{"type":"Polygon","coordinates":[[[76.9541518,28.3930234],[76.9535091,28.3936085],[76.9534676,28.393065],[76.9539465,28.3930359],[76.9541518,28.3930234]]]}},{"type":"Feature","properties":{"v":"Sikanderpur Badha","m":"21","k":"17/2","t":"Manesar","vc":"04135","area":2032.1,"lat":28.3932739,"lng":76.9530253},"geometry":{"type":"Polygon","coordinates":[[[76.9527833,28.3931066],[76.9531254,28.3930858],[76.9534676,28.393065],[76.9528249,28.3936501],[76.9527833,28.3931066]]]}},{"type":"Feature","properties":{"v":"Sikanderpur Badha","m":"21","k":"19/2","t":"Manesar","vc":"04135","area":2031.8,"lat":28.393357,"lng":76.9516568},"geometry":{"type":"Polygon","coordinates":[[[76.9514149,28.3931897],[76.9520991,28.3931481],[76.9514565,28.3937332],[76.9514149,28.3931897]]]}},{"type":"Feature","properties":{"v":"Sikanderpur Badha","m":"21","k":"20/2/2","t":"Manesar","vc":"04135","area":165.7,"lat":28.3935734,"lng":76.950971},"geometry":{"type":"Polygon","coordinates":[[[76.9511522,28.3934289],[76.9507722,28.3937748],[76.9507699,28.3937446],[76.9511383,28.3933928],[76.9511522,28.3934289]]]}},{"type":"Feature","properties":{"v":"Sikanderpur Badha","m":"21","k":"20/2/1","t":"Manesar","vc":"04135","area":364.2,"lat":28.3932774,"lng":76.9512276},"geometry":{"type":"Polygon","coordinates":[[[76.9514149,28.3931897],[76.9511522,28.3934289],[76.9511383,28.3933928],[76.9511241,28.3932074],[76.9514149,28.3931897]]]}},{"type":"Feature","properties":{"v":"Sikanderpur Badha","m":"21","k":"20/2/3","t":"Manesar","vc":"04135","area":1501.9,"lat":28.3934087,"lng":76.950911},"geometry":{"type":"Polygon","coordinates":[[[76.9511241,28.3932074],[76.9511383,28.3933928],[76.9507699,28.3937446],[76.9507307,28.3932313],[76.9511241,28.3932074]]]}},{"type":"Feature","properties":{"v":"Sikanderpur Badha","m":"21","k":"11/1/1","t":"Manesar","vc":"04135","area":1399.7,"lat":28.3939693,"lng":76.950929},"geometry":{"type":"Polygon","coordinates":[[[76.9511657,28.3937509],[76.9509859,28.3941616],[76.9508138,28.3943183],[76.9507722,28.3937748],[76.9511657,28.3937509]]]}},{"type":"Feature","properties":{"v":"Sikanderpur Badha","m":"21","k":"13/2","t":"Manesar","vc":"04135","area":2032.1,"lat":28.3940263,"lng":76.9526245},"geometry":{"type":"Polygon","coordinates":[[[76.9528665,28.3941936],[76.9521822,28.3942352],[76.9528249,28.3936501],[76.9528665,28.3941936]]]}},{"type":"Feature","properties":{"v":"Sikanderpur Badha","m":"21","k":"15/1","t":"Manesar","vc":"04135","area":1129.0,"lat":28.3940255,"lng":76.9538847},"geometry":{"type":"Polygon","coordinates":[[[76.9542211,28.3939292],[76.9542326,28.3940802],[76.9535484,28.3941218],[76.9535368,28.3939708],[76.9542211,28.3939292]]]}},{"type":"Feature","properties":{"v":"Sikanderpur Badha","m":"21","k":"7/2","t":"Manesar","vc":"04135","area":2031.7,"lat":28.3943609,"lng":76.9531084},"geometry":{"type":"Polygon","coordinates":[[[76.9528665,28.3941936],[76.9535507,28.394152],[76.952908,28.3947371],[76.9528665,28.3941936]]]}},{"type":"Feature","properties":{"v":"Sikanderpur Badha","m":"21","k":"9/2","t":"Manesar","vc":"04135","area":2049.7,"lat":28.3944584,"lng":76.9517292},"geometry":{"type":"Polygon","coordinates":[[[76.951498,28.3942767],[76.9520454,28.3942435],[76.9520041,28.3944447],[76.9515396,28.3948203],[76.951498,28.3942767]]]}},{"type":"Feature","properties":{"v":"Sikanderpur Badha","m":"21","k":"2/1/2","t":"Manesar","vc":"04135","area":970.8,"lat":28.3951571,"lng":76.951722},"geometry":{"type":"Polygon","coordinates":[[[76.951718,28.3953555],[76.9515811,28.3953638],[76.9515719,28.395243],[76.9517791,28.3948057],[76.9517962,28.3948047],[76.9518377,28.3953482],[76.951718,28.3953555]]]}},{"type":"Feature","properties":{"v":"Sikanderpur Badha","m":"21","k":"3/1","t":"Manesar","vc":"04135","area":2031.8,"lat":28.394946,"lng":76.9524657},"geometry":{"type":"Polygon","coordinates":[[[76.9522238,28.3947787],[76.952908,28.3947371],[76.9522654,28.3953222],[76.9522238,28.3947787]]]}},{"type":"Feature","properties":{"v":"Sikanderpur Badha","m":"21","k":"13/1/2","t":"Manesar","vc":"04135","area":1738.6,"lat":28.3938726,"lng":76.9524112},"geometry":{"type":"Polygon","coordinates":[[[76.9521822,28.3942352],[76.9521615,28.3939634],[76.9523383,28.3936796],[76.9528249,28.3936501],[76.9521822,28.3942352]]]}},{"type":"Feature","properties":{"v":"Sikanderpur Badha","m":"21","k":"25/1","t":"Manesar","vc":"04135","area":2844.6,"lat":28.3927787,"lng":76.9536863},"geometry":{"type":"Polygon","coordinates":[[[76.953426,28.3925215],[76.9539049,28.3924923],[76.9539465,28.3930359],[76.9534676,28.393065],[76.953426,28.3925215]]]}},{"type":"Feature","properties":{"v":"Sikanderpur Badha","m":"21","k":"24/1","t":"Manesar","vc":"04135","area":1185.2,"lat":28.3929082,"lng":76.9529809},"geometry":{"type":"Polygon","coordinates":[[[76.9527833,28.3931066],[76.9527764,28.393016],[76.9530839,28.3925423],[76.9531254,28.3930858],[76.9527833,28.3931066]]]}},{"type":"Feature","properties":{"v":"Sikanderpur Badha","m":"21","k":"23/2","t":"Manesar","vc":"04135","area":1927.8,"lat":28.3929316,"lng":76.9525323},"geometry":{"type":"Polygon","coordinates":[[[76.9520991,28.3931481],[76.9527418,28.392563],[76.9527764,28.393016],[76.9525729,28.3931193],[76.9520991,28.3931481]]]}},{"type":"Feature","properties":{"v":"Sikanderpur Badha","m":"21","k":"22/2","t":"Manesar","vc":"04135","area":2031.8,"lat":28.3929808,"lng":76.9518572},"geometry":{"type":"Polygon","coordinates":[[[76.9520991,28.3931481],[76.9514149,28.3931897],[76.9520576,28.3926046],[76.9520991,28.3931481]]]}},{"type":"Feature","properties":{"v":"Sikanderpur Badha","m":"21","k":"21/1","t":"Manesar","vc":"04135","area":2261.6,"lat":28.3929551,"lng":76.9509123},"geometry":{"type":"Polygon","coordinates":[[[76.9510826,28.3926639],[76.9511241,28.3932074],[76.9507307,28.3932313],[76.9506972,28.3927935],[76.9508191,28.3926799],[76.9510826,28.3926639]]]}},{"type":"Feature","properties":{"v":"Sikanderpur Badha","m":"21","k":"20/1/2","t":"Manesar","vc":"04135","area":1168.4,"lat":28.3935718,"lng":76.9511176},"geometry":{"type":"Polygon","coordinates":[[[76.9507722,28.3937748],[76.9511522,28.3934289],[76.9514149,28.3931897],[76.9511657,28.3937509],[76.9507722,28.3937748]]]}},{"type":"Feature","properties":{"v":"Sikanderpur Badha","m":"21","k":"19/1","t":"Manesar","vc":"04135","area":2032.1,"lat":28.3935243,"lng":76.9518988},"geometry":{"type":"Polygon","coordinates":[[[76.9521407,28.3936917],[76.9514565,28.3937332],[76.9520991,28.3931481],[76.9521407,28.3936917]]]}},{"type":"Feature","properties":{"v":"Sikanderpur Badha","m":"21","k":"18/1","t":"Manesar","vc":"04135","area":2069.9,"lat":28.3934253,"lng":76.9526235},"geometry":{"type":"Polygon","coordinates":[[[76.9527833,28.3931066],[76.9528249,28.3936501],[76.9523383,28.3936796],[76.9525729,28.3931193],[76.9527833,28.3931066]]]}},{"type":"Feature","properties":{"v":"Sikanderpur Badha","m":"21","k":"17/1","t":"Manesar","vc":"04135","area":2031.8,"lat":28.3934412,"lng":76.9532672},"geometry":{"type":"Polygon","coordinates":[[[76.9535091,28.3936085],[76.9528249,28.3936501],[76.9534676,28.393065],[76.9535091,28.3936085]]]}},{"type":"Feature","properties":{"v":"Sikanderpur Badha","m":"21","k":"16/1","t":"Manesar","vc":"04135","area":2031.8,"lat":28.3933996,"lng":76.9539514},"geometry":{"type":"Polygon","coordinates":[[[76.9541933,28.3935669],[76.9535091,28.3936085],[76.9541518,28.3930234],[76.9541933,28.3935669]]]}},{"type":"Feature","properties":{"v":"Sikanderpur Badha","m":"21","k":"15/2","t":"Manesar","vc":"04135","area":2709.0,"lat":28.3937689,"lng":76.9538651},"geometry":{"type":"Polygon","coordinates":[[[76.9535091,28.3936085],[76.9541933,28.3935669],[76.9542211,28.3939292],[76.9535368,28.3939708],[76.9535091,28.3936085]]]}},{"type":"Feature","properties":{"v":"Sikanderpur Badha","m":"21","k":"14","t":"Manesar","vc":"04135","area":4063.5,"lat":28.3939011,"lng":76.9531878},"geometry":{"type":"Polygon","coordinates":[[[76.9535368,28.3939708],[76.9535484,28.3941218],[76.9535507,28.394152],[76.9528665,28.3941936],[76.9528249,28.3936501],[76.9535091,28.3936085],[76.9535368,28.3939708]]]}},{"type":"Feature","properties":{"v":"Sikanderpur Badha","m":"21","k":"12/1","t":"Manesar","vc":"04135","area":3860.5,"lat":28.3939756,"lng":76.951803},"geometry":{"type":"Polygon","coordinates":[[[76.951498,28.3942767],[76.9514565,28.3937332],[76.9521407,28.3936917],[76.9521615,28.3939634],[76.9520454,28.3942435],[76.951498,28.3942767]]]}},{"type":"Feature","properties":{"v":"Sikanderpur Badha","m":"21","k":"11/2/2","t":"Manesar","vc":"04135","area":1963.8,"lat":28.394104,"lng":76.9512684},"geometry":{"type":"Polygon","coordinates":[[[76.951498,28.3942767],[76.9508993,28.3943131],[76.9509859,28.3941616],[76.9514565,28.3937332],[76.951498,28.3942767]]]}},{"type":"Feature","properties":{"v":"Sikanderpur Badha","m":"21","k":"10/1","t":"Manesar","vc":"04135","area":3958.2,"lat":28.394574,"lng":76.9511855},"geometry":{"type":"Polygon","coordinates":[[[76.9515396,28.3948203],[76.9508554,28.3948618],[76.9508311,28.3945448],[76.9508993,28.3943131],[76.951498,28.3942767],[76.9515396,28.3948203]]]}},{"type":"Feature","properties":{"v":"Sikanderpur Badha","m":"21","k":"9/1/2","t":"Manesar","vc":"04135","area":1413.8,"lat":28.3945992,"lng":76.9520569},"geometry":{"type":"Polygon","coordinates":[[[76.9522238,28.3947787],[76.9521554,28.3947828],[76.9517962,28.3948047],[76.9517791,28.3948057],[76.9520041,28.3944447],[76.9521822,28.3942352],[76.9522238,28.3947787]]]}},{"type":"Feature","properties":{"v":"Sikanderpur Badha","m":"21","k":"8","t":"Manesar","vc":"04135","area":4063.8,"lat":28.3944861,"lng":76.9525451},"geometry":{"type":"Polygon","coordinates":[[[76.952908,28.3947371],[76.9522238,28.3947787],[76.9521822,28.3942352],[76.9528665,28.3941936],[76.952908,28.3947371]]]}},{"type":"Feature","properties":{"v":"Sikanderpur Badha","m":"21","k":"7/1","t":"Manesar","vc":"04135","area":2032.0,"lat":28.3945282,"lng":76.9533503},"geometry":{"type":"Polygon","coordinates":[[[76.9535923,28.3946955],[76.952908,28.3947371],[76.9535507,28.394152],[76.9535923,28.3946955]]]}},{"type":"Feature","properties":{"v":"Sikanderpur Badha","m":"21","k":"6","t":"Manesar","vc":"04135","area":4063.5,"lat":28.3944029,"lng":76.9539136},"geometry":{"type":"Polygon","coordinates":[[[76.9535923,28.3946955],[76.9535507,28.394152],[76.9542349,28.3941104],[76.9542765,28.3946539],[76.9535923,28.3946955]]]}},{"type":"Feature","properties":{"v":"Sikanderpur Badha","m":"21","k":"5","t":"Manesar","vc":"04135","area":4063.9,"lat":28.3949465,"lng":76.9539552},"geometry":{"type":"Polygon","coordinates":[[[76.9535923,28.3946955],[76.9542765,28.3946539],[76.9543181,28.3951974],[76.953822,28.3952276],[76.9536338,28.395239],[76.9535923,28.3946955]]]}},{"type":"Feature","properties":{"v":"Sikanderpur Badha","m":"21","k":"4","t":"Manesar","vc":"04135","area":4063.8,"lat":28.394988,"lng":76.9532709},"geometry":{"type":"Polygon","coordinates":[[[76.952908,28.3947371],[76.9535923,28.3946955],[76.9536338,28.395239],[76.9529496,28.3952806],[76.952908,28.3947371]]]}},{"type":"Feature","properties":{"v":"Sikanderpur Badha","m":"21","k":"3/2","t":"Manesar","vc":"04135","area":2031.7,"lat":28.3951133,"lng":76.9527077},"geometry":{"type":"Polygon","coordinates":[[[76.9529496,28.3952806],[76.9522654,28.3953222],[76.952908,28.3947371],[76.9529496,28.3952806]]]}},{"type":"Feature","properties":{"v":"Sikanderpur Badha","m":"21","k":"2/2/1","t":"Manesar","vc":"04135","area":2133.8,"lat":28.3950655,"lng":76.9519966},"geometry":{"type":"Polygon","coordinates":[[[76.9518377,28.3953482],[76.9517962,28.3948047],[76.9521554,28.3947828],[76.952197,28.3953264],[76.9518377,28.3953482]]]}},{"type":"Feature","properties":{"v":"Sikanderpur Badha","m":"21","k":"1","t":"Manesar","vc":"04135","area":4063.9,"lat":28.3951128,"lng":76.9512182},"geometry":{"type":"Polygon","coordinates":[[[76.9515396,28.3948203],[76.9515719,28.395243],[76.9515811,28.3953638],[76.9508969,28.3954054],[76.9508554,28.3948618],[76.9515396,28.3948203]]]}},{"type":"Feature","properties":{"v":"Sikanderpur Badha","m":"23","k":"26","t":"Manesar","vc":"04135","area":2370.3,"lat":28.3922564,"lng":76.9525465},"geometry":{"type":"Polygon","coordinates":[[[76.952721,28.3922913],[76.9527395,28.3925328],[76.9527418,28.392563],[76.9523997,28.3925838],[76.9523581,28.3920403],[76.9523512,28.3919497],[76.9523854,28.3919477],[76.9526933,28.3919289],[76.9527002,28.3920195],[76.952721,28.3922913]]]}},{"type":"Feature","properties":{"v":"Sikanderpur Badha","m":"23","k":"16/1","t":"Manesar","vc":"04135","area":440.0,"lat":28.3906843,"lng":76.9539144},"geometry":{"type":"Polygon","coordinates":[[[76.9539585,28.3904969],[76.9539855,28.3908493],[76.9538657,28.3908566],[76.9538442,28.3905752],[76.9538423,28.3905496],[76.9539575,28.3904839],[76.9539585,28.3904969]]]}},{"type":"Feature","properties":{"v":"Sikanderpur Badha","m":"23","k":"15/2","t":"Manesar","vc":"04135","area":612.6,"lat":28.3910892,"lng":76.9539404},"geometry":{"type":"Polygon","coordinates":[[[76.9539855,28.3908493],[76.9540155,28.3912419],[76.9539073,28.3914001],[76.9538657,28.3908566],[76.9539855,28.3908493]]]}},{"type":"Feature","properties":{"v":"Sikanderpur Badha","m":"23","k":"8/1/1","t":"Manesar","vc":"04135","area":1290.9,"lat":28.3917263,"lng":76.9525508},"geometry":{"type":"Polygon","coordinates":[[[76.9526525,28.3913961],[76.9526586,28.391476],[76.9526852,28.3918233],[76.9526933,28.3919289],[76.9523854,28.3919477],[76.9523729,28.3917664],[76.9525841,28.3914394],[76.9526483,28.3913401],[76.9526525,28.3913961]]]}},{"type":"Feature","properties":{"v":"Sikanderpur Badha","m":"23","k":"7/1","t":"Manesar","vc":"04135","area":1466.9,"lat":28.3919006,"lng":76.9530348},"geometry":{"type":"Polygon","coordinates":[[[76.9533844,28.3919779],[76.9527002,28.3920195],[76.9526933,28.3919289],[76.9526852,28.3918233],[76.9533694,28.3917817],[76.9533844,28.3919779]]]}},{"type":"Feature","properties":{"v":"Sikanderpur Badha","m":"23","k":"6/1/2/1","t":"Manesar","vc":"04135","area":880.4,"lat":28.3918639,"lng":76.9537508},"geometry":{"type":"Polygon","coordinates":[[[76.953966,28.3919426],[76.9534699,28.3919727],[76.953626,28.3917661],[76.953951,28.3917463],[76.953966,28.3919426]]]}},{"type":"Feature","properties":{"v":"Sikanderpur Badha","m":"23","k":"5/2","t":"Manesar","vc":"04135","area":1979.6,"lat":28.3920951,"lng":76.9537454},"geometry":{"type":"Polygon","coordinates":[[[76.9540894,28.3922081],[76.9534052,28.3922497],[76.953393,28.3920897],[76.9534699,28.3919727],[76.953966,28.3919426],[76.9540686,28.3919364],[76.9540894,28.3922081]]]}},{"type":"Feature","properties":{"v":"Sikanderpur Badha","m":"23","k":"4/2","t":"Manesar","vc":"04135","area":1912.6,"lat":28.3921306,"lng":76.9530338},"geometry":{"type":"Polygon","coordinates":[[[76.9527002,28.3920195],[76.9533844,28.3919779],[76.953393,28.3920897],[76.9532684,28.392258],[76.952721,28.3922913],[76.9527002,28.3920195]]]}},{"type":"Feature","properties":{"v":"Sikanderpur Badha","m":"23","k":"1/1","t":"Manesar","vc":"04135","area":281.7,"lat":28.392604,"lng":76.9509898},"geometry":{"type":"Polygon","coordinates":[[[76.9510689,28.3924849],[76.9510826,28.3926639],[76.9508191,28.3926799],[76.9508762,28.3926313],[76.9510676,28.3924682],[76.9510689,28.3924849]]]}},{"type":"Feature","properties":{"v":"Sikanderpur Badha","m":"23","k":"16/2","t":"Manesar","vc":"04135","area":960.3,"lat":28.3907656,"lng":76.9536676},"geometry":{"type":"Polygon","coordinates":[[[76.9538442,28.3905752],[76.9538657,28.3908566],[76.9534009,28.3908849],[76.9533526,28.3908878],[76.9533013,28.3908909],[76.9534072,28.3908195],[76.9536263,28.3906836],[76.9536489,28.3906696],[76.9538282,28.3905583],[76.9538423,28.3905496],[76.9538442,28.3905752]]]}},{"type":"Feature","properties":{"v":"Sikanderpur Badha","m":"23","k":"15/1","t":"Manesar","vc":"04135","area":3352.4,"lat":28.3911455,"lng":76.9536043},"geometry":{"type":"Polygon","coordinates":[[[76.9539073,28.3914001],[76.9533428,28.3914344],[76.9533058,28.3909506],[76.9533013,28.3908909],[76.9533526,28.3908878],[76.9534009,28.3908849],[76.9538657,28.3908566],[76.9539073,28.3914001]]]}},{"type":"Feature","properties":{"v":"Sikanderpur Badha","m":"23","k":"14","t":"Manesar","vc":"04135","area":2539.5,"lat":28.3912608,"lng":76.9530546},"geometry":{"type":"Polygon","coordinates":[[[76.9533058,28.3909506],[76.9533428,28.3914344],[76.9526586,28.391476],[76.9526525,28.3913961],[76.9526483,28.3913401],[76.9528508,28.3912008],[76.9529428,28.3911375],[76.9533013,28.3908909],[76.9533058,28.3909506]]]}},{"type":"Feature","properties":{"v":"Sikanderpur Badha","m":"23","k":"8/2","t":"Manesar","vc":"04135","area":647.1,"lat":28.3917204,"lng":76.9522386},"geometry":{"type":"Polygon","coordinates":[[[76.9523596,28.3915746],[76.9523729,28.3917664],[76.9523239,28.3918486],[76.9520389,28.3917903],[76.9519946,28.3917812],[76.9520861,28.3917184],[76.9522362,28.3916155],[76.9523567,28.3915328],[76.9523596,28.3915746]]]}},{"type":"Feature","properties":{"v":"Sikanderpur Badha","m":"23","k":"7/2","t":"Manesar","vc":"04135","area":2596.7,"lat":28.3916289,"lng":76.953014},"geometry":{"type":"Polygon","coordinates":[[[76.9533428,28.3914344],[76.9533694,28.3917817],[76.9526852,28.3918233],[76.9526586,28.391476],[76.9533428,28.3914344]]]}},{"type":"Feature","properties":{"v":"Sikanderpur Badha","m":"23","k":"6/2/2","t":"Manesar","vc":"04135","area":1558.1,"lat":28.3915733,"lng":76.9535693},"geometry":{"type":"Polygon","coordinates":[[[76.9533428,28.3914344],[76.9539073,28.3914001],[76.953626,28.3917661],[76.9533694,28.3917817],[76.9533428,28.3914344]]]}},{"type":"Feature","properties":{"v":"Sikanderpur Badha","m":"23","k":"5/1","t":"Manesar","vc":"04135","area":1806.4,"lat":28.3923497,"lng":76.9537566},"geometry":{"type":"Polygon","coordinates":[[[76.9534237,28.3924913],[76.9534052,28.3922497],[76.9540894,28.3922081],[76.9541079,28.3924497],[76.9534237,28.3924913]]]}},{"type":"Feature","properties":{"v":"Sikanderpur Badha","m":"23","k":"4/1","t":"Manesar","vc":"04135","area":1204.1,"lat":28.39239,"lng":76.9529608},"geometry":{"type":"Polygon","coordinates":[[[76.952721,28.3922913],[76.9532684,28.392258],[76.9531044,28.3925107],[76.9527395,28.3925328],[76.952721,28.3922913]]]}},{"type":"Feature","properties":{"v":"Sikanderpur Badha","m":"23","k":"3","t":"Manesar","vc":"04135","area":1798.9,"lat":28.392347,"lng":76.9522238},"geometry":{"type":"Polygon","coordinates":[[[76.9523997,28.3925838],[76.9520576,28.3926046],[76.9520333,28.3922876],[76.9522042,28.3920497],[76.9523581,28.3920403],[76.9523997,28.3925838]]]}},{"type":"Feature","properties":{"v":"Sikanderpur Badha","m":"23","k":"2","t":"Manesar","vc":"04135","area":4607.3,"lat":28.3922824,"lng":76.9517153},"geometry":{"type":"Polygon","coordinates":[[[76.9519974,28.3918175],[76.952016,28.3920611],[76.9520333,28.3922876],[76.9519481,28.3926113],[76.9513733,28.3926462],[76.9513454,28.3922813],[76.951342,28.3922368],[76.9513413,28.3922275],[76.9515302,28.3920791],[76.951761,28.3918977],[76.9519946,28.3917812],[76.9519974,28.3918175]]]}},{"type":"Feature","properties":{"v":"Sikanderpur Badha","m":"23","k":"1/2","t":"Manesar","vc":"04135","area":975.8,"lat":28.3924937,"lng":76.9512333},"geometry":{"type":"Polygon","coordinates":[[[76.951342,28.3922368],[76.9513454,28.3922813],[76.9513733,28.3926462],[76.9510826,28.3926639],[76.9510689,28.3924849],[76.9510676,28.3924682],[76.9513313,28.3922364],[76.9513413,28.3922275],[76.951342,28.3922368]]]}},{"type":"Feature","properties":{"v":"Sikanderpur Badha","m":"24","k":"25/1","t":"Manesar","vc":"04135","area":965.0,"lat":28.3900497,"lng":76.9570347},"geometry":{"type":"Polygon","coordinates":[[[76.9573649,28.3900978],[76.9567149,28.3901374],[76.9567045,28.3900015],[76.9573545,28.389962],[76.9573649,28.3900978]]]}},{"type":"Feature","properties":{"v":"Sikanderpur Badha","m":"24","k":"19/3","t":"Manesar","vc":"04135","area":914.2,"lat":28.3905313,"lng":76.9547259},"geometry":{"type":"Polygon","coordinates":[[[76.9546697,28.3908077],[76.9546281,28.3902642],[76.9547821,28.3902549],[76.9548028,28.3905266],[76.9548236,28.3907984],[76.9546697,28.3908077]]]}},{"type":"Feature","properties":{"v":"Sikanderpur Badha","m":"24","k":"19/2","t":"Manesar","vc":"04135","area":1574.6,"lat":28.3903746,"lng":76.9550576},"geometry":{"type":"Polygon","coordinates":[[[76.9553123,28.3902226],[76.9553331,28.3904944],[76.9548028,28.3905266],[76.9547821,28.3902549],[76.9553123,28.3902226]]]}},{"type":"Feature","properties":{"v":"Sikanderpur Badha","m":"24","k":"18/2","t":"Manesar","vc":"04135","area":2032.3,"lat":28.3903377,"lng":76.9556648},"geometry":{"type":"Polygon","coordinates":[[[76.9560104,28.3903622],[76.9560173,28.3904528],[76.9553331,28.3904944],[76.9553123,28.3902226],[76.9559965,28.390181],[76.9560104,28.3903622]]]}},{"type":"Feature","properties":{"v":"Sikanderpur Badha","m":"24","k":"17/2/2","t":"Manesar","vc":"04135","area":1354.8,"lat":28.3902508,"lng":76.9563455},"geometry":{"type":"Polygon","coordinates":[[[76.9559965,28.390181],[76.9566807,28.3901394],[76.9566946,28.3903206],[76.9560104,28.3903622],[76.9559965,28.390181]]]}},{"type":"Feature","properties":{"v":"Sikanderpur Badha","m":"24","k":"17/2/1","t":"Manesar","vc":"04135","area":677.4,"lat":28.3903867,"lng":76.956356},"geometry":{"type":"Polygon","coordinates":[[[76.9567015,28.3904112],[76.9560173,28.3904528],[76.9560104,28.3903622],[76.9566946,28.3903206],[76.9567015,28.3904112]]]}},{"type":"Feature","properties":{"v":"Sikanderpur Badha","m":"24","k":"17/1/2","t":"Manesar","vc":"04135","area":451.6,"lat":28.3904622,"lng":76.9563617},"geometry":{"type":"Polygon","coordinates":[[[76.9567061,28.3904716],[76.9560219,28.3905132],[76.9560173,28.3904528],[76.9567015,28.3904112],[76.9567061,28.3904716]]]}},{"type":"Feature","properties":{"v":"Sikanderpur Badha","m":"24","k":"16/1","t":"Manesar","vc":"04135","area":1286.7,"lat":28.3905705,"lng":76.9570745},"geometry":{"type":"Polygon","coordinates":[[[76.9574065,28.3906413],[76.9567565,28.3906809],[76.9567426,28.3904997],[76.9573926,28.3904602],[76.9574065,28.3906413]]]}},{"type":"Feature","properties":{"v":"Sikanderpur Badha","m":"24","k":"8/2","t":"Manesar","vc":"04135","area":609.7,"lat":28.3915783,"lng":76.9554676},"geometry":{"type":"Polygon","coordinates":[[[76.9553955,28.3913097],[76.9554981,28.3913034],[76.9555183,28.3915673],[76.9555397,28.3918469],[76.955437,28.3918532],[76.9553955,28.3913097]]]}},{"type":"Feature","properties":{"v":"Sikanderpur Badha","m":"24","k":"3/2","t":"Manesar","vc":"04135","area":1625.2,"lat":28.3920917,"lng":76.9560052},"geometry":{"type":"Polygon","coordinates":[[[76.9561212,28.3918116],[76.9561628,28.3923551],[76.9558891,28.3923717],[76.9558476,28.3918282],[76.9561212,28.3918116]]]}},{"type":"Feature","properties":{"v":"Sikanderpur Badha","m":"24","k":"1/2","t":"Manesar","vc":"04135","area":965.1,"lat":28.3920603,"lng":76.9542757},"geometry":{"type":"Polygon","coordinates":[[[76.9541028,28.3919343],[76.9544278,28.3919145],[76.9544486,28.3921863],[76.9541236,28.392206],[76.9541028,28.3919343]]]}},{"type":"Feature","properties":{"v":"Sikanderpur Badha","m":"24","k":"1/1","t":"Manesar","vc":"04135","area":965.1,"lat":28.392332,"lng":76.9542965},"geometry":{"type":"Polygon","coordinates":[[[76.9541444,28.3924778],[76.9541236,28.392206],[76.9544486,28.3921863],[76.9544694,28.392458],[76.9541444,28.3924778]]]}},{"type":"Feature","properties":{"v":"Sikanderpur Badha","m":"24","k":"13","t":"Manesar","vc":"04135","area":4064.2,"lat":28.3910171,"lng":76.9557168},"geometry":{"type":"Polygon","coordinates":[[[76.9553955,28.3913097],[76.9553539,28.3907661],[76.9560381,28.3907245],[76.9560797,28.3912681],[76.9554981,28.3913034],[76.9553955,28.3913097]]]}},{"type":"Feature","properties":{"v":"Sikanderpur Badha","m":"24","k":"25/2","t":"Manesar","vc":"04135","area":2896.0,"lat":28.3897779,"lng":76.9570139},"geometry":{"type":"Polygon","coordinates":[[[76.9573233,28.3895543],[76.9573545,28.389962],[76.9567045,28.3900015],[76.9566733,28.3895938],[76.9573233,28.3895543]]]}},{"type":"Feature","properties":{"v":"Sikanderpur Badha","m":"24","k":"24","t":"Manesar","vc":"04135","area":4063.7,"lat":28.3898884,"lng":76.9563178},"geometry":{"type":"Polygon","coordinates":[[[76.9559965,28.390181],[76.9559549,28.3896375],[76.9566391,28.3895959],[76.9566807,28.3901394],[76.9559965,28.390181]]]}},{"type":"Feature","properties":{"v":"Sikanderpur Badha","m":"24","k":"23","t":"Manesar","vc":"04135","area":4063.7,"lat":28.38993,"lng":76.9556336},"geometry":{"type":"Polygon","coordinates":[[[76.9559965,28.390181],[76.9553123,28.3902226],[76.955271,28.3896829],[76.9552707,28.3896791],[76.9552771,28.3896787],[76.9559549,28.3896375],[76.9559965,28.390181]]]}},{"type":"Feature","properties":{"v":"Sikanderpur Badha","m":"24","k":"22","t":"Manesar","vc":"04135","area":3373.8,"lat":28.3900518,"lng":76.954941},"geometry":{"type":"Polygon","coordinates":[[[76.955271,28.3896829],[76.9553123,28.3902226],[76.9547821,28.3902549],[76.9546281,28.3902642],[76.9542659,28.3902862],[76.9542518,28.3902871],[76.9543477,28.3902251],[76.9544364,28.3901677],[76.9545767,28.3900769],[76.9550593,28.3897719],[76.9550855,28.3897553],[76.9552112,28.3896827],[76.9552707,28.3896791],[76.955271,28.3896829]]]}},{"type":"Feature","properties":{"v":"Sikanderpur Badha","m":"24","k":"20/1","t":"Manesar","vc":"04135","area":1032.7,"lat":28.3906074,"lng":76.9545492},"geometry":{"type":"Polygon","coordinates":[[[76.9546697,28.3908077],[76.9544302,28.3908223],[76.9544114,28.3905766],[76.9546281,28.3902642],[76.9546697,28.3908077]]]}},{"type":"Feature","properties":{"v":"Sikanderpur Badha","m":"24","k":"19/1","t":"Manesar","vc":"04135","area":1574.8,"lat":28.3906464,"lng":76.9550783},"geometry":{"type":"Polygon","coordinates":[[[76.9553539,28.3907661],[76.9548236,28.3907984],[76.9548028,28.3905266],[76.9553331,28.3904944],[76.9553539,28.3907661]]]}},{"type":"Feature","properties":{"v":"Sikanderpur Badha","m":"24","k":"18/1","t":"Manesar","vc":"04135","area":2031.4,"lat":28.3906095,"lng":76.9556856},"geometry":{"type":"Polygon","coordinates":[[[76.9560219,28.3905132],[76.9560381,28.3907245],[76.9553539,28.3907661],[76.9553331,28.3904944],[76.9560173,28.3904528],[76.9560219,28.3905132]]]}},{"type":"Feature","properties":{"v":"Sikanderpur Badha","m":"24","k":"17/1/1","t":"Manesar","vc":"04135","area":1580.2,"lat":28.3905981,"lng":76.9563721},"geometry":{"type":"Polygon","coordinates":[[[76.9560381,28.3907245],[76.9560219,28.3905132],[76.9567061,28.3904716],[76.9567223,28.390683],[76.9560381,28.3907245]]]}},{"type":"Feature","properties":{"v":"Sikanderpur Badha","m":"24","k":"16/2","t":"Manesar","vc":"04135","area":2573.8,"lat":28.3902988,"lng":76.9570538},"geometry":{"type":"Polygon","coordinates":[[[76.9573649,28.3900978],[76.9573926,28.3904602],[76.9567426,28.3904997],[76.9567149,28.3901374],[76.9573649,28.3900978]]]}},{"type":"Feature","properties":{"v":"Sikanderpur Badha","m":"24","k":"15","t":"Manesar","vc":"04135","area":3860.9,"lat":28.3909329,"lng":76.9571023},"geometry":{"type":"Polygon","coordinates":[[[76.9574481,28.3911849],[76.9567981,28.3912244],[76.9567565,28.3906809],[76.9574065,28.3906413],[76.9574481,28.3911849]]]}},{"type":"Feature","properties":{"v":"Sikanderpur Badha","m":"24","k":"14","t":"Manesar","vc":"04135","area":4063.8,"lat":28.3909755,"lng":76.956401},"geometry":{"type":"Polygon","coordinates":[[[76.9560797,28.3912681],[76.9560381,28.3907245],[76.9567223,28.390683],[76.9567639,28.3912265],[76.9562251,28.3912592],[76.9560797,28.3912681]]]}},{"type":"Feature","properties":{"v":"Sikanderpur Badha","m":"24","k":"12","t":"Manesar","vc":"04135","area":4064.2,"lat":28.3910587,"lng":76.9550326},"geometry":{"type":"Polygon","coordinates":[[[76.9553955,28.3913097],[76.9547113,28.3913513],[76.9546697,28.3908077],[76.9548236,28.3907984],[76.9553539,28.3907661],[76.9553955,28.3913097]]]}},{"type":"Feature","properties":{"v":"Sikanderpur Badha","m":"24","k":"11","t":"Manesar","vc":"04135","area":3257.2,"lat":28.3911292,"lng":76.9544038},"geometry":{"type":"Polygon","coordinates":[[[76.9547113,28.3913513],[76.9540613,28.3913908],[76.9540451,28.3911794],[76.9542786,28.3908618],[76.9542957,28.3908608],[76.954298,28.390891],[76.9544348,28.3908827],[76.9544302,28.3908223],[76.9546697,28.3908077],[76.9547113,28.3913513]]]}},{"type":"Feature","properties":{"v":"Sikanderpur Badha","m":"24","k":"10","t":"Manesar","vc":"04135","area":3860.3,"lat":28.3916428,"lng":76.954407},"geometry":{"type":"Polygon","coordinates":[[[76.9547528,28.3918948],[76.9544278,28.3919145],[76.9541028,28.3919343],[76.9540613,28.3913908],[76.9547113,28.3913513],[76.9547528,28.3918948]]]}},{"type":"Feature","properties":{"v":"Sikanderpur Badha","m":"24","k":"9","t":"Manesar","vc":"04135","area":4063.6,"lat":28.3916023,"lng":76.9550742},"geometry":{"type":"Polygon","coordinates":[[[76.9547113,28.3913513],[76.9553955,28.3913097],[76.955437,28.3918532],[76.9547528,28.3918948],[76.9547113,28.3913513]]]}},{"type":"Feature","properties":{"v":"Sikanderpur Badha","m":"24","k":"8/1/2","t":"Manesar","vc":"04135","area":1774.8,"lat":28.3916896,"lng":76.9558197},"geometry":{"type":"Polygon","coordinates":[[[76.9558476,28.3918282],[76.9555397,28.3918469],[76.9555183,28.3915673],[76.9560999,28.3915326],[76.9561212,28.3918116],[76.9558476,28.3918282]]]}},{"type":"Feature","properties":{"v":"Sikanderpur Badha","m":"24","k":"7/1","t":"Manesar","vc":"04135","area":333.2,"lat":28.3917576,"lng":76.9565399},"geometry":{"type":"Polygon","coordinates":[[[76.9568054,28.39177],[76.9562666,28.3918027],[76.9562626,28.3917499],[76.9568008,28.3917096],[76.9568054,28.39177]]]}},{"type":"Feature","properties":{"v":"Sikanderpur Badha","m":"24","k":"6","t":"Manesar","vc":"04135","area":3646.0,"lat":28.3914915,"lng":76.9571451},"geometry":{"type":"Polygon","coordinates":[[[76.9574897,28.3917284],[76.9568397,28.3917679],[76.9568004,28.3912546],[76.9574504,28.3912151],[76.9574897,28.3917284]]]}},{"type":"Feature","properties":{"v":"Sikanderpur Badha","m":"24","k":"5","t":"Manesar","vc":"04135","area":3860.4,"lat":28.3920199,"lng":76.9571854},"geometry":{"type":"Polygon","coordinates":[[[76.9574897,28.3917284],[76.9575312,28.3922719],[76.9568812,28.3923114],[76.9568397,28.3917679],[76.9574897,28.3917284]]]}},{"type":"Feature","properties":{"v":"Sikanderpur Badha","m":"24","k":"4","t":"Manesar","vc":"04135","area":4063.8,"lat":28.3920625,"lng":76.9564841},"geometry":{"type":"Polygon","coordinates":[[[76.9561212,28.3918116],[76.9562666,28.3918027],[76.9568054,28.39177],[76.956847,28.3923135],[76.9561628,28.3923551],[76.9561212,28.3918116]]]}},{"type":"Feature","properties":{"v":"Sikanderpur Badha","m":"24","k":"3/1","t":"Manesar","vc":"04135","area":2438.5,"lat":28.3921124,"lng":76.9556631},"geometry":{"type":"Polygon","coordinates":[[[76.955437,28.3918532],[76.9555397,28.3918469],[76.9558476,28.3918282],[76.9558891,28.3923717],[76.9557352,28.3923811],[76.9554786,28.3923967],[76.955437,28.3918532]]]}},{"type":"Feature","properties":{"v":"Sikanderpur Badha","m":"24","k":"2","t":"Manesar","vc":"04135","area":4063.6,"lat":28.3921458,"lng":76.9551157},"geometry":{"type":"Polygon","coordinates":[[[76.955437,28.3918532],[76.9554786,28.3923967],[76.9547944,28.3924383],[76.9547528,28.3918948],[76.955437,28.3918532]]]}},{"type":"Feature","properties":{"v":"Sikanderpur Badha","m":"24","k":"1/3","t":"Manesar","vc":"04135","area":1930.2,"lat":28.3921764,"lng":76.9546111},"geometry":{"type":"Polygon","coordinates":[[[76.9547528,28.3918948],[76.9547944,28.3924383],[76.9544694,28.392458],[76.9544486,28.3921863],[76.9544278,28.3919145],[76.9547528,28.3918948]]]}},{"type":"Feature","properties":{"v":"Sikanderpur Badha","m":"24","k":"26/2","t":"Manesar","vc":"04135","area":188.8,"lat":28.3906132,"lng":76.95433},"geometry":{"type":"Polygon","coordinates":[[[76.9542714,28.3905438],[76.9544083,28.3905354],[76.9544114,28.3905766],[76.9542876,28.3907551],[76.9542714,28.3905438]]]}},{"type":"Feature","properties":{"v":"Sikanderpur Badha","m":"25","k":"21/1","t":"Manesar","vc":"04135","area":1524.0,"lat":28.3898183,"lng":76.9574724},"geometry":{"type":"Polygon","coordinates":[[[76.9573649,28.3900978],[76.9573545,28.389962],[76.9573233,28.3895543],[76.9575799,28.3895387],[76.9576215,28.3900822],[76.9573649,28.3900978]]]}},{"type":"Feature","properties":{"v":"Sikanderpur Badha","m":"25","k":"20/1","t":"Manesar","vc":"04135","area":1354.1,"lat":28.39053,"lng":76.9577417},"geometry":{"type":"Polygon","coordinates":[[[76.9580907,28.3905997],[76.9574065,28.3906413],[76.9573926,28.3904602],[76.9580768,28.3904186],[76.9580907,28.3905997]]]}},{"type":"Feature","properties":{"v":"Sikanderpur Badha","m":"25","k":"11/1","t":"Manesar","vc":"04135","area":2032.2,"lat":28.3908086,"lng":76.9576484},"geometry":{"type":"Polygon","coordinates":[[[76.9574065,28.3906413],[76.9580907,28.3905997],[76.9574481,28.3911849],[76.9574065,28.3906413]]]}},{"type":"Feature","properties":{"v":"Sikanderpur Badha","m":"25","k":"2/1","t":"Manesar","vc":"04135","area":1523.4,"lat":28.3919508,"lng":76.9583229},"geometry":{"type":"Polygon","coordinates":[[[76.9584304,28.3916712],[76.958472,28.3922147],[76.9582155,28.3922303],[76.9581739,28.3916868],[76.9584304,28.3916712]]]}},{"type":"Feature","properties":{"v":"Sikanderpur Badha","m":"25","k":"22","t":"Manesar","vc":"04135","area":2697.1,"lat":28.3897687,"lng":76.9582552},"geometry":{"type":"Polygon","coordinates":[[[76.9584722,28.3895223],[76.958475,28.3895884],[76.9584821,28.3897544],[76.9584938,28.3900292],[76.9584673,28.3900308],[76.9580491,28.3900562],[76.9580075,28.3895127],[76.958468,28.3894847],[76.9584762,28.3894842],[76.9584722,28.3895223]]]}},{"type":"Feature","properties":{"v":"Sikanderpur Badha","m":"25","k":"21/2","t":"Manesar","vc":"04135","area":2539.7,"lat":28.3897974,"lng":76.9578145},"geometry":{"type":"Polygon","coordinates":[[[76.9580491,28.3900562],[76.9576215,28.3900822],[76.9575799,28.3895387],[76.9580075,28.3895127],[76.9580491,28.3900562]]]}},{"type":"Feature","properties":{"v":"Sikanderpur Badha","m":"25","k":"20/2","t":"Manesar","vc":"04135","area":2709.6,"lat":28.3902582,"lng":76.9577209},"geometry":{"type":"Polygon","coordinates":[[[76.9580491,28.3900562],[76.9580768,28.3904186],[76.9573926,28.3904602],[76.9573649,28.3900978],[76.9576215,28.3900822],[76.9580491,28.3900562]]]}},{"type":"Feature","properties":{"v":"Sikanderpur Badha","m":"25","k":"19","t":"Manesar","vc":"04135","area":2721.0,"lat":28.3903198,"lng":76.9583},"geometry":{"type":"Polygon","coordinates":[[[76.9585031,28.3901383],[76.9585273,28.3904231],[76.9586209,28.3905675],[76.9585187,28.3905737],[76.9580907,28.3905997],[76.9580768,28.3904186],[76.9580491,28.3900562],[76.9584673,28.3900308],[76.9584938,28.3900292],[76.9585031,28.3901383]]]}},{"type":"Feature","properties":{"v":"Sikanderpur Badha","m":"25","k":"12","t":"Manesar","vc":"04135","area":3403.2,"lat":28.3908608,"lng":76.958399},"geometry":{"type":"Polygon","coordinates":[[[76.958748,28.3911058],[76.9586901,28.3911093],[76.9581323,28.3911433],[76.9580907,28.3905997],[76.9585187,28.3905737],[76.9586209,28.3905675],[76.958748,28.3911058]]]}},{"type":"Feature","properties":{"v":"Sikanderpur Badha","m":"25","k":"11/2","t":"Manesar","vc":"04135","area":2032.2,"lat":28.390976,"lng":76.9578904},"geometry":{"type":"Polygon","coordinates":[[[76.9581323,28.3911433],[76.9574481,28.3911849],[76.9580907,28.3905997],[76.9581323,28.3911433]]]}},{"type":"Feature","properties":{"v":"Sikanderpur Badha","m":"25","k":"10","t":"Manesar","vc":"04135","area":4063.7,"lat":28.3914358,"lng":76.957811},"geometry":{"type":"Polygon","coordinates":[[[76.9581739,28.3916868],[76.9574897,28.3917284],[76.9574504,28.3912151],[76.9574481,28.3911849],[76.9581323,28.3911433],[76.9581739,28.3916868]]]}},{"type":"Feature","properties":{"v":"Sikanderpur Badha","m":"25","k":"9","t":"Manesar","vc":"04135","area":3855.3,"lat":28.3914008,"lng":76.9584785},"geometry":{"type":"Polygon","coordinates":[[[76.9587744,28.3912537],[76.9587968,28.3913792],[76.9588121,28.3914645],[76.9588486,28.3915214],[76.9588581,28.3916452],[76.9584304,28.3916712],[76.9581739,28.3916868],[76.9581323,28.3911433],[76.9586901,28.3911093],[76.958748,28.3911058],[76.9587744,28.3912537]]]}},{"type":"Feature","properties":{"v":"Sikanderpur Badha","m":"25","k":"3","t":"Manesar","vc":"04135","area":1184.9,"lat":28.3919597,"lng":76.958991},"geometry":{"type":"Polygon","coordinates":[[[76.9588581,28.3916452],[76.9588486,28.3915214],[76.9592247,28.3921689],[76.9588997,28.3921887],[76.9588581,28.3916452]]]}},{"type":"Feature","properties":{"v":"Sikanderpur Badha","m":"25","k":"2/2","t":"Manesar","vc":"04135","area":2540.2,"lat":28.3919299,"lng":76.958665},"geometry":{"type":"Polygon","coordinates":[[[76.9588581,28.3916452],[76.9588997,28.3921887],[76.958472,28.3922147],[76.9584304,28.3916712],[76.9588581,28.3916452]]]}},{"type":"Feature","properties":{"v":"Sikanderpur Badha","m":"25","k":"1","t":"Manesar","vc":"04135","area":4063.9,"lat":28.3919794,"lng":76.9578526},"geometry":{"type":"Polygon","coordinates":[[[76.9581739,28.3916868],[76.9582155,28.3922303],[76.9575312,28.3922719],[76.9574897,28.3917284],[76.9581739,28.3916868]]]}},{"type":"Feature","properties":{"v":"Sikanderpur Badha","m":"26","k":"10/1","t":"Manesar","vc":"04135","area":225.8,"lat":28.3889749,"lng":76.9576226},"geometry":{"type":"Polygon","coordinates":[[[76.9579659,28.3889692],[76.9572817,28.3890108],[76.9572794,28.3889806],[76.9579636,28.388939],[76.9579659,28.3889692]]]}},{"type":"Feature","properties":{"v":"Sikanderpur Badha","m":"26","k":"2","t":"Manesar","vc":"04135","area":3237.2,"lat":28.3892005,"lng":76.9582226},"geometry":{"type":"Polygon","coordinates":[[[76.9585112,28.3890503],[76.9585341,28.3890605],[76.958533,28.3890684],[76.9585223,28.389147],[76.9584762,28.3894842],[76.958468,28.3894847],[76.9580075,28.3895127],[76.9579659,28.3889692],[76.9579636,28.388939],[76.9579542,28.3888169],[76.9579532,28.3888031],[76.9585112,28.3890503]]]}},{"type":"Feature","properties":{"v":"Sikanderpur Badha","m":"26","k":"1","t":"Manesar","vc":"04135","area":4063.7,"lat":28.3892618,"lng":76.9576446},"geometry":{"type":"Polygon","coordinates":[[[76.9579659,28.3889692],[76.9580075,28.3895127],[76.9575799,28.3895387],[76.9573233,28.3895543],[76.9573025,28.3892826],[76.9573002,28.3892524],[76.9572817,28.3890108],[76.9579659,28.3889692]]]}},{"type":"Feature","properties":{"v":"Sikanderpur Badha","m":"27","k":"5/2/2","t":"Manesar","vc":"04135","area":1535.1,"lat":28.3891493,"lng":76.9570002},"geometry":{"type":"Polygon","coordinates":[[[76.9572817,28.3890108],[76.9573002,28.3892524],[76.9567186,28.3892877],[76.9567002,28.3890462],[76.9572817,28.3890108]]]}},{"type":"Feature","properties":{"v":"Sikanderpur Badha","m":"27","k":"6","t":"Manesar","vc":"04135","area":3138.9,"lat":28.3888122,"lng":76.9569566},"geometry":{"type":"Polygon","coordinates":[[[76.9571694,28.3885368],[76.9572471,28.3885579],[76.9572483,28.3885742],[76.9572621,28.3887542],[76.9572794,28.3889806],[76.9572817,28.3890108],[76.9567002,28.3890462],[76.9565975,28.3890524],[76.9565786,28.3888051],[76.9565779,28.3887958],[76.9568501,28.3886193],[76.9570342,28.3885],[76.9571694,28.3885368]]]}},{"type":"Feature","properties":{"v":"Sikanderpur Badha","m":"27","k":"5/1","t":"Manesar","vc":"04135","area":1929.9,"lat":28.3894382,"lng":76.9569879},"geometry":{"type":"Polygon","coordinates":[[[76.9573233,28.3895543],[76.9566733,28.3895938],[76.9566525,28.3893221],[76.9573025,28.3892826],[76.9573233,28.3895543]]]}},{"type":"Feature","properties":{"v":"Sikanderpur Badha","m":"27","k":"4","t":"Manesar","vc":"04135","area":4617.8,"lat":28.3892965,"lng":76.956307},"geometry":{"type":"Polygon","coordinates":[[[76.9565786,28.3888051],[76.9565975,28.3890524],[76.956616,28.389294],[76.9566391,28.3895959],[76.9559549,28.3896375],[76.9559267,28.3892685],[76.9559226,28.3892148],[76.9559627,28.3891863],[76.956035,28.389135],[76.9561097,28.3890821],[76.9565779,28.3887958],[76.9565786,28.3888051]]]}},{"type":"Feature","properties":{"v":"Sikanderpur Badha","m":"27","k":"3","t":"Manesar","vc":"04135","area":1717.6,"lat":28.3895117,"lng":76.9556962},"geometry":{"type":"Polygon","coordinates":[[[76.9559267,28.3892685],[76.9559549,28.3896375],[76.9552771,28.3896787],[76.9552707,28.3896791],[76.9552112,28.3896827],[76.9552576,28.3896522],[76.9556059,28.3894231],[76.9559226,28.3892148],[76.9559267,28.3892685]]]}},{"type":"Feature","properties":{"v":"Sikanderpur Badha","m":"0","k":"","t":"Manesar","vc":"04135","area":3950.6,"lat":28.3972896,"lng":76.961575},"geometry":{"type":"Polygon","coordinates":[[[76.9613684,28.3974989],[76.9610263,28.3975197],[76.9613314,28.3970158],[76.9618753,28.3971013],[76.9620272,28.3971251],[76.9620526,28.3974573],[76.9613684,28.3974989]]]}},{"type":"Feature","properties":{"v":"Sikanderpur Badha","m":"0","k":"","t":"Manesar","vc":"04135","area":1439.2,"lat":28.3972561,"lng":76.9622163},"geometry":{"type":"Polygon","coordinates":[[[76.9623749,28.3972118],[76.9624118,28.3974354],[76.9620526,28.3974573],[76.9620272,28.3971251],[76.9622993,28.3970174],[76.9623402,28.3970012],[76.9623749,28.3972118]]]}},{"type":"Feature","properties":{"v":"Sikanderpur Badha","m":"19","k":"","t":"Manesar","vc":"04135","area":1264.0,"lat":28.3942804,"lng":76.9589223},"geometry":{"type":"Polygon","coordinates":[[[76.959066,28.3943627],[76.9590753,28.3944835],[76.9590411,28.3944856],[76.9588016,28.3945001],[76.9587924,28.3943794],[76.9587693,28.3940774],[76.9590087,28.3940628],[76.9590429,28.3940608],[76.959066,28.3943627]]]}},{"type":"Feature","properties":{"v":"Sikanderpur Badha","m":"18","k":"1/2","t":"Manesar","vc":"04135","area":117.6,"lat":28.3970691,"lng":76.9619729},"geometry":{"type":"Polygon","coordinates":[[[76.9620272,28.3971251],[76.9618753,28.3971013],[76.9620161,28.396981],[76.9620272,28.3971251]]]}},{"type":"Feature","properties":{"v":"Sikanderpur Badha","m":"18","k":"2/2","t":"Manesar","vc":"04135","area":72.5,"lat":28.3969322,"lng":76.9620786},"geometry":{"type":"Polygon","coordinates":[[[76.962011,28.3969138],[76.9622086,28.3969018],[76.9620161,28.396981],[76.962011,28.3969138]]]}},{"type":"Feature","properties":{"v":"Sikanderpur Badha","m":"18","k":"9/1","t":"Manesar","vc":"04135","area":66.7,"lat":28.3968552,"lng":76.9622536},"geometry":{"type":"Polygon","coordinates":[[[76.9623018,28.3968961],[76.9622535,28.396899],[76.9622086,28.3969018],[76.9622291,28.3968361],[76.9622506,28.3967677],[76.9623018,28.3968961]]]}},{"type":"Feature","properties":{"v":"Sikanderpur Badha","m":"17","k":"9/2/2","t":"Manesar","vc":"04135","area":858.0,"lat":28.396619,"lng":76.9588778},"geometry":{"type":"Polygon","coordinates":[[[76.9585482,28.3965784],[76.9591982,28.3965388],[76.9592075,28.3966596],[76.9585575,28.3966992],[76.9585482,28.3965784]]]}},{"type":"Feature","properties":{"v":"Sikanderpur Badha","m":"16","k":"8/1","t":"Manesar","vc":"04135","area":2621.6,"lat":28.3970863,"lng":76.9561401},"geometry":{"type":"Polygon","coordinates":[[[76.9565371,28.3972467],[76.9558529,28.3972883],[76.9558228,28.3968958],[76.9558741,28.3968926],[76.9558672,28.3968021],[76.9565209,28.3970353],[76.9565371,28.3972467]]]}},{"type":"Feature","properties":{"v":"Sikanderpur Badha","m":"15","k":"6/2","t":"Manesar","vc":"04135","area":1297.9,"lat":28.3969496,"lng":76.954203},"geometry":{"type":"Polygon","coordinates":[[[76.9537586,28.3968696],[76.9544428,28.396828],[76.954467,28.397145],[76.9537609,28.3968998],[76.9537586,28.3968696]]]}},{"type":"Feature","properties":{"v":"Sikanderpur Badha","m":"15","k":"13/1","t":"Manesar","vc":"04135","area":2923.5,"lat":28.3967217,"lng":76.9526685},"geometry":{"type":"Polygon","coordinates":[[[76.9523901,28.3969527],[76.9523485,28.3964092],[76.9530547,28.3966545],[76.953072,28.396881],[76.9528667,28.3968934],[76.952869,28.3969236],[76.9526125,28.3969392],[76.9523901,28.3969527]]]}},{"type":"Feature","properties":{"v":"Sikanderpur Badha","m":"15","k":"14/1","t":"Manesar","vc":"04135","area":677.4,"lat":28.3967944,"lng":76.9532487},"geometry":{"type":"Polygon","coordinates":[[[76.953072,28.396881],[76.9530547,28.3966545],[76.9536194,28.3968477],[76.953072,28.396881]]]}},{"type":"Feature","properties":{"v":"Sikanderpur Badha","m":"16","k":"11/2","t":"Manesar","vc":"04135","area":1152.6,"lat":28.3963547,"lng":76.954851},"geometry":{"type":"Polygon","coordinates":[[[76.9544354,28.3962824],[76.9550855,28.3962429],[76.9551074,28.3965297],[76.9544383,28.3963201],[76.9544354,28.3962824]]]}},{"type":"Feature","properties":{"v":"Sikanderpur Badha","m":"16","k":"26/2","t":"Manesar","vc":"04135","area":67.8,"lat":28.3964338,"lng":76.9557703},"geometry":{"type":"Polygon","coordinates":[[[76.9557859,28.3964126],[76.9558372,28.3964095],[76.9558418,28.3964699],[76.9556319,28.396422],[76.9557859,28.3964126]]]}},{"type":"Feature","properties":{"v":"Sikanderpur Badha","m":"16","k":"12/1/2","t":"Manesar","vc":"04135","area":1821.5,"lat":28.3963518,"lng":76.955406},"geometry":{"type":"Polygon","coordinates":[[[76.9557697,28.3962013],[76.9557859,28.3964126],[76.9556319,28.396422],[76.9552898,28.3964428],[76.955302,28.3966021],[76.9551074,28.3965297],[76.9550855,28.3962429],[76.9557697,28.3962013]]]}},{"type":"Feature","properties":{"v":"Sikanderpur Badha","m":"16","k":"12/1/1","t":"Manesar","vc":"04135","area":379.6,"lat":28.396657,"lng":76.9552045},"geometry":{"type":"Polygon","coordinates":[[[76.9551247,28.3967562],[76.9551074,28.3965297],[76.955302,28.3966021],[76.9553129,28.3967448],[76.9551247,28.3967562]]]}},{"type":"Feature","properties":{"v":"Sikanderpur Badha","m":"17","k":"12/1","t":"Manesar","vc":"04135","area":1179.4,"lat":28.3964756,"lng":76.9588668},"geometry":{"type":"Polygon","coordinates":[[[76.9585482,28.3965784],[76.9585355,28.3964123],[76.9591855,28.3963728],[76.9591982,28.3965388],[76.9585482,28.3965784]]]}},{"type":"Feature","properties":{"v":"Sikanderpur Badha","m":"17","k":"12/3","t":"Manesar","vc":"04135","area":1340.4,"lat":28.3961094,"lng":76.958839},"geometry":{"type":"Polygon","coordinates":[[[76.9585066,28.3960349],[76.9591566,28.3959953],[76.9591711,28.3961843],[76.958521,28.3962233],[76.9585066,28.3960349]]]}},{"type":"Feature","properties":{"v":"Sikanderpur Badha","m":"17","k":"16/2","t":"Manesar","vc":"04135","area":1043.0,"lat":28.3957876,"lng":76.9607424},"geometry":{"type":"Polygon","coordinates":[[[76.9605593,28.39591],[76.9605339,28.3955779],[76.9611341,28.395875],[76.9605593,28.39591]]]}},{"type":"Feature","properties":{"v":"Sikanderpur Badha","m":"17","k":"17/2","t":"Manesar","vc":"04135","area":454.4,"lat":28.3954449,"lng":76.960392},"geometry":{"type":"Polygon","coordinates":[[[76.9605177,28.3953665],[76.9605339,28.3955779],[76.9601243,28.3953904],[76.9605177,28.3953665]]]}},{"type":"Feature","properties":{"v":"Sikanderpur Badha","m":"17","k":"20/2","t":"Manesar","vc":"04135","area":225.8,"lat":28.3955273,"lng":76.958124},"geometry":{"type":"Polygon","coordinates":[[[76.958465,28.3954913],[76.9584673,28.3955215],[76.9577831,28.3955632],[76.9577808,28.395533],[76.958465,28.3954913]]]}},{"type":"Feature","properties":{"v":"Sikanderpur Badha","m":"15","k":"16/1/2","t":"Manesar","vc":"04135","area":623.7,"lat":28.3961702,"lng":76.9542134},"geometry":{"type":"Polygon","coordinates":[[[76.9544012,28.3962845],[76.9543499,28.3962876],[76.9538559,28.3961204],[76.9543862,28.3960882],[76.9544012,28.3962845]]]}},{"type":"Feature","properties":{"v":"Sikanderpur Badha","m":"15","k":"17/1","t":"Manesar","vc":"04135","area":1016.1,"lat":28.395887,"lng":76.9534543},"geometry":{"type":"Polygon","coordinates":[[[76.9536754,28.3957825],[76.9536962,28.3960543],[76.9529912,28.3958241],[76.9536754,28.3957825]]]}},{"type":"Feature","properties":{"v":"Sikanderpur Badha","m":"15","k":"20/2/2","t":"Manesar","vc":"04135","area":244.0,"lat":28.3962895,"lng":76.9510041},"geometry":{"type":"Polygon","coordinates":[[[76.9510812,28.3962613],[76.95098,28.3964924],[76.9509512,28.3961149],[76.9510812,28.3962613]]]}},{"type":"Feature","properties":{"v":"Sikanderpur Badha","m":"15","k":"20/1/2","t":"Manesar","vc":"04135","area":1197.7,"lat":28.3960144,"lng":76.951324},"geometry":{"type":"Polygon","coordinates":[[[76.9516227,28.3959073],[76.9516423,28.396164],[76.9511921,28.3960081],[76.9511188,28.3961756],[76.9509431,28.3960093],[76.9509385,28.3959489],[76.9516227,28.3959073]]]}},{"type":"Feature","properties":{"v":"Sikanderpur Badha","m":"17","k":"21/2","t":"Manesar","vc":"04135","area":1665.3,"lat":28.3950801,"lng":76.9580879},"geometry":{"type":"Polygon","coordinates":[[[76.9584234,28.3949478],[76.9584402,28.3951668],[76.9577565,28.3952159],[76.9577392,28.3949894],[76.9578076,28.3949853],[76.9584234,28.3949478]]]}},{"type":"Feature","properties":{"v":"Sikanderpur Badha","m":"17","k":"24/1","t":"Manesar","vc":"04135","area":335.7,"lat":28.3953318,"lng":76.959925},"geometry":{"type":"Polygon","coordinates":[[[76.9598335,28.3954081],[76.9598173,28.3951968],[76.9601243,28.3953904],[76.9598335,28.3954081]]]}},{"type":"Feature","properties":{"v":"Sikanderpur Badha","m":"17","k":"24/3","t":"Manesar","vc":"04135","area":1693.1,"lat":28.394957,"lng":76.9601426},"geometry":{"type":"Polygon","coordinates":[[[76.9597919,28.3948646],[76.9604761,28.394823],[76.9604934,28.3950494],[76.9598092,28.3950911],[76.9597919,28.3948646]]]}},{"type":"Feature","properties":{"v":"Sikanderpur Badha","m":"21","k":"2/2/2","t":"Manesar","vc":"04135","area":406.3,"lat":28.3950525,"lng":76.9522104},"geometry":{"type":"Polygon","coordinates":[[[76.9522238,28.3947787],[76.9522654,28.3953222],[76.952197,28.3953264],[76.9521554,28.3947828],[76.9522238,28.3947787]]]}},{"type":"Feature","properties":{"v":"Sikanderpur Badha","m":"21","k":"2/1/1","t":"Manesar","vc":"04135","area":553.1,"lat":28.3949563,"lng":76.9516302},"geometry":{"type":"Polygon","coordinates":[[[76.9515719,28.395243],[76.9515396,28.3948203],[76.9517791,28.3948057],[76.9515719,28.395243]]]}},{"type":"Feature","properties":{"v":"Sikanderpur Badha","m":"21","k":"10/2","t":"Manesar","vc":"04135","area":105.8,"lat":28.3943921,"lng":76.9508481},"geometry":{"type":"Polygon","coordinates":[[[76.9508993,28.3943131],[76.9508311,28.3945448],[76.9508138,28.3943183],[76.9508993,28.3943131]]]}},{"type":"Feature","properties":{"v":"Sikanderpur Badha","m":"21","k":"11/1/2","t":"Manesar","vc":"04135","area":632.2,"lat":28.3938819,"lng":76.9512027},"geometry":{"type":"Polygon","coordinates":[[[76.9514565,28.3937332],[76.9509859,28.3941616],[76.9511657,28.3937509],[76.9514565,28.3937332]]]}},{"type":"Feature","properties":{"v":"Sikanderpur Badha","m":"21","k":"11/2/1","t":"Manesar","vc":"04135","area":68.0,"lat":28.3942643,"lng":76.9508997},"geometry":{"type":"Polygon","coordinates":[[[76.9508138,28.3943183],[76.9509859,28.3941616],[76.9508993,28.3943131],[76.9508138,28.3943183]]]}},{"type":"Feature","properties":{"v":"Sikanderpur Badha","m":"21","k":"9/1/1","t":"Manesar","vc":"04135","area":452.3,"lat":28.3946902,"lng":76.9517743},"geometry":{"type":"Polygon","coordinates":[[[76.9515396,28.3948203],[76.9520041,28.3944447],[76.9517791,28.3948057],[76.9515396,28.3948203]]]}},{"type":"Feature","properties":{"v":"Sikanderpur Badha","m":"21","k":"12/2","t":"Manesar","vc":"04135","area":203.1,"lat":28.3941474,"lng":76.9521297},"geometry":{"type":"Polygon","coordinates":[[[76.9521822,28.3942352],[76.9520454,28.3942435],[76.9521615,28.3939634],[76.9521822,28.3942352]]]}},{"type":"Feature","properties":{"v":"Sikanderpur Badha","m":"21","k":"13/1/1","t":"Manesar","vc":"04135","area":293.3,"lat":28.3937782,"lng":76.9522135},"geometry":{"type":"Polygon","coordinates":[[[76.9521407,28.3936917],[76.9523383,28.3936796],[76.9521615,28.3939634],[76.9521407,28.3936917]]]}},{"type":"Feature","properties":{"v":"Sikanderpur Badha","m":"20","k":"13/2","t":"Manesar","vc":"04135","area":813.1,"lat":28.393718,"lng":76.9561983},"geometry":{"type":"Polygon","coordinates":[[[76.9562876,28.3939856],[76.9561507,28.3939939],[76.9561091,28.3934504],[76.956246,28.3934421],[76.9562876,28.3939856]]]}},{"type":"Feature","properties":{"v":"Sikanderpur Badha","m":"19","k":"12/3/2","t":"Manesar","vc":"04135","area":152.4,"lat":28.3936146,"lng":76.9588971},"geometry":{"type":"Polygon","coordinates":[[[76.9589706,28.3935646],[76.9589775,28.3936552],[76.9588236,28.3936646],[76.9588166,28.393574],[76.9589706,28.3935646]]]}},{"type":"Feature","properties":{"v":"Sikanderpur Badha","m":"19","k":"13/1","t":"Manesar","vc":"04135","area":1778.1,"lat":28.3936796,"lng":76.9593557},"geometry":{"type":"Polygon","coordinates":[[[76.9590244,28.3938192],[76.959006,28.3935776],[76.9596908,28.3935436],[76.9597087,28.3937776],[76.9590244,28.3938192]]]}},{"type":"Feature","properties":{"v":"Sikanderpur Badha","m":"19","k":"14/1","t":"Manesar","vc":"04135","area":983.2,"lat":28.3936565,"lng":76.9598952},"geometry":{"type":"Polygon","coordinates":[[[76.9601705,28.3937495],[76.9597087,28.3937776],[76.9596908,28.3935436],[76.9600044,28.3935252],[76.9600543,28.3935997],[76.9601705,28.3937495]]]}},{"type":"Feature","properties":{"v":"Sikanderpur Badha","m":"21","k":"18/2","t":"Manesar","vc":"04135","area":1993.9,"lat":28.3933718,"lng":76.9522944},"geometry":{"type":"Polygon","coordinates":[[[76.9521407,28.3936917],[76.9520991,28.3931481],[76.9525729,28.3931193],[76.9523383,28.3936796],[76.9521407,28.3936917]]]}},{"type":"Feature","properties":{"v":"Sikanderpur Badha","m":"21","k":"20/1/1","t":"Manesar","vc":"04135","area":863.6,"lat":28.3935579,"lng":76.9513457},"geometry":{"type":"Polygon","coordinates":[[[76.9514565,28.3937332],[76.9511657,28.3937509],[76.9514149,28.3931897],[76.9514565,28.3937332]]]}},{"type":"Feature","properties":{"v":"Sikanderpur Badha","m":"21","k":"22/1/2","t":"Manesar","vc":"04135","area":325.0,"lat":28.3928019,"lng":76.9518069},"geometry":{"type":"Polygon","coordinates":[[[76.9520576,28.3926046],[76.9514149,28.3931897],[76.9519481,28.3926113],[76.9520576,28.3926046]]]}},{"type":"Feature","properties":{"v":"Sikanderpur Badha","m":"21","k":"25/2","t":"Manesar","vc":"04135","area":1219.4,"lat":28.3927579,"lng":76.9540283},"geometry":{"type":"Polygon","coordinates":[[[76.9541518,28.3930234],[76.9539465,28.3930359],[76.9539049,28.3924923],[76.9541102,28.3924799],[76.9541518,28.3930234]]]}},{"type":"Feature","properties":{"v":"Sikanderpur Badha","m":"23","k":"5/2","t":"Manesar","vc":"04135","area":52.2,"lat":28.3920134,"lng":76.9534158},"geometry":{"type":"Polygon","coordinates":[[[76.9533844,28.3919779],[76.9534699,28.3919727],[76.953393,28.3920897],[76.9533844,28.3919779]]]}},{"type":"Feature","properties":{"v":"Sikanderpur Badha","m":"23","k":"4/2/2","t":"Manesar","vc":"04135","area":119.6,"lat":28.3921991,"lng":76.9533555},"geometry":{"type":"Polygon","coordinates":[[[76.9534052,28.3922497],[76.9532684,28.392258],[76.953393,28.3920897],[76.9534052,28.3922497]]]}},{"type":"Feature","properties":{"v":"Sikanderpur Badha","m":"23","k":"6/1/2/2","t":"Manesar","vc":"04135","area":366.7,"lat":28.3918578,"lng":76.9534683},"geometry":{"type":"Polygon","coordinates":[[[76.9533844,28.3919779],[76.9533694,28.3917817],[76.953626,28.3917661],[76.9534699,28.3919727],[76.9533844,28.3919779]]]}},{"type":"Feature","properties":{"v":"Sikanderpur Badha","m":"23","k":"6/1/1","t":"Manesar","vc":"04135","area":220.1,"lat":28.3918414,"lng":76.9540098},"geometry":{"type":"Polygon","coordinates":[[[76.9540686,28.3919364],[76.953966,28.3919426],[76.953951,28.3917463],[76.9540536,28.3917401],[76.9540686,28.3919364]]]}},{"type":"Feature","properties":{"v":"Sikanderpur Badha","m":"23","k":"6/2/1","t":"Manesar","vc":"04135","area":1038.6,"lat":28.3916082,"lng":76.9538916},"geometry":{"type":"Polygon","coordinates":[[[76.9540271,28.3913928],[76.9540536,28.3917401],[76.953951,28.3917463],[76.953626,28.3917661],[76.9539073,28.3914001],[76.9540271,28.3913928]]]}},{"type":"Feature","properties":{"v":"Sikanderpur Badha","m":"24","k":"8/1/1","t":"Manesar","vc":"04135","area":1679.1,"lat":28.3914178,"lng":76.9557991},"geometry":{"type":"Polygon","coordinates":[[[76.9554981,28.3913034],[76.9560797,28.3912681],[76.9560999,28.3915326],[76.9555183,28.3915673],[76.9554981,28.3913034]]]}},{"type":"Feature","properties":{"v":"Sikanderpur Badha","m":"24","k":"7/2","t":"Manesar","vc":"04135","area":555.5,"lat":28.3916828,"lng":76.9565245},"geometry":{"type":"Polygon","coordinates":[[[76.9562551,28.3916518],[76.9567939,28.391619],[76.9568008,28.3917096],[76.9562626,28.3917499],[76.9562551,28.3916518]]]}},{"type":"Feature","properties":{"v":"Sikanderpur Badha","m":"24","k":"7/3","t":"Manesar","vc":"04135","area":867.0,"lat":28.3915616,"lng":76.9565211},"geometry":{"type":"Polygon","coordinates":[[[76.9562441,28.3915083],[76.9567823,28.391468],[76.9567939,28.391619],[76.9562551,28.3916518],[76.9562441,28.3915083]]]}},{"type":"Feature","properties":{"v":"Sikanderpur Badha","m":"24","k":"7/4","t":"Manesar","vc":"04135","area":1444.2,"lat":28.3913656,"lng":76.9565025},"geometry":{"type":"Polygon","coordinates":[[[76.9567639,28.3912265],[76.9567662,28.3912567],[76.9567823,28.391468],[76.9562441,28.3915083],[76.9562251,28.3912592],[76.9567639,28.3912265]]]}},{"type":"Feature","properties":{"v":"Sikanderpur Badha","m":"24","k":"7/5","t":"Manesar","vc":"04135","area":863.6,"lat":28.3915354,"lng":76.9561732},"geometry":{"type":"Polygon","coordinates":[[[76.9561212,28.3918116],[76.9560999,28.3915326],[76.9560797,28.3912681],[76.9562251,28.3912592],[76.9562441,28.3915083],[76.9562551,28.3916518],[76.9562626,28.3917499],[76.9562666,28.3918027],[76.9561212,28.3918116]]]}},{"type":"Feature","properties":{"v":"Sikanderpur Badha","m":"23","k":"8/2/1","t":"Manesar","vc":"04135","area":244.9,"lat":28.3919456,"lng":76.9523162},"geometry":{"type":"Polygon","coordinates":[[[76.9523512,28.3919497],[76.9523581,28.3920403],[76.9522042,28.3920497],[76.9523239,28.3918486],[76.9523729,28.3917664],[76.9523854,28.3919477],[76.9523512,28.3919497]]]}},{"type":"Feature","properties":{"v":"Sikanderpur Badha","m":"23","k":"8/1/2","t":"Manesar","vc":"04135","area":384.9,"lat":28.3915473,"lng":76.9524588},"geometry":{"type":"Polygon","coordinates":[[[76.9525841,28.3914394],[76.9523729,28.3917664],[76.9523596,28.3915746],[76.9523567,28.3915328],[76.9525874,28.3913819],[76.9526483,28.3913401],[76.9525841,28.3914394]]]}},{"type":"Feature","properties":{"v":"Sikanderpur Badha","m":"24","k":"26/1","t":"Manesar","vc":"04135","area":330.4,"lat":28.3907704,"lng":76.9543663},"geometry":{"type":"Polygon","coordinates":[[[76.9542957,28.3908608],[76.9542934,28.3908306],[76.9542876,28.3907551],[76.9544114,28.3905766],[76.9544302,28.3908223],[76.9544348,28.3908827],[76.954298,28.390891],[76.9542957,28.3908608]]]}},{"type":"Feature","properties":{"v":"Sikanderpur Badha","m":"24","k":"20/2","t":"Manesar","vc":"04135","area":2302.6,"lat":28.3905363,"lng":76.9542232},"geometry":{"type":"Polygon","coordinates":[[[76.9542714,28.3905438],[76.9542876,28.3907551],[76.9542934,28.3908306],[76.9540197,28.3908472],[76.9539855,28.3908493],[76.9539585,28.3904969],[76.9539575,28.3904839],[76.9542518,28.3902871],[76.9542659,28.3902862],[76.9546281,28.3902642],[76.9544114,28.3905766],[76.9544083,28.3905354],[76.9542714,28.3905438]]]}},{"type":"Feature","properties":{"v":"Sikanderpur Badha","m":"27","k":"5/2/1","t":"Manesar","vc":"04135","area":271.0,"lat":28.3891701,"lng":76.9566581},"geometry":{"type":"Polygon","coordinates":[[[76.956616,28.389294],[76.9565975,28.3890524],[76.9567002,28.3890462],[76.9567186,28.3892877],[76.9566502,28.3892919],[76.956616,28.389294]]]}},{"type":"Feature","properties":{"v":"Sikanderpur Badha","m":"26","k":"10/2","t":"Manesar","vc":"04135","area":1612.4,"lat":28.3888516,"lng":76.9575988},"geometry":{"type":"Polygon","coordinates":[[[76.9578424,28.3887505],[76.9579532,28.3888031],[76.9579542,28.3888169],[76.9579636,28.388939],[76.9572794,28.3889806],[76.9572621,28.3887542],[76.9577069,28.3887271],[76.9577835,28.3887224],[76.9578424,28.3887505]]]}},{"type":"Feature","properties":{"v":"Sikanderpur Badha","m":"26","k":"10/3","t":"Manesar","vc":"04135","area":649.2,"lat":28.3886731,"lng":76.9574478},"geometry":{"type":"Polygon","coordinates":[[[76.9576289,28.3886442],[76.9577835,28.3887224],[76.9577069,28.3887271],[76.9572621,28.3887542],[76.9572483,28.3885742],[76.9572471,28.3885579],[76.9576289,28.3886442]]]}},{"type":"Feature","properties":{"v":"Sikanderpur Badha","m":"16","k":"2/2","t":"Manesar","vc":"04135","area":1411.3,"lat":28.3974164,"lng":76.955606},"geometry":{"type":"Polygon","coordinates":[[[76.9558529,28.3972883],[76.9558783,28.3976205],[76.9551721,28.3973752],[76.9551686,28.3973299],[76.9558529,28.3972883]]]}},{"type":"Feature","properties":{"v":"Sikanderpur Badha","m":"16","k":"3/1","t":"Manesar","vc":"04135","area":734.0,"lat":28.3977624,"lng":76.9562241},"geometry":{"type":"Polygon","coordinates":[[[76.9563392,28.3978048],[76.9558944,28.3978318],[76.9558864,28.3977261],[76.9565718,28.3976996],[76.9565787,28.3977902],[76.9563392,28.3978048]]]}},{"type":"Feature","properties":{"v":"Sikanderpur Badha","m":"16","k":"12/2/1","t":"Manesar","vc":"04135","area":266.7,"lat":28.3966903,"lng":76.9554233},"geometry":{"type":"Polygon","coordinates":[[[76.9553129,28.3967448],[76.955302,28.3966021],[76.955655,28.396724],[76.9553129,28.3967448]]]}},{"type":"Feature","properties":{"v":"Sikanderpur Badha","m":"16","k":"10/1","t":"Manesar","vc":"04135","area":621.0,"lat":28.3972407,"lng":76.9549657},"geometry":{"type":"Polygon","coordinates":[[[76.9551686,28.3973299],[76.9550489,28.3973372],[76.9545914,28.3971981],[76.9551559,28.3971638],[76.9551686,28.3973299]]]}},{"type":"Feature","properties":{"v":"Sikanderpur Badha","m":"14","k":"14","t":"Manesar","vc":"04135","area":457.0,"lat":28.396738,"lng":76.9502649},"geometry":{"type":"Polygon","coordinates":[[[76.9502958,28.396534],[76.9503373,28.3970775],[76.9503202,28.3970785],[76.9502807,28.3969469],[76.9501589,28.3965423],[76.9502958,28.396534]]]}},{"type":"Feature","properties":{"v":"Sikanderpur Badha","m":"14","k":"6/1","t":"Manesar","vc":"04135","area":671.6,"lat":28.3975437,"lng":76.9507682},"geometry":{"type":"Polygon","coordinates":[[[76.9510632,28.3975794],[76.9505036,28.3976134],[76.9504986,28.3976137],[76.9504564,28.3975101],[76.9504603,28.3975099],[76.9510551,28.3974737],[76.9510632,28.3975794]]]}},{"type":"Feature","properties":{"v":"Sikanderpur Badha","m":"14","k":"25/1","t":"Manesar","vc":"04135","area":1245.3,"lat":28.3958293,"lng":76.9504104},"geometry":{"type":"Polygon","coordinates":[[[76.9502404,28.3958093],[76.9502196,28.3955375],[76.9507575,28.3959599],[76.9502542,28.3959904],[76.9502404,28.3958093]]]}},{"type":"Feature","properties":{"v":"Sikanderpur Badha","m":"14","k":"6/2","t":"Manesar","vc":"04135","area":2087.0,"lat":28.3972959,"lng":76.9508122},"geometry":{"type":"Polygon","coordinates":[[[76.9510551,28.3974737],[76.9504603,28.3975099],[76.9504564,28.3975101],[76.9504588,28.3975063],[76.9507479,28.3970525],[76.9510216,28.3970359],[76.9510551,28.3974737]]]}},{"type":"Feature","properties":{"v":"Sikanderpur Badha","m":"14","k":"25/2","t":"Manesar","vc":"04135","area":2257.8,"lat":28.3956205,"lng":76.9506842},"geometry":{"type":"Polygon","coordinates":[[[76.9507772,28.3954126],[76.9508969,28.3954054],[76.9509385,28.3959489],[76.9509431,28.3960093],[76.9502127,28.3954469],[76.9505206,28.3954282],[76.9507772,28.3954126]]]}},{"type":"Feature","properties":{"v":"Sikanderpur Badha","m":"14","k":"24/2","t":"Manesar","vc":"04135","area":98.2,"lat":28.3959321,"lng":76.9502165},"geometry":{"type":"Polygon","coordinates":[[[76.9502542,28.3959904],[76.950155,28.3959965],[76.9502404,28.3958093],[76.9502542,28.3959904]]]}},{"type":"Feature","properties":{"v":"Sikanderpur Badha","m":"14","k":"17/1","t":"Manesar","vc":"04135","area":977.2,"lat":28.3962655,"lng":76.9501909},"geometry":{"type":"Polygon","coordinates":[[[76.9502958,28.396534],[76.9501589,28.3965423],[76.9501494,28.3965027],[76.950063,28.3961451],[76.9500951,28.3960933],[76.950155,28.3959965],[76.9502542,28.3959904],[76.9502958,28.396534]]]}},{"type":"Feature","properties":{"v":"Sikanderpur Badha","m":"14","k":"16","t":"Manesar","vc":"04135","area":3899.9,"lat":28.3962513,"lng":76.950606},"geometry":{"type":"Polygon","coordinates":[[[76.9502958,28.396534],[76.9502542,28.3959904],[76.9507575,28.3959599],[76.9509512,28.3961149],[76.95098,28.3964924],[76.9502958,28.396534]]]}},{"type":"Feature","properties":{"v":"Sikanderpur Badha","m":"14","k":"15/1","t":"Manesar","vc":"04135","area":3250.8,"lat":28.3967661,"lng":76.9505942},"geometry":{"type":"Polygon","coordinates":[[[76.9503373,28.3970775],[76.9502958,28.396534],[76.95098,28.3964924],[76.9507479,28.3970525],[76.9503373,28.3970775]]]}},{"type":"Feature","properties":{"v":"Sikanderpur Badha","m":"14","k":"5","t":"Manesar","vc":"04135","area":3011.9,"lat":28.3978576,"lng":76.9508288},"geometry":{"type":"Polygon","coordinates":[[[76.9511047,28.3981229],[76.9506603,28.3981499],[76.9506428,28.398151],[76.9505735,28.3978466],[76.9504986,28.3976137],[76.9505036,28.3976134],[76.9510632,28.3975794],[76.9511047,28.3981229]]]}},{"type":"Feature","properties":{"v":"Sikanderpur Badha","m":"22","k":"16/1","t":"Manesar","vc":"04135","area":197.8,"lat":28.3937779,"lng":76.9504716},"geometry":{"type":"Polygon","coordinates":[[[76.9507722,28.3937748],[76.9504301,28.3937956],[76.9501985,28.3938097],[76.9501735,28.3938112],[76.9501712,28.393781],[76.9502,28.3937792],[76.9507699,28.3937446],[76.9507722,28.3937748]]]}},{"type":"Feature","properties":{"v":"Sikanderpur Badha","m":"22","k":"4","t":"Manesar","vc":"04135","area":1054.9,"lat":28.3951496,"lng":76.9500887},"geometry":{"type":"Polygon","coordinates":[[[76.9501711,28.3949034],[76.9502104,28.3954167],[76.9501762,28.3954188],[76.9499502,28.3952713],[76.9500001,28.3949138],[76.9501711,28.3949034]]]}},{"type":"Feature","properties":{"v":"Sikanderpur Badha","m":"22","k":"26","t":"Manesar","vc":"04135","area":804.0,"lat":28.395277,"lng":76.9506379},"geometry":{"type":"Polygon","coordinates":[[[76.9505206,28.3954282],[76.9505183,28.395398],[76.9504987,28.3951414],[76.9507552,28.3951258],[76.9507772,28.3954126],[76.9505206,28.3954282]]]}},{"type":"Feature","properties":{"v":"Sikanderpur Badha","m":"22","k":"7/2","t":"Manesar","vc":"04135","area":383.1,"lat":28.3946092,"lng":76.9501041},"geometry":{"type":"Polygon","coordinates":[[[76.9501642,28.3948128],[76.9500308,28.3947361],[76.9500662,28.3945308],[76.9500954,28.394362],[76.9500979,28.3943618],[76.9501296,28.3943599],[76.9501642,28.3948128]]]}},{"type":"Feature","properties":{"v":"Sikanderpur Badha","m":"22","k":"25","t":"Manesar","vc":"04135","area":1251.5,"lat":28.3930946,"lng":76.9505464},"geometry":{"type":"Polygon","coordinates":[[[76.9507307,28.3932313],[76.9502517,28.3932604],[76.9502534,28.393215],[76.9506972,28.3927935],[76.9507307,28.3932313]]]}},{"type":"Feature","properties":{"v":"Sikanderpur Badha","m":"22","k":"16/2","t":"Manesar","vc":"04135","area":3022.2,"lat":28.3935139,"lng":76.9504805},"geometry":{"type":"Polygon","coordinates":[[[76.9507699,28.3937446],[76.9502,28.3937792],[76.9501712,28.393781],[76.9502131,28.3935104],[76.9502517,28.3932604],[76.9507307,28.3932313],[76.9507699,28.3937446]]]}},{"type":"Feature","properties":{"v":"Sikanderpur Badha","m":"22","k":"15/1","t":"Manesar","vc":"04135","area":1879.4,"lat":28.3940942,"lng":76.9502921},"geometry":{"type":"Polygon","coordinates":[[[76.9504717,28.3943391],[76.9501296,28.3943599],[76.9500979,28.3943618],[76.9500954,28.394362],[76.9501018,28.3943169],[76.9501735,28.3938112],[76.9501985,28.3938097],[76.9504301,28.3937956],[76.9504717,28.3943391]]]}},{"type":"Feature","properties":{"v":"Sikanderpur Badha","m":"22","k":"6/2","t":"Manesar","vc":"04135","area":3648.8,"lat":28.3945921,"lng":76.9504692},"geometry":{"type":"Polygon","coordinates":[[[76.9501296,28.3943599],[76.9504717,28.3943391],[76.9508138,28.3943183],[76.9508311,28.3945448],[76.9506501,28.3948743],[76.9502909,28.3948961],[76.9501642,28.3948128],[76.9501296,28.3943599]]]}},{"type":"Feature","properties":{"v":"Sikanderpur Badha","m":"22","k":"5/1","t":"Manesar","vc":"04135","area":2814.6,"lat":28.3951356,"lng":76.9505136},"geometry":{"type":"Polygon","coordinates":[[[76.9501711,28.3949034],[76.9502909,28.3948961],[76.9505829,28.3950543],[76.9506501,28.3948743],[76.9508554,28.3948618],[76.9508969,28.3954054],[76.9507772,28.3954126],[76.9507552,28.3951258],[76.9504987,28.3951414],[76.9505183,28.395398],[76.9502104,28.3954167],[76.9501711,28.3949034]]]}},{"type":"Feature","properties":{"v":"Sikanderpur Badha","m":"22","k":"15/2","t":"Manesar","vc":"04135","area":2031.8,"lat":28.394057,"lng":76.9506219},"geometry":{"type":"Polygon","coordinates":[[[76.9508138,28.3943183],[76.9504717,28.3943391],[76.9504301,28.3937956],[76.9507722,28.3937748],[76.9508138,28.3943183]]]}},{"type":"Feature","properties":{"v":"Sikanderpur Badha","m":"0","k":"83","t":"Manesar","vc":"04135","area":107.2,"lat":28.3954227,"lng":76.9503568},"geometry":{"type":"Polygon","coordinates":[[[76.9505206,28.3954282],[76.9502127,28.3954469],[76.9501762,28.3954188],[76.9502104,28.3954167],[76.9505183,28.395398],[76.9505206,28.3954282]]]}},{"type":"Feature","properties":{"v":"Sikanderpur Badha","m":"14","k":"15/2","t":"Manesar","vc":"04135","area":812.7,"lat":28.3968603,"lng":76.9509165},"geometry":{"type":"Polygon","coordinates":[[[76.9510216,28.3970359],[76.9507479,28.3970525],[76.95098,28.3964924],[76.9510216,28.3970359]]]}},{"type":"Feature","properties":{"v":"Sikanderpur Badha","m":"14","k":"17/2","t":"Manesar","vc":"04135","area":99.6,"lat":28.3960481,"lng":76.9500815},"geometry":{"type":"Polygon","coordinates":[[[76.9500951,28.3960933],[76.950063,28.3961451],[76.9500476,28.396081],[76.9500416,28.3960563],[76.9500267,28.3960138],[76.9500234,28.3960045],[76.9500691,28.3960017],[76.950155,28.3959965],[76.9500951,28.3960933]]]}},{"type":"Feature","properties":{"v":"Sikanderpur Badha","m":"14","k":"24/1","t":"Manesar","vc":"04135","area":621.3,"lat":28.3958555,"lng":76.9500757},"geometry":{"type":"Polygon","coordinates":[[[76.9502404,28.3958093],[76.950155,28.3959965],[76.9500691,28.3960017],[76.9500234,28.3960045],[76.9499303,28.3957388],[76.9499125,28.3956881],[76.9502404,28.3958093]]]}},{"type":"Feature","properties":{"v":"Sikanderpur Badha","m":"22","k":"5/2","t":"Manesar","vc":"04135","area":343.7,"lat":28.3949416,"lng":76.950508},"geometry":{"type":"Polygon","coordinates":[[[76.9502909,28.3948961],[76.9506501,28.3948743],[76.9505829,28.3950543],[76.9502909,28.3948961]]]}},{"type":"Feature","properties":{"v":"Sikanderpur Badha","m":"22","k":"6/1","t":"Manesar","vc":"04135","area":355.6,"lat":28.3947603,"lng":76.9507789},"geometry":{"type":"Polygon","coordinates":[[[76.9508554,28.3948618],[76.9506501,28.3948743],[76.9508311,28.3945448],[76.9508554,28.3948618]]]}},{"type":"Feature","properties":{"v":"Sikanderpur Badha","m":"22","k":"6/3","t":"Manesar","vc":"04135","area":59.3,"lat":28.3948708,"lng":76.9502087},"geometry":{"type":"Polygon","coordinates":[[[76.9501711,28.3949034],[76.9501642,28.3948128],[76.9502909,28.3948961],[76.9501711,28.3949034]]]}},{"type":"Feature","properties":{"v":"Sikanderpur Badha","m":"22","k":"7/1","t":"Manesar","vc":"04135","area":226.4,"lat":28.3948418,"lng":76.9500825},"geometry":{"type":"Polygon","coordinates":[[[76.9501711,28.3949034],[76.9500001,28.3949138],[76.9500308,28.3947361],[76.9501642,28.3948128],[76.9501711,28.3949034]]]}},{"type":"Feature","properties":{"v":"Sikanderpur Badha","m":"13","k":"25","t":"Manesar","vc":"04135","area":2174.7,"lat":28.3983774,"lng":76.9509339},"geometry":{"type":"Polygon","coordinates":[[[76.9511463,28.3986664],[76.9509247,28.3986799],[76.9509157,28.3986805],[76.9507356,28.3984107],[76.9507334,28.3984047],[76.9506919,28.3982882],[76.9506428,28.398151],[76.9506603,28.3981499],[76.9511047,28.3981229],[76.9511463,28.3986664]]]}},{"type":"Feature","properties":{"v":"Sikanderpur Badha","m":"13","k":"16","t":"Manesar","vc":"04135","area":897.9,"lat":28.3989788,"lng":76.9511345},"geometry":{"type":"Polygon","coordinates":[[[76.9511717,28.3989986],[76.9511878,28.39921],[76.9508628,28.3992297],[76.9511117,28.3989998],[76.9510451,28.3988907],[76.9509483,28.3987324],[76.9509344,28.3987097],[76.950944,28.3987091],[76.9511486,28.3986966],[76.9511717,28.3989986]]]}},{"type":"Feature","properties":{"v":"Sikanderpur Badha","m":"13","k":"15","t":"Manesar","vc":"04135","area":2048.2,"lat":28.399477,"lng":76.9510328},"geometry":{"type":"Polygon","coordinates":[[[76.9512294,28.3997535],[76.9509613,28.3997698],[76.9509557,28.3997701],[76.9509449,28.399741],[76.9509397,28.399727],[76.9507846,28.3993102],[76.9508628,28.3992297],[76.9511878,28.39921],[76.9512294,28.3997535]]]}},{"type":"Feature","properties":{"v":"Sikanderpur Badha","m":"13","k":"6","t":"Manesar","vc":"04135","area":812.6,"lat":28.3999402,"lng":76.951152},"geometry":{"type":"Polygon","coordinates":[[[76.9512698,28.4002817],[76.951271,28.400297],[76.9509692,28.3997927],[76.9509557,28.3997701],[76.9509613,28.3997698],[76.9512294,28.3997535],[76.9512698,28.4002817]]]}},{"type":"Feature","properties":{"v":"Sikanderpur Badha","m":"0","k":"","t":"Manesar","vc":"04135","area":880.7,"lat":28.3939807,"lng":76.9563044},"geometry":{"type":"Polygon","coordinates":[[[76.9549191,28.3940688],[76.9556034,28.3940272],[76.9561507,28.3939939],[76.9562876,28.3939856],[76.956246,28.3934421],[76.9562802,28.39344],[76.9562825,28.3934702],[76.9563218,28.3939835],[76.9563241,28.3940137],[76.9562899,28.3940158],[76.9556057,28.3940574],[76.9554517,28.3940668],[76.9549214,28.394099],[76.9542714,28.3941385],[76.9542691,28.3941083],[76.9549191,28.3940688]]]}},{"type":"Feature","properties":{"v":"Sikanderpur Badha","m":"0","k":"","t":"Manesar","vc":"04135","area":2404.8,"lat":28.3914789,"lng":76.9568004},"geometry":{"type":"Polygon","coordinates":[[[76.956847,28.3923135],[76.9568054,28.39177],[76.9568008,28.3917096],[76.9567939,28.391619],[76.9567823,28.391468],[76.9567662,28.3912567],[76.9567639,28.3912265],[76.9567223,28.390683],[76.9567061,28.3904716],[76.9567015,28.3904112],[76.9566946,28.3903206],[76.9566807,28.3901394],[76.9566391,28.3895959],[76.956616,28.389294],[76.9566502,28.3892919],[76.9567186,28.3892877],[76.9573002,28.3892524],[76.9573025,28.3892826],[76.9566525,28.3893221],[76.9566733,28.3895938],[76.9567045,28.3900015],[76.9567149,28.3901374],[76.9567426,28.3904997],[76.9567565,28.3906809],[76.9567981,28.3912244],[76.9574481,28.3911849],[76.9574504,28.3912151],[76.9568004,28.3912546],[76.9568397,28.3917679],[76.9568812,28.3923114],[76.9569205,28.3928247],[76.9575705,28.3927852],[76.9575728,28.3928154],[76.9569228,28.3928549],[76.9569644,28.3933984],[76.9569667,28.3934286],[76.9569325,28.3934307],[76.9568128,28.393438],[76.9562825,28.3934702],[76.9562802,28.39344],[76.9569302,28.3934005],[76.9568886,28.392857],[76.956847,28.3923135]]]}},{"type":"Feature","properties":{"v":"Sikanderpur Badha","m":"23","k":"","t":"Manesar","vc":"04135","area":98.8,"lat":28.3913449,"lng":76.9539833},"geometry":{"type":"Polygon","coordinates":[[[76.9540271,28.3913928],[76.9539073,28.3914001],[76.9540155,28.3912419],[76.9540271,28.3913928]]]}},{"type":"Feature","properties":{"v":"Sikanderpur Badha","m":"24","k":"","t":"Manesar","vc":"04135","area":423.4,"lat":28.3909729,"lng":76.9541152},"geometry":{"type":"Polygon","coordinates":[[[76.954022,28.3908774],[76.9542786,28.3908618],[76.9540451,28.3911794],[76.954022,28.3908774]]]}},{"type":"Feature","properties":{"v":"Sikanderpur Badha","m":"0","k":"","t":"Manesar","vc":"04135","area":3155.3,"lat":28.3936599,"lng":76.9542176},"geometry":{"type":"Polygon","coordinates":[[[76.9540197,28.3908472],[76.9542934,28.3908306],[76.9542957,28.3908608],[76.9542786,28.3908618],[76.954022,28.3908774],[76.9540451,28.3911794],[76.9540613,28.3913908],[76.9541028,28.3919343],[76.9541236,28.392206],[76.9541444,28.3924778],[76.954186,28.3930213],[76.9542276,28.3935648],[76.9542691,28.3941083],[76.9542714,28.3941385],[76.9543107,28.3946518],[76.9543523,28.3951954],[76.9543939,28.3957389],[76.9544354,28.3962824],[76.9544383,28.3963201],[76.9544747,28.3967957],[76.9544405,28.3967978],[76.9544012,28.3962845],[76.9543862,28.3960882],[76.9543596,28.395741],[76.9543446,28.3955447],[76.9538486,28.3955748],[76.9538463,28.3955446],[76.9543423,28.3955145],[76.9543181,28.3951974],[76.9542765,28.3946539],[76.9542349,28.3941104],[76.9535507,28.394152],[76.9535484,28.3941218],[76.9542326,28.3940802],[76.9542211,28.3939292],[76.9541933,28.3935669],[76.9541518,28.3930234],[76.9541102,28.3924799],[76.9539049,28.3924923],[76.953426,28.3925215],[76.9530839,28.3925423],[76.9527418,28.392563],[76.9527395,28.3925328],[76.9531044,28.3925107],[76.9534237,28.3924913],[76.9541079,28.3924497],[76.9540894,28.3922081],[76.9540686,28.3919364],[76.9540536,28.3917401],[76.9540271,28.3913928],[76.9540155,28.3912419],[76.9539855,28.3908493],[76.9540197,28.3908472]]]}},{"type":"Feature","properties":{"v":"Sikanderpur Badha","m":"21","k":"","t":"Manesar","vc":"04135","area":104.1,"lat":28.3930806,"lng":76.9527109},"geometry":{"type":"Polygon","coordinates":[[[76.9527833,28.3931066],[76.9525729,28.3931193],[76.9527764,28.393016],[76.9527833,28.3931066]]]}},{"type":"Feature","properties":{"v":"Sikanderpur Badha","m":"21","k":"","t":"Manesar","vc":"04135","area":846.7,"lat":28.3927071,"lng":76.9528674},"geometry":{"type":"Polygon","coordinates":[[[76.9527418,28.392563],[76.9530839,28.3925423],[76.9527764,28.393016],[76.9527418,28.392563]]]}},{"type":"Feature","properties":{"v":"Sikanderpur Badha","m":"23","k":"","t":"Manesar","vc":"04135","area":602.1,"lat":28.3923939,"lng":76.9532956},"geometry":{"type":"Polygon","coordinates":[[[76.9534052,28.3922497],[76.9534237,28.3924913],[76.9531044,28.3925107],[76.9532684,28.392258],[76.9534052,28.3922497]]]}},{"type":"Feature","properties":{"v":"Sikanderpur Badha","m":"23","k":"","t":"Manesar","vc":"04135","area":189.7,"lat":28.3925012,"lng":76.952013},"geometry":{"type":"Polygon","coordinates":[[[76.9520576,28.3926046],[76.9519481,28.3926113],[76.9520333,28.3922876],[76.9520576,28.3926046]]]}},{"type":"Feature","properties":{"v":"Sikanderpur Badha","m":"23","k":"","t":"Manesar","vc":"04135","area":232.9,"lat":28.3921328,"lng":76.9520845},"geometry":{"type":"Polygon","coordinates":[[[76.952016,28.3920611],[76.9522042,28.3920497],[76.9520333,28.3922876],[76.952016,28.3920611]]]}},{"type":"Feature","properties":{"v":"Sikanderpur Badha","m":"23","k":"","t":"Manesar","vc":"04135","area":691.7,"lat":28.3919226,"lng":76.9521315},"geometry":{"type":"Polygon","coordinates":[[[76.9520389,28.3917903],[76.9523239,28.3918486],[76.9522042,28.3920497],[76.952016,28.3920611],[76.9519974,28.3918175],[76.9519946,28.3917812],[76.9520389,28.3917903]]]}},{"type":"Feature","properties":{"v":"Sikanderpur Badha","m":"16","k":"","t":"Manesar","vc":"04135","area":592.8,"lat":28.3971658,"lng":76.9567028},"geometry":{"type":"Polygon","coordinates":[[[76.9565371,28.3972467],[76.9565209,28.3970353],[76.9570503,28.3972155],[76.9565371,28.3972467]]]}},{"type":"Feature","properties":{"v":"Sikanderpur Badha","m":"16","k":"","t":"Manesar","vc":"04135","area":70.5,"lat":28.3972337,"lng":76.9571662},"geometry":{"type":"Polygon","coordinates":[[[76.9572213,28.3972051],[76.9572271,28.3972806],[76.9570503,28.3972155],[76.9572213,28.3972051]]]}},{"type":"Feature","properties":{"v":"Sikanderpur Badha","m":"11","k":"","t":"Manesar","vc":"04135","area":136.1,"lat":28.3981925,"lng":76.957343},"geometry":{"type":"Polygon","coordinates":[[[76.9573045,28.3982921],[76.9572907,28.398111],[76.9574337,28.3981745],[76.9573045,28.3982921]]]}},{"type":"Feature","properties":{"v":"Sikanderpur Badha","m":"11","k":"","t":"Manesar","vc":"04135","area":1636.9,"lat":28.39789,"lng":76.9570051},"geometry":{"type":"Polygon","coordinates":[[[76.9572629,28.3977486],[76.9572907,28.398111],[76.9565845,28.3978657],[76.9565787,28.3977902],[76.9572629,28.3977486]]]}},{"type":"Feature","properties":{"v":"Sikanderpur Badha","m":"10","k":"","t":"Manesar","vc":"04135","area":1320.5,"lat":28.4001057,"lng":76.9600593},"geometry":{"type":"Polygon","coordinates":[[[76.9602079,28.4002997],[76.9598658,28.4003205],[76.9598145,28.4003236],[76.960115,28.3997593],[76.9601663,28.3997562],[76.9602079,28.4002997]]]}},{"type":"Feature","properties":{"v":"Sikanderpur Badha","m":"21","k":"","t":"Manesar","vc":"04135","area":147.8,"lat":28.3943078,"lng":76.9520772},"geometry":{"type":"Polygon","coordinates":[[[76.9521822,28.3942352],[76.9520041,28.3944447],[76.9520454,28.3942435],[76.9521822,28.3942352]]]}},{"type":"Feature","properties":{"v":"Sikanderpur Badha","m":"15","k":"","t":"Manesar","vc":"04135","area":1128.7,"lat":28.3957512,"lng":76.9525273},"geometry":{"type":"Polygon","coordinates":[[[76.9523069,28.3958657],[76.9522838,28.3955638],[76.9529912,28.3958241],[76.9523069,28.3958657]]]}},{"type":"Feature","properties":{"v":"Sikanderpur Badha","m":"14","k":"","t":"Manesar","vc":"04135","area":997.6,"lat":28.3955998,"lng":76.9500698},"geometry":{"type":"Polygon","coordinates":[[[76.9502196,28.3955375],[76.9502404,28.3958093],[76.9499125,28.3956881],[76.9499316,28.3953634],[76.9502196,28.3955375]]]}},{"type":"Feature","properties":{"v":"Sikanderpur Badha","m":"15","k":"","t":"Manesar","vc":"04135","area":296.4,"lat":28.3963735,"lng":76.9521052},"geometry":{"type":"Polygon","coordinates":[[[76.9519893,28.3964311],[76.9519777,28.3962801],[76.9523485,28.3964092],[76.9519893,28.3964311]]]}},{"type":"Feature","properties":{"v":"Sikanderpur Badha","m":"15","k":"","t":"Manesar","vc":"04135","area":777.4,"lat":28.396329,"lng":76.9518013},"geometry":{"type":"Polygon","coordinates":[[[76.9519893,28.3964311],[76.9516643,28.3964508],[76.9516423,28.396164],[76.9519777,28.3962801],[76.9519893,28.3964311]]]}},{"type":"Feature","properties":{"v":"Sikanderpur Badha","m":"16","k":"","t":"Manesar","vc":"04135","area":21.1,"lat":28.3971865,"lng":76.9545332},"geometry":{"type":"Polygon","coordinates":[[[76.9545059,28.3972033],[76.9545024,28.3971581],[76.9545914,28.3971981],[76.9545059,28.3972033]]]}},{"type":"Feature","properties":{"v":"Sikanderpur Badha","m":"16","k":"","t":"Manesar","vc":"04135","area":29.6,"lat":28.3973474,"lng":76.9551299},"geometry":{"type":"Polygon","coordinates":[[[76.9551686,28.3973299],[76.9551721,28.3973752],[76.9550489,28.3973372],[76.9551686,28.3973299]]]}},{"type":"Feature","properties":{"v":"Sikanderpur Badha","m":"0","k":"","t":"Manesar","vc":"04135","area":389.4,"lat":28.3967749,"lng":76.9550659},"geometry":{"type":"Polygon","coordinates":[[[76.955127,28.3967864],[76.954477,28.3968259],[76.9544747,28.3967957],[76.9551247,28.3967562],[76.9553129,28.3967448],[76.955655,28.396724],[76.9556573,28.3967542],[76.955127,28.3967864]]]}},{"type":"Feature","properties":{"v":"Sikanderpur Badha","m":"16","k":"","t":"Manesar","vc":"04135","area":1580.1,"lat":28.3962862,"lng":76.9561199},"geometry":{"type":"Polygon","coordinates":[[[76.9557697,28.3962013],[76.9564539,28.3961597],[76.9564701,28.396371],[76.9564188,28.3963742],[76.9558372,28.3964095],[76.9557859,28.3964126],[76.9557697,28.3962013]]]}},{"type":"Feature","properties":{"v":"Sikanderpur Badha","m":"17","k":"","t":"Manesar","vc":"04135","area":962.2,"lat":28.3958718,"lng":76.9593591},"geometry":{"type":"Polygon","coordinates":[[[76.9591908,28.3959932],[76.9591654,28.3956611],[76.9597211,28.395961],[76.9591908,28.3959932]]]}},{"type":"Feature","properties":{"v":"Sikanderpur Badha","m":"16","k":"","t":"Manesar","vc":"04135","area":169.3,"lat":28.3965236,"lng":76.956456},"geometry":{"type":"Polygon","coordinates":[[[76.9564701,28.396371],[76.9564932,28.396673],[76.9564419,28.3966761],[76.9564188,28.3963742],[76.9564701,28.396371]]]}},{"type":"Feature","properties":{"v":"Sikanderpur Badha","m":"20","k":"","t":"Manesar","vc":"04135","area":496.5,"lat":28.3942605,"lng":76.9563522},"geometry":{"type":"Polygon","coordinates":[[[76.9563292,28.3945291],[76.9562899,28.3940158],[76.9563241,28.3940137],[76.9563218,28.3939835],[76.9563731,28.3939804],[76.9564147,28.3945239],[76.9563292,28.3945291]]]}},{"type":"Feature","properties":{"v":"Sikanderpur Badha","m":"14","k":"","t":"Manesar","vc":"04135","area":1023.0,"lat":28.3972137,"lng":76.9505082},"geometry":{"type":"Polygon","coordinates":[[[76.9504588,28.3975063],[76.9504564,28.3975101],[76.950444,28.3974708],[76.9503202,28.3970785],[76.9503373,28.3970775],[76.9507479,28.3970525],[76.9504588,28.3975063]]]}},{"type":"Feature","properties":{"v":"Sikanderpur Badha","m":"0","k":"","t":"Manesar","vc":"04135","area":11060.9,"lat":28.3983487,"lng":76.9526899},"geometry":{"type":"Polygon","coordinates":[[[76.9527201,28.3985708],[76.9524219,28.3980429],[76.952189,28.3977256],[76.9520382,28.3975202],[76.9517058,28.3969943],[76.9512708,28.3964747],[76.9510812,28.3962613],[76.9509512,28.3961149],[76.9507575,28.3959599],[76.9502196,28.3955375],[76.9499316,28.3953634],[76.9499502,28.3952713],[76.9501762,28.3954188],[76.9502127,28.3954469],[76.9509431,28.3960093],[76.9511188,28.3961756],[76.9514248,28.3964654],[76.9516856,28.3967294],[76.9518858,28.3969834],[76.9522435,28.3975077],[76.952593,28.3980325],[76.9528508,28.3984567],[76.9529171,28.3985588],[76.9532331,28.3989874],[76.9533261,28.39908],[76.9533919,28.3991556],[76.9534978,28.3992547],[76.9538809,28.3995923],[76.954168,28.3998172],[76.9546987,28.4001736],[76.9547339,28.4001845],[76.9549485,28.4003126],[76.9552299,28.4006024],[76.9557153,28.4010386],[76.9558608,28.4011766],[76.9559084,28.4012186],[76.955825,28.4012871],[76.9557781,28.401243],[76.955444,28.4009292],[76.9551102,28.4006097],[76.9547092,28.4003105],[76.9544663,28.4001331],[76.9544268,28.4001052],[76.9540711,28.3998537],[76.953982,28.3997907],[76.9537372,28.3996011],[76.9532504,28.3992132],[76.9531341,28.3990917],[76.9528374,28.3987283],[76.9527463,28.3985996],[76.9527201,28.3985708]]]}},{"type":"Feature","properties":{"v":"Sikanderpur Badha","m":"0","k":"","t":"Manesar","vc":"04135","area":1784.6,"lat":28.3980141,"lng":76.9545507},"geometry":{"type":"Polygon","coordinates":[[[76.9546091,28.399002],[76.9545675,28.3984585],[76.9545571,28.3983226],[76.9545259,28.397915],[76.9544844,28.3973715],[76.954467,28.397145],[76.9544428,28.396828],[76.9537586,28.3968696],[76.9530743,28.3969112],[76.9528998,28.3969218],[76.952869,28.3969236],[76.9528667,28.3968934],[76.953072,28.396881],[76.9536194,28.3968477],[76.9537562,28.3968394],[76.9544405,28.3967978],[76.9544747,28.3967957],[76.954477,28.3968259],[76.9545024,28.3971581],[76.9545059,28.3972033],[76.9545186,28.3973694],[76.9545602,28.3979129],[76.9546017,28.3984564],[76.9546214,28.3987131],[76.9546352,28.3988943],[76.9546433,28.399],[76.9546849,28.3995435],[76.9547265,28.400087],[76.9547339,28.4001845],[76.9546987,28.4001736],[76.9546674,28.3997642],[76.9546507,28.3995456],[76.9546195,28.3991379],[76.9546091,28.399002]]]}},{"type":"Feature","properties":{"v":"Sikanderpur Badha","m":"0","k":"","t":"Manesar","vc":"04135","area":798.6,"lat":28.4016508,"lng":76.9553346},"geometry":{"type":"Polygon","coordinates":[[[76.9552344,28.4016942],[76.9554869,28.4014896],[76.9557781,28.401243],[76.955825,28.4012871],[76.9556678,28.4014163],[76.9550471,28.4019262],[76.9549786,28.4019825],[76.9548873,28.4020585],[76.9548496,28.4020077],[76.9552344,28.4016942]]]}},{"type":"Feature","properties":{"v":"Sikanderpur Badha","m":"0","k":"","t":"Manesar","vc":"04135","area":908.1,"lat":28.400787,"lng":76.9563915},"geometry":{"type":"Polygon","coordinates":[[[76.9566823,28.4005141],[76.9567814,28.4004393],[76.9569161,28.4003361],[76.9569534,28.4003794],[76.9569002,28.4004147],[76.9559084,28.4012186],[76.9558608,28.4011766],[76.9561331,28.4009505],[76.9566823,28.4005141]]]}},{"type":"Feature","properties":{"v":"Sikanderpur Badha","m":"7","k":"","t":"Manesar","vc":"04135","area":113.5,"lat":28.4009335,"lng":76.9575598},"geometry":{"type":"Polygon","coordinates":[[[76.9575061,28.4009268],[76.957498,28.4008202],[76.9575339,28.4008623],[76.9576519,28.4010012],[76.9575809,28.4010055],[76.9575061,28.4009268]]]}},{"type":"Feature","properties":{"v":"Sikanderpur Badha","m":"7","k":"","t":"Manesar","vc":"04135","area":311.1,"lat":28.4006966,"lng":76.9573507},"geometry":{"type":"Polygon","coordinates":[[[76.9575061,28.4009268],[76.9571609,28.4005154],[76.9572338,28.4005109],[76.957498,28.4008202],[76.9575061,28.4009268]]]}},{"type":"Feature","properties":{"v":"Sikanderpur Badha","m":"11","k":"","t":"Manesar","vc":"04135","area":139.2,"lat":28.4003997,"lng":76.9570985},"geometry":{"type":"Polygon","coordinates":[[[76.9571377,28.4004864],[76.9569988,28.4003327],[76.9570463,28.4002998],[76.9571274,28.4003906],[76.9572092,28.4004821],[76.9571377,28.4004864]]]}},{"type":"Feature","properties":{"v":"Sikanderpur Badha","m":"0","k":"","t":"Manesar","vc":"04135","area":238.1,"lat":28.4004789,"lng":76.95751},"geometry":{"type":"Polygon","coordinates":[[[76.9574732,28.4004964],[76.9572338,28.4005109],[76.9571609,28.4005154],[76.9571377,28.4004864],[76.9572092,28.4004821],[76.9574709,28.4004662],[76.9576851,28.4004531],[76.9578695,28.4004419],[76.9578718,28.4004721],[76.9574732,28.4004964]]]}},{"type":"Feature","properties":{"v":"Sikanderpur Badha","m":"0","k":"","t":"Manesar","vc":"04135","area":140.3,"lat":28.4013476,"lng":76.9576508},"geometry":{"type":"Polygon","coordinates":[[[76.9575453,28.4013834],[76.9576596,28.4013031],[76.9577137,28.4012651],[76.9577558,28.4013142],[76.9577011,28.4013513],[76.9575852,28.4014299],[76.9575453,28.4013834]]]}},{"type":"Feature","properties":{"v":"Sikanderpur Badha","m":"0","k":"","t":"Manesar","vc":"04135","area":1145.6,"lat":28.4021637,"lng":76.9585257},"geometry":{"type":"Polygon","coordinates":[[[76.9580128,28.4027599],[76.9579521,28.4027319],[76.9585477,28.4022366],[76.9585063,28.4021884],[76.9584404,28.4021118],[76.9584094,28.4020756],[76.9582169,28.4018514],[76.9580058,28.4016055],[76.9579408,28.4015297],[76.958016,28.4015251],[76.9582617,28.4018162],[76.9584721,28.4020434],[76.9585058,28.4020869],[76.9585937,28.4021983],[76.9586329,28.402248],[76.9584646,28.4023854],[76.9584443,28.4024014],[76.9583146,28.402508],[76.9580128,28.4027599]]]}},{"type":"Feature","properties":{"v":"Sikanderpur Badha","m":"0","k":"","t":"Manesar","vc":"04135","area":219.9,"lat":28.4037327,"lng":76.9572569},"geometry":{"type":"Polygon","coordinates":[[[76.9570327,28.4037236],[76.9574775,28.4036965],[76.957481,28.4037418],[76.9570362,28.4037688],[76.9570327,28.4037236]]]}},{"type":"Feature","properties":{"v":"Sikanderpur Badha","m":"0","k":"","t":"Manesar","vc":"04135","area":964.7,"lat":28.4065651,"lng":76.9564471},"geometry":{"type":"Polygon","coordinates":[[[76.9558756,28.4065696],[76.9565599,28.406528],[76.9571757,28.4064906],[76.9571804,28.406551],[76.9565645,28.4065884],[76.956171,28.4066123],[76.9558802,28.40663],[76.9557365,28.4066387],[76.9556958,28.4065805],[76.9558756,28.4065696]]]}},{"type":"Feature","properties":{"v":"Sikanderpur Badha","m":"2","k":"","t":"Manesar","vc":"04135","area":366.8,"lat":28.4076189,"lng":76.9589666},"geometry":{"type":"Polygon","coordinates":[[[76.9593895,28.4075694],[76.9593924,28.4076064],[76.9592692,28.4076159],[76.9591927,28.4076219],[76.9591162,28.4076279],[76.95904,28.4076338],[76.9589631,28.4076398],[76.9588866,28.4076457],[76.9588101,28.4076517],[76.9587336,28.4076577],[76.958657,28.4076636],[76.9585805,28.4076696],[76.9585552,28.4076266],[76.9586407,28.4076208],[76.9587262,28.4076149],[76.9588048,28.4076095],[76.9588835,28.4076041],[76.9589621,28.4075987],[76.9589963,28.4075964],[76.959075,28.407591],[76.9591536,28.4075856],[76.9592322,28.4075802],[76.9593109,28.4075748],[76.9593895,28.4075694]]]}}]}