{"type":"FeatureCollection","styles":{"1000":{"label":"1000 Natural Conservation Zone","fillColor":"#56ff00","fillOpacity":0.15,"color":"#000000"},"900":{"label":"900 Special Zone","fillColor":"#cbcbcb","fillOpacity":0.31,"color":"#000000"},"890":{"label":"890 Dairy Farming / Gaushala","fillColor":"#4ce500","fillOpacity":0.4,"color":"#6b7e93"},"850":{"label":"850 Forest Land","fillColor":"#4ce500","fillOpacity":0.27,"color":"#000000"},"820":{"label":"820 Land Under Agricultural Operation Where no Change of Landuse / License Shall be Granted","fillColor":"#4de700","fillOpacity":0.4,"color":"#4de700"},"810":{"label":"810 Market Garden","fillColor":"#4ce500","fillOpacity":0.15,"color":"#4ce500"},"800":{"label":"800 Agricultural Zone","fillColor":"#97e500","fillOpacity":0.31,"color":"#000000"},"760":{"label":"760 Waterbodies/Lakes","fillColor":null,"fillOpacity":0.0,"color":"#5a5a5a"},"720":{"label":"720 Parks","fillColor":null,"fillOpacity":0.0,"color":"#5a5a5a"},"710":{"label":"710 Sports ground / Stadiums / Playground","fillColor":null,"fillOpacity":0.0,"color":"#5a5a5a"},"700":{"label":"700 Open Spaces","fillColor":null,"fillOpacity":0.0,"color":"#000000"},"650":{"label":"650 Defence Land","fillColor":null,"fillOpacity":0.0,"color":"#5a5a5a"},"640":{"label":"640 Cultural Institutions like Theatres, Opera houses etc. of Non-Commercial nature","fillColor":null,"fillOpacity":0.0,"color":"#5a5a5a"},"630":{"label":"630 Medical and Health Institutions","fillColor":null,"fillOpacity":0.0,"color":"#5a5a5a"},"620":{"label":"620 Education, Cultural, Religious Institutions","fillColor":null,"fillOpacity":0.0,"color":"#5a5a5a"},"610":{"label":"610 Mini Secretariat, Judicial Complex, Jail, Police Station and Other Institutions","fillColor":null,"fillOpacity":0.0,"color":"#5a5a5a"},"600":{"label":"600 Public and Semi Public Use","fillColor":"#d5a0a0","fillOpacity":0.39,"color":"#000000"},"530":{"label":"530 Grid Sub Station","fillColor":null,"fillOpacity":0.0,"color":"#5a5a5a"},"520":{"label":"520 Disposal Works","fillColor":null,"fillOpacity":0.0,"color":"#5a5a5a"},"510":{"label":"510 Water Works","fillColor":null,"fillOpacity":0.0,"color":"#5a5a5a"},"500":{"label":"500 Public Utilities","fillColor":"#d79d9d","fillOpacity":0.4,"color":"#000000"},"450":{"label":"450 Telephone Exchange","fillColor":null,"fillOpacity":0.0,"color":"#5a5a5a"},"420":{"label":"420 Bus Stand, Work Shop, Parking","fillColor":"#ffffff","fillOpacity":0.5,"color":"#5a5a5a"},"410":{"label":"410 Railway Station, Yard, Sidings","fillColor":"#ffffff","fillOpacity":0.5,"color":"#5a5a5a"},"400":{"label":"400 Transport And Communication","fillColor":"#000000","fillOpacity":0.15,"color":"#000000"},"340":{"label":"340 Heavy Industry","fillColor":null,"fillOpacity":0.0,"color":"#5a5a5a"},"330":{"label":"330 Medium Industry","fillColor":null,"fillOpacity":0.0,"color":"#5a5a5a"},"320":{"label":"320 Light Industry","fillColor":null,"fillOpacity":0.0,"color":"#5a5a5a"},"300":{"label":"300 Industrial","fillColor":"#e79a00","fillOpacity":0.39,"color":"#e79a00"},"200":{"label":"200 Commercial","fillColor":"#97dbf1","fillOpacity":0.5,"color":"#4065eb"},"100":{"label":"100 Residential (Group Housing/Plotted)","fillColor":"#ffff00","fillOpacity":0.5,"color":"#000000"},"0":{"label":"H-5 Entertainment Hub, H-6 World Trade Hub & H-7 Fashion Hub","fillColor":null,"fillOpacity":0.0,"color":"#5a5a5a"},"1100":{"label":"1100 Hubs","fillColor":"#74b174","fillOpacity":0.5,"color":"#0070ff"}},"features":[{"type":"Feature","properties":{"sector":"80","density":"250","class":"100","classtext":"100 Residential (Group Housing/Plotted)","code":100,"val":"100/250","codetext":"","area":904533,"labelLat":28.3682741,"labelLng":76.9613157},"geometry":{"type":"Polygon","coordinates":[[[76.9580196,28.3759223],[76.9582465,28.3736326],[76.9579635,28.3688042],[76.9584457,28.3656648],[76.9596705,28.3641573],[76.959504,28.3612008],[76.9645534,28.3611282],[76.9659206,28.3620874],[76.9661157,28.3620806],[76.9658898,28.3627855],[76.9656549,28.3634831],[76.9656527,28.3634898],[76.9651097,28.3651017],[76.9645796,28.3666971],[76.9639697,28.3686211],[76.9632885,28.3706947],[76.9627175,28.372329],[76.9627155,28.3723348],[76.9627136,28.3723409],[76.9621415,28.3742568],[76.9621392,28.374265],[76.9621372,28.374273],[76.9617329,28.3760183],[76.9612939,28.3777055],[76.9581453,28.3759865],[76.9581029,28.3759642],[76.9580196,28.3759223]]]}},{"type":"Feature","properties":{"sector":"M1D","density":"250","class":"100","classtext":"100 Residential (Group Housing/Plotted)","code":100,"val":"100/250","codetext":"","area":272326,"labelLat":28.3705808,"labelLng":76.9505341},"geometry":{"type":"Polygon","coordinates":[[[76.9449566,28.3687427],[76.9450572,28.3687434],[76.9450801,28.368744],[76.945085,28.3687441],[76.9474183,28.368683],[76.9509027,28.3686879],[76.9522888,28.3686899],[76.9523167,28.3686874],[76.9523196,28.3686867],[76.9523489,28.3688084],[76.9548996,28.3724773],[76.9534485,28.3736222],[76.9475987,28.3706784],[76.9475559,28.3706577],[76.9474851,28.3706272],[76.9463148,28.3701591],[76.9456946,28.3697628],[76.9454087,28.3694985],[76.945097,28.3690758],[76.9450735,28.3690158],[76.9450592,28.368981],[76.9449566,28.3687427]]]}},{"type":"Feature","properties":{"sector":"M1A","density":"250","class":"100","classtext":"100 Residential (Group Housing/Plotted)","code":100,"val":"100/250","codetext":"","area":1046728,"labelLat":28.3571436,"labelLng":76.9506293},"geometry":{"type":"Polygon","coordinates":[[[76.9527201,28.3619979],[76.9527028,28.3619967],[76.9509783,28.3619981],[76.9476397,28.3620011],[76.9473283,28.3620013],[76.9451321,28.3620028],[76.9451796,28.3580671],[76.9452657,28.3527455],[76.9553515,28.3531937],[76.9553617,28.3531938],[76.9553882,28.3531914],[76.9554139,28.3531849],[76.9554378,28.3531746],[76.9554594,28.3531608],[76.955478,28.3531438],[76.9554799,28.3531413],[76.9579327,28.3548247],[76.9584072,28.3556774],[76.9584057,28.355811],[76.9571647,28.3570497],[76.9542542,28.3596509],[76.9527585,28.361697],[76.9527201,28.3619979]]]}},{"type":"Feature","properties":{"sector":"M1B","density":"250","class":"100","classtext":"100 Residential (Group Housing/Plotted)","code":100,"val":"100/250","codetext":"","area":1077756,"labelLat":28.3531901,"labelLng":76.9441618},"geometry":{"type":"Polygon","coordinates":[[[76.945086,28.3524704],[76.9450604,28.3524769],[76.9450364,28.3524872],[76.9450148,28.352501],[76.9449962,28.352518],[76.9449813,28.3525375],[76.9449704,28.3525591],[76.9449639,28.3525819],[76.944962,28.3526014],[76.9448737,28.3580621],[76.9448736,28.3580637],[76.9448261,28.362003],[76.9420566,28.3620052],[76.9419319,28.3617154],[76.9416867,28.3611231],[76.941282,28.3601221],[76.9402238,28.3575043],[76.9392488,28.3550526],[76.9390724,28.354489],[76.9390054,28.3539307],[76.9390005,28.3536583],[76.9390464,28.3534222],[76.9393569,28.3525333],[76.9396631,28.3517979],[76.9396852,28.3517404],[76.9399205,28.351075],[76.9399256,28.3510603],[76.9399502,28.3509767],[76.9401247,28.3502848],[76.9401264,28.3502779],[76.9401448,28.3501861],[76.9401529,28.3501221],[76.9402519,28.3490864],[76.9402542,28.3490574],[76.9402566,28.3489642],[76.9402508,28.348871],[76.940247,28.3488392],[76.9400491,28.3473743],[76.9399127,28.3462423],[76.9450379,28.3477749],[76.9473478,28.3486492],[76.950372,28.3502057],[76.9524805,28.3503904],[76.9528213,28.3513166],[76.9551481,28.3529136],[76.9451227,28.3524681],[76.9451126,28.352468],[76.945086,28.3524704]]]}},{"type":"Feature","properties":{"sector":"M1","density":"250","class":"100","classtext":"100 Residential (Group Housing/Plotted)","code":100,"val":"100/250","codetext":"","area":467664,"labelLat":28.3653323,"labelLng":76.9479818},"geometry":{"type":"MultiPolygon","coordinates":[[[[76.9507502,28.3684171],[76.9474164,28.3684123],[76.9474143,28.3684124],[76.9474126,28.3684124],[76.9452321,28.3684695],[76.9451327,28.3622735],[76.9473297,28.362272],[76.9473314,28.362272],[76.9476411,28.3622717],[76.9476481,28.3622715],[76.9508249,28.3622689],[76.9507502,28.3684171]]],[[[76.9448266,28.3622737],[76.9449261,28.3684724],[76.94484,28.3684718],[76.9421731,28.3622758],[76.9448266,28.3622737]]]]}},{"type":"Feature","properties":{"sector":"82","density":"250","class":"100","classtext":"100 Residential (Group Housing/Plotted)","code":100,"val":"100/250","codetext":"","area":1126158,"labelLat":28.3931357,"labelLng":76.9588315},"geometry":{"type":"Polygon","coordinates":[[[76.966879,28.3918004],[76.9648976,28.3938835],[76.9648873,28.393895],[76.9648768,28.3939082],[76.9609842,28.3991],[76.9513781,28.3954748],[76.9513678,28.3954718],[76.9513882,28.39543],[76.9525422,28.3930647],[76.9532404,28.3920302],[76.9549059,28.3895456],[76.9567538,28.3867856],[76.966879,28.3918004]]]}},{"type":"Feature","properties":{"sector":"85","density":"250","class":"100","classtext":"100 Residential (Group Housing/Plotted)","code":100,"val":"100/250","codetext":"","area":1658841,"labelLat":28.4037413,"labelLng":76.9541053},"geometry":{"type":"Polygon","coordinates":[[[76.9511387,28.395973],[76.9609791,28.3996867],[76.9621048,28.4001108],[76.9621386,28.400125],[76.9625379,28.4003287],[76.9623478,28.4005458],[76.9612316,28.4018202],[76.9612033,28.4018595],[76.9611837,28.4019007],[76.9611721,28.4019443],[76.9611688,28.4019889],[76.9611738,28.4020333],[76.961187,28.4020765],[76.9611955,28.4020951],[76.9613668,28.4024332],[76.96111,28.4064847],[76.9602902,28.4071671],[76.9571952,28.4080914],[76.9571656,28.4081017],[76.9571216,28.4081236],[76.9570822,28.4081517],[76.9570485,28.408185],[76.9570302,28.4082091],[76.9546625,28.4117185],[76.9532977,28.4110016],[76.9484762,28.40845],[76.9458858,28.4070568],[76.9476275,28.4033295],[76.9505503,28.3971473],[76.9510047,28.396216],[76.9510638,28.3960947],[76.9511261,28.3959672],[76.9511387,28.395973]]]}},{"type":"Feature","properties":{"sector":"88","density":"","class":"200","classtext":"200 Commercial","code":200,"val":"300","codetext":"","area":1373778,"labelLat":28.423238,"labelLng":76.9558673},"geometry":{"type":"MultiPolygon","coordinates":[[[[76.9603732,28.4288759],[76.9597703,28.4285896],[76.9594688,28.4284273],[76.9588076,28.427898],[76.958417,28.427575],[76.9583837,28.4275492],[76.9583236,28.4275102],[76.9582591,28.4274771],[76.9582317,28.4274654],[76.9580866,28.427407],[76.9580458,28.427392],[76.9579761,28.4273723],[76.9577196,28.4273128],[76.9576458,28.4272995],[76.9576155,28.4272962],[76.957397,28.4272764],[76.9573529,28.4272737],[76.9573402,28.4272733],[76.9569166,28.4272661],[76.9568547,28.4272674],[76.9567794,28.4272758],[76.9558281,28.4274311],[76.9558178,28.4274328],[76.955008,28.4275762],[76.9549955,28.4275786],[76.9541033,28.4277519],[76.9537371,28.427769],[76.953538,28.4277681],[76.9532857,28.4277461],[76.9512057,28.4274475],[76.9499967,28.4272737],[76.9509673,28.4225398],[76.9532318,28.4167812],[76.957221,28.4186726],[76.961748,28.4211557],[76.9617116,28.4212448],[76.9617067,28.4212571],[76.9616801,28.4213363],[76.9616609,28.4214196],[76.960781,28.4264541],[76.9607801,28.4264593],[76.9603732,28.4288759]]],[[[76.9591642,28.4153771],[76.9631399,28.4177477],[76.9618331,28.4209475],[76.9573468,28.4184867],[76.957341,28.4184837],[76.9533132,28.4165741],[76.9547243,28.4129854],[76.9591642,28.4153771]]]]}},{"type":"Feature","properties":{"sector":"89","density":"250","class":"100","classtext":"100 Residential (Group Housing/Plotted)","code":100,"val":"100/250","codetext":"","area":2101094,"labelLat":28.4201418,"labelLng":76.9448184},"geometry":{"type":"MultiPolygon","coordinates":[[[[76.9465742,28.4136231],[76.9465881,28.4136309],[76.9526854,28.4165221],[76.9503811,28.4223819],[76.9503791,28.4223871],[76.950369,28.4224226],[76.9493922,28.4271868],[76.9476304,28.4269336],[76.9461368,28.4267005],[76.9448972,28.4264536],[76.944735,28.4264213],[76.9425421,28.4259663],[76.9425226,28.4259625],[76.9408631,28.4256628],[76.9407302,28.4256363],[76.9404362,28.4255353],[76.9393505,28.4250219],[76.9393384,28.4250163],[76.9393047,28.4250022],[76.9391224,28.4249308],[76.9390879,28.4249182],[76.9390685,28.424912],[76.9367708,28.4242093],[76.9367507,28.4242035],[76.9358873,28.4239654],[76.9404651,28.4163936],[76.9434415,28.411586],[76.9465742,28.4136231]]],[[[76.9535438,28.4123494],[76.9541893,28.4126972],[76.9527668,28.416315],[76.9467123,28.4134441],[76.9435601,28.4113944],[76.9455931,28.4081103],[76.9535438,28.4123494]]]]}},{"type":"Feature","properties":{"sector":"94","density":"","class":"700","classtext":"700 Open Spaces","code":700,"val":"700","codetext":"","area":439073,"labelLat":28.4209946,"labelLng":76.9311537},"geometry":{"type":"Polygon","coordinates":[[[76.9265683,28.422256],[76.9263987,28.417741],[76.9371215,28.4204885],[76.935119,28.4238005],[76.9350297,28.4237825],[76.9350223,28.4237811],[76.9334477,28.4234811],[76.9334031,28.423474],[76.9333899,28.4234724],[76.9320077,28.4233161],[76.9299311,28.4230482],[76.9289952,28.422882],[76.9278724,28.4225903],[76.9265683,28.422256]]]}},{"type":"Feature","properties":{"sector":"93","density":"250","class":"100","classtext":"100 Residential (Group Housing/Plotted)","code":100,"val":"100/250","codetext":"","area":1103035,"labelLat":28.414698,"labelLng":76.9328261},"geometry":{"type":"Polygon","coordinates":[[[76.941072,28.4140039],[76.9397918,28.4160717],[76.9374166,28.4200005],[76.9263811,28.4171729],[76.9263113,28.413405],[76.9274404,28.4100907],[76.9279251,28.4086677],[76.941072,28.4140039]]]}},{"type":"Feature","properties":{"sector":"90","density":"250","class":"100","classtext":"100 Residential (Group Housing/Plotted)","code":100,"val":"100/250","codetext":"","area":1149032,"labelLat":28.4078492,"labelLng":76.9346208},"geometry":{"type":"MultiPolygon","coordinates":[[[[76.9330924,28.4017133],[76.9342664,28.4043882],[76.9348554,28.4059436],[76.9348572,28.4059479],[76.9348665,28.4059649],[76.934879,28.4059802],[76.9348943,28.4059933],[76.9348986,28.4059962],[76.941458,28.4102961],[76.9428194,28.4111815],[76.9413668,28.4135279],[76.9281238,28.4081527],[76.929352,28.4053773],[76.9313424,28.4008377],[76.9330924,28.4017133]]],[[[76.9360075,28.4031717],[76.9449316,28.4077695],[76.942938,28.4109898],[76.9416036,28.410122],[76.9350754,28.4058426],[76.9344977,28.404317],[76.9344958,28.4043125],[76.933429,28.4018817],[76.9360075,28.4031717]]]]}},{"type":"Feature","properties":{"sector":"81","density":"250","class":"100","classtext":"100 Residential (Group Housing/Plotted)","code":100,"val":"100/250","codetext":"","area":1631243,"labelLat":28.387799,"labelLng":76.9471407},"geometry":{"type":"Polygon","coordinates":[[[76.9465452,28.382045],[76.948674,28.3824986],[76.9547823,28.3844546],[76.9568501,28.3853128],[76.9566439,28.3856214],[76.9542475,28.3892007],[76.9525827,28.3916842],[76.9518723,28.3927369],[76.9518642,28.3927495],[76.9518495,28.3927762],[76.9508097,28.3949075],[76.9383229,28.3898938],[76.9372605,28.3891349],[76.9388276,28.3863153],[76.942473,28.3830334],[76.9454341,28.3818083],[76.9465452,28.382045]]]}},{"type":"Feature","properties":{"sector":"86","density":"250","class":"100","classtext":"100 Residential (Group Housing/Plotted)","code":100,"val":"100/250","codetext":"","area":1917697,"labelLat":28.3979946,"labelLng":76.9412196},"geometry":{"type":"MultiPolygon","coordinates":[[[[76.9379686,28.3903366],[76.9379976,28.3903549],[76.9380343,28.3903724],[76.9505671,28.3954046],[76.9504458,28.3956532],[76.9498459,28.3968828],[76.9469208,28.4030698],[76.9452225,28.4067047],[76.93987,28.4038917],[76.9398633,28.4038882],[76.9327522,28.4003393],[76.9321842,28.3990452],[76.9354016,28.3924793],[76.9368452,28.3898821],[76.9369836,28.3896331],[76.9379686,28.3903366]]],[[[76.9324142,28.4001679],[76.9317896,28.3998505],[76.9320456,28.399328],[76.9324142,28.4001679]]]]}},{"type":"Feature","properties":{"sector":"P4","density":"","class":"600","classtext":"600 Public and Semi Public Use","code":600,"val":"","codetext":"","area":873607,"labelLat":28.3510393,"labelLng":76.8902531},"geometry":{"type":"Polygon","coordinates":[[[76.8845184,28.3471453],[76.8950728,28.3472718],[76.8952223,28.3579068],[76.8922619,28.3563909],[76.8914859,28.3540331],[76.8904369,28.3533219],[76.8897536,28.3537516],[76.8869398,28.3533703],[76.8842354,28.3518414],[76.8830785,28.3516487],[76.8838331,28.3495884],[76.8838444,28.3495535],[76.8844931,28.3472698],[76.8844971,28.3472545],[76.8845034,28.3472258],[76.8845184,28.3471453]]]}},{"type":"Feature","properties":{"sector":"P3","density":"","class":"600","classtext":"600 Public and Semi Public Use","code":600,"val":"","codetext":"","area":682700,"labelLat":28.3511608,"labelLng":76.8994776},"geometry":{"type":"Polygon","coordinates":[[[76.8976084,28.3583413],[76.8958332,28.3581049],[76.8958365,28.3580612],[76.8956849,28.3472794],[76.9048158,28.3473979],[76.9048354,28.3473981],[76.9048455,28.3473981],[76.9069075,28.3473645],[76.9075134,28.3473567],[76.907538,28.3473564],[76.9075639,28.3473561],[76.9089059,28.3473403],[76.9089207,28.3480291],[76.904696,28.3487454],[76.904015,28.3495037],[76.9029055,28.350245],[76.9012758,28.350879],[76.9016389,28.3518672],[76.9012748,28.3532475],[76.9002666,28.3548279],[76.8987966,28.3547338],[76.8976084,28.3583413]]]}},{"type":"Feature","properties":{"sector":"P6","density":"","class":"600","classtext":"600 Public and Semi Public Use","code":600,"val":"610/620/630/640","codetext":"","area":1649413,"labelLat":28.3402893,"labelLng":76.9011961},"geometry":{"type":"Polygon","coordinates":[[[76.9068775,28.3468235],[76.9048392,28.3468568],[76.8956695,28.3467378],[76.8950917,28.3335912],[76.9069054,28.3340499],[76.9069367,28.3353147],[76.9069403,28.3354621],[76.9069419,28.3355234],[76.9070134,28.3384155],[76.9071647,28.3445351],[76.9072212,28.3468193],[76.906898,28.3468232],[76.9068775,28.3468235]]]}},{"type":"Feature","properties":{"sector":"95","density":"250","class":"100","classtext":"100 Residential (Group Housing/Plotted)","code":100,"val":"100/250","codetext":"","area":1906974,"labelLat":28.4158193,"labelLng":76.911342},"geometry":{"type":"Polygon","coordinates":[[[76.8973354,28.4128343],[76.9019792,28.4081527],[76.9170097,28.4149112],[76.9191661,28.4158806],[76.9191864,28.4158889],[76.9192195,28.4158993],[76.9199578,28.4160887],[76.92578,28.4175824],[76.9259503,28.4221126],[76.9255993,28.4220355],[76.9255575,28.4220275],[76.924921,28.4219243],[76.9248972,28.4219208],[76.9248747,28.4219182],[76.9242308,28.4218533],[76.9241955,28.4218506],[76.9210244,28.4216763],[76.9203798,28.4216273],[76.9184643,28.4214323],[76.9181728,28.4213616],[76.9163508,28.4206573],[76.9143115,28.4198446],[76.9142731,28.4198305],[76.9142601,28.4198263],[76.9129645,28.4194171],[76.9129065,28.4194013],[76.9128315,28.4193879],[76.9119228,28.4192739],[76.9118524,28.4192683],[76.9118319,28.4192678],[76.907701,28.4192362],[76.9072857,28.4191761],[76.907192,28.4191431],[76.9061886,28.4186103],[76.9061469,28.4185898],[76.9060787,28.4185631],[76.9060655,28.4185588],[76.906045,28.4185523],[76.9050551,28.4179538],[76.9050437,28.4179471],[76.9050261,28.4179372],[76.904382,28.4175883],[76.9032123,28.4167622],[76.90091,28.4151598],[76.9008951,28.4151498],[76.8981701,28.413357],[76.8981569,28.4133485],[76.8973354,28.4128343]]]}},{"type":"Feature","properties":{"sector":"92","density":"250","class":"100","classtext":"100 Residential (Group Housing/Plotted)","code":100,"val":"100/250","codetext":"","area":2116825,"labelLat":28.4090288,"labelLng":76.9158647},"geometry":{"type":"Polygon","coordinates":[[[76.9105787,28.4022056],[76.9192842,28.405469],[76.9273411,28.4085049],[76.9268541,28.4099346],[76.9257113,28.4132892],[76.9257017,28.413327],[76.9256983,28.4133716],[76.9257657,28.4170151],[76.9201285,28.4155688],[76.9194179,28.4153865],[76.9172872,28.4144286],[76.9023958,28.4077327],[76.9086182,28.4014587],[76.9105787,28.4022056]]]}},{"type":"Feature","properties":{"sector":"75 A","density":"","class":"200","classtext":"200 Commercial","code":200,"val":"200","codetext":"","area":932481,"labelLat":28.3992064,"labelLng":76.9959007},"geometry":{"type":"Polygon","coordinates":[[[77.0031797,28.4010019],[77.0018289,28.4012607],[77.0018164,28.4012632],[77.0006759,28.4014996],[77.0006432,28.4015071],[76.9982889,28.4020932],[76.9982702,28.4020981],[76.9982516,28.4021034],[76.9958699,28.402814],[76.9958321,28.4028263],[76.9935546,28.403626],[76.993537,28.4036324],[76.9934882,28.4036526],[76.9911484,28.404712],[76.9892336,28.4013217],[76.9892255,28.4013074],[76.9891735,28.4012262],[76.9891147,28.4011487],[76.9890588,28.4010853],[76.9887377,28.4007452],[76.9979837,28.3924548],[77.0006494,28.3967631],[77.0031797,28.4010019]]]}},{"type":"Feature","properties":{"sector":"37 B","density":"","class":"300","classtext":"300 Industrial","code":300,"val":"320/330/340","codetext":"","area":2318358,"labelLat":28.4291739,"labelLng":76.9810772},"geometry":{"type":"MultiPolygon","coordinates":[[[[76.9881033,28.4305758],[76.9910173,28.433942],[76.9839351,28.4376577],[76.9839176,28.4376689],[76.9839027,28.4376825],[76.9838908,28.4376981],[76.9838822,28.4377151],[76.9836996,28.438178],[76.9744447,28.4303573],[76.9738806,28.4256176],[76.9749265,28.4216178],[76.9767724,28.4194778],[76.9777153,28.4188025],[76.9881033,28.4305758]]],[[[76.9836109,28.4384026],[76.9831472,28.4395779],[76.9816321,28.441108],[76.9814919,28.4410059],[76.9808592,28.4401094],[76.9805095,28.439613],[76.9804664,28.4395588],[76.9804566,28.439548],[76.9803012,28.4393812],[76.9802648,28.4393452],[76.9801676,28.4392564],[76.9801111,28.4392105],[76.980051,28.4391714],[76.9800216,28.4391553],[76.9798383,28.4390606],[76.9798032,28.4390436],[76.9797923,28.4390388],[76.9785245,28.4384928],[76.9784671,28.4384709],[76.9784437,28.4384635],[76.9782612,28.4384089],[76.9782118,28.4383959],[76.9777665,28.4382957],[76.9761992,28.4379471],[76.9756995,28.437828],[76.9755927,28.4377977],[76.9753122,28.4376448],[76.9744843,28.4306904],[76.9836109,28.4384026]]],[[[76.9914825,28.4344793],[76.9818907,28.4415779],[76.9818473,28.4415613],[76.9816276,28.4414414],[76.9833472,28.4397047],[76.9833502,28.4397016],[76.9833621,28.4396859],[76.9833707,28.439669],[76.9838682,28.438408],[76.9840988,28.4378237],[76.9911672,28.4341151],[76.9914825,28.4344793]]]]}},{"type":"Feature","properties":{"sector":"37 A","density":"","class":"300","classtext":"300 Industrial","code":300,"val":"320/330/340","codetext":"","area":1079823,"labelLat":28.4414465,"labelLng":76.9921633},"geometry":{"type":"Polygon","coordinates":[[[76.9829058,28.4415328],[76.99209,28.4347357],[76.9932936,28.436126],[76.9993924,28.4437472],[76.9993114,28.4438324],[76.999301,28.443844],[76.999274,28.4438818],[76.9992666,28.4438953],[76.99882,28.4447705],[76.9976185,28.4469856],[76.9972444,28.4476628],[76.9970309,28.4475749],[76.9962271,28.4472351],[76.9962193,28.4472318],[76.9949763,28.4467232],[76.9934466,28.4460554],[76.9934306,28.4460486],[76.9920775,28.4454957],[76.9913956,28.4451476],[76.9902698,28.4445227],[76.9902518,28.444513],[76.9896495,28.444201],[76.9896239,28.4441883],[76.9883596,28.4435956],[76.9863533,28.4426699],[76.9863471,28.4426671],[76.9863214,28.4426561],[76.9851195,28.4421694],[76.9851061,28.4421641],[76.9848304,28.4420587],[76.9845516,28.4419534],[76.9845252,28.441944],[76.984491,28.4419334],[76.9838849,28.4417617],[76.9838597,28.4417551],[76.9834754,28.4416604],[76.9834624,28.4416573],[76.9830445,28.4415628],[76.9830375,28.4415613],[76.9829058,28.4415328]]]}},{"type":"Feature","properties":{"sector":"36 B","density":"","class":"300","classtext":"300 Industrial","code":300,"val":"320/330/340","codetext":"","area":1467976,"labelLat":28.429916,"labelLng":76.968468},"geometry":{"type":"MultiPolygon","coordinates":[[[[76.9658937,28.4234293],[76.974142,28.430401],[76.9749829,28.4374653],[76.9732458,28.4365184],[76.9697845,28.4346572],[76.9673699,28.4333511],[76.9654378,28.4322701],[76.9652232,28.4321356],[76.9628828,28.4303116],[76.9628646,28.4302979],[76.9628574,28.4302927],[76.9623608,28.4299418],[76.9628997,28.4267407],[76.9636896,28.4222205],[76.9658937,28.4234293]]],[[[76.9746274,28.4215599],[76.9735765,28.4255787],[76.9735744,28.4255879],[76.9735726,28.4256114],[76.9735734,28.4256234],[76.9741024,28.430068],[76.9660537,28.423265],[76.9660463,28.4232592],[76.9660337,28.4232513],[76.9643015,28.4223013],[76.9638135,28.4220336],[76.9637658,28.4220075],[76.9638574,28.4216999],[76.9683545,28.4215992],[76.9746274,28.4215599]]]]}},{"type":"Feature","properties":{"sector":"36A","density":"","class":"400","classtext":"400 Transport and Communication","code":400,"val":"","codetext":"","area":1128024,"labelLat":28.408858,"labelLng":76.974865},"geometry":{"type":"Polygon","coordinates":[[[76.9656757,28.4173364],[76.9691263,28.4113307],[76.9709109,28.4089573],[76.9720921,28.4076659],[76.9764193,28.4034606],[76.9796791,28.4011556],[76.9797117,28.4011316],[76.9829922,28.3986174],[76.981708,28.4016923],[76.9825119,28.4031017],[76.9827075,28.4052534],[76.9683208,28.4180894],[76.9678842,28.4180094],[76.9670429,28.4178028],[76.9656757,28.4173364]]]}},{"type":"Feature","properties":{"sector":"10","density":"375","class":"100","classtext":"100 Residential (Group Housing/Plotted)","code":100,"val":"100/375","codetext":"","area":921947,"labelLat":28.4538803,"labelLng":77.000399},"geometry":{"type":"Polygon","coordinates":[[[77.0078064,28.4565423],[77.0055753,28.4565752],[77.0029092,28.4566384],[76.9989585,28.4567515],[76.9961475,28.4568524],[76.993154,28.456913],[76.9931477,28.4569132],[76.9907832,28.4569898],[76.990877,28.4567521],[76.9908791,28.4567466],[76.9908869,28.4567213],[76.990985,28.4563287],[76.9910651,28.4560936],[76.9911183,28.4560254],[76.9912452,28.4559346],[76.9918244,28.4556611],[76.9935125,28.4549415],[76.9935292,28.4549339],[76.9937727,28.4548133],[76.9937948,28.4548013],[76.993823,28.4547822],[76.9939711,28.4546679],[76.9939984,28.4546479],[76.99401,28.4546394],[76.9940436,28.454606],[76.9940717,28.4545659],[76.9948649,28.4531634],[76.9961094,28.4509877],[76.9961123,28.4509826],[76.9972137,28.4489521],[76.9972957,28.4488035],[76.997491,28.4488839],[76.9976558,28.4489517],[76.9992373,28.449621],[77.0005715,28.450187],[77.0018048,28.4507027],[77.0026849,28.4510703],[77.0026948,28.4510743],[77.0027111,28.4510804],[77.0029444,28.4511625],[77.0029562,28.4511665],[77.0031998,28.4512455],[77.0032292,28.451254],[77.0032783,28.4512641],[77.0035384,28.4513046],[77.0035496,28.4513062],[77.0042673,28.4514011],[77.0048566,28.4515293],[77.0051483,28.4516114],[77.0057308,28.4518109],[77.0061455,28.4519765],[77.006982,28.4523511],[77.0069881,28.4523538],[77.0081351,28.4528487],[77.0081503,28.452855],[77.0081564,28.4528573],[77.0086647,28.453049],[77.0081833,28.4534271],[77.0083677,28.4540356],[77.0086083,28.4553308],[77.0078064,28.4565423]]]}},{"type":"Feature","properties":{"sector":"37 C","density":"250","class":"100","classtext":"100 Residential (Group Housing/Plotted)","code":100,"val":"100/250","codetext":"","area":1494848,"labelLat":28.4489345,"labelLng":76.9863725},"geometry":{"type":"Polygon","coordinates":[[[76.9966399,28.4487576],[76.9955614,28.4507459],[76.9943175,28.4529206],[76.9936269,28.4541419],[76.9763138,28.4514602],[76.981633,28.4425062],[76.9816366,28.4425075],[76.9817077,28.4425275],[76.9817173,28.4425296],[76.9827064,28.4427436],[76.9831125,28.4428354],[76.9834769,28.4429252],[76.9840397,28.4430846],[76.984286,28.4431776],[76.9845522,28.4432795],[76.9857313,28.4437569],[76.9877179,28.4446735],[76.9889652,28.4452583],[76.9895458,28.4455591],[76.9906735,28.446185],[76.9906953,28.4461966],[76.9914153,28.4465643],[76.9914473,28.4465797],[76.9914708,28.4465897],[76.9928442,28.4471509],[76.9943737,28.4478187],[76.9943894,28.4478253],[76.9956364,28.4483356],[76.9964393,28.448675],[76.9964458,28.4486777],[76.9966399,28.4487576]]]}},{"type":"Feature","properties":{"sector":"95 B","density":"250","class":"100","classtext":"100 Residential (Group Housing/Plotted)","code":100,"val":"100/250","codetext":"","area":1476251,"labelLat":28.4296707,"labelLng":76.9193519},"geometry":{"type":"Polygon","coordinates":[[[76.9027329,28.4235952],[76.9060438,28.4197406],[76.9131943,28.4252129],[76.913227,28.4252353],[76.9132752,28.4252604],[76.9132951,28.4252685],[76.9209991,28.428161],[76.9345331,28.4348144],[76.9345496,28.4348221],[76.9345958,28.434839],[76.9347034,28.4348714],[76.9345111,28.4391769],[76.9335944,28.4388392],[76.9313559,28.4378673],[76.9131484,28.4288105],[76.9027329,28.4235952]]]}},{"type":"Feature","properties":{"sector":"89 B","density":"","class":"600","classtext":"600 Public and Semi Public Use","code":600,"val":"610/620/630/640","codetext":"","area":475331,"labelLat":28.4396991,"labelLng":76.9427346},"geometry":{"type":"Polygon","coordinates":[[[76.9383162,28.435958],[76.943307,28.4374589],[76.9433126,28.4374605],[76.9433335,28.4374659],[76.9472463,28.4383698],[76.9467471,28.4438721],[76.9455895,28.4432775],[76.9455729,28.4432694],[76.9455455,28.4432576],[76.9433873,28.4424089],[76.9433755,28.4424044],[76.9380617,28.4404701],[76.9383162,28.435958]]]}},{"type":"Feature","properties":{"sector":"89 A","density":"250","class":"100","classtext":"100 Residential (Group Housing/Plotted)","code":100,"val":"100/250","codetext":"","area":973761,"labelLat":28.4319228,"labelLng":76.9434706},"geometry":{"type":"Polygon","coordinates":[[[76.9388678,28.4261751],[76.939823,28.4266267],[76.9398351,28.4266323],[76.9398985,28.4266574],[76.9402814,28.4267889],[76.9403548,28.4268098],[76.9403767,28.4268145],[76.9405664,28.4268523],[76.9405803,28.426855],[76.942237,28.4271542],[76.9444233,28.4276078],[76.9444293,28.427609],[76.9445943,28.4276419],[76.9458497,28.427892],[76.9458814,28.4278976],[76.9473955,28.4281338],[76.9474046,28.4281352],[76.9491472,28.4283856],[76.9474939,28.4365029],[76.9474925,28.4365107],[76.9474901,28.4365293],[76.9473837,28.4377021],[76.9435405,28.4368143],[76.9383558,28.4352551],[76.9388678,28.4261751]]]}},{"type":"Feature","properties":{"sector":"95 A","density":"250","class":"100","classtext":"100 Residential (Group Housing/Plotted)","code":100,"val":"100/250","codetext":"","area":1448729,"labelLat":28.4262982,"labelLng":76.9247376},"geometry":{"type":"Polygon","coordinates":[[[76.934762,28.4249779],[76.9343612,28.4339556],[76.9213535,28.4275609],[76.9213171,28.4275452],[76.9136498,28.4246664],[76.9081503,28.4204578],[76.9117744,28.4204855],[76.9125668,28.420585],[76.9137705,28.4209651],[76.9157882,28.4217691],[76.9157952,28.4217719],[76.9176664,28.4224953],[76.9176976,28.4225066],[76.9177601,28.4225246],[76.9181507,28.4226194],[76.9181593,28.4226214],[76.9182324,28.4226345],[76.9182542,28.4226371],[76.9202321,28.4228384],[76.9202519,28.4228402],[76.9209145,28.4228905],[76.9209307,28.4228916],[76.9240923,28.4230653],[76.9246954,28.4231261],[76.9252879,28.4232222],[76.9259998,28.4233785],[76.9274867,28.4237597],[76.9286357,28.4240582],[76.9286563,28.4240632],[76.9286942,28.4240709],[76.9296778,28.4242456],[76.9297134,28.4242511],[76.9318147,28.4245222],[76.9318268,28.4245237],[76.9331861,28.4246773],[76.9347284,28.4249711],[76.934762,28.4249779]]]}},{"type":"Feature","properties":{"sector":"75","density":"","class":"800","classtext":"800 Aggriculture Zone","code":800,"val":"","codetext":"","area":3175177,"labelLat":28.382049,"labelLng":77.0090853},"geometry":{"type":"Polygon","coordinates":[[[77.013301,28.3907914],[76.9983151,28.3917128],[76.9965981,28.3877147],[76.995188,28.3844317],[76.9951761,28.3844074],[76.9951663,28.3843907],[76.9951587,28.3843794],[76.9919658,28.3799486],[76.9919611,28.3799423],[76.9913435,28.3790851],[76.9913294,28.3790671],[76.9913211,28.3790576],[76.9912936,28.3790312],[76.9912824,28.3790219],[76.9912673,28.3790108],[76.9886049,28.3771963],[76.989351,28.3753106],[76.9893562,28.3744319],[76.9902369,28.3730247],[76.990733,28.3718333],[76.9908958,28.3724612],[76.9912315,28.3730866],[76.9917964,28.3732694],[76.9921475,28.3735698],[76.9925033,28.3741185],[76.9927709,28.374573],[76.9932491,28.3747379],[76.9937018,28.3746931],[76.9940328,28.3750703],[76.9943886,28.375619],[76.9944785,28.3758087],[76.9949312,28.3757638],[76.9951021,28.3756658],[76.9953205,28.3757963],[76.9957818,28.3762098],[76.9960052,28.3766076],[76.9962225,28.3766809],[76.9965878,28.37658],[76.9973562,28.3761027],[76.9969935,28.3769331],[76.9974899,28.3780719],[76.9977748,28.3794429],[76.9982763,28.380849],[76.998513,28.3819534],[76.999537,28.383581],[77.0002566,28.3850984],[77.0007913,28.3859692],[77.0011826,28.3866629],[77.0074339,28.3849468],[77.0075863,28.3804219],[77.0207904,28.3728922],[77.0211563,28.3731737],[77.0260502,28.3769397],[77.0290872,28.3731127],[77.0293513,28.3730495],[77.0292804,28.3816773],[77.0179284,28.380899],[77.0178761,28.3808996],[77.0178264,28.3809077],[77.0177789,28.3809229],[77.0177348,28.3809449],[77.0176954,28.3809729],[77.0176608,28.3810075],[77.0172813,28.3814644],[77.0155484,28.3835511],[77.0155357,28.3835676],[77.014021,28.3857057],[77.0140088,28.3857245],[77.0139892,28.3857659],[77.0131347,28.3881033],[77.0131231,28.3881467],[77.0131198,28.3881913],[77.0131209,28.3882034],[77.0131241,28.3882359],[77.013301,28.3907914]],[[77.0035453,28.3873849],[77.0029591,28.3872216],[77.0026033,28.3872555],[77.0019879,28.3872645],[77.0008576,28.3871725],[77.0001078,28.3872062],[76.9999761,28.3870935],[76.9998709,28.3866653],[76.9995989,28.3859817],[76.9992275,28.3851849],[76.9988249,28.3844459],[76.99852,28.3837341],[76.9982129,28.3829078],[76.997881,28.3824829],[76.9979179,28.3823236],[76.9976425,28.3818561],[76.996957,28.3815796],[76.9963994,28.3812153],[76.9963842,28.3821324],[76.997149,28.3831812],[76.997069,28.3840992],[76.997179,28.3847852],[76.9974192,28.3854979],[76.9978223,28.3862656],[76.9981947,28.3871196],[76.9985995,28.3879732],[76.9996505,28.3887314],[77.000533,28.3891482],[77.0013388,28.3894682],[77.0021266,28.3894686],[77.0028391,28.3894581],[77.0037752,28.3892724],[77.0044197,28.389091],[77.0043096,28.388405],[77.0040001,28.3876931],[77.0035453,28.3873849]]]}},{"type":"Feature","properties":{"sector":"79 B","density":"250","class":"100","classtext":"100 Residential (Group Housing/Plotted)","code":100,"val":"100/250","codetext":"","area":1222981,"labelLat":28.3540809,"labelLng":76.9772481},"geometry":{"type":"Polygon","coordinates":[[[76.9724919,28.3487322],[76.9726758,28.3480221],[76.9727348,28.3477943],[76.9810504,28.3500647],[76.9815454,28.3501851],[76.9815621,28.3502044],[76.9822697,28.3503976],[76.9848912,28.3516898],[76.9836525,28.3528513],[76.9797745,28.3617118],[76.9775249,28.360038],[76.9730358,28.357238],[76.970078,28.3559071],[76.9705626,28.3555007],[76.9705752,28.3554895],[76.9705872,28.3554777],[76.9708242,28.3552311],[76.9708346,28.3552195],[76.9708451,28.3552064],[76.9708641,28.3551786],[76.9709596,28.355015],[76.9709699,28.3549955],[76.9709804,28.3549709],[76.9709823,28.3549656],[76.9709858,28.354955],[76.9710392,28.3547776],[76.9710432,28.3547626],[76.9710467,28.3547454],[76.9710495,28.3547222],[76.9710504,28.3546961],[76.97105,28.3546851],[76.9710491,28.3546742],[76.971026,28.3544477],[76.971024,28.3544327],[76.9710218,28.3544204],[76.9710203,28.3544145],[76.9714301,28.352832],[76.9723379,28.3493271],[76.9729048,28.3492822],[76.9724919,28.3487322]]]}},{"type":"Feature","properties":{"sector":"79","density":"250","class":"100","classtext":"100 Residential (Group Housing/Plotted)","code":100,"val":"100/250","codetext":"","area":912564,"labelLat":28.361583,"labelLng":76.9726677},"geometry":{"type":"Polygon","coordinates":[[[76.9797745,28.3617118],[76.977644,28.3635872],[76.9769264,28.3656509],[76.9763938,28.3670891],[76.9663861,28.3633975],[76.9665363,28.3629517],[76.9671884,28.3609169],[76.9679533,28.3588586],[76.9679554,28.3588525],[76.9683654,28.3576314],[76.9686692,28.3571832],[76.969251,28.3566007],[76.970078,28.3559071],[76.9730358,28.357238],[76.9775249,28.360038],[76.9797745,28.3617118]]]}},{"type":"Feature","properties":{"sector":"78","density":"250","class":"100","classtext":"100 Residential (Group Housing/Plotted)","code":100,"val":"100/250","codetext":"","area":2121940,"labelLat":28.3763449,"labelLng":76.9754759},"geometry":{"type":"MultiPolygon","coordinates":[[[[76.9851184,28.3754497],[76.97551,28.3842266],[76.9749638,28.3826714],[76.9749613,28.3826649],[76.9749519,28.3826479],[76.9749394,28.3826326],[76.9749241,28.3826195],[76.9749122,28.3826119],[76.962535,28.3757187],[76.962495,28.3756953],[76.9626858,28.3748717],[76.9633335,28.3750634],[76.9644661,28.3749993],[76.9662978,28.3747819],[76.968771,28.3742209],[76.9714069,28.3737053],[76.9745083,28.3720846],[76.9809328,28.3694082],[76.9819041,28.3697664],[76.9821784,28.3713632],[76.9821797,28.3713701],[76.9821876,28.3714002],[76.9821948,28.3714202],[76.9822086,28.3714487],[76.9822182,28.3714651],[76.9822251,28.3714754],[76.9822282,28.3714796],[76.9851184,28.3754497]]],[[[76.9761835,28.3676567],[76.9715964,28.3693572],[76.9688544,28.3699699],[76.9675148,28.3705145],[76.9665477,28.3707672],[76.9639535,28.3708046],[76.9646171,28.3687846],[76.9652266,28.3668615],[76.9657554,28.3652703],[76.9661929,28.3639714],[76.9761835,28.3676567]]]]}},{"type":"Feature","properties":{"sector":"79 A","density":"250","class":"100","classtext":"100 Residential (Group Housing/Plotted)","code":100,"val":"100/250","codetext":"","area":886900,"labelLat":28.3677501,"labelLng":76.9862991},"geometry":{"type":"Polygon","coordinates":[[[76.9858716,28.3751896],[76.9857864,28.3752675],[76.9828332,28.3712108],[76.9825423,28.369518],[76.9825391,28.3694998],[76.9817913,28.3661954],[76.9825765,28.3640847],[76.9827132,28.3640015],[76.9878708,28.3608616],[76.9886351,28.3618515],[76.9909476,28.3677388],[76.990003,28.3703503],[76.9889923,28.3717403],[76.9869157,28.3738716],[76.9858716,28.3751896]]]}},{"type":"Feature","properties":{"sector":"77","density":"250","class":"100","classtext":"100 Residential (Group Housing/Plotted)","code":100,"val":"100/250","codetext":"","area":1052378,"labelLat":28.3837011,"labelLng":76.9823262},"geometry":{"type":"MultiPolygon","coordinates":[[[[76.9870292,28.3768739],[76.9869131,28.3777872],[76.9866617,28.3793571],[76.986573,28.381555],[76.9860322,28.3849818],[76.986012,28.3853247],[76.9856193,28.385717],[76.9856147,28.3857217],[76.9856031,28.3857346],[76.9855926,28.3857477],[76.9855732,28.3857763],[76.9855641,28.385793],[76.9855514,28.3858219],[76.985545,28.3858421],[76.9855385,28.3858699],[76.9855364,28.3858858],[76.985535,28.3859042],[76.9854348,28.3885099],[76.9835611,28.3888647],[76.9835452,28.3888681],[76.983536,28.3888705],[76.9834931,28.3888845],[76.9834843,28.3888882],[76.9834443,28.3889085],[76.9834383,28.3889122],[76.9834189,28.3889251],[76.9812816,28.3904657],[76.981233,28.3905007],[76.9812102,28.3905172],[76.9756315,28.3849958],[76.9756201,28.3849847],[76.9756186,28.3849834],[76.9855787,28.3758853],[76.9870292,28.3768739]]],[[[76.9908074,28.3794491],[76.9912611,28.3800788],[76.9881245,28.3832135],[76.9881129,28.3830605],[76.9881303,28.3805199],[76.9883707,28.3777883],[76.9908074,28.3794491]]]]}},{"type":"Feature","properties":{"sector":"76","density":"250","class":"100","classtext":"100 Residential (Group Housing/Plotted)","code":100,"val":"100/250","codetext":"","area":1330871,"labelLat":28.3899767,"labelLng":76.9918633},"geometry":{"type":"MultiPolygon","coordinates":[[[[76.9945709,28.3846717],[76.9959686,28.3879261],[76.9976703,28.3918878],[76.9896864,28.3990466],[76.9896091,28.3989687],[76.9875223,28.3968671],[76.9875493,28.3968401],[76.9881478,28.3953416],[76.988433,28.3921095],[76.9882571,28.389629],[76.9884203,28.3867997],[76.9882849,28.385331],[76.9881878,28.3840488],[76.9916375,28.3806012],[76.9945709,28.3846717]]],[[[76.9857368,28.3899904],[76.9858377,28.3930832],[76.9858137,28.394115],[76.9857132,28.3945176],[76.9855103,28.3948407],[76.9816615,28.3909639],[76.9816596,28.3909615],[76.9837815,28.389432],[76.9857922,28.3890512],[76.9857368,28.3899904]]]]}},{"type":"Feature","properties":{"sector":"70 A","density":"250","class":"100","classtext":"100 Residential (Group Housing/Plotted)","code":100,"val":"100/250","codetext":"","area":819609,"labelLat":28.3850503,"labelLng":77.0216642},"geometry":{"type":"Polygon","coordinates":[[[77.0293747,28.3876336],[77.0213211,28.3877765],[77.0152312,28.3878842],[77.0138492,28.3879086],[77.0145599,28.3859646],[77.0160484,28.3838635],[77.0177747,28.3817849],[77.0180524,28.3814505],[77.0249082,28.3819206],[77.0254385,28.3820774],[77.026133,28.3822581],[77.0268755,28.3826863],[77.0275132,28.383288],[77.0279161,28.3840269],[77.0283675,28.3850516],[77.0287517,28.3859436],[77.029071,28.3868366],[77.0293747,28.3876336]]]}},{"type":"Feature","properties":{"sector":"70","density":"250","class":"100","classtext":"100 Residential (Group Housing/Plotted)","code":100,"val":"100/250","codetext":"","area":1886445,"labelLat":28.3940162,"labelLng":77.0221158},"geometry":{"type":"Polygon","coordinates":[[[77.0295847,28.3999142],[77.0287061,28.3999884],[77.0265838,28.400137],[77.0242215,28.4001076],[77.0235761,28.4000911],[77.0223092,28.4000587],[77.0222925,28.4000584],[77.020536,28.4000499],[77.0202958,28.4000487],[77.0202893,28.4000487],[77.0175624,28.4000557],[77.0175447,28.400056],[77.0163399,28.4000836],[77.0156199,28.3975679],[77.0156177,28.3975605],[77.014616,28.3944356],[77.0140429,28.3926476],[77.0137509,28.3884518],[77.0152435,28.3884254],[77.0213334,28.3883177],[77.029384,28.3881749],[77.0295847,28.3999142]]]}},{"type":"Feature","properties":{"sector":"35","density":"","class":"300","classtext":"300 Industrial","code":300,"val":"320/330/340","codetext":"","area":2080174,"labelLat":28.4160345,"labelLng":77.0026227},"geometry":{"type":"Polygon","coordinates":[[[77.0053343,28.4047604],[77.0053531,28.4054234],[77.0053456,28.4074529],[77.0053471,28.4074843],[77.0053562,28.4075331],[77.0053731,28.4075801],[77.0053977,28.4076245],[77.0054293,28.4076652],[77.0054673,28.4077015],[77.0055108,28.4077324],[77.005559,28.4077575],[77.0056107,28.407776],[77.005665,28.4077877],[77.0057134,28.4077921],[77.0058314,28.4077962],[77.0058288,28.409261],[77.0057834,28.4092722],[77.0057323,28.4092923],[77.0056851,28.4093187],[77.0056428,28.4093509],[77.0056062,28.4093882],[77.0055762,28.4094299],[77.0055533,28.4094749],[77.0055381,28.4095225],[77.0055309,28.4095715],[77.0055307,28.4096056],[77.0055825,28.410633],[77.0057311,28.4130714],[77.00584,28.415139],[77.0058435,28.4155371],[77.005845,28.4155648],[77.0058541,28.4156135],[77.0058711,28.4156606],[77.0058956,28.4157049],[77.0059272,28.4157457],[77.0059589,28.4157765],[77.006401,28.4161582],[77.0069863,28.4166521],[77.0071746,28.4169511],[77.0072435,28.4175413],[77.0072487,28.4183425],[77.0072502,28.4183709],[77.0072593,28.4184196],[77.0072763,28.4184667],[77.0073008,28.418511],[77.0073324,28.4185518],[77.0073704,28.418588],[77.007414,28.418619],[77.0074621,28.418644],[77.0075139,28.4186625],[77.0075682,28.4186742],[77.0076112,28.4186784],[77.0078387,28.418689],[77.0079388,28.41879],[77.0080601,28.4189729],[77.008236,28.4193461],[77.0084242,28.4200126],[77.0084404,28.4200568],[77.0084649,28.4201011],[77.008475,28.4201155],[77.0094478,28.4214334],[77.0094539,28.4214414],[77.0103209,28.4225458],[77.0108631,28.4232627],[77.0112714,28.423791],[77.0109577,28.424044],[77.0093183,28.4253563],[77.0093128,28.4253609],[77.0093041,28.4253685],[77.0085318,28.426072],[77.007273,28.4271043],[77.006343,28.4278503],[77.0055893,28.4284264],[77.0015421,28.4236312],[76.99704,28.4155343],[76.9951049,28.4119422],[76.995102,28.4119367],[76.993514,28.4090259],[77.0053343,28.4047604]]]}},{"type":"Feature","properties":{"sector":"72 A","density":"","class":"700","classtext":"700 Open Spaces","code":700,"val":"700","codetext":"","area":940246,"labelLat":28.422648,"labelLng":77.0194491},"geometry":{"type":"MultiPolygon","coordinates":[[[[77.0204809,28.4269526],[77.0200133,28.4267702],[77.0200063,28.4267677],[77.0192236,28.4265119],[77.0192211,28.4265111],[77.0192053,28.4265073],[77.0178179,28.4262605],[77.0178129,28.4262597],[77.0177916,28.4262584],[77.0177715,28.4262602],[77.0167371,28.4264284],[77.0167242,28.4264312],[77.016514,28.4264877],[77.0161833,28.4265765],[77.0158469,28.4266669],[77.0127209,28.4233502],[77.0151739,28.421317],[77.0168027,28.4200518],[77.016814,28.4200436],[77.0168322,28.4200306],[77.016842,28.4200237],[77.0205373,28.4175754],[77.0214455,28.4169572],[77.025825,28.4242218],[77.0251049,28.4244756],[77.0235168,28.4249955],[77.0234963,28.4250044],[77.0219354,28.4258566],[77.0212283,28.4259408],[77.0212213,28.4259418],[77.0212008,28.425947],[77.0211816,28.4259552],[77.0211643,28.4259663],[77.0211495,28.4259799],[77.0211399,28.4259919],[77.0204809,28.4269526]]],[[[77.0220204,28.4273685],[77.0219801,28.4273968],[77.0217136,28.4276186],[77.0216887,28.427642],[77.0215246,28.4278163],[77.0215151,28.4278269],[77.0210765,28.4283434],[77.0208878,28.4285096],[77.0198046,28.4292515],[77.0192441,28.4296174],[77.0187813,28.4290658],[77.0167444,28.4266521],[77.0167888,28.4266402],[77.0170883,28.4265915],[77.0171346,28.4265839],[77.0177926,28.4264769],[77.0191476,28.426718],[77.0199179,28.4269697],[77.0204804,28.4271891],[77.0204899,28.4271924],[77.0205106,28.427197],[77.0205319,28.4271983],[77.0205531,28.4271964],[77.0205736,28.4271912],[77.0205928,28.4271829],[77.0206101,28.4271718],[77.0206249,28.4271583],[77.0206345,28.4271462],[77.021319,28.4261484],[77.0219939,28.4260681],[77.0220008,28.4260671],[77.0220214,28.4260619],[77.0220412,28.4260533],[77.0236139,28.4251946],[77.0251921,28.4246779],[77.0251942,28.4246772],[77.0259411,28.424414],[77.0269014,28.4259933],[77.0264528,28.425969],[77.0264171,28.4259689],[77.0255169,28.4260131],[77.0247511,28.4260221],[77.0247248,28.4260235],[77.0246858,28.4260292],[77.0244356,28.4260806],[77.0244249,28.426083],[77.0243773,28.4260983],[77.0243519,28.4261099],[77.0230519,28.4267739],[77.0230377,28.4267816],[77.0220204,28.4273685]]]]}},{"type":"Feature","properties":{"sector":"33","density":"","class":"600","classtext":"600 Public and Semi Public Use","code":600,"val":"650","codetext":"","area":1789780,"labelLat":28.4382292,"labelLng":77.0263109},"geometry":{"type":"Polygon","coordinates":[[[77.0168582,28.437128],[77.0187542,28.435927],[77.0190079,28.4350637],[77.0194007,28.4344133],[77.0200671,28.4339497],[77.0207079,28.4335582],[77.0211341,28.4332415],[77.0212947,28.4331675],[77.023163,28.4319937],[77.0242853,28.4313563],[77.0268851,28.4317235],[77.0305283,28.4329823],[77.0348473,28.4349011],[77.0345262,28.4358741],[77.0345183,28.4359006],[77.0342762,28.4368019],[77.0342739,28.436811],[77.0342695,28.4368302],[77.0339458,28.4384061],[77.033942,28.4384273],[77.0338412,28.4390601],[77.0338166,28.4392147],[77.0338135,28.439237],[77.0336411,28.4408022],[77.0334282,28.4426235],[77.033181,28.4444363],[77.0329099,28.4444822],[77.0332363,28.4418233],[77.0285097,28.4418461],[77.0296151,28.4452944],[77.0245302,28.4467489],[77.0241318,28.445994],[77.0235484,28.4451432],[77.0229919,28.4442919],[77.0226002,28.4435815],[77.0221729,28.442418],[77.0218032,28.4414446],[77.0211442,28.4408814],[77.0200303,28.4405398],[77.018576,28.4393438],[77.0168582,28.437128]]]}},{"type":"Feature","properties":{"sector":"10 A","density":"375","class":"100","classtext":"100 Residential (Group Housing/Plotted)","code":100,"val":"100/375","codetext":"","area":1538228,"labelLat":28.4469294,"labelLng":77.0070548},"geometry":{"type":"Polygon","coordinates":[[[77.0078643,28.4411136],[77.0100002,28.4434505],[77.0123947,28.4457376],[77.0151257,28.4484476],[77.0163972,28.4498713],[77.014051,28.4538723],[77.013986,28.4538217],[77.0139484,28.4537953],[77.0137731,28.4536855],[77.0137198,28.4536567],[77.012887,28.4532767],[77.0128706,28.4532696],[77.0122172,28.4529999],[77.0121845,28.4529878],[77.0117286,28.4528363],[77.0116882,28.4528249],[77.0111971,28.452708],[77.0111766,28.4527036],[77.0111362,28.4526973],[77.0101565,28.452586],[77.0098164,28.4525396],[77.0095764,28.4524903],[77.0092682,28.4523937],[77.0085277,28.4521145],[77.0073943,28.4516254],[77.0065516,28.4512481],[77.0065331,28.4512402],[77.0060976,28.4510663],[77.0060745,28.4510578],[77.0054672,28.4508498],[77.0054591,28.4508471],[77.0054406,28.4508415],[77.0051208,28.4507514],[77.0050911,28.4507441],[77.0044662,28.4506081],[77.0044554,28.4506059],[77.0044243,28.4506008],[77.0036919,28.450504],[77.0034778,28.4504707],[77.0032786,28.4504061],[77.0030645,28.4503307],[77.0021975,28.4499686],[77.0009668,28.449454],[76.9996345,28.4488888],[76.9980479,28.4482173],[76.997878,28.4481474],[76.9976989,28.4480737],[76.9981698,28.4472215],[76.9993738,28.4450017],[76.9993768,28.444996],[76.9998075,28.4441521],[77.0005933,28.4433261],[77.0005987,28.4433202],[77.0019024,28.4418693],[77.002411,28.4413112],[77.0032176,28.4407296],[77.0040454,28.4401332],[77.0052898,28.439251],[77.0055261,28.4391107],[77.005861,28.4389117],[77.0078643,28.4411136]]]}},{"type":"Feature","properties":{"sector":"47","density":"250","class":"100","classtext":"100 Residential (Group Housing/Plotted)","code":100,"val":"100/250","codetext":"","area":1895486,"labelLat":28.4252516,"labelLng":77.0469904},"geometry":{"type":"Polygon","coordinates":[[[77.0537703,28.4310997],[77.0520934,28.4293015],[77.0513756,28.4297249],[77.0505568,28.4302873],[77.0495294,28.4307918],[77.0474123,28.4323272],[77.0459457,28.4307879],[77.0459368,28.4307789],[77.0456258,28.4304803],[77.0456041,28.4304614],[77.0455617,28.4304335],[77.0452705,28.4302768],[77.0452295,28.4302584],[77.0451883,28.4302461],[77.043392,28.4298337],[77.0404086,28.4291552],[77.037894,28.4285752],[77.0376672,28.4285229],[77.0377428,28.4282542],[77.0377449,28.4282465],[77.03775,28.4282272],[77.0381462,28.4268887],[77.0388438,28.4245232],[77.03948,28.4223407],[77.0402426,28.4197324],[77.0408511,28.4176807],[77.0408907,28.4175472],[77.0409086,28.4174869],[77.0411684,28.4175821],[77.0423657,28.4180061],[77.0443104,28.4186911],[77.0458442,28.4192197],[77.045851,28.4192219],[77.0471693,28.4196035],[77.0471763,28.4196054],[77.048173,28.4198478],[77.0491961,28.4201204],[77.049737,28.4202732],[77.0507054,28.4205951],[77.0514771,28.4208929],[77.051812,28.4211155],[77.0524769,28.4217137],[77.0534226,28.4225778],[77.0536269,28.4227818],[77.0546792,28.4240944],[77.0546818,28.4240976],[77.0558397,28.4254554],[77.055847,28.4254633],[77.0570205,28.4266255],[77.0570416,28.4266466],[77.0570421,28.4266471],[77.0570426,28.4266476],[77.0576758,28.4272792],[77.0581673,28.427768],[77.0573413,28.4283887],[77.0565219,28.4290192],[77.0556117,28.4297012],[77.054608,28.4304663],[77.0537703,28.4310997]]]}},{"type":"Feature","properties":{"sector":"46","density":"250","class":"100","classtext":"100 Residential (Group Housing/Plotted)","code":100,"val":"100/250","codetext":"","area":1481628,"labelLat":28.4357758,"labelLng":77.0583375},"geometry":{"type":"Polygon","coordinates":[[[77.059164,28.4287593],[77.0601614,28.4298176],[77.0612114,28.4308977],[77.062337,28.4320891],[77.0623371,28.4320892],[77.0625205,28.4322833],[77.0625225,28.4322854],[77.064285,28.4340723],[77.0657626,28.4356253],[77.0670593,28.4369571],[77.0654466,28.4381529],[77.0654433,28.4381555],[77.0641136,28.4392192],[77.0624332,28.4404339],[77.062429,28.4404371],[77.0607508,28.4417584],[77.0590454,28.4430416],[77.0583335,28.4435808],[77.0582084,28.4434493],[77.0563225,28.441522],[77.0536601,28.4387813],[77.0501745,28.4351822],[77.0495903,28.4345811],[77.0499538,28.4343441],[77.0499627,28.4343378],[77.0507024,28.4337754],[77.0515914,28.433108],[77.0527179,28.4322574],[77.0537959,28.4314366],[77.0548075,28.4306716],[77.0558106,28.429907],[77.0567216,28.4292243],[77.0575411,28.4285937],[77.0583708,28.4279704],[77.059164,28.4287593]]]}},{"type":"Feature","properties":{"sector":"51","density":"250","class":"100","classtext":"100 Residential (Group Housing/Plotted)","code":100,"val":"100/250","codetext":"","area":1477804,"labelLat":28.4287258,"labelLng":77.0661745},"geometry":{"type":"Polygon","coordinates":[[[77.0656272,28.4215887],[77.0676772,28.423537],[77.06992,28.425692],[77.0718137,28.4275042],[77.0738612,28.4294477],[77.0750616,28.4305871],[77.0735734,28.4317595],[77.0722077,28.4328755],[77.070203,28.4344112],[77.0702009,28.4344128],[77.0688602,28.435479],[77.0679371,28.436219],[77.0679335,28.4362221],[77.0672866,28.4367757],[77.0659958,28.4354499],[77.0645185,28.4338972],[77.0645168,28.4338954],[77.0627545,28.4321087],[77.0625722,28.4319157],[77.0625712,28.4319147],[77.0614451,28.4307227],[77.0603952,28.4296428],[77.0593977,28.4285843],[77.0593951,28.4285816],[77.0585013,28.4276928],[77.0579048,28.4270996],[77.0573716,28.4265677],[77.058026,28.4260376],[77.0591739,28.4251524],[77.0602731,28.4243121],[77.0620214,28.4229604],[77.0634583,28.4218572],[77.0648174,28.4208044],[77.0656272,28.4215887]]]}},{"type":"Feature","properties":{"sector":"49","density":"250","class":"100","classtext":"100 Residential (Group Housing/Plotted)","code":100,"val":"100/250","codetext":"","area":2137942,"labelLat":28.4115284,"labelLng":77.0492248},"geometry":{"type":"Polygon","coordinates":[[[77.0452909,28.4021541],[77.0458297,28.4023202],[77.0482364,28.403073],[77.0494769,28.4035356],[77.0513074,28.4043783],[77.0513127,28.4043807],[77.0513617,28.404401],[77.0537769,28.4053076],[77.0559272,28.4061151],[77.0584837,28.4070805],[77.0578572,28.4083951],[77.0569616,28.4102466],[77.056128,28.4119662],[77.0552373,28.4138038],[77.0544431,28.415448],[77.0536998,28.4169266],[77.0536974,28.4169316],[77.0532224,28.4179884],[77.0527679,28.4188645],[77.0522446,28.4199173],[77.0518253,28.4207857],[77.0516468,28.4206671],[77.0516291,28.4206569],[77.051616,28.4206512],[77.0508243,28.4203456],[77.0508169,28.420343],[77.0498411,28.4200186],[77.0498372,28.4200174],[77.0498338,28.4200164],[77.0492869,28.4198619],[77.0482596,28.4195882],[77.048256,28.4195873],[77.0472611,28.4193453],[77.0459515,28.4189662],[77.0444227,28.4184392],[77.0424793,28.4177548],[77.0412839,28.4173314],[77.040987,28.4172226],[77.0415031,28.4154835],[77.0421929,28.413137],[77.0428391,28.4109208],[77.0437913,28.4076588],[77.0440116,28.4069216],[77.0440143,28.4069124],[77.0444133,28.4054763],[77.0444157,28.4054673],[77.0448522,28.403771],[77.0452909,28.4021541]]]}},{"type":"Feature","properties":{"sector":"50","density":"250","class":"100","classtext":"100 Residential (Group Housing/Plotted)","code":100,"val":"100/250","codetext":"","area":2211941,"labelLat":28.4162221,"labelLng":77.0613824},"geometry":{"type":"Polygon","coordinates":[[[77.0737529,28.4127985],[77.0717863,28.4144192],[77.07115,28.4148363],[77.0711407,28.4148428],[77.0711291,28.4148528],[77.0707014,28.4152593],[77.0694261,28.4163323],[77.0694127,28.4163452],[77.0693978,28.4163647],[77.0693869,28.4163863],[77.0693839,28.416395],[77.0693563,28.416485],[77.0688229,28.4171368],[77.0682727,28.4176923],[77.0673077,28.4184665],[77.0664901,28.4191443],[77.0655926,28.4198394],[77.0647286,28.4205128],[77.0646242,28.4205942],[77.0632571,28.4216531],[77.0618203,28.4227563],[77.0600722,28.4241078],[77.0589732,28.4249481],[77.0578234,28.4258347],[77.0578206,28.4258369],[77.0571682,28.4263654],[77.0560803,28.4252879],[77.0549277,28.4239363],[77.0538719,28.4226193],[77.0538621,28.4226083],[77.0536495,28.4223961],[77.053645,28.4223918],[77.0526961,28.4215247],[77.0520724,28.4209635],[77.0525255,28.4200249],[77.0530472,28.4189754],[77.0535024,28.418098],[77.0535055,28.4180916],[77.0539808,28.417034],[77.0547238,28.4155561],[77.0555187,28.4139102],[77.0564094,28.4120728],[77.057243,28.4103531],[77.058139,28.4085008],[77.0587653,28.4071868],[77.0625783,28.4086265],[77.0658784,28.409866],[77.0694094,28.4111972],[77.0716328,28.412028],[77.0716398,28.4120306],[77.0737529,28.4127985]]]}},{"type":"Feature","properties":{"sector":"57","density":"250","class":"100","classtext":"100 Residential (Group Housing/Plotted)","code":100,"val":"100/250","codetext":"","area":3389133,"labelLat":28.4222773,"labelLng":77.0792679},"geometry":{"type":"MultiPolygon","coordinates":[[[[77.0847993,28.4294164],[77.0844274,28.4294604],[77.0837851,28.4295369],[77.0825237,28.4296612],[77.0812796,28.429807],[77.0803565,28.4299189],[77.0794386,28.430014],[77.0783474,28.4301309],[77.077241,28.4302407],[77.0758108,28.43037],[77.0758065,28.4303704],[77.0753902,28.4304185],[77.0753809,28.4304199],[77.0753558,28.4304261],[77.0753223,28.4304374],[77.0740852,28.4292632],[77.0720382,28.4273202],[77.0701451,28.4255086],[77.067902,28.4233532],[77.0658524,28.4214053],[77.0650471,28.4206254],[77.0657947,28.4200427],[77.0666938,28.4193463],[77.0666976,28.4193433],[77.0675153,28.4186655],[77.0684849,28.4178875],[77.0684972,28.4178764],[77.0690579,28.4173104],[77.0690617,28.4173064],[77.0690668,28.4173005],[77.0696207,28.4166236],[77.0696306,28.4166099],[77.0696414,28.4165884],[77.0696445,28.4165797],[77.0696682,28.4165023],[77.0709158,28.4154525],[77.0709223,28.4154466],[77.0713436,28.4150463],[77.0719756,28.4146321],[77.0719848,28.4146255],[77.0719888,28.4146224],[77.0740652,28.4129111],[77.0773583,28.4140892],[77.0794041,28.4148152],[77.0794132,28.4148183],[77.0794513,28.4148304],[77.0800786,28.4150118],[77.0801154,28.4150215],[77.0801259,28.415024],[77.0806081,28.4151336],[77.0835556,28.4159532],[77.0858638,28.4166157],[77.0868443,28.4169039],[77.0879437,28.417219],[77.0879391,28.4172354],[77.0879376,28.4172542],[77.0879398,28.417273],[77.0880314,28.4176883],[77.0880372,28.4177064],[77.0880408,28.4177137],[77.0882233,28.4180564],[77.0882291,28.418066],[77.0882414,28.418081],[77.0885297,28.4183762],[77.0887253,28.4187399],[77.0887309,28.4187491],[77.0887435,28.4187644],[77.0887471,28.4187679],[77.088966,28.4189718],[77.0889777,28.4189814],[77.0889954,28.4189919],[77.0890149,28.4189996],[77.0890356,28.4190042],[77.0890569,28.4190055],[77.0890782,28.4190035],[77.0890852,28.4190021],[77.0893641,28.4189389],[77.0894937,28.4189095],[77.0895071,28.4189057],[77.0895107,28.4189044],[77.0900756,28.4186945],[77.0904535,28.4186608],[77.0905326,28.4187619],[77.0905409,28.4187713],[77.0905562,28.4187844],[77.0905604,28.4187873],[77.0908228,28.4189591],[77.0908614,28.4223261],[77.0908855,28.4240673],[77.090928,28.426675],[77.0909688,28.4286117],[77.0909994,28.429774],[77.0903084,28.4297562],[77.0897966,28.4297402],[77.0893611,28.4297208],[77.0882743,28.4296565],[77.0860767,28.429485],[77.0856086,28.4294492],[77.0856022,28.4294489],[77.0851246,28.42943],[77.0848281,28.4294155],[77.0848169,28.4294153],[77.0847993,28.4294164]]],[[[77.0905008,28.418439],[77.0900328,28.4184807],[77.0900217,28.4184822],[77.0900012,28.4184874],[77.0899976,28.4184886],[77.0894241,28.4187017],[77.0890941,28.4187766],[77.0889381,28.4186313],[77.0887437,28.41827],[77.0887381,28.4182608],[77.0887258,28.4182458],[77.0884377,28.4179507],[77.0882688,28.4176337],[77.0881763,28.4172857],[77.0883621,28.4173389],[77.0896981,28.4177328],[77.0897241,28.4177401],[77.0908072,28.4180219],[77.0908121,28.4180231],[77.0908197,28.4186876],[77.0907225,28.418624],[77.0906138,28.4184851],[77.0906055,28.4184757],[77.0905902,28.4184626],[77.0905725,28.418452],[77.090553,28.4184444],[77.0905322,28.4184398],[77.0905109,28.4184385],[77.0905008,28.418439]]]]}},{"type":"Feature","properties":{"sector":"61","density":"250","class":"100","classtext":"100 Residential (Group Housing/Plotted)","code":100,"val":"100/250","codetext":"","area":1443072,"labelLat":28.4099532,"labelLng":77.0967417},"geometry":{"type":"Polygon","coordinates":[[[77.0913303,28.4166933],[77.0913231,28.4166311],[77.0913218,28.416621],[77.091203,28.4158731],[77.0912463,28.4153461],[77.0913126,28.4146264],[77.0914305,28.4136592],[77.0914638,28.4134314],[77.0917581,28.412313],[77.0920282,28.4114301],[77.0920336,28.4114089],[77.0921373,28.4109155],[77.0921391,28.410906],[77.092142,28.4108809],[77.092181,28.4102548],[77.0921814,28.4102472],[77.0921945,28.4098149],[77.0921945,28.4098029],[77.0921942,28.4097947],[77.0921603,28.4091682],[77.0921374,28.4088256],[77.0921191,28.4084312],[77.0921239,28.4077249],[77.0921398,28.4067498],[77.0921563,28.406011],[77.0922373,28.4054459],[77.0924221,28.4042081],[77.0924229,28.4042022],[77.0925805,28.402931],[77.0926476,28.4025632],[77.0932661,28.40262],[77.0947018,28.4028141],[77.094716,28.4028157],[77.0958381,28.4029202],[77.0966381,28.4029982],[77.0978174,28.4031304],[77.0987215,28.4032215],[77.099505,28.4033072],[77.1008452,28.4034514],[77.1018021,28.4035514],[77.1021656,28.4035867],[77.1017119,28.4086638],[77.1017102,28.4086825],[77.1017084,28.4087084],[77.1009335,28.4173999],[77.1009194,28.4175582],[77.1004419,28.4174283],[77.099227,28.4170808],[77.097912,28.4167069],[77.0978409,28.41669],[77.0975886,28.4166413],[77.0975106,28.41663],[77.0974319,28.4166258],[77.0974255,28.4166258],[77.0954056,28.4166259],[77.0953953,28.4166259],[77.0926037,28.4166593],[77.0925909,28.4166596],[77.0913303,28.4166933]]]}},{"type":"Feature","properties":{"sector":"27","density":"250","class":"100","classtext":"100 Residential (Group Housing/Plotted)","code":100,"val":"100/250","codetext":"","area":1483779,"labelLat":28.4644668,"labelLng":77.0831288},"geometry":{"type":"Polygon","coordinates":[[[77.0940185,28.4679283],[77.0925068,28.4679025],[77.0895791,28.4678926],[77.0877054,28.4678912],[77.0867645,28.4678905],[77.0842482,28.4678646],[77.082281,28.4678707],[77.0783834,28.4678762],[77.0771558,28.4678827],[77.0764156,28.4678866],[77.0742515,28.4678766],[77.0734275,28.4678793],[77.0742389,28.4621925],[77.0742401,28.462183],[77.0743853,28.4607651],[77.0743865,28.4607465],[77.0744271,28.4590791],[77.0748031,28.4591121],[77.076597,28.459518],[77.078646,28.4599785],[77.0805205,28.4603962],[77.0827021,28.4608999],[77.0862922,28.4617139],[77.0894264,28.4624416],[77.0894404,28.4624442],[77.0904033,28.4625843],[77.0931133,28.4630344],[77.0949559,28.463313],[77.0940185,28.4679283]]]}},{"type":"Feature","properties":{"sector":"58","density":"250","class":"100","classtext":"100 Residential (Group Housing/Plotted)","code":100,"val":"100/250","codetext":"","area":1678799,"labelLat":28.416478,"labelLng":77.1099426},"geometry":{"type":"Polygon","coordinates":[[[77.101519,28.4177214],[77.1022909,28.409053],[77.1029419,28.409214],[77.1034949,28.4093668],[77.1047006,28.4096929],[77.1056789,28.4099966],[77.1069791,28.4104436],[77.1087783,28.4110279],[77.108785,28.41103],[77.1099713,28.4113877],[77.1107234,28.4116327],[77.1107366,28.4116367],[77.1125305,28.4121402],[77.1147854,28.4128292],[77.1164563,28.4133618],[77.1176681,28.4137345],[77.1176833,28.4137392],[77.1177133,28.4137489],[77.1179519,28.4138353],[77.1177758,28.4148191],[77.1175556,28.4161021],[77.116954,28.4194603],[77.1169504,28.4194973],[77.1169387,28.4201918],[77.1167392,28.4209301],[77.1162868,28.4216856],[77.1156512,28.4227518],[77.1156312,28.4227938],[77.1153341,28.4236054],[77.1153225,28.4236489],[77.1153192,28.4236935],[77.1153218,28.423724],[77.1154888,28.4248467],[77.1156289,28.4267287],[77.115103,28.4263061],[77.1146128,28.4258764],[77.1139104,28.4252305],[77.1129215,28.4243172],[77.1115658,28.4229127],[77.1107572,28.4220321],[77.1106233,28.4218375],[77.1105275,28.4216929],[77.1104006,28.4214986],[77.1103971,28.4214934],[77.1103537,28.4214352],[77.1103037,28.4213814],[77.1102824,28.4213615],[77.1101696,28.4212605],[77.110135,28.4212314],[77.1100736,28.4211877],[77.1100102,28.4211513],[77.1098288,28.4210579],[77.1097572,28.4210255],[77.1097293,28.421015],[77.1094383,28.4209121],[77.1093932,28.4208976],[77.1088845,28.4207496],[77.1085297,28.4205588],[77.1079699,28.4202073],[77.1069004,28.4195337],[77.1064131,28.4192281],[77.1063527,28.4191939],[77.1063312,28.4191833],[77.1060232,28.4190377],[77.1059745,28.4190166],[77.1059064,28.4189931],[77.1054237,28.4188494],[77.1052355,28.4187933],[77.105229,28.4187915],[77.1038149,28.4183847],[77.1024339,28.4179705],[77.1024268,28.4179684],[77.1024131,28.4179646],[77.101519,28.4177214]]]}},{"type":"Feature","properties":{"sector":"29","density":"","class":"200","classtext":"200 Commercial","code":200,"val":"","codetext":"","area":1598150,"labelLat":28.4677773,"labelLng":77.0681047},"geometry":{"type":"Polygon","coordinates":[[[77.0707198,28.4776874],[77.0694982,28.4766393],[77.0694589,28.476607],[77.0588049,28.4681526],[77.0589919,28.4680765],[77.0590152,28.4680659],[77.0592453,28.4679503],[77.0592552,28.467945],[77.0594076,28.4678616],[77.0594181,28.4678555],[77.0594465,28.4678363],[77.0600436,28.4673802],[77.061542,28.4662213],[77.0634933,28.4647355],[77.0652827,28.4633564],[77.0669091,28.4621022],[77.0685831,28.4608115],[77.0702969,28.4594941],[77.0712469,28.4587659],[77.0712591,28.458756],[77.0716086,28.4584534],[77.0716392,28.4584226],[77.071656,28.4584007],[77.0716853,28.4583581],[77.0717819,28.4583724],[77.0722032,28.4585068],[77.0736692,28.4590577],[77.0736834,28.4590626],[77.0738138,28.4591046],[77.0737743,28.4607255],[77.0736305,28.4621295],[77.0727955,28.4679816],[77.072263,28.4716577],[77.0717678,28.475022],[77.071331,28.4778301],[77.0707198,28.4776874]]]}},{"type":"Feature","properties":{"sector":"41","density":"250","class":"100","classtext":"100 Residential (Group Housing/Plotted)","code":100,"val":"100/250","codetext":"","area":1120942,"labelLat":28.4569365,"labelLng":77.0637199},"geometry":{"type":"Polygon","coordinates":[[[77.0658415,28.4522468],[77.0678987,28.4544439],[77.0711589,28.4580812],[77.0711525,28.4580905],[77.0708386,28.4583623],[77.0698952,28.4590854],[77.0681807,28.4604033],[77.0665063,28.4616943],[77.06488,28.4629485],[77.063914,28.463693],[77.0638151,28.4637692],[77.0595247,28.4593589],[77.0595222,28.4593565],[77.0585541,28.4584133],[77.0580742,28.4578636],[77.0571983,28.4568691],[77.057192,28.4568624],[77.0561056,28.4558038],[77.0561245,28.4557892],[77.0566311,28.4554064],[77.056644,28.4553974],[77.0566452,28.4553966],[77.0566518,28.4553921],[77.0576787,28.4547046],[77.0576853,28.4546999],[77.0587419,28.4539084],[77.0600385,28.4529532],[77.0600411,28.4529513],[77.0613973,28.4519026],[77.0632306,28.4505509],[77.0637996,28.4501345],[77.0658415,28.4522468]]]}},{"type":"Feature","properties":{"sector":"31","density":"250","class":"100","classtext":"100 Residential (Group Housing/Plotted)","code":100,"val":"100/250","codetext":"","area":853489,"labelLat":28.4528099,"labelLng":77.0494493},"geometry":{"type":"Polygon","coordinates":[[[77.042937,28.4510714],[77.0435545,28.4505025],[77.0435582,28.450499],[77.04466,28.449409],[77.0458803,28.448247],[77.0467398,28.4473956],[77.0476821,28.4465632],[77.0486521,28.4473221],[77.0487785,28.4474197],[77.0487932,28.4474319],[77.0487979,28.4474358],[77.0499774,28.4483564],[77.0508198,28.4493015],[77.0522447,28.4508638],[77.0534844,28.4522069],[77.0543369,28.4531088],[77.0553484,28.4541885],[77.0557366,28.4546133],[77.0563388,28.4552722],[77.0559242,28.4555845],[77.0557869,28.4556908],[77.0552306,28.4561214],[77.0549807,28.4562636],[77.0547157,28.4563766],[77.0543671,28.4564976],[77.0540719,28.456577],[77.0537511,28.4566633],[77.0535539,28.456719],[77.0535457,28.4567216],[77.0535375,28.4567246],[77.0532828,28.4568263],[77.053267,28.4568336],[77.0532551,28.4568407],[77.0530581,28.4569689],[77.0526016,28.4572114],[77.0525801,28.4572252],[77.0525773,28.4572274],[77.0520664,28.457639],[77.0510699,28.4583733],[77.0503933,28.4588763],[77.0429595,28.4510949],[77.042937,28.4510714]]]}},{"type":"Feature","properties":{"sector":"39","density":"250","class":"100","classtext":"100 Residential (Group Housing/Plotted)","code":100,"val":"100/250","codetext":"","area":1182822,"labelLat":28.4418282,"labelLng":77.0496781},"geometry":{"type":"Polygon","coordinates":[[[77.0495306,28.4468799],[77.049505,28.4468864],[77.049487,28.4468937],[77.0489156,28.4471666],[77.048855,28.4471193],[77.0478035,28.4462967],[77.0477772,28.4462761],[77.0477721,28.4462723],[77.0477622,28.4462664],[77.04775,28.4462591],[77.0477256,28.4462495],[77.0476997,28.4462438],[77.0476731,28.4462421],[77.0476465,28.4462446],[77.0476209,28.4462511],[77.0475969,28.4462614],[77.0475753,28.4462753],[77.0475674,28.4462817],[77.0466318,28.4471084],[77.04652,28.4470036],[77.0463838,28.4468446],[77.046361,28.4467789],[77.0463599,28.4467237],[77.0465517,28.4462233],[77.0466237,28.4460435],[77.0466304,28.4460201],[77.046632,28.446007],[77.0466425,28.4458516],[77.0466427,28.4458412],[77.04664,28.4458178],[77.0466326,28.4457951],[77.0466209,28.4457739],[77.0466087,28.4457584],[77.0457301,28.4447988],[77.0457278,28.4447963],[77.0446058,28.4436288],[77.0436856,28.4426785],[77.0428802,28.4418283],[77.0422635,28.4412005],[77.0416479,28.4405405],[77.0431043,28.4394385],[77.0446859,28.4382544],[77.0462887,28.4370413],[77.0481178,28.4356696],[77.0491104,28.434918],[77.0497096,28.4355346],[77.0531952,28.4391336],[77.0558586,28.4418754],[77.0562127,28.4422373],[77.0577424,28.4438006],[77.0578776,28.4439427],[77.0574931,28.4442631],[77.0569045,28.4447168],[77.0568874,28.4447322],[77.0566565,28.4449775],[77.0566422,28.4449958],[77.0563431,28.4454539],[77.0563417,28.4454562],[77.0561561,28.4457556],[77.056002,28.4459311],[77.0558165,28.4460416],[77.0556344,28.4461508],[77.0553816,28.4462222],[77.0549272,28.4463329],[77.0544743,28.4464296],[77.0538415,28.4465485],[77.0535744,28.4465978],[77.0529879,28.446507],[77.0529627,28.4465052],[77.0522223,28.4465049],[77.0521944,28.4465074],[77.0521688,28.4465139],[77.0521542,28.4465196],[77.0516719,28.4467364],[77.0509824,28.4468559],[77.0501664,28.4468682],[77.0495572,28.4468774],[77.0495306,28.4468799]]]}},{"type":"Feature","properties":{"sector":"32","density":"","class":"100","classtext":"600 Public and Semi Public Use","code":100,"val":"610/620/630","codetext":"","area":559386,"labelLat":28.4456745,"labelLng":77.041832},"geometry":{"type":"Polygon","coordinates":[[[77.0366072,28.4450085],[77.0369103,28.444416],[77.0371684,28.44398],[77.0375439,28.4436206],[77.0383083,28.4430394],[77.0393335,28.4422865],[77.0403647,28.4415089],[77.0414151,28.4407164],[77.0420284,28.441374],[77.042031,28.4413767],[77.0426472,28.4420039],[77.0434519,28.4428534],[77.0443727,28.4438044],[77.0454932,28.4449703],[77.0463333,28.4458879],[77.0463276,28.4459717],[77.0462623,28.4461348],[77.0460613,28.4466591],[77.0460551,28.4466813],[77.0460533,28.4467048],[77.0460551,28.4468027],[77.0460579,28.4468261],[77.0460619,28.4468401],[77.0460991,28.446947],[77.0461024,28.4469557],[77.0461141,28.4469769],[77.0461233,28.4469889],[77.0462808,28.4471728],[77.0462873,28.4471798],[77.0462915,28.4471839],[77.0464207,28.4473051],[77.0456538,28.4480648],[77.0444336,28.4492268],[77.0433316,28.4503169],[77.0427379,28.4508639],[77.0400932,28.4481078],[77.0388379,28.4467664],[77.0388241,28.4467519],[77.0387829,28.4467111],[77.0377178,28.4457036],[77.0376875,28.4456759],[77.0376102,28.4456123],[77.0375276,28.4455542],[77.0375189,28.4455486],[77.0369013,28.4451534],[77.0368226,28.4451067],[77.036731,28.4450603],[77.0366653,28.445032],[77.0366072,28.4450085]]]}},{"type":"Feature","properties":{"sector":"38","density":"250","class":"100","classtext":"100 Residential (Group Housing/Plotted)","code":100,"val":"100/250","codetext":"","area":971085,"labelLat":28.4343767,"labelLng":77.0413488},"geometry":{"type":"Polygon","coordinates":[[[77.0381781,28.4382813],[77.0364119,28.439026],[77.0350613,28.4391661],[77.0351532,28.4385889],[77.0354717,28.4370379],[77.0357064,28.436164],[77.0362254,28.4345913],[77.0362337,28.4345632],[77.0363697,28.4340503],[77.0363717,28.4340426],[77.0363804,28.4339992],[77.0364791,28.4333537],[77.0366297,28.4323151],[77.0368086,28.431481],[77.0372137,28.4300873],[77.0374451,28.4293126],[77.0374473,28.4293049],[77.0375195,28.4290483],[77.0402547,28.4296791],[77.0432387,28.4303578],[77.0449907,28.43076],[77.0452045,28.4308751],[77.0454817,28.4311412],[77.0475705,28.4333336],[77.0489109,28.4347127],[77.0479192,28.4354636],[77.04609,28.4368353],[77.0444874,28.4380483],[77.0429057,28.4392324],[77.0423186,28.4396767],[77.0399549,28.4371851],[77.0392733,28.4376996],[77.0381781,28.4382813]]]}},{"type":"Feature","properties":{"sector":"52","density":"250","class":"100","classtext":"100 Residential (Group Housing/Plotted)","code":100,"val":"100/250","codetext":"","area":2802910,"labelLat":28.4371356,"labelLng":77.0799671},"geometry":{"type":"Polygon","coordinates":[[[77.0803956,28.4462843],[77.0793421,28.4470958],[77.0784179,28.4465957],[77.0774222,28.4460338],[77.0774141,28.4460296],[77.0774038,28.4460249],[77.0769109,28.4458248],[77.0768969,28.4458198],[77.076871,28.4458141],[77.0768428,28.4458125],[77.0764524,28.4458256],[77.076429,28.445828],[77.0760063,28.4459012],[77.0750253,28.4448929],[77.0738092,28.4436409],[77.0722358,28.4420462],[77.0712247,28.4410068],[77.0699781,28.4397192],[77.0684303,28.4381632],[77.0680126,28.437672],[77.0674764,28.4369899],[77.0681447,28.4364181],[77.0690654,28.4356799],[77.0704047,28.4346148],[77.0724102,28.4330785],[77.0724138,28.4330757],[77.0737792,28.4319599],[77.075361,28.4307138],[77.0754476,28.4306849],[77.0758441,28.430639],[77.0772736,28.4305099],[77.0783829,28.4303997],[77.0794748,28.4302827],[77.0803951,28.4301874],[77.0813205,28.4300752],[77.0825608,28.4299299],[77.0838207,28.4298057],[77.0838242,28.4298053],[77.0844681,28.4297286],[77.0848256,28.4296864],[77.0851093,28.4297003],[77.0855854,28.4297191],[77.08605,28.4297547],[77.0882506,28.4299264],[77.0893431,28.429991],[77.0897835,28.4300106],[77.0902986,28.4300267],[77.0909807,28.4300442],[77.0910067,28.4300496],[77.0910215,28.4306118],[77.0908121,28.4321388],[77.090635,28.4331695],[77.0904515,28.4342374],[77.090204,28.4357607],[77.0899814,28.436804],[77.0895529,28.4379577],[77.0890312,28.4386994],[77.0879865,28.4398239],[77.0867011,28.4408034],[77.0856699,28.441565],[77.0848047,28.4421802],[77.0847854,28.4421952],[77.0847793,28.4422005],[77.0838809,28.4430012],[77.0838756,28.443006],[77.0832412,28.4436002],[77.0832353,28.4436058],[77.0822656,28.4445669],[77.0811122,28.445684],[77.0803956,28.4462843]]]}},{"type":"Feature","properties":{"sector":"45","density":"250","class":"100","classtext":"100 Residential (Group Housing/Plotted)","code":100,"val":"100/250","codetext":"","area":1424201,"labelLat":28.4448163,"labelLng":77.0671422},"geometry":{"type":"Polygon","coordinates":[[[77.0677628,28.4378285],[77.0677661,28.4378326],[77.0681891,28.4383299],[77.0681962,28.4383377],[77.0697468,28.4398966],[77.0709922,28.441183],[77.0720043,28.4422234],[77.0735777,28.443818],[77.074793,28.4450693],[77.0757531,28.4460561],[77.0753679,28.4465234],[77.0750901,28.4468636],[77.0746359,28.4473127],[77.0743109,28.4476147],[77.0741072,28.4477708],[77.0734906,28.4481861],[77.0727915,28.4486048],[77.0722484,28.4488777],[77.0715543,28.4491634],[77.0707918,28.4494193],[77.0707855,28.4494216],[77.0700454,28.449705],[77.0700374,28.4497083],[77.0696491,28.4498814],[77.0696392,28.4498862],[77.0696271,28.4498933],[77.069211,28.4501646],[77.0692008,28.4501719],[77.0686348,28.4506168],[77.0671521,28.4517254],[77.0665689,28.4521746],[77.0663103,28.4518985],[77.0642416,28.4497584],[77.0624221,28.447865],[77.0603189,28.4456675],[77.0585306,28.4437879],[77.0592442,28.4432474],[77.0609512,28.4419631],[77.0609532,28.4419616],[77.0626295,28.4406416],[77.0643105,28.4394265],[77.0643151,28.439423],[77.0656467,28.4383579],[77.0672464,28.4371716],[77.0677628,28.4378285]]]}},{"type":"Feature","properties":{"sector":"44","density":"","class":"600","classtext":"600 Public and Semi Public Use","code":600,"val":"610/620/630","codetext":"","area":677838,"labelLat":28.4519955,"labelLng":77.0728154},"geometry":{"type":"Polygon","coordinates":[[[77.0772663,28.446267],[77.0782556,28.4468252],[77.0791271,28.4472968],[77.0784543,28.447973],[77.0784393,28.4479892],[77.0784263,28.4480058],[77.0777051,28.4490012],[77.075875,28.4515647],[77.074097,28.4540539],[77.0740842,28.4540737],[77.0740647,28.4541149],[77.0740531,28.4541584],[77.0740504,28.4541811],[77.0739652,28.4553546],[77.0739647,28.4553633],[77.0739158,28.4567263],[77.0738353,28.4585319],[77.0724342,28.4580054],[77.0724192,28.4580002],[77.0719639,28.4578549],[77.0719299,28.457846],[77.0719106,28.4578426],[77.0716983,28.4578111],[77.068376,28.4541046],[77.0683727,28.4541011],[77.0667642,28.4523832],[77.0673519,28.4519306],[77.0688341,28.4508224],[77.0688363,28.4508207],[77.0693984,28.4503788],[77.0697985,28.4501179],[77.0701713,28.4499518],[77.070904,28.4496711],[77.0716685,28.4494146],[77.0716785,28.4494108],[77.0723833,28.4491208],[77.0723944,28.4491157],[77.0729481,28.4488375],[77.0729513,28.4488359],[77.0729583,28.4488319],[77.0736659,28.4484081],[77.0736728,28.4484037],[77.0742967,28.4479835],[77.0743042,28.4479781],[77.0745172,28.4478149],[77.0745278,28.4478059],[77.0748594,28.4474977],[77.0748626,28.4474946],[77.0753237,28.4470387],[77.0753285,28.4470337],[77.0753337,28.4470277],[77.0756158,28.4466823],[77.0760367,28.4461717],[77.076476,28.4460957],[77.0768163,28.4460842],[77.0772663,28.446267]]]}},{"type":"Feature","properties":{"sector":"28","density":"250","class":"100","classtext":"100 Residential (Group Housing/Plotted)","code":100,"val":"100/250","codetext":"","area":2623485,"labelLat":28.4739538,"labelLng":77.0834525},"geometry":{"type":"Polygon","coordinates":[[[77.09354,28.478638],[77.0935385,28.4786389],[77.0935313,28.478643],[77.0934963,28.4786657],[77.092098,28.4796651],[77.0920874,28.4796729],[77.0908239,28.4806327],[77.090779,28.4806723],[77.0907418,28.4807154],[77.0907302,28.4807335],[77.090124,28.4806292],[77.0893052,28.4804965],[77.0893016,28.4804959],[77.0892749,28.4804943],[77.0887603,28.4805022],[77.088755,28.4805024],[77.0877433,28.4805489],[77.0870633,28.4805104],[77.0860842,28.4803871],[77.0839805,28.4800836],[77.0795897,28.4794003],[77.0744102,28.4784881],[77.0729841,28.4782282],[77.0719177,28.4780342],[77.072375,28.4750937],[77.0728705,28.4717271],[77.0733887,28.4681501],[77.0742512,28.4681473],[77.0764157,28.4681572],[77.0771576,28.4681533],[77.0783845,28.4681469],[77.0822818,28.4681414],[77.0842469,28.4681353],[77.0867626,28.4681611],[77.0877051,28.4681619],[77.0895784,28.4681633],[77.0925032,28.4681732],[77.0940088,28.4681988],[77.0940416,28.4684734],[77.0937596,28.4699453],[77.0937587,28.4699506],[77.0937555,28.4699807],[77.0937173,28.4709196],[77.0937171,28.470925],[77.0936928,28.4722777],[77.09364,28.4739973],[77.0936143,28.4754391],[77.0935929,28.4768128],[77.09354,28.478638]]]}},{"type":"Feature","properties":{"sector":"52 A","density":"","class":"700","classtext":"700 Open Spaces","code":700,"val":"","codetext":"","area":843758,"labelLat":28.4403781,"labelLng":77.0891326},"geometry":{"type":"Polygon","coordinates":[[[77.0899879,28.4446285],[77.0870197,28.4460679],[77.0831942,28.4484077],[77.0822343,28.4480817],[77.0812872,28.4477711],[77.0802997,28.4474494],[77.0799569,28.4473403],[77.0808028,28.4466887],[77.0808123,28.4466811],[77.0815418,28.4460699],[77.0815571,28.4460562],[77.0827204,28.4449295],[77.0836895,28.443969],[77.0843184,28.44338],[77.085202,28.4425925],[77.0860582,28.4419836],[77.0870974,28.441216],[77.0884064,28.4402187],[77.0884177,28.4402096],[77.0884431,28.4401854],[77.0895173,28.4390292],[77.0895255,28.4390199],[77.0895406,28.4390003],[77.0900924,28.4382159],[77.0901042,28.4381977],[77.0901233,28.4381574],[77.0905697,28.4369555],[77.0905795,28.4369217],[77.0908071,28.4358552],[77.0908091,28.4358442],[77.0910573,28.4343167],[77.0912404,28.4332508],[77.0914183,28.4322156],[77.0914195,28.4322079],[77.0916321,28.4306576],[77.0916342,28.4306195],[77.0916238,28.430226],[77.091811,28.4302901],[77.0929189,28.430667],[77.092925,28.430669],[77.0941999,28.4310391],[77.0953704,28.4313913],[77.0944585,28.4341425],[77.0941376,28.4358435],[77.0939095,28.4365499],[77.0936214,28.4381587],[77.0933255,28.4393703],[77.093206,28.439884],[77.092095,28.4414062],[77.0909739,28.442852],[77.0901054,28.444401],[77.0899879,28.4446285]]]}},{"type":"Feature","properties":{"sector":"53","density":"250","class":"100","classtext":"100 Residential (Group Housing/Plotted)","code":100,"val":"100/250","codetext":"","area":2182857,"labelLat":28.4415041,"labelLng":77.0961881},"geometry":{"type":"Polygon","coordinates":[[[77.0976101,28.4496595],[77.0973488,28.4497513],[77.0970586,28.449852],[77.0968027,28.4499242],[77.0963128,28.4500116],[77.0958691,28.4500919],[77.0954214,28.4501549],[77.0952183,28.4501669],[77.0948834,28.4501535],[77.0944648,28.4501245],[77.0940628,28.4500926],[77.0933101,28.4500301],[77.0924818,28.4499693],[77.0919213,28.4498904],[77.0919039,28.4498889],[77.0906494,28.4498413],[77.0893712,28.4497941],[77.0881713,28.4497433],[77.088163,28.4497432],[77.0879037,28.4497446],[77.0874302,28.4497473],[77.0874263,28.4497473],[77.0870202,28.4497608],[77.0868086,28.4497705],[77.0867165,28.4497484],[77.0864534,28.4496633],[77.0856954,28.4493616],[77.0848073,28.4490167],[77.0835061,28.4485138],[77.0834997,28.4485114],[77.0831942,28.4484077],[77.0870197,28.4460679],[77.0899879,28.4446285],[77.0901054,28.444401],[77.0909739,28.442852],[77.092095,28.4414062],[77.093206,28.439884],[77.0933255,28.4393703],[77.0936214,28.4381587],[77.0939095,28.4365499],[77.0941376,28.4358435],[77.0944585,28.4341425],[77.0953704,28.4313913],[77.0957585,28.4315081],[77.0957642,28.4315097],[77.0960981,28.4315976],[77.0961179,28.4316016],[77.0961251,28.4316025],[77.0963794,28.4316272],[77.0963923,28.431628],[77.0966439,28.4316337],[77.0971442,28.4316427],[77.0971502,28.4316427],[77.0994689,28.4315998],[77.1023906,28.4315738],[77.1049933,28.4315311],[77.1050204,28.4315308],[77.1033697,28.4372625],[77.0992293,28.4493643],[77.0989042,28.4493064],[77.0988979,28.4493054],[77.0988713,28.4493038],[77.0988617,28.4493042],[77.0985623,28.4493255],[77.0985454,28.4493276],[77.0985186,28.4493345],[77.0982926,28.4494146],[77.0979267,28.4495424],[77.0976101,28.4496595]]]}},{"type":"Feature","properties":{"sector":"43","density":"250","class":"100","classtext":"100 Residential (Group Housing/Plotted)","code":100,"val":"100/250","codetext":"","area":2756698,"labelLat":28.4553317,"labelLng":77.0865544},"geometry":{"type":"Polygon","coordinates":[[[77.0979645,28.452685],[77.0979581,28.4527044],[77.0957363,28.4605684],[77.0950121,28.4630469],[77.0931674,28.462768],[77.0904582,28.4623181],[77.0904547,28.4623175],[77.0894973,28.4621782],[77.0863692,28.4614519],[77.0827789,28.4606379],[77.0805966,28.4601341],[77.0787212,28.4597162],[77.0766728,28.4592557],[77.0748678,28.4588473],[77.0748538,28.4588448],[77.074845,28.4588438],[77.074436,28.4588079],[77.0745279,28.4567455],[77.0745768,28.4553849],[77.0746566,28.4542845],[77.076393,28.4518536],[77.0782219,28.4492916],[77.0789296,28.448315],[77.0796959,28.4475449],[77.0801949,28.4477037],[77.081181,28.448025],[77.0821262,28.4483349],[77.0833866,28.448763],[77.0846844,28.4492646],[77.085571,28.4496089],[77.0863326,28.449912],[77.0863429,28.4499157],[77.0866188,28.4500051],[77.0866302,28.4500082],[77.0867523,28.4500374],[77.0867683,28.4500404],[77.0867949,28.450042],[77.0868002,28.4500419],[77.0870339,28.4500312],[77.0874353,28.4500179],[77.0881608,28.4500139],[77.0893575,28.4500645],[77.0906365,28.4501117],[77.0918819,28.4501589],[77.0924394,28.4502374],[77.0924508,28.4502386],[77.0932831,28.4502997],[77.0940348,28.4503621],[77.0944391,28.4503942],[77.0948619,28.4504235],[77.0948671,28.4504238],[77.0952131,28.4504376],[77.0952227,28.4504377],[77.0952302,28.4504374],[77.0954487,28.4504245],[77.0954626,28.4504231],[77.0959205,28.4503588],[77.0959265,28.4503578],[77.0963738,28.4502768],[77.0968716,28.450188],[77.0968878,28.4501843],[77.0971565,28.4501085],[77.0971653,28.4501058],[77.0974613,28.450003],[77.0977258,28.4499101],[77.0980421,28.4497931],[77.0984059,28.449666],[77.09861,28.4495937],[77.0988649,28.4495755],[77.0991343,28.4496235],[77.0979645,28.452685]]]}},{"type":"Feature","properties":{"sector":"3 A","density":"","class":"300","classtext":"300 Industrial","code":300,"val":"","codetext":"","area":681655,"labelLat":28.4817084,"labelLng":77.0084977},"geometry":{"type":"Polygon","coordinates":[[[77.0109882,28.4883092],[77.0108671,28.4884502],[77.0086168,28.4857892],[77.0085841,28.4857501],[77.0084012,28.4855314],[77.0002826,28.4758209],[77.000501,28.4758827],[77.0020904,28.4764497],[77.0021076,28.4764563],[77.0021149,28.476459],[77.0143423,28.480826],[77.0142016,28.4811145],[77.0141996,28.4811189],[77.0133967,28.4829399],[77.0125461,28.484817],[77.0124883,28.4849468],[77.0123677,28.4852179],[77.0118125,28.4864659],[77.0109882,28.4883092]]]}},{"type":"Feature","properties":{"sector":"1","density":"375","class":"100","classtext":"100 Residential (Group Housing/Plotted)","code":100,"val":"100/375","codetext":"","area":1214315,"labelLat":28.5176615,"labelLng":77.0414127},"geometry":{"type":"Polygon","coordinates":[[[77.0338575,28.5154832],[77.0404341,28.5108096],[77.0416139,28.5103456],[77.0417749,28.5102915],[77.0425028,28.5112825],[77.0425102,28.5112917],[77.0447223,28.513814],[77.0449633,28.5142567],[77.0453942,28.5153881],[77.0459003,28.5167253],[77.0460487,28.5166904],[77.0461042,28.5168165],[77.0463771,28.5174038],[77.0476191,28.5200684],[77.0478552,28.5202558],[77.0481548,28.5206524],[77.0484101,28.5210019],[77.0467948,28.5219529],[77.0464098,28.5221796],[77.0436817,28.5237857],[77.0436493,28.5249083],[77.042414,28.5255774],[77.0423899,28.5255484],[77.0338671,28.5154944],[77.0338575,28.5154832]]]}},{"type":"Feature","properties":{"sector":"23 A","density":"375","class":"100","classtext":"100 Residential (Group Housing/Plotted)","code":100,"val":"100/375","codetext":"","area":516080,"labelLat":28.5063055,"labelLng":77.0432348},"geometry":{"type":"Polygon","coordinates":[[[77.0488656,28.5075493],[77.0454517,28.5087325],[77.0425229,28.5097503],[77.0418759,28.5099679],[77.0413972,28.5095309],[77.0404837,28.5084626],[77.0386127,28.5062793],[77.037151,28.5045468],[77.0379051,28.5038879],[77.0412635,28.5038031],[77.0415528,28.504005],[77.0471727,28.5036811],[77.0488656,28.5075493]]]}},{"type":"Feature","properties":{"sector":"9 B","density":"","class":"700","classtext":"700 Open Spaces","code":700,"val":"","codetext":"","area":1646563,"labelLat":28.4561064,"labelLng":76.9805869},"geometry":{"type":"MultiPolygon","coordinates":[[[[76.9879357,28.4568939],[76.9846995,28.4569865],[76.9846822,28.4569872],[76.982971,28.4570742],[76.982962,28.4570747],[76.9829533,28.4570753],[76.9822276,28.4571289],[76.9821622,28.4571365],[76.982149,28.4571387],[76.9817101,28.4572167],[76.9816507,28.4572297],[76.9815804,28.4572518],[76.9815132,28.4572805],[76.9814651,28.4573063],[76.9811017,28.4575193],[76.9810865,28.4575284],[76.9810278,28.4575692],[76.981015,28.4575794],[76.9808899,28.4576815],[76.9808494,28.4577174],[76.9808021,28.4577684],[76.9807647,28.4578183],[76.9806175,28.4580377],[76.980614,28.458043],[76.9805802,28.4581017],[76.9805746,28.4581132],[76.980455,28.4583656],[76.9804341,28.4584158],[76.9804153,28.4584796],[76.9804042,28.4585473],[76.9803656,28.4589538],[76.9803633,28.4590148],[76.9803686,28.4590806],[76.9803738,28.4591113],[76.9804542,28.4595113],[76.9804577,28.4595272],[76.9806964,28.4605556],[76.9807089,28.460619],[76.9807149,28.4606708],[76.9807168,28.4607229],[76.9807145,28.460775],[76.9807081,28.4608268],[76.9806976,28.4608781],[76.980683,28.4609286],[76.9806645,28.4609781],[76.9806421,28.4610263],[76.9806159,28.461073],[76.9805861,28.461118],[76.9805527,28.461161],[76.980516,28.4612018],[76.9804762,28.4612402],[76.9804334,28.4612761],[76.9803879,28.4613092],[76.9803398,28.4613395],[76.9802933,28.4613646],[76.9795787,28.4616815],[76.9795551,28.4616925],[76.9795121,28.4617153],[76.9792374,28.4618732],[76.9723828,28.4580764],[76.9760148,28.4519635],[76.9929391,28.454585],[76.9915526,28.4551759],[76.9915414,28.455181],[76.9909308,28.4554692],[76.9909034,28.4554839],[76.9908824,28.4554976],[76.9906985,28.4556292],[76.9906801,28.4556435],[76.9906464,28.4556769],[76.9906391,28.455686],[76.9905335,28.4558212],[76.9905139,28.45585],[76.9904944,28.4558912],[76.9904924,28.4558968],[76.9903951,28.4561823],[76.9903893,28.4562021],[76.9902927,28.4565889],[76.9902062,28.4568079],[76.9901538,28.456808],[76.9879357,28.4568939]]],[[[76.9908941,28.4598033],[76.9907724,28.4610944],[76.9897428,28.4633252],[76.98974,28.4633317],[76.9896821,28.4634785],[76.9883125,28.4669361],[76.9880062,28.4667408],[76.987983,28.466727],[76.9806591,28.4626613],[76.9805628,28.4626079],[76.9809372,28.4624418],[76.9809609,28.4624308],[76.9809873,28.4624172],[76.981079,28.4623677],[76.9811176,28.4623453],[76.9812069,28.4622891],[76.9812454,28.4622631],[76.9813283,28.4622027],[76.981345,28.4621902],[76.9813646,28.4621744],[76.9814425,28.462109],[76.9814763,28.4620786],[76.981549,28.4620085],[76.9815804,28.4619759],[76.9816472,28.4619016],[76.9816629,28.4618834],[76.981676,28.4618672],[76.9817367,28.4617889],[76.9817626,28.4617527],[76.9818179,28.4616694],[76.98184,28.4616332],[76.9818877,28.4615481],[76.9819004,28.4615242],[76.9819077,28.4615092],[76.9819485,28.4614214],[76.9819654,28.4613812],[76.9819991,28.4612911],[76.9820015,28.4612846],[76.9820127,28.46125],[76.9820392,28.461158],[76.9820468,28.4611288],[76.9820495,28.4611162],[76.9820687,28.4610228],[76.9820756,28.4609805],[76.9820873,28.4608861],[76.9820885,28.4608758],[76.9820909,28.4608434],[76.982095,28.4607485],[76.9820954,28.460715],[76.9820952,28.4607058],[76.9820918,28.4606109],[76.9820885,28.4605682],[76.9820776,28.4604737],[76.9820758,28.4604599],[76.982071,28.4604314],[76.9820526,28.4603378],[76.9820487,28.4603198],[76.9818096,28.4592902],[76.9817466,28.4589765],[76.9817684,28.4587474],[76.9818275,28.4586225],[76.981899,28.458516],[76.9819095,28.4585073],[76.9821143,28.4583873],[76.9823818,28.4583398],[76.9830591,28.4582898],[76.9847528,28.4582036],[76.9879843,28.4581112],[76.9879921,28.4581109],[76.9902141,28.4580249],[76.9902326,28.458024],[76.9902443,28.4580227],[76.9908941,28.4598033]]]]}},{"type":"Feature","properties":{"sector":"9 A","density":"375","class":"100","classtext":"100 Residential (Group Housing/Plotted)","code":100,"val":"100/375","codetext":"","area":608428,"labelLat":28.4681988,"labelLng":76.9973982},"geometry":{"type":"Polygon","coordinates":[[[76.9888761,28.4663325],[76.9899001,28.4637474],[77.0012343,28.4676902],[77.0012375,28.4676913],[77.0052586,28.4689993],[77.003541,28.4728644],[76.9888761,28.4663325]]]}},{"type":"Feature","properties":{"sector":"9","density":"375","class":"100","classtext":"100 Residential (Group Housing/Plotted)","code":100,"val":"100/375","codetext":"","area":1696873,"labelLat":28.4619043,"labelLng":77.0003725},"geometry":{"type":"Polygon","coordinates":[[[77.0104861,28.4573526],[77.0082483,28.4623673],[77.0053751,28.4687487],[77.0013449,28.4674378],[76.9900013,28.4634917],[76.9900279,28.4634241],[76.9910649,28.4611775],[76.9910679,28.4611705],[76.9910743,28.4611476],[76.9910757,28.4611376],[76.9912019,28.4597987],[76.9912024,28.4597853],[76.9911996,28.4597618],[76.991195,28.459746],[76.9904892,28.4578119],[76.9907137,28.4578046],[76.9931782,28.4577248],[76.9961726,28.4576641],[76.9961807,28.4576639],[76.9989921,28.457563],[77.0029363,28.4574501],[77.0055952,28.457387],[77.0084726,28.4573446],[77.0104861,28.4573526]]]}},{"type":"Feature","properties":{"sector":"4","density":"375","class":"100","classtext":"100 Residential (Group Housing/Plotted)","code":100,"val":"100/375","codetext":"","area":1085333,"labelLat":28.4748771,"labelLng":77.0100063},"geometry":{"type":"Polygon","coordinates":[[[77.0066588,28.4695383],[77.006663,28.4695399],[77.0094087,28.4705304],[77.0167624,28.473275],[77.0176828,28.4736081],[77.0174632,28.4740905],[77.0174605,28.4740968],[77.0174576,28.4741052],[77.0173025,28.4746049],[77.0169688,28.4752983],[77.0164047,28.4764521],[77.0158323,28.4776087],[77.0158301,28.4776135],[77.0153433,28.4787109],[77.0147863,28.4799156],[77.0144636,28.4805774],[77.0023629,28.4762558],[77.0055426,28.4691008],[77.0066588,28.4695383]]]}},{"type":"Feature","properties":{"sector":"3","density":"375","class":"100","classtext":"100 Residential (Group Housing/Plotted)","code":100,"val":"100/375","codetext":"","area":1290096,"labelLat":28.4923517,"labelLng":77.0183612},"geometry":{"type":"Polygon","coordinates":[[[77.0112716,28.4884131],[77.0112755,28.4884055],[77.0112771,28.4883997],[77.0120975,28.4865652],[77.0127277,28.4851477],[77.0127355,28.4851313],[77.0127382,28.4851258],[77.0128309,28.4849168],[77.0136817,28.4830394],[77.014484,28.4812194],[77.0146257,28.4809289],[77.0158283,28.4813728],[77.0158619,28.4814078],[77.0169859,28.4830371],[77.0180131,28.4845937],[77.018019,28.4846018],[77.0181147,28.4847241],[77.018125,28.4847359],[77.0181309,28.4847416],[77.0182047,28.4848086],[77.018218,28.4848193],[77.0182342,28.4848294],[77.0187935,28.4851336],[77.019338,28.4854351],[77.0195471,28.4855918],[77.019584,28.4864674],[77.019624,28.487437],[77.0195895,28.4889962],[77.0195174,28.489285],[77.0195157,28.4892929],[77.0195139,28.4893095],[77.0194417,28.491192],[77.0194416,28.4911988],[77.0194426,28.4912125],[77.0197198,28.4932807],[77.0197216,28.4932905],[77.0197268,28.493308],[77.0199663,28.493936],[77.0201374,28.4943563],[77.0201476,28.4943757],[77.0204317,28.4948203],[77.0204338,28.4948234],[77.0204382,28.4948295],[77.0221123,28.4970202],[77.0221147,28.4970234],[77.0226738,28.4977122],[77.0226828,28.4977222],[77.0230743,28.4981177],[77.0230914,28.4981325],[77.0238543,28.4986948],[77.0238602,28.4986988],[77.0248589,28.4993552],[77.0282818,28.5018412],[77.0282853,28.5018436],[77.0287527,28.5021612],[77.0247141,28.5047107],[77.0167765,28.4953427],[77.0112961,28.4889561],[77.0115344,28.488833],[77.0112716,28.4884131]]]}},{"type":"Feature","properties":{"sector":"2","density":"375","class":"100","classtext":"100 Residential (Group Housing/Plotted)","code":100,"val":"100/375","codetext":"","area":1174365,"labelLat":28.508483,"labelLng":77.0337986},"geometry":{"type":"MultiPolygon","coordinates":[[[[77.0359519,28.5037209],[77.0360763,28.5037428],[77.0361629,28.5038178],[77.0364284,28.5041432],[77.0383677,28.5064418],[77.0402392,28.5086258],[77.0411583,28.5097006],[77.0411649,28.5097078],[77.0411705,28.5097132],[77.0415643,28.5100727],[77.0415007,28.5100941],[77.0414931,28.5100968],[77.0402913,28.5105695],[77.0402748,28.5105771],[77.0402576,28.5105877],[77.0336736,28.5152665],[77.0275761,28.5080792],[77.0272588,28.5077059],[77.0290524,28.5024488],[77.0292718,28.5026607],[77.0292826,28.5026701],[77.0294956,28.5028388],[77.0295014,28.5028432],[77.0295243,28.5028568],[77.0297739,28.5029757],[77.0297953,28.5029841],[77.0304334,28.5031842],[77.0309388,28.5033537],[77.0309432,28.5033551],[77.0309498,28.503357],[77.0313583,28.5034636],[77.0313779,28.5034675],[77.0318942,28.5035381],[77.0318996,28.5035387],[77.0326341,28.5036156],[77.0326384,28.503616],[77.0333704,28.5036738],[77.0333881,28.5036743],[77.0342947,28.5036456],[77.0359519,28.5037209]]],[[[77.0270305,28.5074372],[77.0270279,28.5074341],[77.0248978,28.5049274],[77.0287073,28.5025226],[77.0270305,28.5074372]]]]}},{"type":"Feature","properties":{"sector":"23","density":"375","class":"100","classtext":"100 Residential (Group Housing/Plotted)","code":100,"val":"100/375","codetext":"","area":1667083,"labelLat":28.510472,"labelLng":77.0536665},"geometry":{"type":"Polygon","coordinates":[[[77.0557071,28.5138948],[77.0543884,28.5143654],[77.0524004,28.5149923],[77.051537,28.51525],[77.0500867,28.5157315],[77.0487257,28.5161132],[77.0478037,28.5162947],[77.0461968,28.516657],[77.046194,28.5166475],[77.0456847,28.515302],[77.0452507,28.5141625],[77.0452486,28.5141572],[77.0452436,28.514147],[77.0449914,28.5136838],[77.0449847,28.5136728],[77.0449744,28.5136596],[77.0427563,28.5111305],[77.0420678,28.510193],[77.0426332,28.5100028],[77.0455638,28.5089844],[77.0491944,28.5077261],[77.0508358,28.5071396],[77.0508572,28.5071302],[77.050865,28.5071257],[77.0516863,28.5066278],[77.0543954,28.504952],[77.057066,28.5033421],[77.0570727,28.5033379],[77.0573013,28.5031836],[77.0585395,28.5047351],[77.060892,28.5076033],[77.0608968,28.5076088],[77.062355,28.5092063],[77.0623586,28.5092101],[77.0623686,28.5092194],[77.0626632,28.5094671],[77.0626724,28.5094742],[77.0626871,28.5094835],[77.0642828,28.5103722],[77.066375,28.511539],[77.0663825,28.511543],[77.0664069,28.5115526],[77.0664328,28.5115583],[77.0664595,28.5115599],[77.066486,28.5115575],[77.0665117,28.511551],[77.0665357,28.5115406],[77.0665573,28.5115268],[77.0665758,28.5115099],[77.0666312,28.5114496],[77.0666312,28.5114496],[77.0675251,28.5119169],[77.0675009,28.5127521],[77.0674257,28.5126109],[77.0669371,28.5126132],[77.0661683,28.5126179],[77.0661555,28.5126198],[77.0657021,28.5126248],[77.0655954,28.5125596],[77.0654876,28.5125755],[77.0642478,28.5127544],[77.0641043,28.5127446],[77.0634596,28.5126708],[77.062939,28.5125856],[77.0623418,28.5124538],[77.0614488,28.5122621],[77.0613,28.5122572],[77.0610735,28.5122821],[77.0609617,28.5123721],[77.0608366,28.5124743],[77.0600341,28.5126052],[77.0595529,28.5126006],[77.059547,28.5125552],[77.0595396,28.5123804],[77.0577728,28.5129175],[77.0575183,28.5128616],[77.0557071,28.5138948]]]}},{"type":"Feature","properties":{"sector":"26 A","density":"250","class":"100","classtext":"100 Residential (Group Housing/Plotted)","code":100,"val":"100/250","codetext":"","area":1268196,"labelLat":28.4693943,"labelLng":77.099395},"geometry":{"type":"Polygon","coordinates":[[[77.1070651,28.4681263],[77.1058932,28.4689548],[77.104613,28.4698773],[77.1046006,28.4698866],[77.1045728,28.4699099],[77.1039274,28.4705006],[77.1039118,28.4705155],[77.1038922,28.4705368],[77.1031992,28.4713421],[77.103192,28.4713507],[77.1024234,28.4722945],[77.1017329,28.4729441],[77.1003725,28.4740815],[77.0986454,28.4753991],[77.0962948,28.4771392],[77.0960282,28.4772432],[77.0960133,28.4772493],[77.0959671,28.4772721],[77.094163,28.4782874],[77.0942054,28.4768234],[77.0942269,28.4754471],[77.0942525,28.474009],[77.0943053,28.4722892],[77.0943296,28.4709364],[77.094367,28.470018],[77.0946527,28.4685271],[77.0946536,28.4685218],[77.0946569,28.4684772],[77.0946553,28.4684535],[77.0946104,28.4680783],[77.0955735,28.4633361],[77.0958809,28.4634119],[77.0958982,28.4634153],[77.095903,28.4634159],[77.0988837,28.4637466],[77.0988891,28.4637471],[77.1007522,28.4638945],[77.1028814,28.464067],[77.1051574,28.4642585],[77.1051669,28.4642593],[77.105184,28.4642604],[77.105644,28.4642993],[77.1056471,28.4643844],[77.1056482,28.4644142],[77.1056509,28.4644357],[77.1056589,28.4644596],[77.1071773,28.4677606],[77.1071879,28.4677793],[77.1072036,28.4677984],[77.1072228,28.4678148],[77.1072449,28.467828],[77.1072489,28.4678298],[77.10739,28.4678943],[77.1073919,28.4678952],[77.1070652,28.4681262],[77.1070651,28.4681263]]]}},{"type":"Feature","properties":{"sector":"42","density":"625","class":"100","classtext":"100 Residential (Group Housing/Plotted)","code":100,"val":"100/625","codetext":"","area":1469259,"labelLat":28.456881,"labelLng":77.1024987},"geometry":{"type":"Polygon","coordinates":[[[77.1058132,28.4605765],[77.1056606,28.4605845],[77.1055077,28.4605937],[77.105634,28.464027],[77.1053487,28.4640029],[77.1050438,28.4639773],[77.1029099,28.4637976],[77.1007799,28.4636249],[77.0989191,28.4634778],[77.0959524,28.4631486],[77.0956377,28.4630709],[77.0963301,28.4607017],[77.0985493,28.4528462],[77.0997415,28.4497262],[77.1004317,28.4498361],[77.1017777,28.4500539],[77.1019967,28.450091],[77.1020015,28.4500917],[77.1020119,28.4500929],[77.1024421,28.4501268],[77.1024476,28.4501272],[77.103174,28.4501612],[77.1045638,28.45024],[77.1064136,28.4503331],[77.1081681,28.4504253],[77.1088979,28.4504665],[77.1089029,28.4504667],[77.1092894,28.4504774],[77.109296,28.4504775],[77.1093389,28.450477],[77.1061867,28.4623927],[77.1061197,28.4605713],[77.1061196,28.4605704],[77.1058132,28.4605765]]]}},{"type":"Feature","properties":{"sector":"55","density":"250","class":"100","classtext":"100 Residential (Group Housing/Plotted)","code":100,"val":"100/250","codetext":"","area":817878,"labelLat":28.4270771,"labelLng":77.1096751},"geometry":{"type":"Polygon","coordinates":[[[77.1158232,28.4311257],[77.1158123,28.431125],[77.1139475,28.4311484],[77.1109311,28.4311852],[77.1091144,28.4312229],[77.1073199,28.4312435],[77.1056793,28.4312538],[77.1055938,28.4279811],[77.105554,28.4249272],[77.1055028,28.4209924],[77.1054952,28.4203227],[77.1054916,28.4200141],[77.1057282,28.4201259],[77.1061909,28.4204161],[77.10726,28.4210894],[77.1078427,28.4214554],[77.1078692,28.4214709],[77.1083232,28.421715],[77.1083758,28.4217393],[77.1084183,28.4217537],[77.1089967,28.421922],[77.109243,28.4220091],[77.1093412,28.4220597],[77.1093695,28.4220851],[77.1094689,28.4222372],[77.1095698,28.4223895],[77.1095737,28.4223952],[77.1097377,28.4226338],[77.1097562,28.4226585],[77.1097736,28.4226788],[77.110621,28.4236015],[77.1106282,28.4236092],[77.1120041,28.4250346],[77.11202,28.4250502],[77.1130262,28.4259796],[77.1137363,28.4266326],[77.113744,28.4266395],[77.1142525,28.4270852],[77.1142669,28.4270973],[77.1150177,28.4277006],[77.1159941,28.4284954],[77.1159714,28.4288445],[77.1158232,28.4311257]]]}},{"type":"Feature","properties":{"sector":"56","density":"250","class":"100","classtext":"100 Residential (Group Housing/Plotted)","code":100,"val":"100/250","codetext":"","area":1824124,"labelLat":28.4269333,"labelLng":77.0965915},"geometry":{"type":"MultiPolygon","coordinates":[[[[77.1023863,28.4313031],[77.099464,28.4313291],[77.0971473,28.431372],[77.0966511,28.4313631],[77.0964065,28.4313575],[77.0961723,28.4313348],[77.0958544,28.431251],[77.0942969,28.4307824],[77.0930253,28.4304132],[77.0919213,28.4300376],[77.0916161,28.4299332],[77.091581,28.4286007],[77.0915402,28.4266658],[77.0914978,28.4240603],[77.0914737,28.4223198],[77.0914398,28.4193631],[77.0916687,28.4195129],[77.0916822,28.4195206],[77.0916984,28.4195272],[77.0930336,28.4199723],[77.0941532,28.4203861],[77.0941606,28.4203886],[77.0941697,28.420391],[77.0948489,28.4205466],[77.095334,28.4209129],[77.0957756,28.4214041],[77.0959321,28.4217333],[77.0960951,28.4220762],[77.096103,28.42209],[77.0961082,28.422097],[77.0965889,28.4226941],[77.0965971,28.4227032],[77.0968587,28.4229584],[77.0969405,28.4231892],[77.0968647,28.4233437],[77.0968613,28.4233515],[77.0968561,28.4233698],[77.0968546,28.4233887],[77.0968566,28.4234064],[77.096943,28.4238201],[77.096949,28.4238387],[77.0969537,28.4238482],[77.0971562,28.4242078],[77.0971582,28.4242111],[77.0974206,28.4246389],[77.0974232,28.424643],[77.0974311,28.4246532],[77.0978309,28.4251133],[77.0978356,28.4251184],[77.0978418,28.4251243],[77.0985774,28.4257692],[77.0985865,28.4257765],[77.0986042,28.425787],[77.0986108,28.42579],[77.0993988,28.4261233],[77.0994025,28.4261248],[77.1001309,28.4264071],[77.1001411,28.4264106],[77.1011629,28.4267057],[77.1015628,28.4268273],[77.1018084,28.4270818],[77.1019436,28.4273582],[77.101951,28.427371],[77.1019636,28.4273863],[77.1019789,28.4273994],[77.1019966,28.42741],[77.1020011,28.427412],[77.1024105,28.4275936],[77.1027785,28.4277912],[77.1034647,28.4282087],[77.1044958,28.4289221],[77.1049167,28.429488],[77.1049267,28.4294996],[77.104942,28.4295127],[77.1049597,28.4295233],[77.1049792,28.4295309],[77.1049999,28.4295355],[77.1050212,28.4295368],[77.1050219,28.4295367],[77.1050669,28.4312595],[77.1049884,28.4312605],[77.1023863,28.4313031]]],[[[77.0954087,28.4177085],[77.0973761,28.4177084],[77.0975581,28.4177436],[77.098851,28.4181111],[77.1000701,28.4184599],[77.1000764,28.4184616],[77.1020467,28.4189976],[77.1034287,28.4194121],[77.1048468,28.41982],[77.1048772,28.4198291],[77.1048805,28.4201156],[77.1048906,28.4209982],[77.1049417,28.4249334],[77.1049815,28.4279906],[77.1050137,28.4292243],[77.1046894,28.4287883],[77.1046795,28.4287768],[77.1046634,28.4287631],[77.1036127,28.4280361],[77.1036067,28.4280322],[77.1029145,28.4276111],[77.1029087,28.4276078],[77.1025335,28.4274063],[77.1025293,28.4274042],[77.1025248,28.4274021],[77.1021507,28.4272362],[77.1020259,28.4269809],[77.1020185,28.4269681],[77.1020066,28.4269536],[77.101727,28.4266639],[77.1017113,28.4266504],[77.1016936,28.4266399],[77.1016741,28.4266322],[77.1012408,28.4265004],[77.1002238,28.4262067],[77.0995027,28.4259272],[77.0987351,28.4256026],[77.0980201,28.4249757],[77.0976312,28.4245281],[77.0973745,28.4241096],[77.0971807,28.4237653],[77.0971043,28.4233996],[77.0971833,28.4232384],[77.0971868,28.4232306],[77.0971919,28.4232123],[77.0971934,28.4231935],[77.0971912,28.4231747],[77.0971878,28.423163],[77.0970844,28.422871],[77.0970819,28.4228645],[77.0970725,28.4228476],[77.0970591,28.4228315],[77.0967842,28.4225633],[77.0963157,28.4219812],[77.0961579,28.4216494],[77.0959948,28.4213064],[77.0959869,28.4212926],[77.0959778,28.421281],[77.0955184,28.42077],[77.095515,28.4207663],[77.0955021,28.420755],[77.0949865,28.4203657],[77.094984,28.4203639],[77.0949663,28.4203534],[77.0949468,28.4203457],[77.0949377,28.4203433],[77.0942396,28.4201834],[77.093126,28.4197718],[77.093122,28.4197704],[77.0918007,28.41933],[77.0914367,28.4190916],[77.0914357,28.4190061],[77.0914247,28.4180447],[77.0914216,28.4177784],[77.0914211,28.417774],[77.0926241,28.4177418],[77.0954087,28.4177085]]]]}},{"type":"Feature","properties":{"sector":"P5","density":"","class":"600","classtext":"600 Public and Semi Public Use","code":600,"val":"","codetext":"","area":1288332,"labelLat":28.3404859,"labelLng":76.8902494},"geometry":{"type":"Polygon","coordinates":[[[76.8879765,28.3333144],[76.8944783,28.3335673],[76.8950568,28.3467302],[76.8846184,28.3466051],[76.884859,28.3452688],[76.8848615,28.345253],[76.8851236,28.3434598],[76.8851256,28.3434447],[76.8853366,28.3415829],[76.8855929,28.3397962],[76.885989,28.3379879],[76.8869298,28.3353384],[76.8878733,28.333514],[76.8879765,28.3333144]]]}},{"type":"Feature","properties":{"sector":"25 A","density":"250","class":"100","classtext":"100 Residential (Group Housing/Plotted)","code":100,"val":"100/250","codetext":"","area":848979,"labelLat":28.4916491,"labelLng":77.091914},"geometry":{"type":"Polygon","coordinates":[[[77.1024151,28.4821448],[77.1029275,28.482178],[77.1032723,28.4822003],[77.1041192,28.4822507],[77.1038777,28.4824869],[77.1018304,28.4838937],[77.1000408,28.4852202],[77.0978212,28.4866678],[77.0954407,28.4887291],[77.0933089,28.4902517],[77.0925997,28.4915614],[77.0927754,28.4926884],[77.0973845,28.5002877],[77.0979833,28.5018821],[77.0949131,28.5032884],[77.093449,28.5015025],[77.0934173,28.5014655],[77.0902426,28.4979014],[77.0925646,28.4962999],[77.0925875,28.4962824],[77.0926186,28.4962519],[77.0928313,28.4960085],[77.0928594,28.4959692],[77.0928789,28.4959279],[77.092886,28.4959056],[77.0930116,28.4954262],[77.0930162,28.495405],[77.0930195,28.4953604],[77.0930144,28.4953159],[77.0930011,28.4952728],[77.0929937,28.4952563],[77.0924874,28.4942381],[77.0911363,28.4914899],[77.0911236,28.491467],[77.0901563,28.4899165],[77.0905842,28.4894371],[77.0911552,28.489052],[77.0920961,28.4884174],[77.0925573,28.4881275],[77.0934581,28.4875614],[77.0939228,28.4872693],[77.0944242,28.4869563],[77.0944491,28.4869389],[77.0948776,28.4866076],[77.0948873,28.4865998],[77.0949049,28.4865837],[77.0951487,28.4863412],[77.0951647,28.4863239],[77.0951916,28.4862861],[77.095199,28.4862727],[77.0953525,28.4859719],[77.0953646,28.485944],[77.0953762,28.4859005],[77.0953786,28.4858818],[77.0954162,28.4854587],[77.0954171,28.4854328],[77.0954162,28.4854166],[77.0952443,28.4834528],[77.0951184,28.4819632],[77.0963788,28.4821073],[77.0973322,28.4822148],[77.0973553,28.4822159],[77.098739,28.4821792],[77.0987607,28.4821773],[77.0992786,28.4820976],[77.0998582,28.4820084],[77.100506,28.4819543],[77.1013541,28.4820756],[77.1013671,28.482077],[77.1024151,28.4821448]]]}},{"type":"Feature","properties":{"sector":"","density":"","class":"800","classtext":"800 Aggriculture Zone","code":800,"val":"","codetext":"","area":11101681,"labelLat":28.4925004,"labelLng":76.9284143},"geometry":{"type":"MultiPolygon","coordinates":[[[[76.9418359,28.5021419],[76.9418137,28.5021688],[76.9417943,28.5021941],[76.9417848,28.502207],[76.9417549,28.5022499],[76.9417128,28.5023218],[76.9417075,28.5023321],[76.9416988,28.5023493],[76.9416694,28.502414],[76.9416425,28.5024914],[76.9416407,28.5024979],[76.9416355,28.5025162],[76.9416184,28.5025889],[76.9416075,28.5026705],[76.9416059,28.5026905],[76.9416034,28.5027691],[76.9416087,28.5028476],[76.9416111,28.5028675],[76.941625,28.5029487],[76.9416437,28.5030179],[76.9416493,28.5030353],[76.9416524,28.5030448],[76.9416759,28.5031071],[76.94242,28.5048625],[76.9424262,28.5048768],[76.942443,28.5049106],[76.9410649,28.5054402],[76.9386483,28.5069073],[76.9341222,28.5100851],[76.932285,28.5101304],[76.9290471,28.5104438],[76.9282929,28.5104962],[76.9245115,28.5083608],[76.9213217,28.5070307],[76.9213034,28.5060225],[76.9218886,28.5039513],[76.9227967,28.5025174],[76.9230847,28.5020491],[76.9220047,28.5021121],[76.8980124,28.4887265],[76.8999083,28.4878776],[76.9039858,28.4861421],[76.9094076,28.4837822],[76.9147597,28.4814674],[76.9171422,28.4804189],[76.9171616,28.4804103],[76.917184,28.4803998],[76.9172352,28.4803699],[76.9172556,28.4803553],[76.9177447,28.4799853],[76.9194012,28.4792462],[76.919771,28.4791314],[76.9206456,28.479105],[76.923557,28.479082],[76.9236097,28.4844662],[76.9341342,28.4843367],[76.9340124,28.4789354],[76.9377263,28.4788779],[76.9396389,28.4788462],[76.9444,28.4787673],[76.9444447,28.4787646],[76.9444888,28.4787581],[76.9448334,28.4786921],[76.9448498,28.4786887],[76.9526389,28.4836922],[76.9526228,28.4837066],[76.9526079,28.4837202],[76.9525618,28.4837652],[76.9525058,28.4838293],[76.9524982,28.4838391],[76.9524867,28.4838539],[76.9524451,28.4839124],[76.9524418,28.4839175],[76.9463141,28.4934647],[76.9438386,28.4970386],[76.9438265,28.4970566],[76.9438221,28.4970633],[76.9437799,28.4971352],[76.9437742,28.4971463],[76.9437654,28.4971638],[76.9437365,28.4972276],[76.9437318,28.4972395],[76.9427822,28.4996982],[76.94276,28.4997636],[76.9427576,28.4997718],[76.9427526,28.4997897],[76.942736,28.4998607],[76.9427251,28.4999423],[76.9427235,28.4999622],[76.942721,28.5000408],[76.9427263,28.5001193],[76.9427287,28.5001393],[76.9427426,28.5002205],[76.9427623,28.5002926],[76.9427682,28.5003108],[76.9427703,28.5003172],[76.9428,28.5003938],[76.9428318,28.5004576],[76.9428411,28.5004746],[76.9428467,28.5004847],[76.9428915,28.5005554],[76.9429326,28.5006096],[76.9429452,28.5006249],[76.9429557,28.5006375],[76.943014,28.5007],[76.9430479,28.5007309],[76.9418359,28.5021419]],[[76.9211661,28.483532],[76.9215724,28.483635],[76.9216526,28.4841363],[76.9219761,28.4840935],[76.9220854,28.482965],[76.9227773,28.4829744],[76.9228105,28.48242],[76.9219014,28.4823564],[76.9218732,28.4819939],[76.9210928,28.4818712],[76.9211661,28.483532]]],[[[76.9620985,28.4728566],[76.9622454,28.47306],[76.9622328,28.4730656],[76.9621549,28.4731083],[76.9620817,28.4731569],[76.9620137,28.4732112],[76.9619515,28.4732706],[76.9618955,28.4733347],[76.9618463,28.473403],[76.9618042,28.4734749],[76.9617874,28.4735104],[76.961769,28.4735497],[76.9601614,28.4770055],[76.9601507,28.4770294],[76.9601482,28.4770352],[76.9601417,28.477051],[76.9601148,28.4771284],[76.9601129,28.477135],[76.9601077,28.4771533],[76.9600907,28.4772259],[76.9600798,28.4773074],[76.9600782,28.4773273],[76.9600757,28.477406],[76.9601378,28.4807654],[76.9594082,28.4810712],[76.9572361,28.4818884],[76.9493796,28.4760802],[76.9545561,28.4729631],[76.9555371,28.4723813],[76.9555901,28.4723904],[76.9555924,28.4723907],[76.9555947,28.472391],[76.9570304,28.4725525],[76.9570406,28.472553],[76.957053,28.4725518],[76.9570649,28.4725488],[76.9570666,28.4725482],[76.9579691,28.4722198],[76.9587425,28.471922],[76.9587506,28.4719182],[76.9587607,28.4719118],[76.9587691,28.4719042],[76.9593025,28.471331],[76.9603664,28.4707224],[76.9603707,28.4707196],[76.960599,28.4709856],[76.9617589,28.4723863],[76.9620985,28.4728566]]],[[[76.9602746,28.4706244],[76.9592155,28.4712302],[76.9592075,28.4712355],[76.9591992,28.4712431],[76.9586696,28.4718122],[76.9579133,28.4721035],[76.9570297,28.4724251],[76.9557129,28.472277],[76.9594617,28.4700536],[76.9595446,28.4700044],[76.9602746,28.4706244]]]]}},{"type":"Feature","properties":{"sector":"107","density":"","class":"500","classtext":"500 Public Utilities","code":500,"val":"500","codetext":"510,520,530","area":2801304,"labelLat":28.5042165,"labelLng":76.9699254},"geometry":{"type":"Polygon","coordinates":[[[76.979935,28.5105468],[76.9763149,28.5064447],[76.9654058,28.513],[76.9651176,28.5128873],[76.9636271,28.5118011],[76.9591584,28.508695],[76.9560262,28.5064129],[76.9729033,28.4932148],[76.9729033,28.4932148],[76.9728958,28.4932207],[76.9767315,28.4993032],[76.9767352,28.499309],[76.9767598,28.4993418],[76.9833841,28.5071283],[76.983391,28.5071362],[76.983429,28.5071725],[76.983448,28.5071871],[76.9843698,28.5078522],[76.979935,28.5105468]]]}},{"type":"Feature","properties":{"sector":"108","density":"250","class":"100","classtext":"100 Residential (Group Housing/Plotted)","code":100,"val":"100/250","codetext":"","area":1364255,"labelLat":28.5146666,"labelLng":76.9829534},"geometry":{"type":"Polygon","coordinates":[[[76.9722568,28.5165868],[76.972411,28.5163982],[76.9730271,28.5158824],[76.9736421,28.515431],[76.9742636,28.5149846],[76.9752127,28.5143197],[76.97631,28.5136741],[76.9763244,28.5136651],[76.9769651,28.5132355],[76.9769912,28.5132159],[76.9776666,28.5126471],[76.9785014,28.5120749],[76.9848122,28.5082404],[76.9848498,28.5082135],[76.9848585,28.5082049],[76.9925831,28.5137781],[76.9958988,28.5168618],[76.9944723,28.5179679],[76.9885627,28.5141963],[76.9786442,28.5213406],[76.9761031,28.5187063],[76.9750993,28.5182243],[76.9738503,28.5173448],[76.9728253,28.5168821],[76.9722568,28.5165868]]]}},{"type":"Feature","properties":{"sector":"115","density":"","class":"200","classtext":"200 Commercial","code":200,"val":"200","codetext":"","area":411762,"labelLat":28.5339825,"labelLng":77.0050001},"geometry":{"type":"Polygon","coordinates":[[[77.009451,28.5356618],[77.0046356,28.538382],[77.0039405,28.5373029],[77.0032189,28.5357473],[77.0027493,28.5349329],[77.0020812,28.5339114],[77.0016848,28.5335353],[77.001564,28.5328685],[77.0014551,28.5316859],[77.001403,28.5310679],[77.0040098,28.5294934],[77.0050741,28.5308742],[77.0050915,28.5308951],[77.0051271,28.5309293],[77.0078557,28.5332152],[77.009451,28.5356618]]]}},{"type":"Feature","properties":{"sector":"114","density":"","class":"200","classtext":"200 Commercial","code":200,"val":"200","codetext":"","area":964790,"labelLat":28.5315155,"labelLng":77.0108162},"geometry":{"type":"MultiPolygon","coordinates":[[[[77.0162965,28.532979],[77.0124599,28.5376417],[77.0102612,28.5355484],[77.0084918,28.5328348],[77.0084758,28.5328123],[77.0084408,28.5327737],[77.0084235,28.5327582],[77.0056843,28.5304634],[77.0046489,28.5291201],[77.0085694,28.5269066],[77.0094161,28.5268738],[77.0102716,28.5260442],[77.0162965,28.532979]]],[[[77.0181376,28.5350979],[77.0192844,28.5364177],[77.017612,28.5375135],[77.017574,28.5376441],[77.0171857,28.538981],[77.0137956,28.5415525],[77.0131983,28.5424254],[77.0131704,28.5422044],[77.012815,28.5393835],[77.01326,28.5387771],[77.0132873,28.5387326],[77.0133064,28.5386861],[77.0133177,28.5386377],[77.0133208,28.5385884],[77.0133158,28.5385392],[77.0133027,28.5384912],[77.0132819,28.5384454],[77.0132537,28.5384027],[77.0132187,28.5383641],[77.0128806,28.5380422],[77.0128837,28.5380399],[77.0129188,28.5380048],[77.0166857,28.5334269],[77.0181376,28.5350979]]]]}},{"type":"Feature","properties":{"sector":"113","density":"250","class":"100","classtext":"100 Residential (Group Housing/Plotted)","code":100,"val":"100/250","codetext":"","area":913237,"labelLat":28.5294048,"labelLng":77.0252114},"geometry":{"type":"Polygon","coordinates":[[[77.0326,28.5308881],[77.0325327,28.5309245],[77.0297621,28.5316463],[77.0274451,28.5325825],[77.0247274,28.5329669],[77.0223542,28.5344061],[77.0197765,28.5360952],[77.0197737,28.5360916],[77.0187329,28.5348937],[77.0202862,28.5298277],[77.0202978,28.5298303],[77.021881,28.530066],[77.0219029,28.5300674],[77.0219242,28.5300655],[77.0219447,28.5300603],[77.0219639,28.530052],[77.0219812,28.5300409],[77.0219961,28.5300274],[77.022008,28.5300117],[77.0220167,28.5299945],[77.0220193,28.529987],[77.0246851,28.5211374],[77.026615,28.5234666],[77.0326,28.5308881]]]}},{"type":"Feature","properties":{"sector":"106","density":"250","class":"100","classtext":"100 Residential (Group Housing/Plotted)","code":100,"val":"100/250","codetext":"","area":1937034,"labelLat":28.5059779,"labelLng":76.9954639},"geometry":{"type":"Polygon","coordinates":[[[77.0051057,28.5045614],[76.9950638,28.5151026],[76.9931219,28.5132966],[76.9930865,28.5132675],[76.9855364,28.5078202],[76.9861713,28.5074643],[76.9861789,28.5074599],[76.9862183,28.5074318],[76.9862514,28.5073992],[76.9864971,28.5071125],[76.9865244,28.5070744],[76.986544,28.5070331],[76.9865557,28.5069889],[76.9866334,28.5065133],[76.9866365,28.5064702],[76.9866363,28.5064629],[76.9866244,28.5062215],[76.9866882,28.5060082],[76.9867777,28.5058945],[76.9875529,28.5054214],[76.9875914,28.5053936],[76.9885206,28.5045919],[76.9885513,28.5045609],[76.9885783,28.5045231],[76.9885843,28.5045123],[76.988718,28.5042582],[76.9887315,28.5042278],[76.9887431,28.5041843],[76.9887464,28.5041397],[76.9887452,28.5041197],[76.9886933,28.5036144],[76.9893543,28.5029224],[76.9908494,28.5016804],[76.9908769,28.5016542],[76.9920178,28.5004104],[76.9948861,28.5003246],[76.9949061,28.5003234],[76.9949558,28.5003153],[76.9950034,28.5003001],[76.9950475,28.5002782],[76.9950869,28.5002501],[76.9951206,28.5002168],[76.9951476,28.5001789],[76.9951671,28.5001377],[76.9951787,28.5000942],[76.9951821,28.5000556],[76.9951922,28.4985009],[76.995195,28.4985011],[76.9952162,28.4984991],[76.9952368,28.4984939],[76.995256,28.4984856],[76.9952678,28.4984785],[76.9974168,28.4970145],[77.0051057,28.5045614]]]}},{"type":"Feature","properties":{"sector":"103","density":"250","class":"100","classtext":"100 Residential (Group Housing/Plotted)","code":100,"val":"100/250","codetext":"","area":3372113,"labelLat":28.494328,"labelLng":76.9838141},"geometry":{"type":"Polygon","coordinates":[[[76.9943188,28.4961725],[76.9943155,28.4962171],[76.9943205,28.4962616],[76.9943231,28.4962729],[76.9944999,28.4969571],[76.9945851,28.4976363],[76.994571,28.4997924],[76.9918573,28.4998735],[76.9918373,28.4998747],[76.9917876,28.4998828],[76.99174,28.499898],[76.9916959,28.4999199],[76.9916565,28.499948],[76.9916296,28.4999736],[76.9904138,28.5012991],[76.9889209,28.5025393],[76.9888973,28.5025614],[76.9881424,28.5033517],[76.9881317,28.5033636],[76.9881047,28.5034014],[76.9880852,28.5034426],[76.9880736,28.5034861],[76.9880702,28.5035307],[76.9880714,28.5035507],[76.9881275,28.5040961],[76.9880522,28.5042392],[76.9871832,28.5049891],[76.9863836,28.505477],[76.9863466,28.5055036],[76.9863129,28.505537],[76.9863062,28.5055452],[76.9861541,28.5057384],[76.9861339,28.5057681],[76.9861143,28.5058093],[76.9861095,28.5058238],[76.98602,28.506123],[76.9860132,28.5061521],[76.9860098,28.5061967],[76.9860101,28.506204],[76.9860228,28.5064611],[76.9859606,28.5068417],[76.9857962,28.5070334],[76.9851404,28.5074011],[76.9851328,28.5074055],[76.9850933,28.5074335],[76.9850597,28.5074669],[76.9850553,28.5074731],[76.9839686,28.506689],[76.9773879,28.4989538],[76.973524,28.4928264],[76.9718304,28.4901405],[76.983322,28.4823572],[76.9939794,28.4925816],[76.9924915,28.4939404],[76.9943188,28.4961725]]]}},{"type":"Feature","properties":{"sector":"","density":"","class":"500","classtext":"500 Public Utilities","code":500,"val":"510/520/530","codetext":"","area":540608,"labelLat":28.4612106,"labelLng":76.9718678},"geometry":{"type":"Polygon","coordinates":[[[76.9783883,28.4623612],[76.9781322,28.4625083],[76.9781118,28.4625205],[76.9780912,28.4625338],[76.9763267,28.4637174],[76.9763198,28.4637221],[76.9749464,28.4646676],[76.9733224,28.4657542],[76.9733159,28.4657586],[76.9726064,28.4662451],[76.9708121,28.4642649],[76.9662219,28.4567668],[76.9661986,28.4567305],[76.9661481,28.4566629],[76.9645634,28.4547237],[76.9716752,28.4586428],[76.9783883,28.4623612]]]}},{"type":"Feature","properties":{"sector":"111","density":"250","class":"100","classtext":"100 Residential (Group Housing/Plotted)","code":100,"val":"100/250","codetext":"","area":1080885,"labelLat":28.5230878,"labelLng":77.0340669},"geometry":{"type":"Polygon","coordinates":[[[77.0416272,28.5260036],[77.0363723,28.5288495],[77.0344271,28.5299007],[77.0344065,28.5298671],[77.0343604,28.529805],[77.0283584,28.5223626],[77.0283515,28.5223542],[77.0267786,28.5204559],[77.0331392,28.5159906],[77.0416272,28.5260036]]]}},{"type":"Feature","properties":{"sector":"110 A","density":"250","class":"100","classtext":"100 Residential (Group Housing/Plotted)","code":100,"val":"100/250","codetext":"","area":543104,"labelLat":28.5150864,"labelLng":77.0280057},"geometry":{"type":"Polygon","coordinates":[[[77.0329553,28.5157739],[77.0329196,28.515799],[77.0265975,28.5202373],[77.0241506,28.517284],[77.0270436,28.5088056],[77.0329553,28.5157739]]]}},{"type":"Feature","properties":{"sector":"110","density":"250","class":"100","classtext":"100 Residential (Group Housing/Plotted)","code":100,"val":"100/250","codetext":"","area":1570950,"labelLat":28.5054875,"labelLng":77.0188797},"geometry":{"type":"Polygon","coordinates":[[[77.026587,28.5082679],[77.0265743,28.5083052],[77.0236972,28.5167367],[77.0156897,28.5070703],[77.015634,28.5070086],[77.0155998,28.5069755],[77.0093517,28.5011938],[77.0162412,28.4960661],[77.024156,28.5054071],[77.026587,28.5082679]]]}},{"type":"Feature","properties":{"sector":"105","density":"250","class":"100","classtext":"100 Residential (Group Housing/Plotted)","code":100,"val":"100/250","codetext":"","area":1253122,"labelLat":28.4936101,"labelLng":77.0080202},"geometry":{"type":"Polygon","coordinates":[[[77.0158721,28.4956329],[77.0089278,28.5008015],[77.0018844,28.4942827],[77.0002807,28.4926543],[77.0003686,28.4926067],[77.0003891,28.4925935],[77.0004077,28.4925765],[77.0004124,28.4925711],[77.0007682,28.4921412],[77.0015817,28.4911293],[77.0024435,28.4900986],[77.0031251,28.4894816],[77.0037484,28.4890594],[77.0037565,28.4890535],[77.0045988,28.4883874],[77.0054781,28.4877488],[77.0064444,28.4872333],[77.0075039,28.4866505],[77.0075236,28.4866376],[77.0079084,28.4863394],[77.0079171,28.486332],[77.0079236,28.4863262],[77.0104416,28.4893037],[77.0104814,28.4893508],[77.0158721,28.4956329]]]}},{"type":"Feature","properties":{"sector":"99 A","density":"250","class":"100","classtext":"100 Residential (Group Housing/Plotted)","code":100,"val":"100/250","codetext":"","area":1095980,"labelLat":28.4564733,"labelLng":76.9512093},"geometry":{"type":"Polygon","coordinates":[[[76.9581662,28.4558423],[76.956041,28.4594954],[76.9533502,28.4638773],[76.9533435,28.4638895],[76.9472639,28.4592552],[76.9456566,28.4568603],[76.9468169,28.4489111],[76.9581662,28.4558423]]]}},{"type":"Feature","properties":{"sector":"64","density":"","class":"700","classtext":"700 Open Spaces","code":700,"val":"710","codetext":"","area":1103434,"labelLat":28.391986,"labelLng":77.0789328},"geometry":{"type":"Polygon","coordinates":[[[77.0785146,28.3843987],[77.0849064,28.3875356],[77.0852314,28.3876943],[77.082584,28.393389],[77.0800359,28.3990021],[77.0799966,28.3989928],[77.0787172,28.3987103],[77.0787109,28.398709],[77.0779668,28.3985642],[77.0774833,28.39845],[77.0770687,28.3983425],[77.0768004,28.3982587],[77.0755787,28.3976741],[77.0755715,28.3976708],[77.0737085,28.3968349],[77.0736947,28.3968291],[77.0724041,28.3963199],[77.0785146,28.3843987]]]}},{"type":"Feature","properties":{"sector":"63","density":"250","class":"100","classtext":"100 Residential (Group Housing/Plotted)","code":100,"val":"100/250","codetext":"","area":589149,"labelLat":28.3980535,"labelLng":77.086705},"geometry":{"type":"Polygon","coordinates":[[[77.0926271,28.3980187],[77.0926312,28.3981813],[77.0924932,28.3992496],[77.092237,28.4010329],[77.0922363,28.4010382],[77.0921381,28.4018473],[77.0917716,28.40174],[77.091762,28.4017373],[77.0900763,28.4012976],[77.0890584,28.4010338],[77.0890438,28.4010304],[77.0876281,28.4007297],[77.0866337,28.4005206],[77.0853176,28.4002356],[77.0845912,28.4000749],[77.0833394,28.3998013],[77.0824154,28.3995753],[77.0813429,28.3993145],[77.080631,28.3991444],[77.08314,28.3936173],[77.0926271,28.3980187]]]}},{"type":"Feature","properties":{"sector":"60","density":"250","class":"100","classtext":"100 Residential (Group Housing/Plotted)","code":100,"val":"100/250","codetext":"","area":361007,"labelLat":28.4007899,"labelLng":77.0975226},"geometry":{"type":"Polygon","coordinates":[[[77.102544,28.399928],[77.1025408,28.3999585],[77.102218,28.4030472],[77.1018715,28.4030136],[77.1009177,28.4029138],[77.0995795,28.4027699],[77.0987937,28.402684],[77.0978906,28.4025929],[77.0967101,28.4024606],[77.0959034,28.4023819],[77.0947872,28.402278],[77.0933513,28.4020839],[77.0933367,28.4020823],[77.092732,28.4020268],[77.0928447,28.4010985],[77.093101,28.3993145],[77.0932419,28.3982243],[77.0932421,28.3982196],[77.102544,28.399928]]]}},{"type":"Feature","properties":{"sector":"63 A","density":"250","class":"100","classtext":"100 Residential (Group Housing/Plotted)","code":100,"val":"100/250","codetext":"","area":1168300,"labelLat":28.3928931,"labelLng":77.0888296},"geometry":{"type":"MultiPolygon","coordinates":[[[[77.0935443,28.3915993],[77.0935151,28.3931332],[77.0935151,28.3931402],[77.093521,28.3937163],[77.0935382,28.3947285],[77.0935346,28.3951995],[77.0934906,28.3954453],[77.0932654,28.3959096],[77.0929772,28.3964178],[77.0929641,28.3964443],[77.0927293,28.3969994],[77.0927248,28.3970108],[77.0927133,28.3970543],[77.0927122,28.3970617],[77.0926224,28.3977172],[77.0926203,28.3977552],[77.0926271,28.3980187],[77.08314,28.3936173],[77.0831511,28.3935927],[77.0858294,28.3878317],[77.0935443,28.3915993]]],[[[77.0955528,28.39258],[77.1027083,28.3960843],[77.1029343,28.3961929],[77.102544,28.399928],[77.0932421,28.3982196],[77.0932438,28.3981882],[77.0932328,28.397763],[77.0933155,28.3971588],[77.0935318,28.3966474],[77.0938167,28.396145],[77.0938244,28.3961304],[77.0940683,28.3956277],[77.0940782,28.3956044],[77.0940893,28.3955632],[77.094143,28.3952628],[77.0941466,28.3952235],[77.0941503,28.3947293],[77.0941503,28.3947234],[77.0941331,28.3937095],[77.0941272,28.3931388],[77.0941509,28.3918955],[77.0955528,28.39258]]]]}},{"type":"Feature","properties":{"sector":"14","density":"375","class":"100","classtext":"100 Residential (Group Housing/Plotted)","code":100,"val":"100/375","codetext":"","area":840051,"labelLat":28.4737491,"labelLng":77.0474704},"geometry":{"type":"Polygon","coordinates":[[[77.040597,28.4708376],[77.0396597,28.469779],[77.0438097,28.4683981],[77.0444182,28.4687786],[77.0454873,28.4694571],[77.0454963,28.4694624],[77.0462772,28.4698875],[77.0462821,28.4698901],[77.0472512,28.4703748],[77.0472564,28.4703772],[77.0480614,28.4707404],[77.0493893,28.47132],[77.0493983,28.4713236],[77.0501223,28.4715897],[77.0524063,28.4724237],[77.054749,28.4733427],[77.0547806,28.4733549],[77.0545936,28.4735778],[77.054363,28.4738526],[77.0520911,28.476613],[77.0507249,28.4782722],[77.0497227,28.4794698],[77.0496978,28.4795019],[77.049689,28.4795145],[77.0494027,28.479939],[77.0493769,28.4799814],[77.0493527,28.4800323],[77.0492134,28.4803735],[77.0492105,28.4803808],[77.049191,28.480442],[77.0491719,28.4805202],[77.0423637,28.4728326],[77.0424663,28.4727508],[77.0425307,28.4725053],[77.0422638,28.4721121],[77.042138,28.4718695],[77.041751,28.4715239],[77.0412033,28.4709209],[77.0407512,28.4707902],[77.040597,28.4708376]]]}},{"type":"Feature","properties":{"sector":"12 A","density":"","class":"810","classtext":"800 Aggriculture Zone","code":800,"val":"","codetext":"","area":245503,"labelLat":28.4756135,"labelLng":77.0328404},"geometry":{"type":"MultiPolygon","coordinates":[[[[77.0347159,28.4783965],[77.0331613,28.4784924],[77.0331428,28.4784945],[77.0331391,28.4784952],[77.032393,28.4786403],[77.0314738,28.4766411],[77.031465,28.4766251],[77.0306853,28.4754143],[77.0306835,28.4754116],[77.0306784,28.4754047],[77.029748,28.4742081],[77.0297697,28.4742061],[77.029796,28.4741994],[77.0308595,28.4738299],[77.0308823,28.47382],[77.0308892,28.4738161],[77.0313335,28.4735509],[77.03223,28.4732562],[77.0322345,28.4732546],[77.0330502,28.4729559],[77.0330545,28.4729543],[77.0336739,28.4727073],[77.0342131,28.4725142],[77.034315,28.4733889],[77.0349359,28.4783958],[77.0347251,28.4783962],[77.0347159,28.4783965]]],[[[77.0341968,28.472374],[77.0336136,28.4725828],[77.0329916,28.4728309],[77.0321759,28.4731296],[77.031263,28.4734297],[77.0308035,28.473704],[77.0297406,28.4740732],[77.02953,28.4740816],[77.0295157,28.474051],[77.0317408,28.4725189],[77.031886,28.4724163],[77.0340296,28.4709388],[77.0341968,28.472374]]]]}},{"type":"Feature","properties":{"sector":"5","density":"375","class":"100","classtext":"100 Residential (Group Housing/Plotted)","code":100,"val":"521319.779221057","codetext":"","area":522015,"labelLat":28.4799778,"labelLng":77.0189276},"geometry":{"type":"Polygon","coordinates":[[[77.0179842,28.4738951],[77.0179915,28.473904],[77.0179998,28.4739142],[77.0196009,28.4758878],[77.0234357,28.4815145],[77.0228692,28.4817668],[77.0228586,28.4817719],[77.0226589,28.4818803],[77.0226387,28.4818934],[77.0226328,28.4818983],[77.0221244,28.4823318],[77.022114,28.4823415],[77.0213054,28.4831816],[77.0207811,28.4837502],[77.0207701,28.4837638],[77.0206416,28.4839453],[77.0206389,28.4839494],[77.0199906,28.4849417],[77.01984,28.4850958],[77.0198369,28.485099],[77.0198284,28.4851093],[77.0196655,28.4853256],[77.0195277,28.4852223],[77.0195251,28.4852204],[77.01951,28.4852109],[77.0189551,28.4849037],[77.018411,28.4846077],[77.0183594,28.4845609],[77.0182743,28.4844522],[77.017249,28.4828984],[77.0161172,28.4812578],[77.0161031,28.4812405],[77.0160373,28.4811722],[77.0160176,28.4811553],[77.0159955,28.4811421],[77.0159802,28.4811356],[77.0147469,28.4806803],[77.0150687,28.4800204],[77.0156277,28.4788115],[77.0161142,28.4777147],[77.0166856,28.4765599],[77.0172503,28.4754049],[77.0175884,28.4747024],[77.0175923,28.4746936],[77.0175952,28.4746853],[77.0177507,28.4741843],[77.0179189,28.4738147],[77.0179842,28.4738951]]]}},{"type":"Feature","properties":{"sector":"19","density":"","class":"300","classtext":"300 Industrial","code":300,"val":"320/330/340","codetext":"","area":1033088,"labelLat":28.5041433,"labelLng":77.0854822},"geometry":{"type":"Polygon","coordinates":[[[77.0794838,28.5010117],[77.0795078,28.5010014],[77.0795301,28.500987],[77.0852947,28.4964559],[77.0879109,28.4992229],[77.0901804,28.5017708],[77.0894119,28.5023322],[77.0877569,28.5035412],[77.0856753,28.5050617],[77.0841599,28.5061685],[77.0823089,28.5075205],[77.0799021,28.5092783],[77.0795846,28.5095102],[77.0773676,28.5111813],[77.0759235,28.511359],[77.0759155,28.5113602],[77.0759017,28.5113632],[77.0749397,28.5116116],[77.0748543,28.5114292],[77.07468,28.5109781],[77.074673,28.5109613],[77.0745933,28.5107813],[77.0745853,28.5107643],[77.0745785,28.5107514],[77.0742868,28.5102226],[77.0742655,28.5101884],[77.0735475,28.5091531],[77.0735445,28.5091489],[77.0726212,28.5078565],[77.0717627,28.5066825],[77.0717428,28.5066575],[77.0704134,28.5051087],[77.0704088,28.5051033],[77.0691709,28.5037096],[77.0722982,28.5014727],[77.0745119,28.5008885],[77.0762321,28.5007721],[77.0762561,28.5007739],[77.0759577,28.5009431],[77.0758297,28.5015044],[77.0755952,28.5021492],[77.0753998,28.502425],[77.0729341,28.5026946],[77.0721518,28.5029657],[77.0717757,28.5034762],[77.071929,28.5042106],[77.0722341,28.5048062],[77.0721748,28.5057211],[77.07171,28.5064376],[77.0718372,28.5066267],[77.0724229,28.5065632],[77.0740707,28.5063198],[77.0761782,28.5060932],[77.0770769,28.5064375],[77.0786501,28.5067239],[77.0795916,28.5064946],[77.0822534,28.5057853],[77.0838008,28.5047589],[77.0840089,28.5043498],[77.0841466,28.5031062],[77.0838358,28.5023503],[77.0833469,28.5020987],[77.0830041,28.5019403],[77.0824301,28.5018126],[77.082071,28.5016135],[77.0816049,28.5014706],[77.080891,28.5012905],[77.0798837,28.501115],[77.0794838,28.5010117]]]}},{"type":"Feature","properties":{"sector":"21","density":"375","class":"100","classtext":"100 Residential (Group Housing/Plotted)","code":100,"val":"100/375","codetext":"","area":780471,"labelLat":28.514058,"labelLng":77.0725212},"geometry":{"type":"Polygon","coordinates":[[[77.0799092,28.5181226],[77.0797328,28.5181725],[77.0746985,28.5188283],[77.0743361,28.519051],[77.0724844,28.5201887],[77.0724394,28.5194106],[77.0711441,28.5171209],[77.07102,28.5170958],[77.0696528,28.5156007],[77.0683666,28.5139282],[77.0676867,28.5131011],[77.0675009,28.5127521],[77.0675251,28.5119169],[77.0666312,28.5114496],[77.0684116,28.5095113],[77.0691556,28.5086883],[77.0699027,28.5080396],[77.0710903,28.5072595],[77.0718463,28.5082933],[77.0727655,28.50958],[77.0734701,28.5105959],[77.073744,28.5110924],[77.0738133,28.5112488],[77.073989,28.5117037],[77.0739925,28.5117123],[77.0739992,28.5117275],[77.0742806,28.512329],[77.0742988,28.5123633],[77.0743018,28.5123681],[77.0745136,28.5127116],[77.0745977,28.5128492],[77.0746277,28.5128916],[77.0746402,28.5129064],[77.074844,28.5131362],[77.0748532,28.5131463],[77.0752781,28.5135954],[77.0752829,28.5136003],[77.075552,28.5138758],[77.0755652,28.5138887],[77.0759958,28.5142913],[77.0766124,28.5149132],[77.0771569,28.5154593],[77.0771664,28.5154685],[77.0771791,28.51548],[77.0777456,28.5159736],[77.0780259,28.5162178],[77.0780511,28.5162382],[77.0785162,28.516587],[77.078815,28.5168984],[77.078819,28.5169025],[77.0793764,28.517468],[77.0797242,28.5178759],[77.0799092,28.5181226]]]}},{"type":"Feature","properties":{"sector":"","density":"","class":"800","classtext":"800 Aggriculture Zone","code":800,"val":"","codetext":"","area":11712185,"labelLat":28.3703208,"labelLng":77.082973},"geometry":{"type":"Polygon","coordinates":[[[77.0991575,28.3686783],[77.0981242,28.3689524],[77.1033836,28.3892602],[77.1034376,28.3892594],[77.1039802,28.3893942],[77.1049091,28.3899529],[77.1052358,28.3900911],[77.1058447,28.3908456],[77.106892,28.3919277],[77.1070189,28.3928807],[77.1070264,28.3932626],[77.1063351,28.3937985],[77.105638,28.394048],[77.1070162,28.3955243],[77.0748773,28.3791353],[77.0580789,28.3711612],[77.0624332,28.3572816],[77.0624403,28.3572566],[77.0630711,28.3547969],[77.0630828,28.3547327],[77.0630846,28.3546944],[77.0963358,28.355528],[77.0966309,28.3573571],[77.0987902,28.361755],[77.0991575,28.3686783]]]}},{"type":"Feature","properties":{"sector":"91","density":"250","class":"100","classtext":"100 Residential (Group Housing/Plotted)","code":100,"val":"100/250","codetext":"","area":1256718,"labelLat":28.4018482,"labelLng":76.9202824},"geometry":{"type":"Polygon","coordinates":[[[76.9297697,28.4029269],[76.9287815,28.4051808],[76.927538,28.4079907],[76.9195237,28.4049707],[76.9108193,28.4017077],[76.9091396,28.4010679],[76.9169778,28.3958387],[76.9297697,28.4029269]]]}},{"type":"Feature","properties":{"sector":"87","density":"","class":"600","classtext":"600 Public and Semi Public Use","code":600,"val":"","codetext":"","area":745494,"labelLat":28.3926029,"labelLng":76.9264734},"geometry":{"type":"Polygon","coordinates":[[[76.9269371,28.3857308],[76.9289208,28.3907852],[76.931683,28.3985009],[76.9316854,28.3985071],[76.9317304,28.3986096],[76.9312703,28.3995485],[76.925037,28.3956064],[76.9232775,28.3944935],[76.9209706,28.3930343],[76.9204428,28.3927559],[76.9204653,28.3927283],[76.926692,28.3851063],[76.9269371,28.3857308]]]}},{"type":"Feature","properties":{"sector":"H7","density":"","class":"1100","classtext":"Hubs","code":1000,"val":"","codetext":"","area":1874603,"labelLat":28.4215242,"labelLng":76.8872172},"geometry":{"type":"MultiPolygon","coordinates":[[[[76.8910498,28.423973],[76.8910384,28.4239736],[76.8909644,28.4239817],[76.8908918,28.4239969],[76.8908215,28.424019],[76.8907788,28.4240362],[76.8867387,28.4258189],[76.8860567,28.4261249],[76.8860566,28.4261249],[76.8768548,28.4239169],[76.8768552,28.4239165],[76.8841794,28.4153016],[76.8842326,28.415328],[76.890198,28.418294],[76.9009402,28.4236354],[76.9004055,28.4242104],[76.9002303,28.4242624],[76.8995585,28.4242561],[76.8984784,28.4241539],[76.8967779,28.4239929],[76.8967509,28.4239908],[76.8941078,28.4238331],[76.8940879,28.4238322],[76.8940247,28.4238326],[76.8910498,28.423973]]],[[[76.9078398,28.4270858],[76.8984674,28.4290891],[76.8880502,28.4266016],[76.8912661,28.4251826],[76.8940566,28.4250509],[76.8966446,28.4252053],[76.8983316,28.425365],[76.8994448,28.4254704],[76.8994917,28.4254734],[76.8995109,28.4254739],[76.9003321,28.4254815],[76.9003875,28.42548],[76.9004615,28.4254719],[76.9005341,28.4254567],[76.9005586,28.4254499],[76.9010314,28.4253096],[76.9010773,28.4252943],[76.9011445,28.4252657],[76.9012078,28.4252308],[76.9012664,28.4251901],[76.9013198,28.425144],[76.9013444,28.425119],[76.90216,28.4242419],[76.9022272,28.4242753],[76.9078398,28.4270858]]]]}},{"type":"Feature","properties":{"sector":"23A","density":"","class":"200","classtext":"200 Commercial","code":200,"val":"","codetext":"","area":247098,"labelLat":28.50472,"labelLng":77.0510704},"geometry":{"type":"Polygon","coordinates":[[[77.0570675,28.5030008],[77.05689,28.5031206],[77.0542211,28.5047294],[77.0515117,28.5064054],[77.0507054,28.5068942],[77.049081,28.5074747],[77.0488656,28.5075493],[77.0471727,28.5036811],[77.0470404,28.5033789],[77.0570675,28.5030008]]]}},{"type":"Feature","properties":{"sector":"22","density":"375","class":"100","classtext":"100 Residential (Group Housing/Plotted)","code":100,"val":"100/375","codetext":"","area":701070,"labelLat":28.5061641,"labelLng":77.06463},"geometry":{"type":"Polygon","coordinates":[[[77.0709152,28.5070372],[77.0697114,28.5078279],[77.0697023,28.5078344],[77.0696954,28.50784],[77.0689342,28.508501],[77.0689223,28.5085127],[77.068173,28.5093415],[77.0664236,28.511246],[77.0644463,28.5101433],[77.0628634,28.5092617],[77.0625872,28.5090295],[77.0611379,28.5074416],[77.0587888,28.5045778],[77.057545,28.5030192],[77.0577099,28.502908],[77.058058,28.5027544],[77.0612042,28.5027935],[77.0668457,28.5028606],[77.0672671,28.5028595],[77.067372,28.502974],[77.068356,28.5041075],[77.0696833,28.5056019],[77.0709152,28.5070372]]]}},{"type":"Feature","properties":{"sector":"80","density":"","class":"700","classtext":"700 Open Spaces","code":700,"val":"700","codetext":"","area":990170,"labelLat":28.3659779,"labelLng":76.955915},"geometry":{"type":"Polygon","coordinates":[[[76.9534485,28.3736222],[76.9548996,28.3724773],[76.9523489,28.3688084],[76.9523196,28.3686867],[76.9522551,28.3684192],[76.9518581,28.3667716],[76.9523637,28.3660768],[76.952343,28.3649501],[76.9526857,28.3622674],[76.952703,28.362132],[76.9527201,28.3619979],[76.9527585,28.361697],[76.9542542,28.3596509],[76.9571647,28.3570497],[76.9584057,28.355811],[76.958347,28.3612175],[76.959504,28.3612008],[76.9596705,28.3641573],[76.9584457,28.3656648],[76.9579635,28.3688042],[76.9582465,28.3736326],[76.9580196,28.3759223],[76.9534485,28.3736222]]]}},{"type":"Feature","properties":{"sector":"36","density":"","class":"300","classtext":"300 Industrial","code":300,"val":"320/330/340","codetext":"","area":1862001,"labelLat":28.4209136,"labelLng":76.9876233},"geometry":{"type":"Polygon","coordinates":[[[76.9954269,28.4262878],[76.9954229,28.4262897],[76.9884194,28.4300538],[76.978189,28.4184592],[76.9843131,28.4139668],[76.9894301,28.4116587],[76.9894585,28.4116459],[76.989593,28.4122785],[76.9895983,28.4122955],[76.9906586,28.4148545],[76.9906599,28.4148576],[76.9910797,28.4157643],[76.9910886,28.4157798],[76.9918657,28.4168838],[76.9929334,28.41899],[76.9944135,28.4221471],[76.9949761,28.4238963],[76.9952752,28.4251739],[76.9954269,28.4262878]]]}},{"type":"Feature","properties":{"sector":"83","density":"250","class":"100","classtext":"100 Residential (Group Housing/Plotted)","code":100,"val":"100/250","codetext":"","area":1419903,"labelLat":28.3966218,"labelLng":76.9701813},"geometry":{"type":"Polygon","coordinates":[[[76.9786626,28.3967131],[76.9701217,28.403535],[76.9701087,28.4035471],[76.9700979,28.4035613],[76.9624216,28.3996461],[76.962411,28.3996411],[76.9623779,28.399626],[76.9615568,28.3993161],[76.9653774,28.3942202],[76.9675632,28.3919208],[76.9675854,28.3918981],[76.9675962,28.391887],[76.9708407,28.388476],[76.9786626,28.3967131]]]}},{"type":"Feature","properties":{"sector":"83","density":"","class":"200","classtext":"200 Commercial","code":200,"val":"","codetext":"","area":436388,"labelLat":28.3966894,"labelLng":76.9800303},"geometry":{"type":"Polygon","coordinates":[[[76.9815914,28.3971836],[76.9783243,28.3996875],[76.9750147,28.4020276],[76.9749818,28.4020519],[76.9749139,28.4021087],[76.9748913,28.40213],[76.9722758,28.4046719],[76.9703153,28.4036722],[76.9789144,28.3968037],[76.9789274,28.3967916],[76.9789393,28.396776],[76.978948,28.3967588],[76.9789532,28.3967404],[76.9789547,28.3967216],[76.9789525,28.3967028],[76.9789466,28.3966847],[76.9789373,28.3966677],[76.978926,28.3966538],[76.9710138,28.3883216],[76.9709994,28.3883091],[76.9719756,28.3872827],[76.9725652,28.3878722],[76.9815914,28.3971836]]]}},{"type":"Feature","properties":{"sector":"101","density":"","class":"500","classtext":"500 Public Utilities","code":500,"val":"510/520/530","codetext":"","area":848453,"labelLat":28.468494,"labelLng":76.9802526},"geometry":{"type":"MultiPolygon","coordinates":[[[[76.9792987,28.4633978],[76.9871394,28.4677504],[76.9833177,28.4720848],[76.9829013,28.4725573],[76.9822656,28.4732781],[76.980565,28.4741771],[76.9770659,28.4711659],[76.9734681,28.467196],[76.9741578,28.466723],[76.9757822,28.4656362],[76.9757898,28.4656311],[76.9771634,28.4646853],[76.9789046,28.4635174],[76.979204,28.4633454],[76.9792987,28.4633978]]],[[[76.9810812,28.4746213],[76.9807467,28.4743335],[76.9818487,28.4737509],[76.9810812,28.4746213]]]]}},{"type":"Feature","properties":{"sector":"104","density":"250","class":"100","classtext":"100 Residential (Group Housing/Plotted)","code":100,"val":"100/250","codetext":"","area":2867586,"labelLat":28.4804072,"labelLng":76.9950776},"geometry":{"type":"MultiPolygon","coordinates":[[[[76.9992637,28.4759687],[77.0077388,28.4861058],[77.0077018,28.4861395],[77.0073313,28.4864266],[77.0062842,28.4870025],[77.0053102,28.4875222],[77.0052921,28.4875335],[77.0044018,28.4881801],[77.0043978,28.4881831],[77.0035574,28.4888477],[77.0029299,28.4892727],[77.0029227,28.4892779],[77.0029135,28.4892856],[77.0022169,28.4899162],[77.0022075,28.4899254],[77.0022033,28.4899303],[77.0013336,28.4909705],[77.0005196,28.4919829],[77.000183,28.4923898],[77.0000762,28.4924474],[77.0000546,28.4924255],[76.9905249,28.4827514],[76.9904641,28.4826946],[76.9817786,28.4752214],[76.9818013,28.4751994],[76.9841519,28.4725334],[76.9893215,28.4698005],[76.9936164,28.4725978],[76.9929539,28.4734134],[76.9954247,28.4748863],[76.9960274,28.4741679],[76.9961733,28.473994],[76.9968353,28.4732048],[76.9972859,28.4736351],[76.9992637,28.4759687]]],[[[76.9945887,28.4714008],[76.9937593,28.4724219],[76.9894012,28.4695835],[76.989388,28.469576],[76.9893685,28.4695683],[76.9893478,28.4695637],[76.9893265,28.4695624],[76.9893053,28.4695643],[76.9892847,28.4695695],[76.9892656,28.4695777],[76.9845688,28.4720606],[76.9882431,28.4678932],[76.9885467,28.4680869],[76.9885734,28.4681027],[76.9945887,28.4714008]]]]}},{"type":"Feature","properties":{"sector":"109","density":"250","class":"100","classtext":"100 Residential (Group Housing/Plotted)","code":100,"val":"100/250","codetext":"","area":1442650,"labelLat":28.5127913,"labelLng":77.0053745},"geometry":{"type":"Polygon","coordinates":[[[77.0081828,28.5150703],[77.0020361,28.5173576],[77.0001255,28.5178155],[76.9983186,28.5188224],[76.997354,28.5172494],[76.9973331,28.5172192],[76.9972966,28.517179],[76.9954872,28.5154963],[76.9954874,28.5154962],[76.9955106,28.5154744],[77.0055197,28.5049676],[77.0160015,28.5152532],[77.0130804,28.5179337],[77.0130772,28.517937],[77.0093137,28.5148387],[77.0081828,28.5150703]]]}},{"type":"Feature","properties":{"sector":"102","density":"250","class":"100","classtext":"100 Residential (Group Housing/Plotted)","code":100,"val":"100/250","codetext":"","area":1545290,"labelLat":28.4787129,"labelLng":76.9723498},"geometry":{"type":"MultiPolygon","coordinates":[[[[76.9799071,28.4762558],[76.9692528,28.4853848],[76.9668502,28.4804102],[76.965941,28.4785935],[76.9704209,28.4760431],[76.9704312,28.4760366],[76.9735714,28.4738146],[76.9764795,28.4738609],[76.9780856,28.4756311],[76.9780886,28.4756343],[76.978104,28.4756474],[76.9781217,28.475658],[76.9781412,28.4756657],[76.9781619,28.4756703],[76.9781832,28.4756716],[76.9782044,28.4756696],[76.978225,28.4756645],[76.9782441,28.4756563],[76.9788427,28.4753398],[76.9799071,28.4762558]]],[[[76.9735061,28.4735993],[76.9734856,28.4736045],[76.9734663,28.4736128],[76.9734528,28.4736211],[76.9702829,28.475864],[76.9658406,28.478393],[76.9632239,28.4731643],[76.9632177,28.4731525],[76.9631965,28.4731191],[76.9627564,28.4725097],[76.9627441,28.4724926],[76.9626171,28.4723168],[76.9623147,28.4711597],[76.9684751,28.4710005],[76.9685035,28.4709993],[76.9685775,28.4709911],[76.968633,28.4709801],[76.9690485,28.4708819],[76.9690656,28.4708777],[76.9691359,28.4708556],[76.9692031,28.4708269],[76.9692665,28.470792],[76.9693251,28.4707512],[76.9693379,28.4707411],[76.9719804,28.4685855],[76.9754336,28.4723959],[76.9754606,28.4724245],[76.9755224,28.4724824],[76.9786611,28.4751835],[76.9782099,28.475422],[76.9766348,28.4736859],[76.9766318,28.4736826],[76.9766164,28.4736695],[76.9765987,28.473659],[76.9765792,28.4736513],[76.9765585,28.4736467],[76.9765414,28.4736453],[76.9735316,28.4735974],[76.9735273,28.4735974],[76.9735061,28.4735993]]],[[[76.9622343,28.4718145],[76.9622234,28.4718013],[76.9617051,28.4711754],[76.9620649,28.4711661],[76.9622343,28.4718145]]],[[[76.9622444,28.4708907],[76.9662134,28.4707882],[76.9684661,28.47073],[76.9622444,28.4708907]]]]}},{"type":"Feature","properties":{"sector":"112","density":"","class":"200","classtext":"200 Commercial","code":200,"val":"200","codetext":"","area":154426,"labelLat":28.5250132,"labelLng":77.0224994},"geometry":{"type":"Polygon","coordinates":[[[77.024499,28.5209129],[77.0218111,28.529836],[77.0203503,28.5296185],[77.0207837,28.528205],[77.0207837,28.528205],[77.0212496,28.5266854],[77.0214824,28.525926],[77.0227027,28.5219457],[77.0234189,28.5196093],[77.024499,28.5209129]]]}},{"type":"Feature","properties":{"sector":"106","density":"","class":"200","classtext":"200 Commercial","code":200,"val":"200","codetext":"","area":440299,"labelLat":28.4988092,"labelLng":77.0013476},"geometry":{"type":"Polygon","coordinates":[[[77.0074106,28.5021415],[77.0052651,28.5043941],[76.997523,28.4967951],[76.9975091,28.4967834],[76.9974914,28.4967728],[76.9974719,28.4967651],[76.9974511,28.4967606],[76.9974298,28.4967592],[76.9974086,28.4967612],[76.997388,28.4967664],[76.9973688,28.4967746],[76.997357,28.4967817],[76.9951938,28.4982555],[76.995198,28.4976236],[76.9951979,28.4976176],[76.9951961,28.4975923],[76.9951071,28.4968821],[76.9951039,28.4968629],[76.9951012,28.4968517],[76.9949616,28.4963113],[76.9950688,28.4962296],[76.9955416,28.4958662],[76.9963255,28.4952823],[76.9982053,28.4938917],[76.9983694,28.4937719],[76.9984864,28.4937197],[77.0002828,28.495543],[77.0003159,28.4955751],[77.0074106,28.5021415]]]}},{"type":"Feature","properties":{"sector":"P7","density":"","class":"600","classtext":"600 Public and Semi Public Use","code":600,"val":"","codetext":"","area":1506276,"labelLat":28.3290135,"labelLng":76.8982643},"geometry":{"type":"Polygon","coordinates":[[[76.8950367,28.3207382],[76.9023526,28.3267854],[76.9023927,28.3268173],[76.9024751,28.3268755],[76.9025623,28.326928],[76.9026538,28.3269744],[76.902749,28.3270145],[76.9027704,28.3270224],[76.9086946,28.3291697],[76.9069908,28.3335113],[76.8947936,28.3330377],[76.8947865,28.3330376],[76.8947431,28.3330368],[76.8882511,28.3327834],[76.8886634,28.3319862],[76.8898471,28.3303525],[76.8898569,28.3303385],[76.8899248,28.3302378],[76.8899346,28.3302226],[76.8919555,28.3269894],[76.8919662,28.3269715],[76.8920348,28.3268514],[76.8920397,28.3268426],[76.8920447,28.3268332],[76.8942946,28.3224987],[76.8943041,28.3224793],[76.8943634,28.3223523],[76.8943718,28.3223331],[76.8950367,28.3207382]]]}},{"type":"Feature","properties":{"sector":"P2","density":"","class":"600","classtext":"600 Public and Semi Public Use","code":600,"val":"","codetext":"","area":1454624,"labelLat":28.3404975,"labelLng":76.9137512},"geometry":{"type":"Polygon","coordinates":[[[76.9181465,28.3347279],[76.9181129,28.3347615],[76.9179217,28.3361394],[76.9191928,28.3371912],[76.9206797,28.3382399],[76.9211025,28.3401441],[76.9211307,28.3417099],[76.9198159,28.3430273],[76.9179021,28.3446587],[76.91524,28.3454984],[76.9095275,28.3477861],[76.909512,28.3470608],[76.909507,28.3470171],[76.9094938,28.346974],[76.9094728,28.3469333],[76.9094445,28.3468963],[76.9094097,28.3468639],[76.9093693,28.346837],[76.9093245,28.3468163],[76.9092765,28.3468025],[76.9092265,28.3467958],[76.9092018,28.3467952],[76.9078331,28.3468119],[76.9075551,28.3355726],[76.9095226,28.335523],[76.9111399,28.3365065],[76.9111499,28.3365124],[76.9111947,28.336533],[76.9112427,28.3365469],[76.9112927,28.3365535],[76.9113328,28.3365536],[76.914007,28.3364015],[76.9140175,28.3364007],[76.9140672,28.3363926],[76.9141147,28.3363775],[76.9141588,28.3363556],[76.9141982,28.3363276],[76.9142318,28.3362942],[76.9142587,28.3362564],[76.9142783,28.3362152],[76.9142899,28.3361716],[76.9142923,28.3361537],[76.9146607,28.3322289],[76.9147057,28.3317487],[76.9169183,28.3332141],[76.9172414,28.3335119],[76.9181465,28.3347279]]]}},{"type":"Feature","properties":{"sector":"P1","density":"","class":"600","classtext":"600 Public and Semi Public Use","code":600,"val":"","codetext":"","area":338068,"labelLat":28.3329661,"labelLng":76.9109702},"geometry":{"type":"Polygon","coordinates":[[[76.9141277,28.3313659],[76.9137717,28.3351589],[76.9137044,28.3358762],[76.9113992,28.3360073],[76.910308,28.3353438],[76.9097869,28.3350269],[76.9097769,28.335021],[76.9097321,28.3350004],[76.9096841,28.3349865],[76.9096341,28.3349799],[76.9096049,28.3349794],[76.9075417,28.3350313],[76.9075121,28.3338333],[76.9076081,28.3335887],[76.9092616,28.3293753],[76.9093954,28.3294237],[76.9105355,28.3298959],[76.910577,28.3299124],[76.9137382,28.3311079],[76.9141277,28.3313659]]]}},{"type":"Feature","properties":{"sector":"36","density":"","class":"300","classtext":"300 Industrial","code":300,"val":"320/330/340","codetext":"","area":479114,"labelLat":28.4194383,"labelLng":76.9946273},"geometry":{"type":"Polygon","coordinates":[[[76.9996688,28.4254852],[76.9967292,28.4270597],[76.9966208,28.4271178],[76.9958071,28.4263375],[76.9957856,28.4263188],[76.9957451,28.4262919],[76.9957003,28.4262713],[76.9956701,28.4262627],[76.9955178,28.4251435],[76.9955163,28.4251352],[76.9952151,28.4238485],[76.9952129,28.4238408],[76.9946471,28.4220819],[76.9946437,28.4220728],[76.9946425,28.42207],[76.993159,28.4189056],[76.9931576,28.4189028],[76.9920858,28.4167885],[76.9920785,28.4167763],[76.9913025,28.4156739],[76.9908875,28.4147774],[76.9898317,28.4122294],[76.9896859,28.4115433],[76.9897143,28.4115305],[76.9914052,28.4107677],[76.9926188,28.4129923],[76.9945559,28.4165885],[76.9945633,28.4166021],[76.9991253,28.4248068],[76.9991373,28.424828],[76.9991893,28.4249092],[76.9992481,28.4249867],[76.9992574,28.4249978],[76.9996688,28.4254852]]]}},{"type":"Feature","properties":{"sector":"","density":"","class":"800","classtext":"800 Aggriculture Zone","code":800,"val":"","codetext":"","area":724877,"labelLat":28.4753291,"labelLng":76.9284723},"geometry":{"type":"Polygon","coordinates":[[[76.9292689,28.4781966],[76.9255404,28.4782541],[76.9206316,28.478293],[76.92062,28.4782933],[76.9196694,28.478322],[76.9196624,28.4783222],[76.9196014,28.4783285],[76.9195419,28.4783419],[76.9195328,28.4783447],[76.9190685,28.4784887],[76.9190207,28.4785063],[76.9190136,28.4785094],[76.9186867,28.4786553],[76.9200361,28.4769037],[76.9213914,28.4751277],[76.9222765,28.4739813],[76.9225173,28.4736731],[76.9227418,28.4734896],[76.922918,28.4733512],[76.9233465,28.4731258],[76.9234654,28.4730922],[76.9239541,28.4729814],[76.9245612,28.4728504],[76.9247945,28.4728032],[76.9256215,28.4728042],[76.9274081,28.4728312],[76.9274178,28.4728313],[76.9274327,28.4728314],[76.9275249,28.4743243],[76.9270093,28.4744997],[76.9271194,28.4748496],[76.9278614,28.4747627],[76.9282169,28.4752924],[76.9297905,28.4752854],[76.9297733,28.4743382],[76.9301009,28.4742877],[76.9300575,28.4728305],[76.9304164,28.4728318],[76.9310685,28.4728295],[76.9317659,28.4728593],[76.9331142,28.4729115],[76.9345127,28.4729844],[76.9345289,28.4729851],[76.9355824,28.4730155],[76.9356076,28.4730159],[76.9360498,28.4730143],[76.9375074,28.4730127],[76.9390809,28.4730022],[76.9418911,28.4729717],[76.942789,28.4729579],[76.9416283,28.4733165],[76.9313136,28.4766723],[76.9306666,28.4767579],[76.9302776,28.4767634],[76.9300099,28.4763088],[76.9293637,28.4764326],[76.9291929,28.4765496],[76.9288094,28.4768607],[76.9287711,28.4771286],[76.9288603,28.4772801],[76.9291677,28.4775432],[76.9293434,28.4776935],[76.9293085,28.4781524],[76.9292689,28.4781966]]]}},{"type":"Feature","properties":{"sector":"","density":"","class":"800","classtext":"800 Aggriculture Zone","code":800,"val":"","codetext":"","area":2793397,"labelLat":28.4976193,"labelLng":76.9584687},"geometry":{"type":"MultiPolygon","coordinates":[[[[76.9728548,28.4931557],[76.9728585,28.4931615],[76.9728902,28.4932022],[76.9729033,28.4932148],[76.960943,28.5025684],[76.9560262,28.5064129],[76.9540769,28.5051773],[76.9520992,28.5046327],[76.9446337,28.5044746],[76.9446294,28.5044107],[76.9446273,28.504393],[76.9446134,28.5043118],[76.9445946,28.5042427],[76.9445891,28.5042252],[76.944586,28.5042158],[76.9445625,28.5041535],[76.9440396,28.5029199],[76.9458179,28.5008496],[76.9458401,28.5008227],[76.9458595,28.5007974],[76.945869,28.5007846],[76.9458989,28.5007415],[76.945941,28.5006696],[76.9459463,28.5006594],[76.945955,28.5006421],[76.9459843,28.5005775],[76.9460112,28.5005001],[76.9460131,28.5004935],[76.9460183,28.5004752],[76.9460354,28.5004026],[76.9460463,28.500321],[76.9460479,28.5003011],[76.9460504,28.5002224],[76.946045,28.5001438],[76.9460427,28.5001239],[76.9460288,28.5000428],[76.9460091,28.4999706],[76.9460034,28.4999531],[76.9479494,28.4987723],[76.9483554,28.497334],[76.9501127,28.4959001],[76.9521194,28.4947969],[76.9550384,28.4933463],[76.9586289,28.4916711],[76.9612505,28.491681],[76.9612319,28.4906785],[76.9632591,28.490697],[76.9643899,28.4904658],[76.9643762,28.4897258],[76.9660499,28.48963],[76.9671833,28.489542],[76.9678042,28.4895091],[76.9683933,28.4892141],[76.968768,28.4890177],[76.9702309,28.4889942],[76.9728548,28.4931557]]],[[[76.9651794,28.478745],[76.9651658,28.4787508],[76.9651618,28.478753],[76.9645197,28.4791231],[76.9645064,28.479132],[76.9645043,28.4791336],[76.9628551,28.4804554],[76.9628432,28.4804665],[76.9624282,28.4809087],[76.9623666,28.4775811],[76.9634408,28.475271],[76.9651794,28.478745]]]]}},{"type":"Feature","properties":{"sector":"87","density":"","class":"700","classtext":"700 Open Spaces","code":700,"val":"320/330/340","codetext":"","area":40801,"labelLat":28.3831673,"labelLng":76.9270571},"geometry":{"type":"Polygon","coordinates":[[[76.9281689,28.382904],[76.9283588,28.3830659],[76.9282045,28.3832547],[76.9281777,28.3832875],[76.9268678,28.3848911],[76.9259624,28.3825025],[76.9265917,28.3819351],[76.9268345,28.3817661],[76.9281689,28.382904]]]}},{"type":"Feature","properties":{"sector":"34","density":"","class":"300","classtext":"300 Industrial","code":300,"val":"320/330/340","codetext":"","area":690831,"labelLat":28.4313951,"labelLng":77.0123007},"geometry":{"type":"MultiPolygon","coordinates":[[[[77.0170952,28.4310326],[77.0169087,28.4311559],[77.0153373,28.4321965],[77.0140885,28.4330271],[77.0127633,28.4339131],[77.0116181,28.4346703],[77.0110857,28.4349835],[77.0072222,28.4303729],[77.0072318,28.43037],[77.0092381,28.4298093],[77.0118136,28.4296193],[77.0118267,28.4296177],[77.0118362,28.4296157],[77.0129975,28.4293311],[77.0130086,28.4293279],[77.0130214,28.4293228],[77.0140496,28.4288492],[77.014056,28.428846],[77.0140733,28.4288349],[77.014088,28.4288215],[77.0147655,28.4280856],[77.0147686,28.4280821],[77.0148191,28.4280223],[77.0170952,28.4310326]]],[[[77.0113695,28.4244446],[77.0117689,28.4241226],[77.0121062,28.4238506],[77.0122706,28.4237181],[77.0153842,28.4270217],[77.0153051,28.4270874],[77.0152938,28.4270981],[77.0152908,28.4271015],[77.0145738,28.4279508],[77.013914,28.4286675],[77.0129197,28.4291255],[77.0117818,28.4294043],[77.0092041,28.4295945],[77.009191,28.4295961],[77.0091773,28.4295992],[77.0071558,28.4301642],[77.007069,28.4301901],[77.005956,28.4288618],[77.0067464,28.4282576],[77.0067519,28.4282533],[77.007687,28.4275032],[77.0089556,28.4264629],[77.0089657,28.4264541],[77.0097367,28.4257518],[77.0113695,28.4244446]]]]}},{"type":"Feature","properties":{"sector":"72","density":"","class":"700","classtext":"700 Open Spaces","code":700,"val":"710/720/740/760","codetext":"","area":784602,"labelLat":28.4082135,"labelLng":77.0317721},"geometry":{"type":"Polygon","coordinates":[[[77.0349244,28.4092018],[77.0349052,28.4092101],[77.0348879,28.4092212],[77.0348731,28.4092348],[77.0348614,28.40925],[77.0342741,28.4101758],[77.0342662,28.410191],[77.0339769,28.4108829],[77.033976,28.4108851],[77.0339709,28.4109034],[77.0339695,28.4109151],[77.0339381,28.4114739],[77.0336619,28.4122114],[77.0333781,28.4125454],[77.0333689,28.4125579],[77.0333602,28.4125751],[77.0333551,28.4125934],[77.0333537,28.4126059],[77.0333229,28.4132558],[77.0333228,28.4132621],[77.0333243,28.4132774],[77.0335165,28.4143386],[77.0335293,28.4145421],[77.0245214,28.4145326],[77.0247171,28.4143651],[77.0247355,28.414348],[77.0265466,28.4125021],[77.0276935,28.4120345],[77.0298898,28.4111388],[77.0299333,28.4111171],[77.0299727,28.4110891],[77.0300063,28.4110557],[77.0300332,28.4110178],[77.0300528,28.4109766],[77.0300643,28.4109331],[77.0300677,28.4108981],[77.0302234,28.4034714],[77.0302707,28.4012159],[77.0308589,28.4011662],[77.0317473,28.4011917],[77.033942,28.4013657],[77.036753,28.4015953],[77.0364263,28.4022893],[77.0352996,28.4043689],[77.0345111,28.4071884],[77.0349244,28.4092018]]]}},{"type":"Feature","properties":{"sector":"69","density":"250","class":"100","classtext":"100 Residential (Group Housing/Plotted)","code":100,"val":"100/250","codetext":"","area":2129956,"labelLat":28.3940072,"labelLng":77.0383893},"geometry":{"type":"Polygon","coordinates":[[[77.0490882,28.389973],[77.0489427,28.3901838],[77.0484416,28.3908159],[77.0484381,28.3908203],[77.047996,28.3913913],[77.0479681,28.3914257],[77.047955,28.3914428],[77.0477746,28.391674],[77.0473763,28.392183],[77.0473495,28.3922162],[77.0473355,28.3922347],[77.0470514,28.392596],[77.0470468,28.3926019],[77.0466228,28.3931574],[77.0466131,28.3931705],[77.0465926,28.3932012],[77.0463491,28.3935964],[77.046335,28.3936207],[77.0463096,28.3936747],[77.0461568,28.3940563],[77.0461439,28.394093],[77.0459737,28.3946471],[77.0459672,28.3946703],[77.0455304,28.3963884],[77.0451539,28.3978617],[77.0447674,28.3993654],[77.0447085,28.3995917],[77.0444361,28.4006289],[77.0408061,28.4005665],[77.0407979,28.4005664],[77.0407713,28.4005666],[77.0404026,28.4005751],[77.0394489,28.4005058],[77.0372796,28.4002794],[77.0372624,28.4002778],[77.0340808,28.4000179],[77.0318623,28.399842],[77.0318187,28.3998397],[77.0308597,28.3998122],[77.0308417,28.3998119],[77.0307626,28.3998149],[77.0301961,28.3998627],[77.029996,28.3881621],[77.0367241,28.3880009],[77.038687,28.3887498],[77.0387366,28.3887641],[77.0387866,28.3887708],[77.0388365,28.3887701],[77.0398194,28.3886851],[77.0411898,28.3885667],[77.0421006,28.388488],[77.0433213,28.3884514],[77.0437381,28.3884731],[77.0465209,28.3886178],[77.0489217,28.3887426],[77.0489491,28.388743],[77.0491288,28.388738],[77.0490882,28.389973]]]}},{"type":"Feature","properties":{"sector":"48","density":"250","class":"100","classtext":"100 Residential (Group Housing/Plotted)","code":100,"val":"100/250","codetext":"","area":1990447,"labelLat":28.4155001,"labelLng":77.0369233},"geometry":{"type":"MultiPolygon","coordinates":[[[[77.04408,28.4019764],[77.0436606,28.4035216],[77.043659,28.4035278],[77.0432229,28.4052226],[77.0428264,28.4066495],[77.0426066,28.4073852],[77.0416534,28.4106504],[77.0410075,28.4128655],[77.0403184,28.4152095],[77.0397851,28.4170065],[77.0397061,28.4172725],[77.0396665,28.4174061],[77.0390574,28.4194598],[77.0382942,28.42207],[77.0376582,28.4242518],[77.0369612,28.4266151],[77.036563,28.4279602],[77.0365591,28.4279743],[77.0365531,28.4279968],[77.036482,28.4282496],[77.0349456,28.4278953],[77.0313403,28.4270451],[77.0283195,28.4262879],[77.0282883,28.4262806],[77.0317345,28.4219104],[77.0317511,28.421906],[77.0317703,28.4218977],[77.0317876,28.4218866],[77.0318024,28.4218731],[77.0318144,28.4218574],[77.0318158,28.4218551],[77.0320669,28.4214311],[77.0320742,28.4214162],[77.032076,28.4214114],[77.0328512,28.4190727],[77.033428,28.417653],[77.0334296,28.4176487],[77.0338799,28.4163431],[77.0338837,28.4163286],[77.0338852,28.4163097],[77.0338851,28.4163056],[77.0337607,28.414321],[77.0337594,28.4143099],[77.0335681,28.4132539],[77.0335968,28.4126486],[77.0338697,28.4123272],[77.0338789,28.4123148],[77.0338878,28.4122969],[77.0341758,28.411528],[77.0341805,28.4115109],[77.0341819,28.4114993],[77.0342132,28.4109424],[77.0344925,28.410274],[77.0350502,28.409395],[77.0358184,28.409204],[77.035829,28.4092008],[77.0358482,28.4091926],[77.0358655,28.4091815],[77.0358691,28.4091786],[77.0363369,28.4087896],[77.0363481,28.4087789],[77.0363551,28.4087706],[77.0367534,28.4082392],[77.0368185,28.4081524],[77.0368235,28.4081451],[77.0368322,28.4081279],[77.0368365,28.4081141],[77.0368774,28.4079355],[77.0370032,28.407386],[77.0370041,28.4073815],[77.0370056,28.4073655],[77.0370149,28.4064491],[77.0370195,28.4059946],[77.0376242,28.4054083],[77.0376289,28.4054035],[77.0376408,28.4053879],[77.0376495,28.4053707],[77.0376547,28.4053523],[77.0376562,28.4053378],[77.0376685,28.4048484],[77.0379369,28.4037521],[77.0392066,28.4028357],[77.0401423,28.4027222],[77.040149,28.4027212],[77.0401695,28.402716],[77.0401887,28.4027077],[77.0402059,28.4026966],[77.0402208,28.4026831],[77.0402302,28.4026713],[77.0407307,28.4019213],[77.0407937,28.4019199],[77.04408,28.4019764]]],[[[77.0400514,28.4025146],[77.0391392,28.4026253],[77.0391326,28.4026263],[77.039112,28.4026315],[77.0390929,28.4026397],[77.0390784,28.4026487],[77.0381017,28.4033537],[77.0377489,28.4036083],[77.037746,28.4036104],[77.0377312,28.403624],[77.0377193,28.4036397],[77.0377106,28.4036569],[77.0377066,28.4036693],[77.0374267,28.4048127],[77.0374254,28.4048187],[77.0374239,28.4048332],[77.0374124,28.4052924],[77.036807,28.4058793],[77.0368024,28.4058841],[77.0367904,28.4058997],[77.0367817,28.405917],[77.0367766,28.4059353],[77.0367751,28.4059513],[77.03677,28.4064472],[77.0367608,28.4073532],[77.0366012,28.4080504],[77.0361588,28.4086405],[77.0357232,28.4090027],[77.034935,28.4091987],[77.0349244,28.4092018],[77.0345111,28.4071884],[77.0352996,28.4043689],[77.0364263,28.4022893],[77.036753,28.4015953],[77.037112,28.4016246],[77.0392829,28.4018512],[77.03931,28.4018536],[77.0403186,28.4019269],[77.0403351,28.4019279],[77.0404011,28.4019289],[77.0404569,28.4019276],[77.0400514,28.4025146]]]]}},{"type":"Feature","properties":{"sector":"97","density":"","class":"400","classtext":"400 Transport and Communication","code":400,"val":"400","codetext":"","area":1854288,"labelLat":28.4059657,"labelLng":76.8762348},"geometry":{"type":"MultiPolygon","coordinates":[[[[76.8808189,28.4125449],[76.8808103,28.4125519],[76.8808005,28.4125605],[76.8807828,28.4125767],[76.880759,28.4126014],[76.88075,28.4126126],[76.880735,28.4126321],[76.8807224,28.4126508],[76.8767915,28.410696],[76.8767778,28.4105628],[76.8767201,28.4103535],[76.8767065,28.4101913],[76.8765944,28.4099637],[76.8763445,28.4098811],[76.8761707,28.4098262],[76.8759466,28.4099821],[76.8758035,28.4102046],[76.8693422,28.4069908],[76.8693421,28.4069724],[76.8693416,28.4069547],[76.8691941,28.401806],[76.8691268,28.397195],[76.869513,28.3974516],[76.8708415,28.3983986],[76.8720155,28.3994518],[76.8720705,28.399496],[76.8741105,28.4009566],[76.8741629,28.4009906],[76.8760038,28.4020715],[76.8783214,28.4035267],[76.8783426,28.4035395],[76.8783576,28.403548],[76.8794963,28.4041712],[76.8795457,28.4041958],[76.8795768,28.404209],[76.8808712,28.4047226],[76.8817006,28.405102],[76.8819174,28.4052255],[76.8826253,28.4057298],[76.884219,28.4069128],[76.8842242,28.4069166],[76.8842521,28.4069359],[76.8856029,28.4078197],[76.885635,28.4078395],[76.8856439,28.4078446],[76.8863503,28.4082404],[76.8808189,28.4125449]]],[[[76.8655286,28.3950255],[76.8655275,28.3950415],[76.8655251,28.3951368],[76.865623,28.4018596],[76.8656234,28.4018746],[76.8657519,28.4054129],[76.8559824,28.4004431],[76.8655406,28.3948726],[76.8655286,28.3950255]]]]}},{"type":"Feature","properties":{"sector":"","density":"","class":"850","classtext":"800 Aggriculture Zone","code":800,"val":"","codetext":"","area":1552102,"labelLat":28.3319537,"labelLng":76.9287306},"geometry":{"type":"Polygon","coordinates":[[[76.9429524,28.3366685],[76.941262,28.3367575],[76.940166,28.3349349],[76.9377425,28.335757],[76.9375642,28.335656],[76.9367627,28.3352016],[76.9367497,28.3351944],[76.9366582,28.335148],[76.936563,28.3351079],[76.9364645,28.3350744],[76.9364552,28.3350716],[76.9355987,28.3348192],[76.9355071,28.3347952],[76.935404,28.3347754],[76.9352995,28.3347627],[76.9352794,28.3347611],[76.9343348,28.3346905],[76.9342496,28.3346864],[76.9341441,28.3346879],[76.9340627,28.334694],[76.932806,28.334821],[76.9327824,28.3348235],[76.9327546,28.334827],[76.9308383,28.3350856],[76.9307951,28.3350921],[76.9252222,28.3360055],[76.9243479,28.3359699],[76.9232452,28.3357258],[76.9226991,28.3355311],[76.9221105,28.3351939],[76.9214629,28.3346513],[76.920921,28.3340261],[76.9194716,28.3320789],[76.9194352,28.3320323],[76.9193699,28.331959],[76.919315,28.3319053],[76.9188267,28.3314551],[76.9188101,28.3314402],[76.918733,28.3313765],[76.9186584,28.3313235],[76.915256,28.32907],[76.9152481,28.3290649],[76.916032,28.3285423],[76.9167432,28.328475],[76.9182971,28.3284532],[76.9212023,28.3279539],[76.9239811,28.3276282],[76.9255997,28.3276054],[76.9278544,28.3269432],[76.9289361,28.3265978],[76.928925,28.3267293],[76.9315648,28.3294616],[76.9340766,28.330809],[76.9358455,28.3319299],[76.9370078,28.3317415],[76.9381033,28.3314395],[76.9394619,28.3313628],[76.9397219,28.3314165],[76.9407672,28.3319173],[76.9421493,28.3335187],[76.9435547,28.3366592],[76.9429855,28.3366673],[76.9429524,28.3366685]]]}},{"type":"Feature","properties":{"sector":"25","density":"250","class":"100","classtext":"100 Residential (Group Housing/Plotted)","code":100,"val":"100/250","codetext":"","area":2051817,"labelLat":28.4859284,"labelLng":77.0854209},"geometry":{"type":"Polygon","coordinates":[[[77.0900672,28.4808951],[77.091091,28.4810713],[77.0944928,28.4818595],[77.0944957,28.4818645],[77.0946334,28.4834942],[77.0948035,28.4854373],[77.094772,28.4857924],[77.0946596,28.4860126],[77.0944597,28.4862114],[77.0940576,28.4865223],[77.0935683,28.4868278],[77.0917367,28.4879789],[77.0917284,28.4879844],[77.0901817,28.4890276],[77.0901562,28.4890468],[77.090127,28.4890751],[77.0895493,28.4897223],[77.0895449,28.4897274],[77.0895179,28.4897652],[77.0894984,28.4898065],[77.0894868,28.48985],[77.0894835,28.4898946],[77.0894886,28.4899391],[77.0895019,28.4899822],[77.0895067,28.4899915],[77.0895215,28.4900205],[77.09058,28.4917172],[77.0919259,28.4944546],[77.0923917,28.4953916],[77.0923041,28.4957259],[77.0921571,28.4958942],[77.0898566,28.4974808],[77.0869192,28.4943742],[77.0869087,28.4943633],[77.0868516,28.4943043],[77.0826539,28.4899739],[77.0726295,28.4794916],[77.0720936,28.4788824],[77.0720534,28.4788389],[77.0719818,28.4787703],[77.0719654,28.478756],[77.0713113,28.4781948],[77.0718238,28.4782935],[77.0729223,28.4784933],[77.0743492,28.4787533],[77.0795314,28.4796661],[77.0795348,28.4796666],[77.0839292,28.4803504],[77.0860368,28.4806545],[77.0860395,28.4806549],[77.0870259,28.4807791],[77.0870378,28.4807802],[77.0877325,28.4808196],[77.087745,28.4808198],[77.0877503,28.4808196],[77.0887682,28.4807728],[77.089265,28.4807652],[77.0900672,28.4808951]]]}},{"type":"Feature","properties":{"sector":"","density":"","class":"900","classtext":"900 Special Zone","code":900,"val":"","codetext":"","area":147017,"labelLat":28.5141773,"labelLng":77.0889058},"geometry":{"type":"Polygon","coordinates":[[[77.08467,28.515682],[77.0866833,28.5144602],[77.0885473,28.5133094],[77.0903043,28.5122417],[77.0903171,28.512233],[77.090472,28.5121157],[77.0904777,28.5121111],[77.0916345,28.5111348],[77.0917519,28.5110741],[77.0915777,28.5117152],[77.0915705,28.5117427],[77.0915522,28.5118346],[77.091542,28.5119275],[77.0915396,28.5119875],[77.0915321,28.5126616],[77.0915323,28.5126948],[77.0915381,28.512788],[77.0915476,28.5128561],[77.0917122,28.5138155],[77.0917167,28.5138398],[77.0917386,28.5139311],[77.0917684,28.5140206],[77.0917752,28.5140382],[77.0919266,28.5144171],[77.0919281,28.5144206],[77.0896952,28.515037],[77.0874433,28.5156602],[77.0856194,28.5163078],[77.0852191,28.5164498],[77.08467,28.515682]]]}},{"type":"Feature","properties":{"sector":"20","density":"","class":"300","classtext":"300 Industrial","code":300,"val":"320/330","codetext":"","area":1465233,"labelLat":28.51011,"labelLng":77.0854041},"geometry":{"type":"MultiPolygon","coordinates":[[[[77.0912332,28.5029527],[77.0931665,28.505311],[77.0935095,28.505842],[77.09361,28.506117],[77.0937187,28.5066983],[77.0936508,28.5074467],[77.0934898,28.5078612],[77.0931919,28.5084058],[77.0923277,28.5098882],[77.0923075,28.5099244],[77.0923028,28.5099332],[77.0919117,28.5106779],[77.0914635,28.5109096],[77.0914412,28.5109238],[77.0914358,28.5109281],[77.090269,28.5119129],[77.0901239,28.5120228],[77.0883727,28.513087],[77.0865088,28.5142376],[77.0843152,28.5155689],[77.0825313,28.5165921],[77.0816416,28.5169357],[77.0807618,28.5172738],[77.0807545,28.5172768],[77.0804707,28.5174019],[77.080467,28.5173973],[77.080101,28.516968],[77.0800895,28.5169551],[77.0800804,28.5169456],[77.0795142,28.5163713],[77.0791931,28.5160366],[77.0791562,28.5160025],[77.07914,28.5159897],[77.0786593,28.5156291],[77.0783912,28.5153955],[77.0778361,28.514912],[77.0773032,28.5143775],[77.0766817,28.5137506],[77.07667,28.5137392],[77.0762412,28.5133383],[77.0759812,28.5130723],[77.0755632,28.5126305],[77.0753879,28.5124328],[77.0753213,28.5123239],[77.0751208,28.5119988],[77.0750574,28.5118632],[77.0759769,28.5116257],[77.0774542,28.5114439],[77.0774623,28.5114427],[77.077488,28.5114362],[77.077512,28.5114259],[77.0775325,28.5114128],[77.0797817,28.5097174],[77.0800973,28.5094869],[77.0825042,28.5077291],[77.0843552,28.5063771],[77.0858705,28.5052703],[77.0879521,28.5037498],[77.0896072,28.5025408],[77.09037,28.5019836],[77.0912332,28.5029527]]],[[[77.0852191,28.5164498],[77.0810167,28.5178091],[77.0808002,28.5178673],[77.0807846,28.5178298],[77.080756,28.5177818],[77.0807478,28.5177705],[77.0806417,28.517629],[77.0808877,28.5175206],[77.0817641,28.5171838],[77.0826656,28.5168357],[77.0826831,28.5168277],[77.0826877,28.5168252],[77.0844838,28.5157949],[77.0844872,28.515793],[77.08467,28.515682],[77.0852191,28.5164498]]]]}},{"type":"Feature","properties":{"sector":"36 A","density":"","class":"700","classtext":"700 Open Spaces","code":700,"val":"","codetext":"","area":3351,"labelLat":28.4056116,"labelLng":76.9884206},"geometry":{"type":"Polygon","coordinates":[[[76.9887845,28.4059792],[76.9884467,28.4061873],[76.9881229,28.4050453],[76.9880978,28.4047632],[76.9887845,28.4059792]]]}},{"type":"Feature","properties":{"sector":"99 A","density":"","class":"200","classtext":"200 Commercial","code":200,"val":"250/100","codetext":"","area":547937,"labelLat":28.4505059,"labelLng":76.9533524},"geometry":{"type":"Polygon","coordinates":[[[76.9600888,28.4522231],[76.9600922,28.4522728],[76.9601059,28.4523546],[76.9601276,28.452435],[76.9601358,28.4524565],[76.9582792,28.455648],[76.9469042,28.4487012],[76.9468941,28.4486956],[76.9468746,28.4486879],[76.9468538,28.4486833],[76.9468502,28.4486831],[76.9473656,28.4451511],[76.9575073,28.4507831],[76.9598857,28.4521094],[76.9600888,28.4522231]]]}},{"type":"Feature","properties":{"sector":"99","density":"250","class":"100","classtext":"100 Residential (Group Housing/Plotted)","code":100,"val":"100/250","codetext":"","area":1030237,"labelLat":28.4627267,"labelLng":76.9636881},"geometry":{"type":"MultiPolygon","coordinates":[[[[76.9643693,28.4577224],[76.9682936,28.4641332],[76.961513,28.4680928],[76.9614201,28.4677372],[76.9603088,28.4635643],[76.9603317,28.4625188],[76.9605667,28.4615867],[76.9616505,28.4599038],[76.9616562,28.4598937],[76.963336,28.456458],[76.9643693,28.4577224]]],[[[76.9689721,28.4652414],[76.9689955,28.4652777],[76.969047,28.4653467],[76.9690782,28.4653828],[76.9711167,28.4676324],[76.9685279,28.4697441],[76.9683544,28.4697851],[76.9619983,28.4699493],[76.9615866,28.4683743],[76.9684399,28.4643722],[76.9689721,28.4652414]]],[[[76.960811,28.4533679],[76.9610121,28.4536141],[76.963169,28.4562536],[76.9618267,28.4589989],[76.9586794,28.4570321],[76.9608109,28.4533679],[76.960811,28.4533679]]],[[[76.9617485,28.4699557],[76.961191,28.4699701],[76.9607208,28.4699823],[76.9606924,28.4699835],[76.9606329,28.4699901],[76.9598932,28.4693619],[76.9599004,28.4693588],[76.9599061,28.4693556],[76.9613684,28.4685017],[76.9617485,28.4699557]]]]}},{"type":"Feature","properties":{"sector":"99","density":"","class":"700","classtext":"700 Open Spaces","code":700,"val":"","codetext":"","area":522725,"labelLat":28.4632266,"labelLng":76.9583977},"geometry":{"type":"Polygon","coordinates":[[[76.9618267,28.4589989],[76.9614339,28.4598023],[76.9603443,28.4614942],[76.9603353,28.461512],[76.9603315,28.4615238],[76.9600899,28.4624823],[76.9600885,28.4624888],[76.960087,28.4625037],[76.9600635,28.4635737],[76.9600635,28.4635775],[76.9600657,28.4635963],[76.9600667,28.4636006],[76.9611814,28.4677864],[76.9612948,28.4682202],[76.9597372,28.4691298],[76.9597213,28.4691404],[76.9597028,28.4691574],[76.9596878,28.4691769],[76.9596841,28.4691843],[76.9589821,28.468588],[76.9544805,28.4647894],[76.9544282,28.4647452],[76.9543308,28.464663],[76.9541912,28.4645452],[76.9542966,28.4643246],[76.9543014,28.4643146],[76.9569869,28.4599412],[76.9569909,28.4599346],[76.9586794,28.4570321],[76.9618267,28.4589989]]]}},{"type":"Feature","properties":{"sector":"","density":"","class":"800","classtext":"800 Aggriculture Zone","code":800,"val":"","codetext":"","area":5546499,"labelLat":28.4750393,"labelLng":76.8969822},"geometry":{"type":"Polygon","coordinates":[[[76.921842,28.4725666],[76.9218208,28.4725833],[76.9218109,28.4725913],[76.9215254,28.4728245],[76.9214855,28.4728599],[76.9214381,28.4729109],[76.9214262,28.4729256],[76.9211399,28.4732921],[76.9202507,28.4744438],[76.9188947,28.4762206],[76.9173854,28.4781798],[76.9170901,28.478546],[76.9167317,28.4788863],[76.916561,28.4790168],[76.9163694,28.479125],[76.915879,28.4793558],[76.9148096,28.4798253],[76.9133467,28.4804628],[76.9120753,28.4810221],[76.9105045,28.481692],[76.9104969,28.4816953],[76.9089828,28.4823612],[76.9070353,28.4832012],[76.9070211,28.4832075],[76.9058993,28.48372],[76.9048047,28.4841875],[76.90287,28.48503],[76.8998308,28.4863271],[76.8971767,28.4874726],[76.8971431,28.4874871],[76.8971132,28.4875009],[76.8970498,28.4875357],[76.8970368,28.4875448],[76.8903661,28.4795555],[76.8894766,28.4784901],[76.8890717,28.4776062],[76.8884703,28.4762931],[76.8884012,28.4761424],[76.8883271,28.4755359],[76.8882365,28.4747957],[76.8881382,28.4739915],[76.8855809,28.4751064],[76.8852233,28.475292],[76.8839711,28.4759747],[76.8837473,28.476169],[76.8833811,28.476487],[76.8823482,28.4773838],[76.8779874,28.4713145],[76.8718096,28.4710788],[76.8691217,28.4645522],[76.8694663,28.4645728],[76.8699091,28.4646168],[76.8706071,28.464745],[76.8754818,28.4656406],[76.8821443,28.4669655],[76.8851157,28.4675562],[76.8875812,28.4680316],[76.8902856,28.46857],[76.8917716,28.4688598],[76.8917852,28.4688623],[76.8931812,28.4691088],[76.8932154,28.469114],[76.8932325,28.4691161],[76.894049,28.4692044],[76.8940674,28.4692062],[76.8951868,28.4693003],[76.8957916,28.4693681],[76.895813,28.4693702],[76.8968316,28.4694558],[76.8983561,28.4695779],[76.8993899,28.4696843],[76.8994308,28.4696874],[76.9004438,28.4697379],[76.9012197,28.469834],[76.901251,28.4698372],[76.9022806,28.4699225],[76.9022896,28.4699232],[76.9037004,28.4700236],[76.9050845,28.4701952],[76.9059398,28.4703953],[76.9059607,28.4703998],[76.9068289,28.4705759],[76.9068747,28.4705838],[76.9078048,28.4707148],[76.9078126,28.4707158],[76.9078618,28.4707207],[76.9090915,28.4708021],[76.9098574,28.4708785],[76.9098785,28.4708803],[76.9114498,28.4709938],[76.9140723,28.471214],[76.9167046,28.4714567],[76.919643,28.4722018],[76.9196594,28.4722058],[76.9197069,28.4722151],[76.921842,28.4725666]]]}},{"type":"Feature","properties":{"sector":"","density":"","class":"800","classtext":"800 Aggriculture Zone","code":800,"val":"","codetext":"","area":15238853,"labelLat":28.4565643,"labelLng":76.924285},"geometry":{"type":"Polygon","coordinates":[[[76.9188084,28.4325581],[76.929234,28.4377437],[76.9288092,28.4383856],[76.9302014,28.4390076],[76.9306348,28.4384404],[76.9309166,28.4385806],[76.9309394,28.4385911],[76.9317179,28.4389291],[76.932606,28.4396547],[76.9345868,28.4416322],[76.9366594,28.4438947],[76.9372385,28.4436573],[76.937924,28.4433228],[76.9385651,28.4429317],[76.9398711,28.4434479],[76.9409165,28.4438914],[76.9412458,28.4441732],[76.9412535,28.4445933],[76.9405813,28.4456534],[76.9400813,28.4466729],[76.9432113,28.4476596],[76.9453883,28.4485262],[76.9460432,28.4489227],[76.9448804,28.4568894],[76.9448778,28.4569134],[76.9448787,28.4569628],[76.9448878,28.4570116],[76.9449047,28.4570586],[76.94493,28.4571041],[76.9466372,28.4596479],[76.9466673,28.4596864],[76.9467053,28.4597227],[76.9467165,28.4597315],[76.9529487,28.4644822],[76.9528621,28.4646976],[76.9500767,28.4716292],[76.9500606,28.4716294],[76.9483563,28.4716538],[76.9462583,28.4716791],[76.9440721,28.4717199],[76.9418707,28.4717537],[76.9390668,28.4717842],[76.9375015,28.4717946],[76.9360462,28.4717963],[76.9356148,28.4717978],[76.9345848,28.471768],[76.9331902,28.4716953],[76.9331798,28.4716948],[76.9318295,28.4716425],[76.931117,28.4716121],[76.93111,28.4716118],[76.931081,28.4716114],[76.9304165,28.4716137],[76.9296076,28.4716109],[76.9288608,28.4716049],[76.9288456,28.4716049],[76.9279839,28.4716147],[76.9274268,28.4716133],[76.9256398,28.4715862],[76.9256289,28.4715861],[76.9247691,28.4715851],[76.9231512,28.4713697],[76.9230758,28.4713635],[76.9230385,28.4713631],[76.9221353,28.4713759],[76.9199917,28.471023],[76.9170265,28.4702711],[76.9170102,28.4702671],[76.916937,28.470254],[76.9169079,28.4702507],[76.9142123,28.4700022],[76.9142059,28.4700016],[76.9115756,28.4697808],[76.9115666,28.4697801],[76.9100015,28.469667],[76.9092333,28.4695904],[76.9092075,28.4695883],[76.9079934,28.4695079],[76.9071147,28.4693841],[76.9062803,28.4692148],[76.9053961,28.4690081],[76.9053193,28.4689943],[76.9038718,28.4688148],[76.9038313,28.4688109],[76.9024048,28.4687094],[76.9013954,28.4686258],[76.9006068,28.4685281],[76.90055,28.4685232],[76.899529,28.4684723],[76.8985932,28.468376],[76.8990431,28.466672],[76.8958093,28.4671469],[76.8957851,28.4642821],[76.8950275,28.464221],[76.895069,28.462],[76.8956636,28.4620156],[76.8955891,28.4578383],[76.8970819,28.4565799],[76.8985735,28.4558715],[76.9000676,28.4553005],[76.9016686,28.4549114],[76.9021124,28.4536216],[76.9029816,28.4529218],[76.9049843,28.4517936],[76.9063087,28.4504456],[76.9082381,28.4481265],[76.9103665,28.4453461],[76.9114809,28.4438635],[76.9115739,28.4432663],[76.9119047,28.4414738],[76.9133894,28.4403986],[76.9140568,28.4400224],[76.9148798,28.4396441],[76.9152921,28.4395008],[76.9160608,28.4389857],[76.9164089,28.4381557],[76.9163488,28.4376981],[76.9162376,28.4372871],[76.916022,28.4368317],[76.9159586,28.4361908],[76.9164638,28.4354502],[76.9172843,28.4349344],[76.917992,28.4339159],[76.9188084,28.4325581]]]}},{"type":"Feature","properties":{"sector":"17","density":"","class":"600","classtext":"600 Public and Semi Public Use","code":600,"val":"650","codetext":"","area":523660,"labelLat":28.4824773,"labelLng":77.0586479},"geometry":{"type":"Polygon","coordinates":[[[77.067977,28.4787296],[77.0675665,28.4792129],[77.0670471,28.4791826],[77.0653659,28.4794373],[77.064529,28.4808634],[77.0637733,28.4820209],[77.0626197,28.482726],[77.0610815,28.4836661],[77.0593272,28.4846095],[77.0576907,28.4849398],[77.0549795,28.4874186],[77.0537903,28.4860277],[77.0529069,28.4850131],[77.050308,28.4820794],[77.0517876,28.4815147],[77.0525797,28.4822286],[77.0549011,28.4815441],[77.0566281,28.4836571],[77.0577744,28.4825702],[77.0595668,28.4813589],[77.0612845,28.4807599],[77.0630014,28.4801226],[77.0643748,28.4796052],[77.0638465,28.4791166],[77.0637028,28.478393],[77.0637721,28.4775134],[77.063938,28.4770471],[77.0641179,28.4770707],[77.0654699,28.4772813],[77.0664193,28.4774692],[77.0675969,28.4784035],[77.067977,28.4787296]]]}},{"type":"Feature","properties":{"sector":"104","density":"","class":"500","classtext":"500 Public Utilities","code":500,"val":"500","codetext":"","area":34944,"labelLat":28.4729698,"labelLng":76.9951409},"geometry":{"type":"Polygon","coordinates":[[[76.9964119,28.4728005],[76.9952815,28.4741479],[76.9938194,28.4732763],[76.9950788,28.4717258],[76.9953428,28.4719285],[76.9961372,28.4725382],[76.9964119,28.4728005]]]}},{"type":"Feature","properties":{"sector":"37 D","density":"","class":"200","classtext":"200 Commercial","code":200,"val":"","codetext":"","area":429043,"labelLat":28.4400849,"labelLng":76.9627493},"geometry":{"type":"Polygon","coordinates":[[[76.9639133,28.4487406],[76.962482,28.4496814],[76.9617061,28.4459237],[76.9613062,28.4421094],[76.9613347,28.4374648],[76.9621608,28.4313727],[76.9643393,28.4330706],[76.9643575,28.4330843],[76.9643963,28.4331105],[76.9646114,28.4332453],[76.9643698,28.4337531],[76.9643669,28.4337597],[76.9643617,28.433778],[76.9643605,28.4337872],[76.9640429,28.4376506],[76.9635621,28.4443814],[76.9635619,28.44439],[76.9635622,28.444396],[76.9638976,28.4485162],[76.9639133,28.4487406]]]}},{"type":"Feature","properties":{"sector":"36 A","density":"","class":"300","classtext":"300 Industrial","code":300,"val":"","codetext":"","area":36399,"labelLat":28.4094764,"labelLng":76.9901049},"geometry":{"type":"Polygon","coordinates":[[[76.9912721,28.4105239],[76.9897165,28.4112256],[76.9897274,28.4106002],[76.9897682,28.4097436],[76.9897683,28.4097357],[76.9897654,28.4097114],[76.9896222,28.4090953],[76.9896211,28.409091],[76.9893737,28.4081769],[76.9893696,28.4081645],[76.98909,28.4074447],[76.9891526,28.407402],[76.9894644,28.4072098],[76.9912721,28.4105239]]]}},{"type":"Feature","properties":{"sector":"36 A","density":"250","class":"100","classtext":"100 Residential (Group Housing/Plotted)","code":100,"val":"250/100","codetext":"","area":572642,"labelLat":28.4156986,"labelLng":76.9779514},"geometry":{"type":"Polygon","coordinates":[[[76.9641762,28.4207895],[76.9650774,28.4185829],[76.9665266,28.4190773],[76.9665973,28.419098],[76.9670622,28.4192122],[76.967098,28.4192209],[76.9675005,28.4193198],[76.9675484,28.41933],[76.9685515,28.4195139],[76.968582,28.4195189],[76.9685963,28.4195209],[76.9688471,28.4195533],[76.9692684,28.4196077],[76.9694756,28.4196344],[76.9695396,28.4196403],[76.9695655,28.4196413],[76.969957,28.4196506],[76.9705043,28.4196637],[76.9705573,28.4196634],[76.9706358,28.4196569],[76.9706999,28.4196461],[76.9707217,28.4196416],[76.9707218,28.4196416],[76.9711673,28.4195492],[76.9711805,28.4195463],[76.9712558,28.4195258],[76.9713283,28.4194985],[76.9713972,28.4194647],[76.971425,28.4194487],[76.9721196,28.4190281],[76.9721565,28.4190043],[76.9882799,28.4079979],[76.98844,28.4084101],[76.9886752,28.4092792],[76.9887954,28.4097962],[76.9887587,28.410566],[76.9887584,28.4105723],[76.9887581,28.4105853],[76.9887508,28.4110028],[76.9838574,28.4132101],[76.9838086,28.413234],[76.983741,28.413274],[76.9837071,28.4132976],[76.9773415,28.4179672],[76.9761479,28.418822],[76.9761116,28.4188496],[76.9760543,28.4189007],[76.9760126,28.4189452],[76.9745349,28.4206582],[76.9691831,28.4206917],[76.969183,28.4206917],[76.9683473,28.4206969],[76.9678416,28.4207001],[76.9678206,28.4207004],[76.9641762,28.4207895]]]}},{"type":"Feature","properties":{"sector":"62","density":"","class":"200","classtext":"200 Commercial","code":200,"val":"200","codetext":"","area":344448,"labelLat":28.4132639,"labelLng":77.0828043},"geometry":{"type":"Polygon","coordinates":[[[77.0906358,28.4153045],[77.09059,28.4158626],[77.0905892,28.4158869],[77.0905921,28.4159199],[77.0906974,28.4165826],[77.0901694,28.4164452],[77.0888433,28.4160542],[77.0888386,28.4160528],[77.0873221,28.4156182],[77.0863414,28.41533],[77.0840251,28.4146651],[77.0840184,28.4146632],[77.081048,28.4138372],[77.081009,28.4138274],[77.0805311,28.4137187],[77.079951,28.413551],[77.0779304,28.412834],[77.0749009,28.4117502],[77.0751323,28.4112783],[77.0751347,28.4112733],[77.0754831,28.4105221],[77.0757574,28.4099706],[77.0843577,28.4127338],[77.0906634,28.4146742],[77.0906729,28.4146763],[77.0906935,28.4146793],[77.0906358,28.4153045]]]}},{"type":"Feature","properties":{"sector":"62","density":"250","class":"100","classtext":"100 Residential (Group Housing/Plotted)","code":100,"val":"100/250","codetext":"","area":1721243,"labelLat":28.4068951,"labelLng":77.0849041},"geometry":{"type":"Polygon","coordinates":[[[77.0811819,28.3998368],[77.0822526,28.4000971],[77.0831803,28.400324],[77.0831884,28.4003259],[77.0844435,28.4006002],[77.0851706,28.4007611],[77.0864901,28.4010469],[77.0874858,28.4012562],[77.0888934,28.4015552],[77.0899036,28.4018169],[77.0915839,28.4022553],[77.0920583,28.4023942],[77.0919746,28.4028532],[77.0919728,28.4028652],[77.0918147,28.4041402],[77.0916301,28.4053763],[77.0915469,28.4059572],[77.0915445,28.4059859],[77.0915276,28.4067407],[77.0915117,28.4077193],[77.0915068,28.4084344],[77.0915068,28.4084407],[77.091507,28.4084471],[77.0915259,28.4088527],[77.0915489,28.409197],[77.0915821,28.4098105],[77.0915695,28.4102289],[77.0915318,28.4108338],[77.0914339,28.4112993],[77.0911656,28.4121763],[77.091163,28.4121857],[77.090864,28.4133219],[77.0908593,28.4133433],[77.0908585,28.4133485],[77.0908228,28.4135926],[77.0908221,28.4135983],[77.0907169,28.4144614],[77.0844397,28.4125298],[77.0758562,28.409772],[77.0759529,28.4095777],[77.0765304,28.4085492],[77.0765367,28.4085372],[77.0768027,28.4079987],[77.0777016,28.4060927],[77.0786023,28.4041073],[77.0791551,28.4029454],[77.0791629,28.4029273],[77.0804163,28.3996538],[77.0811819,28.3998368]]]}},{"type":"Feature","properties":{"sector":"65","density":"","class":"200","classtext":"200 Commercial","code":200,"val":"200","codetext":"","area":279448,"labelLat":28.4082388,"labelLng":77.0678257},"geometry":{"type":"Polygon","coordinates":[[[77.0596235,28.4060393],[77.060065,28.4052616],[77.0600679,28.4052564],[77.0602734,28.4048737],[77.0738695,28.4093639],[77.0751807,28.4097853],[77.0749211,28.4103072],[77.0749181,28.4103135],[77.0745694,28.4110654],[77.0743335,28.4115463],[77.0722254,28.4107802],[77.0700074,28.4099514],[77.0664773,28.4086206],[77.0631779,28.4073814],[77.0596235,28.4060393]]]}},{"type":"Feature","properties":{"sector":"66","density":"","class":"200","classtext":"200 Commercial","code":200,"val":"200","codetext":"","area":107980,"labelLat":28.4039348,"labelLng":77.056006},"geometry":{"type":"Polygon","coordinates":[[[77.0522005,28.4032456],[77.0534243,28.4020951],[77.059698,28.4046832],[77.0595163,28.4050215],[77.0590594,28.4058263],[77.0565274,28.4048701],[77.0543752,28.4040619],[77.0522005,28.4032456]]]}},{"type":"Feature","properties":{"sector":"65","density":"250","class":"100","classtext":"100 Residential (Group Housing/Plotted)","code":100,"val":"100/250","codetext":"","area":1858125,"labelLat":28.4021576,"labelLng":77.0702821},"geometry":{"type":"Polygon","coordinates":[[[77.0670974,28.3947372],[77.0677266,28.3950072],[77.0687294,28.3954375],[77.0694274,28.3957483],[77.0694417,28.3957543],[77.0714651,28.3965422],[77.0734383,28.3973207],[77.0752909,28.3981519],[77.0765301,28.3987449],[77.0765577,28.3987565],[77.0765739,28.398762],[77.0768727,28.3988554],[77.0768885,28.3988599],[77.0773145,28.3989704],[77.0773217,28.3989721],[77.0778154,28.3990888],[77.0778265,28.3990912],[77.0785751,28.3992369],[77.0798241,28.3995126],[77.0785865,28.4027445],[77.078036,28.4039016],[77.077135,28.4058878],[77.0762395,28.4077862],[77.0759786,28.4083145],[77.0754013,28.4093426],[77.0753953,28.409354],[77.0752796,28.4095867],[77.0739543,28.4091608],[77.0603789,28.4046774],[77.0605693,28.404323],[77.0611241,28.4032489],[77.0620065,28.4015725],[77.0628115,28.4001941],[77.0635592,28.3988949],[77.0644217,28.397386],[77.0652039,28.3959906],[77.0658334,28.3949169],[77.0661471,28.3943653],[77.0670974,28.3947372]]]}},{"type":"Feature","properties":{"sector":"66","density":"250","class":"100","classtext":"100 Residential (Group Housing/Plotted)","code":100,"val":"100/250","codetext":"","area":1828481,"labelLat":28.3967918,"labelLng":77.0558152},"geometry":{"type":"Polygon","coordinates":[[[77.0466292,28.3970006],[77.0467249,28.3966264],[77.0471587,28.3949194],[77.0473194,28.3943965],[77.0474475,28.3940767],[77.0476538,28.3937418],[77.0480593,28.3932105],[77.0483288,28.3928656],[77.0483556,28.3928333],[77.0483702,28.3928144],[77.0487821,28.3922891],[77.048949,28.3920742],[77.0489766,28.3920396],[77.0489896,28.3920225],[77.0494459,28.3914351],[77.0499563,28.3907913],[77.0499722,28.3907703],[77.0499776,28.3907625],[77.0504005,28.3901497],[77.050413,28.3901308],[77.0507788,28.389549],[77.051111,28.389027],[77.0518743,28.3892623],[77.0536397,28.3898763],[77.0558471,28.390644],[77.055877,28.3906529],[77.0571405,28.3909641],[77.0578582,28.3911692],[77.0585958,28.3913727],[77.0594072,28.3916535],[77.0600969,28.3919163],[77.0618001,28.3926245],[77.0635106,28.3933191],[77.0649293,28.393922],[77.0649457,28.3939285],[77.0655816,28.3941548],[77.0652882,28.3946707],[77.0646579,28.3957458],[77.0638742,28.3971438],[77.0630134,28.3986498],[77.0622668,28.399947],[77.0614596,28.401329],[77.0614541,28.401339],[77.0605682,28.4030222],[77.0600143,28.4040944],[77.0598033,28.4044873],[77.0597979,28.4044855],[77.0534475,28.4018658],[77.0534357,28.4018616],[77.053415,28.401857],[77.0533937,28.4018557],[77.0533725,28.4018576],[77.0533519,28.4018628],[77.0533328,28.4018711],[77.0533155,28.4018822],[77.0533066,28.4018897],[77.0519619,28.4031538],[77.0501563,28.4023225],[77.0501154,28.4023051],[77.0501002,28.4022992],[77.0488103,28.4018182],[77.0487681,28.4018038],[77.0463369,28.4010433],[77.04607,28.4009611],[77.0464266,28.4007794],[77.047045,28.4005868],[77.0475246,28.4003656],[77.0478045,28.3996433],[77.047911,28.3988929],[77.0485917,28.3983479],[77.0497564,28.3978109],[77.0515931,28.397172],[77.0533571,28.3963509],[77.0541432,28.3958959],[77.0548996,28.3947996],[77.055216,28.3941836],[77.054906,28.3942341],[77.0515126,28.3947895],[77.0512737,28.3949459],[77.0493041,28.3949603],[77.0487107,28.3955499],[77.0484613,28.3960579],[77.0466292,28.3970006]]]}},{"type":"Feature","properties":{"sector":"68","density":"","class":"200","classtext":"200 Commercial","code":200,"val":"200","codetext":"","area":76261,"labelLat":28.3849912,"labelLng":77.0514757},"geometry":{"type":"Polygon","coordinates":[[[77.0502543,28.3881656],[77.0495096,28.388186],[77.0520704,28.382184],[77.0532114,28.3822694],[77.0529622,28.383035],[77.0529578,28.3830494],[77.0527772,28.383668],[77.052545,28.3843135],[77.052295,28.3848759],[77.0520667,28.3853137],[77.0516424,28.3859965],[77.0510643,28.386889],[77.0504028,28.3879321],[77.0502543,28.3881656]]]}},{"type":"Feature","properties":{"sector":"69","density":"","class":"200","classtext":"200 Commercial","code":200,"val":"250/100","codetext":"","area":2495,"labelLat":28.389016,"labelLng":77.0495407},"geometry":{"type":"Polygon","coordinates":[[[77.0499035,28.3887168],[77.0497105,28.3890202],[77.049349,28.3895951],[77.0493454,28.3896003],[77.049374,28.3887313],[77.0499035,28.3887168]]]}},{"type":"Feature","properties":{"sector":"","density":"","class":"900","classtext":"900 Special Zone","code":900,"val":"","codetext":"","area":23992,"labelLat":28.4806759,"labelLng":77.0932301},"geometry":{"type":"Polygon","coordinates":[[[77.0940478,28.4810669],[77.0940606,28.4811077],[77.0940758,28.4811385],[77.0943059,28.4815364],[77.0918063,28.4809573],[77.0926813,28.4802926],[77.0937154,28.4795535],[77.0940478,28.4810669]]]}},{"type":"Feature","properties":{"sector":"","density":"","class":"1000","classtext":"1000 Natural Conservation Zone Hubs)","code":1000,"val":"","codetext":"","area":913729,"labelLat":28.4272777,"labelLng":77.1208213},"geometry":{"type":"Polygon","coordinates":[[[77.1246348,28.4284209],[77.1250539,28.4358028],[77.124848,28.4356959],[77.1248314,28.4356876],[77.1247868,28.4356674],[77.1247408,28.4356498],[77.1246946,28.4356352],[77.1243337,28.4355327],[77.1243327,28.4355325],[77.1242845,28.4355204],[77.1242356,28.4355111],[77.124186,28.4355046],[77.1241361,28.4355011],[77.124086,28.4355004],[77.124036,28.4355026],[77.1240264,28.4355034],[77.1235053,28.4355476],[77.1234651,28.4355519],[77.1234159,28.4355599],[77.123388,28.4355658],[77.1229459,28.4356661],[77.1225542,28.4351476],[77.1225472,28.4351385],[77.1213022,28.4335468],[77.1206635,28.4326649],[77.1200639,28.4317178],[77.1200559,28.4317056],[77.1193158,28.4305917],[77.118807,28.4297396],[77.1187894,28.4297118],[77.1187669,28.42968],[77.1185223,28.4293558],[77.1182204,28.4289556],[77.1181992,28.4289288],[77.1179166,28.4285914],[77.1178673,28.4285384],[77.1178142,28.4284916],[77.1169746,28.4278218],[77.1162819,28.427258],[77.1160992,28.4248024],[77.1160972,28.4247848],[77.1159379,28.423714],[77.1162056,28.4229827],[77.1168282,28.4219385],[77.1171702,28.4213675],[77.1186838,28.4212801],[77.1195586,28.4209456],[77.1199168,28.4207109],[77.1201696,28.4203861],[77.120316,28.4199254],[77.1205169,28.4196014],[77.1206688,28.4194157],[77.1211816,28.4191326],[77.1215035,28.4188771],[77.1227271,28.4215546],[77.1222832,28.42237],[77.1222542,28.4235164],[77.1227573,28.4253421],[77.123344,28.4261581],[77.1240389,28.4272015],[77.1246348,28.4284209]]]}},{"type":"Feature","properties":{"sector":"","density":"","class":"1000","classtext":"1000 Natural Conservation Zone Hubs)","code":1000,"val":"","codetext":"","area":330451,"labelLat":28.4771998,"labelLng":77.1129462},"geometry":{"type":"Polygon","coordinates":[[[77.1153734,28.4808671],[77.1153626,28.4808684],[77.1145069,28.4810036],[77.1144923,28.4810061],[77.1144566,28.4810139],[77.1137358,28.4811958],[77.112878,28.4811442],[77.1128654,28.4811436],[77.1119522,28.4811104],[77.111337,28.4810727],[77.1113249,28.4810721],[77.1112608,28.4810731],[77.1111963,28.4810814],[77.1110683,28.4811055],[77.1109304,28.4807879],[77.1107593,28.4802858],[77.1107026,28.479713],[77.1106781,28.4792444],[77.1107258,28.4788511],[77.1109395,28.4780819],[77.110948,28.4780473],[77.1109506,28.4780347],[77.1111704,28.4768993],[77.1112457,28.4765009],[77.1115458,28.4752904],[77.1115499,28.4752724],[77.1115532,28.4752562],[77.1116939,28.4745053],[77.1117014,28.4744525],[77.1117041,28.4743829],[77.1116986,28.4743134],[77.1116938,28.4742839],[77.1116165,28.4738725],[77.1116078,28.4738334],[77.1115864,28.4737664],[77.1115688,28.473725],[77.1114987,28.4735752],[77.1131602,28.4712909],[77.1137818,28.4719085],[77.1140235,28.4732689],[77.1153734,28.4808671]]]}},{"type":"Feature","properties":{"sector":"26","density":"250","class":"100","classtext":"100 Residential (Group Housing/Plotted)","code":100,"val":"100/250","codetext":"","area":1276733,"labelLat":28.4767738,"labelLng":77.1030834},"geometry":{"type":"MultiPolygon","coordinates":[[[[77.1043806,28.481995],[77.1032939,28.4819304],[77.1013961,28.4818075],[77.1005354,28.4816843],[77.1005085,28.4816826],[77.1004967,28.4816832],[77.0998234,28.4817394],[77.0998115,28.4817408],[77.0987189,28.481909],[77.0973591,28.481945],[77.0964179,28.4818388],[77.0950787,28.4816858],[77.0950694,28.4816668],[77.094641,28.4809262],[77.0942699,28.4792366],[77.0942654,28.4792163],[77.0942608,28.4791951],[77.0964314,28.4779735],[77.0967256,28.4778587],[77.0967678,28.4778399],[77.0968189,28.4778099],[77.096835,28.4777985],[77.0992381,28.4760195],[77.0992433,28.4760156],[77.1009809,28.47469],[77.1009964,28.4746776],[77.1023743,28.4735257],[77.1023837,28.4735176],[77.1023934,28.4735087],[77.1031137,28.472831],[77.1031443,28.4727991],[77.1031517,28.4727902],[77.1039344,28.4718293],[77.1044381,28.4712439],[77.1046073,28.4710473],[77.1052149,28.4704913],[77.1064706,28.4695865],[77.1073508,28.4689642],[77.1073796,28.4689416],[77.1073804,28.4689434],[77.1073803,28.4689433],[77.107729,28.4686968],[77.1082001,28.4690815],[77.1084334,28.4693466],[77.1085189,28.4694978],[77.1085291,28.47001],[77.1085279,28.4708135],[77.1085297,28.470861],[77.1085393,28.4709304],[77.1086354,28.471418],[77.1086528,28.4714856],[77.1086781,28.4715516],[77.1087039,28.4716026],[77.1092058,28.4724963],[77.1092129,28.4725086],[77.1092175,28.4725163],[77.109771,28.4734244],[77.11012,28.4741705],[77.1101489,28.4743244],[77.1051076,28.4812837],[77.1043806,28.481995]]],[[[77.1093086,28.4821252],[77.1092207,28.4821461],[77.1090072,28.4821968],[77.108992,28.4822011],[77.1089803,28.4822056],[77.1085498,28.4823893],[77.1080999,28.4824818],[77.1077288,28.4824876],[77.106858,28.4823977],[77.106337,28.4822141],[77.1063301,28.4822118],[77.1063046,28.4822062],[77.1058778,28.4821455],[77.1051424,28.4820408],[77.1056756,28.4815805],[77.1098367,28.4758602],[77.1097455,28.476228],[77.1097382,28.4762612],[77.1096603,28.4766734],[77.1094455,28.4777827],[77.1092261,28.4785729],[77.1092112,28.4786415],[77.1092084,28.4786618],[77.109149,28.4791517],[77.1091451,28.4792008],[77.1091454,28.479255],[77.1091733,28.4797893],[77.1091743,28.4798048],[77.1091754,28.4798171],[77.1092404,28.4804731],[77.1092487,28.48053],[77.1092662,28.4805979],[77.10927,28.4806092],[77.109472,28.481202],[77.1094903,28.4812493],[77.1097741,28.4819028],[77.1093992,28.4821037],[77.1093087,28.4821252],[77.1093085,28.4821242],[77.1093086,28.4821252]]]]}},{"type":"Feature","properties":{"sector":"","density":"","class":"1000","classtext":"1000 Natural Conservation Zone Hubs)","code":1000,"val":"","codetext":"","area":1721897,"labelLat":28.4588153,"labelLng":77.1114938},"geometry":{"type":"MultiPolygon","coordinates":[[[[77.1105056,28.4660592],[77.1101656,28.4660788],[77.1101429,28.4660804],[77.1100649,28.4660906],[77.1100391,28.4660956],[77.1097431,28.4661575],[77.1096926,28.4661697],[77.1096186,28.4661937],[77.1095983,28.4662017],[77.1092579,28.4663407],[77.1092074,28.4663633],[77.1091405,28.4664002],[77.1091331,28.4664049],[77.1088316,28.4665958],[77.1088043,28.4666139],[77.1085618,28.4667824],[77.1085489,28.4667915],[77.1082533,28.4670062],[77.1082482,28.4670099],[77.1077102,28.4674076],[77.1076804,28.4673939],[77.1062573,28.4643003],[77.1061863,28.4623688],[77.1093385,28.4504531],[77.109774,28.4504486],[77.109783,28.4504482],[77.1101671,28.4504231],[77.1108289,28.4503722],[77.1108328,28.4503718],[77.1115958,28.4502955],[77.1116049,28.4502944],[77.1122607,28.4501933],[77.1122668,28.4501922],[77.1129521,28.4500551],[77.1137135,28.4499096],[77.1148202,28.4496917],[77.1150687,28.4496417],[77.1151045,28.4505091],[77.1147592,28.4521618],[77.1152032,28.4527517],[77.1150492,28.45316],[77.1166319,28.4566687],[77.1194385,28.4582895],[77.1194273,28.4583081],[77.1192932,28.4585106],[77.1163619,28.4569144],[77.1142163,28.45987],[77.1170654,28.4616035],[77.1169225,28.4618006],[77.1169139,28.4618127],[77.1168877,28.4618537],[77.1165349,28.4624537],[77.1165235,28.4624739],[77.1165158,28.4624885],[77.1163047,28.4629042],[77.1157839,28.4637122],[77.1150817,28.4647563],[77.1150782,28.4647615],[77.114383,28.4658163],[77.1143484,28.4658603],[77.114307,28.4659062],[77.1142624,28.4659496],[77.1142147,28.4659903],[77.1141641,28.4660282],[77.1141108,28.466063],[77.1140551,28.4660948],[77.1139971,28.4661233],[77.1139372,28.4661483],[77.1138755,28.4661699],[77.1138124,28.4661879],[77.1137761,28.466196],[77.1136313,28.4662096],[77.1132096,28.4662058],[77.1122548,28.4661529],[77.1113915,28.4661019],[77.1106023,28.4660591],[77.1105617,28.4660578],[77.1105056,28.4660592]]],[[[77.1151272,28.4407919],[77.1154005,28.4409548],[77.1154024,28.4410502],[77.1151362,28.4412454],[77.1150035,28.4413668],[77.1147914,28.4429219],[77.1150583,28.4493902],[77.1147533,28.4494516],[77.1136483,28.4496691],[77.1128865,28.4498147],[77.1122034,28.4499513],[77.1115572,28.4500509],[77.1108008,28.4501266],[77.110143,28.4501772],[77.1097656,28.4502018],[77.1094108,28.4502056],[77.109665,28.4492444],[77.1142099,28.4414385],[77.1146767,28.4403972],[77.1151272,28.4407919]]]]}},{"type":"Feature","properties":{"sector":"24","density":"250","class":"100","classtext":"100 Residential (Group Housing/Plotted)","code":100,"val":"100/250","codetext":"","area":2385250,"labelLat":28.4916734,"labelLng":77.1028834},"geometry":{"type":"Polygon","coordinates":[[[77.1048162,28.4822921],[77.1051009,28.4823091],[77.1062392,28.482471],[77.1067633,28.4826558],[77.1067702,28.482658],[77.1067961,28.4826637],[77.1068023,28.4826645],[77.1077034,28.4827575],[77.1077239,28.4827584],[77.1081215,28.4827522],[77.1081481,28.4827497],[77.1081535,28.4827487],[77.1086358,28.4826495],[77.108656,28.4826441],[77.1086677,28.4826396],[77.1091006,28.4824548],[77.109336,28.482399],[77.109336,28.482399],[77.1094998,28.4823601],[77.1095149,28.4823557],[77.1095392,28.4823452],[77.1099149,28.4821439],[77.1100542,28.4823634],[77.1103835,28.4834142],[77.1105235,28.4844346],[77.1105515,28.4858426],[77.1104069,28.4869066],[77.1104031,28.4869429],[77.1103349,28.4878607],[77.1103337,28.4878821],[77.1103332,28.4879042],[77.1103303,28.4898935],[77.1099295,28.4932408],[77.1095936,28.4949133],[77.1083942,28.497601],[77.0995243,28.5011761],[77.0991347,28.5013546],[77.0983525,28.5004112],[77.0959548,28.4972395],[77.0951905,28.4957615],[77.0930061,28.4924337],[77.092997,28.4919754],[77.0943061,28.4903891],[77.0959245,28.4891418],[77.1048162,28.4822921]]]}},{"type":"Feature","properties":{"sector":"59","density":"250","class":"100","classtext":"100 Residential (Group Housing/Plotted)","code":100,"val":"100/250","codetext":"","area":1492135,"labelLat":28.4051965,"labelLng":77.108785},"geometry":{"type":"Polygon","coordinates":[[[77.1099606,28.399258],[77.1120772,28.401923],[77.113667,28.4046939],[77.1163571,28.4093821],[77.1171311,28.4116407],[77.1173983,28.4130786],[77.1166607,28.4128515],[77.1149891,28.4123187],[77.1127268,28.4116275],[77.1127195,28.4116253],[77.1109285,28.4111227],[77.1101795,28.4108787],[77.1101725,28.4108765],[77.108986,28.4105187],[77.1071957,28.4099373],[77.1058961,28.4094904],[77.1058865,28.4094873],[77.1048975,28.4091803],[77.1048857,28.4091769],[77.1036757,28.4088496],[77.10312,28.4086961],[77.1031112,28.4086938],[77.1023399,28.4085031],[77.1027972,28.4033862],[77.1027987,28.4033694],[77.1028009,28.4033417],[77.1031504,28.4000083],[77.1035504,28.3961807],[77.1099606,28.399258]]]}},{"type":"Feature","properties":{"sector":"54","density":"250","class":"100","classtext":"100 Residential (Group Housing/Plotted)","code":100,"val":"100/250","codetext":"","area":2176174,"labelLat":28.4442376,"labelLng":77.1070208},"geometry":{"type":"MultiPolygon","coordinates":[[[[77.1073347,28.4382574],[77.1096048,28.4387289],[77.1107123,28.4389739],[77.111889,28.439249],[77.1118923,28.4392498],[77.1149035,28.4398912],[77.1142099,28.4414385],[77.109665,28.4492444],[77.1094108,28.4502056],[77.1092957,28.4502068],[77.108915,28.4501962],[77.1081869,28.4501551],[77.1064314,28.4500629],[77.1045823,28.4499698],[77.1031919,28.449891],[77.1024665,28.449857],[77.1020468,28.4498239],[77.1018342,28.4497879],[77.1004865,28.4495698],[77.0998344,28.449466],[77.1031684,28.4397212],[77.1036532,28.4394161],[77.1047089,28.4389576],[77.1047168,28.4389539],[77.1059096,28.4383577],[77.1063647,28.4382304],[77.1066542,28.4381746],[77.1073347,28.4382574]]],[[[77.1139518,28.431419],[77.1158056,28.4313957],[77.1157131,28.4328204],[77.1160203,28.4373995],[77.1150167,28.4396387],[77.1150103,28.4396362],[77.1149963,28.4396326],[77.1119657,28.438987],[77.1107886,28.4387118],[77.109677,28.4384659],[77.1073977,28.4379925],[77.106669,28.4379032],[77.1061518,28.4380061],[77.105802,28.438104],[77.1057933,28.4381066],[77.1057728,28.4381152],[77.10457,28.4387164],[77.103507,28.4391781],[77.1034957,28.4391835],[77.1034857,28.4391893],[77.1033133,28.4392978],[77.1033242,28.4392658],[77.1039184,28.4375288],[77.1040001,28.4372678],[77.1056541,28.4315246],[77.107323,28.4315142],[77.1091198,28.4314935],[77.110937,28.4314558],[77.1139518,28.431419]]]]}},{"type":"Feature","properties":{"sector":"112","density":"250","class":"100","classtext":"100 Residential (Group Housing/Plotted)","code":100,"val":"100/250","codetext":"","area":1052401,"labelLat":28.524797,"labelLng":77.0172695},"geometry":{"type":"Polygon","coordinates":[[[77.0222059,28.5212723],[77.0222193,28.5212835],[77.022237,28.521294],[77.0222565,28.5213017],[77.0222646,28.5213035],[77.0185722,28.5333466],[77.0182634,28.5343535],[77.0107558,28.5257123],[77.0119983,28.5252562],[77.0143354,28.5244814],[77.0152663,28.5236798],[77.0163507,28.5224222],[77.0169203,28.5211006],[77.0135254,28.518306],[77.0164127,28.5156565],[77.0222059,28.5212723]]]}},{"type":"Feature","properties":{"sector":"84","density":"","class":"200","classtext":"200 Commercial","code":200,"val":"","codetext":"","area":278883,"labelLat":28.4102567,"labelLng":76.9665542},"geometry":{"type":"Polygon","coordinates":[[[76.9716432,28.4052867],[76.9704861,28.4064112],[76.9704461,28.4064524],[76.9692132,28.4078002],[76.9691586,28.4078654],[76.969154,28.4078715],[76.967307,28.4103278],[76.9672627,28.4103921],[76.967244,28.4104232],[76.9636089,28.4167498],[76.9621765,28.4158762],[76.9621831,28.4158675],[76.9621868,28.415861],[76.9659816,28.4087341],[76.9698522,28.4043734],[76.9716432,28.4052867]]]}},{"type":"Feature","properties":{"sector":"107","density":"250","class":"100","classtext":"100 Residential (Group Housing/Plotted)","code":100,"val":"100/250","codetext":"","area":687077,"labelLat":28.5114657,"labelLng":76.9732134},"geometry":{"type":"Polygon","coordinates":[[[76.979935,28.5105468],[76.9781468,28.5116332],[76.9781326,28.5116424],[76.9772786,28.5122279],[76.9772551,28.5122457],[76.9765809,28.5128135],[76.9759614,28.5132288],[76.9748614,28.5138759],[76.9748418,28.5138886],[76.9738798,28.5145625],[76.9732529,28.5150128],[76.9726277,28.5154716],[76.9726127,28.5154834],[76.9719684,28.516023],[76.9719328,28.5160586],[76.9717261,28.5163112],[76.9695427,28.5147906],[76.968493,28.5141564],[76.9668602,28.5135688],[76.9654058,28.513],[76.9763149,28.5064447],[76.979935,28.5105468]]]}},{"type":"Feature","properties":{"sector":"115","density":"","class":"600","classtext":"600 Public and Semi Public Use","code":600,"val":"610/620/630/640","codetext":"","area":369060,"labelLat":28.5395717,"labelLng":77.0093916},"geometry":{"type":"Polygon","coordinates":[[[77.009451,28.5356618],[77.0096194,28.5359201],[77.0096516,28.5359617],[77.00967,28.5359805],[77.012454,28.5386311],[77.0120976,28.5391169],[77.0120819,28.5391402],[77.012059,28.5391853],[77.0120438,28.5392328],[77.0120366,28.5392818],[77.0120375,28.5393312],[77.0120383,28.5393383],[77.0124919,28.5429386],[77.0125002,28.5429803],[77.0125172,28.5430273],[77.0125418,28.5430717],[77.0125734,28.5431124],[77.0126114,28.5431486],[77.0126465,28.5431735],[77.0120165,28.5438303],[77.0109575,28.543483],[77.0102652,28.5434741],[77.0094553,28.5429704],[77.0091132,28.5420396],[77.0085984,28.5411304],[77.0083768,28.5408472],[77.0079014,28.5408733],[77.0075298,28.5406687],[77.0070663,28.540179],[77.0063243,28.539827],[77.0054294,28.539401],[77.0047204,28.5385137],[77.0046356,28.538382],[77.009451,28.5356618]]]}},{"type":"Feature","properties":{"sector":"103","density":"","class":"600","classtext":"600 Public and Semi Public Use","code":600,"val":"250/100","codetext":"","area":554809,"labelLat":28.4885177,"labelLng":76.9911374},"geometry":{"type":"Polygon","coordinates":[[[76.983322,28.4823572],[76.9853788,28.480964],[76.9889363,28.4840247],[76.9980714,28.4932984],[76.9980626,28.4933024],[76.9980289,28.4933198],[76.9980056,28.4933353],[76.9978134,28.4934755],[76.9959313,28.4948679],[76.9951429,28.4954551],[76.9946677,28.4958204],[76.9944218,28.4960076],[76.9944106,28.4960166],[76.9943769,28.49605],[76.99435,28.4960878],[76.9943304,28.496129],[76.9943188,28.4961725],[76.9924915,28.4939404],[76.9939794,28.4925816],[76.983322,28.4823572]]]}},{"type":"Feature","properties":{"sector":"102 A","density":"","class":"700","classtext":"700 Open Spaces","code":700,"val":"250/100","codetext":"","area":484983,"labelLat":28.4810415,"labelLng":76.9795082},"geometry":{"type":"Polygon","coordinates":[[[76.9849352,28.4805823],[76.9777481,28.4854506],[76.9745001,28.4816431],[76.9803462,28.4766336],[76.9849352,28.4805823]]]}},{"type":"Feature","properties":{"sector":"102 A","density":"250","class":"100","classtext":"100 Residential (Group Housing/Plotted)","code":100,"val":"100/250","codetext":"","area":341394,"labelLat":28.4857444,"labelLng":76.973314},"geometry":{"type":"Polygon","coordinates":[[[76.9775536,28.4855823],[76.971529,28.4896625],[76.9706315,28.488239],[76.9695104,28.4859181],[76.9743228,28.481795],[76.9775536,28.4855823]]]}},{"type":"Feature","properties":{"sector":"88 B","density":"250","class":"100","classtext":"100 Residential (Group Housing/Plotted)","code":100,"val":"100/250","codetext":"","area":866564,"labelLat":28.4431635,"labelLng":76.9530077},"geometry":{"type":"Polygon","coordinates":[[[76.9571883,28.4392383],[76.9571872,28.4392519],[76.9576076,28.4498798],[76.9474804,28.4442558],[76.9480099,28.4384181],[76.9571883,28.4392383]]]}},{"type":"Feature","properties":{"sector":"88 B","density":"","class":"200","classtext":"200 Commercial","code":200,"val":"250/100","codetext":"","area":236815,"labelLat":28.4454595,"labelLng":76.9586846},"geometry":{"type":"Polygon","coordinates":[[[76.9591791,28.4394161],[76.9591623,28.4421455],[76.9591624,28.442166],[76.9591668,28.442238],[76.9595759,28.4461401],[76.9595771,28.4461506],[76.9595887,28.4462227],[76.9603579,28.4499485],[76.960187,28.4513173],[76.9579971,28.450096],[76.9578582,28.4500189],[76.9574327,28.4392601],[76.9591791,28.4394161]]]}},{"type":"Feature","properties":{"sector":"109","density":"","class":"200","classtext":"200 Commercial","code":200,"val":"200","codetext":"","area":507952,"labelLat":28.5087351,"labelLng":77.0119551},"geometry":{"type":"Polygon","coordinates":[[[77.014,28.508239],[77.0181652,28.5132675],[77.016172,28.5150967],[77.005679,28.5048004],[77.0078363,28.5025354],[77.014,28.508239]]]}},{"type":"Feature","properties":{"sector":"112","density":"","class":"200","classtext":"200 Commercial","code":200,"val":"200","codetext":"","area":181611,"labelLat":28.5171966,"labelLng":77.0199299},"geometry":{"type":"Polygon","coordinates":[[[77.0229555,28.5190498],[77.0224668,28.5206439],[77.0223345,28.5210754],[77.0165885,28.5155054],[77.0165826,28.5155005],[77.0171617,28.5149691],[77.0185326,28.513711],[77.0229555,28.5190498]]]}},{"type":"Feature","properties":{"sector":"88 A","density":"","class":"200","classtext":"200 Commercial","code":200,"val":"250/100","codetext":"","area":170186,"labelLat":28.4341628,"labelLng":76.9587568},"geometry":{"type":"Polygon","coordinates":[[[76.9588474,28.4295189],[76.9588662,28.4295291],[76.9590696,28.4296385],[76.959102,28.4296549],[76.9600567,28.4301082],[76.9600699,28.4301143],[76.9601053,28.4301291],[76.9601673,28.4301532],[76.9591991,28.4372929],[76.9591942,28.4373385],[76.9591915,28.4374005],[76.9591824,28.4388723],[76.9575007,28.4387221],[76.9575011,28.4387191],[76.9581869,28.4304065],[76.9588032,28.4294951],[76.9588474,28.4295189]]]}},{"type":"Feature","properties":{"sector":"88 A","density":"250","class":"100","classtext":"100 Residential (Group Housing/Plotted)","code":100,"val":"100/250","codetext":"","area":932858,"labelLat":28.433589,"labelLng":76.9532967},"geometry":{"type":"Polygon","coordinates":[[[76.9585924,28.4293689],[76.9585995,28.4293744],[76.9579618,28.4303175],[76.9579598,28.4303204],[76.9579511,28.4303377],[76.9579459,28.430356],[76.9579447,28.4303652],[76.957257,28.4387003],[76.9479827,28.4378715],[76.9480994,28.4365858],[76.9497517,28.4284725],[76.9509847,28.4286497],[76.9530862,28.4289515],[76.9530962,28.4289529],[76.953129,28.4289564],[76.9534347,28.4289831],[76.9534762,28.4289856],[76.9534987,28.428986],[76.9537499,28.4289872],[76.9537899,28.4289863],[76.9542324,28.4289657],[76.9542445,28.428965],[76.9543185,28.4289568],[76.954344,28.4289523],[76.955285,28.4287694],[76.9560833,28.428628],[76.9569596,28.4284851],[76.957285,28.4284907],[76.9574221,28.4285031],[76.9575614,28.4285354],[76.9578702,28.4287908],[76.9578785,28.4287976],[76.9585924,28.4293689]]]}},{"type":"Feature","properties":{"sector":"89B","density":"","class":"700","classtext":"700 Open Spaces","code":700,"val":"","codetext":"","area":174592,"labelLat":28.437619,"labelLng":76.9364134},"geometry":{"type":"Polygon","coordinates":[[[76.9383162,28.435958],[76.9380617,28.4404701],[76.9346676,28.4392345],[76.9345111,28.4391769],[76.9347034,28.4348714],[76.9383162,28.435958]]]}},{"type":"Feature","properties":{"sector":"89A","density":"","class":"700","classtext":"700 Open Spaces","code":700,"val":"","codetext":"","area":332348,"labelLat":28.4301754,"labelLng":76.936966},"geometry":{"type":"Polygon","coordinates":[[[76.9388678,28.4261751],[76.9383558,28.4352551],[76.9351128,28.4342797],[76.9355208,28.4251403],[76.9363304,28.4253635],[76.9385906,28.4260547],[76.938723,28.4261066],[76.9388678,28.4261751]]]}},{"type":"Feature","properties":{"sector":"91","density":"","class":"700","classtext":"700 Open Spaces","code":700,"val":"","codetext":"","area":435416,"labelLat":28.3981396,"labelLng":76.9240904},"geometry":{"type":"Polygon","coordinates":[[[76.9308222,28.4005265],[76.9297697,28.4029269],[76.9169778,28.3958387],[76.9201089,28.3937495],[76.928415,28.3991623],[76.9308222,28.4005265]]]}},{"type":"Feature","properties":{"sector":"98","density":"","class":"400","classtext":"400 Transport and Communication","code":400,"val":"400","codetext":"","area":1197676,"labelLat":28.4129094,"labelLng":76.8882613},"geometry":{"type":"MultiPolygon","coordinates":[[[[76.8889371,28.4095252],[76.8895381,28.4098191],[76.8929168,28.4115954],[76.894103,28.4123221],[76.8916647,28.4153227],[76.8904257,28.4174755],[76.8846829,28.4146202],[76.8830725,28.4138195],[76.8829188,28.4137431],[76.8827792,28.4136737],[76.8832363,28.413223],[76.8820862,28.4126406],[76.8871882,28.40867],[76.8889371,28.4095252]]],[[[76.8973541,28.4143385],[76.9000651,28.4161221],[76.9023561,28.4177165],[76.9035555,28.4185637],[76.903608,28.4185973],[76.9036257,28.4186072],[76.9042916,28.4189679],[76.9047431,28.4192409],[76.9015206,28.4229923],[76.8928159,28.4186641],[76.8934293,28.4173611],[76.8962973,28.413677],[76.8973541,28.4143385]]]]}},{"type":"Feature","properties":{"sector":"700","density":"","class":"700","classtext":"700 Open Spaces","code":700,"val":"400","codetext":"","area":1203528,"labelLat":28.4013653,"labelLng":76.9062899},"geometry":{"type":"MultiPolygon","coordinates":[[[[76.9170197,28.3925462],[76.9194559,28.393507],[76.9083505,28.4009162],[76.9083239,28.400936],[76.9083047,28.4009538],[76.9016757,28.4076376],[76.896833,28.4125198],[76.8962987,28.4121854],[76.896293,28.4121818],[76.8948934,28.4113244],[76.8952413,28.4099247],[76.8964304,28.4087621],[76.8981919,28.4082027],[76.898899,28.4066648],[76.9014232,28.4028476],[76.9025916,28.4005392],[76.9086524,28.396405],[76.9110574,28.3956072],[76.916032,28.3921202],[76.9170197,28.3925462]]],[[[76.8955055,28.4131813],[76.8962973,28.413677],[76.8934293,28.4173611],[76.8928159,28.4186641],[76.8906483,28.4175862],[76.8904257,28.4174755],[76.8916647,28.4153227],[76.894103,28.4123221],[76.8955055,28.4131813]]]]}},{"type":"Feature","properties":{"sector":"84","density":"","class":"500","classtext":"500 Public Utilities","code":500,"val":"","codetext":"","area":6126,"labelLat":28.4047247,"labelLng":76.9708483},"geometry":{"type":"Polygon","coordinates":[[[76.9698522,28.4043734],[76.9700325,28.4041701],[76.9700421,28.4041574],[76.9718541,28.4050817],[76.9716432,28.4052867],[76.9698522,28.4043734]]]}},{"type":"Feature","properties":{"sector":"M15","density":"","class":"300","classtext":"300 Industrial","code":300,"val":"320/330/340","codetext":"","area":13492,"labelLat":28.381524,"labelLng":76.9259726},"geometry":{"type":"Polygon","coordinates":[[[76.9268345,28.3817661],[76.9265917,28.3819351],[76.9259624,28.3825025],[76.925344,28.380871],[76.9251744,28.3804235],[76.9252158,28.3803857],[76.9268345,28.3817661]]]}},{"type":"Feature","properties":{"sector":"","density":"","class":"810","classtext":"800 Aggriculture Zone","code":800,"val":"320/330/340","codetext":"","area":335701,"labelLat":28.3882277,"labelLng":76.9222512},"geometry":{"type":"Polygon","coordinates":[[[76.9170833,28.3913833],[76.9172862,28.3912411],[76.9219131,28.3867063],[76.9257699,28.382676],[76.9266637,28.3850341],[76.926692,28.3851063],[76.9204653,28.3927283],[76.9204428,28.3927559],[76.9170833,28.3913833]]]}},{"type":"Feature","properties":{"sector":"M6","density":"","class":"200","classtext":"200 Commercial","code":200,"val":"","codetext":"","area":42578,"labelLat":28.3786533,"labelLng":76.9563713},"geometry":{"type":"Polygon","coordinates":[[[76.9567194,28.3780709],[76.9584869,28.3790359],[76.9566177,28.3796072],[76.9546694,28.3786762],[76.9555425,28.3774787],[76.9567194,28.3780709]]]}},{"type":"Feature","properties":{"sector":"81A","density":"250","class":"100","classtext":"100 Residential (Group Housing/Plotted)","code":100,"val":"100/250","codetext":"","area":347609,"labelLat":28.3818422,"labelLng":76.9547004},"geometry":{"type":"Polygon","coordinates":[[[76.9524637,28.3795722],[76.9557776,28.379864],[76.9563035,28.3797032],[76.9595629,28.3812607],[76.9580691,28.3834883],[76.957163,28.3848446],[76.9550297,28.3839593],[76.955018,28.3839547],[76.9550038,28.3839498],[76.9488665,28.3819844],[76.9488339,28.3819758],[76.9487102,28.3819494],[76.9524637,28.3795722]]]}},{"type":"Feature","properties":{"sector":"M6","density":"","class":"700","classtext":"700 Open Spaces","code":700,"val":"","codetext":"","area":1079712,"labelLat":28.3824583,"labelLng":76.9388815},"geometry":{"type":"MultiPolygon","coordinates":[[[[76.9453216,28.3812617],[76.945273,28.3812773],[76.9421637,28.3825637],[76.9421218,28.3825847],[76.9420824,28.3826127],[76.942075,28.3826192],[76.9383563,28.385967],[76.9383301,28.3859939],[76.9383031,28.3860317],[76.9382999,28.3860373],[76.9367722,28.3887862],[76.9310904,28.3847277],[76.9290012,28.382864],[76.9289794,28.3828439],[76.9289745,28.3828394],[76.9289661,28.3828319],[76.9276654,28.3817227],[76.9366978,28.379936],[76.9544023,28.3787868],[76.9543258,28.3788178],[76.954436,28.3788108],[76.9563035,28.3797032],[76.9557776,28.379864],[76.9524637,28.3795722],[76.9487102,28.3819494],[76.9466885,28.3815187],[76.9454726,28.3812597],[76.9454219,28.3812529],[76.9453714,28.3812536],[76.9453216,28.3812617]]],[[[76.9603666,28.3800621],[76.9596877,28.3810746],[76.9596842,28.3810726],[76.9566177,28.3796072],[76.9584869,28.3790359],[76.9603666,28.3800621]]]]}},{"type":"Feature","properties":{"sector":"82 A","density":"","class":"200","classtext":"200 Commercial","code":200,"val":"250/100","codetext":"","area":199989,"labelLat":28.3840012,"labelLng":76.9662889},"geometry":{"type":"Polygon","coordinates":[[[76.9674028,28.3834661],[76.9694922,28.3847999],[76.9715655,28.3868728],[76.9704371,28.3880594],[76.9678305,28.3854665],[76.9678162,28.3854544],[76.967802,28.3854456],[76.9603126,28.3814705],[76.960312,28.3814702],[76.9610301,28.3803992],[76.9674028,28.3834661]]]}},{"type":"Feature","properties":{"sector":"82 A","density":"250","class":"100","classtext":"100 Residential (Group Housing/Plotted)","code":100,"val":"100/250","codetext":"","area":674477,"labelLat":28.3866214,"labelLng":76.9636713},"geometry":{"type":"Polygon","coordinates":[[[76.96766,28.3856227],[76.9702659,28.3882151],[76.9702787,28.3882259],[76.9672802,28.3913786],[76.9570657,28.3863196],[76.9573025,28.3859659],[76.9587276,28.383833],[76.9601871,28.3816564],[76.96766,28.3856227]]]}},{"type":"Feature","properties":{"sector":"84","density":"250","class":"100","classtext":"100 Residential (Group Housing/Plotted)","code":100,"val":"100/250","codetext":"","area":985563,"labelLat":28.4082465,"labelLng":76.9625398},"geometry":{"type":"Polygon","coordinates":[[[76.9698291,28.4040487],[76.9696379,28.4042641],[76.9657804,28.4086101],[76.9657697,28.4086243],[76.9657659,28.4086308],[76.9619739,28.4157526],[76.9604482,28.414822],[76.9604324,28.414813],[76.9576389,28.4132821],[76.9576328,28.4132788],[76.9551889,28.4119951],[76.9574982,28.4085723],[76.9605494,28.4076611],[76.9605789,28.4076507],[76.960623,28.4076288],[76.9606612,28.4076017],[76.9616192,28.4068043],[76.9616534,28.4067705],[76.9616804,28.4067327],[76.9617,28.4066914],[76.9617116,28.4066479],[76.9617145,28.4066229],[76.9619823,28.4023978],[76.9619827,28.4023783],[76.9619777,28.4023338],[76.9619645,28.4022906],[76.961956,28.402272],[76.9618293,28.4020219],[76.962883,28.4008188],[76.963073,28.4006018],[76.9698291,28.4040487]]]}},{"type":"Feature","properties":{"sector":"36 A","density":"","class":"700","classtext":"700 Open Spaces","code":700,"val":"","codetext":"","area":934291,"labelLat":28.4085792,"labelLng":76.9805288},"geometry":{"type":"Polygon","coordinates":[[[76.9712367,28.4179223],[76.9706782,28.4182605],[76.9704467,28.4183085],[76.9696521,28.4182895],[76.96884,28.4181846],[76.9684103,28.4181058],[76.9683208,28.4180894],[76.9827075,28.4052534],[76.9825119,28.4031017],[76.981708,28.4016923],[76.9829922,28.3986174],[76.986597,28.4022791],[76.9868406,28.4025372],[76.987806,28.4042465],[76.9878796,28.4050713],[76.9878815,28.4050834],[76.9878829,28.4050891],[76.988232,28.4063206],[76.9882319,28.4063207],[76.9712367,28.4179223]]]}},{"type":"Feature","properties":{"sector":"37 D","density":"","class":"300","classtext":"300 Industrial","code":300,"val":"","codetext":"","area":412128,"labelLat":28.4378456,"labelLng":76.9701389},"geometry":{"type":"Polygon","coordinates":[[[76.9775837,28.4395114],[76.976528,28.4402897],[76.9747184,28.4417831],[76.9746979,28.4417656],[76.9746604,28.4417433],[76.9644644,28.4368048],[76.9644251,28.4367894],[76.964382,28.4367798],[76.9643602,28.4367785],[76.9646034,28.4338206],[76.9648198,28.4333659],[76.9666374,28.4343828],[76.9666463,28.4343877],[76.9690665,28.4356968],[76.9725261,28.4375572],[76.9749408,28.4388734],[76.9749898,28.4388977],[76.975058,28.4389244],[76.9750922,28.438935],[76.9752942,28.4389922],[76.975325,28.4390003],[76.9758459,28.4391245],[76.9758546,28.4391265],[76.9774284,28.4394765],[76.9775837,28.4395114]]]}},{"type":"Feature","properties":{"sector":"9 A","density":"","class":"500","classtext":"500 Public Utilities","code":500,"val":"510/530","codetext":"","area":353020,"labelLat":28.4716402,"labelLng":76.9976952},"geometry":{"type":"Polygon","coordinates":[[[77.003541,28.4728644],[77.0020788,28.4761544],[77.0006105,28.4756299],[77.0006031,28.4756274],[77.0005999,28.4756265],[76.9999709,28.4754485],[76.9980072,28.4731315],[76.9979952,28.473118],[76.9979767,28.4730991],[76.997451,28.4725972],[76.9967947,28.4719705],[76.9967713,28.4719497],[76.9967587,28.4719397],[76.9956492,28.471088],[76.9956231,28.4710694],[76.9951324,28.4707451],[76.9951236,28.4707394],[76.9950994,28.4707252],[76.9890715,28.4674202],[76.9885716,28.4671013],[76.9888761,28.4663325],[77.003541,28.4728644]]]}},{"type":"Feature","properties":{"sector":"","density":"","class":"200","classtext":"200 Commercial","code":200,"val":"","codetext":"","area":181311,"labelLat":28.4551387,"labelLng":77.0110328},"geometry":{"type":"Polygon","coordinates":[[[77.0086647,28.453049],[77.0089208,28.4531455],[77.0089475,28.4531547],[77.0092936,28.4532632],[77.0093185,28.4532703],[77.0093433,28.4532761],[77.0096253,28.453334],[77.0096591,28.4533398],[77.0100227,28.4533894],[77.0100336,28.4533908],[77.0109882,28.4534992],[77.0114279,28.4536039],[77.0118445,28.4537423],[77.0124736,28.4540019],[77.013268,28.4543644],[77.0133969,28.4544452],[77.0135971,28.454601],[77.0137563,28.4547735],[77.0139239,28.4549596],[77.0143727,28.4556744],[77.0147251,28.4562788],[77.0147582,28.4563266],[77.014769,28.4563395],[77.0149516,28.4565484],[77.0143414,28.4565555],[77.0115302,28.4565447],[77.0084719,28.4565326],[77.0084621,28.4565326],[77.0078064,28.4565423],[77.0086083,28.4553308],[77.0083677,28.4540356],[77.0081833,28.4534271],[77.0086647,28.453049]]]}},{"type":"Feature","properties":{"sector":"11","density":"","class":"200","classtext":"200 Commercial","code":200,"val":"","codetext":"","area":99306,"labelLat":28.4480368,"labelLng":77.0158859},"geometry":{"type":"MultiPolygon","coordinates":[[[[77.0163297,28.4452888],[77.0175451,28.4467363],[77.0161968,28.4475021],[77.0159072,28.4477217],[77.019097,28.4511353],[77.0206871,28.4528897],[77.0202666,28.4529487],[77.0189332,28.4515061],[77.0189309,28.4515036],[77.0142343,28.4466587],[77.016329,28.445288],[77.0163297,28.4452888]]],[[[77.0220892,28.4543799],[77.0242584,28.4569938],[77.0238066,28.4570884],[77.0238014,28.4570932],[77.0237665,28.4569835],[77.0237621,28.4569718],[77.0237504,28.4569506],[77.023742,28.4569394],[77.0215834,28.4543736],[77.0215791,28.4543687],[77.0204908,28.4531913],[77.020955,28.4531262],[77.0220892,28.4543799]]]]}},{"type":"Feature","properties":{"sector":"10A","density":"","class":"200","classtext":"200 Commercial","code":200,"val":"","codetext":"","area":60370,"labelLat":28.4442677,"labelLng":77.0112015},"geometry":{"type":"Polygon","coordinates":[[[77.005861,28.4389117],[77.0062077,28.4387057],[77.0064918,28.4391142],[77.006504,28.4391293],[77.0083676,28.4411351],[77.0105852,28.4434542],[77.0105886,28.4434575],[77.0127767,28.4455709],[77.0166038,28.4495191],[77.0163972,28.4498713],[77.0151257,28.4484476],[77.0123947,28.4457376],[77.0100002,28.4434505],[77.0078643,28.4411136],[77.005861,28.4389117]]]}},{"type":"Feature","properties":{"sector":"10A","density":"","class":"200","classtext":"200 Commercial","code":200,"val":"","codetext":"","area":15447,"labelLat":28.4513485,"labelLng":77.0181578},"geometry":{"type":"Polygon","coordinates":[[[77.0164386,28.4498008],[77.0166038,28.4495191],[77.0186972,28.4516786],[77.0199411,28.4530244],[77.0195732,28.4530787],[77.0193944,28.4528848],[77.0177407,28.4511042],[77.0164386,28.4498008]]]}},{"type":"Feature","properties":{"sector":"10A","density":"","class":"200","classtext":"200 Commercial","code":200,"val":"","codetext":"","area":21370,"labelLat":28.4552446,"labelLng":77.021662},"geometry":{"type":"Polygon","coordinates":[[[77.0197723,28.4533237],[77.0201643,28.4532658],[77.0213397,28.4545376],[77.0234793,28.4570809],[77.0235131,28.4571867],[77.0230219,28.4570302],[77.0230135,28.4570278],[77.0228211,28.4569786],[77.0223174,28.4563271],[77.0210615,28.4548341],[77.0200529,28.4536486],[77.0197723,28.4533237]]]}},{"type":"Feature","properties":{"sector":"10 A","density":"","class":"300","classtext":"300 Industrial","code":300,"val":"","codetext":"","area":353555,"labelLat":28.4416559,"labelLng":77.0113411},"geometry":{"type":"Polygon","coordinates":[[[77.016329,28.445288],[77.0142343,28.4466587],[77.0130073,28.4453928],[77.0130043,28.4453898],[77.0108165,28.4432768],[77.0086029,28.4409619],[77.0067472,28.4389646],[77.0064621,28.4385546],[77.0064789,28.4385447],[77.0064931,28.4385357],[77.0073842,28.4379362],[77.0089352,28.4369807],[77.0091964,28.4368206],[77.016329,28.445288]]]}},{"type":"Feature","properties":{"sector":"7","density":"375","class":"100","classtext":"100 Residential (Group Housing/Plotted)","code":100,"val":"100/375","codetext":"","area":619903,"labelLat":28.4670223,"labelLng":77.0109401},"geometry":{"type":"Polygon","coordinates":[[[77.0153133,28.4628285],[77.0133719,28.4659378],[77.0116134,28.469631],[77.0141733,28.4705787],[77.0183023,28.4722911],[77.0177973,28.473357],[77.01688,28.4730251],[77.0095262,28.4702804],[77.0067809,28.4692901],[77.005659,28.4688503],[77.0085331,28.462467],[77.0086394,28.4622287],[77.0086743,28.4622333],[77.0086816,28.4622341],[77.0153133,28.4628285]]]}},{"type":"Feature","properties":{"sector":"12 A","density":"375","class":"100","classtext":"100 Residential (Group Housing/Plotted)","code":100,"val":"100/375","codetext":"","area":143508,"labelLat":28.4715791,"labelLng":77.0314737},"geometry":{"type":"MultiPolygon","coordinates":[[[[77.0295376,28.4738633],[77.028909,28.4723513],[77.0287447,28.4718827],[77.0296405,28.4715796],[77.0299662,28.471655],[77.0303042,28.4716958],[77.0306903,28.471541],[77.0312773,28.4710395],[77.0323807,28.4704156],[77.0325708,28.4701836],[77.0328358,28.4698014],[77.033203,28.4693375],[77.0335869,28.4690682],[77.0337872,28.4689362],[77.0338687,28.4695569],[77.0340111,28.4707799],[77.0295376,28.4738633]]],[[[77.0374372,28.4683997],[77.034296,28.4705823],[77.0341732,28.4695275],[77.0340819,28.4688322],[77.0346936,28.4686162],[77.0348986,28.468487],[77.0351696,28.4684142],[77.0352955,28.4682175],[77.035731,28.467936],[77.0364963,28.4673316],[77.0374372,28.4683997]]]]}},{"type":"Feature","properties":{"sector":"7","density":"","class":"200","classtext":"200 Commercial","code":200,"val":"","codetext":"","area":11606,"labelLat":28.4583422,"labelLng":77.0246717},"geometry":{"type":"Polygon","coordinates":[[[77.022779,28.4572496],[77.0229236,28.4572866],[77.023466,28.4574594],[77.0234804,28.4574633],[77.023663,28.4575028],[77.0238176,28.4576153],[77.0238295,28.4576231],[77.0244817,28.4580074],[77.0244858,28.4580097],[77.0248414,28.4582053],[77.0251261,28.4584006],[77.0254571,28.4586348],[77.0257811,28.4589163],[77.0259512,28.4590907],[77.0259634,28.4591018],[77.0262753,28.4593551],[77.0261017,28.4595343],[77.0251823,28.4588262],[77.0245504,28.4583314],[77.0235819,28.4578645],[77.022779,28.4572496]]]}},{"type":"Feature","properties":{"sector":"11","density":"","class":"200","classtext":"200 Commercial","code":200,"val":"","codetext":"","area":12938,"labelLat":28.4580633,"labelLng":77.0253694},"geometry":{"type":"Polygon","coordinates":[[[77.0266911,28.4588723],[77.0266168,28.4589715],[77.0264683,28.4591443],[77.0261772,28.4589078],[77.0260087,28.4587352],[77.0260003,28.4587272],[77.0256662,28.458437],[77.025655,28.4584281],[77.0253158,28.458188],[77.0250229,28.4579871],[77.0250099,28.4579791],[77.0246496,28.457781],[77.0240058,28.4574017],[77.0238678,28.4573012],[77.0238014,28.4570932],[77.0238066,28.4570884],[77.0239939,28.4570492],[77.024859,28.4575131],[77.0262887,28.4583628],[77.0266911,28.4588723]]]}},{"type":"Feature","properties":{"sector":"12","density":"","class":"200","classtext":"200 Commercial","code":200,"val":"","codetext":"","area":28897,"labelLat":28.4629319,"labelLng":77.023341},"geometry":{"type":"Polygon","coordinates":[[[77.0267645,28.4597758],[77.0258236,28.4607922],[77.0246743,28.4617341],[77.0239431,28.4624385],[77.0234998,28.4629342],[77.0228342,28.4639133],[77.0222504,28.4649624],[77.0214763,28.4665834],[77.0210339,28.467648],[77.0209475,28.4674911],[77.0209411,28.4674808],[77.0209254,28.4674617],[77.0209062,28.4674453],[77.0208841,28.4674321],[77.0208667,28.4674252],[77.0209052,28.4673405],[77.0216496,28.465728],[77.0220131,28.4649513],[77.0222496,28.4644344],[77.0225049,28.4639878],[77.022794,28.4635039],[77.0229903,28.4631954],[77.023292,28.4627768],[77.0234959,28.462546],[77.0242385,28.461814],[77.0250493,28.4609856],[77.026056,28.4599975],[77.0260585,28.4599949],[77.026478,28.4595621],[77.0264788,28.4595628],[77.0267645,28.4597758]]]}},{"type":"Feature","properties":{"sector":"13","density":"","class":"810","classtext":"800 Aggriculture Zone","code":800,"val":"","codetext":"","area":842521,"labelLat":28.4764268,"labelLng":77.0403521},"geometry":{"type":"Polygon","coordinates":[[[77.0402175,28.4715738],[77.0413667,28.4728934],[77.043349,28.475133],[77.0451718,28.4771968],[77.0472545,28.4795895],[77.0486597,28.4811501],[77.0489296,28.4814564],[77.0489213,28.481474],[77.0489184,28.4814848],[77.0487512,28.4815229],[77.0478513,28.4816082],[77.0474589,28.4815688],[77.045092,28.4810765],[77.0429289,28.4806035],[77.042173,28.4804229],[77.0405563,28.4797407],[77.0394107,28.479237],[77.0393924,28.4792302],[77.0393851,28.4792282],[77.039005,28.4791307],[77.0389972,28.479129],[77.0373971,28.4787976],[77.0360217,28.4785237],[77.0353438,28.478398],[77.0353364,28.4783968],[77.035312,28.4783951],[77.0352439,28.4783952],[77.0346196,28.4733603],[77.034498,28.4723188],[77.0344966,28.4723073],[77.0344952,28.4722953],[77.0343979,28.4714578],[77.0402175,28.4715738]]]}},{"type":"Feature","properties":{"sector":"13","density":"","class":"200","classtext":"200 Commercial","code":200,"val":"","codetext":"","area":102807,"labelLat":28.4705248,"labelLng":77.0372089},"geometry":{"type":"Polygon","coordinates":[[[77.0343979,28.4714578],[77.0343331,28.4709009],[77.037625,28.4686136],[77.0396623,28.4709361],[77.0402175,28.4715738],[77.0343979,28.4714578]]]}},{"type":"Feature","properties":{"sector":"11 A","density":"250","class":"100","classtext":"100 Residential (Group Housing/Plotted)","code":100,"val":"100/250","codetext":"","area":341135,"labelLat":28.4515001,"labelLng":77.0368944},"geometry":{"type":"Polygon","coordinates":[[[77.0348563,28.447008],[77.0353428,28.4471762],[77.0353963,28.4471978],[77.0357949,28.4474528],[77.0367406,28.4483473],[77.0379748,28.4496662],[77.0379857,28.4496777],[77.0408552,28.4526682],[77.0408882,28.4527028],[77.0402793,28.4533007],[77.0389055,28.4546506],[77.0378321,28.455701],[77.037544,28.4553798],[77.0370464,28.4547904],[77.0364696,28.4542976],[77.0356224,28.4537851],[77.0347358,28.4526285],[77.0340144,28.4516365],[77.0338579,28.4505167],[77.0343322,28.4484802],[77.0348563,28.447008]]]}},{"type":"Feature","properties":{"sector":"15","density":"250","class":"100","classtext":"100 Residential (Group Housing/Plotted)","code":100,"val":"100/250","codetext":"","area":840395,"labelLat":28.4603322,"labelLng":77.0439922},"geometry":{"type":"MultiPolygon","coordinates":[[[[77.0422856,28.4671741],[77.0422704,28.4671655],[77.0406949,28.4663105],[77.0396848,28.4657466],[77.0409793,28.4654512],[77.0416435,28.4648682],[77.0426552,28.464089],[77.0434582,28.4628002],[77.0431367,28.4624344],[77.0414469,28.4602633],[77.0388966,28.4568875],[77.0380251,28.455916],[77.039133,28.4548318],[77.040507,28.4534817],[77.0410877,28.4529115],[77.0483824,28.4605475],[77.0504127,28.4626615],[77.0486817,28.4634499],[77.0486731,28.4634541],[77.0486515,28.463468],[77.0486488,28.4634701],[77.0484892,28.4635986],[77.0484733,28.4636134],[77.0484584,28.463633],[77.0484475,28.4636545],[77.048441,28.4636774],[77.0484391,28.4636965],[77.048403,28.4657519],[77.0476373,28.4664465],[77.0473564,28.4666378],[77.0450426,28.4646023],[77.04468,28.4641899],[77.0422856,28.4671741]]],[[[77.050739,28.4630013],[77.0514701,28.4637732],[77.0502729,28.4643791],[77.0502577,28.4643881],[77.0494896,28.4649039],[77.0494833,28.4649084],[77.0489201,28.4653299],[77.0489165,28.4653328],[77.0487138,28.4654964],[77.0487444,28.4637593],[77.04884,28.4636823],[77.0506162,28.4628734],[77.050739,28.4630013]]]]}},{"type":"Feature","properties":{"sector":"16","density":"","class":"300","classtext":"300 Industrial","code":300,"val":"320/330/340","codetext":"","area":217907,"labelLat":28.4703369,"labelLng":77.0538812},"geometry":{"type":"Polygon","coordinates":[[[77.0551891,28.4679283],[77.0563326,28.4694168],[77.0563593,28.4694503],[77.0564248,28.4695236],[77.0564964,28.4695922],[77.056552,28.4696388],[77.0567846,28.4698234],[77.0567561,28.4701911],[77.0566313,28.4708766],[77.0565298,28.4712153],[77.0555361,28.470747],[77.054992,28.4719489],[77.0558775,28.4724333],[77.0552532,28.4732426],[77.0548725,28.473095],[77.0525288,28.4721756],[77.0525251,28.4721742],[77.0507635,28.471531],[77.0525576,28.4679003],[77.0551891,28.4679283]]]}},{"type":"Feature","properties":{"sector":"14","density":"","class":"200","classtext":"200 Commercial","code":200,"val":"","codetext":"","area":57208,"labelLat":28.4769237,"labelLng":77.0456475},"geometry":{"type":"Polygon","coordinates":[[[77.0423637,28.4728326],[77.0491719,28.4805202],[77.0491303,28.48069],[77.0489054,28.4809884],[77.0489005,28.4809827],[77.0474958,28.4794227],[77.0454138,28.4770308],[77.0435904,28.4749664],[77.0419757,28.4731421],[77.0423637,28.4728326]]]}},{"type":"Feature","properties":{"sector":"14","density":"","class":"200","classtext":"200 Commercial","code":200,"val":"","codetext":"","area":245537,"labelLat":28.4672033,"labelLng":77.0388665},"geometry":{"type":"Polygon","coordinates":[[[77.040597,28.4708376],[77.0400969,28.4709914],[77.0399047,28.4707707],[77.0377366,28.4682989],[77.0361721,28.466523],[77.0337528,28.4637801],[77.0337469,28.4637739],[77.0336498,28.4636779],[77.0340177,28.463783],[77.0344172,28.4639326],[77.034682,28.4640528],[77.0347005,28.4640599],[77.0350411,28.4641672],[77.0350467,28.4641689],[77.0354215,28.4642707],[77.0354295,28.4642727],[77.0359862,28.4643951],[77.0366537,28.4645612],[77.0375027,28.4648742],[77.0381233,28.4651763],[77.0392778,28.4658395],[77.040533,28.4665403],[77.0421082,28.4673952],[77.0430463,28.4679206],[77.0438097,28.4683981],[77.0396597,28.469779],[77.040597,28.4708376]]]}},{"type":"Feature","properties":{"sector":"14","density":"","class":"600","classtext":"600 Public and Semi Public Use","code":600,"val":"","codetext":"","area":25440,"labelLat":28.4718697,"labelLng":77.0414321},"geometry":{"type":"Polygon","coordinates":[[[77.0412033,28.4709209],[77.041751,28.4715239],[77.042138,28.4718695],[77.0422638,28.4721121],[77.0425307,28.4725053],[77.0424663,28.4727508],[77.0423637,28.4728326],[77.0419757,28.4731421],[77.0416088,28.4727276],[77.0400969,28.4709914],[77.040597,28.4708376],[77.0407512,28.4707902],[77.0412033,28.4709209]]]}},{"type":"Feature","properties":{"sector":"48","density":"","class":"700","classtext":"700 Open Spaces","code":700,"val":"","codetext":"","area":89405,"labelLat":28.4241586,"labelLng":77.0288235},"geometry":{"type":"Polygon","coordinates":[[[77.0317345,28.4219104],[77.0282883,28.4262806],[77.0276858,28.4261399],[77.0265115,28.4242088],[77.0276029,28.4237604],[77.0276107,28.4237569],[77.0295372,28.4228114],[77.0295406,28.4228096],[77.0299492,28.4225935],[77.0309357,28.4220716],[77.0312363,28.4220109],[77.0317345,28.4219104]]]}},{"type":"Feature","properties":{"sector":"16","density":"","class":"600","classtext":"600 Public and Semi Public Use","code":600,"val":"610/620/630","codetext":"","area":504218,"labelLat":28.4678149,"labelLng":77.0499616},"geometry":{"type":"MultiPolygon","coordinates":[[[[77.0507635,28.471531],[77.0502396,28.4713397],[77.0495205,28.4710754],[77.0481988,28.4704985],[77.0473987,28.4701375],[77.0464355,28.4696557],[77.0456616,28.4692344],[77.0445961,28.4685583],[77.0442803,28.4683608],[77.0465905,28.4674005],[77.0466008,28.4673958],[77.047136,28.467128],[77.0471394,28.4671263],[77.047154,28.4671174],[77.0478329,28.466655],[77.0478399,28.46665],[77.0478491,28.4666422],[77.0486557,28.4659101],[77.0486584,28.4659077],[77.0486647,28.4659021],[77.0486747,28.4658936],[77.049121,28.4655343],[77.0496781,28.4651172],[77.0504351,28.4646089],[77.0516698,28.463984],[77.0542588,28.4667173],[77.0551891,28.4679283],[77.0525576,28.4679003],[77.0507635,28.471531]]],[[[77.0450426,28.4646023],[77.0473564,28.4666378],[77.0469756,28.4668972],[77.0464549,28.4671577],[77.043993,28.4681811],[77.0432201,28.4676977],[77.0432136,28.4676939],[77.0422856,28.4671741],[77.04468,28.4641899],[77.0450426,28.4646023]]]]}},{"type":"Feature","properties":{"sector":"16","density":"","class":"200","classtext":"200 Commercial","code":200,"val":"200","codetext":"","area":16058,"labelLat":28.4715895,"labelLng":77.0557596},"geometry":{"type":"Polygon","coordinates":[[[77.0565298,28.4712153],[77.0564788,28.4713856],[77.0561096,28.4721324],[77.0558775,28.4724333],[77.054992,28.4719489],[77.0555361,28.470747],[77.0565298,28.4712153]]]}},{"type":"Feature","properties":{"sector":"17","density":"375","class":"100","classtext":"100 Residential (Group Housing/Plotted)","code":100,"val":"100/375","codetext":"","area":813386,"labelLat":28.4778387,"labelLng":77.0591189},"geometry":{"type":"MultiPolygon","coordinates":[[[[77.0565848,28.47435],[77.0574531,28.4747545],[77.0585378,28.4752631],[77.0585618,28.4752735],[77.0591499,28.4755116],[77.0591886,28.4755252],[77.0595909,28.475648],[77.0596124,28.4756541],[77.0596262,28.4756574],[77.05996,28.4757335],[77.0599877,28.4757391],[77.0603347,28.4757983],[77.0603531,28.4758011],[77.0603686,28.4758029],[77.0606855,28.4758355],[77.0608473,28.4758695],[77.0609994,28.4759169],[77.0612441,28.4760378],[77.0618262,28.4764008],[77.0618499,28.4764146],[77.062238,28.4766262],[77.0622877,28.4766496],[77.0626715,28.4768048],[77.0627314,28.4768243],[77.0632122,28.4769484],[77.0632729,28.4769602],[77.063938,28.4770471],[77.0637721,28.4775134],[77.0637028,28.478393],[77.0638465,28.4791166],[77.0643748,28.4796052],[77.0630014,28.4801226],[77.0612845,28.4807599],[77.0595668,28.4813589],[77.059069,28.4816953],[77.053905,28.4762499],[77.0553506,28.4744934],[77.0557444,28.4740241],[77.0565848,28.47435]]],[[[77.0694877,28.4800257],[77.0686048,28.4806213],[77.0621153,28.4849071],[77.0609866,28.4837171],[77.0610815,28.4836661],[77.0626197,28.482726],[77.0637733,28.4820209],[77.064529,28.4808634],[77.0653659,28.4794373],[77.0670471,28.4791826],[77.0675665,28.4792129],[77.067977,28.4787296],[77.0694877,28.4800257]]],[[[77.0650636,28.4763935],[77.0642712,28.47627],[77.0642587,28.4762682],[77.0634393,28.4761611],[77.063021,28.4760532],[77.0626959,28.4759217],[77.0623444,28.4757301],[77.0617543,28.4753621],[77.0617136,28.4753394],[77.0614135,28.4751912],[77.0614032,28.4751862],[77.0613445,28.4751634],[77.06113,28.4750966],[77.0610837,28.4750846],[77.0608721,28.47504],[77.0608645,28.4750385],[77.0608188,28.4750317],[77.060492,28.4749981],[77.0601758,28.4749442],[77.0598736,28.4748753],[77.0595098,28.4747642],[77.0589567,28.4745403],[77.0578828,28.4740367],[77.0569986,28.4736248],[77.0569691,28.4736122],[77.0562848,28.473347],[77.0568851,28.4725688],[77.0568964,28.4725536],[77.0569309,28.4724985],[77.0569403,28.4724806],[77.0573303,28.4716916],[77.057348,28.4716513],[77.0573611,28.4716135],[77.0575235,28.4710715],[77.0575297,28.4710487],[77.0575361,28.4710189],[77.0576314,28.4704955],[77.0650636,28.4763935]]]]}},{"type":"Feature","properties":{"sector":"17","density":"","class":"810","classtext":"800 Aggriculture Zone","code":800,"val":"","codetext":"","area":484986,"labelLat":28.4802194,"labelLng":77.054467},"geometry":{"type":"MultiPolygon","coordinates":[[[[77.059069,28.4816953],[77.0577744,28.4825702],[77.0566281,28.4836571],[77.0549011,28.4815441],[77.0525797,28.4822286],[77.0517876,28.4815147],[77.050308,28.4820794],[77.0502399,28.4820025],[77.0502338,28.4819957],[77.0502289,28.4819906],[77.0498895,28.481636],[77.0502145,28.4812047],[77.0502221,28.4811944],[77.0502566,28.4811393],[77.0502837,28.4810811],[77.0503032,28.4810199],[77.0503798,28.480707],[77.0504854,28.4804487],[77.0507261,28.4800918],[77.051713,28.4789124],[77.0530819,28.4772499],[77.053905,28.4762499],[77.059069,28.4816953]]],[[[77.0621153,28.4849071],[77.0561762,28.4888288],[77.0560745,28.4886998],[77.056064,28.488687],[77.0549795,28.4874186],[77.0576907,28.4849398],[77.0593272,28.4846095],[77.0609866,28.4837171],[77.0621153,28.4849071]]]]}},{"type":"Feature","properties":{"sector":"18","density":"","class":"810","classtext":"800 Aggriculture Zone","code":800,"val":"220/230/240","codetext":"","area":216681,"labelLat":28.4877647,"labelLng":77.0612293},"geometry":{"type":"Polygon","coordinates":[[[77.065484,28.4887353],[77.056775,28.489543],[77.0563868,28.4890962],[77.0563513,28.4890511],[77.0625197,28.484978],[77.065484,28.4887353]]]}},{"type":"Feature","properties":{"sector":"18","density":"","class":"600","classtext":"600 Public and Semi Public Use","code":600,"val":"620/630","codetext":"","area":794972,"labelLat":28.4855457,"labelLng":77.0696974},"geometry":{"type":"Polygon","coordinates":[[[77.0625197,28.484978],[77.0697185,28.4802237],[77.0699759,28.4804445],[77.07047,28.4810061],[77.0705053,28.4810447],[77.0778493,28.4887246],[77.0768148,28.4894143],[77.0736865,28.488637],[77.068391,28.4884656],[77.065484,28.4887353],[77.0625197,28.484978]]]}},{"type":"Feature","properties":{"sector":"19","density":"","class":"600","classtext":"600 Public and Semi Public Use","code":600,"val":"650","codetext":"","area":584595,"labelLat":28.5039006,"labelLng":77.0780124},"geometry":{"type":"Polygon","coordinates":[[[77.0794838,28.5010117],[77.0798837,28.501115],[77.080891,28.5012905],[77.0816049,28.5014706],[77.082071,28.5016135],[77.0824301,28.5018126],[77.0830041,28.5019403],[77.0833469,28.5020987],[77.0838358,28.5023503],[77.0841466,28.5031062],[77.0840089,28.5043498],[77.0838008,28.5047589],[77.0822534,28.5057853],[77.0795916,28.5064946],[77.0786501,28.5067239],[77.0770769,28.5064375],[77.0761782,28.5060932],[77.0740707,28.5063198],[77.0724229,28.5065632],[77.0718372,28.5066267],[77.07171,28.5064376],[77.0721748,28.5057211],[77.0722341,28.5048062],[77.071929,28.5042106],[77.0717757,28.5034762],[77.0721518,28.5029657],[77.0729341,28.5026946],[77.0753998,28.502425],[77.0755952,28.5021492],[77.0758297,28.5015044],[77.0759577,28.5009431],[77.0762561,28.5007739],[77.0792185,28.5010001],[77.0794113,28.5010198],[77.0794316,28.5010207],[77.0794581,28.5010182],[77.0794838,28.5010117]]]}},{"type":"Feature","properties":{"sector":"18","density":"","class":"300","classtext":"300 Industrial","code":300,"val":"320/330/340","codetext":"","area":1504005,"labelLat":28.4940234,"labelLng":77.0812742},"geometry":{"type":"Polygon","coordinates":[[[77.059045,28.4922461],[77.0589981,28.4921966],[77.0586848,28.4918537],[77.0585159,28.491665],[77.0579946,28.4910527],[77.0577901,28.4907488],[77.0577864,28.4907434],[77.0577652,28.4907157],[77.0571052,28.4899232],[77.0570996,28.4899166],[77.056775,28.489543],[77.068391,28.4884656],[77.0736865,28.488637],[77.0768148,28.4894143],[77.0778493,28.4887246],[77.0805509,28.4915493],[77.0805562,28.4915549],[77.0848084,28.4959415],[77.0850982,28.4962481],[77.0793784,28.500744],[77.0792516,28.500731],[77.0792471,28.5007306],[77.076246,28.5005015],[77.0762302,28.500501],[77.0762211,28.5005014],[77.0744721,28.5006198],[77.0744546,28.5006218],[77.07444,28.500625],[77.0721814,28.501221],[77.0721704,28.5012243],[77.0721464,28.5012347],[77.0721289,28.5012455],[77.0689832,28.5034956],[77.0680978,28.5024758],[77.0680905,28.5024676],[77.0669192,28.5011881],[77.0660977,28.5002645],[77.0655945,28.4996693],[77.0650511,28.498993],[77.0650411,28.4989811],[77.0649318,28.498855],[77.0715647,28.4988311],[77.0795693,28.4990908],[77.0796069,28.4927397],[77.059045,28.4922461]]]}},{"type":"Feature","properties":{"sector":"30","density":"250","class":"100","classtext":"100 Residential (Group Housing/Plotted)","code":100,"val":"100/250","codetext":"","area":760658,"labelLat":28.4616899,"labelLng":77.0571358},"geometry":{"type":"Polygon","coordinates":[[[77.0569602,28.4570394],[77.0578321,28.4580294],[77.0583154,28.4585829],[77.0583221,28.4585901],[77.059294,28.459537],[77.0635842,28.4639471],[77.063092,28.4643265],[77.0611403,28.4658125],[77.0596418,28.4669716],[77.0590642,28.4674128],[77.0589373,28.4674823],[77.0587237,28.4675897],[77.0584005,28.4677212],[77.058387,28.4677271],[77.0583718,28.4677341],[77.0565006,28.4652984],[77.0564738,28.4652648],[77.0564171,28.4652007],[77.0528498,28.4614346],[77.0528437,28.4614282],[77.0505912,28.4590829],[77.0512666,28.4585808],[77.0522663,28.4578441],[77.0522703,28.457841],[77.0527724,28.4574365],[77.053222,28.4571976],[77.0532339,28.4571906],[77.0534237,28.4570671],[77.0536556,28.4569745],[77.0538423,28.4569216],[77.0541611,28.4568359],[77.0544621,28.456755],[77.0544729,28.4567517],[77.0548331,28.4566267],[77.0548436,28.4566226],[77.0551223,28.4565038],[77.0551346,28.4564979],[77.0551387,28.4564957],[77.0554059,28.4563436],[77.0554236,28.4563318],[77.0558752,28.4559822],[77.0569602,28.4570394]]]}},{"type":"Feature","properties":{"sector":"40","density":"250","class":"100","classtext":"100 Residential (Group Housing/Plotted)","code":100,"val":"100/250","codetext":"","area":803531,"labelLat":28.4495157,"labelLng":77.0569141},"geometry":{"type":"Polygon","coordinates":[[[77.0619549,28.448215],[77.0636012,28.4499283],[77.0630349,28.4503427],[77.0611997,28.4516958],[77.0611972,28.4516977],[77.059841,28.4527463],[77.0585448,28.4537012],[77.0574904,28.4544911],[77.0565774,28.4551026],[77.0559749,28.4544432],[77.0555855,28.4540171],[77.0545724,28.4529357],[77.0537206,28.4520346],[77.0524826,28.4506933],[77.0510593,28.4491328],[77.0502095,28.4481793],[77.0502048,28.4481743],[77.0501905,28.4481616],[77.0491601,28.4473575],[77.0495997,28.4471475],[77.0501716,28.4471389],[77.0510012,28.4471263],[77.0510279,28.4471239],[77.0517517,28.4469983],[77.0517771,28.4469919],[77.0517917,28.4469862],[77.0522602,28.4467756],[77.0529493,28.4467759],[77.0535517,28.4468691],[77.0535796,28.4468709],[77.0536072,28.4468682],[77.0539046,28.4468134],[77.0545401,28.4466939],[77.0545442,28.4466931],[77.0550015,28.4465955],[77.0550062,28.4465944],[77.055466,28.4464824],[77.0554719,28.4464808],[77.0557486,28.4464026],[77.0557568,28.4464001],[77.0557808,28.4463898],[77.0557879,28.4463858],[77.055988,28.4462658],[77.0561935,28.4461435],[77.0562083,28.4461334],[77.0562279,28.4461153],[77.0564055,28.445913],[77.0564186,28.4458954],[77.0566092,28.4455879],[77.0569009,28.445141],[77.057115,28.4449137],[77.0576966,28.4444654],[77.057701,28.4444619],[77.058075,28.4441502],[77.0598507,28.4460165],[77.0619549,28.448215]]]}},{"type":"Feature","properties":{"sector":"47","density":"","class":"200","classtext":"200 Commercial","code":200,"val":"200","codetext":"","area":161626,"labelLat":28.4318037,"labelLng":77.0505883},"geometry":{"type":"Polygon","coordinates":[[[77.0537703,28.4310997],[77.0535965,28.4312312],[77.0525185,28.432052],[77.0513928,28.4329019],[77.0505034,28.4335696],[77.0497674,28.4341293],[77.0493902,28.4343752],[77.048037,28.4329829],[77.0474123,28.4323272],[77.0495294,28.4307918],[77.0505568,28.4302873],[77.0513756,28.4297249],[77.0520934,28.4293015],[77.0537703,28.4310997]]]}},{"type":"Feature","properties":{"sector":"38","density":"","class":"700","classtext":"700 Open Spaces","code":700,"val":"710","codetext":"","area":182338,"labelLat":28.441924,"labelLng":77.0363731},"geometry":{"type":"Polygon","coordinates":[[[77.039289,28.4419643],[77.0391363,28.4420795],[77.0381106,28.4428327],[77.0373372,28.4434206],[77.0373248,28.4434312],[77.0369296,28.4438096],[77.0369232,28.4438162],[77.0369082,28.4438357],[77.0369064,28.4438387],[77.0366369,28.4442939],[77.0366331,28.4443009],[77.0363263,28.4449005],[77.0356544,28.4446682],[77.0355961,28.4446493],[77.0354949,28.4446227],[77.0353917,28.444603],[77.0353597,28.4445983],[77.0344101,28.4444706],[77.034645,28.4427485],[77.0346461,28.4427394],[77.0348598,28.4409105],[77.0350313,28.4393541],[77.0350541,28.439211],[77.0350613,28.4391661],[77.0364119,28.439026],[77.039289,28.4419643]]]}},{"type":"Feature","properties":{"sector":"38","density":"","class":"600","classtext":"600 Public and Semi Public Use","code":600,"val":"630","codetext":"","area":151602,"labelLat":28.4395298,"labelLng":77.0394717},"geometry":{"type":"Polygon","coordinates":[[[77.0423186,28.4396767],[77.0413347,28.4404213],[77.0413338,28.4404219],[77.0405979,28.4409771],[77.040166,28.441303],[77.039289,28.4419643],[77.0364119,28.439026],[77.0381781,28.4382813],[77.0392733,28.4376996],[77.0399549,28.4371851],[77.0423186,28.4396767]]]}},{"type":"Feature","properties":{"sector":"67","density":"","class":"200","classtext":"200 Commercial","code":200,"val":"200","codetext":"","area":270104,"labelLat":28.3844967,"labelLng":77.0548128},"geometry":{"type":"Polygon","coordinates":[[[77.057682,28.3798543],[77.0543813,28.3895525],[77.0538638,28.3893726],[77.0520927,28.3887566],[77.0520814,28.3887529],[77.0514159,28.3885477],[77.0514702,28.3884624],[77.0521293,28.387423],[77.0527074,28.3865305],[77.0527127,28.3865221],[77.05315,28.3858184],[77.0531651,28.3857924],[77.0531694,28.3857844],[77.0534141,28.3853152],[77.0534279,28.3852865],[77.0536919,28.3846928],[77.0537009,28.3846712],[77.0537055,28.3846588],[77.0539489,28.3839819],[77.0539583,28.3839532],[77.054141,28.3833273],[77.0545065,28.3822044],[77.0548194,28.3812086],[77.0552526,28.3798695],[77.0555323,28.3789764],[77.057682,28.3798543]]]}},{"type":"Feature","properties":{"sector":"67","density":"250","class":"100","classtext":"100 Residential (Group Housing/Plotted)","code":100,"val":"100/250","codetext":"","area":2214147,"labelLat":28.3841603,"labelLng":77.062801},"geometry":{"type":"Polygon","coordinates":[[[77.0578846,28.3742707],[77.0725314,28.3814618],[77.0692447,28.38747],[77.0692433,28.3874725],[77.0658536,28.3936681],[77.0651854,28.3934303],[77.063771,28.3928291],[77.062058,28.3921335],[77.0603528,28.3914245],[77.0603437,28.3914209],[77.0596432,28.391154],[77.0596351,28.3911511],[77.0588088,28.3908651],[77.0587885,28.3908588],[77.0580435,28.3906532],[77.0573228,28.3904473],[77.0573108,28.3904441],[77.0560565,28.3901351],[77.0546099,28.3896321],[77.0579427,28.3798395],[77.0579471,28.3798266],[77.0579508,28.3798124],[77.0579523,28.3797936],[77.05795,28.3797748],[77.0579442,28.3797567],[77.0579348,28.3797397],[77.0579223,28.3797244],[77.0579069,28.3797113],[77.0578892,28.3797008],[77.0578812,28.3796971],[77.0555986,28.3787649],[77.0556283,28.3786699],[77.0559919,28.3775795],[77.0571808,28.3739952],[77.0578846,28.3742707]]]}},{"type":"Feature","properties":{"sector":"64","density":"","class":"600","classtext":"600 Public and Semi Public Use","code":600,"val":"610/620/630/640","codetext":"","area":926868,"labelLat":28.3891388,"labelLng":77.0725528},"geometry":{"type":"Polygon","coordinates":[[[77.0785146,28.3843987],[77.0724041,28.3963199],[77.0717132,28.3960473],[77.0696957,28.3952617],[77.0690008,28.3949523],[77.0679938,28.3945202],[77.0673598,28.3942481],[77.06735,28.3942441],[77.0664181,28.3938794],[77.0697957,28.3877058],[77.0730675,28.381725],[77.0785146,28.3843987]]]}},{"type":"Feature","properties":{"sector":"66","density":"","class":"700","classtext":"700 Open Spaces","code":700,"val":"700","codetext":"","area":242888,"labelLat":28.3969404,"labelLng":77.0497987},"geometry":{"type":"Polygon","coordinates":[[[77.0466292,28.3970006],[77.0484613,28.3960579],[77.0487107,28.3955499],[77.0493041,28.3949603],[77.0512737,28.3949459],[77.0515126,28.3947895],[77.054906,28.3942341],[77.055216,28.3941836],[77.0548996,28.3947996],[77.0541432,28.3958959],[77.0533571,28.3963509],[77.0515931,28.397172],[77.0497564,28.3978109],[77.0485917,28.3983479],[77.047911,28.3988929],[77.0478045,28.3996433],[77.0475246,28.4003656],[77.047045,28.4005868],[77.0464266,28.4007794],[77.04607,28.4009611],[77.0456406,28.4008287],[77.0459016,28.3998351],[77.0459609,28.3996073],[77.046348,28.398101],[77.0466292,28.3970006]]]}},{"type":"Feature","properties":{"sector":"33","density":"","class":"700","classtext":"700 Open Spaces","code":700,"val":"","codetext":"","area":133370,"labelLat":28.4432711,"labelLng":77.0309502},"geometry":{"type":"Polygon","coordinates":[[[77.0329099,28.4444822],[77.0318772,28.444657],[77.0318512,28.4446617],[77.0317488,28.4446845],[77.031712,28.4446945],[77.0296151,28.4452944],[77.0285097,28.4418461],[77.0332363,28.4418233],[77.0329099,28.4444822]]]}},{"type":"Feature","properties":{"sector":"33","density":"","class":"400","classtext":"400 Transport and Communication","code":400,"val":"650","codetext":"","area":413359,"labelLat":28.442371,"labelLng":77.0195069},"geometry":{"type":"Polygon","coordinates":[[[77.0245302,28.4467489],[77.0240798,28.4468777],[77.0233676,28.4470627],[77.0228095,28.4471343],[77.0222678,28.4470954],[77.0216515,28.4469279],[77.0208322,28.4464626],[77.0205324,28.4462063],[77.018542,28.4438359],[77.0142714,28.4387665],[77.0168582,28.437128],[77.018576,28.4393438],[77.0200303,28.4405398],[77.0211442,28.4408814],[77.0218032,28.4414446],[77.0221729,28.442418],[77.0226002,28.4435815],[77.0229919,28.4442919],[77.0235484,28.4451432],[77.0241318,28.445994],[77.0245302,28.4467489]]]}},{"type":"Feature","properties":{"sector":"33","density":"250","class":"100","classtext":"100 Residential (Group Housing/Plotted)","code":100,"val":"100/250","codetext":"","area":619693,"labelLat":28.4303582,"labelLng":77.0307669},"geometry":{"type":"Polygon","coordinates":[[[77.0242853,28.4313563],[77.0268862,28.4265348],[77.027007,28.4265414],[77.0274009,28.4266333],[77.0281578,28.42681],[77.0311779,28.427567],[77.0347893,28.4284187],[77.0363343,28.428775],[77.0362598,28.4290399],[77.0360285,28.4298143],[77.0356175,28.4312285],[77.0356124,28.4312473],[77.0356089,28.4312623],[77.0354229,28.4321294],[77.0354172,28.4321614],[77.0352647,28.4332124],[77.0351706,28.4338284],[77.035045,28.434302],[77.0348473,28.4349011],[77.0305283,28.4329823],[77.0268851,28.4317235],[77.0242853,28.4313563]]]}},{"type":"Feature","properties":{"sector":"72","density":"","class":"500","classtext":"500 Public Utilities","code":500,"val":"510/520/530","codetext":"","area":819591,"labelLat":28.4183386,"labelLng":77.0280724},"geometry":{"type":"Polygon","coordinates":[[[77.0335293,28.4145421],[77.0336393,28.4162984],[77.0331962,28.417583],[77.0326192,28.4190032],[77.0326172,28.4190087],[77.0318443,28.4213402],[77.031625,28.4217104],[77.0315108,28.4217335],[77.0308622,28.4218643],[77.0308456,28.4218688],[77.0308266,28.421877],[77.0294166,28.4226229],[77.0274957,28.4235657],[77.0263958,28.4240176],[77.0238585,28.419809],[77.0238329,28.4197666],[77.0219301,28.4166101],[77.023577,28.4153403],[77.0235878,28.4153316],[77.0245214,28.4145326],[77.0335293,28.4145421]]]}},{"type":"Feature","properties":{"sector":"71","density":"","class":"200","classtext":"200 Commercial","code":200,"val":"200","codetext":"","area":217438,"labelLat":28.4022161,"labelLng":77.0231288},"geometry":{"type":"Polygon","coordinates":[[[77.029618,28.4028082],[77.0174592,28.4032253],[77.0168641,28.4014254],[77.0175756,28.4014091],[77.0202906,28.4014021],[77.0205276,28.4014033],[77.0222738,28.4014117],[77.0235318,28.4014439],[77.0241829,28.4014606],[77.0241942,28.4014608],[77.0265979,28.4014907],[77.0266413,28.4014902],[77.0266691,28.4014887],[77.0288331,28.4013371],[77.0288453,28.4013361],[77.0296573,28.4012676],[77.029625,28.4028084],[77.0296207,28.4028081],[77.029618,28.4028082]]]}},{"type":"Feature","properties":{"sector":"74","density":"","class":"200","classtext":"200 Commercial","code":200,"val":"200","codetext":"","area":92301,"labelLat":28.4026174,"labelLng":77.0084301},"geometry":{"type":"Polygon","coordinates":[[[77.0106049,28.4023417],[77.010869,28.403451],[77.0060721,28.403615],[77.0060985,28.4019682],[77.0069519,28.40184],[77.0069635,28.4018382],[77.0081121,28.4016495],[77.0094167,28.4015386],[77.0103895,28.4015028],[77.0106049,28.4023417]]]}},{"type":"Feature","properties":{"sector":"73","density":"","class":"200","classtext":"200 Commercial","code":200,"val":"200","codetext":"","area":107202,"labelLat":28.4024151,"labelLng":77.0138682},"geometry":{"type":"Polygon","coordinates":[[[77.0168285,28.403247],[77.0114895,28.4034298],[77.011203,28.402226],[77.0110169,28.4015014],[77.0115619,28.4015026],[77.0115714,28.4015026],[77.0146463,28.4014763],[77.0146588,28.4014761],[77.016231,28.40144],[77.0168285,28.403247]]]}},{"type":"Feature","properties":{"sector":"71","density":"250","class":"100","classtext":"100 Residential (Group Housing/Plotted)","code":100,"val":"100/250","codetext":"","area":1126443,"labelLat":28.4080473,"labelLng":77.0239878},"geometry":{"type":"Polygon","coordinates":[[[77.0294591,28.4107183],[77.0274371,28.4115429],[77.0262303,28.412035],[77.0261868,28.4120567],[77.0261474,28.4120847],[77.0261273,28.4121034],[77.0242817,28.4139843],[77.0231685,28.4149369],[77.021705,28.4160654],[77.01753,28.4034396],[77.0296204,28.4030248],[77.0294591,28.4107183]]]}},{"type":"Feature","properties":{"sector":"73","density":"250","class":"100","classtext":"100 Residential (Group Housing/Plotted)","code":100,"val":"100/250","codetext":"","area":930592,"labelLat":28.4109134,"labelLng":77.0163035},"geometry":{"type":"Polygon","coordinates":[[[77.0211929,28.4164459],[77.0201668,28.4171444],[77.0167516,28.4194086],[77.0140357,28.414123],[77.0115407,28.4036447],[77.0168993,28.4034612],[77.0211929,28.4164459]]]}},{"type":"Feature","properties":{"sector":"74","density":"","class":"300","classtext":"300 Industrial","code":300,"val":"320/330/340","codetext":"","area":1225208,"labelLat":28.4132668,"labelLng":77.0103545},"geometry":{"type":"Polygon","coordinates":[[[77.0134435,28.4142636],[77.0134552,28.4143],[77.0134643,28.4143198],[77.0162577,28.4197562],[77.0147662,28.420913],[77.0147587,28.420919],[77.0120932,28.4231285],[77.0118426,28.4233305],[77.0114973,28.4228838],[77.0109554,28.4221674],[77.0109523,28.4221633],[77.0100858,28.4210595],[77.0091512,28.4197934],[77.0089716,28.4191575],[77.0089649,28.4191366],[77.0089536,28.4191094],[77.0087567,28.4186915],[77.0087472,28.4186729],[77.0087335,28.4186505],[77.0085807,28.4184199],[77.0085661,28.4183997],[77.0085382,28.4183679],[77.0083077,28.4181356],[77.0083007,28.4181287],[77.0082598,28.4180951],[77.0082138,28.418067],[77.0081637,28.4180451],[77.0081106,28.41803],[77.0080555,28.4180218],[77.0080401,28.4180208],[77.008012,28.4180195],[77.0080088,28.4175191],[77.0080068,28.4174882],[77.0079279,28.4168125],[77.0079248,28.4167924],[77.0079118,28.4167443],[77.007891,28.4166985],[77.0078816,28.4166826],[77.0076268,28.4162781],[77.0076081,28.4162513],[77.0075732,28.4162127],[77.0075567,28.4161979],[77.0069326,28.4156713],[77.0066076,28.4153908],[77.0066053,28.4151257],[77.0066049,28.4151141],[77.0064955,28.4130373],[77.0063469,28.4105999],[77.0063126,28.4098931],[77.0063664,28.4098762],[77.0064157,28.4098529],[77.0064606,28.4098235],[77.0065001,28.4097886],[77.0065335,28.409749],[77.0065601,28.4097055],[77.0065791,28.4096591],[77.0065904,28.4096107],[77.0065936,28.4095676],[77.0065973,28.4074713],[77.0065972,28.4074651],[77.0065922,28.4074159],[77.0065792,28.4073679],[77.0065583,28.407322],[77.0065302,28.4072794],[77.0064953,28.4072408],[77.0064544,28.4072071],[77.0064085,28.407179],[77.0063584,28.4071572],[77.0063052,28.407142],[77.0062501,28.4071339],[77.0062295,28.4071327],[77.0061121,28.4071286],[77.0061185,28.4054209],[77.0061184,28.4054127],[77.0060735,28.4038317],[77.0060751,28.4038316],[77.0109201,28.4036659],[77.0134435,28.4142636]]]}},{"type":"Feature","properties":{"sector":"33","density":"","class":"300","classtext":"300 Industrial","code":300,"val":"320/330/340","codetext":"","area":326121,"labelLat":28.4351683,"labelLng":77.0157244},"geometry":{"type":"Polygon","coordinates":[[[77.019565,28.434299],[77.0194007,28.4344133],[77.0190079,28.4350637],[77.0187542,28.435927],[77.0142714,28.4387665],[77.0114516,28.4354189],[77.0119657,28.4351161],[77.0119783,28.4351082],[77.0131313,28.4343458],[77.0144573,28.4334593],[77.0157048,28.4326296],[77.0172758,28.4315893],[77.0174359,28.4314833],[77.019565,28.434299]]]}},{"type":"Feature","properties":{"sector":"34","density":"","class":"200","classtext":"200 Commercial","code":200,"val":"200","codetext":"","area":78739,"labelLat":28.429006,"labelLng":77.0167331},"geometry":{"type":"Polygon","coordinates":[[[77.0148191,28.4280223],[77.0154807,28.4272387],[77.0155428,28.427187],[77.0156079,28.4272549],[77.0156378,28.4272819],[77.0156782,28.4273088],[77.0157231,28.4273294],[77.0157712,28.4273432],[77.0158212,28.4273498],[77.0158718,28.4273491],[77.0159215,28.427341],[77.0159691,28.4273258],[77.0160016,28.4273104],[77.016368,28.4271115],[77.01829,28.4293889],[77.0187514,28.4299389],[77.0184967,28.4301052],[77.0170952,28.4310326],[77.0148191,28.4280223]]]}},{"type":"Feature","properties":{"sector":"33","density":"","class":"200","classtext":"200 Commercial","code":200,"val":"200","codetext":"","area":76986,"labelLat":28.4323474,"labelLng":77.0193484},"geometry":{"type":"Polygon","coordinates":[[[77.0174359,28.4314833],[77.0188622,28.4305396],[77.0190691,28.4304045],[77.0212947,28.4331675],[77.0211341,28.4332415],[77.0207079,28.4335582],[77.0200671,28.4339497],[77.019565,28.434299],[77.0174359,28.4314833]]]}},{"type":"Feature","properties":{"sector":"33","density":"","class":"700","classtext":"700 Open Spaces","code":700,"val":"700","codetext":"","area":267464,"labelLat":28.4296637,"labelLng":77.0229673},"geometry":{"type":"Polygon","coordinates":[[[77.0268862,28.4265348],[77.0242853,28.4313563],[77.023163,28.4319937],[77.0212947,28.4331675],[77.0190691,28.4304045],[77.0201712,28.4296851],[77.0201768,28.4296813],[77.0211556,28.429011],[77.0212779,28.4289273],[77.0213015,28.4289093],[77.0213065,28.428905],[77.0215243,28.4287132],[77.021553,28.428684],[77.0220002,28.4281574],[77.0221475,28.4280009],[77.02238,28.4278075],[77.0233655,28.4272389],[77.0246188,28.4265988],[77.0247924,28.426563],[77.0255315,28.4265543],[77.0255444,28.4265539],[77.0264332,28.4265103],[77.0268862,28.4265348]]]}},{"type":"Feature","properties":{"sector":"68","density":"250","class":"100","classtext":"100 Residential (Group Housing/Plotted)","code":100,"val":"100/250","codetext":"","area":1836131,"labelLat":28.3804178,"labelLng":77.0456781},"geometry":{"type":"MultiPolygon","coordinates":[[[[77.0492448,28.3881933],[77.0489439,28.3882015],[77.0465568,28.3880774],[77.045009,28.3879969],[77.0449132,28.3862595],[77.0449111,28.3862442],[77.0449052,28.3862261],[77.0448958,28.3862091],[77.0448833,28.3861938],[77.044876,28.386187],[77.0439215,28.385371],[77.0434185,28.3846269],[77.0434059,28.3846116],[77.0433906,28.3845985],[77.0433729,28.3845879],[77.0433534,28.3845802],[77.0433327,28.3845757],[77.0433251,28.3845748],[77.0417983,28.3844458],[77.0408744,28.3842427],[77.0405911,28.3838973],[77.0405844,28.3838899],[77.0405691,28.3838768],[77.0405508,28.3838659],[77.0395039,28.3833656],[77.0394857,28.3833585],[77.0394649,28.3833539],[77.0394437,28.3833526],[77.0394352,28.383353],[77.0383145,28.3834382],[77.0382201,28.3796019],[77.0382201,28.3796013],[77.0381053,28.3736742],[77.0548615,28.3771415],[77.0548175,28.3772743],[77.0544527,28.3783678],[77.0544499,28.3783765],[77.0543991,28.3785389],[77.0540743,28.3795761],[77.0536412,28.3809146],[77.0533285,28.3819097],[77.0532805,28.3820572],[77.0519988,28.3819613],[77.0519864,28.3819609],[77.0519652,28.3819629],[77.0519447,28.3819681],[77.0519255,28.3819764],[77.0519082,28.3819874],[77.0518934,28.382001],[77.0518815,28.3820167],[77.051874,28.382031],[77.0492448,28.3881933]]],[[[77.0420702,28.3879473],[77.0420508,28.3879484],[77.0411303,28.3880279],[77.0397599,28.3881464],[77.0396974,28.3881518],[77.0397971,28.3872902],[77.0401748,28.3867115],[77.0406842,28.3862455],[77.0410179,28.3856293],[77.0408723,28.384791],[77.0408736,28.3844656],[77.041748,28.3846579],[77.0417584,28.3846597],[77.0417659,28.3846606],[77.0432402,28.3847852],[77.0437197,28.3854945],[77.0437323,28.3855099],[77.0437396,28.3855168],[77.044671,28.3863129],[77.0447632,28.3879842],[77.0437741,28.3879327],[77.0433431,28.3879103],[77.0433148,28.38791],[77.0420702,28.3879473]]]]}},{"type":"Feature","properties":{"sector":"68","density":"","class":"600","classtext":"600 Public and Semi Public Use","code":600,"val":"620/630/640","codetext":"","area":2383633,"labelLat":28.3775213,"labelLng":77.0339308},"geometry":{"type":"Polygon","coordinates":[[[77.0396974,28.3881518],[77.0388555,28.3882245],[77.0369031,28.3874796],[77.0368535,28.3874653],[77.0368035,28.3874587],[77.0367751,28.3874582],[77.0299867,28.3876208],[77.0298898,28.3819715],[77.0298901,28.3819652],[77.029964,28.3729781],[77.0299639,28.3729716],[77.0299589,28.3729271],[77.0299523,28.3729057],[77.0440635,28.3695292],[77.0451364,28.3689558],[77.0546604,28.3730083],[77.0546833,28.3730176],[77.0560517,28.3735532],[77.0548615,28.3771415],[77.0381053,28.3736742],[77.0379827,28.373669],[77.0378607,28.3736661],[77.0378603,28.3736709],[77.0379725,28.3794611],[77.0379753,28.3796056],[77.0379759,28.37961],[77.0379754,28.37961],[77.0380725,28.3835583],[77.0380747,28.3835766],[77.0380806,28.3835947],[77.0380899,28.3836117],[77.0381025,28.3836269],[77.0381178,28.3836401],[77.0381355,28.3836506],[77.038155,28.3836583],[77.0381757,28.3836629],[77.038197,28.3836642],[77.0382054,28.3836638],[77.0394197,28.3835715],[77.0404093,28.3840444],[77.0407025,28.3844018],[77.0407091,28.3844092],[77.0407245,28.3844223],[77.0407422,28.3844329],[77.0407617,28.3844406],[77.040772,28.3844433],[77.0408736,28.3844656],[77.0408723,28.384791],[77.0410179,28.3856293],[77.0406842,28.3862455],[77.0401748,28.3867115],[77.0397971,28.3872902],[77.0396974,28.3881518]]]}},{"type":"Feature","properties":{"sector":"70 A","density":"","class":"700","classtext":"700 Open Spaces","code":700,"val":"720","codetext":"","area":72520,"labelLat":28.3837313,"labelLng":77.0283298},"geometry":{"type":"Polygon","coordinates":[[[77.0249082,28.3819206],[77.0292822,28.3822204],[77.0293747,28.3876336],[77.029071,28.3868366],[77.0287517,28.3859436],[77.0283675,28.3850516],[77.0279161,28.3840269],[77.0275132,28.383288],[77.0268755,28.3826863],[77.026133,28.3822581],[77.0254385,28.3820774],[77.0249082,28.3819206]]]}},{"type":"Feature","properties":{"sector":"75","density":"","class":"600","classtext":"600 Public and Semi Public Use","code":600,"val":"610/620/630/640","codetext":"","area":1344540,"labelLat":28.3956301,"labelLng":77.0076113},"geometry":{"type":"Polygon","coordinates":[[[77.013301,28.3907914],[77.0134339,28.39271],[77.0134384,28.3927423],[77.0134449,28.3927671],[77.014027,28.3945832],[77.0150275,28.3977044],[77.0157125,28.4000981],[77.0146253,28.400123],[77.0115614,28.4001493],[77.0104508,28.4001467],[77.010417,28.4001472],[77.0093323,28.4001871],[77.0092916,28.4001896],[77.0079321,28.4003052],[77.0078656,28.4003135],[77.0066897,28.4005066],[77.0051926,28.4007315],[77.0038736,28.4008887],[77.0012621,28.3965166],[77.0012435,28.396483],[77.0012406,28.396478],[76.9983677,28.3918351],[76.9983151,28.3917128],[77.013301,28.3907914]]]}},{"type":"Feature","properties":{"sector":"77","density":"","class":"600","classtext":"600 Public and Semi Public Use","code":600,"val":"600","codetext":"","area":121919,"labelLat":28.3884023,"labelLng":76.9777205},"geometry":{"type":"Polygon","coordinates":[[[76.9810202,28.3906541],[76.9797663,28.391558],[76.9746497,28.3862795],[76.9746356,28.3862652],[76.9744349,28.3860646],[76.9754481,28.3851392],[76.9810202,28.3906541]]]}},{"type":"Feature","properties":{"sector":"76","density":"","class":"600","classtext":"600 Public and Semi Public Use","code":600,"val":"600","codetext":"","area":151376,"labelLat":28.393614,"labelLng":76.9828492},"geometry":{"type":"MultiPolygon","coordinates":[[[[76.9814721,28.3911014],[76.9853817,28.3950393],[76.9850817,28.3954054],[76.9848704,28.3956568],[76.9846159,28.3959088],[76.9842147,28.3961464],[76.9802047,28.3920102],[76.9814696,28.3910985],[76.9814721,28.3911014]]],[[[76.9895082,28.3991953],[76.9895146,28.3992007],[76.9882953,28.4002939],[76.9862107,28.3981765],[76.9873587,28.3970305],[76.9895082,28.3991953]]]]}},{"type":"Feature","properties":{"sector":"78","density":"","class":"600","classtext":"600 Public and Semi Public Use","code":600,"val":"600","codetext":"","area":316305,"labelLat":28.3806417,"labelLng":76.9688217},"geometry":{"type":"Polygon","coordinates":[[[76.9753019,28.3844166],[76.9739874,28.3856172],[76.9714541,28.3830845],[76.971399,28.3830326],[76.9713218,28.382969],[76.9712394,28.3829108],[76.9712285,28.3829038],[76.968944,28.3814455],[76.9688676,28.3814001],[76.9687962,28.3813632],[76.9621865,28.3781822],[76.9619681,28.3780736],[76.9618987,28.3780357],[76.9619235,28.3779412],[76.9623905,28.376146],[76.9623917,28.3761413],[76.9624423,28.3759229],[76.9747434,28.3827739],[76.9752924,28.3843372],[76.9753019,28.3844166]]]}},{"type":"Feature","properties":{"sector":"M1C","density":"250","class":"100","classtext":"100 Residential (Group Housing/Plotted)","code":100,"val":"100/250","codetext":"","area":81843,"labelLat":28.3650866,"labelLng":76.9517256},"geometry":{"type":"Polygon","coordinates":[[[76.952343,28.3649501],[76.9523637,28.3660768],[76.9518581,28.3667716],[76.9522551,28.3684192],[76.9510562,28.3684175],[76.9511309,28.3622687],[76.9526857,28.3622674],[76.952343,28.3649501]]]}},{"type":"Feature","properties":{"sector":"76","density":"","class":"1000","classtext":"1000 Natural Conservation Zone Hubs)","code":1000,"val":"","codetext":"","area":864962,"labelLat":28.340714,"labelLng":76.9544561},"geometry":{"type":"Polygon","coordinates":[[[76.9614405,28.3413976],[76.9612853,28.3423884],[76.9609789,28.3433383],[76.9605728,28.3441463],[76.9599713,28.3448999],[76.9595875,28.3451633],[76.9588184,28.3456041],[76.957743,28.3457837],[76.9558848,28.3451195],[76.9527173,28.3419177],[76.9498069,28.3409661],[76.9483322,28.3406052],[76.9474668,28.340503],[76.9464273,28.3403268],[76.9457749,28.3400687],[76.9454693,28.3398821],[76.9453279,28.3392346],[76.944851,28.3391268],[76.9442857,28.3389057],[76.9437287,28.3391428],[76.9434641,28.338841],[76.9430318,28.338809],[76.9427827,28.3380332],[76.9430268,28.3380204],[76.9442728,28.3380026],[76.9461181,28.3379763],[76.9461378,28.3379758],[76.9461641,28.3379744],[76.9484306,28.3378211],[76.9488328,28.3377939],[76.9522405,28.3376882],[76.9546193,28.3376541],[76.957445,28.3376412],[76.9592937,28.3380174],[76.9614405,28.3413976]]]}},{"type":"Feature","properties":{"sector":"","density":"","class":"700","classtext":"700 Open Spaces","code":700,"val":"700","codetext":"","area":457188,"labelLat":28.390683,"labelLng":76.987151},"geometry":{"type":"MultiPolygon","coordinates":[[[[76.9882849,28.385331],[76.9884203,28.3867997],[76.9882571,28.389629],[76.988433,28.3921095],[76.9881478,28.3953416],[76.9875493,28.3968401],[76.9875223,28.3968671],[76.9855103,28.3948407],[76.9857132,28.3945176],[76.9858137,28.394115],[76.9858377,28.3930832],[76.9857368,28.3899904],[76.9857922,28.3890512],[76.9858329,28.3890435],[76.9858488,28.3890401],[76.985858,28.3890377],[76.9859009,28.3890237],[76.9859095,28.38902],[76.9859497,28.3889997],[76.98596,28.3889933],[76.9859934,28.3889689],[76.9860043,28.3889593],[76.9860307,28.3889321],[76.9860412,28.388919],[76.9860607,28.3888904],[76.9860697,28.3888736],[76.9860824,28.3888448],[76.9860889,28.3888246],[76.9860953,28.3887968],[76.9860974,28.3887809],[76.9860989,28.3887625],[76.9862038,28.3860315],[76.9881878,28.3840488],[76.9882849,28.385331]]],[[[76.9883707,28.3777883],[76.9881303,28.3805199],[76.9881129,28.3830605],[76.9881245,28.3832135],[76.986012,28.3853247],[76.9860322,28.3849818],[76.986573,28.381555],[76.9866617,28.3793571],[76.9869131,28.3777872],[76.9870292,28.3768739],[76.9883707,28.3777883]]],[[[76.9873587,28.3970305],[76.9862107,28.3981765],[76.984372,28.3963087],[76.9842147,28.3961464],[76.9846159,28.3959088],[76.9848704,28.3956568],[76.9850817,28.3954054],[76.9853817,28.3950393],[76.9873587,28.3970305]]]]}},{"type":"Feature","properties":{"sector":"","density":"","class":"700","classtext":"700 Open Spaces","code":700,"val":"700","codetext":"","area":1436083,"labelLat":28.3608294,"labelLng":76.9824723},"geometry":{"type":"MultiPolygon","coordinates":[[[[76.9848152,28.357323],[76.9881388,28.359558],[76.9882806,28.3596533],[76.9882,28.359788],[76.9880583,28.3600245],[76.9823315,28.363511],[76.9822552,28.3635574],[76.9821014,28.3636511],[76.9820863,28.3636608],[76.9820612,28.3636798],[76.9820504,28.3636893],[76.9820239,28.3637165],[76.9820134,28.3637297],[76.981994,28.3637583],[76.9819844,28.363776],[76.9819725,28.3638031],[76.9811239,28.3660842],[76.9811168,28.3661067],[76.981111,28.3661324],[76.9811082,28.3661558],[76.9811073,28.3661817],[76.9811092,28.3662081],[76.9811133,28.3662331],[76.9817543,28.369066],[76.9763938,28.3670891],[76.9769264,28.3656509],[76.977644,28.3635872],[76.9797745,28.3617118],[76.9836525,28.3528513],[76.9848912,28.3516898],[76.9855118,28.3519957],[76.9855195,28.3519995],[76.9903125,28.354298],[76.9903287,28.3543056],[76.9904006,28.3543341],[76.9904497,28.3543492],[76.9913157,28.3545877],[76.9909478,28.3552017],[76.9876096,28.3537487],[76.9856192,28.354112],[76.9837719,28.3534704],[76.9834155,28.3546216],[76.9845223,28.3560857],[76.9842631,28.3566625],[76.9847346,28.3572265],[76.9848152,28.357323]]],[[[76.9745083,28.3720846],[76.9714069,28.3737053],[76.968771,28.3742209],[76.9662978,28.3747819],[76.9644661,28.3749993],[76.9633335,28.3750634],[76.9626858,28.3748717],[76.9627949,28.3744008],[76.9633628,28.3724989],[76.9639334,28.3708658],[76.9639535,28.3708046],[76.9665477,28.3707672],[76.9675148,28.3705145],[76.9688544,28.3699699],[76.9715964,28.3693572],[76.9761835,28.3676567],[76.9809328,28.3694082],[76.9745083,28.3720846]]]]}},{"type":"Feature","properties":{"sector":"","density":"","class":"200","classtext":"200 Commercial","code":200,"val":"200","codetext":"","area":23446,"labelLat":28.4709269,"labelLng":77.0194506},"geometry":{"type":"Polygon","coordinates":[[[77.0208864,28.4679985],[77.018697,28.4731993],[77.0181422,28.4736256],[77.0180543,28.4735174],[77.0180764,28.4734688],[77.0185855,28.4723942],[77.0194108,28.4705954],[77.0201294,28.4690307],[77.0205654,28.4680881],[77.0207328,28.4677198],[77.0208864,28.4679985]]]}},{"type":"Feature","properties":{"sector":"37 D","density":"250","class":"500","classtext":"500 Public Utilities","code":500,"val":"250/100","codetext":"","area":86518,"labelLat":28.4390697,"labelLng":76.9660479},"geometry":{"type":"Polygon","coordinates":[[[76.9697127,28.4398614],[76.9641134,28.4400993],[76.9642873,28.4376654],[76.9643214,28.43725],[76.9697127,28.4398614]]]}},{"type":"Feature","properties":{"sector":"74 A","density":"","class":"200","classtext":"200 Commercial","code":200,"val":"200","codetext":"","area":491962,"labelLat":28.4053262,"labelLng":76.998643},"geometry":{"type":"Polygon","coordinates":[[[77.0053343,28.4047604],[76.993514,28.4090259],[76.9918234,28.4059269],[76.9941534,28.4048719],[76.9963783,28.4040906],[76.9987225,28.4033912],[77.0010418,28.4028139],[77.0021594,28.4025822],[77.0038642,28.4022555],[77.0053313,28.4020805],[77.0053051,28.4037205],[77.0053051,28.4037338],[77.0053343,28.4047604]]]}},{"type":"Feature","properties":{"sector":"","density":"","class":"600","classtext":"600 Public and Semi Public Use","code":600,"val":"","codetext":"","area":3109538,"labelLat":28.4895726,"labelLng":77.0426497},"geometry":{"type":"Polygon","coordinates":[[[77.0583494,28.493945],[77.0571866,28.4952996],[77.038838,28.4960294],[77.0385425,28.4954612],[77.0343727,28.4950462],[77.0294777,28.4920396],[77.0293835,28.4885314],[77.033886,28.4865779],[77.0358361,28.4797683],[77.0430447,28.4822625],[77.0429197,28.4827896],[77.0489399,28.4838927],[77.0501802,28.486548],[77.0515886,28.4867177],[77.0571962,28.4930075],[77.057519,28.492931],[77.0583494,28.493945]]]}},{"type":"Feature","properties":{"sector":"","density":"","class":"850","classtext":"800 Aggriculture Zone","code":800,"val":"","codetext":"","area":1221493,"labelLat":28.4620535,"labelLng":76.890203},"geometry":{"type":"Polygon","coordinates":[[[76.8885027,28.4669664],[76.8879428,28.4638898],[76.8873388,28.463349],[76.884996,28.4637874],[76.8846587,28.4630519],[76.8833926,28.4632605],[76.8816485,28.4581247],[76.8858127,28.4580458],[76.8863621,28.4570354],[76.8907001,28.4563783],[76.8908513,28.4572835],[76.8915818,28.457345],[76.8916456,28.4578932],[76.8955891,28.4578383],[76.8956636,28.4620156],[76.895069,28.462],[76.8950275,28.464221],[76.8957851,28.4642821],[76.8958093,28.4671469],[76.8990431,28.466672],[76.8985932,28.468376],[76.8985069,28.4683671],[76.8984893,28.4683655],[76.8969588,28.468243],[76.8959544,28.4681585],[76.8953495,28.4680907],[76.8953281,28.4680886],[76.8942073,28.4679944],[76.8934257,28.4679098],[76.8920621,28.4676691],[76.8905857,28.4673811],[76.8885027,28.4669664]]]}},{"type":"Feature","properties":{"sector":"","density":"","class":"800","classtext":"800 Aggriculture Zone","code":800,"val":"","codetext":"","area":1798322,"labelLat":28.4883433,"labelLng":76.9588861},"geometry":{"type":"Polygon","coordinates":[[[76.9702309,28.4889942],[76.968768,28.4890177],[76.9683933,28.4892141],[76.9678042,28.4895091],[76.9671833,28.489542],[76.9660499,28.48963],[76.9643762,28.4897258],[76.9643899,28.4904658],[76.9632591,28.490697],[76.9612319,28.4906785],[76.9612505,28.491681],[76.9586289,28.4916711],[76.9550384,28.4933463],[76.9521194,28.4947969],[76.9501127,28.4959001],[76.9483554,28.497334],[76.9479494,28.4987723],[76.9460034,28.4999531],[76.9460032,28.4999525],[76.9460011,28.499946],[76.9459713,28.4998694],[76.9459396,28.4998056],[76.9459303,28.4997887],[76.9459246,28.4997785],[76.9458799,28.4997079],[76.9458387,28.4996536],[76.9458262,28.4996384],[76.9458156,28.4996258],[76.9457573,28.4995633],[76.9457096,28.4995196],[76.9456942,28.4995065],[76.9456776,28.4994926],[76.9456076,28.4994403],[76.9455561,28.4994074],[76.9455384,28.4993968],[76.9455149,28.4993832],[76.9454355,28.4993428],[76.9453827,28.4993204],[76.9453632,28.4993127],[76.9453503,28.4993078],[76.9458561,28.4979981],[76.9482754,28.4945052],[76.9482853,28.4944907],[76.9482914,28.4944813],[76.9482947,28.4944763],[76.9520831,28.4885739],[76.9542409,28.4852118],[76.9603256,28.4829227],[76.9603432,28.4829159],[76.9603487,28.4829137],[76.9603678,28.482906],[76.9617836,28.4823125],[76.9618278,28.4822928],[76.9618383,28.4822879],[76.9618549,28.4822798],[76.9619328,28.4822372],[76.9619557,28.4822229],[76.961973,28.4822118],[76.9620233,28.4821775],[76.9620913,28.4821232],[76.9621074,28.4821088],[76.9621223,28.4820953],[76.9621684,28.4820502],[76.9622243,28.4819861],[76.9622344,28.4819732],[76.9622464,28.4819576],[76.9622855,28.4819022],[76.9623276,28.4818303],[76.9623329,28.48182],[76.9623416,28.4818028],[76.962371,28.4817381],[76.9623979,28.4816607],[76.9623997,28.4816542],[76.9624049,28.4816359],[76.962422,28.4815632],[76.9624329,28.4814817],[76.9624345,28.4814617],[76.9624369,28.481383],[76.962433,28.481171],[76.9625675,28.4810922],[76.9625801,28.4810838],[76.9625941,28.4810711],[76.9630263,28.4806106],[76.9646618,28.4792997],[76.965279,28.478944],[76.9661477,28.4806798],[76.9699349,28.4885209],[76.9699526,28.4885528],[76.9702309,28.4889942]]]}},{"type":"Feature","properties":{"sector":"87","density":"","class":"600","classtext":"600 Public and Semi Public Use","code":600,"val":"","codetext":"","area":687149,"labelLat":28.389924,"labelLng":76.9315242},"geometry":{"type":"Polygon","coordinates":[[[76.928799,28.3834514],[76.9306675,28.3851194],[76.9306812,28.3851309],[76.9306926,28.3851394],[76.9364953,28.3892843],[76.9363569,28.3895334],[76.934849,28.3922463],[76.9348428,28.3922581],[76.9318739,28.3983168],[76.9291538,28.3907184],[76.9291527,28.3907156],[76.9271122,28.3855164],[76.9268678,28.3848911],[76.9283588,28.3830659],[76.928799,28.3834514]]]}},{"type":"Feature","properties":{"sector":"","density":"","class":"810","classtext":"800 Aggriculture Zone","code":800,"val":"","codetext":"","area":5809025,"labelLat":28.4924332,"labelLng":77.040192},"geometry":{"type":"Polygon","coordinates":[[[77.0488169,28.4817874],[77.0489952,28.4817468],[77.04914,28.4817002],[77.0492662,28.481823],[77.0497592,28.4823382],[77.0524228,28.4853449],[77.0533031,28.4863559],[77.0555733,28.4890112],[77.0558901,28.4894132],[77.0558943,28.4894183],[77.0566126,28.4902451],[77.0572672,28.4910311],[77.0574808,28.4913486],[77.0574899,28.4913605],[77.0580296,28.4919943],[77.0580319,28.4919969],[77.0582061,28.4921916],[77.0585247,28.4925403],[77.0597583,28.4938435],[77.0604605,28.49468],[77.0604644,28.4946846],[77.061511,28.495827],[77.0627333,28.4972366],[77.0637219,28.4983502],[77.0645531,28.4993084],[77.065098,28.4999866],[77.0651002,28.4999893],[77.0656101,28.5005924],[77.0656124,28.5005951],[77.06644,28.5015255],[77.067413,28.5025884],[77.0668472,28.50259],[77.0612085,28.5025229],[77.0580251,28.5024833],[77.0580203,28.5024833],[77.0579937,28.5024858],[77.0579681,28.5024923],[77.0579545,28.5024975],[77.05756,28.5026716],[77.0575496,28.5026766],[77.0575355,28.5026851],[77.0570675,28.5030008],[77.0470404,28.5033789],[77.0471727,28.5036811],[77.0415528,28.504005],[77.0412635,28.5038031],[77.0379051,28.5038879],[77.037151,28.5045468],[77.0366755,28.5039832],[77.0364039,28.5036502],[77.0363952,28.5036405],[77.0363868,28.5036326],[77.0362582,28.5035213],[77.0362474,28.5035128],[77.0362253,28.5034996],[77.0362009,28.50349],[77.0361809,28.5034852],[77.0360008,28.5034535],[77.0359949,28.5034526],[77.0359787,28.5034511],[77.0343038,28.5033749],[77.0342918,28.5033748],[77.0333881,28.5034035],[77.0326679,28.5033466],[77.0319384,28.5032703],[77.0314352,28.5032014],[77.0310421,28.5030988],[77.0305405,28.5029306],[77.0305374,28.5029296],[77.029909,28.5027325],[77.0296866,28.5026266],[77.0294928,28.5024731],[77.0289758,28.5019739],[77.0289593,28.5019601],[77.0289562,28.501958],[77.028474,28.5016304],[77.0250502,28.4991438],[77.0250448,28.49914],[77.0240465,28.4984839],[77.023297,28.4979315],[77.0229185,28.4975492],[77.022365,28.4968672],[77.0206955,28.4946826],[77.0204208,28.4942526],[77.0202556,28.493847],[77.0200222,28.4932349],[77.0197483,28.4911909],[77.0198196,28.4893311],[77.0198919,28.4890413],[77.0198936,28.4890334],[77.0198955,28.4890148],[77.0199303,28.4874386],[77.0199303,28.4874323],[77.0198901,28.4864574],[77.0198525,28.4855657],[77.0200781,28.4852663],[77.0202319,28.4851089],[77.020235,28.4851057],[77.0202487,28.4850881],[77.0209028,28.4840868],[77.0210247,28.4839145],[77.0215408,28.4833548],[77.0223425,28.4825219],[77.0228335,28.4821032],[77.0230128,28.4820059],[77.0236988,28.4817005],[77.0237083,28.4816981],[77.0237323,28.4816878],[77.0237436,28.4816806],[77.0244496,28.4813663],[77.0244572,28.4813626],[77.0247131,28.4812322],[77.0247197,28.4812286],[77.0252604,28.480914],[77.0258751,28.4807184],[77.0272132,28.4803671],[77.0272233,28.4803641],[77.0279682,28.4801172],[77.0283415,28.4800697],[77.029264,28.4799585],[77.0292725,28.4799573],[77.0292938,28.4799522],[77.0297045,28.4798257],[77.0307599,28.4794966],[77.0307652,28.4794949],[77.0323454,28.4789267],[77.0331939,28.4787617],[77.034732,28.4786669],[77.0352966,28.4786658],[77.0359565,28.4787881],[77.0373286,28.4790614],[77.0389234,28.4793917],[77.0392865,28.4794847],[77.0404221,28.479984],[77.0420536,28.4806724],[77.0420696,28.4806783],[77.0420796,28.480681],[77.0428521,28.4808655],[77.04502,28.4813396],[77.0473975,28.4818341],[77.0474085,28.481836],[77.0474152,28.4818368],[77.0478335,28.4818788],[77.0478535,28.4818797],[77.0478672,28.4818789],[77.048795,28.4817909],[77.0488079,28.4817892],[77.0488169,28.4817874]],[[77.033886,28.4865779],[77.0293835,28.4885314],[77.0294777,28.4920396],[77.0343727,28.4950462],[77.0385425,28.4954612],[77.038838,28.4960294],[77.0571866,28.4952996],[77.0583494,28.493945],[77.057519,28.492931],[77.0571962,28.4930075],[77.0515886,28.4867177],[77.0501802,28.486548],[77.0489399,28.4838927],[77.0429197,28.4827896],[77.0430447,28.4822625],[77.0358361,28.4797683],[77.033886,28.4865779]]]}},{"type":"Feature","properties":{"sector":"37 D","density":"250","class":"100","classtext":"100 Residential (Group Housing/Plotted)","code":100,"val":"100/250","codetext":"","area":2251774,"labelLat":28.4494634,"labelLng":76.9717259},"geometry":{"type":"MultiPolygon","coordinates":[[[[76.9812349,28.4420118],[76.9718618,28.4577887],[76.964532,28.4537494],[76.9645079,28.453736],[76.9642451,28.4534876],[76.9643432,28.4513786],[76.9643878,28.4504185],[76.9643879,28.4504123],[76.964357,28.4487414],[76.9663079,28.4471113],[76.9705725,28.4449271],[76.9725842,28.4438967],[76.9746258,28.4430716],[76.978051,28.4424142],[76.9793558,28.4423064],[76.9808485,28.442183],[76.9808604,28.4421815],[76.9808809,28.4421763],[76.9809001,28.4421681],[76.9809174,28.442157],[76.9809293,28.4421465],[76.9811231,28.4419508],[76.9812349,28.4420118]]],[[[76.9780208,28.4421992],[76.9780089,28.4422007],[76.9780062,28.4422012],[76.9745609,28.4428625],[76.9745432,28.4428672],[76.974536,28.4428698],[76.9724769,28.4437019],[76.9724664,28.4437067],[76.9661719,28.4469307],[76.9661539,28.4469422],[76.96615,28.4469453],[76.9643261,28.4484692],[76.9641501,28.4486163],[76.9641421,28.4485018],[76.9638071,28.4443877],[76.9641134,28.4400993],[76.9697127,28.4398614],[76.9744145,28.4421386],[76.9744386,28.442148],[76.9747184,28.4417831],[76.976528,28.4402897],[76.9775837,28.4395114],[76.9778444,28.4395701],[76.9779602,28.4396048],[76.9791652,28.4401237],[76.9792442,28.4401645],[76.979255,28.4401744],[76.979364,28.4402914],[76.9796897,28.4407537],[76.9803824,28.4417352],[76.9804253,28.4417893],[76.9804746,28.4418388],[76.9805289,28.4418829],[76.9806635,28.4419808],[76.9780208,28.4421992]]],[[[76.9641365,28.4505486],[76.9640978,28.4513808],[76.9640503,28.4524034],[76.9640414,28.4525945],[76.9640015,28.4534524],[76.9631224,28.4529603],[76.9622691,28.4519161],[76.962506,28.4500186],[76.9625098,28.4499819],[76.9625124,28.4498993],[76.9625067,28.4498168],[76.9624951,28.4497446],[76.962482,28.4496814],[76.9639133,28.4487406],[76.9641028,28.4486424],[76.9641365,28.4505486]]]]}},{"type":"Feature","properties":{"sector":"37","density":"","class":"300","classtext":"300 Industrial","code":300,"val":"320/330/340","codetext":"","area":1828270,"labelLat":28.4368987,"labelLng":76.998933},"geometry":{"type":"MultiPolygon","coordinates":[[[[77.0004573,28.4316538],[77.0014218,28.4327389],[77.0020663,28.4336493],[77.0020733,28.4336583],[77.0024897,28.4341529],[77.0027383,28.4344533],[77.0041654,28.4364749],[77.004177,28.4364893],[77.0046955,28.4370461],[77.004698,28.4370488],[77.0047075,28.4370576],[77.0052897,28.437553],[77.0056608,28.4379436],[77.0058839,28.4382459],[77.004937,28.4388084],[77.0049167,28.4388216],[77.0036603,28.4397122],[77.0028305,28.4403101],[77.001999,28.4409097],[77.0019815,28.4409233],[77.0019541,28.4409496],[77.0014241,28.4415311],[77.0001218,28.4429806],[76.9993924,28.4437472],[76.9932936,28.436126],[76.9920901,28.4347357],[76.9921003,28.4347281],[76.9921148,28.4347166],[76.9921485,28.4346833],[76.9921754,28.4346454],[76.992195,28.4346042],[76.9922066,28.4345607],[76.9922099,28.4345161],[76.9922049,28.4344716],[76.9921917,28.4344284],[76.9921706,28.4343878],[76.9921469,28.4343561],[76.9916975,28.4338369],[76.9921346,28.4336075],[77.0004297,28.4316223],[77.0004573,28.4316538]]],[[[76.9972443,28.4283147],[76.9994374,28.4304906],[77.0002671,28.4314368],[76.9920544,28.4334024],[76.9920426,28.4334058],[76.9920239,28.4334138],[76.9915475,28.4336637],[76.989818,28.4316658],[76.9968493,28.4279359],[76.9972443,28.4283147]]],[[[77.0043422,28.4310286],[77.0088311,28.4363857],[77.0085856,28.4365362],[77.0070287,28.4374953],[77.0070183,28.437502],[77.0061378,28.4380944],[77.0059122,28.4377888],[77.0059012,28.4377757],[77.0055181,28.4373726],[77.0055079,28.437363],[77.0049263,28.436868],[77.0044198,28.4363241],[77.002995,28.4343057],[77.0029887,28.4342975],[77.0027361,28.4339922],[77.0023226,28.4335011],[77.001677,28.4325891],[77.0016676,28.4325773],[77.0007504,28.4315455],[77.002816,28.431051],[77.0043422,28.4310286]]],[[[77.0027755,28.4308367],[77.0027667,28.4308385],[77.0005873,28.4313602],[76.9996762,28.4303211],[76.9996701,28.4303146],[76.9974712,28.4281329],[76.9971175,28.4277937],[77.0002254,28.4261449],[77.0036473,28.4301993],[77.0041629,28.4308146],[77.0027967,28.4308347],[77.0027755,28.4308367]]],[[[76.9963402,28.4276474],[76.996501,28.427805],[76.9896307,28.4314494],[76.9887959,28.430485],[76.9888079,28.4304785],[76.9955268,28.4268674],[76.9963402,28.4276474]]]]}},{"type":"Feature","properties":{"sector":"","density":"","class":"300","classtext":"300 Industrial","code":300,"val":"320/330/340","codetext":"","area":430327,"labelLat":28.3865286,"labelLng":76.9198326},"geometry":{"type":"Polygon","coordinates":[[[76.9257699,28.382676],[76.9219131,28.3867063],[76.9172862,28.3912411],[76.9170833,28.3913833],[76.9133228,28.389914],[76.9133718,28.3898647],[76.9144839,28.3889752],[76.9203028,28.3843207],[76.9249762,28.380582],[76.9257699,28.382676]]]}},{"type":"Feature","properties":{"sector":"","density":"","class":"300","classtext":"300 Industrial","code":300,"val":"320/330/340","codetext":"","area":1437699,"labelLat":28.401233,"labelLng":76.9005094},"geometry":{"type":"Polygon","coordinates":[[[76.916032,28.3921202],[76.9110574,28.3956072],[76.9086524,28.396405],[76.9025916,28.4005392],[76.9014232,28.4028476],[76.898899,28.4066648],[76.8981919,28.4082027],[76.8964304,28.4087621],[76.8952413,28.4099247],[76.8948934,28.4113244],[76.8936818,28.4105822],[76.893667,28.4105734],[76.8936415,28.4105593],[76.890233,28.4087672],[76.8902143,28.4087577],[76.8881755,28.4077608],[76.8973633,28.3998367],[76.9123833,28.3905465],[76.916032,28.3921202]]]}},{"type":"Feature","properties":{"sector":"","density":"","class":"500","classtext":"500 Public Utilities","code":500,"val":"","codetext":"","area":421830,"labelLat":28.4820573,"labelLng":76.9317621},"geometry":{"type":"MultiPolygon","coordinates":[[[[76.9341342,28.4843367],[76.9280293,28.4844119],[76.9288787,28.4830482],[76.9291262,28.4823953],[76.9295062,28.4818933],[76.9298416,28.4813155],[76.9303478,28.4806207],[76.9303408,28.4802388],[76.9310213,28.4796179],[76.931837,28.4793007],[76.9322928,28.478962],[76.9340124,28.4789354],[76.9341342,28.4843367]]],[[[76.9282446,28.4790843],[76.9276896,28.4794742],[76.9272224,28.4799393],[76.9269261,28.4802873],[76.9265907,28.480865],[76.9262985,28.4814422],[76.9259227,28.4821733],[76.925719,28.4828638],[76.9257322,28.4835895],[76.9257831,28.484009],[76.9263524,28.4844325],[76.9236097,28.4844662],[76.923557,28.479082],[76.9255526,28.4790661],[76.9283268,28.4790233],[76.9282446,28.4790843]]]]}},{"type":"Feature","properties":{"sector":"","density":"","class":"400","classtext":"400 Transport and Communication","code":400,"val":"","codetext":"","area":426608,"labelLat":28.4442667,"labelLng":76.9434672},"geometry":{"type":"Polygon","coordinates":[[[76.9317179,28.4389291],[76.9332021,28.4395736],[76.933218,28.4395801],[76.9332279,28.4395839],[76.934316,28.4399847],[76.9430197,28.4431531],[76.9451494,28.4439906],[76.9466505,28.4447617],[76.9460432,28.4489227],[76.9453883,28.4485262],[76.9432113,28.4476596],[76.9400813,28.4466729],[76.9405813,28.4456534],[76.9412535,28.4445933],[76.9412458,28.4441732],[76.9409165,28.4438914],[76.9398711,28.4434479],[76.9385651,28.4429317],[76.937924,28.4433228],[76.9372385,28.4436573],[76.9366594,28.4438947],[76.9345868,28.4416322],[76.932606,28.4396547],[76.9317179,28.4389291]]]}},{"type":"Feature","properties":{"sector":"RAILWAY STATION","density":"","class":"400","classtext":"400 Transport and Communication","code":400,"val":"","codetext":"","area":12255,"labelLat":28.4383879,"labelLng":76.9297109},"geometry":{"type":"Polygon","coordinates":[[[76.9306348,28.4384404],[76.9302014,28.4390076],[76.9288092,28.4383856],[76.929234,28.4377437],[76.9306348,28.4384404]]]}},{"type":"Feature","properties":{"sector":"M14","density":"","class":"300","classtext":"300 Industrial","code":300,"val":"","codetext":"","area":1287621,"labelLat":28.3849962,"labelLng":76.9038198},"geometry":{"type":"Polygon","coordinates":[[[76.9096646,28.3799998],[76.9100851,28.3898779],[76.9099951,28.3898768],[76.903943,28.3898034],[76.8975179,28.3897647],[76.8976735,28.3867929],[76.8977909,28.381964],[76.8978176,28.3807261],[76.8978279,28.3802531],[76.8978296,28.3801724],[76.9000078,28.3801407],[76.9096646,28.3799998]]]}},{"type":"Feature","properties":{"sector":"M13","density":"","class":"300","classtext":"300 Industrial","code":300,"val":"","codetext":"","area":651961,"labelLat":28.3932407,"labelLng":76.9020424},"geometry":{"type":"Polygon","coordinates":[[[76.9112315,28.3904332],[76.8973289,28.3990322],[76.8975763,28.3902444],[76.9039333,28.3903447],[76.9112315,28.3904332]]]}},{"type":"Feature","properties":{"sector":"M15","density":"","class":"300","classtext":"300 Industrial","code":300,"val":"","codetext":"","area":866044,"labelLat":28.3835375,"labelLng":76.9153233},"geometry":{"type":"Polygon","coordinates":[[[76.9203211,28.3833936],[76.914495,28.3880539],[76.9141996,28.3882901],[76.9138768,28.3885483],[76.9125058,28.3896449],[76.9121249,28.3898805],[76.9121094,28.3898901],[76.91209,28.3899021],[76.910698,28.3898853],[76.9102768,28.3799909],[76.9104147,28.3799888],[76.9140777,28.3799352],[76.9146902,28.3799262],[76.9193611,28.3798576],[76.9210015,28.3798418],[76.9236942,28.3798158],[76.9245129,28.379805],[76.9246587,28.3799236],[76.9209432,28.382896],[76.9209443,28.3828416],[76.9203211,28.3833936]]]}},{"type":"Feature","properties":{"sector":"M11","density":"","class":"300","classtext":"300 Industrial","code":300,"val":"","codetext":"","area":1751922,"labelLat":28.3794978,"labelLng":76.8774222},"geometry":{"type":"Polygon","coordinates":[[[76.8806042,28.3898862],[76.8805968,28.3951727],[76.8716132,28.3835429],[76.8715841,28.3835243],[76.8715891,28.3835117],[76.8715762,28.3834949],[76.8715918,28.3835051],[76.8742766,28.3767904],[76.8742847,28.3767654],[76.8747855,28.3747967],[76.8747887,28.3747818],[76.8755494,28.370299],[76.8761379,28.3681954],[76.8781428,28.3628159],[76.8783057,28.3623922],[76.8783135,28.3626505],[76.878326,28.3626499],[76.8783397,28.3628363],[76.8783441,28.3628674],[76.8783519,28.3628962],[76.8790548,28.3649787],[76.8794437,28.3661309],[76.8804501,28.3691125],[76.8804507,28.3691141],[76.8805445,28.3693921],[76.8805767,28.3814107],[76.8806042,28.3898862]]]}},{"type":"Feature","properties":{"sector":"96","density":"","class":"400","classtext":"400 Transport and Communication","code":400,"val":"","codetext":"","area":1794577,"labelLat":28.3962661,"labelLng":76.8772637},"geometry":{"type":"Polygon","coordinates":[[[76.8849472,28.3998288],[76.8855622,28.4004541],[76.8864462,28.4013528],[76.890091,28.4051636],[76.8874767,28.4074182],[76.8871772,28.4072616],[76.8864024,28.4068275],[76.8850886,28.4059679],[76.8835057,28.4047929],[76.8835005,28.4047891],[76.883495,28.4047851],[76.8827533,28.4042567],[76.8826965,28.4042203],[76.8824193,28.4040623],[76.8823627,28.4040334],[76.8814855,28.4036321],[76.8814527,28.4036182],[76.8801825,28.4031142],[76.8791013,28.4025224],[76.8767926,28.4010728],[76.8767748,28.401062],[76.874952,28.3999918],[76.8729695,28.3985724],[76.8717949,28.3975187],[76.8717421,28.397476],[76.8717367,28.3974721],[76.8703684,28.3964967],[76.8703498,28.3964839],[76.8691043,28.3956567],[76.8690972,28.3951703],[76.8695903,28.3888913],[76.8703642,28.3865177],[76.8715762,28.3834949],[76.8805968,28.3951727],[76.8806102,28.3951873],[76.8806023,28.3995063],[76.8806073,28.3995531],[76.8806205,28.3995963],[76.8806415,28.3996369],[76.8806698,28.399674],[76.8807046,28.3997064],[76.880745,28.3997333],[76.8807899,28.399754],[76.8808379,28.3997678],[76.8808879,28.3997745],[76.8809038,28.3997751],[76.8849472,28.3998288]]]}},{"type":"Feature","properties":{"sector":"M12","density":"","class":"300","classtext":"300 Industrial","code":300,"val":"","codetext":"","area":319577,"labelLat":28.4016563,"labelLng":76.8903811},"geometry":{"type":"Polygon","coordinates":[[[76.8961052,28.3999765],[76.890091,28.4051636],[76.8849472,28.3998288],[76.8961052,28.3999765]]]}},{"type":"Feature","properties":{"sector":"96","density":"","class":"400","classtext":"400 Transport and Communication","code":400,"val":"","codetext":"","area":58649,"labelLat":28.3981259,"labelLng":76.8822813},"geometry":{"type":"Polygon","coordinates":[[[76.8812212,28.3958599],[76.8844076,28.3992802],[76.881215,28.3992378],[76.8812212,28.3958599]]]}},{"type":"Feature","properties":{"sector":"M10","density":"","class":"300","classtext":"300 Industrial","code":300,"val":"","codetext":"","area":1510644,"labelLat":28.3945831,"labelLng":76.8892846},"geometry":{"type":"Polygon","coordinates":[[[76.8844076,28.3992802],[76.8812212,28.3958599],[76.8812119,28.3899798],[76.8825122,28.3900071],[76.8923247,28.3901612],[76.8969642,28.3902347],[76.8967044,28.3994596],[76.8844076,28.3992802]]]}},{"type":"Feature","properties":{"sector":"M8","density":"","class":"300","classtext":"300 Industrial","code":300,"val":"","codetext":"","area":1771290,"labelLat":28.3746212,"labelLng":76.8892153},"geometry":{"type":"Polygon","coordinates":[[[76.8972612,28.3796392],[76.8950339,28.3796716],[76.8945888,28.3796652],[76.8924146,28.3797096],[76.8920649,28.3797168],[76.8897019,28.3797496],[76.8863287,28.3797091],[76.8850297,28.3796936],[76.8820515,28.3796634],[76.8820477,28.3796635],[76.8811842,28.3796714],[76.8811573,28.3696585],[76.8820918,28.3696627],[76.8823774,28.369664],[76.8865215,28.3695906],[76.8888828,28.3695099],[76.8910661,28.3694831],[76.8923337,28.3694675],[76.8939328,28.3694478],[76.8962018,28.3694003],[76.8965587,28.3694027],[76.8970806,28.3694063],[76.8970709,28.3696666],[76.8970814,28.3699091],[76.8971272,28.3709641],[76.8971326,28.3710883],[76.8971362,28.3724873],[76.8971369,28.3727541],[76.8971739,28.3727537],[76.8972595,28.3795017],[76.8972602,28.3795583],[76.8972612,28.3796392]]]}},{"type":"Feature","properties":{"sector":"M3A","density":"","class":"300","classtext":"300 Industrial","code":300,"val":"","codetext":"","area":2566114,"labelLat":28.3663059,"labelLng":76.8966382},"geometry":{"type":"Polygon","coordinates":[[[76.9094841,28.3720712],[76.9094688,28.3720715],[76.9089577,28.3720812],[76.9088145,28.3720839],[76.9087425,28.3720853],[76.9084017,28.3720918],[76.9077298,28.3721046],[76.9066681,28.3721248],[76.9061055,28.3721355],[76.9061048,28.3721355],[76.9061036,28.3721355],[76.905829,28.3721408],[76.9057977,28.3721414],[76.9057954,28.3721414],[76.9056741,28.3721423],[76.9054933,28.3721437],[76.9021234,28.3721577],[76.8977476,28.3722101],[76.8977446,28.3710773],[76.8976834,28.3696651],[76.8976955,28.3693396],[76.8976934,28.3692196],[76.8976438,28.3690553],[76.8975978,28.3690134],[76.8975072,28.3689311],[76.8973539,28.3688776],[76.8972467,28.368866],[76.8961969,28.3688588],[76.8939213,28.3689065],[76.8927467,28.368921],[76.8888668,28.3689687],[76.8865036,28.3690495],[76.8848684,28.3690784],[76.8823728,28.3691226],[76.8810904,28.3691168],[76.8793775,28.3640425],[76.8789482,28.3627706],[76.8789289,28.3625083],[76.8836674,28.3622124],[76.8866615,28.3630114],[76.8887313,28.3628299],[76.89262,28.3629288],[76.8952607,28.3632741],[76.8962106,28.3632609],[76.8965829,28.3623389],[76.897356,28.3620989],[76.8982702,28.3625064],[76.9000877,28.3627103],[76.9014262,28.3626916],[76.9022302,28.3617636],[76.9030808,28.3610258],[76.9048235,28.360606],[76.9055707,28.3605834],[76.9092278,28.3605424],[76.9092285,28.3605634],[76.9094841,28.3720712]]]}},{"type":"Feature","properties":{"sector":"M3","density":"","class":"300","classtext":"300 Industrial","code":300,"val":"","codetext":"","area":1096398,"labelLat":28.3625549,"labelLng":76.9222283},"geometry":{"type":"Polygon","coordinates":[[[76.910854,28.3647608],[76.9099097,28.3647853],[76.9098009,28.3605387],[76.9217326,28.3604206],[76.9217489,28.3606864],[76.921766,28.3617429],[76.9239634,28.3617335],[76.9240139,28.3604263],[76.9330412,28.3604484],[76.9330994,28.3600847],[76.9347277,28.3600756],[76.9347399,28.3605944],[76.9347406,28.3606019],[76.9347406,28.360602],[76.9347408,28.3606253],[76.9347575,28.3617506],[76.9347619,28.3620429],[76.9347962,28.3642992],[76.9347983,28.3644269],[76.9344675,28.3644311],[76.9318773,28.3644637],[76.9312367,28.3644718],[76.9293367,28.3644951],[76.9250476,28.3645476],[76.9248088,28.3645518],[76.9222475,28.3645977],[76.9219269,28.3646034],[76.9204943,28.3646236],[76.9168228,28.3646753],[76.9151667,28.3646986],[76.9142574,28.3647079],[76.9119903,28.3647313],[76.9109581,28.3647581],[76.910854,28.3647608]]]}},{"type":"Feature","properties":{"sector":"M5","density":"","class":"300","classtext":"300 Industrial","code":300,"val":"","codetext":"","area":789976,"labelLat":28.3683987,"labelLng":76.9294559},"geometry":{"type":"Polygon","coordinates":[[[76.9239776,28.3651082],[76.9250581,28.3650888],[76.9293417,28.3650364],[76.9312454,28.3650131],[76.9346115,28.3649731],[76.9347752,28.3649711],[76.934807,28.364971],[76.9348065,28.3650418],[76.9348076,28.3651142],[76.9348258,28.3663388],[76.934833,28.366823],[76.9348439,28.3675519],[76.9348663,28.3690541],[76.9348756,28.3696832],[76.9348769,28.3697386],[76.9348773,28.3697578],[76.9348839,28.3700448],[76.9348871,28.3701718],[76.9349016,28.3707459],[76.9349126,28.3711804],[76.9349147,28.3712617],[76.9349225,28.3715731],[76.934923,28.3715928],[76.9349238,28.3716225],[76.934924,28.3716323],[76.9349247,28.3716599],[76.9349248,28.3716628],[76.9349249,28.3716663],[76.934925,28.3716725],[76.934925,28.3716732],[76.9349251,28.3716743],[76.9349251,28.3716749],[76.9349251,28.3716749],[76.9349251,28.371675],[76.9349246,28.371675],[76.934921,28.3716751],[76.9348103,28.3716773],[76.933714,28.3716995],[76.9331001,28.3717119],[76.931336,28.3717069],[76.9300545,28.371742],[76.9257405,28.3718599],[76.9241806,28.3718951],[76.9239776,28.3651082]]]}},{"type":"Feature","properties":{"sector":"M4","density":"","class":"300","classtext":"300 Industrial","code":300,"val":"","codetext":"","area":990297,"labelLat":28.3685981,"labelLng":76.916743},"geometry":{"type":"Polygon","coordinates":[[[76.9203281,28.3719379],[76.9203281,28.371938],[76.920323,28.3719381],[76.9203105,28.3719383],[76.9202699,28.3719391],[76.9200926,28.3719426],[76.9185046,28.371974],[76.9180446,28.3719831],[76.9148333,28.3719998],[76.9126267,28.3720113],[76.9109559,28.3720432],[76.910096,28.3720595],[76.9099224,28.3652837],[76.9108615,28.3653022],[76.9120029,28.3652726],[76.9151751,28.3652399],[76.9176779,28.3652047],[76.9201858,28.3651694],[76.9201941,28.3651693],[76.9201942,28.3651693],[76.9201942,28.3651701],[76.920835,28.3651602],[76.9219379,28.3651447],[76.9223321,28.3651376],[76.9233657,28.3651191],[76.9235686,28.3719035],[76.9220791,28.3719034],[76.9219242,28.3719064],[76.9213426,28.3719179],[76.9209484,28.3719257],[76.9209451,28.3719179],[76.9203281,28.3719379]]]}},{"type":"Feature","properties":{"sector":"M7","density":"","class":"300","classtext":"300 Industrial","code":300,"val":"","codetext":"","area":1004076,"labelLat":28.3759399,"labelLng":76.916929},"geometry":{"type":"Polygon","coordinates":[[[76.9203347,28.3724794],[76.9235848,28.3724449],[76.9237882,28.3792463],[76.9237914,28.3792731],[76.9236863,28.3792744],[76.9204099,28.3793061],[76.9193527,28.3793163],[76.9102603,28.3794497],[76.910108,28.3726008],[76.9109638,28.3725845],[76.9126351,28.3725526],[76.9137462,28.3725469],[76.9180532,28.3725244],[76.9189804,28.3725061],[76.9198028,28.3724899],[76.9201185,28.3724836],[76.9201581,28.3724828],[76.9202235,28.3724816],[76.9202531,28.372481],[76.9203116,28.3724798],[76.9203347,28.3724794]]]}},{"type":"Feature","properties":{"sector":"M6","density":"","class":"300","classtext":"300 Industrial","code":300,"val":"","codetext":"","area":2546849,"labelLat":28.3757853,"labelLng":76.9375817},"geometry":{"type":"Polygon","coordinates":[[[76.9432803,28.371052],[76.9433299,28.3711005],[76.9437909,28.371527],[76.9438094,28.3715438],[76.9438866,28.3716074],[76.9439691,28.3716656],[76.9439797,28.3716725],[76.9448144,28.3722058],[76.944891,28.3722514],[76.9449826,28.3722977],[76.9450534,28.3723283],[76.946292,28.3728237],[76.9553294,28.3773715],[76.9543919,28.3786571],[76.9543878,28.3786632],[76.9543791,28.3786805],[76.9543739,28.3786988],[76.9543724,28.3787176],[76.9543746,28.3787364],[76.9543804,28.3787545],[76.9543898,28.3787715],[76.9544023,28.3787868],[76.9544176,28.3787999],[76.954436,28.3788108],[76.9366978,28.379936],[76.9276654,28.3817227],[76.9255082,28.379883],[76.9244311,28.3792646],[76.9243963,28.3791033],[76.9241968,28.3724363],[76.9257578,28.3724011],[76.9268334,28.3723717],[76.9299068,28.3722877],[76.9313444,28.3722483],[76.9331058,28.3722533],[76.9343582,28.3722357],[76.9349094,28.372228],[76.934939,28.3722276],[76.9355515,28.3722308],[76.9355105,28.370613],[76.9355021,28.3702806],[76.9354958,28.370029],[76.9355003,28.370029],[76.9354783,28.3690492],[76.9421121,28.3689812],[76.942219,28.3692295],[76.942447,28.3697592],[76.9424777,28.3698305],[76.9425498,28.3700146],[76.9425822,28.3700895],[76.9426269,28.370174],[76.9426788,28.3702552],[76.9426977,28.3702815],[76.9431717,28.3709242],[76.9432117,28.3709754],[76.9432769,28.3710487],[76.9432803,28.371052]]]}},{"type":"Feature","properties":{"sector":"M2","density":"","class":"300","classtext":"300 Industrial","code":300,"val":"","codetext":"","area":375582,"labelLat":28.3640565,"labelLng":76.9376908},"geometry":{"type":"MultiPolygon","coordinates":[[[[76.9391371,28.3620489],[76.9391389,28.3620535],[76.9393488,28.3625604],[76.9407415,28.3657968],[76.9407503,28.365817],[76.935431,28.3658731],[76.935423,28.3653332],[76.9354134,28.3646891],[76.935374,28.3620484],[76.9391371,28.3620489]]],[[[76.9409822,28.366356],[76.9418801,28.3684421],[76.9354702,28.3685079],[76.9354502,28.367163],[76.9354447,28.3667903],[76.9354438,28.3667354],[76.9354424,28.366636],[76.9354418,28.3666008],[76.9354418,28.3665986],[76.9354391,28.3664144],[76.9409822,28.366356]]],[[[76.9383335,28.3600634],[76.9388846,28.3614269],[76.9389174,28.3615077],[76.9389173,28.3615077],[76.9389172,28.3615075],[76.9353785,28.361507],[76.9353496,28.360034],[76.9383335,28.3600634]]]]}},{"type":"Feature","properties":{"sector":"M9","density":"","class":"300","classtext":"300 Industrial","code":300,"val":"","codetext":"","area":1642526,"labelLat":28.3848869,"labelLng":76.8891876},"geometry":{"type":"Polygon","coordinates":[[[76.8969351,28.389794],[76.8812105,28.389502],[76.8811819,28.3801397],[76.8972646,28.3801772],[76.8971178,28.3844612],[76.8970614,28.3867803],[76.8969351,28.389794]]]}},{"type":"Feature","properties":{"sector":"","density":"","class":"300","classtext":"300 Industrial","code":300,"val":"","codetext":"","area":875443,"labelLat":28.3761221,"labelLng":76.9036944},"geometry":{"type":"Polygon","coordinates":[[[76.8977859,28.372748],[76.9023561,28.3727085],[76.9054855,28.3726851],[76.9058046,28.3726827],[76.9094961,28.3726125],[76.9096482,28.3794586],[76.8978733,28.3796304],[76.8977859,28.372748]]]}},{"type":"Feature","properties":{"sector":"","density":"","class":"500","classtext":"500 Public Utilities","code":500,"val":"","codetext":"","area":38986,"labelLat":28.4102592,"labelLng":76.9500152},"geometry":{"type":"Polygon","coordinates":[[[76.9455931,28.4081103],[76.9457876,28.4077961],[76.9480808,28.4090294],[76.9529057,28.4115828],[76.9543328,28.4123324],[76.9541893,28.4126972],[76.9535438,28.4123494],[76.9455931,28.4081103]]]}},{"type":"Feature","properties":{"sector":"","density":"","class":"500","classtext":"500 Public Utilities","code":500,"val":"","codetext":"","area":43487,"labelLat":28.4151276,"labelLng":76.9590374},"geometry":{"type":"Polygon","coordinates":[[[76.9547243,28.4129854],[76.95487,28.4126147],[76.9572388,28.413859],[76.9600212,28.4153838],[76.9632909,28.4173779],[76.9631399,28.4177477],[76.9591642,28.4153771],[76.9547243,28.4129854]]]}},{"type":"Feature","properties":{"sector":"","density":"","class":"500","classtext":"500 Public Utilities","code":500,"val":"","codetext":"","area":64816,"labelLat":28.4046038,"labelLng":76.9392201},"geometry":{"type":"MultiPolygon","coordinates":[[[[76.9394834,28.4044757],[76.9451326,28.4074447],[76.9449316,28.4077695],[76.9360075,28.4031717],[76.933429,28.4018817],[76.9331888,28.4013343],[76.9394834,28.4044757]]],[[[76.932341,28.4009112],[76.9328525,28.4011665],[76.9330924,28.4017133],[76.9313424,28.4008377],[76.9314979,28.4004828],[76.932341,28.4009112]]]]}},{"type":"Feature","properties":{"sector":"91","density":"","class":"500","classtext":"500 Public Utilities","code":500,"val":"","codetext":"","area":58776,"labelLat":28.3971285,"labelLng":76.9257222},"geometry":{"type":"Polygon","coordinates":[[[76.9201089,28.3937495],[76.9204384,28.3935296],[76.9228323,28.3950439],[76.9245918,28.3961568],[76.9309695,28.4001903],[76.9308222,28.4005265],[76.928415,28.3991623],[76.9201089,28.3937495]]]}},{"type":"Feature","properties":{"sector":"","density":"","class":"500","classtext":"500 Public Utilities","code":500,"val":"500","codetext":"","area":31241,"labelLat":28.3919762,"labelLng":76.9162141},"geometry":{"type":"Polygon","coordinates":[[[76.9164115,28.3918543],[76.9198359,28.3932535],[76.9194559,28.393507],[76.9170197,28.3925462],[76.916032,28.3921202],[76.9123833,28.3905465],[76.9127126,28.3903428],[76.9164115,28.3918543]]]}},{"type":"Feature","properties":{"sector":"6","density":"","class":"810","classtext":"800 Aggriculture Zone","code":800,"val":"","codetext":"","area":299552,"labelLat":28.4777423,"labelLng":77.0282259},"geometry":{"type":"Polygon","coordinates":[[[77.0304222,28.4755532],[77.0311938,28.4767512],[77.0321002,28.4787227],[77.0306545,28.4792424],[77.0296033,28.4795702],[77.0292074,28.4796922],[77.028299,28.4798016],[77.0279081,28.4798514],[77.0279008,28.4798525],[77.0278762,28.4798587],[77.0271208,28.480109],[77.026457,28.4802832],[77.0257837,28.48046],[77.0257754,28.4804624],[77.025138,28.4806653],[77.0251125,28.4806761],[77.0251071,28.4806791],[77.0249085,28.4807947],[77.024833,28.4804462],[77.024825,28.4800262],[77.0248159,28.4795488],[77.0247859,28.4791099],[77.0247995,28.4786895],[77.024901,28.4783442],[77.025064,28.4778261],[77.0252937,28.4774025],[77.0254619,28.4771517],[77.0255751,28.4770591],[77.0266751,28.4761595],[77.0272908,28.4755773],[77.0280146,28.4749935],[77.0286556,28.474602],[77.0291494,28.4744227],[77.029485,28.4743462],[77.0304222,28.4755532]]]}},{"type":"Feature","properties":{"sector":"300","density":"","class":"300","classtext":"300 Industrial","code":300,"val":"","codetext":"","area":649745,"labelLat":28.3098685,"labelLng":76.8911768},"geometry":{"type":"Polygon","coordinates":[[[76.8867223,28.3105319],[76.886936,28.3103387],[76.8873606,28.3101189],[76.886427,28.3085846],[76.8897268,28.3047856],[76.890804,28.3052864],[76.8917199,28.3058181],[76.8927976,28.3063475],[76.8934217,28.3068546],[76.8943674,28.3072426],[76.8951857,28.307747],[76.8961326,28.3082016],[76.8926925,28.3157998],[76.8864897,28.310742],[76.8867223,28.3105319]]]}},{"type":"Feature","properties":{"sector":"","density":"","class":"820","classtext":"800 Aggriculture Zone","code":800,"val":"","codetext":"","area":12312616,"labelLat":28.3451203,"labelLng":76.8713165},"geometry":{"type":"Polygon","coordinates":[[[76.8688966,28.3770738],[76.8668982,28.3774068],[76.864394,28.3774716],[76.8607336,28.3776134],[76.8593814,28.3763635],[76.8585121,28.3760544],[76.8585241,28.3757487],[76.8585212,28.3755806],[76.8590651,28.3750689],[76.8592126,28.3746085],[76.8589077,28.3739708],[76.8583234,28.3731536],[76.858229,28.3726965],[76.8584161,28.3725259],[76.8588383,28.37197],[76.8593163,28.3716426],[76.8592611,28.3714447],[76.8589092,28.3710827],[76.8586924,28.3705356],[76.8581973,28.3698852],[76.857754,28.3692342],[76.8573108,28.3685831],[76.856736,28.3673227],[76.8562529,28.3663665],[76.8559308,28.3657291],[76.8557886,28.3655018],[76.8556284,28.365229],[76.855135,28.3646703],[76.8544978,28.3637927],[76.8537044,28.3628713],[76.8532928,28.3620517],[76.8534713,28.3613922],[76.8541197,28.360925],[76.8546144,28.3605668],[76.85459,28.3601545],[76.8543057,28.3597],[76.8538657,28.3592322],[76.8530912,28.3584023],[76.8533227,28.3580936],[76.853557,28.357909],[76.8537443,28.3575053],[76.8538373,28.3572653],[76.8535107,28.3571073],[76.8530196,28.3568084],[76.853046,28.3564642],[76.8534574,28.3559047],[76.8537345,28.3557003],[76.8539368,28.3555352],[76.8543378,28.3550045],[76.8555731,28.3534023],[76.8553267,28.3531401],[76.8548804,28.3523057],[76.8562133,28.3514777],[76.8578396,28.3506304],[76.8581658,28.350519],[76.8580906,28.3501685],[76.860122,28.3487808],[76.8621756,28.3476831],[76.8620324,28.3473947],[76.8651786,28.3455639],[76.8669386,28.3444701],[76.8681966,28.3433221],[76.8673436,28.3425704],[76.8669529,28.3409713],[76.865994,28.3394716],[76.8651786,28.3372823],[76.8641137,28.3356465],[76.8664629,28.3336889],[76.8628606,28.3291539],[76.8643893,28.3278159],[76.8644619,28.3273374],[76.8655463,28.326081],[76.8654035,28.3256293],[76.8669548,28.324844],[76.8696477,28.3229925],[76.870801,28.3225947],[76.8737253,28.3200953],[76.8732562,28.3195048],[76.8760311,28.3177237],[76.8761323,28.3173403],[76.8789728,28.3146986],[76.8785859,28.3141787],[76.8822287,28.312672],[76.8838354,28.3119813],[76.8844132,28.312618],[76.8847251,28.3123362],[76.8916646,28.3181383],[76.89047,28.3210037],[76.8882693,28.3252432],[76.8863,28.3283937],[76.8850421,28.3301296],[76.8849848,28.3302155],[76.8849394,28.3302962],[76.8830588,28.3339323],[76.8830548,28.3339402],[76.8830127,28.3340318],[76.8829904,28.3340898],[76.881955,28.3370057],[76.8819429,28.3370417],[76.8819163,28.3371377],[76.8819127,28.3371538],[76.8814715,28.3391673],[76.8814565,28.3392487],[76.8814557,28.3392544],[76.881184,28.3411475],[76.8811795,28.341183],[76.8809671,28.3430558],[76.8807176,28.3447575],[76.8804018,28.3465048],[76.8798025,28.3486037],[76.8785878,28.3518989],[76.8772428,28.3552226],[76.8772308,28.3552535],[76.8756841,28.359387],[76.8726773,28.3672515],[76.8726548,28.3673154],[76.8726356,28.3673813],[76.8719567,28.3699886],[76.8719493,28.3700187],[76.871935,28.3700889],[76.8712189,28.3742541],[76.8707843,28.3757992],[76.8691221,28.3801601],[76.8692036,28.3778336],[76.8688966,28.3770738]]]}},{"type":"Feature","properties":{"sector":"","density":"","class":"800","classtext":"800 Aggriculture Zone","code":800,"val":"","codetext":"","area":1644944,"labelLat":28.3847928,"labelLng":76.8596772},"geometry":{"type":"Polygon","coordinates":[[[76.8517371,28.3867018],[76.8496186,28.385387],[76.8488673,28.384841],[76.8492603,28.384539],[76.8509639,28.3831406],[76.8508882,28.3827596],[76.8544154,28.3799152],[76.8551167,28.3795084],[76.8559709,28.3789466],[76.8566331,28.3782805],[76.8577113,28.3772547],[76.8583334,28.3772615],[76.8586814,28.377402],[76.8597096,28.3774109],[76.8597154,28.3784881],[76.8619373,28.378579],[76.8637452,28.3801969],[76.8640345,28.3806244],[76.8642033,28.3833574],[76.8670865,28.3832262],[76.8671714,28.3821554],[76.8678265,28.38207],[76.8678283,28.3831549],[76.8679246,28.3831525],[76.866978,28.3855133],[76.8669499,28.3855907],[76.866099,28.3882003],[76.8660973,28.3882055],[76.8660707,28.3883015],[76.8660521,28.388399],[76.8660428,28.3884815],[76.8656545,28.3934233],[76.8651914,28.3931148],[76.8651546,28.3930919],[76.8651047,28.3930656],[76.8613941,28.3912896],[76.8578785,28.3895681],[76.8557285,28.3885121],[76.8557073,28.3885021],[76.8556526,28.38848],[76.8547306,28.3881498],[76.8548629,28.3874951],[76.8548469,28.3865784],[76.8547024,28.3857208],[76.8546884,28.3849188],[76.8548057,28.3842104],[76.8547907,28.3833511],[76.8548389,28.3823954],[76.8535835,28.3822405],[76.8534998,28.3823945],[76.8535503,28.382814],[76.8536951,28.3836907],[76.853916,28.3839742],[76.8542486,28.3844663],[76.8541418,28.3854762],[76.8537277,28.3855622],[76.8518932,28.3856445],[76.8517371,28.3867018]]]}},{"type":"Feature","properties":{"sector":"","density":"","class":"800","classtext":"800 Aggriculture Zone","code":800,"val":"","codetext":"","area":4320959,"labelLat":28.4149437,"labelLng":76.8544704},"geometry":{"type":"Polygon","coordinates":[[[76.8442662,28.4104558],[76.8497867,28.4078812],[76.8518394,28.4066614],[76.8519694,28.4051927],[76.8534471,28.4037056],[76.8546671,28.4023137],[76.85551,28.4009961],[76.8658067,28.4061985],[76.8657597,28.4128342],[76.8654606,28.4153997],[76.8650203,28.4172592],[76.8642495,28.4176277],[76.8627463,28.4187657],[76.8618167,28.4193514],[76.8607889,28.4198812],[76.8597919,28.4203246],[76.8585049,28.4208579],[76.8572568,28.4217632],[76.8564218,28.4222043],[76.8554926,28.4228187],[76.8549972,28.4241434],[76.8550067,28.4246877],[76.8552146,28.4254584],[76.8554539,28.4261715],[76.8546513,28.4266122],[76.8536723,28.4280867],[76.8525152,28.4286469],[76.8520416,28.4293696],[76.8516971,28.4300619],[76.8506393,28.4307353],[76.8492424,28.4321115],[76.8489456,28.4310891],[76.8471805,28.4279958],[76.8467626,28.4248383],[76.8458942,28.4226038],[76.8450019,28.4189943],[76.842972,28.4160051],[76.8437717,28.4143317],[76.8440948,28.4130284],[76.8442883,28.4117269],[76.8442662,28.4104558]]]}},{"type":"Feature","properties":{"sector":"","density":"","class":"800","classtext":"800 Aggriculture Zone","code":800,"val":"","codetext":"","area":1120130,"labelLat":28.3608586,"labelLng":77.0563909},"geometry":{"type":"MultiPolygon","coordinates":[[[[77.0618504,28.3546633],[77.0612499,28.3570045],[77.0572352,28.3698013],[77.0564709,28.3722374],[77.0553141,28.3717846],[77.0533335,28.3709391],[77.0535245,28.3709142],[77.0546962,28.3705804],[77.0553481,28.3703947],[77.0557329,28.3702851],[77.0557628,28.3702755],[77.055628,28.3680474],[77.0555529,28.3669503],[77.0537403,28.3667388],[77.0515572,28.3544036],[77.0618504,28.3546633]]],[[[77.0501186,28.3695665],[77.046762,28.3681333],[77.0473629,28.3677659],[77.0501186,28.3695665]]]]}},{"type":"Feature","properties":{"sector":"","density":"","class":"800","classtext":"800 Aggriculture Zone","code":800,"val":"","codetext":"","area":1631142,"labelLat":28.4186601,"labelLng":77.122888},"geometry":{"type":"Polygon","coordinates":[[[77.1274066,28.4105891],[77.1270878,28.4145896],[77.1258829,28.4272617],[77.1264158,28.4271107],[77.1265664,28.4303786],[77.1273238,28.4304384],[77.1273445,28.4328255],[77.1268576,28.4327853],[77.127452,28.4381955],[77.127511,28.4389714],[77.1272718,28.4389597],[77.1270324,28.4389455],[77.1267794,28.4388767],[77.1265597,28.4387605],[77.1264248,28.4385929],[77.1262678,28.4380603],[77.1262647,28.4380501],[77.1258553,28.4367445],[77.1258534,28.4367386],[77.125838,28.4366964],[77.1258365,28.4366926],[77.1257593,28.4365064],[77.1257424,28.436469],[77.125721,28.436429],[77.1257009,28.4363969],[77.1256253,28.4362827],[77.1256209,28.4362762],[77.1255937,28.436239],[77.1255638,28.4362035],[77.1255313,28.4361698],[77.1255172,28.4361564],[77.1253095,28.435965],[77.1252887,28.4359466],[77.1252516,28.4359169],[77.1252123,28.4358894],[77.1251711,28.4358643],[77.1251447,28.4358499],[77.1250539,28.4358028],[77.1246348,28.4284209],[77.1240389,28.4272015],[77.123344,28.4261581],[77.1227573,28.4253421],[77.1222542,28.4235164],[77.1222832,28.42237],[77.1227271,28.4215546],[77.1215035,28.4188771],[77.1211816,28.4191326],[77.1206688,28.4194157],[77.1205169,28.4196014],[77.120316,28.4199254],[77.1201696,28.4203861],[77.1199168,28.4207109],[77.1195586,28.4209456],[77.1186838,28.4212801],[77.1171702,28.4213675],[77.1172992,28.421152],[77.1173193,28.4211098],[77.1173258,28.4210893],[77.1175421,28.4202885],[77.1175471,28.4202655],[77.1175504,28.4202297],[77.1175623,28.4195247],[77.1181606,28.4161851],[77.1183808,28.4149019],[77.1184653,28.41443],[77.1184846,28.4143225],[77.118595,28.4137057],[77.1185985,28.4136598],[77.1185935,28.4136154],[77.1185802,28.4135722],[77.1185591,28.4135316],[77.1185307,28.4134946],[77.1184958,28.4134623],[77.1184553,28.4134354],[77.1184137,28.4134165],[77.1184085,28.4134142],[77.118058,28.4132896],[77.117732,28.4115353],[77.1177309,28.41153],[77.1177229,28.4115007],[77.1169352,28.4092024],[77.11693,28.4091885],[77.1169152,28.4091584],[77.1156433,28.4069418],[77.1163693,28.4069171],[77.1178913,28.4074187],[77.1187059,28.4076447],[77.1198955,28.4077217],[77.1200025,28.4076723],[77.1203767,28.4074755],[77.1208625,28.4074679],[77.1211931,28.407797],[77.1216876,28.408219],[77.121968,28.4087399],[77.1220855,28.4092156],[77.1221499,28.4097398],[77.122168,28.4106467],[77.1224427,28.4108812],[77.1229778,28.4106341],[77.1231369,28.4104884],[77.123458,28.4103401],[77.12378,28.4102396],[77.124104,28.4102346],[77.1245397,28.4104187],[77.1248731,28.410891],[77.1251545,28.4114596],[77.1252644,28.4115534],[77.1258573,28.4114964],[77.1266084,28.4112459],[77.1274066,28.4105891]]]}},{"type":"Feature","properties":{"sector":"","density":"","class":"850","classtext":"800 Aggriculture Zone","code":800,"val":"","codetext":"","area":443398,"labelLat":28.4476852,"labelLng":77.123317},"geometry":{"type":"Polygon","coordinates":[[[77.1151605,28.4676441],[77.1151061,28.4677134],[77.114853,28.4680362],[77.114457,28.4682652],[77.1146505,28.4673713],[77.1148214,28.4672908],[77.114855,28.4672732],[77.1148642,28.4672681],[77.1149619,28.4672125],[77.1150029,28.4671874],[77.1150963,28.4671263],[77.1151108,28.4671166],[77.1151354,28.4670989],[77.1152241,28.4670325],[77.1152601,28.4670038],[77.1153447,28.4669316],[77.1153794,28.4668999],[77.1154576,28.4668239],[77.1154749,28.4668065],[77.1154899,28.4667903],[77.1155624,28.46671],[77.1155921,28.4666746],[77.11566,28.4665884],[77.1156914,28.4665447],[77.1164003,28.4654691],[77.1171044,28.4644221],[77.1171115,28.4644113],[77.117654,28.4635696],[77.1176616,28.4635576],[77.1176872,28.4635119],[77.1179044,28.4630843],[77.118231,28.4625288],[77.1187044,28.4618761],[77.1191854,28.4612163],[77.1194359,28.4608877],[77.119445,28.4608754],[77.119973,28.460149],[77.1199807,28.4601382],[77.1201299,28.4599242],[77.1204784,28.4594243],[77.1204872,28.4594113],[77.1207573,28.4590036],[77.1207695,28.4589845],[77.1207729,28.4589789],[77.1211957,28.4582751],[77.1218508,28.4573001],[77.1223764,28.4565358],[77.1223949,28.4565073],[77.1224143,28.4564736],[77.1225288,28.4562593],[77.1225435,28.4562302],[77.1225618,28.4561871],[77.1226722,28.4558989],[77.1226804,28.4558763],[77.1226991,28.4558087],[77.1227026,28.4557912],[77.122766,28.4554488],[77.1227733,28.4553973],[77.1227751,28.4553731],[77.122813,28.4546985],[77.1228859,28.4533411],[77.1229631,28.451944],[77.1230453,28.4506658],[77.1230463,28.450644],[77.1230888,28.4491202],[77.123089,28.449112],[77.1231113,28.4475273],[77.1231412,28.4459172],[77.1231727,28.4442504],[77.1231728,28.4442405],[77.1231746,28.4435195],[77.1231745,28.4435061],[77.1231724,28.4434662],[77.1231495,28.4432033],[77.1230918,28.4425397],[77.1230546,28.4420922],[77.12304,28.4409653],[77.1230319,28.4402877],[77.1230303,28.440252],[77.1229533,28.4392361],[77.1229519,28.4392206],[77.1229204,28.4389121],[77.1228941,28.4381232],[77.1228841,28.4375905],[77.1228932,28.4374836],[77.1229346,28.4373568],[77.1229896,28.4372514],[77.1230834,28.4371372],[77.1231655,28.437065],[77.1233552,28.4369704],[77.123711,28.4368896],[77.1240156,28.4368638],[77.1241458,28.4369008],[77.1242781,28.4369695],[77.1243471,28.4370331],[77.1243882,28.4371322],[77.1247878,28.4384065],[77.1249788,28.4390545],[77.1249837,28.4390705],[77.1249991,28.4391127],[77.1250176,28.4391538],[77.1250391,28.4391938],[77.1250634,28.4392325],[77.1250906,28.4392697],[77.1250958,28.4392761],[77.1254052,28.4396606],[77.12543,28.4396897],[77.1254625,28.4397234],[77.1254973,28.4397552],[77.1255345,28.4397849],[77.1255738,28.4398123],[77.125615,28.4398375],[77.1256359,28.439849],[77.1260728,28.44008],[77.1260949,28.4400913],[77.1261395,28.4401115],[77.1261855,28.440129],[77.1262327,28.4401439],[77.1262409,28.4401462],[77.1266673,28.4402621],[77.1267073,28.4402719],[77.1267563,28.4402812],[77.1268058,28.4402876],[77.1268409,28.4402904],[77.1273056,28.4403181],[77.1273205,28.4403188],[77.1273705,28.4403195],[77.1274206,28.4403172],[77.1274703,28.4403121],[77.1274894,28.440309],[77.1276317,28.4403123],[77.1277894,28.4421697],[77.1263551,28.4433858],[77.1254733,28.4431847],[77.1246985,28.4436146],[77.1235431,28.4506755],[77.1231864,28.4578314],[77.1212994,28.459906],[77.1184281,28.4630624],[77.1180278,28.4639878],[77.1151605,28.4676441]]]}},{"type":"Feature","properties":{"sector":"","density":"","class":"800","classtext":"800 Aggriculture Zone","code":800,"val":"","codetext":"","area":11812249,"labelLat":28.4453479,"labelLng":76.8819411},"geometry":{"type":"Polygon","coordinates":[[[76.9078398,28.4270858],[76.9126964,28.4295175],[76.9174654,28.43189],[76.9166109,28.4321017],[76.9153691,28.4322567],[76.9140779,28.4325499],[76.9125307,28.4330301],[76.9101162,28.4343018],[76.9083237,28.4355646],[76.9071962,28.4363139],[76.9058103,28.4371126],[76.9040581,28.4377331],[76.9024104,28.438398],[76.9019956,28.4384037],[76.8984687,28.4412952],[76.8946755,28.4467116],[76.8932991,28.4480602],[76.8915703,28.4500096],[76.891184,28.4516194],[76.8911946,28.4522152],[76.8911509,28.4526743],[76.8911088,28.4532249],[76.8911186,28.4537749],[76.8907752,28.4548799],[76.8905216,28.4552043],[76.8904204,28.4553432],[76.8901676,28.4557135],[76.889598,28.4557673],[76.8889757,28.4557759],[76.8883031,28.4558769],[76.8874223,28.455935],[76.8872149,28.4559379],[76.886232,28.456089],[76.8857216,28.4565545],[76.8851568,28.4568832],[76.8842809,28.4572163],[76.8834536,28.4573653],[76.8826239,28.4573768],[76.8817496,28.4578014],[76.8816485,28.4581247],[76.8833926,28.4632605],[76.8846587,28.4630519],[76.884996,28.4637874],[76.8873388,28.463349],[76.8879428,28.4638898],[76.8885027,28.4669664],[76.8878798,28.4668424],[76.8854138,28.466367],[76.8824469,28.4657771],[76.8757789,28.4644511],[76.8757678,28.464449],[76.8708877,28.4635524],[76.8701582,28.4634184],[76.8701188,28.4634122],[76.8700949,28.4634095],[76.8696051,28.4633608],[76.8695747,28.4633584],[76.8689723,28.4633224],[76.8689523,28.4633214],[76.8688777,28.4633224],[76.8688322,28.4633275],[76.8662067,28.4610549],[76.8658489,28.461115],[76.8627325,28.4608903],[76.8590647,28.4601294],[76.8607255,28.4510121],[76.8619559,28.4454454],[76.8638712,28.4372001],[76.8645403,28.4369036],[76.8670158,28.4358064],[76.9078398,28.4270858]]]}},{"type":"Feature","properties":{"sector":"","density":"","class":"1000","classtext":"1000 Natural Conservation Zone Hubs)","code":1000,"val":"","codetext":"","area":3395400,"labelLat":28.445564,"labelLng":76.9028938},"geometry":{"type":"Polygon","coordinates":[[[76.8955891,28.4578383],[76.8916456,28.4578932],[76.8915818,28.457345],[76.8908513,28.4572835],[76.8907001,28.4563783],[76.8863621,28.4570354],[76.8858127,28.4580458],[76.8816485,28.4581247],[76.8817496,28.4578014],[76.8826239,28.4573768],[76.8834536,28.4573653],[76.8842809,28.4572163],[76.8851568,28.4568832],[76.8857216,28.4565545],[76.886232,28.456089],[76.8872149,28.4559379],[76.8874223,28.455935],[76.8883031,28.4558769],[76.8889757,28.4557759],[76.889598,28.4557673],[76.8901676,28.4557135],[76.8904204,28.4553432],[76.8905216,28.4552043],[76.8907752,28.4548799],[76.8911186,28.4537749],[76.8911088,28.4532249],[76.8911509,28.4526743],[76.8911946,28.4522152],[76.891184,28.4516194],[76.8915703,28.4500096],[76.8932991,28.4480602],[76.8946755,28.4467116],[76.8984687,28.4412952],[76.9019956,28.4384037],[76.9024104,28.438398],[76.9040581,28.4377331],[76.9058103,28.4371126],[76.9071962,28.4363139],[76.9083237,28.4355646],[76.9101162,28.4343018],[76.9125307,28.4330301],[76.9140779,28.4325499],[76.9153691,28.4322567],[76.9166109,28.4321017],[76.9174654,28.43189],[76.9188084,28.4325581],[76.917992,28.4339159],[76.9172843,28.4349344],[76.9164638,28.4354502],[76.9159586,28.4361908],[76.916022,28.4368317],[76.9162376,28.4372871],[76.9163488,28.4376981],[76.9164089,28.4381557],[76.9160608,28.4389857],[76.9152921,28.4395008],[76.9148798,28.4396441],[76.9140568,28.4400224],[76.9133894,28.4403986],[76.9119047,28.4414738],[76.9115739,28.4432663],[76.9114809,28.4438635],[76.9103665,28.4453461],[76.9082381,28.4481265],[76.9063087,28.4504456],[76.9049843,28.4517936],[76.9029816,28.4529218],[76.9021124,28.4536216],[76.9016686,28.4549114],[76.9000676,28.4553005],[76.8985735,28.4558715],[76.8970819,28.4565799],[76.8955891,28.4578383]]]}},{"type":"Feature","properties":{"sector":"H6","density":"","class":"1100","classtext":"H6 World Trade Hub","code":1100,"val":"","codetext":"","area":2274031,"labelLat":28.427894,"labelLng":76.8727039},"geometry":{"type":"MultiPolygon","coordinates":[[[[76.8768552,28.4239165],[76.8860566,28.4261249],[76.8782556,28.4296246],[76.8765049,28.4304209],[76.8736483,28.4316074],[76.8712903,28.4325867],[76.8712801,28.4325911],[76.8675961,28.4341866],[76.8675904,28.4341891],[76.864224,28.4356811],[76.8644011,28.4349188],[76.867016,28.42416],[76.8672523,28.423176],[76.8684519,28.4225555],[76.8690123,28.4220342],[76.8768552,28.4239165]]],[[[76.8984674,28.4290891],[76.8670158,28.4358064],[76.8682052,28.4352793],[76.8718814,28.4336871],[76.8742343,28.4327099],[76.8771021,28.4315187],[76.8771244,28.431509],[76.8788828,28.4307092],[76.887358,28.426907],[76.8880502,28.4266016],[76.8984674,28.4290891]]]]}},{"type":"Feature","properties":{"sector":"","density":"","class":"800","classtext":"800 Aggriculture Zone","code":800,"val":"","codetext":"","area":2020960,"labelLat":28.3929321,"labelLng":76.856416},"geometry":{"type":"Polygon","coordinates":[[[76.8559824,28.4004431],[76.8565314,28.3992168],[76.8574228,28.3968208],[76.8581699,28.3950686],[76.8583524,28.393645],[76.8582416,28.3932339],[76.8573589,28.3931543],[76.8547148,28.3931445],[76.852904,28.3933525],[76.851452,28.3933264],[76.8501921,28.3924267],[76.8491947,28.3917067],[76.8485161,28.3914409],[76.8470586,28.3910939],[76.8462198,28.3905551],[76.8442797,28.3922776],[76.8426062,28.3939834],[76.8416816,28.3949258],[76.8394972,28.3975226],[76.8368989,28.4001707],[76.8353047,28.4009257],[76.8341423,28.3996577],[76.8324584,28.3982134],[76.8315049,28.3970343],[76.8313997,28.396944],[76.8333377,28.3950842],[76.8350454,28.3918981],[76.8361078,28.3907511],[76.8375392,28.3892055],[76.8392776,28.3878068],[76.8413475,28.3875955],[76.8425906,28.3875328],[76.8441788,28.3884435],[76.8478128,28.3856513],[76.8487643,28.3863428],[76.8488059,28.3863708],[76.8514182,28.3879921],[76.8514362,28.3880029],[76.8514748,28.3880237],[76.8533647,28.3889692],[76.8533906,28.3889816],[76.8534453,28.3890036],[76.8550965,28.3895951],[76.8572104,28.3906334],[76.8607296,28.3923566],[76.8607354,28.3923594],[76.8644037,28.3941151],[76.8655406,28.3948726],[76.8559824,28.4004431]]]}},{"type":"Feature","properties":{"sector":"","density":"","class":"900","classtext":"900 Special Zone","code":900,"val":"","codetext":"","area":200860,"labelLat":28.5009375,"labelLng":77.1033614},"geometry":{"type":"Polygon","coordinates":[[[77.0991347,28.5013546],[77.0995243,28.5011761],[77.1063788,28.4984134],[77.1073703,28.5003696],[77.1073719,28.5003736],[77.1073941,28.5004165],[77.1038096,28.5021758],[77.1008285,28.5033975],[77.0991347,28.5013546]]]}},{"type":"Feature","properties":{"sector":"24","density":"250","class":"100","classtext":"100 Residential (Group Housing/Plotted)","code":100,"val":"250/100","codetext":"","area":5547,"labelLat":28.5012703,"labelLng":77.0979685},"geometry":{"type":"Polygon","coordinates":[[[77.0985336,28.50163],[77.0979833,28.5018821],[77.0973845,28.5002877],[77.0973992,28.5003113],[77.0985336,28.50163]]]}},{"type":"Feature","properties":{"sector":"","density":"","class":"900","classtext":"900 Special Zone","code":900,"val":"","codetext":"","area":255175,"labelLat":28.5063302,"labelLng":77.0970998},"geometry":{"type":"Polygon","coordinates":[[[77.1002559,28.5036322],[77.0992639,28.5040387],[77.0986569,28.5053553],[77.0983464,28.5057875],[77.0978053,28.5065405],[77.0975246,28.5072083],[77.0972477,28.507867],[77.0980411,28.5106463],[77.0942926,28.5124285],[77.0942957,28.5121496],[77.0944211,28.5116882],[77.0947925,28.5109811],[77.0956517,28.5095072],[77.0956673,28.5094795],[77.0960087,28.5088555],[77.0960134,28.5088468],[77.0960549,28.508761],[77.0960714,28.5087208],[77.0963156,28.5080921],[77.0963331,28.508044],[77.0963593,28.5079536],[77.0963776,28.5078617],[77.0963825,28.5078218],[77.0964618,28.5073487],[77.0964916,28.506701],[77.0964179,28.5061861],[77.0963141,28.5056306],[77.0963125,28.5056221],[77.0962905,28.5055308],[77.0962658,28.5054547],[77.0960898,28.5049734],[77.0960848,28.50496],[77.0960474,28.5048728],[77.0960025,28.5047883],[77.0959752,28.504744],[77.0955245,28.5040463],[77.0954997,28.5040095],[77.0954437,28.5039357],[77.0949131,28.5032884],[77.0979833,28.5018821],[77.0985336,28.50163],[77.1002559,28.5036322]]]}},{"type":"Feature","properties":{"sector":"","density":"","class":"1000","classtext":"1000 Natural Conservation Zone Hubs)","code":1000,"val":"","codetext":"","area":158841,"labelLat":28.4694856,"labelLng":77.1116058},"geometry":{"type":"Polygon","coordinates":[[[77.1129262,28.4710585],[77.1112022,28.4729412],[77.1111714,28.4728755],[77.1111599,28.4728521],[77.1111379,28.4728131],[77.110572,28.4718846],[77.1101251,28.4710889],[77.1100595,28.4707563],[77.1100606,28.4700054],[77.1100605,28.4699926],[77.1100471,28.4693205],[77.1100417,28.469251],[77.1100282,28.4691824],[77.1100068,28.4691154],[77.1099777,28.4690506],[77.1099664,28.4690298],[77.1097693,28.4686814],[77.1097441,28.4686405],[77.1097006,28.4685824],[77.1096888,28.4685686],[77.1093704,28.4682069],[77.1093322,28.4681667],[77.1092857,28.4681254],[77.109227,28.4680749],[77.1095153,28.4678656],[77.1097379,28.4677109],[77.1099666,28.4675661],[77.1101712,28.4674826],[77.1103298,28.4674494],[77.1105574,28.4674363],[77.111294,28.4674762],[77.1121563,28.4675273],[77.1131354,28.4675815],[77.1131744,28.4675827],[77.1136608,28.4675871],[77.1137018,28.4675865],[77.1137498,28.4675833],[77.1139925,28.4675604],[77.114023,28.467557],[77.1140982,28.4675438],[77.114212,28.4675185],[77.1142589,28.4675065],[77.1143696,28.467475],[77.1143989,28.4674661],[77.1144165,28.4674602],[77.1145246,28.4674223],[77.1145703,28.4674048],[77.1146505,28.4673713],[77.114457,28.4682652],[77.1124357,28.4694346],[77.112445,28.4705804],[77.1129262,28.4710585]]]}},{"type":"Feature","properties":{"sector":"","density":"","class":"800","classtext":"800 Aggriculture Zone","code":800,"val":"","codetext":"","area":256064,"labelLat":28.4919918,"labelLng":77.0928321},"geometry":{"type":"MultiPolygon","coordinates":[[[[77.1048162,28.4822921],[77.0959245,28.4891418],[77.0943061,28.4903891],[77.092997,28.4919754],[77.0930061,28.4924337],[77.0951905,28.4957615],[77.0959548,28.4972395],[77.0983525,28.5004112],[77.0991347,28.5013546],[77.1008285,28.5033975],[77.1002559,28.5036322],[77.0985336,28.50163],[77.0973992,28.5003113],[77.0973845,28.5002877],[77.0927754,28.4926884],[77.0925997,28.4915614],[77.0933089,28.4902517],[77.0954407,28.4887291],[77.0978212,28.4866678],[77.1000408,28.4852202],[77.1018304,28.4838937],[77.1038777,28.4824869],[77.1041192,28.4822507],[77.1048162,28.4822921]]],[[[77.1101622,28.474395],[77.1100454,28.4750179],[77.1098367,28.4758602],[77.1056756,28.4815805],[77.1051424,28.4820408],[77.1051286,28.4820394],[77.1043806,28.481995],[77.1051076,28.4812837],[77.1101489,28.4743244],[77.1101622,28.474395]]],[[[77.1131602,28.4712909],[77.1114987,28.4735752],[77.1112022,28.4729412],[77.1129262,28.4710585],[77.1131602,28.4712909]]]]}},{"type":"Feature","properties":{"sector":"","density":"","class":"600","classtext":"600 Public and Semi Public Use","code":600,"val":"","codetext":"","area":135034,"labelLat":28.459257,"labelLng":77.11675},"geometry":{"type":"Polygon","coordinates":[[[77.1192936,28.4585344],[77.1191701,28.4587209],[77.1186807,28.459423],[77.1181611,28.4601378],[77.1179109,28.4604661],[77.1179024,28.4604776],[77.1174159,28.4611448],[77.1170659,28.4616274],[77.1142168,28.4598939],[77.1163623,28.4569383],[77.1192936,28.4585344]]]}},{"type":"Feature","properties":{"sector":"","density":"","class":"1000","classtext":"1000 Natural Conservation Zone Hubs)","code":1000,"val":"","codetext":"","area":501810,"labelLat":28.4360582,"labelLng":77.1182172},"geometry":{"type":"Polygon","coordinates":[[[77.1150175,28.4396369],[77.1160203,28.4373995],[77.1157131,28.4328204],[77.1158056,28.4313957],[77.1158144,28.4312603],[77.1158232,28.4311257],[77.1159714,28.4288445],[77.1167317,28.4294509],[77.1169571,28.4297202],[77.1174714,28.4304019],[77.11797,28.431237],[77.1179869,28.4312639],[77.1187319,28.432385],[77.1193386,28.4333433],[77.1193619,28.4333777],[77.1200201,28.4342866],[77.1200263,28.4342949],[77.1200352,28.4343066],[77.1212845,28.4359037],[77.1217253,28.4364873],[77.1217066,28.43651],[77.121673,28.4365546],[77.1216354,28.4366158],[77.121631,28.4366241],[77.1215201,28.4368364],[77.1214943,28.4368924],[77.1214797,28.4369323],[77.1214003,28.4371757],[77.1213922,28.4372025],[77.1213774,28.4372709],[77.1213724,28.4373125],[77.1213548,28.43752],[77.1213531,28.4375478],[77.1213528,28.4375819],[77.1213634,28.43815],[77.1213636,28.4381586],[77.1213907,28.4389723],[77.1213922,28.4389992],[77.1213935,28.4390132],[77.1214262,28.4393344],[77.1215012,28.4403234],[77.1215088,28.440958],[77.1150175,28.4396369]]]}},{"type":"Feature","properties":{"sector":"","density":"","class":"1000","classtext":"1000 Natural Conservation Zone Hubs)","code":1000,"val":"","codetext":"","area":668165,"labelLat":28.4065632,"labelLng":77.1212875},"geometry":{"type":"Polygon","coordinates":[[[77.1274066,28.4105891],[77.1266084,28.4112459],[77.1258573,28.4114964],[77.1252644,28.4115534],[77.1251545,28.4114596],[77.1248731,28.410891],[77.1245397,28.4104187],[77.124104,28.4102346],[77.12378,28.4102396],[77.123458,28.4103401],[77.1231369,28.4104884],[77.1229778,28.4106341],[77.1224427,28.4108812],[77.122168,28.4106467],[77.1221499,28.4097398],[77.1220855,28.4092156],[77.121968,28.4087399],[77.1216876,28.408219],[77.1211931,28.407797],[77.1208625,28.4074679],[77.1203767,28.4074755],[77.1200025,28.4076723],[77.1198955,28.4077217],[77.1187059,28.4076447],[77.1178913,28.4074187],[77.1163693,28.4069171],[77.1156433,28.4069418],[77.114213,28.404449],[77.1126133,28.4016609],[77.1126069,28.4016503],[77.1125908,28.4016278],[77.1131894,28.4014759],[77.1134753,28.4014033],[77.1140345,28.4018243],[77.114788,28.4022424],[77.1156626,28.4022288],[77.1165059,28.402273],[77.1171281,28.4026071],[77.1177231,28.4031995],[77.1181204,28.403623],[77.1186529,28.404331],[77.1197008,28.4048877],[77.1199651,28.4051414],[77.1230446,28.405208],[77.1253722,28.4049425],[77.1274839,28.4052247],[77.1277089,28.4064865],[77.127593,28.4074433],[77.1275412,28.4089004],[77.1274066,28.4105891]]]}},{"type":"Feature","properties":{"sector":"","density":"","class":"600","classtext":"600 Public and Semi Public Use","code":600,"val":"","codetext":"","area":926192,"labelLat":28.3787476,"labelLng":77.0720002},"geometry":{"type":"MultiPolygon","coordinates":[[[[77.0748773,28.3791353],[77.0862626,28.3849426],[77.086256,28.3849524],[77.0862469,28.3849673],[77.0854785,28.3862686],[77.0585972,28.3730726],[77.0585368,28.373046],[77.0576023,28.3726802],[77.0580789,28.3711612],[77.0748773,28.3791353]]],[[[77.1070162,28.3955243],[77.1101347,28.3984177],[77.103297,28.395135],[77.0961453,28.3916326],[77.0867474,28.3870433],[77.0875886,28.3856189],[77.1070162,28.3955243]]]]}},{"type":"Feature","properties":{"sector":"","density":"","class":"1000","classtext":"1000 Natural Conservation Zone Hubs)","code":1000,"val":"","codetext":"","area":1780583,"labelLat":28.3815792,"labelLng":77.1049013},"geometry":{"type":"Polygon","coordinates":[[[77.1088867,28.3889264],[77.1109976,28.390819],[77.1098566,28.3934036],[77.1100603,28.3970759],[77.1101347,28.3984177],[77.1070162,28.3955243],[77.105638,28.394048],[77.1063351,28.3937985],[77.1070264,28.3932626],[77.1070189,28.3928807],[77.106892,28.3919277],[77.1058447,28.3908456],[77.1052358,28.3900911],[77.1049091,28.3899529],[77.1039802,28.3893942],[77.1034376,28.3892594],[77.1033836,28.3892602],[77.0981242,28.3689524],[77.0991575,28.3686783],[77.1075208,28.3723045],[77.1069364,28.3794221],[77.1084363,28.3792614],[77.1088867,28.3889264]]]}},{"type":"Feature","properties":{"sector":"","density":"","class":"700","classtext":"700 Open Spaces","code":700,"val":"","codetext":"","area":272277,"labelLat":28.3705412,"labelLng":76.9905281},"geometry":{"type":"Polygon","coordinates":[[[76.9916811,28.3671016],[76.9917429,28.3680939],[76.991674,28.3690309],[76.9912813,28.3699725],[76.9911462,28.370834],[76.990733,28.3718333],[76.9902369,28.3730247],[76.9893562,28.3744319],[76.989351,28.3753106],[76.9886049,28.3771963],[76.9857977,28.375283],[76.9857864,28.3752675],[76.9858716,28.3751896],[76.9869157,28.3738716],[76.9889923,28.3717403],[76.990003,28.3703503],[76.9909476,28.3677388],[76.9886351,28.3618515],[76.9878708,28.3608616],[76.9883997,28.3605395],[76.9885079,28.3604737],[76.9885231,28.3604638],[76.988548,28.360445],[76.9885589,28.3604354],[76.9885853,28.3604082],[76.9885967,28.3603939],[76.9886142,28.3603682],[76.9899235,28.3631735],[76.990214,28.3637371],[76.9907106,28.3636968],[76.9913893,28.3653486],[76.9914028,28.3660743],[76.9916396,28.3660326],[76.9916811,28.3671016]]]}},{"type":"Feature","properties":{"sector":"","density":"","class":"850","classtext":"800 Aggriculture Zone","code":800,"val":"","codetext":"","area":1396048,"labelLat":28.3659163,"labelLng":76.9933986},"geometry":{"type":"MultiPolygon","coordinates":[[[[76.9973562,28.3761027],[76.9965878,28.37658],[76.9962225,28.3766809],[76.9960052,28.3766076],[76.9957818,28.3762098],[76.9953205,28.3757963],[76.9951021,28.3756658],[76.9949312,28.3757638],[76.9944785,28.3758087],[76.9943886,28.375619],[76.9940328,28.3750703],[76.9937018,28.3746931],[76.9932491,28.3747379],[76.9927709,28.374573],[76.9925033,28.3741185],[76.9921475,28.3735698],[76.9917964,28.3732694],[76.9912315,28.3730866],[76.9908958,28.3724612],[76.990733,28.3718333],[76.9911462,28.370834],[76.9912813,28.3699725],[76.991674,28.3690309],[76.9917429,28.3680939],[76.9916811,28.3671016],[76.9916396,28.3660326],[76.9914028,28.3660743],[76.9913893,28.3653486],[76.9907106,28.3636968],[76.990214,28.3637371],[76.9899235,28.3631735],[76.9886142,28.3603682],[76.9886143,28.3603681],[76.9919697,28.3547677],[76.9935873,28.355213],[76.9941225,28.3558361],[76.9949274,28.3573142],[76.9948448,28.3587505],[76.9951138,28.3595793],[76.9949115,28.3603081],[76.9947774,28.3623729],[76.9948491,28.3638999],[76.9950418,28.3649667],[76.9955799,28.3660284],[76.9960489,28.368008],[76.9966424,28.3697184],[76.997436,28.3705853],[76.9973423,28.3724967],[76.9976624,28.3734471],[76.9978055,28.3741708],[76.9976147,28.3755106],[76.9973562,28.3761027]]],[[[76.9909478,28.3552017],[76.9882806,28.3596533],[76.9881388,28.359558],[76.9848152,28.357323],[76.9847346,28.3572265],[76.9842631,28.3566625],[76.9845223,28.3560857],[76.9834155,28.3546216],[76.9837719,28.3534704],[76.9856192,28.354112],[76.9876096,28.3537487],[76.9909478,28.3552017]]]]}},{"type":"Feature","properties":{"sector":"","density":"","class":"600","classtext":"600 Public and Semi Public Use","code":600,"val":"","codetext":"","area":2281828,"labelLat":28.348465,"labelLng":76.9522664},"geometry":{"type":"Polygon","coordinates":[[[76.9412654,28.3381132],[76.9427827,28.3380332],[76.9430318,28.338809],[76.9434641,28.338841],[76.9437287,28.3391428],[76.9442857,28.3389057],[76.944851,28.3391268],[76.9453279,28.3392346],[76.9454693,28.3398821],[76.9457749,28.3400687],[76.9464273,28.3403268],[76.9474668,28.340503],[76.9483322,28.3406052],[76.9498069,28.3409661],[76.9527173,28.3419177],[76.9558848,28.3451195],[76.958145,28.3459275],[76.9640901,28.3592506],[76.9669083,28.3597637],[76.9665465,28.3607372],[76.9665446,28.3607425],[76.9665426,28.3607485],[76.9661157,28.3620806],[76.9659206,28.3620874],[76.9645534,28.3611282],[76.958347,28.3612175],[76.9584057,28.355811],[76.9584072,28.3556774],[76.9579327,28.3548247],[76.9554799,28.3531413],[76.955478,28.3531438],[76.9553592,28.3530585],[76.9551482,28.3529136],[76.9528213,28.3513166],[76.9524805,28.3503904],[76.950372,28.3502057],[76.9473478,28.3486492],[76.9450379,28.3477749],[76.9399127,28.3462423],[76.9397528,28.3449145],[76.9396339,28.3437259],[76.9396515,28.3426353],[76.9396516,28.3426185],[76.9396527,28.3408557],[76.9396526,28.3408373],[76.9396376,28.3399264],[76.9400855,28.3398743],[76.9400596,28.3403484],[76.9409572,28.3403203],[76.9409505,28.3399537],[76.9421249,28.3399522],[76.9420559,28.3390058],[76.9413132,28.3390011],[76.9412654,28.3381132]]]}},{"type":"Feature","properties":{"sector":"","density":"","class":"890","classtext":"800 Aggriculture Zone","code":800,"val":"","codetext":"","area":451296,"labelLat":28.480008,"labelLng":76.9509813},"geometry":{"type":"Polygon","coordinates":[[[76.9572361,28.4818884],[76.9529888,28.4834862],[76.9529722,28.4834925],[76.9529252,28.4835124],[76.9529102,28.4835191],[76.9528753,28.4835356],[76.9527974,28.4835782],[76.9527745,28.4835925],[76.9527572,28.4836035],[76.9527069,28.483638],[76.9526389,28.4836922],[76.9448498,28.4786887],[76.9449081,28.4786718],[76.9449196,28.4786675],[76.9453317,28.4785088],[76.9453755,28.4784894],[76.9454069,28.4784721],[76.9493796,28.4760802],[76.9572361,28.4818884]]]}},{"type":"Feature","properties":{"sector":"","density":"","class":"800","classtext":"800 Aggriculture Zone","code":800,"val":"","codetext":"","area":1058224,"labelLat":28.4462192,"labelLng":76.8550147},"geometry":{"type":"Polygon","coordinates":[[[76.8561413,28.4561509],[76.853493,28.4558423],[76.8526751,28.4510781],[76.8519796,28.4483752],[76.8502191,28.4409491],[76.8534758,28.4400933],[76.8599239,28.4384916],[76.8584539,28.4448187],[76.8584511,28.4448314],[76.8572129,28.4504321],[76.857205,28.4504707],[76.8561413,28.4561509]]]}},{"type":"Feature","properties":{"sector":"RS-2","density":"","class":"400","classtext":"400 Transport and Communication","code":400,"val":"400","codetext":"","area":8881,"labelLat":28.4131509,"labelLng":76.8824078},"geometry":{"type":"Polygon","coordinates":[[[76.8820862,28.4126406],[76.8832363,28.413223],[76.8827792,28.4136737],[76.8815464,28.4130606],[76.8820862,28.4126406]]]}},{"type":"Feature","properties":{"sector":"RS-1","density":"","class":"300","classtext":"300 Industrial","code":300,"val":"","codetext":"","area":2205,"labelLat":28.4886205,"labelLng":77.0112042},"geometry":{"type":"Polygon","coordinates":[[[77.0109877,28.4883103],[77.0111307,28.4883614],[77.0112716,28.4884131],[77.0115344,28.488833],[77.0112961,28.4889561],[77.0112159,28.4888626],[77.0110411,28.4886559],[77.0108671,28.4884502],[77.0109882,28.4883092],[77.0109877,28.4883103]]]}},{"type":"Feature","properties":{"sector":"","density":"","class":"850","classtext":"800 Aggriculture Zone","code":800,"val":"","codetext":"","area":267115,"labelLat":28.3581497,"labelLng":76.8845979},"geometry":{"type":"Polygon","coordinates":[[[76.888107,28.3569231],[76.8858873,28.3603462],[76.8839719,28.3604643],[76.8839751,28.3606477],[76.8821803,28.3617268],[76.8816027,28.3602702],[76.8828215,28.3569503],[76.8843346,28.3545915],[76.888107,28.3569231]]]}},{"type":"Feature","properties":{"sector":"","density":"","class":"850","classtext":"800 Aggriculture Zone","code":800,"val":"","codetext":"","area":1286883,"labelLat":28.3574127,"labelLng":76.9022874},"geometry":{"type":"Polygon","coordinates":[[[76.9048235,28.360606],[76.9030808,28.3610258],[76.9022302,28.3617636],[76.9014262,28.3626916],[76.9000877,28.3627103],[76.8982702,28.3625064],[76.897356,28.3620989],[76.8960192,28.3618101],[76.8957471,28.3610804],[76.8938211,28.3606029],[76.8928035,28.3616714],[76.891339,28.3609124],[76.8896578,28.3604136],[76.88954,28.3588286],[76.897708,28.3587151],[76.8976084,28.3583413],[76.8987966,28.3547338],[76.9002666,28.3548279],[76.9005966,28.3543107],[76.9028353,28.3546095],[76.9032774,28.3531658],[76.9045428,28.3515601],[76.9061851,28.3506661],[76.9077229,28.3497278],[76.9089528,28.3493381],[76.9092278,28.3605424],[76.9055707,28.3605834],[76.9048235,28.360606]]]}},{"type":"Feature","properties":{"sector":"","density":"","class":"1000","classtext":"1000 Natural Conservation Zone Hubs)","code":1000,"val":"","codetext":"","area":216863,"labelLat":28.3509371,"labelLng":76.9043619},"geometry":{"type":"Polygon","coordinates":[[[76.9089528,28.3493381],[76.9077229,28.3497278],[76.9061851,28.3506661],[76.9045428,28.3515601],[76.9032774,28.3531658],[76.9028353,28.3546095],[76.9005966,28.3543107],[76.9012748,28.3532475],[76.9016389,28.3518672],[76.9012758,28.350879],[76.9029055,28.350245],[76.904015,28.3495037],[76.904696,28.3487454],[76.9089207,28.3480291],[76.9089528,28.3493381]]]}},{"type":"Feature","properties":{"sector":"","density":"","class":"1000","classtext":"1000 Natural Conservation Zone Hubs)","code":1000,"val":"","codetext":"","area":1031763,"labelLat":28.3583148,"labelLng":76.8870717},"geometry":{"type":"Polygon","coordinates":[[[76.8962106,28.3632609],[76.8952607,28.3632741],[76.89262,28.3629288],[76.8887313,28.3628299],[76.8866615,28.3630114],[76.8836674,28.3622124],[76.8789215,28.3625087],[76.8789169,28.3621503],[76.8794538,28.3610746],[76.8811909,28.356443],[76.8825324,28.3531275],[76.8825345,28.3531222],[76.882538,28.3531131],[76.8830541,28.3517151],[76.8830785,28.3516487],[76.8842354,28.3518414],[76.8869398,28.3533703],[76.8897536,28.3537516],[76.8904369,28.3533219],[76.8914859,28.3540331],[76.8922619,28.3563909],[76.8952223,28.3579068],[76.8958332,28.3581049],[76.8976084,28.3583413],[76.897708,28.3587151],[76.88954,28.3588286],[76.8896578,28.3604136],[76.891339,28.3609124],[76.8928035,28.3616714],[76.8938211,28.3606029],[76.8957471,28.3610804],[76.8960192,28.3618101],[76.897356,28.3620989],[76.8965829,28.3623389],[76.8962106,28.3632609]],[[76.8828215,28.3569503],[76.8816027,28.3602702],[76.8821803,28.3617268],[76.8839751,28.3606477],[76.8839719,28.3604643],[76.8858873,28.3603462],[76.888107,28.3569231],[76.8843346,28.3545915],[76.8828215,28.3569503]]]}},{"type":"Feature","properties":{"sector":"","density":"","class":"850","classtext":"800 Aggriculture Zone","code":800,"val":"","codetext":"","area":4792518,"labelLat":28.3504765,"labelLng":76.9316625},"geometry":{"type":"Polygon","coordinates":[[[76.9165023,28.3499288],[76.9167219,28.3501358],[76.9169512,28.3508775],[76.917116,28.3516393],[76.9171688,28.3521733],[76.9172044,28.352956],[76.9168879,28.3545649],[76.9164803,28.3545233],[76.9157863,28.3557455],[76.9161217,28.3563903],[76.9171168,28.3564909],[76.9178302,28.3565381],[76.9183946,28.3567021],[76.918595,28.3570431],[76.9193848,28.3565354],[76.9199211,28.3563368],[76.9202647,28.3562365],[76.9208188,28.3558275],[76.9224751,28.3554795],[76.9235134,28.3555794],[76.9240431,28.355018],[76.9246173,28.3545324],[76.9249123,28.3541271],[76.9237727,28.3543915],[76.923,28.3546507],[76.9225196,28.3543519],[76.9222276,28.3537257],[76.9220056,28.353385],[76.9214823,28.3531059],[76.9208039,28.3525997],[76.9202142,28.352226],[76.9199452,28.3516758],[76.9198098,28.351353],[76.9207819,28.3513775],[76.9216083,28.3517097],[76.9221929,28.351797],[76.9252617,28.3524229],[76.9263657,28.3525792],[76.9271408,28.3524537],[76.9274615,28.3522772],[76.9246894,28.3515507],[76.9165023,28.3499288],[76.9182872,28.3499999],[76.9182697,28.349026],[76.9199575,28.3492315],[76.9201703,28.3502599],[76.9219178,28.350178],[76.9222353,28.3498297],[76.9230782,28.3498751],[76.9236765,28.3507262],[76.9247784,28.350768],[76.9252499,28.3514182],[76.9253595,28.3513894],[76.9256829,28.3513657],[76.92592,28.3513433],[76.9261307,28.3510538],[76.9261033,28.3507294],[76.9260769,28.3504624],[76.9260056,28.3501005],[76.9255169,28.3493434],[76.9252513,28.3489842],[76.9253315,28.3486392],[76.9252817,28.348277],[76.925021,28.3481852],[76.9245392,28.34781],[76.9243774,28.3472201],[76.9243935,28.3469143],[76.9242993,28.3464763],[76.9240779,28.3461738],[76.9235352,28.3460096],[76.9234697,28.3459723],[76.9233765,28.3455916],[76.9226898,28.3446271],[76.9223599,28.344288],[76.9218528,28.343703],[76.9216057,28.3431716],[76.9213816,28.3427164],[76.9212414,28.3421262],[76.9211307,28.3417099],[76.9211025,28.3401441],[76.9206797,28.3382399],[76.9191928,28.3371912],[76.9179217,28.3361394],[76.9181129,28.3347615],[76.9181465,28.3347279],[76.9183562,28.3350096],[76.9186487,28.3354026],[76.9186851,28.3354492],[76.918706,28.3354739],[76.9193445,28.3362106],[76.9193889,28.3362592],[76.9194604,28.3363279],[76.9194904,28.3363538],[76.9203093,28.3370399],[76.9203564,28.3370776],[76.9204388,28.3371358],[76.9205075,28.3371778],[76.9213134,28.3376395],[76.9213319,28.33765],[76.9214234,28.3376964],[76.9215186,28.3377364],[76.9215471,28.3377469],[76.9223041,28.3380169],[76.9223741,28.3380399],[76.9224752,28.3380666],[76.9224847,28.3380688],[76.9238132,28.3383628],[76.9239067,28.3383804],[76.9240112,28.3383932],[76.9240839,28.3383979],[76.9252539,28.3384455],[76.9252864,28.3384465],[76.9253918,28.338445],[76.9254968,28.3384364],[76.9255679,28.3384264],[76.9312751,28.337491],[76.9331441,28.3372388],[76.9342392,28.3371282],[76.9348842,28.3371764],[76.935422,28.3373349],[76.9361274,28.3377348],[76.936267,28.33786],[76.9367138,28.3385978],[76.9368717,28.3391921],[76.9368991,28.3408634],[76.936898,28.3426087],[76.9368795,28.3437535],[76.9368795,28.3437905],[76.9368847,28.3438784],[76.9370109,28.3451401],[76.9370115,28.3451455],[76.9370133,28.3451618],[76.9373118,28.3476403],[76.9373138,28.3476558],[76.9374961,28.3490049],[76.9374167,28.3498347],[76.937275,28.3503965],[76.9370672,28.3509843],[76.9367602,28.3517216],[76.9367367,28.351783],[76.936389,28.3527782],[76.9363853,28.352789],[76.936359,28.3528794],[76.9363476,28.3529313],[76.9362647,28.3533574],[76.9362576,28.3533974],[76.9362472,28.3534903],[76.9362449,28.3535836],[76.9362529,28.3540245],[76.9362586,28.3541176],[76.9362604,28.3541334],[76.9363458,28.3548458],[76.9363578,28.3549225],[76.9363796,28.3550139],[76.9363881,28.3550423],[76.9366073,28.3557427],[76.9366284,28.3558038],[76.9366354,28.3558218],[76.937627,28.3583157],[76.9376294,28.3583216],[76.9383335,28.3600634],[76.9353496,28.360034],[76.9347277,28.3600756],[76.9330994,28.3600847],[76.9330412,28.3604484],[76.9240139,28.3604263],[76.9239634,28.3617335],[76.921766,28.3617429],[76.9217326,28.3604206],[76.9098009,28.3605387],[76.9095567,28.3491467],[76.9103318,28.3489839],[76.9112097,28.3485705],[76.9116332,28.3481062],[76.9121882,28.3477546],[76.9126827,28.347633],[76.9131784,28.3475879],[76.9137609,28.3475606],[76.9142169,28.347707],[76.9148049,28.3479852],[76.9151139,28.3483629],[76.915032,28.3486124],[76.9150375,28.3489179],[76.9154302,28.3491416],[76.9157584,28.3493853],[76.9165023,28.3499288]]]}},{"type":"Feature","properties":{"sector":"","density":"","class":"1000","classtext":"1000 Natural Conservation Zone Hubs)","code":1000,"val":"","codetext":"","area":213758,"labelLat":28.3865721,"labelLng":76.9988949},"geometry":{"type":"Polygon","coordinates":[[[77.0035453,28.3873849],[77.0040001,28.3876931],[77.0043096,28.388405],[77.0044197,28.389091],[77.0037752,28.3892724],[77.0028391,28.3894581],[77.0021266,28.3894686],[77.0013388,28.3894682],[77.000533,28.3891482],[76.9996505,28.3887314],[76.9985995,28.3879732],[76.9981947,28.3871196],[76.9978223,28.3862656],[76.9974192,28.3854979],[76.997179,28.3847852],[76.997069,28.3840992],[76.997149,28.3831812],[76.9963842,28.3821324],[76.9963994,28.3812153],[76.996957,28.3815796],[76.9976425,28.3818561],[76.9979179,28.3823236],[76.997881,28.3824829],[76.9982129,28.3829078],[76.99852,28.3837341],[76.9988249,28.3844459],[76.9992275,28.3851849],[76.9995989,28.3859817],[76.9998709,28.3866653],[76.9999761,28.3870935],[77.0001078,28.3872062],[77.0008576,28.3871725],[77.0019879,28.3872645],[77.0026033,28.3872555],[77.0029591,28.3872216],[77.0035453,28.3873849]]]}},{"type":"Feature","properties":{"sector":"","density":"","class":"800","classtext":"800 Aggriculture Zone","code":800,"val":"","codetext":"","area":1327007,"labelLat":28.3511321,"labelLng":76.9651312},"geometry":{"type":"Polygon","coordinates":[[[76.9716725,28.3494867],[76.9708014,28.3528355],[76.9706461,28.3534352],[76.9703337,28.3544705],[76.9703592,28.3545367],[76.9703733,28.3546753],[76.9703447,28.3547705],[76.9702849,28.3548728],[76.9700861,28.3550797],[76.9687769,28.3561778],[76.9687665,28.3561869],[76.9687564,28.3561966],[76.9681442,28.3568095],[76.9681395,28.3568143],[76.9681282,28.3568268],[76.9681208,28.3568359],[76.9681078,28.3568535],[76.9677662,28.3573574],[76.9677634,28.3573617],[76.9677567,28.3573725],[76.9677477,28.3573891],[76.9677346,28.3574191],[76.9677322,28.3574258],[76.9673114,28.3586789],[76.9669083,28.3597637],[76.9640901,28.3592506],[76.958145,28.3459275],[76.957743,28.3457837],[76.9588184,28.3456041],[76.9595875,28.3451633],[76.9599713,28.3448999],[76.9605728,28.3441463],[76.9609789,28.3433383],[76.9608673,28.344314],[76.9613122,28.3438492],[76.9618605,28.3437267],[76.961946,28.3430951],[76.9624448,28.3427789],[76.9630856,28.3432636],[76.9626714,28.343801],[76.9622292,28.344409],[76.9619798,28.3447087],[76.9621005,28.3462159],[76.9638839,28.3463335],[76.9642603,28.3456691],[76.9652868,28.3451386],[76.9658733,28.344556],[76.9669327,28.3449094],[76.9680792,28.3452992],[76.9683181,28.3455512],[76.9684037,28.3456385],[76.9695907,28.3467078],[76.9696544,28.3467487],[76.9697226,28.3467836],[76.9697945,28.3468121],[76.9721564,28.3476263],[76.9719601,28.3483808],[76.9707908,28.3476081],[76.9698381,28.3471683],[76.9689172,28.3469905],[76.9684068,28.3471173],[76.9676557,28.3473669],[76.967853,28.3478177],[76.9684876,28.3485725],[76.969366,28.3493716],[76.9703187,28.3498115],[76.9716725,28.3494867]]]}},{"type":"Feature","properties":{"sector":"","density":"","class":"1000","classtext":"1000 Natural Conservation Zone Hubs)","code":1000,"val":"","codetext":"","area":693371,"labelLat":28.3472017,"labelLng":76.9192994},"geometry":{"type":"Polygon","coordinates":[[[76.9165023,28.3499288],[76.9157584,28.3493853],[76.9154302,28.3491416],[76.9150375,28.3489179],[76.915032,28.3486124],[76.9151139,28.3483629],[76.9148049,28.3479852],[76.9142169,28.347707],[76.9137609,28.3475606],[76.9131784,28.3475879],[76.9126827,28.347633],[76.9121882,28.3477546],[76.9116332,28.3481062],[76.9112097,28.3485705],[76.9103318,28.3489839],[76.9095567,28.3491467],[76.9095275,28.3477861],[76.91524,28.3454984],[76.9179021,28.3446587],[76.9198159,28.3430273],[76.9211307,28.3417099],[76.9212414,28.3421262],[76.9213816,28.3427164],[76.9216057,28.3431716],[76.9218528,28.343703],[76.9223599,28.344288],[76.9226898,28.3446271],[76.9233765,28.3455916],[76.9234697,28.3459723],[76.9235352,28.3460096],[76.9240779,28.3461738],[76.9242993,28.3464763],[76.9243935,28.3469143],[76.9243774,28.3472201],[76.9245392,28.34781],[76.925021,28.3481852],[76.9252817,28.348277],[76.9253315,28.3486392],[76.9252513,28.3489842],[76.9255169,28.3493434],[76.9260056,28.3501005],[76.9260769,28.3504624],[76.9261033,28.3507294],[76.9261307,28.3510538],[76.92592,28.3513433],[76.9256829,28.3513657],[76.9253595,28.3513894],[76.9252499,28.3514182],[76.9247784,28.350768],[76.9236765,28.3507262],[76.9230782,28.3498751],[76.9222353,28.3498297],[76.9219178,28.350178],[76.9201703,28.3502599],[76.9199575,28.3492315],[76.9182697,28.349026],[76.9182872,28.3499999],[76.9165023,28.3499288]]]}},{"type":"Feature","properties":{"sector":"","density":"","class":"800","classtext":"800 Aggriculture Zone","code":800,"val":"","codetext":"","area":3326239,"labelLat":28.3102725,"labelLng":76.9093883},"geometry":{"type":"Polygon","coordinates":[[[76.9254164,28.3168782],[76.9241766,28.3169098],[76.9229815,28.3152649],[76.9203293,28.3154168],[76.9188959,28.3149213],[76.917597,28.3147103],[76.9168171,28.3145494],[76.9167318,28.3134045],[76.9169682,28.3121405],[76.9160475,28.3113512],[76.9144209,28.3109156],[76.9136482,28.3111557],[76.9129454,28.3116812],[76.9125025,28.3122605],[76.9119979,28.3130125],[76.9114934,28.3137645],[76.9102654,28.3138963],[76.908648,28.3139762],[76.9070388,28.3145145],[76.9065353,28.3153238],[76.906676,28.3159521],[76.90657,28.3172716],[76.9059308,28.3177389],[76.904971,28.3183827],[76.9045897,28.3187891],[76.903222,28.3183498],[76.9025088,28.3183024],[76.9014062,28.3182032],[76.9013466,28.3184905],[76.9011677,28.3193526],[76.9007966,28.3203319],[76.9008766,28.3211903],[76.9021199,28.321918],[76.9040476,28.3248527],[76.8955998,28.3178697],[76.8967355,28.3153612],[76.8967355,28.3153611],[76.8969877,28.3147854],[76.8995253,28.3090741],[76.9018286,28.3042029],[76.9020892,28.3036583],[76.9025894,28.3035468],[76.9049001,28.3042308],[76.9077591,28.3029875],[76.9092988,28.3021924],[76.9100227,28.3010362],[76.9108426,28.3016264],[76.9153104,28.2998447],[76.9194577,28.3054595],[76.9242534,28.3128986],[76.9254164,28.3168782]]]}},{"type":"Feature","properties":{"sector":"","density":"","class":"1000","classtext":"1000 Natural Conservation Zone Hubs)","code":1000,"val":"","codetext":"","area":3399816,"labelLat":28.3210877,"labelLng":76.9154367},"geometry":{"type":"Polygon","coordinates":[[[76.9289361,28.3265978],[76.9278544,28.3269432],[76.9255997,28.3276054],[76.9239811,28.3276282],[76.9212023,28.3279539],[76.9182971,28.3284532],[76.9167432,28.328475],[76.916032,28.3285423],[76.9152481,28.3290649],[76.9151609,28.3290124],[76.9150694,28.328966],[76.9149731,28.3289255],[76.9116815,28.3276807],[76.910532,28.3272046],[76.9104916,28.3271886],[76.9104702,28.3271807],[76.9040476,28.3248527],[76.9021199,28.321918],[76.9008766,28.3211903],[76.9007966,28.3203319],[76.9011677,28.3193526],[76.9013466,28.3184905],[76.9014062,28.3182032],[76.9025088,28.3183024],[76.903222,28.3183498],[76.9045897,28.3187891],[76.904971,28.3183827],[76.9059308,28.3177389],[76.90657,28.3172716],[76.906676,28.3159521],[76.9065353,28.3153238],[76.9070388,28.3145145],[76.908648,28.3139762],[76.9102654,28.3138963],[76.9114934,28.3137645],[76.9119979,28.3130125],[76.9125025,28.3122605],[76.9129454,28.3116812],[76.9136482,28.3111557],[76.9144209,28.3109156],[76.9160475,28.3113512],[76.9169682,28.3121405],[76.9167318,28.3134045],[76.9168171,28.3145494],[76.917597,28.3147103],[76.9188959,28.3149213],[76.9203293,28.3154168],[76.9229815,28.3152649],[76.9241766,28.3169098],[76.9254164,28.3168782],[76.9264357,28.3203657],[76.9291918,28.3235739],[76.9289361,28.3265978]]]}},{"type":"Feature","properties":{"sector":"","density":"","class":"850","classtext":"800 Aggriculture Zone","code":800,"val":"","codetext":"","area":414162,"labelLat":28.3229023,"labelLng":76.9437895},"geometry":{"type":"Polygon","coordinates":[[[76.9476081,28.3214022],[76.9491953,28.322621],[76.949179,28.3239475],[76.9465296,28.3247297],[76.9446521,28.3247565],[76.9422566,28.3247906],[76.9391969,28.3254669],[76.9381611,28.3241017],[76.9388958,28.3238363],[76.9385529,28.3227811],[76.9391314,28.3225437],[76.9393867,28.3223395],[76.9386209,28.3211756],[76.9403839,28.3219815],[76.9409697,28.322145],[76.9414882,28.3221663],[76.9417445,28.3220194],[76.9418996,28.3216447],[76.9420536,28.3212128],[76.9421419,28.3207245],[76.9423628,28.3204061],[76.9427804,28.3202283],[76.9435897,28.3202168],[76.9443065,28.3204644],[76.9449513,28.320312],[76.9461479,28.3202376],[76.9476081,28.3214022]]]}},{"type":"Feature","properties":{"sector":"","density":"","class":"1000","classtext":"1000 Natural Conservation Zone Hubs)","code":1000,"val":"","codetext":"","area":2033210,"labelLat":28.3306587,"labelLng":76.9462478},"geometry":{"type":"Polygon","coordinates":[[[76.9421493,28.3335187],[76.9407672,28.3319173],[76.9397219,28.3314165],[76.9394619,28.3313628],[76.9381033,28.3314395],[76.9370078,28.3317415],[76.9358455,28.3319299],[76.9340766,28.330809],[76.9315648,28.3294616],[76.9364827,28.326861],[76.938397,28.3282664],[76.9405369,28.3272332],[76.9391969,28.3254669],[76.9422566,28.3247906],[76.9446521,28.3247565],[76.9465296,28.3247297],[76.949179,28.3239475],[76.9491736,28.3243882],[76.9527275,28.326916],[76.9536291,28.3290041],[76.958308,28.3364281],[76.9577022,28.3363048],[76.9576943,28.3363032],[76.9576166,28.3362918],[76.9575381,28.3362876],[76.9575286,28.3362875],[76.9551,28.3362937],[76.9550898,28.3362938],[76.9522085,28.3363351],[76.9521941,28.3363354],[76.9487635,28.3364418],[76.9487319,28.3364433],[76.9483307,28.3364705],[76.9477773,28.3365079],[76.9472862,28.3365411],[76.9466649,28.3365832],[76.9460704,28.3366234],[76.9442481,28.3366494],[76.9435547,28.3366592],[76.9421493,28.3335187]]]}},{"type":"Feature","properties":{"sector":"H5","density":"","class":"1100","classtext":"Hubs","code":1000,"val":"","codetext":"","area":835094,"labelLat":28.4186545,"labelLng":76.8776811},"geometry":{"type":"MultiPolygon","coordinates":[[[[76.8768552,28.4239165],[76.8768548,28.4239169],[76.8690122,28.4220343],[76.8700463,28.4210723],[76.8707556,28.420862],[76.8722086,28.4205555],[76.8736378,28.4207364],[76.8743132,28.4204406],[76.8751146,28.4199425],[76.8755293,28.4195643],[76.8768405,28.4185721],[76.8772861,28.4181075],[76.8780272,28.4178681],[76.8788013,28.4176569],[76.8789501,28.4169099],[76.8789451,28.4166234],[76.8789405,28.4163656],[76.8788013,28.4158232],[76.8785629,28.4151675],[76.8779377,28.4146317],[76.8776709,28.4142056],[76.8770807,28.4138126],[76.8770143,28.4137276],[76.876944,28.4134134],[76.8768377,28.4128991],[76.8768008,28.4126418],[76.8767912,28.4120975],[76.8766504,28.4115575],[76.8824685,28.4144509],[76.8841794,28.4153016],[76.8768552,28.4239165]]],[[[76.8753494,28.4109105],[76.8748336,28.4113509],[76.8739285,28.411478],[76.8731565,28.4118038],[76.8723865,28.4122441],[76.8714843,28.4125431],[76.8709386,28.4128371],[76.8706596,28.4135572],[76.8700596,28.4144536],[76.8690519,28.4153973],[76.8693208,28.4130898],[76.8693292,28.4129914],[76.8693315,28.4129078],[76.8693406,28.4079218],[76.8753494,28.4109105]]]]}},{"type":"Feature","properties":{"sector":"","density":"","class":"800","classtext":"800 Aggriculture Zone","code":800,"val":"","codetext":"","area":1172204,"labelLat":28.4330901,"labelLng":76.8564508},"geometry":{"type":"Polygon","coordinates":[[[76.863276,28.4245145],[76.8609061,28.4342635],[76.8609034,28.4342748],[76.8602312,28.4371687],[76.8596208,28.4373019],[76.8595995,28.4373069],[76.8530979,28.4389219],[76.8530889,28.4389242],[76.8499355,28.4397529],[76.8491417,28.4364042],[76.8506558,28.4369796],[76.8505963,28.4367747],[76.8498744,28.4342886],[76.8495504,28.4331725],[76.8510909,28.4324769],[76.8526643,28.4316246],[76.8539191,28.4310918],[76.8543648,28.4306273],[76.8554775,28.4293801],[76.8566983,28.4287618],[76.8575926,28.4280046],[76.8577461,28.4275155],[76.8583832,28.4268764],[76.8588951,28.426497],[76.8592167,28.4263493],[76.8605691,28.4258438],[76.8608218,28.4254678],[76.8620441,28.4249354],[76.8627524,28.4246678],[76.863276,28.4245145]]]}},{"type":"Feature","properties":{"sector":"","density":"","class":"1000","classtext":"1000 Natural Conservation Zone Hubs)","code":1000,"val":"","codetext":"","area":1596558,"labelLat":28.4166392,"labelLng":76.8731438},"geometry":{"type":"MultiPolygon","coordinates":[[[[76.8707556,28.420862],[76.8700463,28.4210723],[76.8690123,28.4220342],[76.8690122,28.4220343],[76.8684519,28.4225555],[76.8672523,28.423176],[76.8676075,28.4216971],[76.8676075,28.421697],[76.8684391,28.418234],[76.8684403,28.418229],[76.8689732,28.415978],[76.8689853,28.4159223],[76.8690038,28.4158089],[76.8690057,28.4157933],[76.8690519,28.4153973],[76.8700596,28.4144536],[76.8706596,28.4135572],[76.8709386,28.4128371],[76.8714843,28.4125431],[76.8723865,28.4122441],[76.8731565,28.4118038],[76.8739285,28.411478],[76.8748336,28.4113509],[76.8753494,28.4109105],[76.8766504,28.4115575],[76.8767912,28.4120975],[76.8768008,28.4126418],[76.8768377,28.4128991],[76.876944,28.4134134],[76.8770143,28.4137276],[76.8770807,28.4138126],[76.8776709,28.4142056],[76.8779377,28.4146317],[76.8785629,28.4151675],[76.8788013,28.4158232],[76.8789405,28.4163656],[76.8789451,28.4166234],[76.8789501,28.4169099],[76.8788013,28.4176569],[76.8780272,28.4178681],[76.8772861,28.4181075],[76.8768405,28.4185721],[76.8755293,28.4195643],[76.8751146,28.4199425],[76.8743132,28.4204406],[76.8736378,28.4207364],[76.8722086,28.4205555],[76.8707556,28.420862]]],[[[76.8649443,28.4175803],[76.8635226,28.4235],[76.863276,28.4245145],[76.8627524,28.4246678],[76.8620441,28.4249354],[76.8608218,28.4254678],[76.8605691,28.4258438],[76.8592167,28.4263493],[76.8588951,28.426497],[76.8583832,28.4268764],[76.8577461,28.4275155],[76.8575926,28.4280046],[76.8566983,28.4287618],[76.8554775,28.4293801],[76.8543648,28.4306273],[76.8539191,28.4310918],[76.8526643,28.4316246],[76.8510909,28.4324769],[76.8495504,28.4331725],[76.8486833,28.4334044],[76.8483543,28.4331224],[76.8482819,28.432684],[76.8487093,28.4324108],[76.8492424,28.4321115],[76.8506393,28.4307353],[76.8516971,28.4300619],[76.8520416,28.4293696],[76.8525152,28.4286469],[76.8536723,28.4280867],[76.8546513,28.4266122],[76.8554539,28.4261715],[76.8552146,28.4254584],[76.8550067,28.4246877],[76.8549972,28.4241434],[76.8554926,28.4228187],[76.8564218,28.4222043],[76.8572568,28.4217632],[76.8585049,28.4208579],[76.8597919,28.4203246],[76.8607889,28.4198812],[76.8618167,28.4193514],[76.8627463,28.4187657],[76.8642495,28.4176277],[76.8650203,28.4172592],[76.8649443,28.4175803]]],[[[76.8763445,28.4098811],[76.8765944,28.4099637],[76.8767065,28.4101913],[76.8767201,28.4103535],[76.8767778,28.4105628],[76.8767915,28.410696],[76.8758035,28.4102046],[76.8759466,28.4099821],[76.8761707,28.4098262],[76.8763445,28.4098811]]]]}},{"type":"Feature","properties":{"sector":"","density":"","class":"800","classtext":"800 Aggriculture Zone","code":800,"val":"","codetext":"","area":95,"labelLat":28.3872654,"labelLng":76.8527628},"geometry":{"type":"Polygon","coordinates":[[[76.8521024,28.3869286],[76.8540039,28.3878895],[76.8521821,28.386978],[76.8521024,28.3869286]]]}},{"type":"Feature","properties":{"sector":"","density":"","class":"1000","classtext":"1000 Natural Conservation Zone Hubs)","code":1000,"val":"","codetext":"","area":94327,"labelLat":28.3856129,"labelLng":76.8537643},"geometry":{"type":"Polygon","coordinates":[[[76.8517371,28.3867018],[76.8518932,28.3856445],[76.8537277,28.3855622],[76.8541418,28.3854762],[76.8542486,28.3844663],[76.853916,28.3839742],[76.8536951,28.3836907],[76.8535503,28.382814],[76.8534998,28.3823945],[76.8535835,28.3822405],[76.8548389,28.3823954],[76.8547907,28.3833511],[76.8548057,28.3842104],[76.8546884,28.3849188],[76.8547024,28.3857208],[76.8548469,28.3865784],[76.8548629,28.3874951],[76.8547306,28.3881498],[76.8540039,28.3878895],[76.8521024,28.3869286],[76.8517371,28.3867018]]]}},{"type":"Feature","properties":{"sector":"","density":"","class":"800","classtext":"800 Aggriculture Zone","code":800,"val":"","codetext":"","area":67522,"labelLat":28.4129986,"labelLng":76.8418043},"geometry":{"type":"Polygon","coordinates":[[[76.8426132,28.4112267],[76.842864,28.4118226],[76.8428572,28.4139238],[76.8425641,28.4144626],[76.842121,28.4150291],[76.8404946,28.4132332],[76.8401685,28.4123666],[76.8426132,28.4112267]]]}},{"type":"Feature","properties":{"sector":"","density":"","class":"1000","classtext":"1000 Natural Conservation Zone Hubs)","code":1000,"val":"","codetext":"","area":162589,"labelLat":28.4130547,"labelLng":76.8434741},"geometry":{"type":"Polygon","coordinates":[[[76.8442662,28.4104558],[76.8442883,28.4117269],[76.8440948,28.4130284],[76.8437717,28.4143317],[76.842972,28.4160051],[76.8428734,28.4158599],[76.8425195,28.4165665],[76.8423465,28.4168723],[76.8424468,28.4176732],[76.8419211,28.4172601],[76.8416154,28.4170732],[76.8408408,28.4171476],[76.8403567,28.4167464],[76.8397066,28.4170295],[76.8400849,28.4160242],[76.842121,28.4150291],[76.8425641,28.4144626],[76.8428572,28.4139238],[76.842864,28.4118226],[76.8426132,28.4112267],[76.841632,28.4105404],[76.8410651,28.4102424],[76.8408439,28.4099398],[76.8409655,28.4094797],[76.8428164,28.4090726],[76.8439056,28.4095927],[76.8442662,28.4104558]]]}},{"type":"Feature","properties":{"sector":"","density":"","class":"1000","classtext":"1000 Natural Conservation Zone Hubs)","code":1000,"val":"","codetext":"","area":104324,"labelLat":28.3443029,"labelLng":76.96371},"geometry":{"type":"Polygon","coordinates":[[[76.9651465,28.3443135],[76.9648299,28.3449446],[76.9642603,28.3456691],[76.9638839,28.3463335],[76.9621005,28.3462159],[76.9619798,28.3447087],[76.9622292,28.344409],[76.9626714,28.343801],[76.9630856,28.3432636],[76.9636451,28.3421539],[76.9645829,28.342083],[76.965441,28.3429589],[76.9651465,28.3443135]]]}},{"type":"Feature","properties":{"sector":"","density":"","class":"850","classtext":"800 Aggriculture Zone","code":800,"val":"","codetext":"","area":20400,"labelLat":28.34292,"labelLng":76.9615463},"geometry":{"type":"Polygon","coordinates":[[[76.9624448,28.3427789],[76.961946,28.3430951],[76.9618605,28.3437267],[76.9613122,28.3438492],[76.9608673,28.344314],[76.9609789,28.3433383],[76.9612853,28.3423884],[76.9614405,28.3413976],[76.9621897,28.342586],[76.9624448,28.3427789]]]}},{"type":"Feature","properties":{"sector":"","density":"","class":"850","classtext":"800 Aggriculture Zone","code":800,"val":"","codetext":"","area":82366,"labelLat":28.3483555,"labelLng":76.9699111},"geometry":{"type":"MultiPolygon","coordinates":[[[[76.9698381,28.3471683],[76.9707908,28.3476081],[76.9719601,28.3483808],[76.9716725,28.3494867],[76.9703187,28.3498115],[76.969366,28.3493716],[76.9684876,28.3485725],[76.967853,28.3478177],[76.9676557,28.3473669],[76.9684068,28.3471173],[76.9689172,28.3469905],[76.9698381,28.3471683]]],[[[76.9729048,28.3492822],[76.9723379,28.3493271],[76.9724919,28.3487322],[76.9729048,28.3492822]]]]}},{"type":"Feature","properties":{"sector":"","density":"","class":"1000","classtext":"1000 Natural Conservation Zone Hubs)","code":1000,"val":"","codetext":"","area":5362,"labelLat":28.3387271,"labelLng":76.9397576},"geometry":{"type":"Polygon","coordinates":[[[76.94011,28.3381741],[76.9396376,28.3399264],[76.9396227,28.3390235],[76.939617,28.3389294],[76.9396032,28.3388369],[76.9395864,28.3387634],[76.9394375,28.3382095],[76.94011,28.3381741]]]}},{"type":"Feature","properties":{"sector":"","density":"","class":"850","classtext":"800 Aggriculture Zone","code":800,"val":"","codetext":"","area":39558,"labelLat":28.3392728,"labelLng":76.9408082},"geometry":{"type":"Polygon","coordinates":[[[76.9412654,28.3381132],[76.9413132,28.3390011],[76.9420559,28.3390058],[76.9421249,28.3399522],[76.9409505,28.3399537],[76.9409572,28.3403203],[76.9400596,28.3403484],[76.9400855,28.3398743],[76.9396376,28.3399264],[76.94011,28.3381741],[76.9412654,28.3381132]]]}},{"type":"Feature","properties":{"sector":"","density":"","class":"1000","classtext":"1000 Natural Conservation Zone Hubs)","code":1000,"val":"","codetext":"","area":44909,"labelLat":28.3360512,"labelLng":76.9395628},"geometry":{"type":"Polygon","coordinates":[[[76.941262,28.3367575],[76.9387222,28.3368913],[76.9378992,28.3358604],[76.9378167,28.3358022],[76.9377425,28.335757],[76.940166,28.3349349],[76.941262,28.3367575]]]}},{"type":"Feature","properties":{"sector":"","density":"","class":"1000","classtext":"1000 Natural Conservation Zone Hubs)","code":1000,"val":"","codetext":"","area":373385,"labelLat":28.3535689,"labelLng":76.9198916},"geometry":{"type":"Polygon","coordinates":[[[76.9208188,28.3558275],[76.9202647,28.3562365],[76.9199211,28.3563368],[76.9193848,28.3565354],[76.918595,28.3570431],[76.9183946,28.3567021],[76.9178302,28.3565381],[76.9171168,28.3564909],[76.9161217,28.3563903],[76.9157863,28.3557455],[76.9164803,28.3545233],[76.9168879,28.3545649],[76.9172044,28.352956],[76.9171688,28.3521733],[76.917116,28.3516393],[76.9169512,28.3508775],[76.9167219,28.3501358],[76.9165023,28.3499288],[76.9246894,28.3515507],[76.9274615,28.3522772],[76.9271408,28.3524537],[76.9263657,28.3525792],[76.9252617,28.3524229],[76.9221929,28.351797],[76.9216083,28.3517097],[76.9207819,28.3513775],[76.9198098,28.351353],[76.9199452,28.3516758],[76.9202142,28.352226],[76.9208039,28.3525997],[76.9214823,28.3531059],[76.9220056,28.353385],[76.9222276,28.3537257],[76.9225196,28.3543519],[76.923,28.3546507],[76.9237727,28.3543915],[76.9249123,28.3541271],[76.9246173,28.3545324],[76.9240431,28.355018],[76.9235134,28.3555794],[76.9224751,28.3554795],[76.9208188,28.3558275]]]}},{"type":"Feature","properties":{"sector":"","density":"","class":"1000","classtext":"1000 Natural Conservation Zone Hubs)","code":1000,"val":"","codetext":"","area":22673,"labelLat":28.4828623,"labelLng":76.9217676},"geometry":{"type":"Polygon","coordinates":[[[76.9219761,28.4840935],[76.9216526,28.4841363],[76.9215724,28.483635],[76.9211661,28.483532],[76.9210928,28.4818712],[76.9218732,28.4819939],[76.9219014,28.4823564],[76.9228105,28.48242],[76.9227773,28.4829744],[76.9220854,28.482965],[76.9219761,28.4840935]]]}},{"type":"Feature","properties":{"sector":"","density":"","class":"1000","classtext":"1000 Natural Conservation Zone Hubs)","code":1000,"val":"","codetext":"","area":65181,"labelLat":28.4739898,"labelLng":76.9287276},"geometry":{"type":"Polygon","coordinates":[[[76.9300575,28.4728305],[76.9301009,28.4742877],[76.9297733,28.4743382],[76.9297905,28.4752854],[76.9282169,28.4752924],[76.9278614,28.4747627],[76.9271194,28.4748496],[76.9270093,28.4744997],[76.9275249,28.4743243],[76.9274327,28.4728314],[76.9279852,28.4728328],[76.9279962,28.4728328],[76.9288558,28.4728229],[76.9295985,28.472829],[76.9300575,28.4728305]]]}},{"type":"Feature","properties":{"sector":"","density":"","class":"800","classtext":"800 Aggriculture Zone","code":800,"val":"","codetext":"","area":843828,"labelLat":28.4755175,"labelLng":76.9438353},"geometry":{"type":"MultiPolygon","coordinates":[[[[76.9449251,28.4777796],[76.9445941,28.477907],[76.9443378,28.4779561],[76.9377096,28.4780659],[76.9334089,28.4781326],[76.9336713,28.4779376],[76.9338811,28.4775908],[76.9347003,28.4774646],[76.9350433,28.4773069],[76.9353863,28.4771492],[76.9356393,28.4768018],[76.9358492,28.476455],[76.936409,28.4763324],[76.9369695,28.476248],[76.9377008,28.4760466],[76.9427647,28.4739879],[76.9434074,28.4736731],[76.9441749,28.4730891],[76.942789,28.4729579],[76.9440984,28.4729377],[76.9462822,28.4728969],[76.9483768,28.4728717],[76.9500819,28.4728473],[76.9505756,28.4728411],[76.9506143,28.4728396],[76.9506884,28.4728315],[76.950761,28.4728162],[76.9508313,28.4727942],[76.9508985,28.4727655],[76.9509618,28.4727306],[76.9510205,28.4726898],[76.9510738,28.4726437],[76.9511212,28.4725928],[76.9511621,28.4725376],[76.951196,28.4724788],[76.9512153,28.4724359],[76.9512754,28.4722864],[76.9526709,28.4722689],[76.9541125,28.4722482],[76.9540414,28.4722904],[76.9449251,28.4777796]]],[[[76.9584523,28.4690766],[76.9588666,28.4694285],[76.9543308,28.4721188],[76.9526687,28.4721426],[76.9513264,28.4721594],[76.9540559,28.4653668],[76.9584523,28.4690766]]]]}},{"type":"Feature","properties":{"sector":"","density":"","class":"1000","classtext":"1000 Natural Conservation Zone Hubs)","code":1000,"val":"","codetext":"","area":425659,"labelLat":28.475946,"labelLng":76.9356532},"geometry":{"type":"MultiPolygon","coordinates":[[[[76.9356393,28.4768018],[76.9353863,28.4771492],[76.9350433,28.4773069],[76.9347003,28.4774646],[76.9338811,28.4775908],[76.9336713,28.4779376],[76.9334089,28.4781326],[76.9292689,28.4781966],[76.9293085,28.4781524],[76.9293434,28.4776935],[76.9291677,28.4775432],[76.9288603,28.4772801],[76.9287711,28.4771286],[76.9288094,28.4768607],[76.9291929,28.4765496],[76.9293637,28.4764326],[76.9300099,28.4763088],[76.9302776,28.4767634],[76.9306666,28.4767579],[76.9313136,28.4766723],[76.9416283,28.4733165],[76.942789,28.4729579],[76.9441749,28.4730891],[76.9434074,28.4736731],[76.9427647,28.4739879],[76.9377008,28.4760466],[76.9369695,28.476248],[76.936409,28.4763324],[76.9358492,28.476455],[76.9356393,28.4768018]]],[[[76.931837,28.4793007],[76.9310213,28.4796179],[76.9303408,28.4802388],[76.9303478,28.4806207],[76.9298416,28.4813155],[76.9295062,28.4818933],[76.9291262,28.4823953],[76.9288787,28.4830482],[76.9280293,28.4844119],[76.9263524,28.4844325],[76.9257831,28.484009],[76.9257322,28.4835895],[76.925719,28.4828638],[76.9259227,28.4821733],[76.9262985,28.4814422],[76.9265907,28.480865],[76.9269261,28.4802873],[76.9272224,28.4799393],[76.9276896,28.4794742],[76.9282446,28.4790843],[76.9283268,28.4790233],[76.9322928,28.478962],[76.931837,28.4793007]]]]}},{"type":"Feature","properties":{"sector":"6","density":"375","class":"100","classtext":"100 Residential (Group Housing/Plotted)","code":100,"val":"281322.293708478","codetext":"","area":281684,"labelLat":28.476697,"labelLng":77.0222225},"geometry":{"type":"Polygon","coordinates":[[[77.0183215,28.4738466],[77.0197348,28.4727605],[77.0197412,28.4727555],[77.0206468,28.4730808],[77.0216461,28.4734397],[77.0229396,28.4743946],[77.0231072,28.4752516],[77.0233786,28.4758778],[77.0237316,28.4762546],[77.0245201,28.4767967],[77.0251508,28.4769974],[77.0255751,28.4770591],[77.0254619,28.4771517],[77.0252937,28.4774025],[77.025064,28.4778261],[77.024901,28.4783442],[77.0247995,28.4786895],[77.0247859,28.4791099],[77.0248159,28.4795488],[77.024825,28.4800262],[77.024833,28.4804462],[77.0249085,28.4807947],[77.024555,28.4810003],[77.0243079,28.4811263],[77.0237101,28.4813924],[77.0198602,28.4757435],[77.0198534,28.4757345],[77.0183215,28.4738466]]]}},{"type":"Feature","properties":{"sector":"","density":"","class":"700","classtext":"700 Open Spaces","code":700,"val":"","codetext":"","area":1346321,"labelLat":28.4909958,"labelLng":77.1154261},"geometry":{"type":"MultiPolygon","coordinates":[[[[77.1147755,28.4975566],[77.1109652,28.4990132],[77.1096678,28.4984372],[77.1110468,28.4953464],[77.1110679,28.4952927],[77.1110866,28.495225],[77.1110884,28.4952165],[77.1114425,28.4934539],[77.11145,28.4934068],[77.1118578,28.4900008],[77.1118593,28.4899874],[77.111862,28.4899305],[77.1118649,28.4879277],[77.1119302,28.4870498],[77.1120786,28.4859578],[77.1120812,28.4859349],[77.1120839,28.4858652],[77.1120542,28.484376],[77.1120488,28.4843064],[77.1118971,28.483201],[77.1118836,28.4831324],[77.1118749,28.4831019],[77.111536,28.4820207],[77.111526,28.4819886],[77.1118887,28.4820108],[77.111902,28.4820115],[77.1128155,28.4820448],[77.1137556,28.4821012],[77.1137672,28.4821018],[77.1138313,28.4821008],[77.1138947,28.4820927],[77.1139305,28.4820849],[77.1147122,28.4818877],[77.1155317,28.4817582],[77.1155774,28.4820152],[77.1176207,28.4848841],[77.1181222,28.4856402],[77.1197399,28.4895184],[77.1203559,28.491944],[77.1209284,28.4935465],[77.1219488,28.4960614],[77.1200492,28.4964574],[77.1170646,28.4970795],[77.1150893,28.4974912],[77.1147755,28.4975566]]],[[[77.1082136,28.498006],[77.1079943,28.4985086],[77.1079758,28.4985485],[77.1079723,28.498556],[77.1079645,28.4985731],[77.1073731,28.4998714],[77.1073624,28.4998963],[77.1073397,28.4999631],[77.107256,28.5001439],[77.1063788,28.4984134],[77.1083942,28.497601],[77.1082136,28.498006]]]]}},{"type":"Feature","properties":{"sector":"","density":"","class":"850","classtext":"800 Aggriculture Zone","code":800,"val":"","codetext":"","area":619425,"labelLat":28.4448353,"labelLng":77.1181621},"geometry":{"type":"Polygon","coordinates":[[[77.1170058,28.4490491],[77.116988,28.4490503],[77.1165922,28.4490995],[77.116584,28.4491007],[77.1159006,28.4492206],[77.1158964,28.4492214],[77.1150583,28.4493902],[77.1147914,28.4429219],[77.1150035,28.4413668],[77.1151362,28.4412454],[77.1154024,28.4410502],[77.1154005,28.4409548],[77.1151272,28.4407919],[77.1146767,28.4403972],[77.1149035,28.4398912],[77.1149042,28.4398896],[77.1149106,28.4398921],[77.1149261,28.439896],[77.1215124,28.4412365],[77.1215239,28.4421286],[77.1215258,28.4421691],[77.1215651,28.4426413],[77.1216435,28.4435432],[77.1216418,28.4442326],[77.1216103,28.4458947],[77.1215803,28.4475082],[77.1215581,28.4490866],[77.1213378,28.4490938],[77.1203123,28.4491217],[77.1203082,28.4491219],[77.1195776,28.4491593],[77.1191842,28.4491517],[77.1187772,28.4490905],[77.1187654,28.4490892],[77.118108,28.4490398],[77.1180951,28.4490393],[77.1175171,28.4490387],[77.1175138,28.4490388],[77.1170058,28.4490491]]]}},{"type":"Feature","properties":{"sector":"","density":"","class":"850","classtext":"800 Aggriculture Zone","code":800,"val":"","codetext":"","area":502014,"labelLat":28.4530838,"labelLng":77.1183855},"geometry":{"type":"Polygon","coordinates":[[[77.1215154,28.450576],[77.1214337,28.451846],[77.1214333,28.4518514],[77.1213559,28.4532521],[77.1212831,28.4546089],[77.1212474,28.4552441],[77.1212011,28.4554939],[77.1211251,28.4556924],[77.1210465,28.4558394],[77.1205396,28.4565766],[77.1205356,28.4565825],[77.1198692,28.4575741],[77.1198513,28.4576024],[77.1194385,28.4582895],[77.1166319,28.4566687],[77.1150492,28.45316],[77.1152032,28.4527517],[77.1147592,28.4521618],[77.1151045,28.4505091],[77.1150687,28.4496417],[77.1159619,28.4494618],[77.1166386,28.4493431],[77.1170212,28.4492956],[77.1175181,28.4492855],[77.1180879,28.4492861],[77.1187325,28.4493345],[77.1191443,28.4493965],[77.1191658,28.4493982],[77.1195765,28.4494061],[77.1195826,28.4494062],[77.1195887,28.4494059],[77.1203234,28.4493683],[77.1213477,28.4493404],[77.1215501,28.4493338],[77.1215154,28.450576]]]}},{"type":"Feature","properties":{"sector":"18","density":"","class":"300","classtext":"300 Industrial","code":300,"val":"320/330/340","codetext":"","area":1214941,"labelLat":28.4955245,"labelLng":77.0706827},"geometry":{"type":"Polygon","coordinates":[[[77.059045,28.4922461],[77.0796069,28.4927397],[77.0795693,28.4990908],[77.0715647,28.4988311],[77.0649318,28.498855],[77.0647619,28.4986592],[77.0642062,28.4980186],[77.0632176,28.496905],[77.0619962,28.4954964],[77.0619886,28.4954879],[77.0609469,28.4943507],[77.0602479,28.4935179],[77.0602329,28.493501],[77.0602216,28.4934891],[77.059045,28.4922461]]]}}]}