{"type":"FeatureCollection","features":[{"type":"Feature","geometry":{"type":"LineString","coordinates":[[77.107823,28.4205915],[77.1064827,28.4197671],[77.1063148,28.4196645],[77.1062301,28.4196142],[77.1061444,28.4195651],[77.1060575,28.4195179],[77.1059685,28.4194734],[77.1058784,28.4194312],[77.1057871,28.4193915],[77.1056943,28.4193537],[77.1056,28.4193194],[77.1055046,28.4192873],[77.1054085,28.419257],[77.1053119,28.4192279],[77.105215,28.4191996],[77.105021,28.4191434],[77.1039542,28.4188347],[77.1018205,28.4182172],[77.0989009,28.4174028],[77.0979268,28.4171338],[77.0978288,28.4171087],[77.0977303,28.4170853],[77.0976311,28.417064],[77.0974311,28.4170312],[77.0971264,28.4170011],[77.0969225,28.4169954],[77.0967184,28.4169961],[77.0916166,28.4170697],[77.0914125,28.4170712],[77.0912085,28.4170674],[77.0910041,28.4170541],[77.0908024,28.4170276],[77.0906033,28.4169912],[77.0903088,28.4169173],[77.0898234,28.4167785],[77.0840004,28.4151049],[77.0821555,28.4145778],[77.0813748,28.4143666],[77.0801044,28.414029],[77.07991,28.4139743],[77.0796203,28.4138864],[77.0794294,28.4138227],[77.0793345,28.4137895],[77.0791453,28.4137219],[77.0772542,28.4130433],[77.0744175,28.4120255],[77.0725265,28.4113469],[77.0706457,28.4106464],[77.0659475,28.4088871],[77.060313,28.4067692],[77.057685,28.405778],[77.0537471,28.4042828],[77.0523417,28.4037468],[77.0520606,28.4036396],[77.0518733,28.4035679],[77.0516859,28.4034952],[77.0515024,28.4034168],[77.0514109,28.4033781],[77.0509567,28.4031719],[77.0491422,28.4023462],[77.0487791,28.4021813],[77.0485963,28.4021018],[77.0483176,28.4019903],[77.0481281,28.4019222],[77.0475547,28.4017327],[77.0469807,28.4015442],[77.0463111,28.4013244],[77.0459285,28.4011988],[77.045737,28.4011364],[77.0455442,28.4010774],[77.0454468,28.4010505],[77.0453485,28.4010262],[77.0452492,28.4010049],[77.0451492,28.4009865],[77.0450505,28.4009697],[77.0449474,28.4009578],[77.0448464,28.4009481],[77.0447446,28.4009404],[77.0446431,28.4009368],[77.0445411,28.4009355],[77.0444391,28.4009363],[77.0432156,28.4009779],[77.0414823,28.4010393],[77.0412784,28.4010463],[77.0410744,28.4010515],[77.0408702,28.4010508],[77.040666,28.4010474],[77.0405642,28.4010434],[77.0404626,28.4010382],[77.0402592,28.4010236],[77.0396483,28.4009717],[77.0392441,28.4009318],[77.0382311,28.4008242],[77.037218,28.4007165],[77.0369138,28.4006863],[77.0366091,28.40066],[77.0341706,28.4004618],[77.0321384,28.4002967],[77.0316304,28.4002556],[77.0314269,28.4002412],[77.0313251,28.4002376],[77.0312232,28.4002323],[77.0311215,28.4002305],[77.0310196,28.4002279],[77.0307131,28.4002335],[77.0302033,28.4002512],[77.0301013,28.4002547],[77.0277564,28.4003371],[77.0270427,28.4003622],[77.0261251,28.4003944],[77.026023,28.4003978],[77.0256152,28.4004093],[77.0253092,28.4004166],[77.0250032,28.4004238],[77.0245952,28.4004335],[77.0241871,28.4004401],[77.0229627,28.4004515],[77.0209221,28.4004706],[77.0188815,28.4004914],[77.0178613,28.4005088],[77.0177593,28.4005105],[77.0176573,28.4005121],[77.0174533,28.4005141],[77.0172492,28.4005142],[77.0170451,28.4005133],[77.016841,28.4005123],[77.0165349,28.4005109],[77.0164329,28.4005106],[77.0161267,28.4005129],[77.0158208,28.4005196],[77.0153108,28.4005328],[77.0148008,28.4005459],[77.0142909,28.4005591],[77.0139849,28.400567],[77.0137821,28.4005721],[77.0133728,28.4005773],[77.0130667,28.4005785],[77.0127606,28.4005797],[77.0117402,28.4005835],[77.0113321,28.400585],[77.0107199,28.4005873],[77.0105158,28.4005883],[77.0103117,28.4005916],[77.0100059,28.4006031],[77.0097004,28.40062],[77.0092931,28.4006431],[77.0090894,28.4006546],[77.0088858,28.4006661],[77.008784,28.4006719],[77.0086821,28.4006776],[77.0084786,28.4006905],[77.0083766,28.4006986],[77.0082758,28.4007074],[77.008073,28.4007308],[77.0076705,28.4007899],[77.0070683,28.4008876],[77.0067672,28.4009365],[77.0060647,28.4010504],[77.0057633,28.4010978],[77.0046528,28.4012418],[77.0035416,28.4013819],[77.00304,28.4014639],[77.0019477,28.4016921],[77.0006572,28.4019635],[76.9998685,28.4021282],[76.9996646,28.4021728],[76.999373,28.402242],[76.9990769,28.4023241],[76.998595,28.402472],[76.9982096,28.4025908],[76.9980177,28.4026485],[76.9977252,28.4027326],[76.9969465,28.4029491],[76.9967518,28.4030033],[76.9958765,28.403249],[76.99578,28.4032785],[76.9954002,28.4034103],[76.9948398,28.4036283],[76.9928836,28.4044017],[76.9911358,28.4051437],[76.9903999,28.4054561],[76.989756,28.4057294],[76.9892034,28.4059625],[76.9884617,28.4062641],[76.9882753,28.4063376],[76.9879545,28.4064497],[76.9877006,28.4065233],[76.9874056,28.4065954],[76.9869119,28.4067095],[76.986716,28.4067598],[76.9865239,28.4068208],[76.9864313,28.4068581],[76.9863385,28.4068965],[76.9862494,28.4069419],[76.9859189,28.4071518],[76.9843607,28.4083171],[76.9840495,28.4085507],[76.9838988,28.4086723],[76.9838279,28.4087372],[76.9837616,28.4088058],[76.9837018,28.4088788],[76.9836473,28.4089548],[76.9836018,28.4090357],[76.983562,28.4091186],[76.9835311,28.4092045],[76.9835074,28.4092935],[76.9834917,28.4093817],[76.9834831,28.4094715],[76.9834801,28.4095617],[76.9834812,28.4096519],[76.9835102,28.4101927],[76.9837127,28.4137973],[76.9837633,28.4146984],[76.9837783,28.4149687],[76.9837817,28.4150589],[76.9837822,28.4151491],[76.9837783,28.4152393],[76.9837686,28.4153291],[76.9837516,28.4154191],[76.9836958,28.4155895],[76.9836079,28.4157537],[76.9834894,28.4159001],[76.9834216,28.4159689],[76.9832717,28.4160913],[76.9830287,28.4162558],[76.9793335,28.4186665],[76.9791812,28.4187865],[76.9791115,28.4188533],[76.9789788,28.4189891],[76.9789183,28.4190665],[76.9788668,28.4191403],[76.9788168,28.4192189],[76.9787262,28.4193806],[76.9784377,28.4199584],[76.977822,28.4211975],[76.9774936,28.4218583],[76.9764675,28.4239235],[76.9763026,28.4242537],[76.9762589,28.4243352],[76.9762119,28.4244153],[76.9761605,28.4244932],[76.9761034,28.424568],[76.97604,28.4246375],[76.9759696,28.4247043],[76.9758954,28.4247638],[76.9758119,28.4248211],[76.9757275,28.4248705],[76.9755906,28.4249346],[76.9754504,28.4249814],[76.9753516,28.4250035],[76.9751694,28.4250301],[76.9749465,28.4250437],[76.9718862,28.4251299],[76.9635212,28.4253644],[76.9634192,28.4253657],[76.9633171,28.4253644],[76.9632152,28.4253591],[76.9631139,28.4253486],[76.9630127,28.4253302],[76.962915,28.4253084],[76.962819,28.4252761],[76.9627266,28.4252393],[76.9626371,28.4251952],[76.962552,28.4251441],[76.962471,28.4250895],[76.9623973,28.4250277],[76.9623279,28.4249614],[76.9622654,28.4248901],[76.9622088,28.424814],[76.9621606,28.4247348],[76.9621188,28.4246543],[76.9620825,28.4245677],[76.9620574,28.424481],[76.9620379,28.424392],[76.9620297,28.4243025],[76.9620281,28.4242123],[76.9620329,28.4241222],[76.9620434,28.4240325],[76.9622037,28.423233],[76.962535,28.4216355],[76.9626534,28.4211009],[76.9627262,28.4208393],[76.9628768,28.4204105],[76.9636938,28.4181786],[76.9637538,28.4180061],[76.9637796,28.4179188],[76.9638007,28.4178306],[76.9638155,28.4177413],[76.9638185,28.4176508],[76.9638186,28.4175593],[76.9638147,28.4174731],[76.963769,28.417295],[76.9636952,28.4171229],[76.9635908,28.4169691],[76.9634608,28.4168319],[76.9633858,28.4167675],[76.9633097,28.4167136],[76.9632257,28.4166624],[76.963048,28.4165737],[76.9628636,28.4164965],[76.9625847,28.4163848],[76.9616549,28.4160128],[76.9609127,28.4157122],[76.9607297,28.4156309],[76.9605511,28.4155385],[76.9603804,28.4154399],[76.9602168,28.4153369],[76.9598975,28.4151121],[76.9592674,28.4146532],[76.9590293,28.414483],[76.9588634,28.4143704],[76.9587812,28.4143237],[76.9586927,28.4142692],[76.9582639,28.4140352],[76.9573886,28.4135714],[76.9554629,28.4125509],[76.9534497,28.4114839],[76.949511,28.4093964],[76.9442595,28.4066128],[76.9425091,28.4056849],[76.9398531,28.404339],[76.9354183,28.4021082],[76.9309838,28.3998773],[76.9265824,28.3975959],[76.9225453,28.3954786],[76.9186839,28.3934533],[76.9172799,28.3927166],[76.9169355,28.3925252],[76.9155251,28.3916304],[76.9140401,28.3906749],[76.9136771,28.3903575],[76.9132674,28.3897503],[76.9131022,28.3891292],[76.9130849,28.3886792],[76.9132437,28.3850728],[76.9132744,28.3843516],[76.9132667,28.3841713],[76.9132231,28.3839035],[76.9131407,28.383643],[76.912997,28.3833052],[76.9127866,28.3827975],[76.9127344,28.382621],[76.9126882,28.3824453],[76.9126371,28.3821773],[76.9126055,28.381912],[76.9125887,28.3817279],[76.9125919,28.3815505],[76.9126402,28.3808301],[76.9126645,28.380651],[76.9127074,28.3804744],[76.9127426,28.3803894],[76.9128318,28.3802268],[76.9129457,28.3800802],[76.913167,28.3798912],[76.913338,28.3798011],[76.9135272,28.3797262],[76.9137273,28.3796845],[76.91393,28.3796647],[76.9182144,28.3796073],[76.9183163,28.3796039],[76.9185194,28.3795871],[76.9188149,28.3795202],[76.9189999,28.3794399],[76.9191649,28.3793392],[76.9193132,28.3792086],[76.9194299,28.3790629],[76.9195258,28.3789092],[76.919589,28.3787307],[76.9196207,28.3785548],[76.9195501,28.3735028],[76.9194987,28.3731446],[76.9193835,28.3728916],[76.9192733,28.3727472],[76.9191307,28.3726111],[76.9189763,28.3725023],[76.9188857,28.3724528],[76.9185952,28.3723506],[76.9184028,28.3723169],[76.9181993,28.372305],[76.9178932,28.3723063],[76.8977983,28.3725599],[76.8974934,28.3725405],[76.897292,28.3724971],[76.8971128,28.3724285],[76.8969355,28.3723346],[76.896786,28.3722135],[76.8966497,28.3720694],[76.896548,28.3719147],[76.8964824,28.3717476],[76.8964445,28.3715676],[76.8964294,28.3713877],[76.896413,28.370305],[76.8963978,28.3701251],[76.8963249,28.369865],[76.8962377,28.3697007],[76.8961268,28.3695527],[76.8959809,28.3694157],[76.8958197,28.3693066],[76.8956404,28.3692289],[76.8954442,28.3691676],[76.8952466,28.3691421],[76.8941248,28.3691454],[76.8802526,28.3693307],[76.8800486,28.3693322],[76.8798448,28.3693242],[76.8796428,28.3692981],[76.879449,28.3692415],[76.8792679,28.3691613],[76.8791028,28.3690526],[76.8789595,28.3689259],[76.87884,28.3687784],[76.8787484,28.3686168],[76.8786888,28.3684461],[76.8786574,28.3682679],[76.8786454,28.3680878],[76.8786395,28.3678172],[76.8785944,28.3655618],[76.8785512,28.3633966],[76.8785515,28.3632161],[76.8785629,28.363036],[76.878593,28.3628564],[76.8786406,28.3626814],[76.8787106,28.3625135],[76.8787969,28.3623493],[76.8788961,28.3621916],[76.8790009,28.3620368],[76.8791063,28.3618823],[76.8792094,28.3617266],[76.8793072,28.3615672],[76.8793959,28.361405],[76.8794775,28.3612422],[76.8795504,28.3610718],[76.8796179,28.3609015],[76.8797162,28.3606452],[76.8817784,28.3552613],[76.8820403,28.3545777],[76.8821384,28.3543213],[76.882202,28.3541498],[76.8822638,28.3539766],[76.8823133,28.3538026],[76.8823609,28.3536271],[76.8824293,28.3533633],[76.8824976,28.3530994],[76.882566,28.3528356],[76.8835227,28.3491416],[76.8835679,28.3489657],[76.8836108,28.3487887],[76.8836482,28.3486111],[76.8836791,28.3484334],[76.8837324,28.3480756],[76.8843825,28.3436009],[76.8844475,28.3431534],[76.8844742,28.3429745],[76.8845023,28.3427947],[76.8846688,28.3419971],[76.8851752,28.3396025],[76.8852352,28.3393403],[76.885323,28.3389846],[76.8855243,28.3382851],[76.8857766,28.3374109],[76.8859045,28.3369741],[76.8859621,28.3368005],[76.8861906,28.3362028],[76.886907,28.3344171],[76.8870279,28.3341688],[76.88712,28.3340089],[76.8872723,28.3337731],[76.8888264,28.3317621],[76.8895762,28.3307948],[76.889744,28.3305687],[76.8898519,28.3304153],[76.8899572,28.3302607],[76.8904815,28.3294868],[76.8912156,28.3284034],[76.8931031,28.3256174],[76.8932604,28.3253852],[76.8941517,28.3240696],[76.8957245,28.3217479]]},"properties":{"_s":"L2_line","Drawing layer":"Track line"}},{"type":"Feature","geometry":{"type":"LineString","coordinates":[[76.9848572,28.4079211],[76.9849979,28.4078374],[76.9849994,28.4078365]]},"properties":{"_s":"L2_line","Drawing layer":"Latest revised alignment plan R9 (11-04-2013)"}},{"type":"Feature","geometry":{"type":"LineString","coordinates":[[76.9850023,28.4078403],[76.9849966,28.4078328]]},"properties":{"_s":"L2_line","Drawing layer":"Latest revised alignment plan R9 (11-04-2013)"}},{"type":"Feature","geometry":{"type":"LineString","coordinates":[[76.9848605,28.4079245],[76.9848539,28.4079176]]},"properties":{"_s":"L2_line","Drawing layer":"Latest revised alignment plan R9 (11-04-2013)"}},{"type":"Feature","geometry":{"type":"LineString","coordinates":[[76.9847278,28.408018],[76.9847278,28.408018],[76.9847293,28.4080169],[76.9847307,28.4080158],[76.9847322,28.4080147],[76.9847336,28.4080137],[76.984735,28.4080126],[76.9847365,28.4080115],[76.9847379,28.4080104],[76.9847394,28.4080094],[76.9847408,28.4080083],[76.9847422,28.4080072],[76.9847437,28.4080062],[76.9847451,28.4080051],[76.9847466,28.408004],[76.984748,28.408003],[76.9847495,28.4080019],[76.9847509,28.4080009],[76.9847524,28.4079998],[76.9847538,28.4079987],[76.9847553,28.4079977],[76.9847567,28.4079966],[76.9847582,28.4079955],[76.9847596,28.4079945],[76.9847611,28.4079934],[76.9847625,28.4079924],[76.984764,28.4079913],[76.9847654,28.4079903],[76.9847669,28.4079892],[76.9847684,28.4079882],[76.9847698,28.4079871],[76.9847713,28.407986],[76.9847727,28.407985],[76.9847742,28.4079839],[76.9847756,28.4079829],[76.9847771,28.4079818],[76.9847786,28.4079808],[76.98478,28.4079798],[76.9847815,28.4079787],[76.984783,28.4079777],[76.9847844,28.4079766],[76.9847859,28.4079756],[76.9847874,28.4079745],[76.9847888,28.4079735],[76.9847903,28.4079724],[76.9847918,28.4079714],[76.9847932,28.4079704],[76.9847947,28.4079693],[76.9847962,28.4079683],[76.9847976,28.4079672],[76.9847991,28.4079662],[76.9848006,28.4079652],[76.9848021,28.4079641],[76.9848035,28.4079631],[76.984805,28.4079621],[76.9848065,28.407961],[76.984808,28.40796],[76.9848094,28.407959],[76.9848109,28.4079579],[76.9848124,28.4079569],[76.9848139,28.4079559],[76.9848153,28.4079549],[76.9848168,28.4079538],[76.9848183,28.4079528],[76.9848198,28.4079518],[76.9848213,28.4079507],[76.9848228,28.4079497],[76.9848242,28.4079487],[76.9848257,28.4079477],[76.9848272,28.4079467],[76.9848287,28.4079456],[76.9848302,28.4079446],[76.9848317,28.4079436],[76.9848332,28.4079426],[76.9848346,28.4079416],[76.9848361,28.4079405],[76.9848376,28.4079395],[76.9848391,28.4079385],[76.9848406,28.4079375],[76.9848421,28.4079365],[76.9848436,28.4079355],[76.9848451,28.4079345],[76.9848466,28.4079334],[76.9848481,28.4079324],[76.9848496,28.4079314],[76.9848511,28.4079304],[76.9848526,28.4079294],[76.9848541,28.4079284],[76.9848556,28.4079274],[76.9848571,28.4079264],[76.9848586,28.4079254],[76.9848601,28.4079244],[76.9848616,28.4079234],[76.9848631,28.4079224],[76.9848646,28.4079214],[76.9848661,28.4079204],[76.9848676,28.4079194],[76.9848691,28.4079184],[76.9848706,28.4079174],[76.9848721,28.4079164],[76.9848736,28.4079154],[76.9848751,28.4079144],[76.9848766,28.4079134],[76.9848781,28.4079124],[76.9848796,28.4079114],[76.9848811,28.4079104],[76.9848827,28.4079094],[76.9848842,28.4079084],[76.9848857,28.4079074],[76.9848872,28.4079064],[76.9848887,28.4079055],[76.9848902,28.4079045],[76.9848917,28.4079035],[76.9848933,28.4079025],[76.9848948,28.4079015],[76.9848963,28.4079005],[76.9848978,28.4078995],[76.9848993,28.4078986],[76.9849008,28.4078976],[76.9849024,28.4078966],[76.9849039,28.4078956],[76.9849054,28.4078946],[76.9849069,28.4078937],[76.9849085,28.4078927],[76.98491,28.4078917],[76.9849115,28.4078907],[76.984913,28.4078898],[76.9849146,28.4078888],[76.9849161,28.4078878],[76.9849176,28.4078868],[76.9849191,28.4078859],[76.9849207,28.4078849],[76.9849222,28.4078839],[76.9849237,28.407883],[76.9849253,28.407882],[76.9849268,28.407881],[76.9849283,28.4078801],[76.9849298,28.4078791],[76.9849314,28.4078781],[76.9849329,28.4078772],[76.9849344,28.4078762],[76.984936,28.4078752],[76.9849375,28.4078743],[76.9849391,28.4078733],[76.9849406,28.4078723],[76.9849421,28.4078714],[76.9849437,28.4078704],[76.9849452,28.4078695],[76.9849467,28.4078685],[76.9849483,28.4078676],[76.9849498,28.4078666],[76.9849514,28.4078656],[76.9849529,28.4078647],[76.9849545,28.4078637],[76.984956,28.4078628],[76.9849575,28.4078618],[76.9849591,28.4078609],[76.9849606,28.4078599],[76.9849622,28.407859],[76.9849637,28.407858],[76.9849653,28.4078571],[76.9849668,28.4078562],[76.9849684,28.4078552],[76.9849699,28.4078543],[76.9849715,28.4078533],[76.984973,28.4078524],[76.9849746,28.4078514],[76.9849761,28.4078505],[76.9849777,28.4078496],[76.9849792,28.4078486],[76.9849808,28.4078477],[76.9849823,28.4078467],[76.9849839,28.4078458],[76.9849855,28.4078449],[76.984987,28.4078439],[76.9849886,28.407843],[76.9849901,28.4078421],[76.9849917,28.4078411],[76.9849932,28.4078402],[76.9849948,28.4078393],[76.9849964,28.4078383],[76.9849979,28.4078374],[76.9849979,28.4078374]]},"properties":{"_s":"L2_line","Drawing layer":"Latest revised alignment plan R9 (11-04-2013)"}},{"type":"Feature","geometry":{"type":"LineString","coordinates":[[76.9849913,28.4078266],[76.9849847,28.4078197]]},"properties":{"_s":"L2_line","Drawing layer":"Latest revised alignment plan R9 (11-04-2013)"}},{"type":"Feature","geometry":{"type":"LineString","coordinates":[[76.9847212,28.4080229],[76.9847278,28.408018],[76.9848572,28.4079211],[76.9849866,28.4078242],[76.984988,28.4078232]]},"properties":{"_s":"L2_line","Drawing layer":"Latest revised alignment plan R9 (11-04-2013)"}},{"type":"Feature","geometry":{"type":"LineString","coordinates":[[76.9847245,28.4080264],[76.9847179,28.4080195]]},"properties":{"_s":"L2_line","Drawing layer":"Latest revised alignment plan R9 (11-04-2013)"}},{"type":"Feature","geometry":{"type":"LineString","coordinates":[[76.9848572,28.4079211],[76.9851726,28.4077334]]},"properties":{"_s":"L2_line","Drawing layer":"Latest revised alignment plan R9 (11-04-2013)"}},{"type":"Feature","geometry":{"type":"LineString","coordinates":[[76.9851726,28.4077334],[76.9850319,28.407817],[76.9850304,28.4078179]]},"properties":{"_s":"L2_line","Drawing layer":"Latest revised alignment plan R9 (11-04-2013)"}},{"type":"Feature","geometry":{"type":"LineString","coordinates":[[76.9850276,28.4078142],[76.9850333,28.4078217]]},"properties":{"_s":"L2_line","Drawing layer":"Latest revised alignment plan R9 (11-04-2013)"}},{"type":"Feature","geometry":{"type":"LineString","coordinates":[[76.9851693,28.4077299],[76.9851759,28.4077368]]},"properties":{"_s":"L2_line","Drawing layer":"Latest revised alignment plan R9 (11-04-2013)"}},{"type":"Feature","geometry":{"type":"LineString","coordinates":[[76.985302,28.4076365],[76.985302,28.4076365],[76.9853006,28.4076376],[76.9852991,28.4076386],[76.9852977,28.4076397],[76.9852963,28.4076408],[76.9852948,28.4076419],[76.9852934,28.4076429],[76.9852919,28.407644],[76.9852905,28.4076451],[76.985289,28.4076461],[76.9852876,28.4076472],[76.9852862,28.4076483],[76.9852847,28.4076493],[76.9852833,28.4076504],[76.9852818,28.4076515],[76.9852804,28.4076525],[76.9852789,28.4076536],[76.9852775,28.4076547],[76.985276,28.4076557],[76.9852746,28.4076568],[76.9852731,28.4076578],[76.9852717,28.4076589],[76.9852702,28.40766],[76.9852688,28.407661],[76.9852673,28.4076621],[76.9852659,28.4076631],[76.9852644,28.4076642],[76.985263,28.4076652],[76.9852615,28.4076663],[76.98526,28.4076673],[76.9852586,28.4076684],[76.9852571,28.4076695],[76.9852557,28.4076705],[76.9852542,28.4076716],[76.9852527,28.4076726],[76.9852513,28.4076736],[76.9852498,28.4076747],[76.9852484,28.4076757],[76.9852469,28.4076768],[76.9852454,28.4076778],[76.985244,28.4076789],[76.9852425,28.4076799],[76.985241,28.407681],[76.9852396,28.407682],[76.9852381,28.407683],[76.9852366,28.4076841],[76.9852352,28.4076851],[76.9852337,28.4076862],[76.9852322,28.4076872],[76.9852307,28.4076882],[76.9852293,28.4076893],[76.9852278,28.4076903],[76.9852263,28.4076913],[76.9852249,28.4076924],[76.9852234,28.4076934],[76.9852219,28.4076944],[76.9852204,28.4076955],[76.9852189,28.4076965],[76.9852175,28.4076975],[76.985216,28.4076986],[76.9852145,28.4076996],[76.985213,28.4077006],[76.9852115,28.4077017],[76.9852101,28.4077027],[76.9852086,28.4077037],[76.9852071,28.4077047],[76.9852056,28.4077057],[76.9852041,28.4077068],[76.9852026,28.4077078],[76.9852012,28.4077088],[76.9851997,28.4077098],[76.9851982,28.4077109],[76.9851967,28.4077119],[76.9851952,28.4077129],[76.9851937,28.4077139],[76.9851922,28.4077149],[76.9851907,28.4077159],[76.9851892,28.407717],[76.9851878,28.407718],[76.9851863,28.407719],[76.9851848,28.40772],[76.9851833,28.407721],[76.9851818,28.407722],[76.9851803,28.407723],[76.9851788,28.407724],[76.9851773,28.407725],[76.9851758,28.407726],[76.9851743,28.4077271],[76.9851728,28.4077281],[76.9851713,28.4077291],[76.9851698,28.4077301],[76.9851683,28.4077311],[76.9851668,28.4077321],[76.9851653,28.4077331],[76.9851638,28.4077341],[76.9851623,28.4077351],[76.9851608,28.4077361],[76.9851593,28.4077371],[76.9851578,28.4077381],[76.9851562,28.4077391],[76.9851547,28.4077401],[76.9851532,28.4077411],[76.9851517,28.4077421],[76.9851502,28.407743],[76.9851487,28.407744],[76.9851472,28.407745],[76.9851457,28.407746],[76.9851442,28.407747],[76.9851427,28.407748],[76.9851411,28.407749],[76.9851396,28.40775],[76.9851381,28.407751],[76.9851366,28.4077519],[76.9851351,28.4077529],[76.9851336,28.4077539],[76.985132,28.4077549],[76.9851305,28.4077559],[76.985129,28.4077569],[76.9851275,28.4077578],[76.985126,28.4077588],[76.9851244,28.4077598],[76.9851229,28.4077608],[76.9851214,28.4077618],[76.9851199,28.4077627],[76.9851183,28.4077637],[76.9851168,28.4077647],[76.9851153,28.4077657],[76.9851138,28.4077666],[76.9851122,28.4077676],[76.9851107,28.4077686],[76.9851092,28.4077696],[76.9851077,28.4077705],[76.9851061,28.4077715],[76.9851046,28.4077725],[76.9851031,28.4077734],[76.9851015,28.4077744],[76.9851,28.4077754],[76.9850985,28.4077763],[76.9850969,28.4077773],[76.9850954,28.4077783],[76.9850939,28.4077792],[76.9850923,28.4077802],[76.9850908,28.4077811],[76.9850893,28.4077821],[76.9850877,28.4077831],[76.9850862,28.407784],[76.9850846,28.407785],[76.9850831,28.4077859],[76.9850816,28.4077869],[76.98508,28.4077878],[76.9850785,28.4077888],[76.9850769,28.4077898],[76.9850754,28.4077907],[76.9850739,28.4077917],[76.9850723,28.4077926],[76.9850708,28.4077936],[76.9850692,28.4077945],[76.9850677,28.4077955],[76.9850661,28.4077964],[76.9850646,28.4077974],[76.985063,28.4077983],[76.9850615,28.4077992],[76.9850599,28.4078002],[76.9850584,28.4078011],[76.9850568,28.4078021],[76.9850553,28.407803],[76.9850537,28.407804],[76.9850522,28.4078049],[76.9850506,28.4078058],[76.9850491,28.4078068],[76.9850475,28.4078077],[76.985046,28.4078086],[76.9850444,28.4078096],[76.9850428,28.4078105],[76.9850413,28.4078115],[76.9850397,28.4078124],[76.9850382,28.4078133],[76.9850366,28.4078143],[76.985035,28.4078152],[76.9850335,28.4078161],[76.9850319,28.407817],[76.9850319,28.407817]]},"properties":{"_s":"L2_line","Drawing layer":"Latest revised alignment plan R9 (11-04-2013)"}},{"type":"Feature","geometry":{"type":"LineString","coordinates":[[76.9850386,28.4078279],[76.9850452,28.4078347]]},"properties":{"_s":"L2_line","Drawing layer":"Latest revised alignment plan R9 (11-04-2013)"}},{"type":"Feature","geometry":{"type":"LineString","coordinates":[[76.9853086,28.4076315],[76.985302,28.4076365],[76.9851726,28.4077334],[76.9850432,28.4078303],[76.9850419,28.4078313]]},"properties":{"_s":"L2_line","Drawing layer":"Latest revised alignment plan R9 (11-04-2013)"}},{"type":"Feature","geometry":{"type":"LineString","coordinates":[[76.9853054,28.4076281],[76.9853119,28.407635]]},"properties":{"_s":"L2_line","Drawing layer":"Latest revised alignment plan R9 (11-04-2013)"}},{"type":"Feature","geometry":{"type":"LineString","coordinates":[[76.9854571,28.4074719],[76.9853164,28.4075556],[76.9853149,28.4075565]]},"properties":{"_s":"L2_line","Drawing layer":"Latest revised alignment plan R9 (11-04-2013)"}},{"type":"Feature","geometry":{"type":"LineString","coordinates":[[76.985312,28.4075527],[76.9853177,28.4075602]]},"properties":{"_s":"L2_line","Drawing layer":"Latest revised alignment plan R9 (11-04-2013)"}},{"type":"Feature","geometry":{"type":"LineString","coordinates":[[76.9854538,28.4074685],[76.9854604,28.4074753]]},"properties":{"_s":"L2_line","Drawing layer":"Latest revised alignment plan R9 (11-04-2013)"}},{"type":"Feature","geometry":{"type":"LineString","coordinates":[[76.9855864,28.407375],[76.9855864,28.407375],[76.985585,28.4073761],[76.9855836,28.4073772],[76.9855821,28.4073782],[76.9855807,28.4073793],[76.9855793,28.4073804],[76.9855778,28.4073815],[76.9855764,28.4073825],[76.9855749,28.4073836],[76.9855735,28.4073847],[76.985572,28.4073857],[76.9855706,28.4073868],[76.9855692,28.4073879],[76.9855677,28.4073889],[76.9855663,28.40739],[76.9855648,28.4073911],[76.9855634,28.4073921],[76.9855619,28.4073932],[76.9855605,28.4073942],[76.985559,28.4073953],[76.9855576,28.4073964],[76.9855561,28.4073974],[76.9855547,28.4073985],[76.9855532,28.4073995],[76.9855518,28.4074006],[76.9855503,28.4074017],[76.9855489,28.4074027],[76.9855474,28.4074038],[76.9855459,28.4074048],[76.9855445,28.4074059],[76.985543,28.4074069],[76.9855416,28.407408],[76.9855401,28.407409],[76.9855386,28.4074101],[76.9855372,28.4074111],[76.9855357,28.4074122],[76.9855343,28.4074132],[76.9855328,28.4074143],[76.9855313,28.4074153],[76.9855299,28.4074164],[76.9855284,28.4074174],[76.9855269,28.4074184],[76.9855255,28.4074195],[76.985524,28.4074205],[76.9855225,28.4074216],[76.9855211,28.4074226],[76.9855196,28.4074237],[76.9855181,28.4074247],[76.9855167,28.4074257],[76.9855152,28.4074268],[76.9855137,28.4074278],[76.9855122,28.4074288],[76.9855108,28.4074299],[76.9855093,28.4074309],[76.9855078,28.4074319],[76.9855063,28.407433],[76.9855049,28.407434],[76.9855034,28.407435],[76.9855019,28.4074361],[76.9855004,28.4074371],[76.9854989,28.4074381],[76.9854975,28.4074391],[76.985496,28.4074402],[76.9854945,28.4074412],[76.985493,28.4074422],[76.9854915,28.4074432],[76.9854901,28.4074443],[76.9854886,28.4074453],[76.9854871,28.4074463],[76.9854856,28.4074473],[76.9854841,28.4074484],[76.9854826,28.4074494],[76.9854811,28.4074504],[76.9854796,28.4074514],[76.9854782,28.4074524],[76.9854767,28.4074534],[76.9854752,28.4074545],[76.9854737,28.4074555],[76.9854722,28.4074565],[76.9854707,28.4074575],[76.9854692,28.4074585],[76.9854677,28.4074595],[76.9854662,28.4074605],[76.9854647,28.4074615],[76.9854632,28.4074626],[76.9854617,28.4074636],[76.9854602,28.4074646],[76.9854587,28.4074656],[76.9854572,28.4074666],[76.9854557,28.4074676],[76.9854542,28.4074686],[76.9854527,28.4074696],[76.9854512,28.4074706],[76.9854497,28.4074716],[76.9854482,28.4074726],[76.9854467,28.4074736],[76.9854452,28.4074746],[76.9854437,28.4074756],[76.9854422,28.4074766],[76.9854407,28.4074776],[76.9854392,28.4074786],[76.9854377,28.4074796],[76.9854362,28.4074806],[76.9854347,28.4074816],[76.9854331,28.4074826],[76.9854316,28.4074836],[76.9854301,28.4074845],[76.9854286,28.4074855],[76.9854271,28.4074865],[76.9854256,28.4074875],[76.9854241,28.4074885],[76.9854225,28.4074895],[76.985421,28.4074905],[76.9854195,28.4074915],[76.985418,28.4074924],[76.9854165,28.4074934],[76.985415,28.4074944],[76.9854134,28.4074954],[76.9854119,28.4074964],[76.9854104,28.4074974],[76.9854089,28.4074983],[76.9854074,28.4074993],[76.9854058,28.4075003],[76.9854043,28.4075013],[76.9854028,28.4075022],[76.9854013,28.4075032],[76.9853997,28.4075042],[76.9853982,28.4075052],[76.9853967,28.4075061],[76.9853952,28.4075071],[76.9853936,28.4075081],[76.9853921,28.407509],[76.9853906,28.40751],[76.985389,28.407511],[76.9853875,28.407512],[76.985386,28.4075129],[76.9853844,28.4075139],[76.9853829,28.4075149],[76.9853814,28.4075158],[76.9853798,28.4075168],[76.9853783,28.4075177],[76.9853768,28.4075187],[76.9853752,28.4075197],[76.9853737,28.4075206],[76.9853722,28.4075216],[76.9853706,28.4075225],[76.9853691,28.4075235],[76.9853675,28.4075245],[76.985366,28.4075254],[76.9853645,28.4075264],[76.9853629,28.4075273],[76.9853614,28.4075283],[76.9853598,28.4075292],[76.9853583,28.4075302],[76.9853567,28.4075311],[76.9853552,28.4075321],[76.9853537,28.407533],[76.9853521,28.407534],[76.9853506,28.4075349],[76.985349,28.4075359],[76.9853475,28.4075368],[76.9853459,28.4075378],[76.9853444,28.4075387],[76.9853428,28.4075397],[76.9853413,28.4075406],[76.9853397,28.4075415],[76.9853382,28.4075425],[76.9853366,28.4075434],[76.9853351,28.4075444],[76.9853335,28.4075453],[76.9853319,28.4075462],[76.9853304,28.4075472],[76.9853288,28.4075481],[76.9853273,28.407549],[76.9853257,28.40755],[76.9853242,28.4075509],[76.9853226,28.4075518],[76.985321,28.4075528],[76.9853195,28.4075537],[76.9853179,28.4075546],[76.9853164,28.4075556],[76.9853164,28.4075556]]},"properties":{"_s":"L2_line","Drawing layer":"Latest revised alignment plan R9 (11-04-2013)"}},{"type":"Feature","geometry":{"type":"LineString","coordinates":[[76.985323,28.4075664],[76.9853296,28.4075733]]},"properties":{"_s":"L2_line","Drawing layer":"Latest revised alignment plan R9 (11-04-2013)"}},{"type":"Feature","geometry":{"type":"LineString","coordinates":[[76.9855931,28.40737],[76.9855864,28.407375],[76.9854571,28.4074719],[76.9853277,28.4075688],[76.9853263,28.4075698]]},"properties":{"_s":"L2_line","Drawing layer":"Latest revised alignment plan R9 (11-04-2013)"}},{"type":"Feature","geometry":{"type":"LineString","coordinates":[[76.9855898,28.4073666],[76.9855964,28.4073735]]},"properties":{"_s":"L2_line","Drawing layer":"Latest revised alignment plan R9 (11-04-2013)"}},{"type":"Feature","geometry":{"type":"LineString","coordinates":[[76.9844447,28.40823],[76.984304,28.4083136],[76.9843026,28.4083145]]},"properties":{"_s":"L2_line","Drawing layer":"Latest revised alignment plan R9 (11-04-2013)"}},{"type":"Feature","geometry":{"type":"LineString","coordinates":[[76.9842997,28.4083108],[76.9843054,28.4083182]]},"properties":{"_s":"L2_line","Drawing layer":"Latest revised alignment plan R9 (11-04-2013)"}},{"type":"Feature","geometry":{"type":"LineString","coordinates":[[76.9844414,28.4082265],[76.984448,28.4082334]]},"properties":{"_s":"L2_line","Drawing layer":"Latest revised alignment plan R9 (11-04-2013)"}},{"type":"Feature","geometry":{"type":"LineString","coordinates":[[76.9845741,28.4081331],[76.9845741,28.4081331],[76.9845727,28.4081341],[76.9845713,28.4081352],[76.9845698,28.4081363],[76.9845684,28.4081374],[76.9845669,28.4081384],[76.9845655,28.4081395],[76.9845641,28.4081406],[76.9845626,28.4081416],[76.9845612,28.4081427],[76.9845597,28.4081438],[76.9845583,28.4081448],[76.9845568,28.4081459],[76.9845554,28.408147],[76.984554,28.408148],[76.9845525,28.4081491],[76.9845511,28.4081502],[76.9845496,28.4081512],[76.9845482,28.4081523],[76.9845467,28.4081534],[76.9845453,28.4081544],[76.9845438,28.4081555],[76.9845424,28.4081565],[76.9845409,28.4081576],[76.9845394,28.4081586],[76.984538,28.4081597],[76.9845365,28.4081608],[76.9845351,28.4081618],[76.9845336,28.4081629],[76.9845322,28.4081639],[76.9845307,28.408165],[76.9845293,28.408166],[76.9845278,28.4081671],[76.9845263,28.4081681],[76.9845249,28.4081692],[76.9845234,28.4081702],[76.9845219,28.4081713],[76.9845205,28.4081723],[76.984519,28.4081734],[76.9845176,28.4081744],[76.9845161,28.4081755],[76.9845146,28.4081765],[76.9845132,28.4081775],[76.9845117,28.4081786],[76.9845102,28.4081796],[76.9845088,28.4081807],[76.9845073,28.4081817],[76.9845058,28.4081827],[76.9845043,28.4081838],[76.9845029,28.4081848],[76.9845014,28.4081859],[76.9844999,28.4081869],[76.9844985,28.4081879],[76.984497,28.408189],[76.9844955,28.40819],[76.984494,28.408191],[76.9844925,28.4081921],[76.9844911,28.4081931],[76.9844896,28.4081941],[76.9844881,28.4081951],[76.9844866,28.4081962],[76.9844852,28.4081972],[76.9844837,28.4081982],[76.9844822,28.4081993],[76.9844807,28.4082003],[76.9844792,28.4082013],[76.9844777,28.4082023],[76.9844763,28.4082033],[76.9844748,28.4082044],[76.9844733,28.4082054],[76.9844718,28.4082064],[76.9844703,28.4082074],[76.9844688,28.4082084],[76.9844673,28.4082095],[76.9844658,28.4082105],[76.9844644,28.4082115],[76.9844629,28.4082125],[76.9844614,28.4082135],[76.9844599,28.4082145],[76.9844584,28.4082156],[76.9844569,28.4082166],[76.9844554,28.4082176],[76.9844539,28.4082186],[76.9844524,28.4082196],[76.9844509,28.4082206],[76.9844494,28.4082216],[76.9844479,28.4082226],[76.9844464,28.4082236],[76.9844449,28.4082246],[76.9844434,28.4082256],[76.9844419,28.4082266],[76.9844404,28.4082276],[76.9844389,28.4082286],[76.9844374,28.4082297],[76.9844359,28.4082307],[76.9844344,28.4082317],[76.9844329,28.4082327],[76.9844314,28.4082336],[76.9844299,28.4082346],[76.9844284,28.4082356],[76.9844269,28.4082366],[76.9844254,28.4082376],[76.9844238,28.4082386],[76.9844223,28.4082396],[76.9844208,28.4082406],[76.9844193,28.4082416],[76.9844178,28.4082426],[76.9844163,28.4082436],[76.9844148,28.4082446],[76.9844133,28.4082456],[76.9844118,28.4082466],[76.9844102,28.4082475],[76.9844087,28.4082485],[76.9844072,28.4082495],[76.9844057,28.4082505],[76.9844042,28.4082515],[76.9844026,28.4082525],[76.9844011,28.4082534],[76.9843996,28.4082544],[76.9843981,28.4082554],[76.9843966,28.4082564],[76.984395,28.4082574],[76.9843935,28.4082583],[76.984392,28.4082593],[76.9843905,28.4082603],[76.9843889,28.4082613],[76.9843874,28.4082622],[76.9843859,28.4082632],[76.9843844,28.4082642],[76.9843828,28.4082652],[76.9843813,28.4082661],[76.9843798,28.4082671],[76.9843783,28.4082681],[76.9843767,28.408269],[76.9843752,28.40827],[76.9843737,28.408271],[76.9843721,28.4082719],[76.9843706,28.4082729],[76.9843691,28.4082739],[76.9843675,28.4082748],[76.984366,28.4082758],[76.9843645,28.4082768],[76.9843629,28.4082777],[76.9843614,28.4082787],[76.9843598,28.4082796],[76.9843583,28.4082806],[76.9843568,28.4082816],[76.9843552,28.4082825],[76.9843537,28.4082835],[76.9843521,28.4082844],[76.9843506,28.4082854],[76.9843491,28.4082863],[76.9843475,28.4082873],[76.984346,28.4082882],[76.9843444,28.4082892],[76.9843429,28.4082901],[76.9843413,28.4082911],[76.9843398,28.408292],[76.9843382,28.408293],[76.9843367,28.4082939],[76.9843352,28.4082949],[76.9843336,28.4082958],[76.9843321,28.4082968],[76.9843305,28.4082977],[76.984329,28.4082986],[76.9843274,28.4082996],[76.9843258,28.4083005],[76.9843243,28.4083015],[76.9843227,28.4083024],[76.9843212,28.4083033],[76.9843196,28.4083043],[76.9843181,28.4083052],[76.9843165,28.4083062],[76.984315,28.4083071],[76.9843134,28.408308],[76.9843118,28.408309],[76.9843103,28.4083099],[76.9843087,28.4083108],[76.9843072,28.4083118],[76.9843056,28.4083127],[76.984304,28.4083136],[76.984304,28.4083136]]},"properties":{"_s":"L2_line","Drawing layer":"Latest revised alignment plan R9 (11-04-2013)"}},{"type":"Feature","geometry":{"type":"LineString","coordinates":[[76.9843107,28.4083244],[76.9843173,28.4083313]]},"properties":{"_s":"L2_line","Drawing layer":"Latest revised alignment plan R9 (11-04-2013)"}},{"type":"Feature","geometry":{"type":"LineString","coordinates":[[76.9845808,28.4081281],[76.9845741,28.4081331],[76.9844447,28.40823],[76.9843153,28.4083268],[76.984314,28.4083279]]},"properties":{"_s":"L2_line","Drawing layer":"Latest revised alignment plan R9 (11-04-2013)"}},{"type":"Feature","geometry":{"type":"LineString","coordinates":[[76.9845775,28.4081246],[76.9845841,28.4081315]]},"properties":{"_s":"L2_line","Drawing layer":"Latest revised alignment plan R9 (11-04-2013)"}},{"type":"Feature","geometry":{"type":"LineString","coordinates":[[77.1077356,28.4207026],[77.1063955,28.4198783],[77.1062286,28.4197763],[77.1061458,28.4197271],[77.1060627,28.4196796],[77.1059797,28.4196344],[77.105895,28.4195921],[77.1058088,28.4195517],[77.1057213,28.4195137],[77.1056332,28.4194778],[77.1055436,28.4194452],[77.1054516,28.4194143],[77.1053581,28.4193847],[77.1052632,28.4193562],[77.1051672,28.4193281],[77.1049734,28.4192721],[77.1039065,28.4189633],[77.1017736,28.4183461],[77.098855,28.4175319],[77.0978827,28.4172634],[77.0977876,28.4172391],[77.0976924,28.4172164],[77.0975991,28.4171964],[77.0974086,28.4171652],[77.0971155,28.4171362],[77.0969203,28.4171307],[77.0967199,28.4171314],[77.0916185,28.417205],[77.0914115,28.4172066],[77.0912012,28.4172026],[77.0909872,28.4171887],[77.0907757,28.4171609],[77.0905669,28.4171227],[77.0902644,28.4170469],[77.0897761,28.4169072],[77.0839532,28.4152336],[77.0821095,28.4147069],[77.0813304,28.4144961],[77.0800591,28.4141583],[77.079862,28.4141028],[77.0795684,28.4140138],[77.0793742,28.4139489],[77.0792777,28.4139151],[77.0790879,28.4138473],[77.0771966,28.4131687],[77.07436,28.4121509],[77.072468,28.4114719],[77.0705861,28.4107711],[77.0658877,28.4090117],[77.0602531,28.4068937],[77.0576248,28.4059024],[77.0536866,28.4044071],[77.0522811,28.4038711],[77.0519999,28.4037639],[77.0518122,28.403692],[77.0516218,28.4036181],[77.0514361,28.4035388],[77.0513429,28.4034994],[77.0508868,28.4032923],[77.0490722,28.4024666],[77.0487104,28.4023022],[77.0485309,28.4022242],[77.0482573,28.4021147],[77.0480725,28.4020483],[77.0475012,28.4018595],[77.0469274,28.4016711],[77.0462579,28.4014513],[77.0458754,28.4013257],[77.0456855,28.4012638],[77.0454963,28.4012059],[77.0454034,28.4011803],[77.0453099,28.4011571],[77.0452156,28.401137],[77.0451191,28.4011192],[77.0450261,28.4011034],[77.0449292,28.4010921],[77.0448316,28.4010828],[77.0447351,28.4010755],[77.044639,28.4010721],[77.0445407,28.4010709],[77.0444427,28.4010716],[77.0432216,28.4011131],[77.0414884,28.4011745],[77.0412836,28.4011816],[77.0410763,28.4011869],[77.0408684,28.4011861],[77.0406611,28.4011827],[77.0405564,28.4011785],[77.040452,28.4011733],[77.0402456,28.4011584],[77.0396325,28.4011063],[77.0392265,28.4010662],[77.0382128,28.4009586],[77.0372003,28.4008509],[77.0368978,28.4008209],[77.0365947,28.4007947],[77.0341566,28.4005966],[77.0321244,28.4004315],[77.0316173,28.4003904],[77.0314177,28.4003763],[77.0313175,28.4003727],[77.0312172,28.4003676],[77.0311178,28.4003658],[77.0310189,28.4003633],[77.0307177,28.4003687],[77.0302093,28.4003864],[77.0301074,28.40039],[77.0277624,28.4004723],[77.0270487,28.4004974],[77.026131,28.4005296],[77.0260283,28.400533],[77.0256197,28.4005446],[77.0253133,28.4005519],[77.0250073,28.4005591],[77.0245986,28.4005688],[77.0241893,28.4005754],[77.0229643,28.4005869],[77.0209238,28.4006059],[77.0188839,28.4006267],[77.0178643,28.4006441],[77.0177621,28.4006458],[77.0176595,28.4006474],[77.0174542,28.4006494],[77.0172488,28.4006495],[77.0170443,28.4006486],[77.0168402,28.4006477],[77.0165342,28.4006462],[77.0164333,28.4006459],[77.0161293,28.4006482],[77.0158249,28.4006549],[77.0153153,28.400668],[77.0148053,28.4006812],[77.0142953,28.4006944],[77.0139893,28.4007023],[77.0137853,28.4007074],[77.0133742,28.4007127],[77.0130673,28.4007138],[77.0127612,28.400715],[77.0117409,28.4007188],[77.0113327,28.4007203],[77.0107206,28.4007226],[77.0105176,28.4007236],[77.0103164,28.4007269],[77.010014,28.4007383],[77.0097101,28.4007551],[77.0093029,28.4007781],[77.0090992,28.4007896],[77.0088956,28.4008012],[77.0087937,28.4008069],[77.0086925,28.4008127],[77.0084908,28.4008254],[77.0083909,28.4008333],[77.0082932,28.4008419],[77.0080954,28.4008647],[77.0076968,28.4009232],[77.0070959,28.4010207],[77.0067948,28.4010696],[77.0060919,28.4011836],[77.0057878,28.4012314],[77.0046747,28.4013758],[77.0035663,28.4015155],[77.0030716,28.4015964],[77.001983,28.4018238],[77.0006924,28.4020952],[76.9999045,28.4022597],[76.9997028,28.4023038],[76.9994158,28.402372],[76.9991249,28.4024526],[76.9986452,28.4025998],[76.9982594,28.4027188],[76.998066,28.4027769],[76.9977718,28.4028615],[76.9969924,28.4030783],[76.9967979,28.4031323],[76.9959247,28.4033775],[76.995833,28.4034055],[76.995459,28.4035353],[76.9949018,28.403752],[76.992948,28.4045245],[76.9912021,28.4052657],[76.9904662,28.4055781],[76.9898221,28.4058515],[76.9892684,28.4060851],[76.9885249,28.4063874],[76.9883347,28.4064624],[76.9880065,28.4065771],[76.9877448,28.4066529],[76.9874453,28.4067261],[76.9869526,28.40684],[76.9867632,28.4068886],[76.9865816,28.4069463],[76.9864955,28.406981],[76.9864092,28.4070166],[76.9863325,28.4070558],[76.9860132,28.4072586],[76.9844596,28.4084204],[76.9841506,28.4086523],[76.9840055,28.4087694],[76.9839412,28.4088283],[76.9838819,28.4088895],[76.9838285,28.4089548],[76.9837808,28.4090213],[76.9837409,28.4090923],[76.9837057,28.4091657],[76.9836787,28.4092406],[76.9836577,28.4093195],[76.9836437,28.4093979],[76.983636,28.4094792],[76.9836332,28.4095629],[76.9836343,28.409648],[76.9836631,28.4101861],[76.9838656,28.4137905],[76.9839162,28.4146917],[76.9839312,28.4149632],[76.9839348,28.4150563],[76.9839353,28.4151514],[76.9839311,28.4152483],[76.9839205,28.4153467],[76.9839012,28.4154491],[76.9838394,28.4156376],[76.9837404,28.4158225],[76.9836096,28.4159841],[76.9835316,28.4160634],[76.9833704,28.4161949],[76.9831206,28.416364],[76.9794301,28.4187717],[76.9792886,28.4188832],[76.9792257,28.4189434],[76.9791001,28.419072],[76.9790465,28.4191405],[76.9789987,28.419209],[76.9789522,28.4192822],[76.9788649,28.419438],[76.9785778,28.4200129],[76.9779622,28.4212519],[76.9776338,28.4219128],[76.9766076,28.423978],[76.9764418,28.42431],[76.9763961,28.4243953],[76.9763461,28.4244806],[76.9762902,28.4245652],[76.9762267,28.4246484],[76.9761557,28.4247262],[76.9760772,28.4248007],[76.9759939,28.4248676],[76.9759012,28.4249311],[76.9758057,28.424987],[76.9756537,28.4250582],[76.9754964,28.4251108],[76.9753829,28.4251361],[76.9751871,28.4251647],[76.9749542,28.4251788],[76.971891,28.4252652],[76.9635247,28.4254997],[76.9634191,28.4255011],[76.9633115,28.4254997],[76.9632018,28.425494],[76.9630895,28.4254823],[76.9629786,28.4254621],[76.962869,28.4254377],[76.9627603,28.4254012],[76.9626577,28.4253603],[76.9625566,28.4253105],[76.9624625,28.4252539],[76.9623717,28.4251927],[76.9622883,28.4251229],[76.962211,28.425049],[76.9621408,28.4249688],[76.9620772,28.4248834],[76.9620235,28.4247951],[76.9619773,28.4247061],[76.9619362,28.4246081],[76.9619079,28.4245106],[76.961886,28.4244103],[76.9618767,28.424309],[76.961875,28.4242102],[76.9618802,28.4241121],[76.9618916,28.4240137],[76.9620531,28.4232089],[76.9623846,28.4216103],[76.9625039,28.4210717],[76.9625787,28.4208031],[76.9627308,28.4203696],[76.9635478,28.4181378],[76.9636065,28.4179691],[76.9636306,28.4178877],[76.9636499,28.4178068],[76.9636627,28.4177294],[76.9636655,28.4176487],[76.9636655,28.4175619],[76.9636623,28.4174909],[76.963622,28.4173342],[76.9635569,28.4171822],[76.9634657,28.4170479],[76.9633485,28.4169241],[76.9632843,28.416869],[76.9632183,28.4168222],[76.9631445,28.4167773],[76.9629775,28.416694],[76.9627992,28.4166193],[76.9625216,28.4165081],[76.9615915,28.416136],[76.9608464,28.4158342],[76.9606566,28.4157498],[76.9604706,28.4156536],[76.9602941,28.4155518],[76.9601246,28.415445],[76.9598012,28.4152172],[76.9591706,28.414758],[76.9589345,28.4145893],[76.9587753,28.4144812],[76.9586961,28.4144362],[76.9586086,28.4143824],[76.9581844,28.4141509],[76.9573099,28.4136875],[76.9553842,28.4126669],[76.953371,28.4116],[76.9494322,28.4095125],[76.9441808,28.4067289],[76.9424317,28.4058016],[76.9397772,28.4044565],[76.9353426,28.4022258],[76.9309072,28.3999945],[76.9265047,28.3977125],[76.9224672,28.395595],[76.9186058,28.3935697],[76.9172002,28.3928321],[76.9168501,28.3926376],[76.9154354,28.3917401],[76.9139407,28.3907783],[76.9135556,28.3904417],[76.9131239,28.3898017],[76.9129498,28.3891472],[76.9129317,28.3886789],[76.9130907,28.3850676],[76.9131212,28.3843516],[76.9131141,28.3841835],[76.913073,28.3839315],[76.9129951,28.3836852],[76.9128535,28.3833524],[76.9126404,28.382838],[76.9125858,28.3826535],[76.9125381,28.3824719],[76.9124854,28.3821957],[76.9124531,28.3819246],[76.9124356,28.3817322],[76.912439,28.3815454],[76.9124877,28.3808181],[76.9125134,28.3806287],[76.91256,28.3804367],[76.9126016,28.3803364],[76.9126991,28.3801586],[76.9128283,28.3799923],[76.9130734,28.379783],[76.9132673,28.3796808],[76.9134779,28.3795974],[76.9137013,28.3795508],[76.9139205,28.3795295],[76.9182104,28.379472],[76.9183063,28.3794688],[76.9184931,28.3794533],[76.9187616,28.3793925],[76.9189224,28.3793228],[76.9190667,28.3792347],[76.9191959,28.3791209],[76.9193001,28.3789908],[76.9193844,28.3788558],[76.9194396,28.3786997],[76.9194675,28.3785449],[76.9193971,28.3735122],[76.9193494,28.373179],[76.9192476,28.3729555],[76.919153,28.3728316],[76.9190263,28.3727106],[76.9188881,28.3726132],[76.9188167,28.3725742],[76.9185517,28.372481],[76.9183827,28.3724514],[76.9181945,28.3724403],[76.9178947,28.3724416],[76.8977939,28.3726953],[76.8974696,28.3726747],[76.8972431,28.3726259],[76.8970428,28.3725492],[76.8968436,28.3724436],[76.8966751,28.3723072],[76.896524,28.3721473],[76.8964083,28.3719714],[76.8963341,28.3717823],[76.8962925,28.3715851],[76.8962764,28.3713936],[76.8962601,28.370311],[76.8962462,28.3701466],[76.8961799,28.3699104],[76.8961039,28.3697672],[76.8960064,28.3696371],[76.895878,28.3695165],[76.8957388,28.3694222],[76.8955811,28.3693539],[76.8954073,28.3692996],[76.8952357,28.3692775],[76.8941262,28.3692808],[76.8802543,28.3694661],[76.8800458,28.3694675],[76.8798303,28.3694591],[76.8796075,28.3694303],[76.8793905,28.3693669],[76.8791873,28.369277],[76.8790025,28.3691553],[76.8788425,28.3690138],[76.8787086,28.3688486],[76.8786059,28.3686674],[76.8785393,28.3684766],[76.8785051,28.3682823],[76.8784925,28.3680931],[76.8784865,28.3678197],[76.8784414,28.3655641],[76.8783982,28.3633976],[76.8783985,28.3632122],[76.8784105,28.3630223],[76.8784426,28.3628306],[76.8784939,28.362642],[76.8785692,28.3624615],[76.8786605,28.3622878],[76.8787636,28.3621239],[76.8788698,28.3619671],[76.8789748,28.3618131],[76.8790761,28.3616601],[76.879171,28.3615054],[76.879257,28.3613481],[76.8793359,28.3611908],[76.8794067,28.3610255],[76.8794732,28.3608574],[76.8795713,28.3606017],[76.8816335,28.3552179],[76.8818954,28.3545342],[76.8819933,28.3542785],[76.8820564,28.3541083],[76.8821165,28.3539397],[76.8821647,28.3537703],[76.8822119,28.3535962],[76.8822801,28.353333],[76.8823485,28.3530692],[76.8824168,28.3528053],[76.8833735,28.3491115],[76.8834185,28.3489365],[76.8834608,28.3487621],[76.8834973,28.3485884],[76.8835277,28.3484143],[76.8835807,28.3480581],[76.8842307,28.3435836],[76.8842958,28.3431359],[76.8843226,28.3429564],[76.8843512,28.3427731],[76.8845184,28.3419724],[76.885025,28.3395766],[76.8850855,28.3393124],[76.8851741,28.3389535],[76.8853761,28.3382517],[76.8856285,28.3373771],[76.8857571,28.3369381],[76.8858162,28.3367598],[76.8860461,28.3361584],[76.8867645,28.3343676],[76.8868893,28.3341112],[76.8869854,28.3339445],[76.8871425,28.3337012],[76.8887002,28.3316856],[76.8894492,28.3307194],[76.8896151,28.3304958],[76.8897215,28.3303446],[76.8898261,28.330191],[76.8903503,28.3294173],[76.8910844,28.3283338],[76.8929719,28.3255478],[76.8931292,28.3253156],[76.8940205,28.324],[76.8955933,28.3216783]]},"properties":{"_s":"L2_line","Drawing layer":"Track line"}},{"type":"Feature","geometry":{"type":"LineString","coordinates":[[77.1079105,28.4204804],[77.1065699,28.4196559],[77.106401,28.4195526],[77.1063144,28.4195012],[77.1062262,28.4194507],[77.1061353,28.4194013],[77.106042,28.4193546],[77.1059481,28.4193107],[77.1058529,28.4192693],[77.1057555,28.4192296],[77.1056563,28.4191935],[77.1055576,28.4191603],[77.1054589,28.4191292],[77.1053606,28.4190996],[77.1052628,28.419071],[77.1050686,28.4190148],[77.1040018,28.4187061],[77.1018673,28.4180884],[77.0989468,28.4172737],[77.097971,28.4170042],[77.09787,28.4169784],[77.0977682,28.4169541],[77.0976631,28.4169316],[77.0974535,28.4168973],[77.0971374,28.416866],[77.0969246,28.4168601],[77.0967168,28.4168608],[77.0916147,28.4169344],[77.0914135,28.4169359],[77.0912157,28.4169322],[77.091021,28.4169195],[77.0908292,28.4168943],[77.0906397,28.4168596],[77.0903533,28.4167878],[77.0898706,28.4166497],[77.0840476,28.4149761],[77.0822014,28.4144487],[77.0814193,28.414237],[77.0801496,28.4138997],[77.0799581,28.4138458],[77.0796722,28.4137591],[77.0794846,28.4136965],[77.0793914,28.4136638],[77.0792028,28.4135964],[77.0773118,28.4129179],[77.0744751,28.4119001],[77.072585,28.4112218],[77.0707052,28.4105217],[77.0660073,28.4087625],[77.060373,28.4066447],[77.0577453,28.4056535],[77.0538076,28.4041585],[77.0524023,28.4036226],[77.0521213,28.4035154],[77.0519345,28.4034439],[77.05175,28.4033723],[77.0515688,28.4032948],[77.0514789,28.4032568],[77.0510267,28.4030516],[77.0492122,28.4022259],[77.0488479,28.4020604],[77.0486616,28.4019794],[77.048378,28.4018659],[77.0481837,28.4017961],[77.0476081,28.4016058],[77.047034,28.4014174],[77.0463644,28.4011975],[77.0459816,28.4010719],[77.0457885,28.4010089],[77.045592,28.4009488],[77.0454902,28.4009207],[77.0453871,28.4008952],[77.0452829,28.4008729],[77.0451792,28.4008538],[77.0450749,28.4008361],[77.0449656,28.4008234],[77.0448611,28.4008133],[77.0447542,28.4008053],[77.0446473,28.4008015],[77.0445415,28.4008002],[77.0444355,28.400801],[77.0432096,28.4008426],[77.0414763,28.400904],[77.0412732,28.4009111],[77.0410726,28.4009162],[77.0408719,28.4009154],[77.0406708,28.4009121],[77.040572,28.4009082],[77.0404732,28.4009032],[77.0402727,28.4008887],[77.0396641,28.4008371],[77.0392618,28.4007974],[77.0382493,28.4006898],[77.0372357,28.4005821],[77.0369298,28.4005517],[77.0366236,28.4005252],[77.0341846,28.4003271],[77.0321524,28.4001619],[77.0316434,28.4001207],[77.0314361,28.4001061],[77.0313327,28.4001024],[77.0312291,28.400097],[77.0311253,28.4000952],[77.0310202,28.4000925],[77.0307085,28.4000982],[77.0301973,28.4001159],[77.0300953,28.4001195],[77.0277503,28.4002019],[77.0270366,28.4002269],[77.0261191,28.4002591],[77.0260177,28.4002625],[77.0256107,28.400274],[77.0253051,28.4002813],[77.0249991,28.4002886],[77.0245917,28.4002982],[77.0241849,28.4003047],[77.0229611,28.4003162],[77.0209204,28.4003353],[77.0188792,28.4003561],[77.0178584,28.4003734],[77.0177565,28.4003752],[77.0176551,28.4003768],[77.0174524,28.4003787],[77.0172495,28.4003788],[77.0170459,28.4003779],[77.0168418,28.400377],[77.0165356,28.4003756],[77.0164325,28.4003752],[77.0161242,28.4003776],[77.0158166,28.4003843],[77.0153063,28.4003975],[77.0147964,28.4004107],[77.0142864,28.4004238],[77.0139805,28.4004317],[77.0137788,28.4004368],[77.0133714,28.400442],[77.013066,28.4004432],[77.0127599,28.4004443],[77.0117396,28.4004481],[77.0113314,28.4004496],[77.0107191,28.4004519],[77.0105139,28.4004529],[77.010307,28.4004563],[77.0099979,28.400468],[77.0096908,28.400485],[77.0092833,28.400508],[77.0090797,28.4005195],[77.008876,28.400531],[77.0087742,28.4005368],[77.0086718,28.4005426],[77.0084663,28.4005556],[77.0083622,28.4005638],[77.0082583,28.400573],[77.0080506,28.4005969],[77.0076441,28.4006566],[77.0070407,28.4007545],[77.0067396,28.4008033],[77.0060375,28.4009173],[77.0057388,28.4009642],[77.0046309,28.4011079],[77.0035169,28.4012483],[77.0030085,28.4013315],[77.0019124,28.4015605],[77.0006219,28.4018318],[76.9998326,28.4019966],[76.9996264,28.4020417],[76.9993303,28.4021121],[76.999029,28.4021956],[76.9985447,28.4023442],[76.9981597,28.4024629],[76.9979694,28.4025201],[76.9976786,28.4026037],[76.9969006,28.40282],[76.9967057,28.4028742],[76.9958284,28.4031205],[76.995727,28.4031515],[76.9953414,28.4032853],[76.9947777,28.4035045],[76.9928192,28.4042789],[76.9910696,28.4050217],[76.9903337,28.4053341],[76.9896899,28.4056074],[76.9891385,28.40584],[76.9883986,28.4061408],[76.988216,28.4062128],[76.9879025,28.4063224],[76.9876564,28.4063937],[76.9873658,28.4064647],[76.9868712,28.406579],[76.9866687,28.4066311],[76.9864662,28.4066954],[76.9863672,28.4067352],[76.9862677,28.4067764],[76.9861663,28.4068281],[76.9858247,28.407045],[76.9842617,28.4082139],[76.9839483,28.4084491],[76.983792,28.4085752],[76.9837146,28.4086461],[76.9836412,28.408722],[76.983575,28.4088028],[76.9835138,28.4088882],[76.9834627,28.4089791],[76.9834183,28.4090716],[76.9833834,28.4091685],[76.9833571,28.4092674],[76.9833396,28.4093654],[76.9833302,28.4094639],[76.983327,28.4095605],[76.9833282,28.4096559],[76.9833573,28.4101992],[76.9835598,28.413804],[76.9836104,28.4147051],[76.9836253,28.4149743],[76.9836286,28.4150615],[76.9836291,28.4151469],[76.9836255,28.4152303],[76.9836167,28.4153115],[76.9836021,28.415389],[76.9835521,28.4155414],[76.9834754,28.4156848],[76.9833691,28.4158161],[76.9833116,28.4158745],[76.9831731,28.4159876],[76.9829367,28.4161476],[76.9792369,28.4185613],[76.9790737,28.4186899],[76.9789973,28.4187631],[76.9788576,28.4189061],[76.9787901,28.4189925],[76.9787349,28.4190715],[76.9786814,28.4191556],[76.9785876,28.4193232],[76.9782976,28.4199038],[76.9776818,28.421143],[76.9773535,28.4218039],[76.9763274,28.423869],[76.9761634,28.4241973],[76.9761217,28.4242751],[76.9760778,28.42435],[76.9760308,28.4244212],[76.9759801,28.4244875],[76.9759243,28.4245488],[76.9758619,28.4246079],[76.9757968,28.4246601],[76.9757226,28.424711],[76.9756492,28.424754],[76.9755275,28.424811],[76.9754044,28.4248521],[76.9753203,28.4248709],[76.9751516,28.4248955],[76.9749388,28.4249085],[76.9718813,28.4249947],[76.9635177,28.4252291],[76.9634192,28.4252304],[76.9633227,28.4252291],[76.9632287,28.4252242],[76.9631383,28.4252148],[76.9630468,28.4251982],[76.9629611,28.4251791],[76.9628777,28.4251511],[76.9627955,28.4251183],[76.9627175,28.4250799],[76.9626415,28.4250342],[76.9625704,28.4249863],[76.9625063,28.4249325],[76.9624448,28.4248739],[76.9623901,28.4248114],[76.9623404,28.4247446],[76.9622977,28.4246745],[76.9622604,28.4246024],[76.9622288,28.4245272],[76.9622068,28.4244513],[76.9621898,28.4243736],[76.9621827,28.424296],[76.9621813,28.4242145],[76.9621857,28.4241323],[76.9621951,28.4240512],[76.9623544,28.423257],[76.9626854,28.4216607],[76.962803,28.4211301],[76.9628738,28.4208756],[76.9630227,28.4204514],[76.9638398,28.4182193],[76.9639011,28.4180431],[76.9639287,28.4179499],[76.9639515,28.4178544],[76.9639682,28.4177532],[76.9639716,28.4176529],[76.9639717,28.4175566],[76.9639671,28.4174552],[76.9639159,28.4172559],[76.9638335,28.4170636],[76.9637158,28.4168903],[76.9635731,28.4167397],[76.9634873,28.416666],[76.9634012,28.4166049],[76.9633069,28.4165475],[76.9631185,28.4164535],[76.9629279,28.4163737],[76.9626478,28.4162615],[76.9617184,28.4158896],[76.960979,28.4155902],[76.9608028,28.4155119],[76.9606317,28.4154234],[76.9604666,28.4153281],[76.960309,28.4152288],[76.9599939,28.4150069],[76.9593642,28.4145483],[76.959124,28.4143767],[76.9589515,28.4142596],[76.9588663,28.4142112],[76.9587767,28.414156],[76.9583435,28.4139196],[76.9574673,28.4134553],[76.9555416,28.4124348],[76.9535284,28.4113679],[76.9495897,28.4092803],[76.9443382,28.4064967],[76.9425865,28.4055681],[76.939929,28.4042215],[76.935494,28.4019906],[76.9310603,28.3997601],[76.9266602,28.3974793],[76.9226234,28.3953622],[76.918762,28.3933369],[76.9173597,28.3926011],[76.9170209,28.3924128],[76.9156147,28.3915207],[76.9141395,28.3905715],[76.9137985,28.3902734],[76.913411,28.389699],[76.9132547,28.3891113],[76.913238,28.3886795],[76.9133966,28.385078],[76.9134275,28.3843515],[76.9134193,28.384159],[76.9133732,28.3838755],[76.9132862,28.3836009],[76.9131404,28.3832581],[76.9129328,28.382757],[76.912883,28.3825886],[76.9128384,28.3824187],[76.9127888,28.3821589],[76.9127579,28.3818995],[76.9127418,28.3817235],[76.9127449,28.3815556],[76.9127927,28.3808422],[76.9128156,28.3806733],[76.9128548,28.3805121],[76.9128837,28.3804423],[76.9129644,28.3802951],[76.9130631,28.3801681],[76.9132605,28.3799995],[76.9134087,28.3799214],[76.9135764,28.379855],[76.9137533,28.3798181],[76.9139396,28.3797999],[76.9182184,28.3797426],[76.9183263,28.379739],[76.9185457,28.3797208],[76.9188681,28.3796478],[76.9190775,28.3795569],[76.9192632,28.3794437],[76.9194305,28.3792963],[76.9195598,28.3791349],[76.9196673,28.3789627],[76.9197383,28.3787617],[76.9197738,28.3785647],[76.919703,28.3734935],[76.9196481,28.3731103],[76.9195194,28.3728277],[76.9193935,28.3726629],[76.9192351,28.3725117],[76.9190645,28.3723914],[76.9189547,28.3723314],[76.9186386,28.3722203],[76.9184228,28.3721825],[76.918204,28.3721696],[76.9178918,28.3721709],[76.8978027,28.3724245],[76.8975171,28.3724064],[76.8973408,28.3723683],[76.8971829,28.3723079],[76.8970275,28.3722255],[76.8968968,28.3721198],[76.8967755,28.3719914],[76.8966877,28.3718579],[76.8966308,28.3717128],[76.8965965,28.3715501],[76.8965823,28.3713818],[76.896566,28.3702991],[76.8965494,28.3701036],[76.8964698,28.3698195],[76.8963714,28.3696343],[76.8962471,28.3694683],[76.8960838,28.3693149],[76.8959007,28.3691909],[76.8956997,28.3691038],[76.8954811,28.3690356],[76.8952574,28.3690067],[76.8941234,28.3690101],[76.8802508,28.3691954],[76.8800514,28.3691968],[76.8798593,28.3691892],[76.8796782,28.3691659],[76.8795075,28.369116],[76.8793484,28.3690456],[76.8792031,28.3689499],[76.8790766,28.3688381],[76.8789714,28.3687082],[76.8788908,28.3685661],[76.8788383,28.3684156],[76.8788097,28.3682535],[76.8787984,28.3680825],[76.8787925,28.3678146],[76.8787473,28.3655594],[76.8787042,28.3633955],[76.8787045,28.36322],[76.8787153,28.3630497],[76.8787433,28.3628822],[76.8787873,28.3627208],[76.878852,28.3625655],[76.8789333,28.3624108],[76.8790286,28.3622593],[76.8791321,28.3621066],[76.8792378,28.3619515],[76.8793427,28.3617931],[76.8794434,28.3616289],[76.8795347,28.3614619],[76.879619,28.3612937],[76.8796942,28.3611182],[76.8797626,28.3609456],[76.8798611,28.3606886],[76.8819233,28.3553047],[76.8821852,28.3546211],[76.8822836,28.354364],[76.8823476,28.3541912],[76.882411,28.3540135],[76.8824619,28.3538349],[76.8825098,28.353658],[76.8825784,28.3533935],[76.8826467,28.3531297],[76.8827151,28.3528658],[76.8836718,28.3491717],[76.8837173,28.3489948],[76.8837608,28.3488152],[76.883799,28.3486338],[76.8838306,28.3484526],[76.8838841,28.3480931],[76.8845342,28.3436181],[76.8845992,28.3431709],[76.8846258,28.3429926],[76.8846533,28.3428162],[76.8848192,28.3420219],[76.8853254,28.3396283],[76.8853849,28.3393682],[76.8854719,28.3390158],[76.8856725,28.3383186],[76.8859248,28.3374446],[76.886052,28.3370102],[76.886108,28.3368413],[76.8863352,28.3362471],[76.8870495,28.3344666],[76.8871664,28.3342264],[76.8872547,28.3340732],[76.887402,28.333845],[76.8889526,28.3318386],[76.8897033,28.3308702],[76.8898729,28.3306416],[76.8899824,28.330486],[76.8900883,28.3303304],[76.8906127,28.3295564],[76.8913468,28.328473],[76.8932343,28.325687],[76.8933916,28.3254548],[76.8942829,28.3241392],[76.8958557,28.3218175]]},"properties":{"_s":"L2_line","Drawing layer":"Track line"}},{"type":"Feature","geometry":{"type":"LineString","coordinates":[[76.9849899,28.4078276],[76.9849833,28.4078207]]},"properties":{"_s":"L2_line","Drawing layer":"Latest revised alignment plan R9 (11-04-2013)"}},{"type":"Feature","geometry":{"type":"LineString","coordinates":[[76.9850008,28.4078412],[76.9849951,28.4078337]]},"properties":{"_s":"L2_line","Drawing layer":"Latest revised alignment plan R9 (11-04-2013)"}},{"type":"Feature","geometry":{"type":"LineString","coordinates":[[76.9847311,28.4080214],[76.9847245,28.4080145]]},"properties":{"_s":"L2_line","Drawing layer":"Latest revised alignment plan R9 (11-04-2013)"}},{"type":"Feature","geometry":{"type":"LineString","coordinates":[[76.9850399,28.4078268],[76.9850465,28.4078337]]},"properties":{"_s":"L2_line","Drawing layer":"Latest revised alignment plan R9 (11-04-2013)"}},{"type":"Feature","geometry":{"type":"LineString","coordinates":[[76.9850291,28.4078133],[76.9850348,28.4078208]]},"properties":{"_s":"L2_line","Drawing layer":"Latest revised alignment plan R9 (11-04-2013)"}},{"type":"Feature","geometry":{"type":"LineString","coordinates":[[76.9852987,28.407633],[76.9853053,28.4076399]]},"properties":{"_s":"L2_line","Drawing layer":"Latest revised alignment plan R9 (11-04-2013)"}},{"type":"Feature","geometry":{"type":"LineString","coordinates":[[76.9853244,28.4075654],[76.985331,28.4075722]]},"properties":{"_s":"L2_line","Drawing layer":"Latest revised alignment plan R9 (11-04-2013)"}},{"type":"Feature","geometry":{"type":"LineString","coordinates":[[76.9853135,28.4075518],[76.9853192,28.4075593]]},"properties":{"_s":"L2_line","Drawing layer":"Latest revised alignment plan R9 (11-04-2013)"}},{"type":"Feature","geometry":{"type":"LineString","coordinates":[[76.9855831,28.4073716],[76.9855897,28.4073785]]},"properties":{"_s":"L2_line","Drawing layer":"Latest revised alignment plan R9 (11-04-2013)"}},{"type":"Feature","geometry":{"type":"LineString","coordinates":[[76.9843121,28.4083234],[76.9843186,28.4083303]]},"properties":{"_s":"L2_line","Drawing layer":"Latest revised alignment plan R9 (11-04-2013)"}},{"type":"Feature","geometry":{"type":"LineString","coordinates":[[76.9843012,28.4083099],[76.9843069,28.4083174]]},"properties":{"_s":"L2_line","Drawing layer":"Latest revised alignment plan R9 (11-04-2013)"}},{"type":"Feature","geometry":{"type":"LineString","coordinates":[[76.9845708,28.4081296],[76.9845774,28.4081365]]},"properties":{"_s":"L2_line","Drawing layer":"Latest revised alignment plan R9 (11-04-2013)"}},{"type":"Feature","geometry":{"type":"LineString","coordinates":[[76.9847278,28.408018],[76.9847212,28.4080229]]},"properties":{"_s":"L2_line","Drawing layer":"Latest revised alignment plan R9 (11-04-2013)"}},{"type":"Feature","geometry":{"type":"LineString","coordinates":[[76.985302,28.4076365],[76.9853086,28.4076315]]},"properties":{"_s":"L2_line","Drawing layer":"Latest revised alignment plan R9 (11-04-2013)"}},{"type":"Feature","geometry":{"type":"LineString","coordinates":[[76.9855864,28.407375],[76.9855931,28.40737]]},"properties":{"_s":"L2_line","Drawing layer":"Latest revised alignment plan R9 (11-04-2013)"}},{"type":"Feature","geometry":{"type":"LineString","coordinates":[[76.9845741,28.4081331],[76.9845808,28.4081281]]},"properties":{"_s":"L2_line","Drawing layer":"Latest revised alignment plan R9 (11-04-2013)"}},{"type":"Feature","geometry":{"type":"LineString","coordinates":[[77.1078232,28.4205916],[77.1077936,28.4205734],[77.1077641,28.4205552],[77.1077345,28.4205371],[77.107705,28.4205189],[77.1076754,28.4205007],[77.1076459,28.4204825],[77.1076163,28.4204643],[77.1075868,28.4204462],[77.1075572,28.420428],[77.1075277,28.4204098],[77.1074981,28.4203916],[77.1074686,28.4203735],[77.107439,28.4203553],[77.1074095,28.4203371],[77.1073799,28.4203189],[77.1073503,28.4203008],[77.1073208,28.4202826],[77.1072912,28.4202644],[77.1072617,28.4202462],[77.1072321,28.420228],[77.1072026,28.4202099],[77.107173,28.4201917],[77.1071435,28.4201735],[77.1071139,28.4201553],[77.1070844,28.4201372],[77.1070548,28.420119],[77.1070253,28.4201008],[77.1069957,28.4200826],[77.1069662,28.4200645],[77.1069366,28.4200463],[77.1069071,28.4200281],[77.1068775,28.4200099],[77.106848,28.4199917],[77.1068184,28.4199736],[77.1067889,28.4199554],[77.1067593,28.4199372],[77.1067297,28.419919],[77.1067002,28.4199009],[77.1066706,28.4198827],[77.1066411,28.4198645],[77.1066115,28.4198463],[77.106582,28.4198281],[77.1065524,28.41981],[77.1065229,28.4197918],[77.1064933,28.4197736],[77.1064655,28.4197565],[77.1064555,28.4197503],[77.1064454,28.4197442],[77.1064354,28.419738],[77.1064253,28.4197318],[77.1064153,28.4197257],[77.1064053,28.4197195],[77.1063952,28.4197133],[77.1063852,28.4197072],[77.1063751,28.419701],[77.106365,28.4196949],[77.106355,28.4196888],[77.1063449,28.4196827],[77.1063348,28.4196765],[77.1063247,28.4196704],[77.1063146,28.4196644],[77.1063045,28.4196583],[77.1062944,28.4196522],[77.1062843,28.4196462],[77.1062741,28.4196401],[77.106264,28.4196341],[77.1062538,28.4196281],[77.1062436,28.4196221],[77.1062335,28.4196161],[77.1062232,28.4196102],[77.106213,28.4196042],[77.1062028,28.4195983],[77.1061926,28.4195924],[77.1061823,28.4195865],[77.106172,28.4195807],[77.1061617,28.4195749],[77.1061514,28.419569],[77.1061411,28.4195633],[77.1061307,28.4195575],[77.1061204,28.4195518],[77.10611,28.4195461],[77.1060996,28.4195404],[77.1060892,28.4195348],[77.1060787,28.4195291],[77.1060683,28.4195236],[77.1060578,28.419518],[77.1060473,28.4195125],[77.1060367,28.419507],[77.1060262,28.4195015],[77.1060156,28.4194961],[77.106005,28.4194907],[77.1059951,28.4194858],[77.1059889,28.4194826],[77.1059826,28.4194795],[77.1059763,28.4194764],[77.10597,28.4194733],[77.1059637,28.4194702],[77.1059573,28.4194671],[77.105951,28.4194641],[77.1059447,28.419461],[77.1059383,28.419458],[77.105932,28.419455],[77.1059256,28.419452],[77.1059192,28.419449],[77.1059128,28.419446],[77.1059065,28.419443],[77.1059001,28.4194401],[77.1058937,28.4194371],[77.1058872,28.4194342],[77.1058808,28.4194313],[77.1058744,28.4194284],[77.105868,28.4194255],[77.1058615,28.4194226],[77.1058551,28.4194197],[77.1058486,28.4194169],[77.1058421,28.4194141],[77.1058357,28.4194112],[77.1058292,28.4194084],[77.1058227,28.4194056],[77.1058162,28.4194029],[77.1058097,28.4194001],[77.1058032,28.4193973],[77.1057967,28.4193946],[77.1057901,28.4193919],[77.1057836,28.4193891],[77.1057771,28.4193864],[77.1057705,28.4193838],[77.105764,28.4193811],[77.1057574,28.4193784],[77.1057508,28.4193758],[77.1057443,28.4193732],[77.1057377,28.4193705],[77.1057311,28.4193679],[77.1057245,28.4193654],[77.1057179,28.4193628],[77.1057113,28.4193602],[77.1057047,28.4193577],[77.1056968,28.4193547],[77.1056856,28.4193504],[77.1056744,28.4193462],[77.1056631,28.419342],[77.1056518,28.4193379],[77.1056405,28.4193338],[77.1056292,28.4193297],[77.1056178,28.4193256],[77.1056065,28.4193216],[77.1055951,28.4193177],[77.1055837,28.4193137],[77.1055723,28.4193098],[77.1055609,28.4193059],[77.1055495,28.4193021],[77.105538,28.4192983],[77.1055266,28.4192945],[77.1055151,28.4192907],[77.1055037,28.419287],[77.1054922,28.4192833],[77.1054807,28.4192796],[77.1054692,28.4192759],[77.1054577,28.4192723],[77.1054462,28.4192686],[77.1054346,28.419265],[77.1054231,28.4192615],[77.1054116,28.4192579],[77.1054,28.4192544],[77.1053885,28.4192508],[77.1053769,28.4192473],[77.1053653,28.4192438],[77.1053538,28.4192404],[77.1053422,28.4192369],[77.1053306,28.4192334],[77.105319,28.41923],[77.1053074,28.4192266],[77.1052958,28.4192232],[77.1052842,28.4192197],[77.1052726,28.4192163],[77.105261,28.419213],[77.1052494,28.4192096],[77.1052378,28.4192062],[77.1052262,28.4192028],[77.1052145,28.4191994],[77.1052029,28.4191961],[77.1051913,28.4191927],[77.1051797,28.4191894],[77.1051455,28.4191795],[77.1050699,28.4191576],[77.1049943,28.4191357],[77.1049188,28.4191138],[77.1048432,28.419092],[77.1047676,28.4190701],[77.104692,28.4190482],[77.1046164,28.4190263],[77.1045408,28.4190045],[77.1044652,28.4189826],[77.1043896,28.4189607],[77.104314,28.4189389],[77.1042384,28.418917],[77.1041629,28.4188951],[77.1040873,28.4188732],[77.1040117,28.4188514],[77.1039361,28.4188295],[77.1038605,28.4188076],[77.1037849,28.4187857],[77.1037093,28.4187639],[77.1036337,28.418742],[77.1035581,28.4187201],[77.1034825,28.4186982],[77.103407,28.4186764],[77.1033314,28.4186545],[77.1032558,28.4186326],[77.1031802,28.4186107],[77.1031046,28.4185889],[77.103029,28.418567],[77.1029534,28.4185451],[77.1028778,28.4185232],[77.1028022,28.4185014],[77.1027266,28.4184795],[77.1026511,28.4184576],[77.1025755,28.4184357],[77.1024999,28.4184139],[77.1024243,28.418392],[77.1023487,28.4183701],[77.1022731,28.4183482],[77.1021975,28.4183264],[77.1021219,28.4183045],[77.1020463,28.4182826],[77.1019708,28.4182607],[77.1018952,28.4182389],[77.1018196,28.418217],[77.101744,28.4181951],[77.1017003,28.4181825],[77.1016971,28.4181816],[77.101694,28.4181806],[77.1016908,28.4181797],[77.1016876,28.4181788],[77.1016845,28.4181779],[77.1016813,28.418177],[77.1016781,28.4181761],[77.101675,28.4181751],[77.1016718,28.4181742],[77.1016686,28.4181733],[77.1016655,28.4181724],[77.1016623,28.4181715],[77.1016591,28.4181706],[77.1016559,28.4181696],[77.1016528,28.4181687],[77.1016496,28.4181678],[77.1016464,28.4181669],[77.1016433,28.418166],[77.1016401,28.4181651],[77.1016369,28.4181641],[77.1016338,28.4181632],[77.1016306,28.4181623],[77.1016274,28.4181614],[77.1016243,28.4181605],[77.1016211,28.4181596],[77.1016179,28.4181586],[77.1016148,28.4181577],[77.1016116,28.4181568],[77.1016084,28.4181559],[77.1016052,28.418155],[77.1016021,28.4181541],[77.1015989,28.4181532],[77.1015957,28.4181522],[77.1015926,28.4181513],[77.1015894,28.4181504],[77.1015862,28.4181495],[77.1015831,28.4181486],[77.1015799,28.4181477],[77.1015767,28.4181468],[77.1015735,28.4181458],[77.1015704,28.4181449],[77.1015672,28.418144],[77.101564,28.4181431],[77.1015609,28.4181422],[77.1015577,28.4181413],[77.1015522,28.4181397],[77.1015448,28.4181376],[77.1015373,28.4181354],[77.1015298,28.4181333],[77.1015223,28.4181311],[77.1015148,28.418129],[77.1015073,28.4181268],[77.1014998,28.4181247],[77.1014923,28.4181225],[77.1014848,28.4181204],[77.1014773,28.4181183],[77.1014699,28.4181161],[77.1014624,28.418114],[77.1014549,28.4181118],[77.1014474,28.4181097],[77.1014399,28.4181076],[77.1014324,28.4181054],[77.1014249,28.4181033],[77.1014174,28.4181012],[77.1014099,28.4180991],[77.1014024,28.4180969],[77.1013949,28.4180948],[77.1013874,28.4180927],[77.1013799,28.4180906],[77.1013724,28.4180884],[77.1013649,28.4180863],[77.1013574,28.4180842],[77.1013499,28.4180821],[77.1013424,28.41808],[77.1013349,28.4180778],[77.1013274,28.4180757],[77.1013199,28.4180736],[77.1013124,28.4180715],[77.1013049,28.4180694],[77.1012974,28.4180673],[77.1012899,28.4180652],[77.1012824,28.4180631],[77.1012749,28.418061],[77.1012674,28.4180589],[77.1012599,28.4180568],[77.1012524,28.4180547],[77.1012449,28.4180526],[77.1012374,28.4180505],[77.1012299,28.4180484],[77.1012224,28.4180463],[77.1012149,28.4180442],[77.10121,28.4180428],[77.1012068,28.4180419],[77.1012037,28.418041],[77.1012005,28.4180402],[77.1011973,28.4180393],[77.1011941,28.4180384],[77.1011909,28.4180375],[77.1011878,28.4180366],[77.1011846,28.4180357],[77.1011814,28.4180348],[77.1011782,28.418034],[77.101175,28.4180331],[77.1011719,28.4180322],[77.1011687,28.4180313],[77.1011655,28.4180304],[77.1011623,28.4180295],[77.1011591,28.4180286],[77.101156,28.4180278],[77.1011528,28.4180269],[77.1011496,28.418026],[77.1011464,28.4180251],[77.1011432,28.4180242],[77.1011401,28.4180233],[77.1011369,28.4180225],[77.1011337,28.4180216],[77.1011305,28.4180207],[77.1011273,28.4180198],[77.1011241,28.4180189],[77.101121,28.4180181],[77.1011178,28.4180172],[77.1011146,28.4180163],[77.1011114,28.4180154],[77.1011082,28.4180145],[77.1011051,28.4180136],[77.1011019,28.4180128],[77.1010987,28.4180119],[77.1010955,28.418011],[77.1010923,28.4180101],[77.1010892,28.4180092],[77.101086,28.4180084],[77.1010828,28.4180075],[77.1010796,28.4180066],[77.1010764,28.4180057],[77.1010732,28.4180048],[77.1010701,28.4180039],[77.1010669,28.4180031],[77.101021,28.4179903],[77.1009572,28.4179727],[77.1008934,28.417955],[77.1008296,28.4179373],[77.1007659,28.4179196],[77.1007021,28.417902],[77.1006383,28.4178843],[77.1005745,28.4178666],[77.1005107,28.4178489],[77.100447,28.4178313],[77.1003832,28.4178136],[77.1003194,28.4177959],[77.1002556,28.4177782],[77.1001918,28.4177606],[77.1001281,28.4177429],[77.1000643,28.4177252],[77.1000005,28.4177075],[77.0999367,28.4176899],[77.099873,28.4176722],[77.0998092,28.4176545],[77.0997454,28.4176368],[77.0996816,28.4176192],[77.0996178,28.4176015],[77.0995541,28.4175838],[77.0994903,28.4175661],[77.0994265,28.4175485],[77.0993627,28.4175308],[77.0992989,28.4175131],[77.0992352,28.4174954],[77.0991714,28.4174778],[77.0991076,28.4174601],[77.0990438,28.4174424],[77.09898,28.4174247],[77.0989163,28.4174071],[77.0988525,28.4173894],[77.0987887,28.4173717],[77.0987249,28.417354],[77.0986612,28.4173364],[77.0985974,28.4173187],[77.0985336,28.417301],[77.0984698,28.4172833],[77.098406,28.4172657],[77.0983423,28.417248],[77.0982785,28.4172303],[77.0982147,28.4172126],[77.0981509,28.417195],[77.0981285,28.4171887],[77.0981168,28.4171855],[77.0981051,28.4171823],[77.0980935,28.417179],[77.0980818,28.4171758],[77.0980701,28.4171726],[77.0980585,28.4171694],[77.0980468,28.4171662],[77.0980351,28.417163],[77.0980234,28.4171598],[77.0980118,28.4171566],[77.0980001,28.4171534],[77.0979884,28.4171503],[77.0979767,28.4171471],[77.097965,28.417144],[77.0979533,28.4171408],[77.0979416,28.4171377],[77.0979299,28.4171346],[77.0979182,28.4171315],[77.0979064,28.4171285],[77.0978947,28.4171254],[77.097883,28.4171224],[77.0978712,28.4171194],[77.0978595,28.4171164],[77.0978477,28.4171134],[77.097836,28.4171105],[77.0978242,28.4171076],[77.0978124,28.4171047],[77.0978006,28.4171018],[77.0977888,28.4170989],[77.097777,28.4170961],[77.0977652,28.4170933],[77.0977534,28.4170906],[77.0977416,28.4170878],[77.0977297,28.4170851],[77.0977179,28.4170825],[77.097706,28.4170798],[77.0976942,28.4170772],[77.0976823,28.4170747],[77.0976704,28.4170721],[77.0976585,28.4170696],[77.0976466,28.4170672],[77.0976347,28.4170647],[77.0976228,28.4170624],[77.0976108,28.41706],[77.0975989,28.4170577],[77.0975896,28.417056],[77.0975807,28.4170543],[77.0975718,28.4170527],[77.0975628,28.417051],[77.0975539,28.4170494],[77.097545,28.4170479],[77.097536,28.4170463],[77.0975271,28.4170448],[77.0975181,28.4170433],[77.0975091,28.4170418],[77.0975001,28.4170404],[77.0974912,28.4170389],[77.0974822,28.4170375],[77.0974732,28.4170362],[77.0974642,28.4170348],[77.0974552,28.4170335],[77.0974462,28.4170322],[77.0974372,28.4170309],[77.0974282,28.4170296],[77.0974192,28.4170284],[77.0974101,28.4170271],[77.0974011,28.4170259],[77.0973921,28.4170248],[77.0973831,28.4170236],[77.097374,28.4170225],[77.097365,28.4170214],[77.0973559,28.4170203],[77.0973469,28.4170193],[77.0973378,28.4170183],[77.0973288,28.4170173],[77.0973197,28.4170163],[77.0973107,28.4170153],[77.0973016,28.4170144],[77.0972925,28.4170135],[77.0972835,28.4170126],[77.0972744,28.4170118],[77.0972653,28.4170109],[77.0972562,28.4170101],[77.0972472,28.4170093],[77.0972381,28.4170086],[77.097229,28.4170078],[77.0972199,28.4170071],[77.0972108,28.4170064],[77.0972017,28.4170057],[77.0971927,28.4170051],[77.0971836,28.4170045],[77.0971715,28.4170037],[77.0971593,28.4170029],[77.0971471,28.4170022],[77.0971349,28.4170016],[77.0971227,28.4170009],[77.0971105,28.4170003],[77.0970983,28.4169998],[77.0970861,28.4169993],[77.0970738,28.4169988],[77.0970616,28.4169983],[77.0970494,28.4169979],[77.0970372,28.4169975],[77.097025,28.4169972],[77.0970128,28.4169969],[77.0970005,28.4169966],[77.0969883,28.4169963],[77.0969761,28.4169961],[77.0969639,28.4169959],[77.0969516,28.4169957],[77.0969394,28.4169956],[77.0969272,28.4169954],[77.096915,28.4169953],[77.0969027,28.4169953],[77.0968905,28.4169952],[77.0968783,28.4169952],[77.0968661,28.4169951],[77.0968538,28.4169951],[77.0968416,28.4169952],[77.0968294,28.4169952],[77.0968172,28.4169952],[77.0968049,28.4169953],[77.0967927,28.4169954],[77.0967805,28.4169955],[77.0967683,28.4169956],[77.096756,28.4169957],[77.0967438,28.4169958],[77.0967316,28.416996],[77.0967194,28.4169961],[77.0967072,28.4169962],[77.0966949,28.4169964],[77.0966827,28.4169966],[77.0966705,28.4169967],[77.0966583,28.4169969],[77.096646,28.4169971],[77.0966338,28.4169973],[77.0966161,28.4169975],[77.0965081,28.4169991],[77.0964002,28.4170006],[77.0962922,28.4170022],[77.0961842,28.4170038],[77.0960763,28.4170053],[77.0959683,28.4170069],[77.0958604,28.4170084],[77.0957524,28.41701],[77.0956444,28.4170116],[77.0955365,28.4170131],[77.0954285,28.4170147],[77.0953206,28.4170162],[77.0952126,28.4170178],[77.0951046,28.4170194],[77.0949967,28.4170209],[77.0948887,28.4170225],[77.0947807,28.417024],[77.0946728,28.4170256],[77.0945648,28.4170271],[77.0944569,28.4170287],[77.0943489,28.4170303],[77.0942409,28.4170318],[77.094133,28.4170334],[77.094025,28.4170349],[77.093917,28.4170365],[77.0938091,28.4170381],[77.0937011,28.4170396],[77.0935932,28.4170412],[77.0934852,28.4170427],[77.0933772,28.4170443],[77.0932693,28.4170458],[77.0931613,28.4170474],[77.0930534,28.417049],[77.0929454,28.4170505],[77.0928374,28.4170521],[77.0927295,28.4170536],[77.0926215,28.4170552],[77.0925135,28.4170568],[77.0924056,28.4170583],[77.0922976,28.4170599],[77.0921897,28.4170614],[77.0920817,28.417063],[77.0919737,28.4170645],[77.0918658,28.4170661],[77.0917578,28.4170677],[77.0916638,28.417069],[77.0916516,28.4170692],[77.0916393,28.4170694],[77.0916271,28.4170695],[77.0916149,28.4170697],[77.0916027,28.4170699],[77.0915905,28.41707],[77.0915782,28.4170702],[77.091566,28.4170703],[77.0915538,28.4170705],[77.0915416,28.4170706],[77.0915293,28.4170707],[77.0915171,28.4170708],[77.0915049,28.4170709],[77.0914927,28.417071],[77.0914804,28.4170711],[77.0914682,28.4170712],[77.091456,28.4170712],[77.0914438,28.4170712],[77.0914315,28.4170713],[77.0914193,28.4170713],[77.0914071,28.4170712],[77.0913949,28.4170712],[77.0913826,28.4170711],[77.0913704,28.417071],[77.0913582,28.4170709],[77.091346,28.4170708],[77.0913337,28.4170706],[77.0913215,28.4170705],[77.0913093,28.4170702],[77.0912971,28.41707],[77.0912849,28.4170697],[77.0912726,28.4170694],[77.0912604,28.4170691],[77.0912482,28.4170688],[77.091236,28.4170684],[77.0912238,28.417068],[77.0912115,28.4170675],[77.0911993,28.417067],[77.0911871,28.4170665],[77.0911749,28.4170659],[77.0911627,28.4170653],[77.0911505,28.4170647],[77.0911383,28.417064],[77.0911261,28.4170633],[77.0911139,28.4170625],[77.0911023,28.4170618],[77.0910925,28.4170611],[77.0910827,28.4170604],[77.0910729,28.4170597],[77.0910631,28.4170589],[77.0910533,28.4170581],[77.0910436,28.4170573],[77.0910338,28.4170565],[77.091024,28.4170556],[77.0910142,28.4170547],[77.0910045,28.4170538],[77.0909947,28.4170528],[77.0909849,28.4170518],[77.0909752,28.4170508],[77.0909654,28.4170498],[77.0909556,28.4170487],[77.0909459,28.4170476],[77.0909361,28.4170465],[77.0909264,28.4170454],[77.0909166,28.4170442],[77.0909069,28.417043],[77.0908972,28.4170418],[77.0908874,28.4170405],[77.0908777,28.4170392],[77.090868,28.4170379],[77.0908583,28.4170366],[77.0908486,28.4170352],[77.0908389,28.4170338],[77.0908292,28.4170324],[77.0908195,28.4170309],[77.0908098,28.4170295],[77.0908001,28.417028],[77.0907904,28.4170264],[77.0907808,28.4170249],[77.0907711,28.4170233],[77.0907614,28.4170217],[77.0907518,28.41702],[77.0907421,28.4170184],[77.0907325,28.4170167],[77.0907229,28.4170149],[77.0907133,28.4170132],[77.0907036,28.4170114],[77.090694,28.4170096],[77.0906844,28.4170078],[77.0906748,28.4170059],[77.0906652,28.417004],[77.0906549,28.417002],[77.090643,28.4169995],[77.0906311,28.4169971],[77.0906192,28.4169946],[77.0906073,28.416992],[77.0905954,28.4169894],[77.0905836,28.4169868],[77.0905717,28.4169842],[77.0905599,28.4169815],[77.0905481,28.4169788],[77.0905362,28.416976],[77.0905244,28.4169732],[77.0905126,28.4169704],[77.0905008,28.4169676],[77.0904891,28.4169647],[77.0904773,28.4169618],[77.0904655,28.4169588],[77.0904538,28.4169559],[77.090442,28.4169529],[77.0904303,28.4169499],[77.0904185,28.4169468],[77.0904068,28.4169438],[77.0903951,28.4169407],[77.0903834,28.4169376],[77.0903717,28.4169345],[77.09036,28.4169313],[77.0903483,28.4169282],[77.0903366,28.416925],[77.0903249,28.4169218],[77.0903133,28.4169186],[77.0903016,28.4169153],[77.0902899,28.4169121],[77.0902783,28.4169089],[77.0902666,28.4169056],[77.090255,28.4169023],[77.0902433,28.416899],[77.0902317,28.4168957],[77.09022,28.4168924],[77.0902084,28.4168891],[77.0901968,28.4168858],[77.0901851,28.4168825],[77.0901735,28.4168791],[77.0901619,28.4168758],[77.0901503,28.4168725],[77.0901386,28.4168691],[77.090127,28.4168658],[77.0900709,28.4168497],[77.0899509,28.4168151],[77.0898309,28.4167806],[77.0897108,28.4167461],[77.0895908,28.4167116],[77.0894708,28.4166771],[77.0893507,28.4166426],[77.0892307,28.4166081],[77.0891107,28.4165736],[77.0889906,28.416539],[77.0888706,28.4165045],[77.0887506,28.41647],[77.0886306,28.4164355],[77.0885105,28.416401],[77.0883905,28.4163665],[77.0882705,28.416332],[77.0881504,28.4162975],[77.0880304,28.4162629],[77.0879104,28.4162284],[77.0877903,28.4161939],[77.0876703,28.4161594],[77.0875503,28.4161249],[77.0874302,28.4160904],[77.0873102,28.4160559],[77.0871902,28.4160213],[77.0870702,28.4159868],[77.0869501,28.4159523],[77.0868301,28.4159178],[77.0867101,28.4158833],[77.08659,28.4158488],[77.08647,28.4158142],[77.08635,28.4157797],[77.0862299,28.4157452],[77.0861099,28.4157107],[77.0859899,28.4156762],[77.0858699,28.4156417],[77.0857498,28.4156072],[77.0856298,28.4155726],[77.0855098,28.4155381],[77.0853897,28.4155036],[77.0852697,28.4154691],[77.0851497,28.4154346],[77.0850297,28.4154001],[77.0849096,28.4153655],[77.0847896,28.415331],[77.0846696,28.4152965],[77.0846088,28.415279],[77.0846077,28.4152787],[77.0846067,28.4152784],[77.0846056,28.4152781],[77.0846046,28.4152778],[77.0846035,28.4152775],[77.0846025,28.4152772],[77.0846014,28.4152769],[77.0846003,28.4152766],[77.0845993,28.4152763],[77.0845982,28.415276],[77.0845972,28.4152757],[77.0845961,28.4152754],[77.0845951,28.4152751],[77.084594,28.4152748],[77.0845929,28.4152745],[77.0845919,28.4152742],[77.0845908,28.4152739],[77.0845898,28.4152736],[77.0845887,28.4152733],[77.0845877,28.415273],[77.0845866,28.4152727],[77.0845855,28.4152723],[77.0845845,28.415272],[77.0845834,28.4152717],[77.0845824,28.4152714],[77.0845813,28.4152711],[77.0845803,28.4152708],[77.0845792,28.4152705],[77.0845781,28.4152702],[77.0845771,28.4152699],[77.084576,28.4152696],[77.084575,28.4152693],[77.0845739,28.415269],[77.0845729,28.4152687],[77.0845718,28.4152684],[77.0845708,28.4152681],[77.0845697,28.4152678],[77.0845686,28.4152675],[77.0845676,28.4152672],[77.0845665,28.4152669],[77.0845655,28.4152666],[77.0845644,28.4152663],[77.0845634,28.415266],[77.0845623,28.4152657],[77.0845612,28.4152654],[77.0845572,28.4152642],[77.0845512,28.4152625],[77.0845451,28.4152607],[77.084539,28.415259],[77.0845329,28.4152572],[77.0845269,28.4152555],[77.0845208,28.4152537],[77.0845147,28.415252],[77.0845087,28.4152503],[77.0845026,28.4152485],[77.0844965,28.4152468],[77.0844904,28.415245],[77.0844844,28.4152433],[77.0844783,28.4152415],[77.0844722,28.4152398],[77.0844661,28.415238],[77.0844601,28.4152363],[77.084454,28.4152346],[77.0844479,28.4152328],[77.0844418,28.4152311],[77.0844358,28.4152293],[77.0844297,28.4152276],[77.0844236,28.4152259],[77.0844175,28.4152241],[77.0844115,28.4152224],[77.0844054,28.4152206],[77.0843993,28.4152189],[77.0843932,28.4152171],[77.0843872,28.4152154],[77.0843811,28.4152137],[77.084375,28.4152119],[77.0843689,28.4152102],[77.0843629,28.4152084],[77.0843568,28.4152067],[77.0843507,28.415205],[77.0843446,28.4152032],[77.0843386,28.4152015],[77.0843325,28.4151998],[77.0843264,28.415198],[77.0843203,28.4151963],[77.0843143,28.4151945],[77.0843082,28.4151928],[77.0843021,28.4151911],[77.084296,28.4151893],[77.08429,28.4151876],[77.0842839,28.4151859],[77.0842812,28.4151851],[77.0842801,28.4151848],[77.0842791,28.4151845],[77.084278,28.4151842],[77.084277,28.4151839],[77.0842759,28.4151836],[77.0842748,28.4151833],[77.0842738,28.415183],[77.0842727,28.4151827],[77.0842717,28.4151824],[77.0842706,28.4151821],[77.0842696,28.4151818],[77.0842685,28.4151815],[77.0842674,28.4151812],[77.0842664,28.4151808],[77.0842653,28.4151805],[77.0842643,28.4151802],[77.0842632,28.4151799],[77.0842621,28.4151796],[77.0842611,28.4151793],[77.08426,28.415179],[77.084259,28.4151787],[77.0842579,28.4151784],[77.0842569,28.4151781],[77.0842558,28.4151778],[77.0842547,28.4151775],[77.0842537,28.4151772],[77.0842526,28.4151769],[77.0842516,28.4151766],[77.0842505,28.4151763],[77.0842495,28.415176],[77.0842484,28.4151757],[77.0842473,28.4151754],[77.0842463,28.4151751],[77.0842452,28.4151748],[77.0842442,28.4151745],[77.0842431,28.4151742],[77.0842421,28.4151739],[77.084241,28.4151736],[77.0842399,28.4151733],[77.0842389,28.415173],[77.0842378,28.4151727],[77.0842368,28.4151724],[77.0842357,28.4151721],[77.0842347,28.4151718],[77.0842336,28.4151715],[77.0842011,28.4151622],[77.0841588,28.4151501],[77.0841166,28.415138],[77.0840743,28.415126],[77.084032,28.4151139],[77.0839898,28.4151018],[77.0839475,28.4150897],[77.0839052,28.4150777],[77.083863,28.4150656],[77.0838207,28.4150535],[77.0837784,28.4150414],[77.0837362,28.4150293],[77.0836939,28.4150173],[77.0836516,28.4150052],[77.0836093,28.4149931],[77.0835671,28.414981],[77.0835248,28.4149689],[77.0834825,28.4149569],[77.0834403,28.4149448],[77.083398,28.4149327],[77.0833557,28.4149206],[77.0833135,28.4149086],[77.0832712,28.4148965],[77.0832289,28.4148844],[77.0831867,28.4148723],[77.0831444,28.4148602],[77.0831021,28.4148482],[77.0830598,28.4148361],[77.0830176,28.414824],[77.0829753,28.4148119],[77.082933,28.4147998],[77.0828908,28.4147878],[77.0828485,28.4147757],[77.0828062,28.4147636],[77.082764,28.4147515],[77.0827217,28.4147395],[77.0826794,28.4147274],[77.0826372,28.4147153],[77.0825949,28.4147032],[77.0825526,28.4146911],[77.0825103,28.4146791],[77.0824681,28.414667],[77.0824258,28.4146549],[77.0823835,28.4146428],[77.0823413,28.4146307],[77.082299,28.4146187],[77.08229,28.4146161],[77.0822868,28.4146152],[77.0822836,28.4146143],[77.0822805,28.4146134],[77.0822773,28.4146125],[77.0822741,28.4146116],[77.0822709,28.4146106],[77.0822678,28.4146097],[77.0822646,28.4146088],[77.0822614,28.4146079],[77.0822583,28.414607],[77.0822551,28.4146061],[77.0822519,28.4146052],[77.0822487,28.4146043],[77.0822456,28.4146034],[77.0822424,28.4146025],[77.0822392,28.4146016],[77.082236,28.4146007],[77.0822329,28.4145998],[77.0822297,28.4145989],[77.0822265,28.414598],[77.0822234,28.4145971],[77.0822202,28.4145962],[77.082217,28.4145953],[77.0822138,28.4145944],[77.0822107,28.4145934],[77.0822075,28.4145925],[77.0822043,28.4145916],[77.0822011,28.4145907],[77.082198,28.4145898],[77.0821948,28.4145889],[77.0821916,28.414588],[77.0821884,28.4145871],[77.0821853,28.4145862],[77.0821821,28.4145853],[77.0821789,28.4145844],[77.0821758,28.4145835],[77.0821726,28.4145826],[77.0821694,28.4145817],[77.0821662,28.4145808],[77.0821631,28.4145799],[77.0821599,28.414579],[77.0821567,28.4145781],[77.0821535,28.4145772],[77.0821504,28.4145763],[77.0821472,28.4145754],[77.0821396,28.4145733],[77.0821317,28.4145711],[77.0821239,28.4145688],[77.082116,28.4145666],[77.0821081,28.4145644],[77.0821003,28.4145622],[77.0820924,28.41456],[77.0820845,28.4145578],[77.0820766,28.4145556],[77.0820688,28.4145534],[77.0820609,28.4145512],[77.082053,28.414549],[77.0820451,28.4145468],[77.0820373,28.4145446],[77.0820294,28.4145424],[77.0820215,28.4145402],[77.0820136,28.414538],[77.0820057,28.4145358],[77.0819979,28.4145336],[77.08199,28.4145315],[77.0819821,28.4145293],[77.0819742,28.4145271],[77.0819663,28.4145249],[77.0819584,28.4145227],[77.0819505,28.4145206],[77.0819427,28.4145184],[77.0819348,28.4145162],[77.0819269,28.4145141],[77.081919,28.4145119],[77.0819111,28.4145098],[77.0819032,28.4145076],[77.0818953,28.4145055],[77.0818874,28.4145033],[77.0818795,28.4145012],[77.0818716,28.414499],[77.0818637,28.4144969],[77.0818558,28.4144947],[77.0818479,28.4144926],[77.0818401,28.4144904],[77.0818322,28.4144883],[77.0818243,28.4144862],[77.0818164,28.414484],[77.0818085,28.4144819],[77.0818006,28.4144798],[77.0817927,28.4144777],[77.0817849,28.4144756],[77.0817817,28.4144747],[77.0817785,28.4144739],[77.0817753,28.414473],[77.0817721,28.4144721],[77.0817689,28.4144713],[77.0817657,28.4144704],[77.0817625,28.4144696],[77.0817593,28.4144687],[77.0817562,28.4144679],[77.081753,28.414467],[77.0817498,28.4144662],[77.0817466,28.4144653],[77.0817434,28.4144645],[77.0817402,28.4144636],[77.081737,28.4144628],[77.0817338,28.4144619],[77.0817306,28.4144611],[77.0817274,28.4144602],[77.0817242,28.4144594],[77.081721,28.4144585],[77.0817179,28.4144577],[77.0817147,28.4144568],[77.0817115,28.414456],[77.0817083,28.4144551],[77.0817051,28.4144543],[77.0817019,28.4144534],[77.0816987,28.4144526],[77.0816955,28.4144517],[77.0816923,28.4144509],[77.0816891,28.41445],[77.0816859,28.4144492],[77.0816827,28.4144483],[77.0816795,28.4144475],[77.0816764,28.4144466],[77.0816732,28.4144458],[77.08167,28.4144449],[77.0816668,28.4144441],[77.0816636,28.4144432],[77.0816604,28.4144424],[77.0816572,28.4144415],[77.081654,28.4144407],[77.0816508,28.4144398],[77.0816476,28.414439],[77.0816444,28.4144381],[77.0816412,28.4144373],[77.0816349,28.4144356],[77.0816049,28.4144276],[77.0815748,28.4144196],[77.0815447,28.4144117],[77.0815147,28.4144037],[77.0814846,28.4143957],[77.0814545,28.4143877],[77.0814244,28.4143797],[77.0813944,28.4143717],[77.0813643,28.4143637],[77.0813342,28.4143558],[77.0813042,28.4143478],[77.0812741,28.4143398],[77.081244,28.4143318],[77.0812139,28.4143238],[77.0811839,28.4143158],[77.0811538,28.4143079],[77.0811237,28.4142999],[77.0810936,28.4142919],[77.0810636,28.4142839],[77.0810335,28.4142759],[77.0810034,28.4142679],[77.0809734,28.4142599],[77.0809433,28.414252],[77.0809132,28.414244],[77.0808831,28.414236],[77.0808531,28.414228],[77.080823,28.41422],[77.0807929,28.414212],[77.0807629,28.414204],[77.0807328,28.4141961],[77.0807027,28.4141881],[77.0806726,28.4141801],[77.0806426,28.4141721],[77.0806125,28.4141641],[77.0805824,28.4141561],[77.0805523,28.4141481],[77.0805223,28.4141402],[77.0804922,28.4141322],[77.0804621,28.4141242],[77.0804321,28.4141162],[77.080402,28.4141082],[77.0803719,28.4141002],[77.0803418,28.4140923],[77.0803118,28.4140843],[77.0802817,28.4140763],[77.0802564,28.4140696],[77.08025,28.4140679],[77.0802437,28.4140662],[77.0802373,28.4140645],[77.0802309,28.4140628],[77.0802245,28.4140611],[77.0802181,28.4140594],[77.0802117,28.4140577],[77.0802053,28.414056],[77.080199,28.4140543],[77.0801926,28.4140526],[77.0801862,28.4140509],[77.0801798,28.4140492],[77.0801734,28.4140475],[77.080167,28.4140458],[77.0801607,28.4140441],[77.0801543,28.4140424],[77.0801479,28.4140407],[77.0801415,28.414039],[77.0801351,28.4140372],[77.0801288,28.4140355],[77.0801224,28.4140338],[77.080116,28.4140321],[77.0801096,28.4140304],[77.0801032,28.4140287],[77.0800969,28.4140269],[77.0800905,28.4140252],[77.0800841,28.4140235],[77.0800777,28.4140218],[77.0800714,28.41402],[77.080065,28.4140183],[77.0800586,28.4140165],[77.0800523,28.4140148],[77.0800459,28.4140131],[77.0800395,28.4140113],[77.0800331,28.4140096],[77.0800268,28.4140078],[77.0800204,28.414006],[77.0800141,28.4140043],[77.0800077,28.4140025],[77.0800013,28.4140008],[77.079995,28.413999],[77.0799886,28.4139972],[77.0799823,28.4139954],[77.0799759,28.4139936],[77.0799695,28.4139919],[77.0799618,28.4139897],[77.0799508,28.4139866],[77.0799398,28.4139834],[77.0799288,28.4139803],[77.0799178,28.4139771],[77.0799068,28.413974],[77.0798959,28.4139708],[77.0798849,28.4139676],[77.0798739,28.4139644],[77.0798629,28.4139612],[77.079852,28.4139579],[77.079841,28.4139547],[77.07983,28.4139514],[77.0798191,28.4139482],[77.0798081,28.4139449],[77.0797972,28.4139416],[77.0797862,28.4139383],[77.0797753,28.413935],[77.0797644,28.4139316],[77.0797535,28.4139283],[77.0797425,28.4139249],[77.0797316,28.4139216],[77.0797207,28.4139182],[77.0797098,28.4139148],[77.0796989,28.4139114],[77.079688,28.413908],[77.0796771,28.4139045],[77.0796662,28.4139011],[77.0796554,28.4138976],[77.0796445,28.4138942],[77.0796336,28.4138907],[77.0796227,28.4138872],[77.0796119,28.4138837],[77.079601,28.4138802],[77.0795902,28.4138766],[77.0795793,28.4138731],[77.0795685,28.4138695],[77.0795577,28.413866],[77.0795468,28.4138624],[77.079536,28.4138588],[77.0795252,28.4138552],[77.0795144,28.4138516],[77.0795036,28.413848],[77.0794928,28.4138443],[77.079482,28.4138407],[77.0794712,28.413837],[77.0794621,28.4138339],[77.0794559,28.4138318],[77.0794497,28.4138297],[77.0794435,28.4138275],[77.0794373,28.4138254],[77.0794311,28.4138232],[77.0794248,28.4138211],[77.0794186,28.413819],[77.0794124,28.4138168],[77.0794062,28.4138146],[77.0794,28.4138125],[77.0793938,28.4138103],[77.0793876,28.4138082],[77.0793814,28.413806],[77.0793752,28.4138038],[77.079369,28.4138016],[77.0793628,28.4137995],[77.0793566,28.4137973],[77.0793504,28.4137951],[77.0793442,28.4137929],[77.079338,28.4137907],[77.0793319,28.4137885],[77.0793257,28.4137863],[77.0793195,28.4137842],[77.0793133,28.413782],[77.0793071,28.4137798],[77.0793009,28.4137776],[77.0792947,28.4137754],[77.0792885,28.4137732],[77.0792824,28.413771],[77.0792762,28.4137688],[77.07927,28.4137666],[77.0792638,28.4137643],[77.0792576,28.4137621],[77.0792514,28.4137599],[77.0792453,28.4137577],[77.0792391,28.4137555],[77.0792329,28.4137533],[77.0792267,28.4137511],[77.0792205,28.4137489],[77.0792144,28.4137466],[77.0792082,28.4137444],[77.079202,28.4137422],[77.0791958,28.41374],[77.0791896,28.4137378],[77.0791835,28.4137356],[77.0791132,28.4137104],[77.07897,28.413659],[77.0788268,28.4136076],[77.0786835,28.4135562],[77.0785403,28.4135048],[77.0783971,28.4134534],[77.0782538,28.413402],[77.0781106,28.4133506],[77.0779674,28.4132992],[77.0778241,28.4132478],[77.0776809,28.4131964],[77.0775377,28.413145],[77.0773944,28.4130937],[77.0772512,28.4130423],[77.077108,28.4129909],[77.0769647,28.4129395],[77.0768215,28.4128881],[77.0766783,28.4128367],[77.076535,28.4127853],[77.0763918,28.4127339],[77.0762486,28.4126825],[77.0761053,28.4126311],[77.0759621,28.4125797],[77.0758189,28.4125283],[77.0756756,28.4124769],[77.0755324,28.4124255],[77.0753892,28.4123741],[77.075246,28.4123227],[77.0751027,28.4122713],[77.0749595,28.4122199],[77.0748163,28.4121686],[77.074673,28.4121172],[77.0745298,28.4120658],[77.0743866,28.4120144],[77.0742433,28.411963],[77.0741001,28.4119116],[77.0739569,28.4118602],[77.0738137,28.4118088],[77.0736704,28.4117574],[77.0735272,28.411706],[77.073384,28.4116546],[77.0732407,28.4116032],[77.0730975,28.4115518],[77.0729543,28.4115004],[77.072811,28.411449],[77.0726678,28.4113976],[77.0726024,28.4113741],[77.0725994,28.411373],[77.0725963,28.4113719],[77.0725932,28.4113708],[77.0725901,28.4113697],[77.072587,28.4113686],[77.0725839,28.4113675],[77.0725808,28.4113664],[77.0725777,28.4113653],[77.0725746,28.4113642],[77.0725716,28.4113631],[77.0725685,28.4113619],[77.0725654,28.4113608],[77.0725623,28.4113597],[77.0725592,28.4113586],[77.0725561,28.4113575],[77.072553,28.4113564],[77.0725499,28.4113553],[77.0725468,28.4113542],[77.0725438,28.4113531],[77.0725407,28.411352],[77.0725376,28.4113509],[77.0725345,28.4113497],[77.0725314,28.4113486],[77.0725283,28.4113475],[77.0725252,28.4113464],[77.0725221,28.4113453],[77.072519,28.4113442],[77.072516,28.4113431],[77.0725129,28.411342],[77.0725098,28.4113409],[77.0725067,28.4113397],[77.0725036,28.4113386],[77.0725005,28.4113375],[77.0724974,28.4113364],[77.0724943,28.4113353],[77.0724913,28.4113342],[77.0724882,28.4113331],[77.0724851,28.411332],[77.072482,28.4113308],[77.0724789,28.4113297],[77.0724758,28.4113286],[77.0724727,28.4113275],[77.0724696,28.4113264],[77.0724666,28.4113253],[77.0724635,28.4113242],[77.0724574,28.411322],[77.0724497,28.4113192],[77.0724419,28.4113164],[77.0724342,28.4113136],[77.0724265,28.4113108],[77.0724188,28.411308],[77.072411,28.4113052],[77.0724033,28.4113024],[77.0723956,28.4112996],[77.0723879,28.4112968],[77.0723801,28.411294],[77.0723724,28.4112912],[77.0723647,28.4112883],[77.072357,28.4112855],[77.0723492,28.4112827],[77.0723415,28.4112799],[77.0723338,28.4112771],[77.0723261,28.4112743],[77.0723184,28.4112715],[77.0723107,28.4112686],[77.0723029,28.4112658],[77.0722952,28.411263],[77.0722875,28.4112602],[77.0722798,28.4112573],[77.0722721,28.4112545],[77.0722644,28.4112517],[77.0722567,28.4112488],[77.0722489,28.411246],[77.0722412,28.4112432],[77.0722335,28.4112403],[77.0722258,28.4112375],[77.0722181,28.4112346],[77.0722104,28.4112318],[77.0722027,28.411229],[77.072195,28.4112261],[77.0721873,28.4112233],[77.0721796,28.4112204],[77.0721719,28.4112176],[77.0721642,28.4112147],[77.0721565,28.4112119],[77.0721488,28.411209],[77.0721411,28.4112061],[77.0721334,28.4112033],[77.0721257,28.4112004],[77.072118,28.4111976],[77.0721103,28.4111947],[77.072106,28.4111931],[77.0721029,28.4111919],[77.0720998,28.4111908],[77.0720968,28.4111897],[77.0720937,28.4111885],[77.0720906,28.4111874],[77.0720875,28.4111862],[77.0720845,28.4111851],[77.0720814,28.4111839],[77.0720783,28.4111828],[77.0720752,28.4111816],[77.0720722,28.4111805],[77.0720691,28.4111794],[77.072066,28.4111782],[77.072063,28.4111771],[77.0720599,28.4111759],[77.0720568,28.4111748],[77.0720537,28.4111736],[77.0720507,28.4111725],[77.0720476,28.4111713],[77.0720445,28.4111702],[77.0720415,28.411169],[77.0720384,28.4111679],[77.0720353,28.4111667],[77.0720323,28.4111656],[77.0720292,28.4111644],[77.0720261,28.4111633],[77.072023,28.4111621],[77.07202,28.411161],[77.0720169,28.4111598],[77.0720138,28.4111587],[77.0720108,28.4111575],[77.0720077,28.4111564],[77.0720046,28.4111552],[77.0720015,28.4111541],[77.0719985,28.4111529],[77.0719954,28.4111518],[77.0719923,28.4111506],[77.0719893,28.4111495],[77.0719862,28.4111483],[77.0719831,28.4111472],[77.0719801,28.411146],[77.071977,28.4111449],[77.0719739,28.4111438],[77.0719708,28.4111426],[77.0719678,28.4111415],[77.071815,28.4110843],[77.0716294,28.4110148],[77.0714438,28.4109452],[77.0712581,28.4108757],[77.0710725,28.4108062],[77.0708869,28.4107367],[77.0707013,28.4106672],[77.0705156,28.4105977],[77.07033,28.4105282],[77.0701444,28.4104587],[77.0699588,28.4103892],[77.0697732,28.4103197],[77.0695875,28.4102502],[77.0694019,28.4101807],[77.0692163,28.4101112],[77.0690307,28.4100417],[77.068845,28.4099722],[77.0686594,28.4099027],[77.0684738,28.4098332],[77.0682882,28.4097636],[77.0681025,28.4096941],[77.0679169,28.4096246],[77.0677313,28.4095551],[77.0675457,28.4094856],[77.0673601,28.4094161],[77.0671744,28.4093466],[77.0669888,28.4092771],[77.0668032,28.4092076],[77.0666176,28.4091381],[77.066432,28.4090685],[77.0662463,28.408999],[77.0660607,28.4089295],[77.0658751,28.40886],[77.0656895,28.4087905],[77.0655039,28.408721],[77.0653182,28.4086515],[77.0651326,28.408582],[77.064947,28.4085124],[77.0647614,28.4084429],[77.0645758,28.4083734],[77.0643902,28.4083039],[77.0642045,28.4082344],[77.0640189,28.4081649],[77.0638333,28.4080954],[77.0636477,28.4080258],[77.0634621,28.4079563],[77.0634441,28.4079496],[77.063443,28.4079492],[77.063442,28.4079488],[77.063441,28.4079484],[77.06344,28.4079481],[77.063439,28.4079477],[77.0634379,28.4079473],[77.0634369,28.4079469],[77.0634359,28.4079465],[77.0634349,28.4079461],[77.0634338,28.4079458],[77.0634328,28.4079454],[77.0634318,28.407945],[77.0634308,28.4079446],[77.0634297,28.4079442],[77.0634287,28.4079438],[77.0634277,28.4079435],[77.0634267,28.4079431],[77.0634257,28.4079427],[77.0634246,28.4079423],[77.0634236,28.4079419],[77.0634226,28.4079415],[77.0634216,28.4079412],[77.0634205,28.4079408],[77.0634195,28.4079404],[77.0634185,28.40794],[77.0634175,28.4079396],[77.0634164,28.4079392],[77.0634154,28.4079389],[77.0634144,28.4079385],[77.0634134,28.4079381],[77.0634124,28.4079377],[77.0634113,28.4079373],[77.0634103,28.4079369],[77.0634093,28.4079366],[77.0634083,28.4079362],[77.0634072,28.4079358],[77.0634062,28.4079354],[77.0634052,28.407935],[77.0634042,28.4079346],[77.0634031,28.4079343],[77.0634021,28.4079339],[77.0634011,28.4079335],[77.0634001,28.4079331],[77.063399,28.4079327],[77.063398,28.4079323],[77.0633913,28.4079298],[77.0633846,28.4079273],[77.0633779,28.4079248],[77.0633712,28.4079223],[77.0633645,28.4079198],[77.0633578,28.4079173],[77.0633511,28.4079147],[77.0633444,28.4079122],[77.0633376,28.4079097],[77.0633309,28.4079072],[77.0633242,28.4079047],[77.0633175,28.4079022],[77.0633108,28.4078996],[77.0633041,28.4078971],[77.0632974,28.4078946],[77.0632907,28.4078921],[77.063284,28.4078896],[77.0632773,28.407887],[77.0632706,28.4078845],[77.0632638,28.407882],[77.0632571,28.4078795],[77.0632504,28.407877],[77.0632437,28.4078744],[77.063237,28.4078719],[77.0632303,28.4078694],[77.0632236,28.4078669],[77.0632169,28.4078643],[77.0632102,28.4078618],[77.0632035,28.4078593],[77.0631968,28.4078568],[77.0631901,28.4078543],[77.0631833,28.4078517],[77.0631766,28.4078492],[77.0631699,28.4078467],[77.0631632,28.4078442],[77.0631565,28.4078416],[77.0631498,28.4078391],[77.0631431,28.4078366],[77.0631364,28.4078341],[77.0631297,28.4078315],[77.063123,28.407829],[77.0631163,28.4078265],[77.0631096,28.407824],[77.0631029,28.4078214],[77.0630962,28.4078189],[77.0630899,28.4078166],[77.0630889,28.4078162],[77.0630879,28.4078158],[77.0630869,28.4078154],[77.0630859,28.407815],[77.0630848,28.4078146],[77.0630838,28.4078142],[77.0630828,28.4078139],[77.0630818,28.4078135],[77.0630807,28.4078131],[77.0630797,28.4078127],[77.0630787,28.4078123],[77.0630777,28.4078119],[77.0630767,28.4078115],[77.0630756,28.4078112],[77.0630746,28.4078108],[77.0630736,28.4078104],[77.0630726,28.40781],[77.0630715,28.4078096],[77.0630705,28.4078092],[77.0630695,28.4078088],[77.0630685,28.4078085],[77.0630675,28.4078081],[77.0630664,28.4078077],[77.0630654,28.4078073],[77.0630644,28.4078069],[77.0630634,28.4078065],[77.0630623,28.4078061],[77.0630613,28.4078058],[77.0630603,28.4078054],[77.0630593,28.407805],[77.0630583,28.4078046],[77.0630572,28.4078042],[77.0630562,28.4078038],[77.0630552,28.4078034],[77.0630542,28.4078031],[77.0630531,28.4078027],[77.0630521,28.4078023],[77.0630511,28.4078019],[77.0630501,28.4078015],[77.0630491,28.4078011],[77.063048,28.4078007],[77.063047,28.4078004],[77.063046,28.4078],[77.063045,28.4077996],[77.0630439,28.4077992],[77.0630178,28.4077893],[77.0628711,28.407734],[77.0627244,28.4076787],[77.0625777,28.4076234],[77.062431,28.407568],[77.0622843,28.4075127],[77.0621377,28.4074574],[77.061991,28.4074021],[77.0618443,28.4073467],[77.0616976,28.4072914],[77.0615509,28.4072361],[77.0614042,28.4071808],[77.0612575,28.4071254],[77.0611108,28.4070701],[77.0609641,28.4070148],[77.0608174,28.4069595],[77.0606707,28.4069041],[77.060524,28.4068488],[77.0603774,28.4067935],[77.0602307,28.4067381],[77.060084,28.4066828],[77.0599373,28.4066275],[77.0597906,28.4065722],[77.0596439,28.4065168],[77.0594972,28.4064615],[77.0593505,28.4064062],[77.0592038,28.4063508],[77.0590571,28.4062955],[77.0589105,28.4062402],[77.0587638,28.4061849],[77.0586171,28.4061295],[77.0584704,28.4060742],[77.0583237,28.4060189],[77.058177,28.4059635],[77.0580303,28.4059082],[77.0578836,28.4058529],[77.057737,28.4057975],[77.0575903,28.4057422],[77.0574436,28.4056869],[77.0572969,28.4056316],[77.0571502,28.4055762],[77.0570035,28.4055209],[77.0568568,28.4054656],[77.0567101,28.4054102],[77.0565635,28.4053549],[77.0564168,28.4052996],[77.056308,28.4052585],[77.056307,28.4052582],[77.056306,28.4052578],[77.056305,28.4052574],[77.0563039,28.405257],[77.0563029,28.4052566],[77.0563019,28.4052562],[77.0563009,28.4052558],[77.0562999,28.4052555],[77.0562988,28.4052551],[77.0562978,28.4052547],[77.0562968,28.4052543],[77.0562958,28.4052539],[77.0562947,28.4052535],[77.0562937,28.4052531],[77.0562927,28.4052528],[77.0562917,28.4052524],[77.0562907,28.405252],[77.0562896,28.4052516],[77.0562886,28.4052512],[77.0562876,28.4052508],[77.0562866,28.4052504],[77.0562855,28.4052501],[77.0562845,28.4052497],[77.0562835,28.4052493],[77.0562825,28.4052489],[77.0562815,28.4052485],[77.0562804,28.4052481],[77.0562794,28.4052477],[77.0562784,28.4052474],[77.0562774,28.405247],[77.0562763,28.4052466],[77.0562753,28.4052462],[77.0562743,28.4052458],[77.0562733,28.4052454],[77.0562723,28.405245],[77.0562712,28.4052447],[77.0562702,28.4052443],[77.0562692,28.4052439],[77.0562682,28.4052435],[77.0562671,28.4052431],[77.0562661,28.4052427],[77.0562651,28.4052423],[77.0562641,28.405242],[77.0562631,28.4052416],[77.056262,28.4052412],[77.0562589,28.40524],[77.0562519,28.4052374],[77.0562449,28.4052347],[77.0562379,28.4052321],[77.0562309,28.4052294],[77.0562239,28.4052268],[77.0562169,28.4052241],[77.0562099,28.4052215],[77.0562029,28.4052188],[77.0561959,28.4052162],[77.0561889,28.4052135],[77.0561818,28.4052109],[77.0561748,28.4052082],[77.0561678,28.4052056],[77.0561608,28.4052029],[77.0561538,28.4052003],[77.0561468,28.4051976],[77.0561398,28.405195],[77.0561328,28.4051923],[77.0561258,28.4051897],[77.0561188,28.405187],[77.0561118,28.4051844],[77.0561048,28.4051817],[77.0560978,28.405179],[77.0560908,28.4051764],[77.0560838,28.4051737],[77.0560768,28.4051711],[77.0560698,28.4051684],[77.0560628,28.4051658],[77.0560558,28.4051631],[77.0560488,28.4051604],[77.0560418,28.4051578],[77.0560348,28.4051551],[77.0560278,28.4051525],[77.0560208,28.4051498],[77.0560138,28.4051471],[77.0560068,28.4051445],[77.0559998,28.4051418],[77.0559928,28.4051391],[77.0559858,28.4051365],[77.0559788,28.4051338],[77.0559718,28.4051311],[77.0559648,28.4051285],[77.0559578,28.4051258],[77.0559508,28.4051232],[77.0559438,28.4051205],[77.0559394,28.4051188],[77.0559383,28.4051184],[77.0559373,28.405118],[77.0559363,28.4051176],[77.0559353,28.4051173],[77.0559343,28.4051169],[77.0559332,28.4051165],[77.0559322,28.4051161],[77.0559312,28.4051157],[77.0559302,28.4051153],[77.0559292,28.4051149],[77.0559281,28.4051145],[77.0559271,28.4051141],[77.0559261,28.4051138],[77.0559251,28.4051134],[77.0559241,28.405113],[77.055923,28.4051126],[77.055922,28.4051122],[77.055921,28.4051118],[77.05592,28.4051114],[77.055919,28.405111],[77.0559179,28.4051106],[77.0559169,28.4051103],[77.0559159,28.4051099],[77.0559149,28.4051095],[77.0559139,28.4051091],[77.0559128,28.4051087],[77.0559118,28.4051083],[77.0559108,28.4051079],[77.0559098,28.4051075],[77.0559088,28.4051071],[77.0559077,28.4051068],[77.0559067,28.4051064],[77.0559057,28.405106],[77.0559047,28.4051056],[77.0559037,28.4051052],[77.0559026,28.4051048],[77.0559016,28.4051044],[77.0559006,28.405104],[77.0558996,28.4051036],[77.0558986,28.4051033],[77.0558975,28.4051029],[77.0558965,28.4051025],[77.0558955,28.4051021],[77.0558945,28.4051017],[77.0558935,28.4051013],[77.0558488,28.4050843],[77.0557646,28.4050522],[77.0556804,28.4050201],[77.0555962,28.4049879],[77.055512,28.4049558],[77.0554278,28.4049237],[77.0553436,28.4048916],[77.0552594,28.4048595],[77.0551752,28.4048274],[77.055091,28.4047953],[77.0550068,28.4047632],[77.0549226,28.4047311],[77.0548384,28.404699],[77.0547542,28.4046669],[77.05467,28.4046348],[77.0545858,28.4046027],[77.0545016,28.4045705],[77.0544174,28.4045384],[77.0543332,28.4045063],[77.054249,28.4044742],[77.0541649,28.4044421],[77.0540807,28.40441],[77.0539965,28.4043779],[77.0539123,28.4043458],[77.0538281,28.4043137],[77.0537439,28.4042816],[77.0536597,28.4042495],[77.0535755,28.4042174],[77.0534913,28.4041853],[77.0534071,28.4041531],[77.0533229,28.404121],[77.0532387,28.4040889],[77.0531545,28.4040568],[77.0530703,28.4040247],[77.0529861,28.4039926],[77.0529019,28.4039605],[77.0528177,28.4039284],[77.0527335,28.4038963],[77.0526493,28.4038642],[77.0525651,28.4038321],[77.052481,28.4037999],[77.0523968,28.4037678],[77.0523126,28.4037357],[77.0522284,28.4037036],[77.0521442,28.4036715],[77.05206,28.4036394],[77.0520243,28.4036258],[77.0520192,28.4036238],[77.0520141,28.4036219],[77.052009,28.4036199],[77.0520039,28.403618],[77.0519988,28.4036161],[77.0519937,28.4036141],[77.0519886,28.4036122],[77.0519835,28.4036102],[77.0519784,28.4036083],[77.0519733,28.4036063],[77.0519682,28.4036044],[77.0519631,28.4036024],[77.051958,28.4036005],[77.0519529,28.4035985],[77.0519478,28.4035966],[77.0519427,28.4035946],[77.0519376,28.4035927],[77.0519325,28.4035907],[77.0519274,28.4035887],[77.0519223,28.4035868],[77.0519172,28.4035848],[77.0519121,28.4035829],[77.051907,28.4035809],[77.0519019,28.403579],[77.0518968,28.403577],[77.0518917,28.403575],[77.0518866,28.4035731],[77.0518815,28.4035711],[77.0518764,28.4035691],[77.0518713,28.4035672],[77.0518663,28.4035652],[77.0518612,28.4035632],[77.0518561,28.4035612],[77.051851,28.4035593],[77.0518459,28.4035573],[77.0518408,28.4035553],[77.0518357,28.4035533],[77.0518307,28.4035513],[77.0518256,28.4035493],[77.0518205,28.4035474],[77.0518154,28.4035454],[77.0518103,28.4035434],[77.0518053,28.4035414],[77.0518002,28.4035394],[77.0517951,28.4035374],[77.0517875,28.4035344],[77.0517787,28.4035309],[77.05177,28.4035274],[77.0517613,28.403524],[77.0517526,28.4035205],[77.0517438,28.403517],[77.0517351,28.4035135],[77.0517264,28.40351],[77.0517177,28.4035065],[77.051709,28.403503],[77.0517003,28.4034995],[77.0516916,28.4034959],[77.0516829,28.4034924],[77.0516742,28.4034889],[77.0516655,28.4034853],[77.0516568,28.4034818],[77.0516482,28.4034782],[77.0516395,28.4034746],[77.0516308,28.403471],[77.0516222,28.4034675],[77.0516135,28.4034639],[77.0516048,28.4034603],[77.0515962,28.4034567],[77.0515875,28.403453],[77.0515789,28.4034494],[77.0515702,28.4034458],[77.0515616,28.4034421],[77.051553,28.4034385],[77.0515443,28.4034349],[77.0515357,28.4034312],[77.0515271,28.4034275],[77.0515185,28.4034239],[77.0515098,28.4034202],[77.0515012,28.4034165],[77.0514926,28.4034128],[77.051484,28.4034091],[77.0514754,28.4034054],[77.0514668,28.4034017],[77.0514582,28.403398],[77.0514496,28.4033942],[77.051441,28.4033905],[77.0514325,28.4033867],[77.0514239,28.403383],[77.0514153,28.4033792],[77.0514067,28.4033755],[77.0513982,28.4033717],[77.0513925,28.4033692],[77.0513875,28.403367],[77.0513825,28.4033648],[77.0513776,28.4033626],[77.0513726,28.4033604],[77.0513676,28.4033582],[77.0513627,28.403356],[77.0513577,28.4033538],[77.0513527,28.4033515],[77.0513478,28.4033493],[77.0513428,28.4033471],[77.0513379,28.4033449],[77.0513329,28.4033427],[77.0513279,28.4033405],[77.051323,28.4033382],[77.051318,28.403336],[77.0513131,28.4033338],[77.0513081,28.4033316],[77.0513032,28.4033293],[77.0512982,28.4033271],[77.0512933,28.4033249],[77.0512883,28.4033226],[77.0512834,28.4033204],[77.0512784,28.4033182],[77.0512735,28.4033159],[77.0512685,28.4033137],[77.0512636,28.4033115],[77.0512586,28.4033092],[77.0512537,28.403307],[77.0512487,28.4033047],[77.0512438,28.4033025],[77.0512389,28.4033003],[77.0512339,28.403298],[77.051229,28.4032958],[77.051224,28.4032935],[77.0512191,28.4032913],[77.0512141,28.403289],[77.0512092,28.4032868],[77.0512043,28.4032845],[77.0511993,28.4032823],[77.0511944,28.40328],[77.0511894,28.4032778],[77.0511845,28.4032756],[77.0511796,28.4032733],[77.0511746,28.4032711],[77.0511697,28.4032688],[77.0511262,28.403249],[77.0510773,28.4032268],[77.0510285,28.4032046],[77.0509796,28.4031823],[77.0509308,28.4031601],[77.0508819,28.4031379],[77.050833,28.4031156],[77.0507842,28.4030934],[77.0507353,28.4030712],[77.0506864,28.4030489],[77.0506376,28.4030267],[77.0505887,28.4030044],[77.0505399,28.4029822],[77.050491,28.40296],[77.0504421,28.4029377],[77.0503933,28.4029155],[77.0503444,28.4028933],[77.0502955,28.402871],[77.0502467,28.4028488],[77.0501978,28.4028266],[77.0501489,28.4028043],[77.0501001,28.4027821],[77.0500512,28.4027599],[77.0500024,28.4027376],[77.0499535,28.4027154],[77.0499046,28.4026932],[77.0498558,28.4026709],[77.0498069,28.4026487],[77.049758,28.4026265],[77.0497092,28.4026042],[77.0496603,28.402582],[77.0496115,28.4025598],[77.0495626,28.4025375],[77.0495137,28.4025153],[77.0494649,28.4024931],[77.049416,28.4024708],[77.0493672,28.4024486],[77.0493183,28.4024264],[77.0492694,28.4024041],[77.0492206,28.4023819],[77.0491717,28.4023596],[77.0491228,28.4023374],[77.049074,28.4023152],[77.0490251,28.4022929],[77.0489763,28.4022707],[77.0489274,28.4022485],[77.048919,28.4022447],[77.0489121,28.4022415],[77.0489052,28.4022384],[77.0488983,28.4022352],[77.0488914,28.4022321],[77.0488844,28.4022289],[77.0488775,28.4022258],[77.0488706,28.4022226],[77.0488637,28.4022195],[77.0488568,28.4022164],[77.0488498,28.4022132],[77.0488429,28.4022101],[77.048836,28.402207],[77.0488291,28.4022038],[77.0488222,28.4022007],[77.0488152,28.4021976],[77.0488083,28.4021944],[77.0488014,28.4021913],[77.0487944,28.4021882],[77.0487875,28.4021851],[77.0487806,28.402182],[77.0487736,28.4021789],[77.0487667,28.4021757],[77.0487597,28.4021726],[77.0487528,28.4021695],[77.0487459,28.4021664],[77.0487389,28.4021633],[77.048732,28.4021603],[77.048725,28.4021572],[77.048718,28.4021541],[77.0487111,28.402151],[77.0487041,28.4021479],[77.0486972,28.4021449],[77.0486902,28.4021418],[77.0486832,28.4021388],[77.0486763,28.4021357],[77.0486693,28.4021327],[77.0486623,28.4021296],[77.0486553,28.4021266],[77.0486483,28.4021236],[77.0486413,28.4021206],[77.0486344,28.4021176],[77.0486274,28.4021146],[77.0486204,28.4021116],[77.0486133,28.4021086],[77.0486063,28.4021055],[77.0485977,28.4021019],[77.0485891,28.4020983],[77.0485805,28.4020946],[77.0485719,28.402091],[77.0485633,28.4020874],[77.0485546,28.4020838],[77.048546,28.4020802],[77.0485374,28.4020767],[77.0485287,28.4020731],[77.0485201,28.4020696],[77.0485114,28.402066],[77.0485028,28.4020625],[77.0484941,28.402059],[77.0484855,28.4020555],[77.0484768,28.402052],[77.0484681,28.4020485],[77.0484594,28.402045],[77.0484507,28.4020416],[77.0484421,28.4020381],[77.0484334,28.4020347],[77.0484246,28.4020313],[77.0484159,28.4020279],[77.0484072,28.4020244],[77.0483985,28.4020211],[77.0483898,28.4020177],[77.048381,28.4020143],[77.0483723,28.4020109],[77.0483635,28.4020076],[77.0483548,28.4020043],[77.048346,28.4020009],[77.0483373,28.4019976],[77.0483285,28.4019943],[77.0483197,28.401991],[77.048311,28.4019877],[77.0483022,28.4019845],[77.0482934,28.4019812],[77.0482846,28.4019779],[77.0482758,28.4019747],[77.048267,28.4019715],[77.0482582,28.4019683],[77.0482494,28.4019651],[77.0482406,28.4019619],[77.0482317,28.4019587],[77.0482229,28.4019555],[77.0482141,28.4019524],[77.0482055,28.4019493],[77.0481983,28.4019467],[77.048191,28.4019442],[77.0481838,28.4019416],[77.0481766,28.4019391],[77.0481694,28.4019366],[77.0481621,28.401934],[77.0481549,28.4019315],[77.0481476,28.401929],[77.0481404,28.4019265],[77.0481332,28.401924],[77.0481259,28.4019215],[77.0481187,28.401919],[77.0481114,28.4019165],[77.0481042,28.401914],[77.0480969,28.4019116],[77.0480896,28.4019091],[77.0480824,28.4019066],[77.0480751,28.4019042],[77.0480678,28.4019017],[77.0480606,28.4018993],[77.0480533,28.4018968],[77.048046,28.4018944],[77.0480388,28.4018919],[77.0480315,28.4018895],[77.0480242,28.4018871],[77.0480169,28.4018846],[77.0480096,28.4018822],[77.0480024,28.4018798],[77.0479951,28.4018774],[77.0479878,28.401875],[77.0479805,28.4018725],[77.0479732,28.4018701],[77.047966,28.4018677],[77.0479587,28.4018653],[77.0479514,28.4018629],[77.0479441,28.4018605],[77.0479368,28.4018581],[77.0479295,28.4018557],[77.0479222,28.4018533],[77.0479149,28.4018509],[77.0479076,28.4018485],[77.0479003,28.4018461],[77.047893,28.4018437],[77.0478858,28.4018413],[77.0478785,28.4018389],[77.0478629,28.4018339],[77.0478199,28.4018197],[77.0477768,28.4018056],[77.0477338,28.4017914],[77.0476907,28.4017773],[77.0476476,28.4017632],[77.0476046,28.401749],[77.0475615,28.4017349],[77.0475184,28.4017208],[77.0474754,28.4017066],[77.0474323,28.4016925],[77.0473892,28.4016783],[77.0473462,28.4016642],[77.0473031,28.4016501],[77.04726,28.4016359],[77.047217,28.4016218],[77.0471739,28.4016077],[77.0471308,28.4015935],[77.0470878,28.4015794],[77.0470447,28.4015652],[77.0470016,28.4015511],[77.0469586,28.401537],[77.0469155,28.4015228],[77.0468724,28.4015087],[77.0468294,28.4014946],[77.0467863,28.4014804],[77.0467432,28.4014663],[77.0467002,28.4014521],[77.0466571,28.401438],[77.0466141,28.4014239],[77.046571,28.4014097],[77.0465279,28.4013956],[77.0464849,28.4013814],[77.0464418,28.4013673],[77.0463987,28.4013532],[77.0463557,28.401339],[77.0463126,28.4013249],[77.0462695,28.4013108],[77.0462265,28.4012966],[77.0461834,28.4012825],[77.0461403,28.4012683],[77.0460973,28.4012542],[77.0460542,28.4012401],[77.0460111,28.4012259],[77.0459681,28.4012118],[77.045925,28.4011977],[77.045892,28.4011868],[77.0458805,28.4011831],[77.0458691,28.4011793],[77.0458576,28.4011755],[77.0458462,28.4011718],[77.0458347,28.401168],[77.0458232,28.4011643],[77.0458118,28.4011605],[77.0458003,28.4011568],[77.0457888,28.4011531],[77.0457773,28.4011494],[77.0457659,28.4011456],[77.0457544,28.4011419],[77.0457429,28.4011383],[77.0457314,28.4011346],[77.0457199,28.4011309],[77.0457084,28.4011273],[77.0456969,28.4011236],[77.0456854,28.40112],[77.0456738,28.4011164],[77.0456623,28.4011128],[77.0456508,28.4011092],[77.0456392,28.4011057],[77.0456277,28.4011022],[77.0456161,28.4010986],[77.0456045,28.4010952],[77.045593,28.4010917],[77.0455814,28.4010882],[77.0455698,28.4010848],[77.0455582,28.4010814],[77.0455466,28.4010781],[77.0455349,28.4010747],[77.0455233,28.4010714],[77.0455117,28.4010681],[77.0455,28.4010649],[77.0454883,28.4010617],[77.0454767,28.4010585],[77.045465,28.4010553],[77.0454533,28.4010522],[77.0454416,28.4010491],[77.0454298,28.401046],[77.0454181,28.401043],[77.0454063,28.40104],[77.0453946,28.4010371],[77.0453828,28.4010342],[77.045371,28.4010313],[77.0453585,28.4010283],[77.0453448,28.4010251],[77.0453311,28.401022],[77.0453175,28.4010189],[77.0453037,28.4010158],[77.04529,28.4010128],[77.0452763,28.4010099],[77.0452625,28.401007],[77.0452487,28.4010042],[77.0452349,28.4010015],[77.0452211,28.4009987],[77.0452073,28.4009961],[77.0451934,28.4009935],[77.0451796,28.400991],[77.0451657,28.4009885],[77.0451518,28.4009861],[77.0451379,28.4009837],[77.045124,28.4009814],[77.04511,28.4009791],[77.0450961,28.4009769],[77.0450821,28.4009748],[77.0450682,28.4009727],[77.0450542,28.4009707],[77.0450402,28.4009687],[77.0450262,28.4009668],[77.0450122,28.4009649],[77.0449982,28.4009631],[77.0449842,28.4009614],[77.0449701,28.4009597],[77.0449561,28.4009581],[77.044942,28.4009565],[77.044928,28.400955],[77.0449139,28.4009535],[77.0448998,28.4009521],[77.0448858,28.4009508],[77.0448717,28.4009495],[77.0448576,28.4009483],[77.0448435,28.4009471],[77.0448294,28.400946],[77.0448153,28.400945],[77.0448012,28.400944],[77.0447871,28.4009431],[77.044773,28.4009422],[77.0447589,28.4009414],[77.0447448,28.4009406],[77.0447307,28.4009399],[77.0447175,28.4009393],[77.0447053,28.4009388],[77.0446931,28.4009383],[77.0446809,28.4009379],[77.0446687,28.4009375],[77.0446565,28.4009371],[77.0446443,28.4009368],[77.044632,28.4009365],[77.0446198,28.4009363],[77.0446076,28.4009361],[77.0445954,28.4009359],[77.0445832,28.4009358],[77.0445709,28.4009357],[77.0445587,28.4009356],[77.0445465,28.4009356],[77.0445343,28.4009355],[77.044522,28.4009355],[77.0445098,28.4009356],[77.0444976,28.4009357],[77.0444854,28.4009357],[77.0444731,28.4009359],[77.0444609,28.400936],[77.0444487,28.4009362],[77.0444365,28.4009364],[77.0444243,28.4009366],[77.044412,28.4009368],[77.0443998,28.400937],[77.0443876,28.4009373],[77.0443754,28.4009376],[77.0443632,28.4009379],[77.0443509,28.4009382],[77.0443387,28.4009385],[77.0443265,28.4009389],[77.0443143,28.4009392],[77.0443021,28.4009396],[77.0442899,28.40094],[77.0442776,28.4009403],[77.0442654,28.4009407],[77.0442532,28.4009411],[77.044241,28.4009416],[77.0442288,28.400942],[77.0442166,28.4009424],[77.0442044,28.4009428],[77.0441921,28.4009432],[77.0441799,28.4009437],[77.0441677,28.4009441],[77.0441277,28.4009455],[77.0440678,28.4009477],[77.0440078,28.4009498],[77.0439479,28.4009519],[77.0438879,28.400954],[77.043828,28.4009562],[77.043768,28.4009583],[77.0437081,28.4009604],[77.0436481,28.4009625],[77.0435882,28.4009647],[77.0435282,28.4009668],[77.0434683,28.4009689],[77.0434083,28.400971],[77.0433484,28.4009731],[77.0432884,28.4009753],[77.0432285,28.4009774],[77.0431685,28.4009795],[77.0431086,28.4009816],[77.0430487,28.4009838],[77.0429887,28.4009859],[77.0429288,28.400988],[77.0428688,28.4009901],[77.0428089,28.4009923],[77.0427489,28.4009944],[77.042689,28.4009965],[77.042629,28.4009986],[77.0425691,28.4010008],[77.0425091,28.4010029],[77.0424492,28.401005],[77.0423892,28.4010071],[77.0423293,28.4010093],[77.0422693,28.4010114],[77.0422094,28.4010135],[77.0421494,28.4010156],[77.0420895,28.4010178],[77.0420295,28.4010199],[77.0419696,28.401022],[77.0419097,28.4010241],[77.0418497,28.4010262],[77.0417898,28.4010284],[77.0417298,28.4010305],[77.0416699,28.4010326],[77.0416099,28.4010347],[77.04155,28.4010369],[77.04149,28.401039],[77.0414301,28.4010411],[77.0414051,28.401042],[77.0413973,28.4010423],[77.0413896,28.4010425],[77.0413818,28.4010428],[77.041374,28.4010431],[77.0413662,28.4010434],[77.0413585,28.4010436],[77.0413507,28.4010439],[77.0413429,28.4010442],[77.0413352,28.4010445],[77.0413274,28.4010447],[77.0413196,28.401045],[77.0413118,28.4010452],[77.0413041,28.4010455],[77.0412963,28.4010458],[77.0412885,28.401046],[77.0412807,28.4010463],[77.041273,28.4010465],[77.0412652,28.4010468],[77.0412574,28.401047],[77.0412497,28.4010473],[77.0412419,28.4010475],[77.0412341,28.4010477],[77.0412263,28.401048],[77.0412186,28.4010482],[77.0412108,28.4010484],[77.041203,28.4010486],[77.0411952,28.4010489],[77.0411875,28.4010491],[77.0411797,28.4010493],[77.0411719,28.4010495],[77.0411641,28.4010497],[77.0411564,28.4010499],[77.0411486,28.40105],[77.0411408,28.4010502],[77.041133,28.4010504],[77.0411253,28.4010506],[77.0411175,28.4010507],[77.0411097,28.4010509],[77.0411019,28.401051],[77.0410941,28.4010512],[77.0410864,28.4010513],[77.0410786,28.4010514],[77.0410708,28.4010516],[77.041063,28.4010517],[77.0410553,28.4010518],[77.0410431,28.4010519],[77.0410295,28.4010521],[77.0410159,28.4010522],[77.0410023,28.4010523],[77.0409887,28.4010524],[77.0409752,28.4010525],[77.0409616,28.4010525],[77.040948,28.4010525],[77.0409344,28.4010525],[77.0409208,28.4010525],[77.0409072,28.4010524],[77.0408936,28.4010524],[77.04088,28.4010523],[77.0408665,28.4010521],[77.0408529,28.401052],[77.0408393,28.4010518],[77.0408257,28.4010516],[77.0408121,28.4010514],[77.0407985,28.4010512],[77.0407849,28.4010509],[77.0407713,28.4010506],[77.0407578,28.4010503],[77.0407442,28.40105],[77.0407306,28.4010497],[77.040717,28.4010493],[77.0407034,28.4010489],[77.0406898,28.4010485],[77.0406763,28.401048],[77.0406627,28.4010476],[77.0406491,28.4010471],[77.0406355,28.4010466],[77.040622,28.401046],[77.0406084,28.4010455],[77.0405948,28.4010449],[77.0405812,28.4010443],[77.0405677,28.4010437],[77.0405541,28.401043],[77.0405405,28.4010423],[77.040527,28.4010417],[77.0405134,28.4010409],[77.0404998,28.4010402],[77.0404863,28.4010394],[77.0404727,28.4010386],[77.0404592,28.4010378],[77.0404456,28.401037],[77.0404321,28.4010362],[77.0404234,28.4010356],[77.0404157,28.4010351],[77.0404079,28.4010346],[77.0404002,28.4010341],[77.0403924,28.4010335],[77.0403846,28.401033],[77.0403769,28.4010325],[77.0403691,28.4010319],[77.0403614,28.4010314],[77.0403536,28.4010308],[77.0403459,28.4010302],[77.0403381,28.4010297],[77.0403304,28.4010291],[77.0403226,28.4010285],[77.0403149,28.4010279],[77.0403071,28.4010273],[77.0402994,28.4010267],[77.0402916,28.4010261],[77.0402839,28.4010255],[77.0402761,28.4010249],[77.0402684,28.4010243],[77.0402606,28.4010237],[77.0402529,28.401023],[77.0402451,28.4010224],[77.0402374,28.4010218],[77.0402297,28.4010212],[77.0402219,28.4010205],[77.0402142,28.4010199],[77.0402064,28.4010192],[77.0401987,28.4010186],[77.0401909,28.401018],[77.0401832,28.4010173],[77.0401754,28.4010167],[77.0401677,28.401016],[77.04016,28.4010153],[77.0401522,28.4010147],[77.0401445,28.401014],[77.0401367,28.4010134],[77.040129,28.4010127],[77.0401212,28.401012],[77.0401135,28.4010114],[77.0401058,28.4010107],[77.040098,28.40101],[77.0400903,28.4010093],[77.0400825,28.4010087],[77.0400748,28.401008],[77.0400692,28.4010075],[77.0400637,28.4010071],[77.0400583,28.4010066],[77.0400528,28.4010061],[77.0400473,28.4010056],[77.0400419,28.4010052],[77.0400364,28.4010047],[77.040031,28.4010042],[77.0400255,28.4010038],[77.04002,28.4010033],[77.0400146,28.4010028],[77.0400091,28.4010023],[77.0400036,28.4010019],[77.0399982,28.4010014],[77.0399927,28.4010009],[77.0399873,28.4010005],[77.0399818,28.401],[77.0399763,28.4009995],[77.0399709,28.400999],[77.0399654,28.4009986],[77.0399599,28.4009981],[77.0399545,28.4009976],[77.039949,28.4009972],[77.0399436,28.4009967],[77.0399381,28.4009962],[77.0399326,28.4009957],[77.0399272,28.4009953],[77.0399217,28.4009948],[77.0399163,28.4009943],[77.0399108,28.4009939],[77.0399053,28.4009934],[77.0398999,28.4009929],[77.0398944,28.4009924],[77.0398889,28.400992],[77.0398835,28.4009915],[77.039878,28.400991],[77.0398726,28.4009906],[77.0398671,28.4009901],[77.0398616,28.4009896],[77.0398562,28.4009891],[77.0398507,28.4009887],[77.0398453,28.4009882],[77.0398398,28.4009877],[77.0398343,28.4009873],[77.0398289,28.4009868],[77.0398235,28.4009863],[77.0398201,28.400986],[77.0398168,28.4009857],[77.0398135,28.4009855],[77.0398102,28.4009852],[77.0398069,28.4009849],[77.0398035,28.4009846],[77.0398002,28.4009843],[77.0397969,28.400984],[77.0397936,28.4009837],[77.0397903,28.4009834],[77.039787,28.4009832],[77.0397836,28.4009829],[77.0397803,28.4009826],[77.039777,28.4009823],[77.0397737,28.400982],[77.0397704,28.4009817],[77.039767,28.4009814],[77.0397637,28.4009811],[77.0397604,28.4009809],[77.0397571,28.4009806],[77.0397538,28.4009803],[77.0397505,28.40098],[77.0397471,28.4009797],[77.0397438,28.4009794],[77.0397405,28.4009791],[77.0397372,28.4009788],[77.0397339,28.4009786],[77.0397306,28.4009783],[77.0397272,28.400978],[77.0397239,28.4009777],[77.0397206,28.4009774],[77.0397173,28.4009771],[77.039714,28.4009768],[77.0397107,28.4009765],[77.0397073,28.4009762],[77.039704,28.4009759],[77.0397007,28.4009756],[77.0396974,28.4009754],[77.0396941,28.4009751],[77.0396907,28.4009748],[77.0396874,28.4009745],[77.0396841,28.4009742],[77.0396808,28.4009739],[77.0396775,28.4009736],[77.0396742,28.4009733],[77.0396702,28.4009729],[77.0396612,28.4009721],[77.0396522,28.4009713],[77.0396431,28.4009705],[77.0396341,28.4009697],[77.0396251,28.4009689],[77.0396161,28.4009681],[77.039607,28.4009672],[77.039598,28.4009664],[77.039589,28.4009656],[77.03958,28.4009648],[77.039571,28.4009639],[77.0395619,28.4009631],[77.0395529,28.4009623],[77.0395439,28.4009614],[77.0395349,28.4009606],[77.0395259,28.4009597],[77.0395168,28.4009589],[77.0395078,28.400958],[77.0394988,28.4009572],[77.0394898,28.4009563],[77.0394808,28.4009554],[77.0394717,28.4009546],[77.0394627,28.4009537],[77.0394537,28.4009528],[77.0394447,28.400952],[77.0394357,28.4009511],[77.0394267,28.4009502],[77.0394176,28.4009493],[77.0394086,28.4009484],[77.0393996,28.4009476],[77.0393906,28.4009467],[77.0393816,28.4009458],[77.0393726,28.4009449],[77.0393636,28.400944],[77.0393545,28.4009431],[77.0393455,28.4009422],[77.0393365,28.4009413],[77.0393275,28.4009404],[77.0393185,28.4009394],[77.0393095,28.4009385],[77.0393005,28.4009376],[77.0392915,28.4009367],[77.0392825,28.4009358],[77.0392734,28.4009348],[77.0392644,28.4009339],[77.0392566,28.4009331],[77.0392532,28.4009328],[77.0392499,28.4009324],[77.0392466,28.4009321],[77.0392433,28.4009317],[77.03924,28.4009314],[77.0392367,28.400931],[77.0392334,28.4009307],[77.0392301,28.4009303],[77.0392268,28.40093],[77.0392235,28.4009296],[77.0392201,28.4009293],[77.0392168,28.400929],[77.0392135,28.4009286],[77.0392102,28.4009283],[77.0392069,28.4009279],[77.0392036,28.4009276],[77.0392003,28.4009272],[77.039197,28.4009269],[77.0391937,28.4009265],[77.0391903,28.4009262],[77.039187,28.4009258],[77.0391837,28.4009255],[77.0391804,28.4009251],[77.0391771,28.4009248],[77.0391738,28.4009244],[77.0391705,28.4009241],[77.0391672,28.4009237],[77.0391639,28.4009234],[77.0391606,28.400923],[77.0391572,28.4009227],[77.0391539,28.4009223],[77.0391506,28.400922],[77.0391473,28.4009216],[77.039144,28.4009213],[77.0391407,28.4009209],[77.0391374,28.4009206],[77.0391341,28.4009202],[77.0391308,28.4009199],[77.0391275,28.4009195],[77.0391241,28.4009192],[77.0391208,28.4009188],[77.0391175,28.4009185],[77.0391142,28.4009181],[77.0391109,28.4009177],[77.0391076,28.4009174],[77.0390937,28.4009159],[77.0390535,28.4009116],[77.0390134,28.4009074],[77.0389732,28.4009031],[77.038933,28.4008988],[77.0388929,28.4008946],[77.0388527,28.4008903],[77.0388125,28.400886],[77.0387724,28.4008818],[77.0387322,28.4008775],[77.038692,28.4008732],[77.0386518,28.4008689],[77.0386117,28.4008647],[77.0385715,28.4008604],[77.0385313,28.4008561],[77.0384912,28.4008519],[77.038451,28.4008476],[77.0384108,28.4008433],[77.0383707,28.4008391],[77.0383305,28.4008348],[77.0382903,28.4008305],[77.0382502,28.4008262],[77.03821,28.400822],[77.0381698,28.4008177],[77.0381297,28.4008134],[77.0380895,28.4008092],[77.0380493,28.4008049],[77.0380092,28.4008006],[77.037969,28.4007963],[77.0379288,28.4007921],[77.0378886,28.4007878],[77.0378485,28.4007835],[77.0378083,28.4007793],[77.0377681,28.400775],[77.037728,28.4007707],[77.0376878,28.4007665],[77.0376476,28.4007622],[77.0376075,28.4007579],[77.0375673,28.4007536],[77.0375271,28.4007494],[77.037487,28.4007451],[77.0374468,28.4007408],[77.0374066,28.4007366],[77.0373665,28.4007323],[77.0373263,28.400728],[77.0372861,28.4007238],[77.0372598,28.400721],[77.0372565,28.4007206],[77.0372532,28.4007202],[77.0372499,28.4007199],[77.0372466,28.4007195],[77.0372432,28.4007192],[77.0372399,28.4007188],[77.0372366,28.4007185],[77.0372333,28.4007181],[77.03723,28.4007178],[77.0372267,28.4007174],[77.0372234,28.4007171],[77.0372201,28.4007167],[77.0372168,28.4007164],[77.0372135,28.400716],[77.0372101,28.4007157],[77.0372068,28.4007153],[77.0372035,28.400715],[77.0372002,28.4007146],[77.0371969,28.4007143],[77.0371936,28.4007139],[77.0371903,28.4007136],[77.037187,28.4007132],[77.0371837,28.4007129],[77.0371804,28.4007125],[77.037177,28.4007122],[77.0371737,28.4007118],[77.0371704,28.4007115],[77.0371671,28.4007111],[77.0371638,28.4007108],[77.0371605,28.4007104],[77.0371572,28.4007101],[77.0371539,28.4007098],[77.0371506,28.4007094],[77.0371473,28.4007091],[77.0371439,28.4007087],[77.0371406,28.4007084],[77.0371373,28.400708],[77.037134,28.4007077],[77.0371307,28.4007073],[77.0371274,28.400707],[77.0371241,28.4007067],[77.0371208,28.4007063],[77.0371175,28.400706],[77.0371141,28.4007056],[77.0371108,28.4007053],[77.0371056,28.4007048],[77.037098,28.400704],[77.0370905,28.4007032],[77.037083,28.4007025],[77.0370755,28.4007017],[77.0370679,28.4007009],[77.0370604,28.4007002],[77.0370529,28.4006994],[77.0370453,28.4006987],[77.0370378,28.4006979],[77.0370303,28.4006972],[77.0370228,28.4006965],[77.0370152,28.4006957],[77.0370077,28.400695],[77.0370002,28.4006943],[77.0369926,28.4006935],[77.0369851,28.4006928],[77.0369776,28.4006921],[77.03697,28.4006914],[77.0369625,28.4006906],[77.036955,28.4006899],[77.0369474,28.4006892],[77.0369399,28.4006885],[77.0369324,28.4006878],[77.0369248,28.4006871],[77.0369173,28.4006864],[77.0369098,28.4006857],[77.0369022,28.400685],[77.0368947,28.4006843],[77.0368872,28.4006836],[77.0368796,28.4006829],[77.0368721,28.4006823],[77.0368646,28.4006816],[77.036857,28.4006809],[77.0368495,28.4006802],[77.0368419,28.4006795],[77.0368344,28.4006789],[77.0368269,28.4006782],[77.0368193,28.4006775],[77.0368118,28.4006769],[77.0368042,28.4006762],[77.0367967,28.4006756],[77.0367892,28.4006749],[77.0367816,28.4006743],[77.0367741,28.4006736],[77.0367665,28.400673],[77.0367613,28.4006725],[77.036758,28.4006722],[77.0367547,28.400672],[77.0367514,28.4006717],[77.0367481,28.4006714],[77.0367447,28.4006711],[77.0367414,28.4006708],[77.0367381,28.4006706],[77.0367348,28.4006703],[77.0367315,28.40067],[77.0367281,28.4006697],[77.0367248,28.4006695],[77.0367215,28.4006692],[77.0367182,28.4006689],[77.0367149,28.4006686],[77.0367116,28.4006684],[77.0367082,28.4006681],[77.0367049,28.4006678],[77.0367016,28.4006675],[77.0366983,28.4006673],[77.036695,28.400667],[77.0366916,28.4006667],[77.0366883,28.4006664],[77.036685,28.4006662],[77.0366817,28.4006659],[77.0366784,28.4006656],[77.036675,28.4006653],[77.0366717,28.4006651],[77.0366684,28.4006648],[77.0366651,28.4006645],[77.0366618,28.4006643],[77.0366584,28.400664],[77.0366551,28.4006637],[77.0366518,28.4006634],[77.0366485,28.4006632],[77.0366452,28.4006629],[77.0366418,28.4006626],[77.0366385,28.4006624],[77.0366352,28.4006621],[77.0366319,28.4006618],[77.0366286,28.4006616],[77.0366252,28.4006613],[77.0366219,28.400661],[77.0366186,28.4006607],[77.0366153,28.4006605],[77.036612,28.4006602],[77.0365433,28.4006546],[77.0364378,28.4006461],[77.0363323,28.4006375],[77.0362268,28.4006289],[77.0361213,28.4006203],[77.0360158,28.4006118],[77.0359103,28.4006032],[77.0358048,28.4005946],[77.0356993,28.4005861],[77.0355939,28.4005775],[77.0354884,28.4005689],[77.0353829,28.4005604],[77.0352774,28.4005518],[77.0351719,28.4005432],[77.0350664,28.4005346],[77.0349609,28.4005261],[77.0348554,28.4005175],[77.0347499,28.4005089],[77.0346444,28.4005004],[77.034539,28.4004918],[77.0344335,28.4004832],[77.034328,28.4004746],[77.0342225,28.4004661],[77.034117,28.4004575],[77.0340115,28.4004489],[77.033906,28.4004403],[77.0338005,28.4004318],[77.033695,28.4004232],[77.0335895,28.4004146],[77.0334841,28.4004061],[77.0333786,28.4003975],[77.0332731,28.4003889],[77.0331676,28.4003803],[77.0330621,28.4003718],[77.0329566,28.4003632],[77.0328511,28.4003546],[77.0327456,28.4003461],[77.0326401,28.4003375],[77.0325346,28.4003289],[77.0324291,28.4003203],[77.0323237,28.4003118],[77.0322182,28.4003032],[77.0321127,28.4002946],[77.0320072,28.400286],[77.0319017,28.4002775],[77.0317962,28.4002689],[77.0317611,28.400266],[77.0317522,28.4002653],[77.0317434,28.4002646],[77.0317345,28.4002639],[77.0317257,28.4002632],[77.0317168,28.4002624],[77.031708,28.4002617],[77.0316991,28.400261],[77.0316902,28.4002603],[77.0316814,28.4002596],[77.0316725,28.4002589],[77.0316637,28.4002582],[77.0316548,28.4002575],[77.031646,28.4002568],[77.0316371,28.4002561],[77.0316283,28.4002554],[77.0316194,28.4002547],[77.0316106,28.400254],[77.0316017,28.4002534],[77.0315928,28.4002527],[77.031584,28.400252],[77.0315751,28.4002513],[77.0315663,28.4002507],[77.0315574,28.40025],[77.0315485,28.4002494],[77.0315397,28.4002487],[77.0315308,28.4002481],[77.031522,28.4002475],[77.0315131,28.4002469],[77.0315042,28.4002462],[77.0314954,28.4002456],[77.0314865,28.400245],[77.0314776,28.4002444],[77.0314688,28.4002439],[77.0314599,28.4002433],[77.0314511,28.4002427],[77.0314422,28.4002422],[77.0314333,28.4002416],[77.0314244,28.4002411],[77.0314156,28.4002406],[77.0314067,28.40024],[77.0313978,28.4002395],[77.031389,28.400239],[77.0313801,28.4002385],[77.0313712,28.4002381],[77.0313623,28.4002376],[77.0313537,28.4002372],[77.0313451,28.4002367],[77.0313365,28.4002363],[77.0313278,28.4002359],[77.0313192,28.4002355],[77.0313106,28.4002351],[77.031302,28.4002347],[77.0312934,28.4002344],[77.0312847,28.400234],[77.0312761,28.4002337],[77.0312675,28.4002333],[77.0312589,28.400233],[77.0312503,28.4002327],[77.0312416,28.4002324],[77.031233,28.4002321],[77.0312244,28.4002318],[77.0312158,28.4002316],[77.0312071,28.4002313],[77.0311985,28.4002311],[77.0311899,28.4002308],[77.0311813,28.4002306],[77.0311726,28.4002304],[77.031164,28.4002302],[77.0311554,28.40023],[77.0311467,28.4002298],[77.0311381,28.4002296],[77.0311295,28.4002295],[77.0311209,28.4002293],[77.0311122,28.4002292],[77.0311036,28.400229],[77.031095,28.4002289],[77.0310863,28.4002288],[77.0310777,28.4002287],[77.0310691,28.4002286],[77.0310604,28.4002285],[77.0310518,28.4002285],[77.0310432,28.4002284],[77.0310346,28.4002284],[77.0310259,28.4002283],[77.0310173,28.4002283],[77.0310087,28.4002283],[77.031,28.4002283],[77.0309914,28.4002283],[77.0309828,28.4002283],[77.0309742,28.4002284],[77.0309655,28.4002284],[77.0309567,28.4002285],[77.0309478,28.4002285],[77.0309389,28.4002286],[77.03093,28.4002287],[77.0309211,28.4002288],[77.0309122,28.4002289],[77.0309033,28.400229],[77.0308944,28.4002291],[77.0308856,28.4002293],[77.0308767,28.4002294],[77.0308678,28.4002296],[77.0308589,28.4002297],[77.03085,28.4002299],[77.0308411,28.4002301],[77.0308322,28.4002303],[77.0308233,28.4002305],[77.0308145,28.4002307],[77.0308056,28.4002309],[77.0307967,28.4002311],[77.0307878,28.4002314],[77.0307789,28.4002316],[77.03077,28.4002318],[77.0307611,28.4002321],[77.0307523,28.4002323],[77.0307434,28.4002326],[77.0307345,28.4002328],[77.0307256,28.4002331],[77.0307167,28.4002334],[77.0307078,28.4002336],[77.0306989,28.4002339],[77.0306901,28.4002342],[77.0306812,28.4002345],[77.0306723,28.4002348],[77.0306634,28.400235],[77.0306545,28.4002353],[77.0306456,28.4002356],[77.0306368,28.4002359],[77.0306279,28.4002362],[77.030619,28.4002366],[77.0306101,28.4002369],[77.0306012,28.4002372],[77.0305923,28.4002375],[77.0305835,28.4002378],[77.0305746,28.4002381],[77.0305657,28.4002384],[77.0305568,28.4002387],[77.0304629,28.400242],[77.0303683,28.4002454],[77.0302738,28.4002487],[77.0301792,28.400252],[77.0300846,28.4002553],[77.0299901,28.4002587],[77.0298955,28.400262],[77.0298009,28.4002653],[77.0297063,28.4002686],[77.0296118,28.4002719],[77.0295172,28.4002753],[77.0294226,28.4002786],[77.0293281,28.4002819],[77.0292335,28.4002852],[77.0291389,28.4002886],[77.0290444,28.4002919],[77.0289498,28.4002952],[77.0288552,28.4002985],[77.0287607,28.4003018],[77.0286661,28.4003052],[77.0285715,28.4003085],[77.0284769,28.4003118],[77.0283824,28.4003151],[77.0282878,28.4003184],[77.0281932,28.4003218],[77.0280987,28.4003251],[77.0280041,28.4003284],[77.0279095,28.4003317],[77.027815,28.400335],[77.0277204,28.4003384],[77.0276258,28.4003417],[77.0275312,28.400345],[77.0274367,28.4003483],[77.0273421,28.4003517],[77.0272475,28.400355],[77.027153,28.4003583],[77.0270584,28.4003616],[77.0269638,28.4003649],[77.0268693,28.4003683],[77.0267747,28.4003716],[77.0266801,28.4003749],[77.0265855,28.4003782],[77.026491,28.4003815],[77.0263964,28.4003849],[77.0263018,28.4003882],[77.0262146,28.4003912],[77.0262113,28.4003914],[77.0262079,28.4003915],[77.0262046,28.4003916],[77.0262013,28.4003917],[77.026198,28.4003918],[77.0261946,28.4003919],[77.0261913,28.4003921],[77.026188,28.4003922],[77.0261846,28.4003923],[77.0261813,28.4003924],[77.026178,28.4003925],[77.0261746,28.4003926],[77.0261713,28.4003928],[77.026168,28.4003929],[77.0261646,28.400393],[77.0261613,28.4003931],[77.026158,28.4003932],[77.0261547,28.4003933],[77.0261513,28.4003935],[77.026148,28.4003936],[77.0261447,28.4003937],[77.0261413,28.4003938],[77.026138,28.4003939],[77.0261347,28.400394],[77.0261313,28.4003941],[77.026128,28.4003943],[77.0261247,28.4003944],[77.0261213,28.4003945],[77.026118,28.4003946],[77.0261147,28.4003947],[77.0261113,28.4003948],[77.026108,28.4003949],[77.0261047,28.4003951],[77.0261014,28.4003952],[77.026098,28.4003953],[77.0260947,28.4003954],[77.0260914,28.4003955],[77.026088,28.4003956],[77.0260847,28.4003957],[77.0260814,28.4003959],[77.026078,28.400396],[77.0260747,28.4003961],[77.0260714,28.4003962],[77.026068,28.4003963],[77.0260647,28.4003964],[77.0260606,28.4003966],[77.0260525,28.4003968],[77.0260445,28.4003971],[77.0260365,28.4003974],[77.0260284,28.4003976],[77.0260204,28.4003979],[77.0260123,28.4003981],[77.0260043,28.4003984],[77.0259962,28.4003987],[77.0259882,28.4003989],[77.0259802,28.4003992],[77.0259721,28.4003994],[77.0259641,28.4003997],[77.025956,28.4003999],[77.025948,28.4004002],[77.0259399,28.4004004],[77.0259319,28.4004007],[77.0259238,28.4004009],[77.0259158,28.4004012],[77.0259078,28.4004014],[77.0258997,28.4004016],[77.0258917,28.4004019],[77.0258836,28.4004021],[77.0258756,28.4004024],[77.0258675,28.4004026],[77.0258595,28.4004028],[77.0258514,28.4004031],[77.0258434,28.4004033],[77.0258354,28.4004035],[77.0258273,28.4004038],[77.0258193,28.400404],[77.0258112,28.4004042],[77.0258032,28.4004044],[77.0257951,28.4004047],[77.0257871,28.4004049],[77.025779,28.4004051],[77.025771,28.4004053],[77.025763,28.4004055],[77.0257549,28.4004058],[77.0257469,28.400406],[77.0257388,28.4004062],[77.0257308,28.4004064],[77.0257227,28.4004066],[77.0257147,28.4004068],[77.0257066,28.400407],[77.0256986,28.4004072],[77.0256918,28.4004074],[77.0256884,28.4004075],[77.0256851,28.4004076],[77.0256818,28.4004077],[77.0256784,28.4004077],[77.0256751,28.4004078],[77.0256718,28.4004079],[77.0256684,28.400408],[77.0256651,28.4004081],[77.0256618,28.4004082],[77.0256584,28.4004082],[77.0256551,28.4004083],[77.0256518,28.4004084],[77.0256484,28.4004085],[77.0256451,28.4004086],[77.0256418,28.4004086],[77.0256384,28.4004087],[77.0256351,28.4004088],[77.0256318,28.4004089],[77.0256284,28.400409],[77.0256251,28.4004091],[77.0256218,28.4004091],[77.0256184,28.4004092],[77.0256151,28.4004093],[77.0256118,28.4004094],[77.0256084,28.4004095],[77.0256051,28.4004095],[77.0256018,28.4004096],[77.0255984,28.4004097],[77.0255951,28.4004098],[77.0255918,28.4004099],[77.0255885,28.4004099],[77.0255851,28.40041],[77.0255818,28.4004101],[77.0255785,28.4004102],[77.0255751,28.4004103],[77.0255718,28.4004103],[77.0255685,28.4004104],[77.0255651,28.4004105],[77.0255618,28.4004106],[77.0255585,28.4004107],[77.0255551,28.4004107],[77.0255518,28.4004108],[77.0255485,28.4004109],[77.0255451,28.400411],[77.0255418,28.400411],[77.0255335,28.4004112],[77.0255159,28.4004117],[77.0254983,28.4004121],[77.0254806,28.4004125],[77.025463,28.4004129],[77.0254454,28.4004133],[77.0254278,28.4004138],[77.0254101,28.4004142],[77.0253925,28.4004146],[77.0253749,28.400415],[77.0253572,28.4004154],[77.0253396,28.4004159],[77.025322,28.4004163],[77.0253043,28.4004167],[77.0252867,28.4004171],[77.0252691,28.4004175],[77.0252515,28.4004179],[77.0252338,28.4004184],[77.0252162,28.4004188],[77.0251986,28.4004192],[77.0251809,28.4004196],[77.0251633,28.40042],[77.0251457,28.4004205],[77.025128,28.4004209],[77.0251104,28.4004213],[77.0250928,28.4004217],[77.0250752,28.4004221],[77.0250575,28.4004226],[77.0250399,28.400423],[77.0250223,28.4004234],[77.0250046,28.4004238],[77.024987,28.4004242],[77.0249694,28.4004247],[77.0249517,28.4004251],[77.0249341,28.4004255],[77.0249165,28.4004259],[77.0248989,28.4004263],[77.0248812,28.4004267],[77.0248636,28.4004272],[77.024846,28.4004276],[77.0248283,28.400428],[77.0248107,28.4004284],[77.0247931,28.4004288],[77.0247754,28.4004293],[77.0247578,28.4004297],[77.0247402,28.4004301],[77.0247287,28.4004304],[77.0247254,28.4004304],[77.0247221,28.4004305],[77.0247187,28.4004306],[77.0247154,28.4004307],[77.0247121,28.4004308],[77.0247087,28.4004308],[77.0247054,28.4004309],[77.0247021,28.400431],[77.0246988,28.4004311],[77.0246954,28.4004312],[77.0246921,28.4004312],[77.0246888,28.4004313],[77.0246854,28.4004314],[77.0246821,28.4004315],[77.0246788,28.4004316],[77.0246754,28.4004316],[77.0246721,28.4004317],[77.0246688,28.4004318],[77.0246654,28.4004319],[77.0246621,28.4004319],[77.0246588,28.400432],[77.0246554,28.4004321],[77.0246521,28.4004322],[77.0246488,28.4004323],[77.0246454,28.4004323],[77.0246421,28.4004324],[77.0246388,28.4004325],[77.0246354,28.4004326],[77.0246321,28.4004326],[77.0246288,28.4004327],[77.0246254,28.4004328],[77.0246221,28.4004329],[77.0246188,28.4004329],[77.0246154,28.400433],[77.0246121,28.4004331],[77.0246088,28.4004332],[77.0246054,28.4004332],[77.0246021,28.4004333],[77.0245988,28.4004334],[77.0245954,28.4004335],[77.0245921,28.4004335],[77.0245888,28.4004336],[77.0245854,28.4004337],[77.0245821,28.4004337],[77.0245788,28.4004338],[77.0245733,28.4004339],[77.0245657,28.4004341],[77.0245582,28.4004343],[77.0245507,28.4004344],[77.0245432,28.4004346],[77.0245357,28.4004347],[77.0245281,28.4004349],[77.0245206,28.400435],[77.0245131,28.4004352],[77.0245056,28.4004353],[77.024498,28.4004355],[77.0244905,28.4004356],[77.024483,28.4004358],[77.0244755,28.4004359],[77.0244679,28.400436],[77.0244604,28.4004362],[77.0244529,28.4004363],[77.0244454,28.4004364],[77.0244379,28.4004366],[77.0244303,28.4004367],[77.0244228,28.4004368],[77.0244153,28.400437],[77.0244078,28.4004371],[77.0244002,28.4004372],[77.0243927,28.4004373],[77.0243852,28.4004375],[77.0243777,28.4004376],[77.0243701,28.4004377],[77.0243626,28.4004378],[77.0243551,28.4004379],[77.0243476,28.400438],[77.0243401,28.4004382],[77.0243325,28.4004383],[77.024325,28.4004384],[77.0243175,28.4004385],[77.02431,28.4004386],[77.0243024,28.4004387],[77.0242949,28.4004388],[77.0242874,28.4004389],[77.0242799,28.400439],[77.0242723,28.4004391],[77.0242648,28.4004392],[77.0242573,28.4004393],[77.0242498,28.4004394],[77.0242423,28.4004395],[77.0242347,28.4004395],[77.0242298,28.4004396],[77.0242264,28.4004396],[77.0242231,28.4004397],[77.0242198,28.4004397],[77.0242164,28.4004397],[77.0242131,28.4004398],[77.0242098,28.4004398],[77.0242064,28.4004399],[77.0242031,28.4004399],[77.0241998,28.4004399],[77.0241964,28.40044],[77.0241931,28.40044],[77.0241898,28.40044],[77.0241864,28.4004401],[77.0241831,28.4004401],[77.0241798,28.4004401],[77.0241764,28.4004402],[77.0241731,28.4004402],[77.0241698,28.4004402],[77.0241664,28.4004403],[77.0241631,28.4004403],[77.0241598,28.4004403],[77.0241564,28.4004404],[77.0241531,28.4004404],[77.0241498,28.4004404],[77.0241464,28.4004405],[77.0241431,28.4004405],[77.0241398,28.4004405],[77.0241364,28.4004406],[77.0241331,28.4004406],[77.0241298,28.4004406],[77.0241264,28.4004407],[77.0241231,28.4004407],[77.0241198,28.4004407],[77.0241164,28.4004408],[77.0241131,28.4004408],[77.0241098,28.4004408],[77.0241064,28.4004409],[77.0241031,28.4004409],[77.0240998,28.4004409],[77.0240964,28.400441],[77.0240931,28.400441],[77.0240898,28.400441],[77.0240864,28.400441],[77.0240831,28.4004411],[77.0240798,28.4004411],[77.0240071,28.4004418],[77.0239045,28.4004427],[77.0238018,28.4004437],[77.0236991,28.4004447],[77.0235964,28.4004456],[77.0234937,28.4004466],[77.0233911,28.4004475],[77.0232884,28.4004485],[77.0231857,28.4004495],[77.023083,28.4004504],[77.0229803,28.4004514],[77.0228777,28.4004523],[77.022775,28.4004533],[77.0226723,28.4004543],[77.0225696,28.4004552],[77.0224669,28.4004562],[77.0223642,28.4004571],[77.0222616,28.4004581],[77.0221589,28.400459],[77.0220562,28.40046],[77.0219535,28.400461],[77.0218508,28.4004619],[77.0217482,28.4004629],[77.0216455,28.4004638],[77.0215428,28.4004648],[77.0214401,28.4004658],[77.0213374,28.4004667],[77.0212348,28.4004677],[77.0211321,28.4004686],[77.0210294,28.4004696],[77.0209267,28.4004705],[77.020824,28.4004715],[77.0207214,28.4004725],[77.0206187,28.4004734],[77.020516,28.4004744],[77.0204133,28.4004753],[77.0203106,28.4004763],[77.0202079,28.4004772],[77.0201053,28.4004782],[77.0200026,28.4004792],[77.0198999,28.4004801],[77.0197972,28.4004811],[77.0196945,28.400482],[77.0195919,28.400483],[77.0194892,28.4004839],[77.0193865,28.4004849],[77.0193636,28.4004851],[77.0193625,28.4004851],[77.0193614,28.4004851],[77.0193603,28.4004851],[77.0193591,28.4004852],[77.019358,28.4004852],[77.0193569,28.4004852],[77.0193558,28.4004852],[77.0193547,28.4004852],[77.0193536,28.4004852],[77.0193525,28.4004852],[77.0193514,28.4004852],[77.0193503,28.4004852],[77.0193491,28.4004852],[77.019348,28.4004853],[77.0193469,28.4004853],[77.0193458,28.4004853],[77.0193447,28.4004853],[77.0193436,28.4004853],[77.0193425,28.4004853],[77.0193414,28.4004853],[77.0193403,28.4004853],[77.0193391,28.4004853],[77.019338,28.4004853],[77.0193369,28.4004854],[77.0193358,28.4004854],[77.0193347,28.4004854],[77.0193336,28.4004854],[77.0193325,28.4004854],[77.0193314,28.4004854],[77.0193303,28.4004854],[77.0193291,28.4004854],[77.019328,28.4004854],[77.0193269,28.4004855],[77.0193258,28.4004855],[77.0193247,28.4004855],[77.0193236,28.4004855],[77.0193225,28.4004855],[77.0193214,28.4004855],[77.0193203,28.4004855],[77.0193191,28.4004855],[77.019318,28.4004855],[77.0193169,28.4004856],[77.0193158,28.4004856],[77.0193147,28.4004856],[77.0193136,28.4004856],[77.019306,28.4004857],[77.0192974,28.4004857],[77.0192889,28.4004858],[77.0192803,28.4004859],[77.0192717,28.400486],[77.0192632,28.4004861],[77.0192546,28.4004862],[77.0192461,28.4004863],[77.0192375,28.4004864],[77.0192289,28.4004865],[77.0192204,28.4004866],[77.0192118,28.4004867],[77.0192033,28.4004868],[77.0191947,28.4004869],[77.0191861,28.400487],[77.0191776,28.4004871],[77.019169,28.4004872],[77.0191605,28.4004873],[77.0191519,28.4004874],[77.0191433,28.4004875],[77.0191348,28.4004876],[77.0191262,28.4004877],[77.0191177,28.4004878],[77.0191091,28.4004879],[77.0191005,28.4004881],[77.019092,28.4004882],[77.0190834,28.4004883],[77.0190749,28.4004884],[77.0190663,28.4004885],[77.0190578,28.4004886],[77.0190492,28.4004888],[77.0190406,28.4004889],[77.0190321,28.400489],[77.0190235,28.4004891],[77.019015,28.4004893],[77.0190064,28.4004894],[77.0189978,28.4004895],[77.0189893,28.4004897],[77.0189807,28.4004898],[77.0189722,28.4004899],[77.0189636,28.4004901],[77.018955,28.4004902],[77.0189465,28.4004903],[77.0189379,28.4004905],[77.0189294,28.4004906],[77.0189208,28.4004908],[77.0189194,28.4004908],[77.0189183,28.4004908],[77.0189172,28.4004908],[77.0189161,28.4004908],[77.018915,28.4004908],[77.0189139,28.4004909],[77.0189127,28.4004909],[77.0189116,28.4004909],[77.0189105,28.4004909],[77.0189094,28.4004909],[77.0189083,28.400491],[77.0189072,28.400491],[77.0189061,28.400491],[77.018905,28.400491],[77.0189039,28.400491],[77.0189028,28.4004911],[77.0189016,28.4004911],[77.0189005,28.4004911],[77.0188994,28.4004911],[77.0188983,28.4004911],[77.0188972,28.4004911],[77.0188961,28.4004912],[77.018895,28.4004912],[77.0188939,28.4004912],[77.0188928,28.4004912],[77.0188916,28.4004912],[77.0188905,28.4004913],[77.0188894,28.4004913],[77.0188883,28.4004913],[77.0188872,28.4004913],[77.0188861,28.4004913],[77.018885,28.4004914],[77.0188839,28.4004914],[77.0188828,28.4004914],[77.0188816,28.4004914],[77.0188805,28.4004914],[77.0188794,28.4004914],[77.0188783,28.4004915],[77.0188772,28.4004915],[77.0188761,28.4004915],[77.018875,28.4004915],[77.0188739,28.4004915],[77.0188728,28.4004916],[77.0188716,28.4004916],[77.0188705,28.4004916],[77.0188683,28.4004916],[77.0188451,28.400492],[77.0188219,28.4004924],[77.0187987,28.4004928],[77.0187754,28.4004932],[77.0187522,28.4004936],[77.018729,28.400494],[77.0187058,28.4004944],[77.0186826,28.4004948],[77.0186593,28.4004952],[77.0186361,28.4004956],[77.0186129,28.400496],[77.0185897,28.4004964],[77.0185664,28.4004968],[77.0185432,28.4004972],[77.01852,28.4004976],[77.0184968,28.400498],[77.0184736,28.4004983],[77.0184503,28.4004987],[77.0184271,28.4004991],[77.0184039,28.4004995],[77.0183807,28.4004999],[77.0183575,28.4005003],[77.0183342,28.4005007],[77.018311,28.4005011],[77.0182878,28.4005015],[77.0182646,28.4005019],[77.0182414,28.4005023],[77.0182181,28.4005027],[77.0181949,28.4005031],[77.0181717,28.4005035],[77.0181485,28.4005039],[77.0181253,28.4005043],[77.018102,28.4005047],[77.0180788,28.4005051],[77.0180556,28.4005055],[77.0180324,28.4005058],[77.0180092,28.4005062],[77.0179859,28.4005066],[77.0179627,28.400507],[77.0179395,28.4005074],[77.0179163,28.4005078],[77.017893,28.4005082],[77.0178698,28.4005086],[77.0178466,28.400509],[77.0178234,28.4005094],[77.0178029,28.4005098],[77.0177996,28.4005098],[77.0177962,28.4005099],[77.0177929,28.4005099],[77.0177896,28.40051],[77.0177862,28.40051],[77.0177829,28.4005101],[77.0177796,28.4005101],[77.0177762,28.4005102],[77.0177729,28.4005103],[77.0177696,28.4005103],[77.0177662,28.4005104],[77.0177629,28.4005104],[77.0177596,28.4005105],[77.0177562,28.4005105],[77.0177529,28.4005106],[77.0177496,28.4005106],[77.0177462,28.4005107],[77.0177429,28.4005108],[77.0177396,28.4005108],[77.0177362,28.4005109],[77.0177329,28.4005109],[77.0177296,28.400511],[77.0177262,28.400511],[77.0177229,28.4005111],[77.0177196,28.4005111],[77.0177162,28.4005112],[77.0177129,28.4005112],[77.0177096,28.4005113],[77.0177062,28.4005114],[77.0177029,28.4005114],[77.0176996,28.4005115],[77.0176962,28.4005115],[77.0176929,28.4005116],[77.0176896,28.4005116],[77.0176862,28.4005117],[77.0176829,28.4005117],[77.0176796,28.4005118],[77.0176763,28.4005118],[77.0176729,28.4005119],[77.0176696,28.4005119],[77.0176663,28.400512],[77.0176629,28.400512],[77.0176596,28.400512],[77.0176563,28.4005121],[77.0176529,28.4005121],[77.0176486,28.4005122],[77.0176411,28.4005123],[77.0176335,28.4005124],[77.017626,28.4005125],[77.0176184,28.4005126],[77.0176109,28.4005127],[77.0176033,28.4005128],[77.0175958,28.4005129],[77.0175882,28.4005129],[77.0175807,28.400513],[77.0175731,28.4005131],[77.0175656,28.4005132],[77.017558,28.4005133],[77.0175505,28.4005133],[77.0175429,28.4005134],[77.0175354,28.4005135],[77.0175278,28.4005135],[77.0175203,28.4005136],[77.0175127,28.4005136],[77.0175052,28.4005137],[77.0174976,28.4005138],[77.0174901,28.4005138],[77.0174825,28.4005139],[77.017475,28.4005139],[77.0174674,28.400514],[77.0174599,28.400514],[77.0174523,28.400514],[77.0174448,28.4005141],[77.0174372,28.4005141],[77.0174297,28.4005141],[77.0174221,28.4005142],[77.0174146,28.4005142],[77.017407,28.4005142],[77.0173995,28.4005142],[77.0173919,28.4005143],[77.0173844,28.4005143],[77.0173768,28.4005143],[77.0173693,28.4005143],[77.0173617,28.4005143],[77.0173542,28.4005143],[77.0173466,28.4005143],[77.0173391,28.4005143],[77.0173315,28.4005143],[77.017324,28.4005143],[77.0173164,28.4005143],[77.0173089,28.4005143],[77.0173026,28.4005143],[77.0172993,28.4005143],[77.017296,28.4005143],[77.0172926,28.4005143],[77.0172893,28.4005143],[77.017286,28.4005143],[77.0172826,28.4005143],[77.0172793,28.4005143],[77.017276,28.4005143],[77.0172726,28.4005143],[77.0172693,28.4005142],[77.017266,28.4005142],[77.0172626,28.4005142],[77.0172593,28.4005142],[77.017256,28.4005142],[77.0172526,28.4005142],[77.0172493,28.4005142],[77.017246,28.4005142],[77.0172426,28.4005142],[77.0172393,28.4005141],[77.017236,28.4005141],[77.0172326,28.4005141],[77.0172293,28.4005141],[77.017226,28.4005141],[77.0172226,28.4005141],[77.0172193,28.4005141],[77.017216,28.4005141],[77.0172126,28.400514],[77.0172093,28.400514],[77.017206,28.400514],[77.0172026,28.400514],[77.0171993,28.400514],[77.017196,28.400514],[77.0171926,28.400514],[77.0171893,28.4005139],[77.017186,28.4005139],[77.0171826,28.4005139],[77.0171793,28.4005139],[77.017176,28.4005139],[77.0171726,28.4005139],[77.0171693,28.4005139],[77.017166,28.4005138],[77.0171626,28.4005138],[77.0171593,28.4005138],[77.017156,28.4005138],[77.0171526,28.4005138],[77.0171456,28.4005137],[77.0171332,28.4005137],[77.0171208,28.4005136],[77.0171084,28.4005136],[77.017096,28.4005135],[77.0170836,28.4005135],[77.0170712,28.4005134],[77.0170588,28.4005133],[77.0170464,28.4005133],[77.017034,28.4005132],[77.0170215,28.4005132],[77.0170091,28.4005131],[77.0169967,28.4005131],[77.0169843,28.400513],[77.0169719,28.4005129],[77.0169595,28.4005129],[77.0169471,28.4005128],[77.0169347,28.4005128],[77.0169223,28.4005127],[77.0169099,28.4005126],[77.0168975,28.4005126],[77.016885,28.4005125],[77.0168726,28.4005125],[77.0168602,28.4005124],[77.0168478,28.4005124],[77.0168354,28.4005123],[77.016823,28.4005122],[77.0168106,28.4005122],[77.0167982,28.4005121],[77.0167858,28.4005121],[77.0167734,28.400512],[77.016761,28.400512],[77.0167486,28.4005119],[77.0167361,28.4005118],[77.0167237,28.4005118],[77.0167113,28.4005117],[77.0166989,28.4005117],[77.0166865,28.4005116],[77.0166741,28.4005115],[77.0166617,28.4005115],[77.0166493,28.4005114],[77.0166369,28.4005114],[77.0166245,28.4005113],[77.0166121,28.4005113],[77.0165996,28.4005112],[77.0165872,28.4005111],[77.0165787,28.4005111],[77.0165743,28.4005111],[77.0165698,28.4005111],[77.0165654,28.400511],[77.016561,28.400511],[77.0165565,28.400511],[77.0165521,28.400511],[77.0165476,28.400511],[77.0165432,28.4005109],[77.0165387,28.4005109],[77.0165343,28.4005109],[77.0165298,28.4005109],[77.0165254,28.4005109],[77.0165209,28.4005108],[77.0165165,28.4005108],[77.0165121,28.4005108],[77.0165076,28.4005108],[77.0165032,28.4005108],[77.0164987,28.4005108],[77.0164943,28.4005107],[77.0164898,28.4005107],[77.0164854,28.4005107],[77.0164809,28.4005107],[77.0164765,28.4005107],[77.0164721,28.4005107],[77.0164676,28.4005107],[77.0164632,28.4005106],[77.0164587,28.4005106],[77.0164543,28.4005106],[77.0164498,28.4005106],[77.0164454,28.4005106],[77.0164409,28.4005106],[77.0164365,28.4005106],[77.0164321,28.4005106],[77.0164276,28.4005106],[77.0164232,28.4005106],[77.0164187,28.4005106],[77.0164143,28.4005106],[77.0164098,28.4005105],[77.0164054,28.4005105],[77.0164009,28.4005105],[77.0163965,28.4005105],[77.016392,28.4005105],[77.0163876,28.4005106],[77.0163832,28.4005106],[77.0163787,28.4005106],[77.0163728,28.4005106],[77.0163657,28.4005106],[77.0163586,28.4005106],[77.0163516,28.4005106],[77.0163445,28.4005106],[77.0163375,28.4005107],[77.0163304,28.4005107],[77.0163234,28.4005107],[77.0163163,28.4005107],[77.0163093,28.4005108],[77.0163022,28.4005108],[77.0162951,28.4005109],[77.0162881,28.4005109],[77.016281,28.4005109],[77.016274,28.400511],[77.0162669,28.400511],[77.0162599,28.4005111],[77.0162528,28.4005112],[77.0162457,28.4005112],[77.0162387,28.4005113],[77.0162316,28.4005113],[77.0162246,28.4005114],[77.0162175,28.4005115],[77.0162105,28.4005116],[77.0162034,28.4005116],[77.0161964,28.4005117],[77.0161893,28.4005118],[77.0161822,28.4005119],[77.0161752,28.400512],[77.0161681,28.4005121],[77.0161611,28.4005122],[77.016154,28.4005123],[77.016147,28.4005124],[77.0161399,28.4005125],[77.0161329,28.4005126],[77.0161258,28.4005127],[77.0161187,28.4005128],[77.0161117,28.4005129],[77.0161046,28.400513],[77.0160976,28.4005132],[77.0160905,28.4005133],[77.0160835,28.4005134],[77.0160764,28.4005135],[77.0160694,28.4005137],[77.0160623,28.4005138],[77.0160553,28.4005139],[77.0160499,28.4005141],[77.0160455,28.4005141],[77.0160411,28.4005142],[77.0160366,28.4005143],[77.0160322,28.4005144],[77.0160277,28.4005145],[77.0160233,28.4005146],[77.0160188,28.4005147],[77.0160144,28.4005148],[77.0160099,28.4005149],[77.0160055,28.400515],[77.0160011,28.4005151],[77.0159966,28.4005152],[77.0159922,28.4005153],[77.0159877,28.4005154],[77.0159833,28.4005155],[77.0159788,28.4005156],[77.0159744,28.4005157],[77.01597,28.4005158],[77.0159655,28.4005159],[77.0159611,28.400516],[77.0159566,28.4005161],[77.0159522,28.4005162],[77.0159477,28.4005164],[77.0159433,28.4005165],[77.0159389,28.4005166],[77.0159344,28.4005167],[77.01593,28.4005168],[77.0159255,28.4005169],[77.0159211,28.400517],[77.0159166,28.4005171],[77.0159122,28.4005172],[77.0159078,28.4005173],[77.0159033,28.4005175],[77.0158989,28.4005176],[77.0158944,28.4005177],[77.01589,28.4005178],[77.0158855,28.4005179],[77.0158811,28.400518],[77.0158766,28.4005181],[77.0158722,28.4005183],[77.0158678,28.4005184],[77.0158633,28.4005185],[77.0158589,28.4005186],[77.0158544,28.4005187],[77.01585,28.4005188],[77.0158177,28.4005197],[77.0157764,28.4005207],[77.015735,28.4005218],[77.0156937,28.4005229],[77.0156524,28.4005239],[77.015611,28.400525],[77.0155697,28.4005261],[77.0155284,28.4005271],[77.0154871,28.4005282],[77.0154457,28.4005293],[77.0154044,28.4005303],[77.0153631,28.4005314],[77.0153217,28.4005325],[77.0152804,28.4005336],[77.0152391,28.4005346],[77.0151977,28.4005357],[77.0151564,28.4005368],[77.0151151,28.4005378],[77.0150737,28.4005389],[77.0150324,28.40054],[77.0149911,28.400541],[77.0149497,28.4005421],[77.0149084,28.4005432],[77.0148671,28.4005442],[77.0148257,28.4005453],[77.0147844,28.4005464],[77.0147431,28.4005474],[77.0147017,28.4005485],[77.0146604,28.4005496],[77.0146191,28.4005506],[77.0145778,28.4005517],[77.0145364,28.4005528],[77.0144951,28.4005538],[77.0144538,28.4005549],[77.0144124,28.400556],[77.0143711,28.400557],[77.0143298,28.4005581],[77.0142884,28.4005592],[77.0142471,28.4005602],[77.0142058,28.4005613],[77.0141644,28.4005624],[77.0141231,28.4005635],[77.0140818,28.4005645],[77.0140404,28.4005656],[77.0139991,28.4005667],[77.0139578,28.4005677],[77.0139485,28.400568],[77.0139451,28.400568],[77.0139418,28.4005681],[77.0139385,28.4005682],[77.0139351,28.4005683],[77.0139318,28.4005684],[77.0139285,28.4005685],[77.0139252,28.4005686],[77.0139218,28.4005686],[77.0139185,28.4005687],[77.0139152,28.4005688],[77.0139118,28.4005689],[77.0139085,28.400569],[77.0139052,28.4005691],[77.0139018,28.4005692],[77.0138985,28.4005692],[77.0138952,28.4005693],[77.0138918,28.4005694],[77.0138885,28.4005695],[77.0138852,28.4005696],[77.0138818,28.4005697],[77.0138785,28.4005698],[77.0138752,28.4005698],[77.0138718,28.4005699],[77.0138685,28.40057],[77.0138652,28.4005701],[77.0138618,28.4005702],[77.0138585,28.4005702],[77.0138552,28.4005703],[77.0138518,28.4005704],[77.0138485,28.4005705],[77.0138452,28.4005706],[77.0138418,28.4005707],[77.0138385,28.4005707],[77.0138352,28.4005708],[77.0138318,28.4005709],[77.0138285,28.400571],[77.0138252,28.4005711],[77.0138218,28.4005711],[77.0138185,28.4005712],[77.0138152,28.4005713],[77.0138119,28.4005714],[77.0138085,28.4005714],[77.0138052,28.4005715],[77.0138019,28.4005716],[77.0137985,28.4005717],[77.0137911,28.4005718],[77.0137833,28.400572],[77.0137755,28.4005722],[77.0137678,28.4005723],[77.01376,28.4005725],[77.0137522,28.4005727],[77.0137445,28.4005728],[77.0137367,28.400573],[77.013729,28.4005731],[77.0137212,28.4005733],[77.0137134,28.4005734],[77.0137057,28.4005736],[77.0136979,28.4005737],[77.0136901,28.4005739],[77.0136824,28.400574],[77.0136746,28.4005741],[77.0136668,28.4005743],[77.0136591,28.4005744],[77.0136513,28.4005745],[77.0136435,28.4005746],[77.0136358,28.4005748],[77.013628,28.4005749],[77.0136202,28.400575],[77.0136125,28.4005751],[77.0136047,28.4005752],[77.0135969,28.4005753],[77.0135892,28.4005754],[77.0135814,28.4005755],[77.0135737,28.4005756],[77.0135659,28.4005757],[77.0135581,28.4005758],[77.0135504,28.4005759],[77.0135426,28.400576],[77.0135348,28.4005761],[77.0135271,28.4005762],[77.0135193,28.4005763],[77.0135115,28.4005763],[77.0135038,28.4005764],[77.013496,28.4005765],[77.0134882,28.4005766],[77.0134805,28.4005766],[77.0134727,28.4005767],[77.0134649,28.4005768],[77.0134572,28.4005768],[77.0134494,28.4005769],[77.0134417,28.4005769],[77.0134384,28.400577],[77.0134351,28.400577],[77.0134317,28.400577],[77.0134284,28.400577],[77.0134251,28.4005771],[77.0134217,28.4005771],[77.0134184,28.4005771],[77.0134151,28.4005771],[77.0134117,28.4005771],[77.0134084,28.4005772],[77.0134051,28.4005772],[77.0134017,28.4005772],[77.0133984,28.4005772],[77.0133951,28.4005772],[77.0133917,28.4005772],[77.0133884,28.4005773],[77.0133851,28.4005773],[77.0133817,28.4005773],[77.0133784,28.4005773],[77.0133751,28.4005773],[77.0133717,28.4005773],[77.0133684,28.4005774],[77.013365,28.4005774],[77.0133617,28.4005774],[77.0133584,28.4005774],[77.013355,28.4005774],[77.0133517,28.4005774],[77.0133484,28.4005774],[77.013345,28.4005775],[77.0133417,28.4005775],[77.0133384,28.4005775],[77.013335,28.4005775],[77.0133317,28.4005775],[77.0133284,28.4005775],[77.013325,28.4005775],[77.0133217,28.4005776],[77.0133184,28.4005776],[77.013315,28.4005776],[77.0133117,28.4005776],[77.0133084,28.4005776],[77.013305,28.4005776],[77.0133017,28.4005776],[77.0132984,28.4005776],[77.013295,28.4005777],[77.0132917,28.4005777],[77.0132826,28.4005777],[77.0132258,28.4005779],[77.013169,28.4005781],[77.0131122,28.4005783],[77.0130554,28.4005786],[77.0129986,28.4005788],[77.0129418,28.400579],[77.012885,28.4005792],[77.0128282,28.4005794],[77.0127714,28.4005796],[77.0127146,28.4005798],[77.0126578,28.40058],[77.012601,28.4005802],[77.0125442,28.4005805],[77.0124874,28.4005807],[77.0124306,28.4005809],[77.0123738,28.4005811],[77.012317,28.4005813],[77.0122602,28.4005815],[77.0122034,28.4005817],[77.0121466,28.4005819],[77.0120898,28.4005822],[77.012033,28.4005824],[77.0119762,28.4005826],[77.0119194,28.4005828],[77.0118626,28.400583],[77.0118058,28.4005832],[77.011749,28.4005834],[77.0116922,28.4005836],[77.0116354,28.4005838],[77.0115786,28.4005841],[77.0115218,28.4005843],[77.011465,28.4005845],[77.0114082,28.4005847],[77.0113513,28.4005849],[77.0112945,28.4005851],[77.0112377,28.4005853],[77.0111809,28.4005855],[77.0111241,28.4005858],[77.0110673,28.400586],[77.0110105,28.4005862],[77.0109537,28.4005864],[77.0108969,28.4005866],[77.0108401,28.4005868],[77.0107833,28.400587],[77.0107265,28.4005872],[77.0106797,28.4005874],[77.0106742,28.4005874],[77.0106686,28.4005874],[77.0106631,28.4005875],[77.0106575,28.4005875],[77.0106519,28.4005875],[77.0106464,28.4005875],[77.0106408,28.4005876],[77.0106353,28.4005876],[77.0106297,28.4005876],[77.0106242,28.4005876],[77.0106186,28.4005876],[77.0106131,28.4005877],[77.0106075,28.4005877],[77.0106019,28.4005877],[77.0105964,28.4005877],[77.0105908,28.4005878],[77.0105853,28.4005878],[77.0105797,28.4005878],[77.0105742,28.4005879],[77.0105686,28.4005879],[77.0105631,28.4005879],[77.0105575,28.400588],[77.0105519,28.400588],[77.0105464,28.400588],[77.0105408,28.4005881],[77.0105353,28.4005881],[77.0105297,28.4005882],[77.0105242,28.4005882],[77.0105186,28.4005882],[77.010513,28.4005883],[77.0105075,28.4005883],[77.0105019,28.4005884],[77.0104964,28.4005884],[77.0104908,28.4005885],[77.0104853,28.4005885],[77.0104797,28.4005886],[77.0104742,28.4005887],[77.0104686,28.4005887],[77.010463,28.4005888],[77.0104575,28.4005889],[77.0104519,28.4005889],[77.0104464,28.400589],[77.0104408,28.4005891],[77.0104353,28.4005892],[77.0104297,28.4005892],[77.0104235,28.4005893],[77.0104158,28.4005894],[77.0104081,28.4005896],[77.0104004,28.4005897],[77.0103927,28.4005898],[77.010385,28.40059],[77.0103773,28.4005901],[77.0103696,28.4005903],[77.0103619,28.4005904],[77.0103542,28.4005906],[77.0103465,28.4005907],[77.0103387,28.4005909],[77.010331,28.4005911],[77.0103233,28.4005913],[77.0103156,28.4005914],[77.0103079,28.4005916],[77.0103002,28.4005918],[77.0102925,28.400592],[77.0102848,28.4005922],[77.0102771,28.4005924],[77.0102694,28.4005927],[77.0102617,28.4005929],[77.010254,28.4005931],[77.0102463,28.4005933],[77.0102386,28.4005936],[77.0102308,28.4005938],[77.0102231,28.4005941],[77.0102154,28.4005943],[77.0102077,28.4005946],[77.0102,28.4005948],[77.0101923,28.4005951],[77.0101846,28.4005954],[77.0101769,28.4005956],[77.0101692,28.4005959],[77.0101615,28.4005962],[77.0101538,28.4005965],[77.0101461,28.4005968],[77.0101384,28.4005971],[77.0101307,28.4005974],[77.010123,28.4005977],[77.0101153,28.4005981],[77.0101076,28.4005984],[77.0100999,28.4005987],[77.0100922,28.400599],[77.0100845,28.4005994],[77.0100768,28.4005997],[77.0100699,28.4006],[77.0100643,28.4006003],[77.0100588,28.4006005],[77.0100532,28.4006008],[77.0100477,28.4006011],[77.0100421,28.4006013],[77.0100366,28.4006016],[77.010031,28.4006019],[77.0100255,28.4006021],[77.0100199,28.4006024],[77.0100144,28.4006027],[77.0100089,28.400603],[77.0100033,28.4006032],[77.0099978,28.4006035],[77.0099922,28.4006038],[77.0099867,28.4006041],[77.0099811,28.4006044],[77.0099756,28.4006047],[77.00997,28.400605],[77.0099645,28.4006053],[77.0099589,28.4006056],[77.0099534,28.4006059],[77.0099478,28.4006061],[77.0099423,28.4006064],[77.0099368,28.4006067],[77.0099312,28.400607],[77.0099257,28.4006073],[77.0099201,28.4006077],[77.0099146,28.400608],[77.009909,28.4006083],[77.0099035,28.4006086],[77.0098979,28.4006089],[77.0098924,28.4006092],[77.0098868,28.4006095],[77.0098813,28.4006098],[77.0098758,28.4006101],[77.0098702,28.4006104],[77.0098647,28.4006107],[77.0098591,28.400611],[77.0098536,28.4006114],[77.009848,28.4006117],[77.0098425,28.400612],[77.0098369,28.4006123],[77.0098314,28.4006126],[77.0098258,28.4006129],[77.0098203,28.4006132],[77.0098067,28.400614],[77.0097837,28.4006153],[77.0097606,28.4006166],[77.0097376,28.4006179],[77.0097145,28.4006192],[77.0096915,28.4006205],[77.0096684,28.4006218],[77.0096454,28.4006231],[77.0096223,28.4006244],[77.0095993,28.4006257],[77.0095762,28.400627],[77.0095532,28.4006283],[77.0095301,28.4006297],[77.0095071,28.400631],[77.0094841,28.4006323],[77.009461,28.4006336],[77.009438,28.4006349],[77.0094149,28.4006362],[77.0093919,28.4006375],[77.0093688,28.4006388],[77.0093458,28.4006401],[77.0093227,28.4006414],[77.0092997,28.4006427],[77.0092766,28.400644],[77.0092536,28.4006453],[77.0092305,28.4006466],[77.0092075,28.4006479],[77.0091844,28.4006492],[77.0091614,28.4006505],[77.0091383,28.4006518],[77.0091153,28.4006531],[77.0090923,28.4006544],[77.0090692,28.4006557],[77.0090462,28.400657],[77.0090231,28.4006583],[77.0090001,28.4006596],[77.008977,28.4006609],[77.008954,28.4006622],[77.0089309,28.4006635],[77.0089079,28.4006649],[77.0088848,28.4006662],[77.0088618,28.4006675],[77.0088387,28.4006688],[77.0088157,28.4006701],[77.0087926,28.4006714],[77.0087696,28.4006727],[77.0087549,28.4006735],[77.0087472,28.4006739],[77.0087394,28.4006744],[77.0087316,28.4006748],[77.0087239,28.4006753],[77.0087161,28.4006757],[77.0087083,28.4006761],[77.0087006,28.4006766],[77.0086928,28.400677],[77.0086851,28.4006775],[77.0086773,28.4006779],[77.0086695,28.4006784],[77.0086618,28.4006788],[77.008654,28.4006793],[77.0086462,28.4006797],[77.0086385,28.4006802],[77.0086307,28.4006807],[77.008623,28.4006811],[77.0086152,28.4006816],[77.0086074,28.4006821],[77.0085997,28.4006825],[77.0085919,28.400683],[77.0085842,28.4006835],[77.0085764,28.400684],[77.0085686,28.4006845],[77.0085609,28.400685],[77.0085531,28.4006855],[77.0085454,28.400686],[77.0085376,28.4006865],[77.0085299,28.400687],[77.0085221,28.4006875],[77.0085143,28.400688],[77.0085066,28.4006886],[77.0084988,28.4006891],[77.0084911,28.4006896],[77.0084833,28.4006902],[77.0084756,28.4006907],[77.0084678,28.4006913],[77.0084601,28.4006919],[77.0084523,28.4006924],[77.0084446,28.400693],[77.0084368,28.4006936],[77.0084291,28.4006942],[77.0084213,28.4006948],[77.0084136,28.4006954],[77.0084058,28.400696],[77.0083972,28.4006967],[77.008388,28.4006975],[77.0083788,28.4006982],[77.0083697,28.400699],[77.0083605,28.4006998],[77.0083513,28.4007006],[77.0083422,28.4007014],[77.008333,28.4007022],[77.0083238,28.400703],[77.0083147,28.4007039],[77.0083055,28.4007047],[77.0082963,28.4007056],[77.0082872,28.4007065],[77.008278,28.4007074],[77.0082689,28.4007083],[77.0082597,28.4007092],[77.0082506,28.4007101],[77.0082414,28.400711],[77.0082323,28.400712],[77.0082231,28.4007129],[77.008214,28.4007139],[77.0082048,28.4007149],[77.0081957,28.4007159],[77.0081865,28.4007169],[77.0081774,28.4007179],[77.0081682,28.4007189],[77.0081591,28.4007199],[77.00815,28.400721],[77.0081408,28.400722],[77.0081317,28.4007231],[77.0081226,28.4007242],[77.0081134,28.4007252],[77.0081043,28.4007263],[77.0080952,28.4007275],[77.008086,28.4007286],[77.0080769,28.4007297],[77.0080678,28.4007309],[77.0080587,28.400732],[77.0080496,28.4007332],[77.0080405,28.4007344],[77.0080313,28.4007355],[77.0080222,28.4007368],[77.0080131,28.400738],[77.008004,28.4007392],[77.0079949,28.4007404],[77.0079858,28.4007417],[77.0079777,28.4007428],[77.00797,28.4007438],[77.0079624,28.4007449],[77.0079547,28.400746],[77.007947,28.4007471],[77.0079393,28.4007482],[77.0079316,28.4007493],[77.007924,28.4007504],[77.0079163,28.4007515],[77.0079086,28.4007526],[77.0079009,28.4007538],[77.0078933,28.4007549],[77.0078856,28.4007561],[77.0078779,28.4007572],[77.0078703,28.4007584],[77.0078626,28.4007595],[77.0078549,28.4007607],[77.0078473,28.4007619],[77.0078396,28.400763],[77.0078319,28.4007642],[77.0078243,28.4007654],[77.0078166,28.4007666],[77.007809,28.4007678],[77.0078013,28.400769],[77.0077936,28.4007702],[77.007786,28.4007714],[77.0077783,28.4007726],[77.0077707,28.4007738],[77.007763,28.400775],[77.0077554,28.4007762],[77.0077477,28.4007774],[77.00774,28.4007787],[77.0077324,28.4007799],[77.0077247,28.4007811],[77.0077171,28.4007824],[77.0077094,28.4007836],[77.0077018,28.4007848],[77.0076941,28.4007861],[77.0076865,28.4007873],[77.0076788,28.4007885],[77.0076712,28.4007898],[77.0076635,28.400791],[77.0076559,28.4007923],[77.0076482,28.4007935],[77.0076406,28.4007947],[77.0076329,28.400796],[77.0076037,28.4008007],[77.0075695,28.4008063],[77.0075353,28.4008118],[77.0075011,28.4008174],[77.0074669,28.4008229],[77.0074328,28.4008285],[77.0073986,28.400834],[77.0073644,28.4008396],[77.0073302,28.4008451],[77.007296,28.4008507],[77.0072618,28.4008562],[77.0072276,28.4008617],[77.0071934,28.4008673],[77.0071592,28.4008728],[77.007125,28.4008784],[77.0070908,28.4008839],[77.0070567,28.4008895],[77.0070225,28.400895],[77.0069883,28.4009006],[77.0069541,28.4009061],[77.0069199,28.4009117],[77.0068857,28.4009172],[77.0068515,28.4009228],[77.0068173,28.4009283],[77.0067831,28.4009339],[77.0067489,28.4009394],[77.0067147,28.400945],[77.0066806,28.4009505],[77.0066464,28.4009561],[77.0066122,28.4009616],[77.006578,28.4009672],[77.0065438,28.4009727],[77.0065096,28.4009783],[77.0064754,28.4009838],[77.0064412,28.4009893],[77.006407,28.4009949],[77.0063728,28.4010004],[77.0063386,28.401006],[77.0063045,28.4010115],[77.0062703,28.4010171],[77.0062361,28.4010226],[77.0062019,28.4010282],[77.0061677,28.4010337],[77.0061335,28.4010393],[77.0060993,28.4010448],[77.0060651,28.4010504],[77.0060578,28.4010516],[77.0060534,28.4010523],[77.006049,28.401053],[77.0060447,28.4010537],[77.0060403,28.4010544],[77.0060359,28.4010551],[77.0060315,28.4010558],[77.0060272,28.4010565],[77.0060228,28.4010572],[77.0060184,28.4010579],[77.0060141,28.4010587],[77.0060097,28.4010594],[77.0060053,28.4010601],[77.0060009,28.4010608],[77.0059966,28.4010615],[77.0059922,28.4010622],[77.0059878,28.4010629],[77.0059835,28.4010636],[77.0059791,28.4010643],[77.0059747,28.401065],[77.0059703,28.4010657],[77.005966,28.4010664],[77.0059616,28.4010671],[77.0059572,28.4010678],[77.0059528,28.4010685],[77.0059485,28.4010692],[77.0059441,28.4010699],[77.0059397,28.4010706],[77.0059353,28.4010713],[77.005931,28.401072],[77.0059266,28.4010727],[77.0059222,28.4010734],[77.0059178,28.4010741],[77.0059135,28.4010748],[77.0059091,28.4010755],[77.0059047,28.4010762],[77.0059003,28.4010769],[77.005896,28.4010776],[77.0058916,28.4010783],[77.0058872,28.4010789],[77.0058828,28.4010796],[77.0058785,28.4010803],[77.0058741,28.401081],[77.0058697,28.4010817],[77.0058653,28.4010824],[77.005861,28.4010831],[77.005853,28.4010843],[77.0058449,28.4010856],[77.0058369,28.4010868],[77.0058288,28.401088],[77.0058208,28.4010893],[77.0058127,28.4010905],[77.0058047,28.4010917],[77.0057966,28.4010929],[77.0057886,28.4010942],[77.0057805,28.4010954],[77.0057725,28.4010966],[77.0057644,28.4010978],[77.0057563,28.401099],[77.0057483,28.4011002],[77.0057402,28.4011014],[77.0057322,28.4011026],[77.0057241,28.4011038],[77.0057161,28.4011049],[77.005708,28.4011061],[77.0056999,28.4011073],[77.0056919,28.4011085],[77.0056838,28.4011096],[77.0056758,28.4011108],[77.0056677,28.401112],[77.0056596,28.4011131],[77.0056516,28.4011143],[77.0056435,28.4011154],[77.0056354,28.4011165],[77.0056274,28.4011177],[77.0056193,28.4011188],[77.0056112,28.4011199],[77.0056032,28.4011211],[77.0055951,28.4011222],[77.005587,28.4011233],[77.0055789,28.4011244],[77.0055709,28.4011255],[77.0055628,28.4011266],[77.0055547,28.4011277],[77.0055467,28.4011288],[77.0055386,28.4011299],[77.0055305,28.401131],[77.0055224,28.4011321],[77.0055143,28.4011332],[77.0055063,28.4011342],[77.0054982,28.4011353],[77.0054904,28.4011363],[77.005486,28.4011369],[77.0054816,28.4011375],[77.0054772,28.4011381],[77.0054728,28.4011386],[77.0054684,28.4011392],[77.005464,28.4011398],[77.0054596,28.4011404],[77.0054552,28.4011409],[77.0054508,28.4011415],[77.0054464,28.4011421],[77.005442,28.4011427],[77.0054376,28.4011432],[77.0054332,28.4011438],[77.0054288,28.4011444],[77.0054244,28.4011449],[77.00542,28.4011455],[77.0054156,28.401146],[77.0054112,28.4011466],[77.0054068,28.4011472],[77.0054024,28.4011477],[77.005398,28.4011483],[77.0053936,28.4011488],[77.0053892,28.4011494],[77.0053848,28.40115],[77.0053804,28.4011505],[77.005376,28.4011511],[77.0053716,28.4011516],[77.0053672,28.4011522],[77.0053628,28.4011528],[77.0053584,28.4011533],[77.005354,28.4011539],[77.0053496,28.4011544],[77.0053452,28.401155],[77.0053408,28.4011555],[77.0053364,28.4011561],[77.005332,28.4011566],[77.0053276,28.4011572],[77.0053232,28.4011577],[77.0053188,28.4011583],[77.0053144,28.4011588],[77.00531,28.4011594],[77.0053056,28.40116],[77.0053012,28.4011605],[77.0052968,28.4011611],[77.0052924,28.4011616],[77.0052833,28.4011628],[77.0052499,28.4011669],[77.0052166,28.4011711],[77.0051832,28.4011753],[77.0051499,28.4011795],[77.0051166,28.4011837],[77.0050832,28.4011878],[77.0050499,28.401192],[77.0050166,28.4011962],[77.0049832,28.4012004],[77.0049499,28.4012046],[77.0049165,28.4012088],[77.0048832,28.4012129],[77.0048499,28.4012171],[77.0048165,28.4012213],[77.0047832,28.4012255],[77.0047499,28.4012297],[77.0047165,28.4012338],[77.0046832,28.401238],[77.0046499,28.4012422],[77.0046165,28.4012464],[77.0045832,28.4012506],[77.0045498,28.4012548],[77.0045165,28.4012589],[77.0044832,28.4012631],[77.0044498,28.4012673],[77.0044165,28.4012715],[77.0043832,28.4012757],[77.0043498,28.4012798],[77.0043165,28.401284],[77.0042831,28.4012882],[77.0042498,28.4012924],[77.0042165,28.4012966],[77.0041831,28.4013008],[77.0041498,28.4013049],[77.0041165,28.4013091],[77.0040831,28.4013133],[77.0040498,28.4013175],[77.0040164,28.4013217],[77.0039831,28.4013258],[77.0039498,28.40133],[77.0039164,28.4013342],[77.0038831,28.4013384],[77.0038498,28.4013426],[77.0038164,28.4013468],[77.0037831,28.4013509],[77.0037565,28.4013543],[77.0037499,28.4013551],[77.0037433,28.4013559],[77.0037367,28.4013568],[77.0037301,28.4013576],[77.0037235,28.4013584],[77.0037169,28.4013592],[77.0037103,28.4013601],[77.0037037,28.4013609],[77.0036971,28.4013617],[77.0036905,28.4013626],[77.0036839,28.4013634],[77.0036773,28.4013642],[77.0036707,28.4013651],[77.0036641,28.4013659],[77.0036575,28.4013668],[77.0036509,28.4013676],[77.0036443,28.4013684],[77.0036377,28.4013693],[77.0036311,28.4013701],[77.0036245,28.401371],[77.0036179,28.4013718],[77.0036113,28.4013727],[77.0036047,28.4013735],[77.0035981,28.4013744],[77.0035915,28.4013753],[77.0035849,28.4013761],[77.0035783,28.401377],[77.0035717,28.4013779],[77.0035651,28.4013787],[77.0035586,28.4013796],[77.003552,28.4013805],[77.0035454,28.4013814],[77.0035388,28.4013823],[77.0035322,28.4013832],[77.0035256,28.4013841],[77.003519,28.401385],[77.0035124,28.4013859],[77.0035058,28.4013868],[77.0034992,28.4013877],[77.0034927,28.4013886],[77.0034861,28.4013895],[77.0034795,28.4013904],[77.0034729,28.4013914],[77.0034663,28.4013923],[77.0034597,28.4013932],[77.0034524,28.4013943],[77.0034438,28.4013955],[77.0034352,28.4013968],[77.0034265,28.4013981],[77.0034179,28.4013993],[77.0034092,28.4014006],[77.0034006,28.4014019],[77.003392,28.4014032],[77.0033833,28.4014045],[77.0033747,28.4014058],[77.003366,28.4014072],[77.0033574,28.4014085],[77.0033488,28.4014099],[77.0033402,28.4014112],[77.0033315,28.4014126],[77.0033229,28.4014139],[77.0033143,28.4014153],[77.0033057,28.4014167],[77.003297,28.4014181],[77.0032884,28.4014195],[77.0032798,28.4014209],[77.0032712,28.4014223],[77.0032626,28.4014238],[77.003254,28.4014252],[77.0032454,28.4014267],[77.0032368,28.4014281],[77.0032282,28.4014296],[77.0032196,28.4014311],[77.003211,28.4014326],[77.0032024,28.4014341],[77.0031938,28.4014356],[77.0031852,28.4014371],[77.0031766,28.4014386],[77.003168,28.4014401],[77.0031594,28.4014416],[77.0031508,28.4014432],[77.0031422,28.4014447],[77.0031336,28.4014463],[77.0031251,28.4014479],[77.0031165,28.4014495],[77.0031079,28.4014511],[77.0030993,28.4014526],[77.0030908,28.4014543],[77.0030822,28.4014559],[77.0030736,28.4014575],[77.0030651,28.4014591],[77.0030574,28.4014606],[77.0030509,28.4014619],[77.0030443,28.4014631],[77.0030378,28.4014644],[77.0030313,28.4014656],[77.0030248,28.4014669],[77.0030183,28.4014682],[77.0030118,28.4014695],[77.0030053,28.4014707],[77.0029988,28.401472],[77.0029923,28.4014733],[77.0029858,28.4014746],[77.0029793,28.4014759],[77.0029728,28.4014772],[77.0029663,28.4014785],[77.0029598,28.4014799],[77.0029533,28.4014812],[77.0029468,28.4014825],[77.0029403,28.4014838],[77.0029338,28.4014851],[77.0029273,28.4014865],[77.0029208,28.4014878],[77.0029143,28.4014891],[77.0029078,28.4014905],[77.0029013,28.4014918],[77.0028948,28.4014931],[77.0028883,28.4014945],[77.0028818,28.4014958],[77.0028753,28.4014972],[77.0028688,28.4014985],[77.0028623,28.4014999],[77.0028559,28.4015012],[77.0028494,28.4015026],[77.0028429,28.4015039],[77.0028364,28.4015053],[77.0028299,28.4015066],[77.0028234,28.401508],[77.0028169,28.4015094],[77.0028104,28.4015107],[77.002804,28.4015121],[77.0027975,28.4015134],[77.002791,28.4015148],[77.0027845,28.4015162],[77.002778,28.4015175],[77.0027715,28.4015189],[77.002765,28.4015203],[77.0027292,28.4015278],[77.0026661,28.4015411],[77.0026029,28.4015544],[77.0025398,28.4015676],[77.0024766,28.4015809],[77.0024134,28.4015942],[77.0023503,28.4016075],[77.0022871,28.4016208],[77.002224,28.401634],[77.0021608,28.4016473],[77.0020976,28.4016606],[77.0020345,28.4016739],[77.0019713,28.4016872],[77.0019082,28.4017004],[77.001845,28.4017137],[77.0017818,28.401727],[77.0017187,28.4017403],[77.0016555,28.4017536],[77.0015924,28.4017669],[77.0015292,28.4017801],[77.0014661,28.4017934],[77.0014029,28.4018067],[77.0013397,28.40182],[77.0012766,28.4018333],[77.0012134,28.4018465],[77.0011503,28.4018598],[77.0010871,28.4018731],[77.0010239,28.4018864],[77.0009608,28.4018997],[77.0008976,28.4019129],[77.0008345,28.4019262],[77.0007713,28.4019395],[77.0007081,28.4019528],[77.000645,28.4019661],[77.0005818,28.4019793],[77.0005187,28.4019926],[77.0004555,28.4020059],[77.0003923,28.4020192],[77.0003292,28.4020325],[77.000266,28.4020457],[77.0002029,28.402059],[77.0001397,28.4020723],[77.0000765,28.4020856],[77.0000134,28.4020989],[76.9999502,28.4021121],[76.9998871,28.4021254],[76.9998582,28.4021315],[76.9998517,28.4021329],[76.9998452,28.4021342],[76.9998388,28.4021356],[76.9998323,28.4021369],[76.9998258,28.4021383],[76.9998193,28.4021397],[76.9998128,28.402141],[76.9998063,28.4021424],[76.9997998,28.4021438],[76.9997934,28.4021451],[76.9997869,28.4021465],[76.9997804,28.4021479],[76.9997739,28.4021493],[76.9997674,28.4021506],[76.9997609,28.402152],[76.9997545,28.4021534],[76.999748,28.4021548],[76.9997415,28.4021562],[76.999735,28.4021575],[76.9997285,28.4021589],[76.999722,28.4021603],[76.9997156,28.4021617],[76.9997091,28.4021631],[76.9997026,28.4021645],[76.9996961,28.4021659],[76.9996897,28.4021673],[76.9996832,28.4021687],[76.9996767,28.4021701],[76.9996702,28.4021715],[76.9996638,28.402173],[76.9996573,28.4021744],[76.9996508,28.4021758],[76.9996444,28.4021772],[76.9996379,28.4021787],[76.9996314,28.4021801],[76.999625,28.4021815],[76.9996185,28.402183],[76.999612,28.4021844],[76.9996056,28.4021859],[76.9995991,28.4021873],[76.9995926,28.4021888],[76.9995862,28.4021903],[76.9995797,28.4021917],[76.9995733,28.4021932],[76.9995668,28.4021947],[76.9995587,28.4021966],[76.9995497,28.4021987],[76.9995408,28.4022007],[76.9995319,28.4022028],[76.9995229,28.4022049],[76.999514,28.402207],[76.9995051,28.4022092],[76.9994962,28.4022113],[76.9994873,28.4022134],[76.9994784,28.4022156],[76.9994695,28.4022178],[76.9994606,28.4022199],[76.9994517,28.4022221],[76.9994428,28.4022243],[76.9994339,28.4022265],[76.999425,28.4022287],[76.9994161,28.4022309],[76.9994072,28.4022332],[76.9993983,28.4022354],[76.9993894,28.4022377],[76.9993806,28.4022399],[76.9993717,28.4022422],[76.9993628,28.4022445],[76.999354,28.4022468],[76.9993451,28.4022491],[76.9993362,28.4022514],[76.9993274,28.4022537],[76.9993185,28.4022561],[76.9993097,28.4022584],[76.9993009,28.4022608],[76.999292,28.4022632],[76.9992832,28.4022655],[76.9992743,28.4022679],[76.9992655,28.4022703],[76.9992567,28.4022727],[76.9992479,28.4022751],[76.999239,28.4022776],[76.9992302,28.40228],[76.9992214,28.4022824],[76.9992126,28.4022849],[76.9992038,28.4022874],[76.999195,28.4022898],[76.9991862,28.4022923],[76.9991774,28.4022948],[76.9991686,28.4022973],[76.9991598,28.4022999],[76.999153,28.4023018],[76.9991466,28.4023037],[76.9991403,28.4023055],[76.999134,28.4023073],[76.9991276,28.4023092],[76.9991213,28.402311],[76.999115,28.4023129],[76.9991086,28.4023147],[76.9991023,28.4023166],[76.999096,28.4023184],[76.9990897,28.4023203],[76.9990833,28.4023222],[76.999077,28.4023241],[76.9990707,28.402326],[76.9990644,28.4023278],[76.9990581,28.4023297],[76.9990518,28.4023316],[76.9990454,28.4023335],[76.9990391,28.4023354],[76.9990328,28.4023373],[76.9990265,28.4023392],[76.9990202,28.4023411],[76.9990139,28.402343],[76.9990076,28.402345],[76.9990013,28.4023469],[76.998995,28.4023488],[76.9989887,28.4023507],[76.9989824,28.4023526],[76.9989761,28.4023546],[76.9989698,28.4023565],[76.9989635,28.4023584],[76.9989572,28.4023603],[76.9989509,28.4023623],[76.9989446,28.4023642],[76.9989383,28.4023661],[76.998932,28.4023681],[76.9989257,28.40237],[76.9989194,28.4023719],[76.9989131,28.4023739],[76.9989068,28.4023758],[76.9989005,28.4023778],[76.9988942,28.4023797],[76.9988879,28.4023817],[76.9988816,28.4023836],[76.9988753,28.4023855],[76.998869,28.4023875],[76.9988576,28.402391],[76.9988455,28.4023947],[76.9988334,28.4023985],[76.9988212,28.4024022],[76.9988091,28.402406],[76.9987969,28.4024097],[76.9987848,28.4024135],[76.9987727,28.4024172],[76.9987605,28.4024209],[76.9987484,28.4024247],[76.9987363,28.4024284],[76.9987241,28.4024322],[76.998712,28.4024359],[76.9986999,28.4024397],[76.9986877,28.4024434],[76.9986756,28.4024471],[76.9986635,28.4024509],[76.9986513,28.4024546],[76.9986392,28.4024584],[76.998627,28.4024621],[76.9986149,28.4024659],[76.9986028,28.4024696],[76.9985906,28.4024734],[76.9985785,28.4024771],[76.9985664,28.4024808],[76.9985542,28.4024846],[76.9985421,28.4024883],[76.99853,28.4024921],[76.9985178,28.4024958],[76.9985057,28.4024996],[76.9984935,28.4025033],[76.9984814,28.402507],[76.9984693,28.4025108],[76.9984571,28.4025145],[76.998445,28.4025183],[76.9984329,28.402522],[76.9984207,28.4025258],[76.9984086,28.4025295],[76.9983965,28.4025332],[76.9983843,28.402537],[76.9983722,28.4025407],[76.9983601,28.4025445],[76.9983479,28.4025482],[76.9983358,28.402552],[76.9983236,28.4025557],[76.9983115,28.4025595],[76.998308,28.4025605],[76.9983048,28.4025615],[76.9983017,28.4025625],[76.9982985,28.4025635],[76.9982954,28.4025644],[76.9982922,28.4025654],[76.9982891,28.4025664],[76.9982859,28.4025673],[76.9982828,28.4025683],[76.9982797,28.4025693],[76.9982765,28.4025703],[76.9982734,28.4025712],[76.9982702,28.4025722],[76.9982671,28.4025732],[76.9982639,28.4025741],[76.9982608,28.4025751],[76.9982576,28.4025761],[76.9982545,28.402577],[76.9982513,28.402578],[76.9982482,28.402579],[76.998245,28.4025799],[76.9982419,28.4025809],[76.9982387,28.4025819],[76.9982356,28.4025828],[76.9982324,28.4025838],[76.9982293,28.4025848],[76.9982261,28.4025858],[76.998223,28.4025867],[76.9982198,28.4025877],[76.9982167,28.4025887],[76.9982135,28.4025896],[76.9982104,28.4025906],[76.9982072,28.4025915],[76.9982041,28.4025925],[76.9982009,28.4025935],[76.9981978,28.4025944],[76.9981946,28.4025954],[76.9981915,28.4025964],[76.9981883,28.4025973],[76.9981852,28.4025983],[76.998182,28.4025993],[76.9981789,28.4026002],[76.9981757,28.4026012],[76.9981726,28.4026021],[76.9981694,28.4026031],[76.998166,28.4026041],[76.9981578,28.4026066],[76.9981495,28.4026091],[76.9981413,28.4026116],[76.998133,28.4026141],[76.9981248,28.4026166],[76.9981165,28.4026191],[76.9981083,28.4026216],[76.9981,28.4026241],[76.9980917,28.4026266],[76.9980835,28.402629],[76.9980752,28.4026315],[76.9980669,28.402634],[76.9980587,28.4026364],[76.9980504,28.4026389],[76.9980421,28.4026414],[76.9980339,28.4026438],[76.9980256,28.4026463],[76.9980173,28.4026487],[76.9980091,28.4026512],[76.9980008,28.4026536],[76.9979925,28.402656],[76.9979842,28.4026585],[76.997976,28.4026609],[76.9979677,28.4026633],[76.9979594,28.4026657],[76.9979511,28.4026682],[76.9979428,28.4026706],[76.9979345,28.402673],[76.9979262,28.4026754],[76.997918,28.4026778],[76.9979097,28.4026802],[76.9979014,28.4026826],[76.9978931,28.402685],[76.9978848,28.4026874],[76.9978765,28.4026898],[76.9978682,28.4026921],[76.9978599,28.4026945],[76.9978516,28.4026969],[76.9978433,28.4026993],[76.997835,28.4027016],[76.9978267,28.402704],[76.9978184,28.4027064],[76.9978101,28.4027087],[76.9978018,28.4027111],[76.9977935,28.4027134],[76.9977859,28.4027156],[76.9977827,28.4027165],[76.9977795,28.4027174],[76.9977763,28.4027183],[76.9977731,28.4027192],[76.99777,28.4027201],[76.9977668,28.4027209],[76.9977636,28.4027218],[76.9977604,28.4027227],[76.9977573,28.4027236],[76.9977541,28.4027245],[76.9977509,28.4027254],[76.9977477,28.4027263],[76.9977446,28.4027272],[76.9977414,28.4027281],[76.9977382,28.402729],[76.997735,28.4027299],[76.9977318,28.4027307],[76.9977287,28.4027316],[76.9977255,28.4027325],[76.9977223,28.4027334],[76.9977191,28.4027343],[76.9977159,28.4027352],[76.9977128,28.4027361],[76.9977096,28.402737],[76.9977064,28.4027378],[76.9977032,28.4027387],[76.9977,28.4027396],[76.9976969,28.4027405],[76.9976937,28.4027414],[76.9976905,28.4027423],[76.9976873,28.4027432],[76.9976841,28.4027441],[76.997681,28.4027449],[76.9976778,28.4027458],[76.9976746,28.4027467],[76.9976714,28.4027476],[76.9976682,28.4027485],[76.9976651,28.4027494],[76.9976619,28.4027502],[76.9976587,28.4027511],[76.9976555,28.402752],[76.9976523,28.4027529],[76.9976492,28.4027538],[76.997646,28.4027547],[76.9976428,28.4027555],[76.9976333,28.4027582],[76.9976018,28.402767],[76.9975702,28.4027757],[76.9975386,28.4027845],[76.997507,28.4027933],[76.9974755,28.4028021],[76.9974439,28.4028109],[76.9974123,28.4028196],[76.9973808,28.4028284],[76.9973492,28.4028372],[76.9973176,28.402846],[76.9972861,28.4028547],[76.9972545,28.4028635],[76.9972229,28.4028723],[76.9971914,28.4028811],[76.9971598,28.4028898],[76.9971282,28.4028986],[76.9970967,28.4029074],[76.9970651,28.4029162],[76.9970335,28.402925],[76.997002,28.4029337],[76.9969704,28.4029425],[76.9969388,28.4029513],[76.9969073,28.4029601],[76.9968757,28.4029688],[76.9968441,28.4029776],[76.9968126,28.4029864],[76.996781,28.4029952],[76.9967494,28.4030039],[76.9967179,28.4030127],[76.9966863,28.4030215],[76.9966547,28.4030303],[76.9966232,28.4030391],[76.9965916,28.4030478],[76.99656,28.4030566],[76.9965284,28.4030654],[76.9964969,28.4030742],[76.9964653,28.4030829],[76.9964337,28.4030917],[76.9964022,28.4031005],[76.9963706,28.4031093],[76.996339,28.403118],[76.9963075,28.4031268],[76.9962759,28.4031356],[76.9962443,28.4031444],[76.9962128,28.4031532],[76.9961887,28.4031598],[76.9961813,28.4031619],[76.9961739,28.403164],[76.9961664,28.403166],[76.996159,28.4031681],[76.9961516,28.4031702],[76.9961442,28.4031722],[76.9961368,28.4031743],[76.9961293,28.4031764],[76.9961219,28.4031784],[76.9961145,28.4031805],[76.9961071,28.4031826],[76.9960997,28.4031846],[76.9960923,28.4031867],[76.9960848,28.4031888],[76.9960774,28.4031909],[76.99607,28.403193],[76.9960626,28.4031951],[76.9960552,28.4031971],[76.9960478,28.4031992],[76.9960404,28.4032013],[76.996033,28.4032034],[76.9960256,28.4032055],[76.9960181,28.4032076],[76.9960107,28.4032098],[76.9960033,28.4032119],[76.9959959,28.403214],[76.9959885,28.4032161],[76.9959811,28.4032182],[76.9959737,28.4032204],[76.9959664,28.4032225],[76.995959,28.4032247],[76.9959516,28.4032268],[76.9959442,28.403229],[76.9959368,28.4032311],[76.9959294,28.4032333],[76.995922,28.4032354],[76.9959147,28.4032376],[76.9959073,28.4032398],[76.9958999,28.403242],[76.9958925,28.4032442],[76.9958852,28.4032464],[76.9958778,28.4032486],[76.9958704,28.4032508],[76.9958631,28.403253],[76.9958557,28.4032553],[76.9958481,28.4032576],[76.9958403,28.40326],[76.9958324,28.4032624],[76.9958245,28.4032648],[76.9958166,28.4032673],[76.9958088,28.4032697],[76.9958009,28.4032722],[76.995793,28.4032746],[76.9957852,28.4032771],[76.9957773,28.4032796],[76.9957695,28.4032821],[76.9957616,28.4032846],[76.9957538,28.4032871],[76.9957459,28.4032896],[76.9957381,28.4032921],[76.9957303,28.4032946],[76.9957224,28.4032972],[76.9957146,28.4032997],[76.9957068,28.4033023],[76.995699,28.4033048],[76.9956912,28.4033074],[76.9956833,28.40331],[76.9956755,28.4033126],[76.9956677,28.4033152],[76.9956599,28.4033178],[76.9956521,28.4033204],[76.9956443,28.403323],[76.9956365,28.4033257],[76.9956288,28.4033283],[76.995621,28.403331],[76.9956132,28.4033336],[76.9956054,28.4033363],[76.9955977,28.403339],[76.9955899,28.4033417],[76.9955821,28.4033444],[76.9955744,28.4033471],[76.9955666,28.4033498],[76.9955589,28.4033525],[76.9955511,28.4033552],[76.9955434,28.403358],[76.9955356,28.4033607],[76.9955279,28.4033635],[76.9955202,28.4033662],[76.9955124,28.403369],[76.9955047,28.4033718],[76.995497,28.4033746],[76.9954895,28.4033773],[76.9954823,28.4033799],[76.9954751,28.4033825],[76.995468,28.4033852],[76.9954608,28.4033878],[76.9954536,28.4033904],[76.9954464,28.4033931],[76.9954392,28.4033957],[76.9954321,28.4033984],[76.9954249,28.4034011],[76.9954177,28.4034038],[76.9954106,28.4034064],[76.9954034,28.4034091],[76.9953962,28.4034118],[76.9953891,28.4034145],[76.9953819,28.4034172],[76.9953748,28.4034199],[76.9953676,28.4034227],[76.9953605,28.4034254],[76.9953534,28.4034281],[76.9953462,28.4034308],[76.9953391,28.4034336],[76.9953319,28.4034363],[76.9953248,28.403439],[76.9953177,28.4034418],[76.9953105,28.4034445],[76.9953034,28.4034473],[76.9952963,28.40345],[76.9952891,28.4034528],[76.995282,28.4034555],[76.9952749,28.4034583],[76.9952678,28.403461],[76.9952606,28.4034638],[76.9952535,28.4034666],[76.9952464,28.4034693],[76.9952393,28.4034721],[76.9952322,28.4034749],[76.995225,28.4034777],[76.9952179,28.4034804],[76.9952108,28.4034832],[76.9952037,28.403486],[76.9951966,28.4034888],[76.9951895,28.4034916],[76.9951824,28.4034943],[76.9951752,28.4034971],[76.9951681,28.4034999],[76.9951439,28.4035094],[76.995107,28.4035238],[76.9950702,28.4035382],[76.9950333,28.4035526],[76.9949964,28.403567],[76.9949596,28.4035814],[76.9949227,28.4035958],[76.9948858,28.4036102],[76.994849,28.4036247],[76.9948121,28.4036391],[76.9947752,28.4036535],[76.9947384,28.4036679],[76.9947015,28.4036823],[76.9946646,28.4036967],[76.9946278,28.4037111],[76.9945909,28.4037255],[76.994554,28.4037399],[76.9945172,28.4037543],[76.9944803,28.4037688],[76.9944434,28.4037832],[76.9944066,28.4037976],[76.9943697,28.403812],[76.9943328,28.4038264],[76.994296,28.4038408],[76.9942591,28.4038552],[76.9942222,28.4038696],[76.9941854,28.403884],[76.9941485,28.4038984],[76.9941116,28.4039129],[76.9940747,28.4039273],[76.9940379,28.4039417],[76.994001,28.4039561],[76.9939641,28.4039705],[76.9939273,28.4039849],[76.9938904,28.4039993],[76.9938535,28.4040137],[76.9938167,28.4040281],[76.9937798,28.4040425],[76.9937429,28.4040569],[76.9937061,28.4040714],[76.9936692,28.4040858],[76.9936323,28.4041002],[76.9935955,28.4041146],[76.9935586,28.404129],[76.9935217,28.4041434],[76.9934849,28.4041578],[76.9934704,28.4041635],[76.9934674,28.4041647],[76.9934643,28.4041658],[76.9934613,28.404167],[76.9934582,28.4041682],[76.9934552,28.4041694],[76.9934521,28.4041706],[76.9934491,28.4041718],[76.993446,28.404173],[76.993443,28.4041742],[76.9934399,28.4041754],[76.9934369,28.4041766],[76.9934338,28.4041778],[76.9934308,28.404179],[76.9934277,28.4041802],[76.9934247,28.4041813],[76.9934216,28.4041825],[76.9934186,28.4041837],[76.9934155,28.4041849],[76.9934125,28.4041861],[76.9934094,28.4041873],[76.9934064,28.4041885],[76.9934033,28.4041897],[76.9934003,28.4041909],[76.9933972,28.4041921],[76.9933942,28.4041933],[76.9933911,28.4041945],[76.9933881,28.4041957],[76.9933851,28.4041969],[76.993382,28.4041981],[76.993379,28.4041993],[76.9933759,28.4042005],[76.9933729,28.4042017],[76.9933698,28.4042029],[76.9933668,28.4042041],[76.9933637,28.4042053],[76.9933607,28.4042065],[76.9933576,28.4042077],[76.9933546,28.4042089],[76.9933515,28.4042101],[76.9933485,28.4042113],[76.9933455,28.4042125],[76.9933424,28.4042137],[76.9933394,28.4042149],[76.9933363,28.4042161],[76.9933333,28.4042173],[76.9933264,28.40422],[76.9933183,28.4042232],[76.9933102,28.4042264],[76.9933021,28.4042296],[76.993294,28.4042329],[76.9932858,28.4042361],[76.9932777,28.4042393],[76.9932696,28.4042426],[76.9932615,28.4042458],[76.9932534,28.4042491],[76.9932453,28.4042523],[76.9932372,28.4042556],[76.9932291,28.4042588],[76.993221,28.4042621],[76.9932129,28.4042653],[76.9932048,28.4042686],[76.9931967,28.4042719],[76.9931886,28.4042751],[76.9931805,28.4042784],[76.9931724,28.4042817],[76.9931643,28.404285],[76.9931563,28.4042883],[76.9931482,28.4042916],[76.9931401,28.4042949],[76.993132,28.4042982],[76.9931239,28.4043015],[76.9931159,28.4043048],[76.9931078,28.4043081],[76.9930997,28.4043114],[76.9930917,28.4043147],[76.9930836,28.404318],[76.9930755,28.4043213],[76.9930675,28.4043247],[76.9930594,28.404328],[76.9930513,28.4043313],[76.9930433,28.4043347],[76.9930352,28.404338],[76.9930272,28.4043414],[76.9930191,28.4043447],[76.9930111,28.4043481],[76.993003,28.4043514],[76.992995,28.4043548],[76.9929869,28.4043581],[76.9929789,28.4043615],[76.9929708,28.4043649],[76.9929628,28.4043682],[76.992959,28.4043699],[76.992956,28.4043711],[76.9929529,28.4043724],[76.9929499,28.4043736],[76.9929469,28.4043749],[76.9929439,28.4043762],[76.9929409,28.4043774],[76.9929379,28.4043787],[76.9929349,28.40438],[76.9929319,28.4043813],[76.9929289,28.4043825],[76.9929259,28.4043838],[76.9929229,28.4043851],[76.9929198,28.4043863],[76.9929168,28.4043876],[76.9929138,28.4043889],[76.9929108,28.4043901],[76.9929078,28.4043914],[76.9929048,28.4043927],[76.9929018,28.404394],[76.9928988,28.4043952],[76.9928958,28.4043965],[76.9928928,28.4043978],[76.9928898,28.4043991],[76.9928868,28.4044003],[76.9928838,28.4044016],[76.9928807,28.4044029],[76.9928777,28.4044041],[76.9928747,28.4044054],[76.9928717,28.4044067],[76.9928687,28.404408],[76.9928657,28.4044092],[76.9928627,28.4044105],[76.9928597,28.4044118],[76.9928567,28.4044131],[76.9928537,28.4044143],[76.9928507,28.4044156],[76.9928477,28.4044169],[76.9928447,28.4044182],[76.9928417,28.4044194],[76.9928387,28.4044207],[76.9928357,28.404422],[76.9928327,28.4044233],[76.9928297,28.4044246],[76.9928266,28.4044258],[76.9928236,28.4044271],[76.9927576,28.4044551],[76.9926866,28.4044853],[76.9926156,28.4045154],[76.9925447,28.4045456],[76.9924737,28.4045757],[76.9924027,28.4046058],[76.9923317,28.404636],[76.9922607,28.4046661],[76.9921897,28.4046962],[76.9921187,28.4047264],[76.9920478,28.4047565],[76.9919768,28.4047866],[76.9919058,28.4048168],[76.9918348,28.4048469],[76.9917638,28.4048771],[76.9916928,28.4049072],[76.9916218,28.4049373],[76.9915509,28.4049675],[76.9914799,28.4049976],[76.9914089,28.4050277],[76.9913379,28.4050579],[76.9912669,28.405088],[76.9911959,28.4051182],[76.9911249,28.4051483],[76.991054,28.4051784],[76.990983,28.4052086],[76.990912,28.4052387],[76.990841,28.4052688],[76.99077,28.405299],[76.990699,28.4053291],[76.990628,28.4053592],[76.990557,28.4053894],[76.9904861,28.4054195],[76.9904151,28.4054496],[76.9903441,28.4054798],[76.9902731,28.4055099],[76.9902021,28.4055401],[76.9901311,28.4055702],[76.9900601,28.4056003],[76.9899892,28.4056305],[76.9899182,28.4056606],[76.9898472,28.4056907],[76.9897762,28.4057209],[76.9897052,28.405751],[76.9896342,28.4057811],[76.9895643,28.4058108],[76.9895613,28.4058121],[76.9895583,28.4058134],[76.9895553,28.4058147],[76.9895523,28.4058159],[76.9895493,28.4058172],[76.9895462,28.4058185],[76.9895432,28.4058198],[76.9895402,28.405821],[76.9895372,28.4058223],[76.9895342,28.4058236],[76.9895312,28.4058249],[76.9895282,28.4058261],[76.9895252,28.4058274],[76.9895222,28.4058287],[76.9895192,28.40583],[76.9895162,28.4058312],[76.9895132,28.4058325],[76.9895102,28.4058338],[76.9895072,28.4058351],[76.9895042,28.4058363],[76.9895012,28.4058376],[76.9894982,28.4058389],[76.9894951,28.4058402],[76.9894921,28.4058414],[76.9894891,28.4058427],[76.9894861,28.405844],[76.9894831,28.4058453],[76.9894801,28.4058465],[76.9894771,28.4058478],[76.9894741,28.4058491],[76.9894711,28.4058504],[76.9894681,28.4058516],[76.9894651,28.4058529],[76.9894621,28.4058542],[76.9894591,28.4058554],[76.9894561,28.4058567],[76.989453,28.405858],[76.98945,28.4058593],[76.989447,28.4058605],[76.989444,28.4058618],[76.989441,28.4058631],[76.989438,28.4058643],[76.989435,28.4058656],[76.989432,28.4058669],[76.989429,28.4058682],[76.9894255,28.4058696],[76.9894182,28.4058727],[76.989411,28.4058758],[76.9894037,28.4058788],[76.9893964,28.4058819],[76.9893891,28.405885],[76.9893818,28.405888],[76.9893745,28.4058911],[76.9893672,28.4058941],[76.9893599,28.4058972],[76.9893526,28.4059003],[76.9893453,28.4059033],[76.989338,28.4059064],[76.9893307,28.4059094],[76.9893234,28.4059125],[76.9893161,28.4059155],[76.9893088,28.4059186],[76.9893015,28.4059216],[76.9892942,28.4059247],[76.9892869,28.4059277],[76.9892796,28.4059307],[76.9892723,28.4059338],[76.989265,28.4059368],[76.9892577,28.4059398],[76.9892504,28.4059429],[76.9892431,28.4059459],[76.9892358,28.4059489],[76.9892285,28.405952],[76.9892212,28.405955],[76.9892138,28.405958],[76.9892065,28.405961],[76.9891992,28.4059641],[76.9891919,28.4059671],[76.9891846,28.4059701],[76.9891773,28.4059731],[76.98917,28.4059761],[76.9891626,28.4059791],[76.9891553,28.4059822],[76.989148,28.4059852],[76.9891407,28.4059882],[76.9891334,28.4059912],[76.989126,28.4059942],[76.9891187,28.4059972],[76.9891114,28.4060002],[76.9891041,28.4060032],[76.9890967,28.4060062],[76.9890902,28.4060088],[76.9890872,28.4060101],[76.9890842,28.4060113],[76.9890812,28.4060125],[76.9890781,28.4060138],[76.9890751,28.406015],[76.9890721,28.4060163],[76.989069,28.4060175],[76.989066,28.4060187],[76.989063,28.40602],[76.98906,28.4060212],[76.9890569,28.4060224],[76.9890539,28.4060237],[76.9890509,28.4060249],[76.9890479,28.4060261],[76.9890448,28.4060274],[76.9890418,28.4060286],[76.9890388,28.4060298],[76.9890357,28.4060311],[76.9890327,28.4060323],[76.9890297,28.4060335],[76.9890267,28.4060348],[76.9890236,28.406036],[76.9890206,28.4060372],[76.9890176,28.4060385],[76.9890145,28.4060397],[76.9890115,28.4060409],[76.9890085,28.4060421],[76.9890055,28.4060434],[76.9890024,28.4060446],[76.9889994,28.4060458],[76.9889964,28.4060471],[76.9889933,28.4060483],[76.9889903,28.4060495],[76.9889873,28.4060508],[76.9889842,28.406052],[76.9889812,28.4060532],[76.9889782,28.4060545],[76.9889752,28.4060557],[76.9889721,28.4060569],[76.9889691,28.4060581],[76.9889661,28.4060594],[76.988963,28.4060606],[76.98896,28.4060618],[76.988957,28.4060631],[76.9889539,28.4060643],[76.9889493,28.4060662],[76.9889407,28.4060697],[76.9889321,28.4060732],[76.9889234,28.4060767],[76.9889148,28.4060802],[76.9889061,28.4060837],[76.9888975,28.4060872],[76.9888888,28.4060907],[76.9888802,28.4060942],[76.9888715,28.4060978],[76.9888629,28.4061013],[76.9888542,28.4061048],[76.9888456,28.4061083],[76.988837,28.4061118],[76.9888283,28.4061153],[76.9888197,28.4061188],[76.988811,28.4061223],[76.9888024,28.4061258],[76.9887937,28.4061294],[76.9887851,28.4061329],[76.9887764,28.4061364],[76.9887678,28.4061399],[76.9887591,28.4061434],[76.9887505,28.4061469],[76.9887419,28.4061504],[76.9887332,28.4061539],[76.9887246,28.4061574],[76.9887159,28.406161],[76.9887073,28.4061645],[76.9886986,28.406168],[76.98869,28.4061715],[76.9886813,28.406175],[76.9886727,28.4061785],[76.988664,28.406182],[76.9886554,28.4061855],[76.9886468,28.406189],[76.9886381,28.4061925],[76.9886295,28.4061961],[76.9886208,28.4061996],[76.9886122,28.4062031],[76.9886035,28.4062066],[76.9885949,28.4062101],[76.9885862,28.4062136],[76.9885776,28.4062171],[76.9885689,28.4062206],[76.9885603,28.4062241],[76.9885519,28.4062276],[76.9885438,28.4062308],[76.9885357,28.4062341],[76.9885276,28.4062374],[76.9885195,28.4062407],[76.9885115,28.406244],[76.9885034,28.4062472],[76.9884953,28.4062505],[76.9884872,28.4062538],[76.9884791,28.4062571],[76.9884711,28.4062603],[76.988463,28.4062636],[76.9884549,28.4062669],[76.9884468,28.4062701],[76.9884387,28.4062734],[76.9884306,28.4062766],[76.9884225,28.4062799],[76.9884144,28.4062831],[76.9884063,28.4062863],[76.9883982,28.4062896],[76.9883901,28.4062928],[76.988382,28.406296],[76.9883739,28.4062992],[76.9883657,28.4063024],[76.9883576,28.4063056],[76.9883495,28.4063088],[76.9883414,28.406312],[76.9883333,28.4063152],[76.9883251,28.4063184],[76.988317,28.4063216],[76.9883088,28.4063247],[76.9883007,28.4063279],[76.9882925,28.406331],[76.9882844,28.4063341],[76.9882762,28.4063373],[76.9882681,28.4063404],[76.9882599,28.4063435],[76.9882517,28.4063466],[76.9882436,28.4063497],[76.9882354,28.4063527],[76.9882272,28.4063558],[76.988219,28.4063589],[76.9882108,28.4063619],[76.9882026,28.4063649],[76.9881944,28.4063679],[76.9881862,28.4063709],[76.9881772,28.4063742],[76.9881674,28.4063778],[76.9881575,28.4063813],[76.9881477,28.4063848],[76.9881378,28.4063883],[76.9881279,28.4063918],[76.988118,28.4063953],[76.9881081,28.4063988],[76.9880982,28.4064022],[76.9880883,28.4064056],[76.9880784,28.406409],[76.9880685,28.4064124],[76.9880586,28.4064158],[76.9880486,28.4064191],[76.9880387,28.4064224],[76.9880287,28.4064257],[76.9880187,28.406429],[76.9880088,28.4064323],[76.9879988,28.4064355],[76.9879888,28.4064388],[76.9879788,28.406442],[76.9879688,28.4064452],[76.9879588,28.4064484],[76.9879488,28.4064515],[76.9879387,28.4064547],[76.9879287,28.4064578],[76.9879187,28.4064609],[76.9879086,28.406464],[76.9878986,28.406467],[76.9878885,28.4064701],[76.9878784,28.4064731],[76.9878683,28.4064761],[76.9878583,28.4064791],[76.9878482,28.4064821],[76.9878381,28.4064851],[76.987828,28.406488],[76.9878179,28.4064909],[76.9878077,28.4064938],[76.9877976,28.4064967],[76.9877875,28.4064996],[76.9877774,28.4065024],[76.9877672,28.4065052],[76.9877571,28.406508],[76.9877469,28.4065108],[76.9877367,28.4065136],[76.9877266,28.4065163],[76.9877173,28.4065188],[76.9877088,28.4065211],[76.9877003,28.4065234],[76.9876918,28.4065256],[76.9876832,28.4065278],[76.9876747,28.4065301],[76.9876662,28.4065323],[76.9876576,28.4065345],[76.9876491,28.4065367],[76.9876406,28.4065389],[76.987632,28.406541],[76.9876235,28.4065432],[76.9876149,28.4065453],[76.9876064,28.4065475],[76.9875978,28.4065496],[76.9875892,28.4065517],[76.9875807,28.4065538],[76.9875721,28.4065559],[76.9875635,28.406558],[76.987555,28.4065601],[76.9875464,28.4065622],[76.9875378,28.4065642],[76.9875292,28.4065663],[76.9875207,28.4065683],[76.9875121,28.4065704],[76.9875035,28.4065724],[76.9874949,28.4065745],[76.9874863,28.4065765],[76.9874777,28.4065785],[76.9874691,28.4065806],[76.9874605,28.4065826],[76.987452,28.4065846],[76.9874434,28.4065866],[76.9874348,28.4065886],[76.9874262,28.4065906],[76.9874176,28.4065926],[76.987409,28.4065946],[76.9874004,28.4065966],[76.9873918,28.4065986],[76.9873832,28.4066006],[76.9873746,28.4066026],[76.987366,28.4066045],[76.9873574,28.4066065],[76.9873487,28.4066085],[76.9873401,28.4066105],[76.9873315,28.4066125],[76.9873246,28.4066141],[76.9873185,28.4066155],[76.9873125,28.4066169],[76.9873065,28.4066182],[76.9873004,28.4066196],[76.9872944,28.406621],[76.9872884,28.4066224],[76.9872823,28.4066238],[76.9872763,28.4066252],[76.9872703,28.4066266],[76.9872642,28.406628],[76.9872582,28.4066294],[76.9872522,28.4066307],[76.9872461,28.4066321],[76.9872401,28.4066335],[76.9872341,28.4066349],[76.987228,28.4066363],[76.987222,28.4066377],[76.987216,28.4066391],[76.9872099,28.4066405],[76.9872039,28.4066419],[76.9871979,28.4066432],[76.9871918,28.4066446],[76.9871858,28.406646],[76.9871798,28.4066474],[76.9871737,28.4066488],[76.9871677,28.4066502],[76.9871617,28.4066516],[76.9871557,28.406653],[76.9871496,28.4066544],[76.9871436,28.4066557],[76.9871376,28.4066571],[76.9871315,28.4066585],[76.9871255,28.4066599],[76.9871195,28.4066613],[76.9871134,28.4066627],[76.9871074,28.4066641],[76.9871014,28.4066655],[76.9870953,28.4066669],[76.9870893,28.4066683],[76.9870833,28.4066696],[76.9870772,28.406671],[76.9870712,28.4066724],[76.9870652,28.4066738],[76.9870591,28.4066752],[76.9870531,28.4066766],[76.9870429,28.4066789],[76.9870311,28.4066817],[76.9870192,28.4066844],[76.9870074,28.4066871],[76.9869956,28.4066899],[76.9869838,28.4066926],[76.9869719,28.4066954],[76.9869601,28.4066981],[76.9869483,28.4067009],[76.9869365,28.4067037],[76.9869247,28.4067065],[76.9869129,28.4067093],[76.9869011,28.4067121],[76.9868893,28.4067149],[76.9868775,28.4067178],[76.9868657,28.4067207],[76.9868539,28.4067236],[76.9868422,28.4067265],[76.9868304,28.4067295],[76.9868187,28.4067324],[76.9868069,28.4067354],[76.9867952,28.4067385],[76.9867835,28.4067415],[76.9867717,28.4067446],[76.98676,28.4067477],[76.9867483,28.4067509],[76.9867367,28.4067541],[76.986725,28.4067573],[76.9867133,28.4067606],[76.9867017,28.4067639],[76.9866901,28.4067672],[76.9866785,28.4067706],[76.9866669,28.406774],[76.9866553,28.4067775],[76.9866437,28.406781],[76.9866322,28.4067846],[76.9866207,28.4067882],[76.9866092,28.4067918],[76.9865977,28.4067955],[76.9865862,28.4067993],[76.9865748,28.4068031],[76.9865634,28.406807],[76.986552,28.4068109],[76.9865406,28.4068149],[76.9865293,28.4068189],[76.986518,28.406823],[76.9865101,28.4068259],[76.986503,28.4068285],[76.9864959,28.4068312],[76.9864888,28.4068338],[76.9864818,28.4068365],[76.9864748,28.4068393],[76.9864677,28.406842],[76.9864607,28.4068448],[76.9864537,28.4068476],[76.9864467,28.4068504],[76.9864397,28.4068532],[76.9864327,28.4068561],[76.9864258,28.406859],[76.9864188,28.4068619],[76.9864119,28.4068648],[76.986405,28.4068678],[76.9863981,28.4068708],[76.9863912,28.4068738],[76.9863843,28.4068768],[76.9863774,28.4068798],[76.9863705,28.4068829],[76.9863637,28.406886],[76.9863568,28.4068891],[76.98635,28.4068923],[76.9863432,28.4068954],[76.9863364,28.4068986],[76.9863296,28.4069018],[76.9863229,28.4069051],[76.9863161,28.4069083],[76.9863094,28.4069116],[76.9863027,28.4069149],[76.9862959,28.4069182],[76.9862892,28.4069216],[76.9862826,28.4069249],[76.9862759,28.4069283],[76.9862692,28.4069317],[76.9862626,28.4069352],[76.986256,28.4069386],[76.9862494,28.4069421],[76.9862428,28.4069456],[76.9862362,28.4069491],[76.9862297,28.4069526],[76.9862231,28.4069562],[76.9862166,28.4069598],[76.9862101,28.4069634],[76.9862036,28.406967],[76.9861937,28.4069726],[76.9861834,28.4069784],[76.9861732,28.4069844],[76.986163,28.4069903],[76.9861528,28.4069963],[76.9861427,28.4070024],[76.9861326,28.4070085],[76.9861226,28.4070147],[76.9861126,28.4070209],[76.9861026,28.4070271],[76.9860926,28.4070334],[76.9860827,28.4070397],[76.9860728,28.4070461],[76.986063,28.4070525],[76.9860532,28.4070589],[76.9860434,28.4070654],[76.9860336,28.4070719],[76.9860239,28.4070784],[76.9860142,28.407085],[76.9860045,28.4070916],[76.9859948,28.4070982],[76.9859852,28.4071049],[76.9859756,28.4071116],[76.985966,28.4071183],[76.9859565,28.407125],[76.9859469,28.4071318],[76.9859374,28.4071386],[76.9859279,28.4071454],[76.9859184,28.4071522],[76.9859089,28.407159],[76.9858995,28.4071659],[76.9858901,28.4071727],[76.9858806,28.4071796],[76.9858712,28.4071865],[76.9858618,28.4071934],[76.9858524,28.4072004],[76.9858431,28.4072073],[76.9858337,28.4072143],[76.9858243,28.4072212],[76.985815,28.4072282],[76.9858056,28.4072351],[76.9857963,28.4072421],[76.985787,28.4072491],[76.9857776,28.4072561],[76.9857683,28.4072631],[76.985759,28.40727],[76.9857242,28.4072961],[76.985689,28.4073225],[76.9856537,28.4073489],[76.9856185,28.4073752],[76.9855833,28.4074016],[76.9855481,28.407428],[76.9855129,28.4074543],[76.9854777,28.4074807],[76.9854424,28.4075071],[76.9854072,28.4075335],[76.985372,28.4075598],[76.9853368,28.4075862],[76.9853016,28.4076126],[76.9852664,28.4076389],[76.9852311,28.4076653],[76.9851959,28.4076917],[76.9851607,28.4077181],[76.9851255,28.4077444],[76.9850903,28.4077708],[76.9850551,28.4077972],[76.9850199,28.4078235],[76.9849846,28.4078499],[76.9849494,28.4078763],[76.9849142,28.4079026],[76.984879,28.407929],[76.9848438,28.4079554],[76.9848086,28.4079818],[76.9847733,28.4080081],[76.9847381,28.4080345],[76.9847029,28.4080609],[76.9846677,28.4080872],[76.9846325,28.4081136],[76.9845973,28.40814],[76.984562,28.4081664],[76.9845268,28.4081927],[76.9844916,28.4082191],[76.9844564,28.4082455],[76.9844212,28.4082718],[76.984386,28.4082982],[76.9843507,28.4083246],[76.9843155,28.4083509],[76.9842803,28.4083773],[76.9842451,28.4084037],[76.9842099,28.4084301],[76.9841747,28.4084564],[76.9841413,28.4084814],[76.984132,28.4084884],[76.9841227,28.4084954],[76.9841134,28.4085024],[76.984104,28.4085094],[76.9840947,28.4085164],[76.9840854,28.4085234],[76.9840761,28.4085304],[76.9840669,28.4085374],[76.9840576,28.4085445],[76.9840483,28.4085515],[76.9840391,28.4085586],[76.9840299,28.4085657],[76.9840207,28.4085728],[76.9840115,28.40858],[76.9840024,28.4085871],[76.9839932,28.4085943],[76.9839841,28.4086016],[76.9839751,28.4086088],[76.983966,28.4086161],[76.983957,28.4086234],[76.983948,28.4086307],[76.9839391,28.4086381],[76.9839302,28.4086455],[76.9839214,28.408653],[76.9839126,28.4086605],[76.9839038,28.408668],[76.9838951,28.4086756],[76.9838864,28.4086832],[76.9838778,28.4086909],[76.9838692,28.4086986],[76.9838607,28.4087063],[76.9838522,28.4087141],[76.9838438,28.408722],[76.9838355,28.4087299],[76.9838272,28.4087378],[76.983819,28.4087459],[76.9838109,28.4087539],[76.9838028,28.408762],[76.9837948,28.4087702],[76.9837869,28.4087784],[76.9837791,28.4087867],[76.9837713,28.4087951],[76.9837636,28.4088035],[76.983756,28.408812],[76.9837485,28.4088205],[76.983741,28.4088292],[76.9837332,28.4088385],[76.9837254,28.4088479],[76.9837177,28.4088574],[76.9837101,28.408867],[76.9837027,28.4088766],[76.9836953,28.4088864],[76.9836881,28.4088961],[76.9836809,28.408906],[76.9836739,28.408916],[76.983667,28.408926],[76.9836602,28.4089361],[76.9836535,28.4089462],[76.9836469,28.4089564],[76.9836405,28.4089667],[76.9836342,28.4089771],[76.9836279,28.4089875],[76.9836219,28.408998],[76.9836159,28.4090085],[76.98361,28.4090191],[76.9836043,28.4090297],[76.9835987,28.4090404],[76.9835932,28.4090512],[76.9835879,28.409062],[76.9835827,28.4090728],[76.9835776,28.4090837],[76.9835726,28.4090947],[76.9835678,28.4091057],[76.9835631,28.4091167],[76.9835586,28.4091278],[76.9835541,28.4091389],[76.9835498,28.40915],[76.9835457,28.4091612],[76.9835416,28.4091724],[76.9835377,28.4091836],[76.983534,28.4091949],[76.9835303,28.4092062],[76.9835269,28.4092175],[76.9835235,28.4092289],[76.9835203,28.4092402],[76.9835172,28.4092516],[76.9835143,28.409263],[76.9835114,28.4092744],[76.9835088,28.4092858],[76.9835062,28.4092973],[76.9835038,28.4093087],[76.9835016,28.40932],[76.9834996,28.4093306],[76.9834977,28.4093413],[76.983496,28.409352],[76.9834943,28.4093627],[76.9834928,28.4093734],[76.9834913,28.4093842],[76.98349,28.4093949],[76.9834887,28.4094057],[76.9834876,28.4094164],[76.9834865,28.4094272],[76.9834855,28.409438],[76.9834847,28.4094488],[76.9834839,28.4094595],[76.9834832,28.4094703],[76.9834825,28.4094811],[76.983482,28.4094919],[76.9834815,28.4095027],[76.9834811,28.4095135],[76.9834807,28.4095243],[76.9834805,28.4095351],[76.9834803,28.4095459],[76.9834801,28.4095567],[76.9834801,28.4095676],[76.98348,28.4095784],[76.9834801,28.4095892],[76.9834802,28.4096],[76.9834803,28.4096108],[76.9834805,28.4096216],[76.9834807,28.4096324],[76.983481,28.4096432],[76.9834813,28.409654],[76.9834817,28.4096648],[76.983482,28.4096756],[76.9834825,28.4096864],[76.9834829,28.4096972],[76.9834834,28.409708],[76.9834839,28.4097188],[76.9834844,28.4097296],[76.9834849,28.4097404],[76.9834855,28.4097512],[76.9834861,28.409762],[76.9834867,28.4097728],[76.9834873,28.4097836],[76.9834879,28.4097944],[76.9834885,28.4098052],[76.983491,28.4098496],[76.9834972,28.40996],[76.9835034,28.4100704],[76.9835096,28.4101809],[76.9835158,28.4102913],[76.983522,28.4104017],[76.9835282,28.4105122],[76.9835344,28.4106226],[76.9835406,28.410733],[76.9835468,28.4108434],[76.983553,28.4109539],[76.9835592,28.4110643],[76.9835654,28.4111747],[76.9835716,28.4112851],[76.9835778,28.4113956],[76.983584,28.411506],[76.9835902,28.4116164],[76.9835964,28.4117269],[76.9836026,28.4118373],[76.9836088,28.4119477],[76.983615,28.4120581],[76.9836212,28.4121686],[76.9836274,28.412279],[76.9836336,28.4123894],[76.9836398,28.4124999],[76.983646,28.4126103],[76.9836522,28.4127207],[76.9836584,28.4128311],[76.9836646,28.4129416],[76.9836708,28.413052],[76.983677,28.4131624],[76.9836832,28.4132729],[76.9836894,28.4133833],[76.9836956,28.4134937],[76.9837018,28.4136041],[76.983708,28.4137146],[76.9837142,28.413825],[76.9837205,28.4139354],[76.9837267,28.4140458],[76.9837329,28.4141563],[76.9837391,28.4142667],[76.9837453,28.4143771],[76.9837515,28.4144876],[76.9837577,28.414598],[76.9837639,28.4147084],[76.9837701,28.4148188],[76.9837739,28.4148869],[76.9837745,28.4148977],[76.9837751,28.4149085],[76.9837757,28.4149193],[76.9837763,28.4149301],[76.9837769,28.4149409],[76.9837774,28.4149517],[76.983778,28.4149625],[76.9837785,28.4149733],[76.983779,28.4149841],[76.9837795,28.4149949],[76.9837799,28.4150057],[76.9837804,28.4150165],[76.9837808,28.4150273],[76.9837811,28.4150381],[76.9837814,28.4150489],[76.9837817,28.4150597],[76.983782,28.4150705],[76.9837822,28.4150813],[76.9837823,28.4150921],[76.9837824,28.4151029],[76.9837825,28.4151137],[76.9837824,28.4151245],[76.9837824,28.4151353],[76.9837823,28.4151462],[76.9837821,28.415157],[76.9837818,28.4151678],[76.9837815,28.4151786],[76.9837811,28.4151894],[76.9837807,28.4152002],[76.9837801,28.415211],[76.9837795,28.4152218],[76.9837788,28.4152326],[76.983778,28.4152433],[76.9837772,28.4152541],[76.9837762,28.4152649],[76.9837752,28.4152757],[76.9837741,28.4152864],[76.9837728,28.4152972],[76.9837715,28.4153079],[76.9837701,28.4153187],[76.9837686,28.4153294],[76.9837669,28.4153401],[76.9837652,28.4153508],[76.9837633,28.4153615],[76.9837614,28.4153722],[76.9837591,28.415384],[76.9837563,28.4153971],[76.9837534,28.4154101],[76.9837504,28.4154232],[76.9837471,28.4154362],[76.9837437,28.4154492],[76.9837401,28.4154621],[76.9837363,28.4154751],[76.9837323,28.415488],[76.9837282,28.4155009],[76.9837238,28.4155138],[76.9837193,28.4155266],[76.9837147,28.4155394],[76.9837098,28.4155521],[76.9837048,28.4155648],[76.9836996,28.4155775],[76.9836942,28.4155901],[76.9836887,28.4156027],[76.9836829,28.4156152],[76.9836771,28.4156276],[76.983671,28.41564],[76.9836648,28.4156523],[76.9836584,28.4156646],[76.9836518,28.4156768],[76.9836451,28.4156889],[76.9836382,28.4157009],[76.9836312,28.4157129],[76.9836239,28.4157248],[76.9836166,28.4157366],[76.9836091,28.4157483],[76.9836014,28.4157599],[76.9835936,28.4157715],[76.9835856,28.415783],[76.9835775,28.4157943],[76.9835692,28.4158056],[76.9835608,28.4158168],[76.9835522,28.4158279],[76.9835435,28.4158388],[76.9835347,28.4158497],[76.9835257,28.4158605],[76.9835166,28.4158711],[76.9835073,28.4158817],[76.983498,28.4158921],[76.9834885,28.4159025],[76.9834789,28.4159127],[76.9834691,28.4159228],[76.9834604,28.4159316],[76.9834523,28.4159397],[76.9834441,28.4159477],[76.9834358,28.4159557],[76.9834274,28.4159636],[76.983419,28.4159714],[76.9834104,28.4159791],[76.9834018,28.4159868],[76.9833932,28.4159944],[76.9833845,28.416002],[76.9833757,28.4160095],[76.9833668,28.416017],[76.9833579,28.4160244],[76.9833489,28.4160317],[76.9833399,28.416039],[76.9833308,28.4160462],[76.9833217,28.4160534],[76.9833125,28.4160606],[76.9833033,28.4160676],[76.983294,28.4160747],[76.9832847,28.4160817],[76.9832753,28.4160886],[76.9832659,28.4160955],[76.9832565,28.4161024],[76.983247,28.4161092],[76.9832375,28.416116],[76.9832279,28.4161228],[76.9832184,28.4161295],[76.9832088,28.4161362],[76.9831991,28.4161429],[76.9831895,28.4161495],[76.9831798,28.4161561],[76.9831701,28.4161627],[76.9831604,28.4161692],[76.9831506,28.4161758],[76.9831409,28.4161823],[76.9831311,28.4161888],[76.9831213,28.4161952],[76.9831115,28.4162017],[76.9831017,28.4162081],[76.9830919,28.4162146],[76.9830821,28.416221],[76.9830722,28.4162274],[76.9830624,28.4162338],[76.9830525,28.4162402],[76.9830427,28.4162467],[76.9829881,28.4162822],[76.9829134,28.4163308],[76.9828386,28.4163794],[76.9827639,28.416428],[76.9826892,28.4164766],[76.9826144,28.4165253],[76.9825397,28.4165739],[76.982465,28.4166225],[76.9823902,28.4166711],[76.9823155,28.4167197],[76.9822408,28.4167683],[76.982166,28.4168169],[76.9820913,28.4168656],[76.9820166,28.4169142],[76.9819418,28.4169628],[76.9818671,28.4170114],[76.9817924,28.41706],[76.9817176,28.4171086],[76.9816429,28.4171573],[76.9815682,28.4172059],[76.9814934,28.4172545],[76.9814187,28.4173031],[76.9813439,28.4173517],[76.9812692,28.4174003],[76.9811945,28.4174489],[76.9811197,28.4174976],[76.981045,28.4175462],[76.9809703,28.4175948],[76.9808955,28.4176434],[76.9808208,28.417692],[76.9807461,28.4177406],[76.9806713,28.4177893],[76.9805966,28.4178379],[76.9805219,28.4178865],[76.9804471,28.4179351],[76.9803724,28.4179837],[76.9802977,28.4180323],[76.9802229,28.4180809],[76.9801482,28.4181296],[76.9800734,28.4181782],[76.9799987,28.4182268],[76.979924,28.4182754],[76.9798492,28.418324],[76.9797745,28.4183726],[76.9796998,28.4184212],[76.979625,28.4184699],[76.9796008,28.4184856],[76.9795909,28.418492],[76.9795811,28.4184985],[76.9795712,28.4185049],[76.9795614,28.4185113],[76.9795516,28.4185177],[76.9795417,28.4185241],[76.9795319,28.4185306],[76.9795221,28.418537],[76.9795123,28.4185435],[76.9795025,28.4185499],[76.9794927,28.4185564],[76.9794829,28.4185629],[76.9794732,28.4185694],[76.9794634,28.418576],[76.9794537,28.4185825],[76.979444,28.4185891],[76.9794343,28.4185957],[76.9794246,28.4186023],[76.979415,28.4186089],[76.9794053,28.4186155],[76.9793957,28.4186222],[76.9793861,28.4186289],[76.9793765,28.4186356],[76.979367,28.4186424],[76.9793575,28.4186492],[76.979348,28.418656],[76.9793385,28.4186628],[76.9793291,28.4186697],[76.9793197,28.4186766],[76.9793103,28.4186835],[76.979301,28.4186905],[76.9792917,28.4186975],[76.9792824,28.4187046],[76.9792732,28.4187117],[76.979264,28.4187188],[76.9792548,28.4187259],[76.9792457,28.4187332],[76.9792366,28.4187404],[76.9792276,28.4187477],[76.9792186,28.418755],[76.9792097,28.4187624],[76.9792008,28.4187698],[76.979192,28.4187773],[76.9791832,28.4187848],[76.9791744,28.4187924],[76.9791672,28.4187987],[76.9791603,28.4188048],[76.9791534,28.418811],[76.9791465,28.4188172],[76.9791397,28.4188235],[76.9791329,28.4188297],[76.9791261,28.4188361],[76.9791193,28.4188424],[76.9791126,28.4188488],[76.979106,28.4188552],[76.9790993,28.4188616],[76.9790927,28.4188681],[76.9790862,28.4188746],[76.9790796,28.4188811],[76.9790732,28.4188876],[76.9790667,28.4188942],[76.9790603,28.4189008],[76.9790539,28.4189075],[76.9790476,28.4189142],[76.9790413,28.4189209],[76.979035,28.4189276],[76.9790288,28.4189343],[76.9790226,28.4189411],[76.9790165,28.4189479],[76.9790104,28.4189548],[76.9790043,28.4189617],[76.9789983,28.4189685],[76.9789923,28.4189755],[76.9789863,28.4189824],[76.9789804,28.4189894],[76.9789746,28.4189964],[76.9789687,28.4190034],[76.978963,28.4190105],[76.9789572,28.4190175],[76.9789515,28.4190246],[76.9789459,28.4190318],[76.9789403,28.4190389],[76.9789347,28.4190461],[76.9789291,28.4190533],[76.9789237,28.4190605],[76.9789182,28.4190677],[76.9789128,28.419075],[76.9789074,28.4190823],[76.9789021,28.4190896],[76.9788969,28.4190969],[76.9788916,28.4191043],[76.9788852,28.4191134],[76.9788788,28.4191226],[76.9788725,28.4191319],[76.9788663,28.4191411],[76.9788601,28.4191505],[76.9788539,28.4191598],[76.9788478,28.4191692],[76.9788418,28.4191786],[76.9788358,28.419188],[76.9788299,28.4191975],[76.9788241,28.419207],[76.9788182,28.4192165],[76.9788125,28.419226],[76.9788068,28.4192356],[76.9788011,28.4192451],[76.9787955,28.4192547],[76.9787899,28.4192644],[76.9787844,28.419274],[76.9787789,28.4192837],[76.9787734,28.4192933],[76.978768,28.419303],[76.9787627,28.4193127],[76.9787573,28.4193225],[76.978752,28.4193322],[76.9787468,28.4193419],[76.9787415,28.4193517],[76.9787363,28.4193615],[76.9787311,28.4193713],[76.978726,28.4193811],[76.9787209,28.4193909],[76.9787158,28.4194007],[76.9787107,28.4194106],[76.9787056,28.4194204],[76.9787006,28.4194302],[76.9786956,28.4194401],[76.9786906,28.41945],[76.9786856,28.4194598],[76.9786806,28.4194697],[76.9786757,28.4194796],[76.9786707,28.4194895],[76.9786658,28.4194994],[76.9786608,28.4195093],[76.9786559,28.4195191],[76.978651,28.419529],[76.9786461,28.4195389],[76.9786393,28.4195526],[76.9785897,28.4196525],[76.97854,28.4197523],[76.9784904,28.4198522],[76.9784408,28.4199521],[76.9783912,28.4200519],[76.9783416,28.4201518],[76.9782919,28.4202517],[76.9782423,28.4203515],[76.9781927,28.4204514],[76.9781431,28.4205513],[76.9780935,28.4206511],[76.9780438,28.420751],[76.9779942,28.4208509],[76.9779446,28.4209507],[76.977895,28.4210506],[76.9778454,28.4211504],[76.9777957,28.4212503],[76.9777461,28.4213502],[76.9776965,28.42145],[76.9776469,28.4215499],[76.9775973,28.4216498],[76.9775476,28.4217496],[76.977498,28.4218495],[76.9774484,28.4219494],[76.9773988,28.4220492],[76.9773492,28.4221491],[76.9772995,28.422249],[76.9772499,28.4223488],[76.9772003,28.4224487],[76.9771507,28.4225485],[76.9771011,28.4226484],[76.9770514,28.4227483],[76.9770018,28.4228481],[76.9769522,28.422948],[76.9769026,28.4230479],[76.976853,28.4231477],[76.9768033,28.4232476],[76.9767537,28.4233475],[76.9767041,28.4234473],[76.9766545,28.4235472],[76.9766049,28.423647],[76.9765552,28.4237469],[76.9765056,28.4238468],[76.976456,28.4239466],[76.9764064,28.4240465],[76.9763626,28.4241346],[76.9763576,28.4241445],[76.9763527,28.4241544],[76.9763478,28.4241643],[76.9763429,28.4241742],[76.9763379,28.4241841],[76.976333,28.424194],[76.976328,28.4242039],[76.976323,28.4242137],[76.976318,28.4242236],[76.976313,28.4242334],[76.9763079,28.4242433],[76.9763029,28.4242531],[76.9762978,28.4242629],[76.9762926,28.4242728],[76.9762875,28.4242826],[76.9762823,28.4242923],[76.976277,28.4243021],[76.9762717,28.4243118],[76.9762664,28.4243216],[76.9762611,28.4243313],[76.9762557,28.424341],[76.9762502,28.4243507],[76.9762447,28.4243603],[76.9762391,28.4243699],[76.9762335,28.4243795],[76.9762278,28.4243891],[76.9762221,28.4243987],[76.9762163,28.4244082],[76.9762105,28.4244177],[76.9762045,28.4244271],[76.9761985,28.4244365],[76.9761925,28.4244459],[76.9761864,28.4244553],[76.9761802,28.4244646],[76.9761739,28.4244739],[76.9761675,28.4244831],[76.9761611,28.4244923],[76.9761546,28.4245015],[76.976148,28.4245106],[76.9761413,28.4245196],[76.9761346,28.4245286],[76.9761277,28.4245376],[76.9761208,28.4245465],[76.9761137,28.4245553],[76.9761066,28.4245641],[76.9760986,28.4245738],[76.9760873,28.424587],[76.9760758,28.4246001],[76.9760641,28.4246131],[76.9760522,28.424626],[76.97604,28.4246387],[76.9760275,28.4246513],[76.9760148,28.4246637],[76.9760019,28.424676],[76.9759888,28.4246882],[76.9759754,28.4247002],[76.9759619,28.424712],[76.9759481,28.4247237],[76.9759341,28.4247351],[76.9759199,28.4247465],[76.9759054,28.4247576],[76.9758908,28.4247686],[76.975876,28.4247793],[76.975861,28.4247899],[76.9758458,28.4248003],[76.9758304,28.4248105],[76.9758149,28.4248205],[76.9757992,28.4248303],[76.9757833,28.4248398],[76.9757672,28.4248492],[76.975751,28.4248583],[76.9757347,28.4248672],[76.9757182,28.4248759],[76.9757015,28.4248844],[76.9756847,28.4248926],[76.9756678,28.4249007],[76.9756508,28.4249084],[76.9756337,28.424916],[76.9756165,28.4249233],[76.9755991,28.4249304],[76.9755817,28.4249372],[76.9755642,28.4249438],[76.9755465,28.4249502],[76.9755289,28.4249563],[76.9755111,28.4249622],[76.9754933,28.4249678],[76.9754754,28.4249732],[76.9754575,28.4249783],[76.9754395,28.4249832],[76.9754215,28.4249879],[76.9754034,28.4249923],[76.9753873,28.424996],[76.9753754,28.4249986],[76.9753635,28.4250011],[76.9753516,28.4250035],[76.9753397,28.4250059],[76.9753277,28.4250081],[76.9753157,28.4250102],[76.9753037,28.4250123],[76.9752917,28.4250143],[76.9752797,28.4250162],[76.9752676,28.425018],[76.9752555,28.4250197],[76.9752434,28.4250213],[76.9752314,28.4250229],[76.9752192,28.4250244],[76.9752071,28.4250258],[76.975195,28.4250272],[76.9751829,28.4250285],[76.9751707,28.4250297],[76.9751586,28.4250309],[76.9751464,28.425032],[76.9751342,28.4250331],[76.9751221,28.4250341],[76.9751099,28.425035],[76.9750977,28.4250359],[76.9750855,28.4250367],[76.9750733,28.4250375],[76.9750611,28.4250383],[76.9750489,28.425039],[76.9750367,28.4250397],[76.9750245,28.4250403],[76.9750123,28.4250409],[76.9750001,28.4250415],[76.9749879,28.425042],[76.9749757,28.4250425],[76.9749634,28.425043],[76.9749512,28.4250435],[76.974939,28.4250439],[76.9749268,28.4250443],[76.9749146,28.4250447],[76.9749024,28.4250451],[76.9748901,28.4250455],[76.9748779,28.4250459],[76.9748657,28.4250462],[76.9748535,28.4250466],[76.9748413,28.4250469],[76.9747375,28.4250498],[76.9744934,28.4250567],[76.9742492,28.4250635],[76.9740051,28.4250704],[76.9737609,28.4250773],[76.9735168,28.4250841],[76.9732726,28.425091],[76.9730285,28.4250979],[76.9727843,28.4251047],[76.9725402,28.4251116],[76.9722961,28.4251184],[76.9720519,28.4251253],[76.9718078,28.4251322],[76.9715636,28.425139],[76.9713195,28.4251459],[76.9710753,28.4251527],[76.9708312,28.4251596],[76.970587,28.4251664],[76.9703429,28.4251733],[76.9700987,28.4251801],[76.9698546,28.425187],[76.9696104,28.4251939],[76.9693663,28.4252007],[76.9691221,28.4252076],[76.968878,28.4252144],[76.9686338,28.4252213],[76.9683897,28.4252281],[76.9681455,28.425235],[76.9679014,28.4252418],[76.9676573,28.4252487],[76.9674131,28.4252555],[76.967169,28.4252624],[76.9669248,28.4252692],[76.9666807,28.4252761],[76.9664365,28.4252829],[76.9661924,28.4252898],[76.9659482,28.4252966],[76.9657041,28.4253035],[76.9654599,28.4253103],[76.9652158,28.4253172],[76.9649716,28.425324],[76.9647275,28.4253309],[76.9644833,28.4253377],[76.9642392,28.4253445],[76.963995,28.4253514],[76.9637509,28.4253582],[76.9636187,28.4253619],[76.9636065,28.4253623],[76.9635943,28.4253626],[76.963582,28.4253629],[76.9635698,28.4253633],[76.9635576,28.4253636],[76.9635454,28.4253639],[76.9635331,28.4253642],[76.9635209,28.4253644],[76.9635087,28.4253647],[76.9634965,28.4253649],[76.9634843,28.4253651],[76.963472,28.4253653],[76.9634598,28.4253655],[76.9634476,28.4253656],[76.9634354,28.4253657],[76.9634231,28.4253657],[76.9634109,28.4253657],[76.9633987,28.4253657],[76.9633864,28.4253657],[76.9633742,28.4253656],[76.963362,28.4253654],[76.9633498,28.4253652],[76.9633375,28.4253649],[76.9633253,28.4253646],[76.9633131,28.4253643],[76.9633009,28.4253639],[76.9632887,28.4253634],[76.9632765,28.4253628],[76.9632643,28.4253622],[76.9632521,28.4253616],[76.9632399,28.4253608],[76.9632277,28.42536],[76.9632155,28.4253591],[76.9632033,28.4253582],[76.9631911,28.4253571],[76.963179,28.425356],[76.9631668,28.4253548],[76.9631547,28.4253535],[76.9631425,28.4253522],[76.9631304,28.4253507],[76.9631183,28.4253492],[76.9631062,28.4253475],[76.9630942,28.4253458],[76.9630821,28.425344],[76.9630701,28.425342],[76.9630455,28.4253378],[76.9630114,28.4253311],[76.9629772,28.4253235],[76.962943,28.4253151],[76.9629087,28.4253057],[76.9628745,28.4252954],[76.9628404,28.4252841],[76.9628064,28.4252719],[76.9627727,28.4252587],[76.9627391,28.4252446],[76.9627058,28.4252296],[76.9626729,28.4252136],[76.9626403,28.4251966],[76.9626082,28.4251788],[76.9625766,28.42516],[76.9625455,28.4251403],[76.962515,28.4251197],[76.9624851,28.4250983],[76.9624558,28.425076],[76.9624273,28.4250529],[76.9623996,28.425029],[76.9623727,28.4250043],[76.9623466,28.4249789],[76.9623214,28.4249528],[76.9622971,28.4249261],[76.9622737,28.4248987],[76.9622513,28.4248708],[76.96223,28.4248423],[76.9622096,28.4248133],[76.9621903,28.4247839],[76.9621721,28.424754],[76.962155,28.4247238],[76.9621389,28.4246933],[76.962124,28.4246625],[76.9621101,28.4246315],[76.9620974,28.4246003],[76.9620858,28.4245689],[76.9620753,28.4245375],[76.9620658,28.424506],[76.9620575,28.4244744],[76.9620502,28.424443],[76.962044,28.4244116],[76.9620389,28.4243802],[76.9620347,28.4243491],[76.9620316,28.4243181],[76.9620295,28.4242873],[76.9620287,28.4242698],[76.9620283,28.424259],[76.9620281,28.4242482],[76.962028,28.4242374],[76.962028,28.4242266],[76.9620281,28.4242158],[76.9620283,28.424205],[76.9620286,28.4241941],[76.962029,28.4241833],[76.9620295,28.4241725],[76.96203,28.4241617],[76.9620307,28.424151],[76.9620315,28.4241402],[76.9620323,28.4241294],[76.9620333,28.4241186],[76.9620343,28.4241078],[76.9620353,28.4240971],[76.9620365,28.4240863],[76.9620377,28.4240756],[76.962039,28.4240648],[76.9620404,28.4240541],[76.9620418,28.4240433],[76.9620433,28.4240326],[76.9620449,28.4240219],[76.9620465,28.4240112],[76.9620482,28.4240005],[76.9620499,28.4239898],[76.9620516,28.4239791],[76.9620534,28.4239684],[76.9620553,28.4239577],[76.9620572,28.423947],[76.9620591,28.4239363],[76.9620611,28.4239257],[76.9620631,28.423915],[76.9620651,28.4239043],[76.9620672,28.4238937],[76.9620693,28.423883],[76.9620714,28.4238724],[76.9620735,28.4238618],[76.9620756,28.4238511],[76.9620778,28.4238405],[76.96208,28.4238298],[76.9620822,28.4238192],[76.9620844,28.4238086],[76.9620866,28.4237979],[76.9620888,28.4237873],[76.9620969,28.4237479],[76.9621071,28.4236988],[76.9621173,28.4236496],[76.9621275,28.4236005],[76.9621377,28.4235513],[76.9621479,28.4235022],[76.9621581,28.4234531],[76.9621683,28.4234039],[76.9621785,28.4233548],[76.9621886,28.4233056],[76.9621988,28.4232565],[76.962209,28.4232074],[76.9622192,28.4231582],[76.9622294,28.4231091],[76.9622396,28.4230599],[76.9622498,28.4230108],[76.96226,28.4229617],[76.9622702,28.4229125],[76.9622804,28.4228634],[76.9622905,28.4228142],[76.9623007,28.4227651],[76.9623109,28.422716],[76.9623211,28.4226668],[76.9623313,28.4226177],[76.9623415,28.4225685],[76.9623517,28.4225194],[76.9623619,28.4224703],[76.9623721,28.4224211],[76.9623823,28.422372],[76.9623924,28.4223228],[76.9624026,28.4222737],[76.9624128,28.4222246],[76.962423,28.4221754],[76.9624332,28.4221263],[76.9624434,28.4220771],[76.9624536,28.422028],[76.9624638,28.4219789],[76.962474,28.4219297],[76.9624842,28.4218806],[76.9624943,28.4218314],[76.9625045,28.4217823],[76.9625147,28.4217332],[76.9625249,28.421684],[76.9625351,28.4216349],[76.9625453,28.4215857],[76.9625555,28.4215366],[76.9625583,28.4215229],[76.9625597,28.4215161],[76.9625611,28.4215093],[76.9625625,28.4215026],[76.9625639,28.4214958],[76.9625654,28.421489],[76.9625668,28.4214823],[76.9625682,28.4214755],[76.9625696,28.4214687],[76.962571,28.421462],[76.9625724,28.4214552],[76.9625738,28.4214484],[76.9625752,28.4214417],[76.9625766,28.4214349],[76.9625781,28.4214281],[76.9625795,28.4214214],[76.9625809,28.4214146],[76.9625824,28.4214079],[76.9625838,28.4214011],[76.9625852,28.4213943],[76.9625867,28.4213876],[76.9625881,28.4213808],[76.9625896,28.4213741],[76.962591,28.4213673],[76.9625925,28.4213606],[76.9625939,28.4213538],[76.9625954,28.421347],[76.9625969,28.4213403],[76.9625983,28.4213335],[76.9625998,28.4213268],[76.9626013,28.42132],[76.9626028,28.4213133],[76.9626043,28.4213065],[76.9626058,28.4212998],[76.9626073,28.421293],[76.9626088,28.4212863],[76.9626103,28.4212795],[76.9626119,28.4212728],[76.9626134,28.4212661],[76.962615,28.4212593],[76.9626165,28.4212526],[76.9626181,28.4212458],[76.9626196,28.4212391],[76.9626212,28.4212324],[76.9626228,28.4212256],[76.9626244,28.4212189],[76.9626269,28.4212082],[76.9626295,28.4211972],[76.9626322,28.4211862],[76.9626349,28.4211753],[76.9626376,28.4211643],[76.9626403,28.4211533],[76.9626431,28.4211423],[76.9626458,28.4211314],[76.9626486,28.4211204],[76.9626514,28.4211094],[76.9626543,28.4210985],[76.9626571,28.4210875],[76.96266,28.4210766],[76.9626629,28.4210656],[76.9626658,28.4210547],[76.9626688,28.4210438],[76.9626717,28.4210328],[76.9626747,28.4210219],[76.9626777,28.421011],[76.9626808,28.4210001],[76.9626838,28.4209892],[76.9626869,28.4209783],[76.96269,28.4209674],[76.9626931,28.4209565],[76.9626963,28.4209456],[76.9626994,28.4209347],[76.9627026,28.4209238],[76.9627058,28.4209129],[76.962709,28.4209021],[76.9627123,28.4208912],[76.9627156,28.4208803],[76.9627189,28.4208695],[76.9627222,28.4208586],[76.9627255,28.4208478],[76.9627289,28.4208369],[76.9627323,28.4208261],[76.9627357,28.4208153],[76.9627391,28.4208045],[76.9627425,28.4207936],[76.962746,28.4207828],[76.9627495,28.420772],[76.962753,28.4207612],[76.9627566,28.4207504],[76.9627601,28.4207396],[76.9627637,28.4207289],[76.9627673,28.4207181],[76.9627695,28.4207115],[76.9627717,28.4207049],[76.9627739,28.4206984],[76.9627762,28.4206918],[76.9627784,28.4206852],[76.9627807,28.4206786],[76.9627829,28.420672],[76.9627852,28.4206654],[76.9627875,28.4206589],[76.9627897,28.4206523],[76.962792,28.4206457],[76.9627943,28.4206391],[76.9627966,28.4206326],[76.9627989,28.420626],[76.9628012,28.4206194],[76.9628035,28.4206129],[76.9628059,28.4206063],[76.9628082,28.4205997],[76.9628105,28.4205932],[76.9628129,28.4205866],[76.9628152,28.42058],[76.9628175,28.4205735],[76.9628199,28.4205669],[76.9628222,28.4205604],[76.9628246,28.4205538],[76.9628269,28.4205473],[76.9628293,28.4205407],[76.9628317,28.4205342],[76.962834,28.4205276],[76.9628364,28.4205211],[76.9628388,28.4205145],[76.9628412,28.420508],[76.9628435,28.4205014],[76.9628459,28.4204949],[76.9628483,28.4204883],[76.9628507,28.4204818],[76.9628531,28.4204752],[76.9628555,28.4204687],[76.9628579,28.4204621],[76.9628603,28.4204556],[76.9628627,28.420449],[76.962865,28.4204425],[76.9628674,28.4204359],[76.9628698,28.4204294],[76.9628722,28.4204229],[76.9628762,28.4204122],[76.9628938,28.420364],[76.9629115,28.4203157],[76.9629291,28.4202675],[76.9629467,28.4202193],[76.9629644,28.4201711],[76.962982,28.4201229],[76.9629997,28.4200747],[76.9630173,28.4200265],[76.963035,28.4199783],[76.9630526,28.4199301],[76.9630703,28.4198819],[76.9630879,28.4198337],[76.9631056,28.4197855],[76.9631232,28.4197372],[76.9631409,28.419689],[76.9631585,28.4196408],[76.9631762,28.4195926],[76.9631938,28.4195444],[76.9632115,28.4194962],[76.9632291,28.419448],[76.9632468,28.4193998],[76.9632644,28.4193516],[76.9632821,28.4193034],[76.9632997,28.4192552],[76.9633174,28.419207],[76.963335,28.4191587],[76.9633527,28.4191105],[76.9633703,28.4190623],[76.9633879,28.4190141],[76.9634056,28.4189659],[76.9634232,28.4189177],[76.9634409,28.4188695],[76.9634585,28.4188213],[76.9634762,28.4187731],[76.9634938,28.4187249],[76.9635115,28.4186767],[76.9635291,28.4186285],[76.9635468,28.4185802],[76.9635644,28.418532],[76.9635821,28.4184838],[76.9635997,28.4184356],[76.9636174,28.4183874],[76.963635,28.4183392],[76.9636527,28.418291],[76.9636703,28.4182428],[76.9636854,28.4182017],[76.9636891,28.4181914],[76.9636929,28.4181811],[76.9636966,28.4181708],[76.9637004,28.4181606],[76.9637041,28.4181503],[76.9637078,28.41814],[76.9637116,28.4181297],[76.9637152,28.4181194],[76.9637189,28.4181091],[76.9637226,28.4180987],[76.9637262,28.4180884],[76.9637298,28.4180781],[76.9637334,28.4180677],[76.9637369,28.4180574],[76.9637404,28.418047],[76.9637439,28.4180367],[76.9637473,28.4180263],[76.9637507,28.4180159],[76.963754,28.4180055],[76.9637573,28.4179951],[76.9637605,28.4179847],[76.9637637,28.4179743],[76.9637669,28.4179638],[76.9637699,28.4179533],[76.963773,28.4179429],[76.9637759,28.4179324],[76.9637788,28.4179219],[76.9637816,28.4179114],[76.9637844,28.4179008],[76.9637871,28.4178903],[76.9637897,28.4178797],[76.9637922,28.4178692],[76.9637946,28.4178586],[76.963797,28.417848],[76.9637993,28.4178373],[76.9638015,28.4178267],[76.9638036,28.4178161],[76.9638056,28.4178054],[76.9638075,28.4177947],[76.9638093,28.417784],[76.963811,28.4177733],[76.9638126,28.4177626],[76.9638141,28.4177519],[76.9638155,28.4177411],[76.9638168,28.4177304],[76.9638183,28.417716],[76.9638204,28.417692],[76.9638219,28.4176679],[76.9638228,28.4176436],[76.9638231,28.4176192],[76.9638229,28.4175946],[76.963822,28.41757],[76.9638205,28.4175453],[76.9638184,28.4175205],[76.9638156,28.4174957],[76.9638122,28.4174708],[76.9638082,28.417446],[76.9638036,28.4174212],[76.9637983,28.4173963],[76.9637923,28.4173716],[76.9637858,28.4173469],[76.9637785,28.4173223],[76.9637707,28.4172978],[76.9637622,28.4172734],[76.9637531,28.4172492],[76.9637433,28.4172252],[76.9637329,28.4172013],[76.9637219,28.4171777],[76.9637103,28.4171542],[76.9636982,28.417131],[76.9636854,28.4171081],[76.963672,28.4170854],[76.9636581,28.4170631],[76.9636436,28.417041],[76.9636286,28.4170193],[76.9636131,28.4169979],[76.963597,28.4169768],[76.9635805,28.4169561],[76.9635634,28.4169358],[76.9635459,28.4169159],[76.963528,28.4168964],[76.9635096,28.4168774],[76.9634909,28.4168587],[76.9634717,28.4168405],[76.9634522,28.4168227],[76.9634323,28.4168054],[76.963412,28.4167886],[76.9633915,28.4167722],[76.9633706,28.4167563],[76.9633495,28.4167408],[76.9633281,28.4167259],[76.9633108,28.4167143],[76.963301,28.4167078],[76.9632911,28.4167015],[76.9632811,28.4166952],[76.9632711,28.416689],[76.963261,28.4166829],[76.9632509,28.4166769],[76.9632407,28.4166709],[76.9632304,28.416665],[76.9632201,28.4166592],[76.9632098,28.4166535],[76.9631994,28.4166478],[76.9631889,28.4166422],[76.9631784,28.4166366],[76.9631679,28.4166312],[76.9631573,28.4166257],[76.9631467,28.4166204],[76.9631361,28.4166151],[76.9631254,28.4166098],[76.9631146,28.4166046],[76.9631039,28.4165995],[76.9630931,28.4165944],[76.9630823,28.4165893],[76.9630715,28.4165843],[76.9630606,28.4165794],[76.9630497,28.4165745],[76.9630388,28.4165696],[76.9630278,28.4165648],[76.9630169,28.41656],[76.9630059,28.4165553],[76.9629949,28.4165505],[76.9629839,28.4165458],[76.9629729,28.4165412],[76.9629618,28.4165366],[76.9629507,28.4165319],[76.9629397,28.4165274],[76.9629286,28.4165228],[76.9629175,28.4165183],[76.9629064,28.4165137],[76.9628953,28.4165092],[76.9628842,28.4165047],[76.962873,28.4165003],[76.9628619,28.4164958],[76.9628508,28.4164913],[76.9628396,28.4164869],[76.9628285,28.4164824],[76.9628069,28.4164738],[76.9627726,28.41646],[76.9627384,28.4164463],[76.9627041,28.4164326],[76.9626699,28.4164189],[76.9626356,28.4164052],[76.9626013,28.4163915],[76.9625671,28.4163778],[76.9625328,28.4163641],[76.9624985,28.4163504],[76.9624643,28.4163367],[76.96243,28.4163229],[76.9623957,28.4163092],[76.9623615,28.4162955],[76.9623272,28.4162818],[76.962293,28.4162681],[76.9622587,28.4162544],[76.9622244,28.4162407],[76.9621902,28.416227],[76.9621559,28.4162133],[76.9621216,28.4161996],[76.9620874,28.4161858],[76.9620531,28.4161721],[76.9620188,28.4161584],[76.9619846,28.4161447],[76.9619503,28.416131],[76.9619161,28.4161173],[76.9618818,28.4161036],[76.9618475,28.4160899],[76.9618133,28.4160762],[76.961779,28.4160624],[76.9617447,28.4160487],[76.9617105,28.416035],[76.9616762,28.4160213],[76.9616419,28.4160076],[76.9616077,28.4159939],[76.9615734,28.4159802],[76.9615392,28.4159665],[76.9615049,28.4159528],[76.9614706,28.4159391],[76.9614364,28.4159253],[76.9614021,28.4159116],[76.9613678,28.4158979],[76.9613336,28.4158842],[76.9612993,28.4158705],[76.961265,28.4158568],[76.9612433,28.4158481],[76.9612321,28.4158436],[76.961221,28.4158392],[76.9612099,28.4158347],[76.9611987,28.4158302],[76.9611876,28.4158258],[76.9611765,28.4158213],[76.9611653,28.4158168],[76.9611542,28.4158124],[76.9611431,28.4158079],[76.961132,28.4158034],[76.9611208,28.4157989],[76.9611097,28.4157944],[76.9610986,28.4157899],[76.9610875,28.4157854],[76.9610764,28.4157808],[76.9610653,28.4157763],[76.9610542,28.4157717],[76.9610431,28.4157672],[76.9610321,28.4157626],[76.961021,28.415758],[76.9610099,28.4157534],[76.9609989,28.4157488],[76.9609878,28.4157442],[76.9609768,28.4157395],[76.9609658,28.4157349],[76.9609547,28.4157302],[76.9609437,28.4157255],[76.9609327,28.4157208],[76.9609217,28.4157161],[76.9609107,28.4157113],[76.9608998,28.4157066],[76.9608888,28.4157018],[76.9608778,28.415697],[76.9608669,28.4156922],[76.960856,28.4156873],[76.9608451,28.4156824],[76.9608342,28.4156775],[76.9608233,28.4156726],[76.9608124,28.4156677],[76.9608015,28.4156627],[76.9607907,28.4156577],[76.9607799,28.4156527],[76.9607691,28.4156477],[76.9607583,28.4156426],[76.9607475,28.4156375],[76.9607373,28.4156326],[76.9607274,28.4156279],[76.9607175,28.4156231],[76.9607077,28.4156184],[76.9606978,28.4156135],[76.960688,28.4156087],[76.9606782,28.4156038],[76.9606684,28.415599],[76.9606586,28.4155941],[76.9606488,28.4155891],[76.9606391,28.4155842],[76.9606293,28.4155792],[76.9606196,28.4155742],[76.9606099,28.4155692],[76.9606002,28.4155641],[76.9605906,28.415559],[76.9605809,28.4155539],[76.9605712,28.4155488],[76.9605616,28.4155437],[76.960552,28.4155385],[76.9605424,28.4155333],[76.9605328,28.4155281],[76.9605233,28.4155228],[76.9605137,28.4155176],[76.9605042,28.4155123],[76.9604947,28.415507],[76.9604852,28.4155017],[76.9604757,28.4154963],[76.9604662,28.4154909],[76.9604568,28.4154855],[76.9604473,28.4154801],[76.9604379,28.4154746],[76.9604285,28.4154692],[76.9604192,28.4154637],[76.9604098,28.4154582],[76.9604005,28.4154526],[76.9603911,28.4154471],[76.9603818,28.4154415],[76.9603725,28.4154359],[76.9603633,28.4154303],[76.960354,28.4154246],[76.9603448,28.4154189],[76.9603356,28.4154132],[76.9603264,28.4154075],[76.9603172,28.4154018],[76.960308,28.415396],[76.9602983,28.4153899],[76.9602884,28.4153836],[76.9602785,28.4153772],[76.9602686,28.4153709],[76.9602587,28.4153645],[76.9602489,28.4153581],[76.9602391,28.4153516],[76.9602293,28.4153452],[76.9602195,28.4153387],[76.9602097,28.4153322],[76.9602,28.4153257],[76.9601902,28.4153191],[76.9601805,28.4153126],[76.9601708,28.415306],[76.9601611,28.4152994],[76.9601514,28.4152928],[76.9601418,28.4152862],[76.9601322,28.4152795],[76.9601225,28.4152729],[76.9601129,28.4152662],[76.9601033,28.4152595],[76.9600937,28.4152528],[76.9600841,28.4152461],[76.9600746,28.4152393],[76.960065,28.4152326],[76.9600555,28.4152258],[76.9600459,28.4152191],[76.9600364,28.4152123],[76.9600269,28.4152055],[76.9600174,28.4151987],[76.9600079,28.4151919],[76.9599984,28.4151851],[76.9599889,28.4151783],[76.9599794,28.4151715],[76.95997,28.4151646],[76.9599605,28.4151578],[76.9599511,28.4151509],[76.9599416,28.4151441],[76.9599321,28.4151372],[76.9599227,28.4151304],[76.9599133,28.4151235],[76.9599038,28.4151166],[76.9598944,28.4151098],[76.9598849,28.4151029],[76.9598755,28.415096],[76.9598661,28.4150892],[76.9598541,28.4150804],[76.9598414,28.4150712],[76.9598288,28.415062],[76.9598162,28.4150528],[76.9598036,28.4150436],[76.9597909,28.4150344],[76.9597783,28.4150252],[76.9597657,28.4150161],[76.9597531,28.4150069],[76.9597404,28.4149977],[76.9597278,28.4149885],[76.9597152,28.4149793],[76.9597026,28.4149701],[76.9596899,28.4149609],[76.9596773,28.4149517],[76.9596647,28.4149425],[76.9596521,28.4149333],[76.9596394,28.4149241],[76.9596268,28.4149149],[76.9596142,28.4149057],[76.9596016,28.4148965],[76.9595889,28.4148873],[76.9595763,28.4148781],[76.9595637,28.4148689],[76.9595511,28.4148597],[76.9595384,28.4148506],[76.9595258,28.4148414],[76.9595132,28.4148322],[76.9595006,28.414823],[76.9594879,28.4148138],[76.9594753,28.4148046],[76.9594627,28.4147954],[76.9594501,28.4147862],[76.9594374,28.414777],[76.9594248,28.4147678],[76.9594122,28.4147586],[76.9593996,28.4147494],[76.9593869,28.4147402],[76.9593743,28.414731],[76.9593617,28.4147218],[76.9593491,28.4147126],[76.9593364,28.4147034],[76.9593238,28.4146942],[76.9593112,28.4146851],[76.9592985,28.4146759],[76.9592859,28.4146667],[76.9592784,28.4146612],[76.9592716,28.4146562],[76.9592647,28.4146512],[76.9592579,28.4146462],[76.959251,28.4146412],[76.9592441,28.4146362],[76.9592373,28.4146312],[76.9592304,28.4146262],[76.9592235,28.4146213],[76.9592167,28.4146163],[76.9592098,28.4146113],[76.9592029,28.4146063],[76.959196,28.4146013],[76.9591891,28.4145963],[76.9591823,28.4145914],[76.9591754,28.4145864],[76.9591685,28.4145814],[76.9591616,28.4145765],[76.9591547,28.4145715],[76.9591478,28.4145666],[76.9591409,28.4145616],[76.959134,28.4145567],[76.959127,28.4145517],[76.9591201,28.4145468],[76.9591132,28.4145419],[76.9591063,28.4145369],[76.9590993,28.414532],[76.9590924,28.4145271],[76.9590854,28.4145222],[76.9590785,28.4145173],[76.9590715,28.4145124],[76.9590646,28.4145075],[76.9590576,28.4145027],[76.9590506,28.4144978],[76.9590436,28.4144929],[76.9590366,28.4144881],[76.9590296,28.4144832],[76.9590226,28.4144784],[76.9590156,28.4144736],[76.9590086,28.4144687],[76.9590015,28.4144639],[76.9589945,28.4144591],[76.9589874,28.4144544],[76.9589804,28.4144496],[76.9589733,28.4144448],[76.9589662,28.4144401],[76.9589601,28.4144359],[76.958954,28.4144319],[76.9589478,28.4144278],[76.9589417,28.4144237],[76.9589355,28.4144196],[76.9589294,28.4144156],[76.9589232,28.4144115],[76.958917,28.4144075],[76.9589109,28.4144034],[76.9589047,28.4143994],[76.9588985,28.4143954],[76.9588923,28.4143914],[76.9588861,28.4143874],[76.9588799,28.4143834],[76.9588737,28.4143794],[76.9588674,28.4143754],[76.9588612,28.4143715],[76.958855,28.4143675],[76.9588487,28.4143636],[76.9588425,28.4143596],[76.9588362,28.4143557],[76.9588299,28.4143518],[76.9588237,28.4143478],[76.9588174,28.4143439],[76.9588111,28.41434],[76.9588048,28.4143361],[76.9587985,28.4143322],[76.9587922,28.4143284],[76.9587859,28.4143245],[76.9587796,28.4143206],[76.9587733,28.4143168],[76.9587669,28.4143129],[76.9587606,28.4143091],[76.9587543,28.4143053],[76.9587479,28.4143015],[76.9587415,28.4142977],[76.9587352,28.4142939],[76.9587288,28.4142901],[76.9587224,28.4142863],[76.9587161,28.4142825],[76.9587097,28.4142787],[76.9587033,28.414275],[76.9586969,28.4142712],[76.9586905,28.4142675],[76.9586841,28.4142638],[76.9586776,28.41426],[76.9586701,28.4142557],[76.9586627,28.4142514],[76.9586552,28.4142471],[76.9586477,28.4142428],[76.9586403,28.4142386],[76.9586328,28.4142343],[76.9586253,28.4142301],[76.9586178,28.4142259],[76.9586103,28.4142216],[76.9586028,28.4142174],[76.9585953,28.4142132],[76.9585878,28.414209],[76.9585802,28.4142049],[76.9585727,28.4142007],[76.9585652,28.4141965],[76.9585576,28.4141924],[76.9585501,28.4141882],[76.9585425,28.4141841],[76.9585349,28.4141799],[76.9585274,28.4141758],[76.9585198,28.4141717],[76.9585122,28.4141676],[76.9585047,28.4141635],[76.9584971,28.4141594],[76.9584895,28.4141553],[76.9584819,28.4141512],[76.9584743,28.4141471],[76.9584667,28.414143],[76.9584591,28.4141389],[76.9584515,28.4141348],[76.9584439,28.4141308],[76.9584363,28.4141267],[76.9584287,28.4141226],[76.9584211,28.4141186],[76.9584135,28.4141145],[76.9584058,28.4141104],[76.9583982,28.4141064],[76.9583906,28.4141023],[76.958383,28.4140983],[76.9583754,28.4140943],[76.9583677,28.4140902],[76.9583601,28.4140862],[76.9583525,28.4140821],[76.9583448,28.4140781],[76.9583372,28.4140741],[76.9582764,28.4140418],[76.95793,28.4138583],[76.9575836,28.4136747],[76.9572372,28.4134911],[76.9568908,28.4133076],[76.9565444,28.413124],[76.956198,28.4129404],[76.9558516,28.4127569],[76.9555052,28.4125733],[76.9551588,28.4123897],[76.9548124,28.4122061],[76.954466,28.4120226],[76.9541196,28.411839],[76.9537733,28.4116554],[76.9534269,28.4114718],[76.9530805,28.4112883],[76.9527341,28.4111047],[76.9523877,28.4109211],[76.9520413,28.4107375],[76.951695,28.4105539],[76.9513486,28.4103704],[76.9510022,28.4101868],[76.9506558,28.4100032],[76.9503095,28.4098196],[76.9499631,28.409636],[76.9496167,28.4094524],[76.9492703,28.4092689],[76.948924,28.4090853],[76.9485776,28.4089017],[76.9482312,28.4087181],[76.9478849,28.4085345],[76.9475385,28.4083509],[76.9471921,28.4081673],[76.9468458,28.4079837],[76.9464994,28.4078001],[76.946153,28.4076165],[76.9458067,28.4074329],[76.9454603,28.4072493],[76.945114,28.4070657],[76.9447676,28.4068821],[76.9444213,28.4066985],[76.9440749,28.4065149],[76.9437285,28.4063313],[76.9433822,28.4061477],[76.9430358,28.4059641],[76.9426895,28.4057805],[76.9424274,28.4056416],[76.9424245,28.40564],[76.9424217,28.4056385],[76.9424188,28.405637],[76.9424159,28.4056355],[76.9424131,28.405634],[76.9424102,28.4056325],[76.9424074,28.405631],[76.9424045,28.4056294],[76.9424016,28.4056279],[76.9423988,28.4056264],[76.9423959,28.4056249],[76.9423931,28.4056234],[76.9423902,28.4056219],[76.9423873,28.4056203],[76.9423845,28.4056188],[76.9423816,28.4056173],[76.9423788,28.4056158],[76.9423759,28.4056143],[76.942373,28.4056128],[76.9423702,28.4056113],[76.9423673,28.4056097],[76.9423645,28.4056082],[76.9423616,28.4056067],[76.9423587,28.4056052],[76.9423559,28.4056037],[76.942353,28.4056022],[76.9423502,28.4056007],[76.9423473,28.4055992],[76.9423444,28.4055976],[76.9423416,28.4055961],[76.9423387,28.4055946],[76.9423358,28.4055931],[76.942333,28.4055916],[76.9423301,28.4055901],[76.9423273,28.4055886],[76.9423244,28.4055871],[76.9423215,28.4055855],[76.9423187,28.405584],[76.9423158,28.4055825],[76.9423129,28.405581],[76.9423101,28.4055795],[76.9423072,28.405578],[76.9423043,28.4055765],[76.9423015,28.405575],[76.9422986,28.4055735],[76.9422945,28.4055713],[76.9422877,28.4055677],[76.9422809,28.4055642],[76.9422742,28.4055606],[76.9422674,28.4055571],[76.9422606,28.4055535],[76.9422539,28.40555],[76.9422471,28.4055465],[76.9422404,28.4055429],[76.9422336,28.4055394],[76.9422268,28.4055359],[76.94222,28.4055323],[76.9422133,28.4055288],[76.9422065,28.4055253],[76.9421997,28.4055217],[76.9421929,28.4055182],[76.9421862,28.4055147],[76.9421794,28.4055112],[76.9421726,28.4055077],[76.9421658,28.4055041],[76.942159,28.4055006],[76.9421522,28.4054971],[76.9421455,28.4054936],[76.9421387,28.4054901],[76.9421319,28.4054866],[76.9421251,28.4054831],[76.9421183,28.4054796],[76.9421115,28.4054761],[76.9421047,28.4054726],[76.9420979,28.4054691],[76.9420911,28.4054656],[76.9420843,28.4054621],[76.9420775,28.4054586],[76.9420707,28.4054552],[76.9420639,28.4054517],[76.9420571,28.4054482],[76.9420503,28.4054447],[76.9420435,28.4054412],[76.9420367,28.4054378],[76.9420299,28.4054343],[76.942023,28.4054308],[76.9420162,28.4054274],[76.9420094,28.4054239],[76.9420026,28.4054204],[76.9419958,28.405417],[76.941989,28.4054135],[76.9419838,28.4054109],[76.9419809,28.4054094],[76.941978,28.4054079],[76.9419751,28.4054065],[76.9419722,28.405405],[76.9419693,28.4054036],[76.9419664,28.4054021],[76.9419635,28.4054006],[76.9419607,28.4053992],[76.9419578,28.4053977],[76.9419549,28.4053962],[76.941952,28.4053948],[76.9419491,28.4053933],[76.9419462,28.4053918],[76.9419433,28.4053904],[76.9419404,28.4053889],[76.9419375,28.4053875],[76.9419346,28.405386],[76.9419317,28.4053845],[76.9419288,28.4053831],[76.9419259,28.4053816],[76.941923,28.4053802],[76.9419201,28.4053787],[76.9419172,28.4053772],[76.9419143,28.4053758],[76.9419114,28.4053743],[76.9419085,28.4053729],[76.9419056,28.4053714],[76.9419027,28.4053699],[76.9418998,28.4053685],[76.9418969,28.405367],[76.941894,28.4053656],[76.9418911,28.4053641],[76.9418882,28.4053627],[76.9418854,28.4053612],[76.9418825,28.4053597],[76.9418796,28.4053583],[76.9418767,28.4053568],[76.9418738,28.4053554],[76.9418709,28.4053539],[76.941868,28.4053524],[76.9418651,28.405351],[76.9418622,28.4053495],[76.9418593,28.4053481],[76.9418564,28.4053466],[76.9418535,28.4053452],[76.9417205,28.4052783],[76.9414625,28.4051485],[76.9412044,28.4050187],[76.9409463,28.4048889],[76.9406882,28.4047591],[76.9404302,28.4046293],[76.9401721,28.4044995],[76.939914,28.4043696],[76.939656,28.4042398],[76.9393979,28.40411],[76.9391398,28.4039802],[76.9388818,28.4038504],[76.9386237,28.4037206],[76.9383656,28.4035908],[76.9381076,28.403461],[76.9378495,28.4033312],[76.9375914,28.4032013],[76.9373334,28.4030715],[76.9370753,28.4029417],[76.9368172,28.4028119],[76.9365592,28.4026821],[76.9363011,28.4025523],[76.936043,28.4024225],[76.935785,28.4022926],[76.9355269,28.4021628],[76.9352689,28.402033],[76.9350108,28.4019032],[76.9347527,28.4017734],[76.9344947,28.4016435],[76.9342366,28.4015137],[76.9339786,28.4013839],[76.9337205,28.4012541],[76.9334625,28.4011243],[76.9332044,28.4009944],[76.9329464,28.4008646],[76.9326883,28.4007348],[76.9324302,28.400605],[76.9321722,28.4004752],[76.9319141,28.4003453],[76.9316561,28.4002155],[76.931398,28.4000857],[76.93114,28.3999558],[76.9308819,28.399826],[76.9306239,28.3996962],[76.9303658,28.3995664],[76.9301078,28.3994365],[76.9300022,28.3993834],[76.9299994,28.399382],[76.9299965,28.3993805],[76.9299936,28.3993791],[76.9299907,28.3993776],[76.9299878,28.3993761],[76.9299849,28.3993747],[76.929982,28.3993732],[76.9299791,28.3993718],[76.9299762,28.3993703],[76.9299733,28.3993689],[76.9299704,28.3993674],[76.9299675,28.3993659],[76.9299646,28.3993645],[76.9299617,28.399363],[76.9299588,28.3993616],[76.9299559,28.3993601],[76.929953,28.3993586],[76.9299501,28.3993572],[76.9299472,28.3993557],[76.9299443,28.3993543],[76.9299414,28.3993528],[76.9299385,28.3993514],[76.9299356,28.3993499],[76.9299327,28.3993484],[76.9299298,28.399347],[76.9299269,28.3993455],[76.929924,28.3993441],[76.9299211,28.3993426],[76.9299182,28.3993411],[76.9299153,28.3993397],[76.9299124,28.3993382],[76.9299096,28.3993367],[76.9299067,28.3993353],[76.9299038,28.3993338],[76.9299009,28.3993324],[76.929898,28.3993309],[76.9298951,28.3993294],[76.9298922,28.399328],[76.9298893,28.3993265],[76.9298864,28.399325],[76.9298835,28.3993236],[76.9298806,28.3993221],[76.9298777,28.3993207],[76.9298748,28.3993192],[76.9298719,28.3993177],[76.9298668,28.3993151],[76.9298607,28.399312],[76.9298546,28.3993089],[76.9298485,28.3993058],[76.9298424,28.3993027],[76.9298363,28.3992996],[76.9298301,28.3992965],[76.929824,28.3992934],[76.9298179,28.3992903],[76.9298118,28.3992872],[76.9298057,28.3992841],[76.9297996,28.399281],[76.9297935,28.3992778],[76.9297874,28.3992747],[76.9297813,28.3992716],[76.9297752,28.3992685],[76.9297691,28.3992654],[76.929763,28.3992622],[76.9297569,28.3992591],[76.9297508,28.399256],[76.9297447,28.3992529],[76.9297386,28.3992497],[76.9297325,28.3992466],[76.9297264,28.3992435],[76.9297203,28.3992403],[76.9297142,28.3992372],[76.9297081,28.3992341],[76.929702,28.3992309],[76.9296959,28.3992278],[76.9296898,28.3992246],[76.9296837,28.3992215],[76.9296776,28.3992184],[76.9296716,28.3992152],[76.9296655,28.3992121],[76.9296594,28.3992089],[76.9296533,28.3992058],[76.9296472,28.3992026],[76.9296411,28.3991995],[76.9296351,28.3991963],[76.929629,28.3991932],[76.9296229,28.39919],[76.9296168,28.3991868],[76.9296107,28.3991837],[76.9296047,28.3991805],[76.9295986,28.3991774],[76.9295925,28.3991742],[76.9295889,28.3991723],[76.929586,28.3991708],[76.9295832,28.3991693],[76.9295803,28.3991678],[76.9295774,28.3991663],[76.9295746,28.3991648],[76.9295717,28.3991633],[76.9295688,28.3991618],[76.9295659,28.3991603],[76.9295631,28.3991589],[76.9295602,28.3991574],[76.9295573,28.3991559],[76.9295545,28.3991544],[76.9295516,28.3991529],[76.9295487,28.3991514],[76.9295459,28.3991499],[76.929543,28.3991484],[76.9295401,28.3991469],[76.9295372,28.3991453],[76.9295344,28.3991438],[76.9295315,28.3991423],[76.9295286,28.3991408],[76.9295258,28.3991393],[76.9295229,28.3991378],[76.92952,28.3991363],[76.9295172,28.3991348],[76.9295143,28.3991333],[76.9295114,28.3991318],[76.9295086,28.3991303],[76.9295057,28.3991288],[76.9295028,28.3991273],[76.9295,28.3991258],[76.9294971,28.3991243],[76.9294942,28.3991228],[76.9294914,28.3991213],[76.9294885,28.3991198],[76.9294856,28.3991183],[76.9294827,28.3991168],[76.9294799,28.3991153],[76.929477,28.3991138],[76.9294741,28.3991123],[76.9294713,28.3991108],[76.9294684,28.3991093],[76.9294655,28.3991078],[76.9294627,28.3991063],[76.9294598,28.3991048],[76.9292333,28.398986],[76.9289711,28.3988485],[76.9287088,28.398711],[76.9284465,28.3985734],[76.9281843,28.3984359],[76.927922,28.3982984],[76.9276598,28.3981608],[76.9273975,28.3980233],[76.9271353,28.3978858],[76.926873,28.3977483],[76.9266107,28.3976107],[76.9263485,28.3974732],[76.9260862,28.3973357],[76.925824,28.3971981],[76.9255617,28.3970606],[76.9252995,28.3969231],[76.9250372,28.3967855],[76.924775,28.396648],[76.9245127,28.3965105],[76.9242505,28.3963729],[76.9239882,28.3962354],[76.923726,28.3960978],[76.9234637,28.3959603],[76.9232015,28.3958228],[76.9229392,28.3956852],[76.922677,28.3955477],[76.9224147,28.3954102],[76.9221525,28.3952726],[76.9218902,28.3951351],[76.921628,28.3949975],[76.9213658,28.39486],[76.9211035,28.3947224],[76.9208413,28.3945849],[76.920579,28.3944474],[76.9203168,28.3943098],[76.9200546,28.3941723],[76.9197923,28.3940347],[76.9195301,28.3938972],[76.9192678,28.3937596],[76.9190056,28.3936221],[76.9187434,28.3934845],[76.9184811,28.393347],[76.9182189,28.3932094],[76.9179567,28.3930719],[76.9176944,28.3929343],[76.9174322,28.3927968],[76.9174137,28.3927871],[76.917408,28.3927841],[76.9174022,28.3927811],[76.9173965,28.3927781],[76.9173908,28.3927751],[76.917385,28.392772],[76.9173793,28.392769],[76.9173736,28.392766],[76.9173678,28.392763],[76.9173621,28.39276],[76.9173564,28.392757],[76.9173506,28.392754],[76.9173449,28.392751],[76.9173392,28.3927479],[76.9173334,28.3927449],[76.9173277,28.3927419],[76.917322,28.3927389],[76.9173163,28.3927359],[76.9173106,28.3927328],[76.9173048,28.3927298],[76.9172991,28.3927268],[76.9172934,28.3927238],[76.9172877,28.3927207],[76.917282,28.3927177],[76.9172762,28.3927146],[76.9172705,28.3927116],[76.9172648,28.3927086],[76.9172591,28.3927055],[76.9172534,28.3927025],[76.9172477,28.3926994],[76.917242,28.3926964],[76.9172363,28.3926933],[76.9172306,28.3926903],[76.9172249,28.3926872],[76.9172192,28.3926841],[76.9172135,28.3926811],[76.9172078,28.392678],[76.9172021,28.3926749],[76.9171964,28.3926718],[76.9171907,28.3926688],[76.9171851,28.3926657],[76.9171794,28.3926626],[76.9171737,28.3926595],[76.917168,28.3926564],[76.9171624,28.3926533],[76.9171567,28.3926502],[76.9171497,28.3926463],[76.9171427,28.3926425],[76.9171357,28.3926386],[76.9171288,28.3926348],[76.9171218,28.3926309],[76.9171148,28.392627],[76.9171079,28.3926232],[76.9171009,28.3926193],[76.917094,28.3926154],[76.917087,28.3926115],[76.9170801,28.3926076],[76.9170732,28.3926037],[76.9170662,28.3925998],[76.9170593,28.3925958],[76.9170524,28.3925919],[76.9170455,28.392588],[76.9170386,28.392584],[76.9170317,28.3925801],[76.9170248,28.3925761],[76.9170179,28.3925722],[76.917011,28.3925682],[76.9170041,28.3925642],[76.9169972,28.3925602],[76.9169904,28.3925562],[76.9169835,28.3925522],[76.9169766,28.3925482],[76.9169698,28.3925442],[76.9169629,28.3925402],[76.9169561,28.3925362],[76.9169492,28.3925322],[76.9169424,28.3925281],[76.9169355,28.3925241],[76.9169287,28.39252],[76.9169219,28.392516],[76.9169151,28.3925119],[76.9169082,28.3925079],[76.9169014,28.3925038],[76.9168946,28.3924997],[76.9168878,28.3924956],[76.916881,28.3924915],[76.9168742,28.3924874],[76.9168674,28.3924833],[76.9168607,28.3924792],[76.9168539,28.3924751],[76.9168471,28.392471],[76.9168405,28.3924669],[76.916835,28.3924636],[76.9168296,28.3924602],[76.9168241,28.3924569],[76.9168186,28.3924535],[76.9168131,28.3924501],[76.9168077,28.3924468],[76.9168022,28.3924434],[76.9167967,28.39244],[76.9167913,28.3924366],[76.9167858,28.3924332],[76.9167804,28.3924298],[76.9167749,28.3924265],[76.9167695,28.3924231],[76.916764,28.3924197],[76.9167586,28.3924162],[76.9167531,28.3924128],[76.9167477,28.3924094],[76.9167423,28.392406],[76.9167368,28.3924026],[76.9167314,28.3923992],[76.916726,28.3923958],[76.9167205,28.3923923],[76.9167151,28.3923889],[76.9167097,28.3923855],[76.9167043,28.3923821],[76.9166988,28.3923786],[76.9166934,28.3923752],[76.916688,28.3923718],[76.9166826,28.3923683],[76.9166772,28.3923649],[76.9166717,28.3923615],[76.9166663,28.392358],[76.9166609,28.3923546],[76.9166555,28.3923511],[76.9166501,28.3923477],[76.9166447,28.3923443],[76.9166393,28.3923408],[76.9166338,28.3923374],[76.9166284,28.3923339],[76.916623,28.3923305],[76.9166176,28.392327],[76.9166122,28.3923236],[76.9166068,28.3923201],[76.9166014,28.3923167],[76.916596,28.3923132],[76.9165813,28.3923039],[76.9165328,28.392273],[76.9164844,28.3922421],[76.9164359,28.3922111],[76.9163874,28.3921802],[76.9163389,28.3921493],[76.9162904,28.3921184],[76.9162419,28.3920875],[76.9161934,28.3920565],[76.9161449,28.3920256],[76.9160964,28.3919947],[76.9160479,28.3919638],[76.9159994,28.3919329],[76.9159509,28.3919019],[76.9159025,28.391871],[76.915854,28.3918401],[76.9158055,28.3918092],[76.915757,28.3917783],[76.9157085,28.3917473],[76.91566,28.3917164],[76.9156115,28.3916855],[76.915563,28.3916546],[76.9155145,28.3916237],[76.915466,28.3915927],[76.9154175,28.3915618],[76.915369,28.3915309],[76.9153206,28.3915],[76.9152721,28.391469],[76.9152236,28.3914381],[76.9151751,28.3914072],[76.9151266,28.3913763],[76.9150781,28.3913454],[76.9150296,28.3913144],[76.9149811,28.3912835],[76.9149326,28.3912526],[76.9148841,28.3912217],[76.9148356,28.3911908],[76.9147871,28.3911598],[76.9147387,28.3911289],[76.9146902,28.391098],[76.9146417,28.3910671],[76.9145932,28.3910362],[76.9145447,28.3910052],[76.9144962,28.3909743],[76.9144477,28.3909434],[76.9143992,28.3909125],[76.9143624,28.390889],[76.9143525,28.3908827],[76.9143426,28.3908764],[76.9143327,28.39087],[76.9143228,28.3908637],[76.9143129,28.3908574],[76.914303,28.390851],[76.9142931,28.3908447],[76.9142832,28.3908383],[76.9142733,28.390832],[76.9142634,28.3908256],[76.9142535,28.3908192],[76.9142437,28.3908129],[76.9142338,28.3908065],[76.914224,28.3908001],[76.9142141,28.3907936],[76.9142043,28.3907872],[76.9141945,28.3907807],[76.9141847,28.3907743],[76.9141749,28.3907678],[76.9141652,28.3907613],[76.9141554,28.3907548],[76.9141457,28.3907482],[76.914136,28.3907417],[76.9141263,28.3907351],[76.9141166,28.3907285],[76.9141069,28.3907219],[76.9140973,28.3907152],[76.9140877,28.3907086],[76.9140781,28.3907019],[76.9140685,28.3906951],[76.914059,28.3906884],[76.9140494,28.3906816],[76.9140399,28.3906748],[76.9140305,28.390668],[76.914021,28.3906611],[76.9140116,28.3906542],[76.9140022,28.3906473],[76.9139929,28.3906403],[76.9139836,28.3906334],[76.9139743,28.3906263],[76.913965,28.3906193],[76.9139558,28.3906122],[76.9139466,28.390605],[76.9139374,28.3905979],[76.9139283,28.3905907],[76.9139109,28.3905767],[76.9138805,28.3905517],[76.9138506,28.3905263],[76.913821,28.3905003],[76.9137918,28.3904738],[76.9137631,28.3904469],[76.9137348,28.3904195],[76.9137069,28.3903916],[76.9136796,28.3903632],[76.9136526,28.3903344],[76.9136262,28.3903052],[76.9136003,28.3902755],[76.9135749,28.3902453],[76.9135501,28.3902148],[76.9135258,28.3901839],[76.913502,28.3901525],[76.9134789,28.3901208],[76.9134563,28.3900888],[76.9134343,28.3900563],[76.9134129,28.3900235],[76.9133921,28.3899904],[76.913372,28.389957],[76.9133525,28.3899233],[76.9133336,28.3898893],[76.9133154,28.389855],[76.9132978,28.3898204],[76.9132809,28.3897856],[76.9132646,28.3897506],[76.9132491,28.3897154],[76.9132342,28.38968],[76.91322,28.3896443],[76.9132065,28.3896086],[76.9131937,28.3895726],[76.9131816,28.3895366],[76.9131702,28.3895004],[76.9131595,28.3894641],[76.9131495,28.3894277],[76.9131402,28.3893912],[76.9131315,28.3893547],[76.9131236,28.3893181],[76.9131164,28.3892816],[76.9131099,28.389245],[76.9131041,28.3892084],[76.913099,28.3891718],[76.9130945,28.3891352],[76.9130908,28.3890988],[76.9130886,28.3890746],[76.9130878,28.3890638],[76.913087,28.389053],[76.9130863,28.3890422],[76.9130856,28.3890314],[76.913085,28.3890207],[76.9130844,28.3890099],[76.9130838,28.3889991],[76.9130834,28.3889883],[76.9130829,28.3889775],[76.9130825,28.3889667],[76.9130822,28.3889558],[76.9130819,28.388945],[76.9130817,28.3889342],[76.9130814,28.3889234],[76.9130813,28.3889126],[76.9130811,28.3889018],[76.913081,28.388891],[76.913081,28.3888802],[76.9130809,28.3888694],[76.913081,28.3888586],[76.913081,28.3888478],[76.9130811,28.388837],[76.9130812,28.3888262],[76.9130813,28.3888153],[76.9130815,28.3888045],[76.9130816,28.3887937],[76.9130819,28.3887829],[76.9130821,28.3887721],[76.9130823,28.3887613],[76.9130826,28.3887505],[76.9130829,28.3887397],[76.9130832,28.3887289],[76.9130836,28.3887181],[76.9130839,28.3887073],[76.9130843,28.3886965],[76.9130846,28.3886857],[76.913085,28.3886749],[76.9130854,28.3886641],[76.9130858,28.3886533],[76.9130862,28.3886425],[76.9130867,28.3886317],[76.9130871,28.3886209],[76.9130875,28.3886101],[76.913088,28.3885992],[76.9130884,28.3885884],[76.9130896,28.3885589],[76.9130914,28.388515],[76.9130931,28.3884712],[76.9130949,28.3884273],[76.9130967,28.3883834],[76.9130985,28.3883396],[76.9131003,28.3882957],[76.913102,28.3882518],[76.9131038,28.388208],[76.9131056,28.3881641],[76.9131074,28.3881202],[76.9131091,28.3880764],[76.9131109,28.3880325],[76.9131127,28.3879886],[76.9131145,28.3879448],[76.9131162,28.3879009],[76.913118,28.387857],[76.9131198,28.3878132],[76.9131216,28.3877693],[76.9131233,28.3877254],[76.9131251,28.3876816],[76.9131269,28.3876377],[76.9131287,28.3875938],[76.9131304,28.38755],[76.9131322,28.3875061],[76.913134,28.3874623],[76.9131358,28.3874184],[76.9131376,28.3873745],[76.9131393,28.3873307],[76.9131411,28.3872868],[76.9131429,28.3872429],[76.9131447,28.3871991],[76.9131464,28.3871552],[76.9131482,28.3871113],[76.91315,28.3870675],[76.9131518,28.3870236],[76.9131535,28.3869797],[76.9131553,28.3869359],[76.9131571,28.386892],[76.9131589,28.3868481],[76.9131606,28.3868043],[76.9131624,28.3867604],[76.9131642,28.3867165],[76.913166,28.3866727],[76.9131678,28.3866288],[76.9131695,28.3865849],[76.9131702,28.3865692],[76.9131702,28.3865682],[76.9131702,28.3865672],[76.9131703,28.3865662],[76.9131703,28.3865652],[76.9131704,28.3865643],[76.9131704,28.3865633],[76.9131704,28.3865623],[76.9131705,28.3865613],[76.9131705,28.3865603],[76.9131706,28.3865593],[76.9131706,28.3865584],[76.9131706,28.3865574],[76.9131707,28.3865564],[76.9131707,28.3865554],[76.9131708,28.3865544],[76.9131708,28.3865535],[76.9131708,28.3865525],[76.9131709,28.3865515],[76.9131709,28.3865505],[76.913171,28.3865495],[76.913171,28.3865485],[76.913171,28.3865476],[76.9131711,28.3865466],[76.9131711,28.3865456],[76.9131712,28.3865446],[76.9131712,28.3865436],[76.9131712,28.3865427],[76.9131713,28.3865417],[76.9131713,28.3865407],[76.9131714,28.3865397],[76.9131714,28.3865387],[76.9131714,28.3865377],[76.9131715,28.3865368],[76.9131715,28.3865358],[76.9131716,28.3865348],[76.9131716,28.3865338],[76.9131716,28.3865328],[76.9131717,28.3865318],[76.9131717,28.3865309],[76.9131718,28.3865299],[76.9131718,28.3865289],[76.9131718,28.3865279],[76.9131719,28.3865269],[76.9131719,28.386526],[76.913172,28.386525],[76.9131722,28.3865189],[76.9131725,28.3865111],[76.9131729,28.3865033],[76.9131732,28.3864955],[76.9131735,28.3864877],[76.9131738,28.3864798],[76.9131742,28.386472],[76.9131745,28.3864642],[76.9131748,28.3864564],[76.9131752,28.3864486],[76.9131755,28.3864408],[76.9131758,28.3864329],[76.9131762,28.3864251],[76.9131765,28.3864173],[76.9131769,28.3864095],[76.9131772,28.3864017],[76.9131776,28.3863939],[76.9131779,28.3863861],[76.9131783,28.3863782],[76.9131786,28.3863704],[76.913179,28.3863626],[76.9131793,28.3863548],[76.9131797,28.386347],[76.91318,28.3863392],[76.9131804,28.3863314],[76.9131807,28.3863235],[76.9131811,28.3863157],[76.9131815,28.3863079],[76.9131818,28.3863001],[76.9131822,28.3862923],[76.9131826,28.3862845],[76.9131829,28.3862767],[76.9131833,28.3862688],[76.9131837,28.386261],[76.913184,28.3862532],[76.9131844,28.3862454],[76.9131848,28.3862376],[76.9131852,28.3862298],[76.9131856,28.386222],[76.9131859,28.3862141],[76.9131863,28.3862063],[76.9131867,28.3861985],[76.9131871,28.3861907],[76.9131875,28.3861829],[76.9131879,28.3861751],[76.9131883,28.3861673],[76.9131884,28.3861651],[76.9131884,28.3861641],[76.9131885,28.3861632],[76.9131885,28.3861622],[76.9131886,28.3861612],[76.9131886,28.3861602],[76.9131887,28.3861592],[76.9131887,28.3861583],[76.9131888,28.3861573],[76.9131888,28.3861563],[76.9131889,28.3861553],[76.9131889,28.3861543],[76.913189,28.3861533],[76.913189,28.3861524],[76.9131891,28.3861514],[76.9131891,28.3861504],[76.9131892,28.3861494],[76.9131892,28.3861484],[76.9131893,28.3861475],[76.9131893,28.3861465],[76.9131894,28.3861455],[76.9131894,28.3861445],[76.9131895,28.3861435],[76.9131895,28.3861426],[76.9131895,28.3861416],[76.9131896,28.3861406],[76.9131896,28.3861396],[76.9131897,28.3861386],[76.9131897,28.3861376],[76.9131898,28.3861367],[76.9131898,28.3861357],[76.9131899,28.3861347],[76.9131899,28.3861337],[76.91319,28.3861327],[76.91319,28.3861318],[76.9131901,28.3861308],[76.9131901,28.3861298],[76.9131902,28.3861288],[76.9131902,28.3861278],[76.9131903,28.3861268],[76.9131903,28.3861259],[76.9131904,28.3861249],[76.9131904,28.3861239],[76.9131905,28.3861229],[76.9131905,28.3861219],[76.9131906,28.386121],[76.9131921,28.3860917],[76.9131937,28.38606],[76.9131953,28.3860283],[76.9131969,28.3859966],[76.9131985,28.3859649],[76.9132001,28.3859332],[76.9132017,28.3859015],[76.9132033,28.3858698],[76.9132049,28.3858381],[76.9132065,28.3858064],[76.9132081,28.3857747],[76.9132097,28.385743],[76.9132113,28.3857113],[76.9132129,28.3856796],[76.9132145,28.3856479],[76.9132162,28.3856162],[76.9132178,28.3855845],[76.9132194,28.3855528],[76.913221,28.3855211],[76.9132226,28.3854894],[76.9132242,28.3854577],[76.9132258,28.385426],[76.9132274,28.3853943],[76.913229,28.3853626],[76.9132306,28.3853309],[76.9132322,28.3852992],[76.9132338,28.3852675],[76.9132354,28.3852358],[76.913237,28.3852041],[76.9132386,28.3851724],[76.9132402,28.3851407],[76.9132418,28.385109],[76.9132434,28.3850773],[76.913245,28.3850456],[76.9132467,28.3850139],[76.9132483,28.3849822],[76.9132499,28.3849505],[76.9132515,28.3849188],[76.9132531,28.3848871],[76.9132547,28.3848554],[76.9132563,28.3848237],[76.9132579,28.384792],[76.9132595,28.3847603],[76.9132611,28.3847286],[76.9132627,28.3846969],[76.9132643,28.3846654],[76.9132649,28.3846546],[76.9132654,28.3846438],[76.9132659,28.384633],[76.9132665,28.3846222],[76.913267,28.3846114],[76.9132675,28.3846006],[76.9132681,28.3845898],[76.9132686,28.384579],[76.9132691,28.3845682],[76.9132695,28.3845574],[76.91327,28.3845466],[76.9132705,28.3845358],[76.9132709,28.384525],[76.9132713,28.3845142],[76.9132717,28.3845034],[76.9132721,28.3844926],[76.9132724,28.3844818],[76.9132728,28.384471],[76.9132731,28.3844602],[76.9132733,28.3844494],[76.9132736,28.3844386],[76.9132738,28.3844278],[76.913274,28.384417],[76.9132742,28.3844061],[76.9132743,28.3843953],[76.9132744,28.3843845],[76.9132744,28.3843737],[76.9132744,28.3843629],[76.9132744,28.3843521],[76.9132743,28.3843413],[76.9132742,28.3843305],[76.9132741,28.3843197],[76.9132739,28.3843089],[76.9132736,28.3842981],[76.9132733,28.3842873],[76.913273,28.3842765],[76.9132726,28.3842656],[76.9132721,28.3842548],[76.9132716,28.384244],[76.9132711,28.3842333],[76.9132704,28.3842225],[76.9132698,28.3842117],[76.913269,28.3842009],[76.9132682,28.3841901],[76.9132674,28.3841793],[76.9132665,28.3841688],[76.9132658,28.3841612],[76.9132651,28.3841535],[76.9132643,28.3841459],[76.9132635,28.3841382],[76.9132627,28.3841306],[76.9132619,28.384123],[76.913261,28.3841153],[76.91326,28.3841077],[76.9132591,28.3841],[76.9132581,28.3840924],[76.9132571,28.3840848],[76.913256,28.3840772],[76.9132549,28.3840695],[76.9132538,28.3840619],[76.9132527,28.3840543],[76.9132515,28.3840467],[76.9132503,28.3840391],[76.913249,28.3840315],[76.9132478,28.3840239],[76.9132464,28.3840163],[76.9132451,28.3840087],[76.9132437,28.3840011],[76.9132423,28.3839935],[76.9132409,28.3839859],[76.9132394,28.3839783],[76.9132379,28.3839708],[76.9132363,28.3839632],[76.9132348,28.3839556],[76.9132332,28.3839481],[76.9132315,28.3839405],[76.9132299,28.383933],[76.9132282,28.3839255],[76.9132264,28.3839179],[76.9132247,28.3839104],[76.9132229,28.3839029],[76.913221,28.3838954],[76.9132192,28.3838879],[76.9132173,28.3838804],[76.9132154,28.3838729],[76.9132134,28.3838654],[76.9132114,28.3838579],[76.9132094,28.3838505],[76.9132073,28.383843],[76.9132053,28.3838356],[76.9132031,28.3838281],[76.9132008,28.3838201],[76.9131978,28.3838097],[76.9131946,28.3837992],[76.9131914,28.3837888],[76.9131881,28.3837784],[76.9131848,28.383768],[76.9131815,28.3837576],[76.913178,28.3837472],[76.9131745,28.3837368],[76.913171,28.3837265],[76.9131674,28.3837162],[76.9131638,28.3837058],[76.9131601,28.3836955],[76.9131564,28.3836852],[76.9131526,28.3836749],[76.9131488,28.3836647],[76.913145,28.3836544],[76.9131411,28.3836442],[76.9131372,28.3836339],[76.9131332,28.3836237],[76.9131292,28.3836135],[76.9131252,28.3836033],[76.9131211,28.3835931],[76.913117,28.3835829],[76.9131129,28.3835727],[76.9131087,28.3835626],[76.9131045,28.3835524],[76.9131003,28.3835423],[76.9130961,28.3835321],[76.9130918,28.383522],[76.9130875,28.3835119],[76.9130832,28.3835018],[76.9130789,28.3834917],[76.9130745,28.3834816],[76.9130702,28.3834715],[76.9130658,28.3834614],[76.9130614,28.3834513],[76.913057,28.3834412],[76.9130526,28.3834311],[76.9130482,28.383421],[76.9130438,28.383411],[76.9130393,28.3834009],[76.9130349,28.3833908],[76.9130304,28.3833808],[76.913026,28.3833707],[76.9130215,28.3833606],[76.9130181,28.383353],[76.9130177,28.383352],[76.9130172,28.3833509],[76.9130167,28.3833499],[76.9130163,28.3833488],[76.9130158,28.3833478],[76.9130153,28.3833467],[76.9130149,28.3833456],[76.9130144,28.3833446],[76.9130139,28.3833435],[76.9130135,28.3833425],[76.913013,28.3833414],[76.9130125,28.3833404],[76.9130121,28.3833393],[76.9130116,28.3833383],[76.9130111,28.3833372],[76.9130107,28.3833362],[76.9130102,28.3833351],[76.9130097,28.3833341],[76.9130093,28.383333],[76.9130088,28.383332],[76.9130083,28.3833309],[76.9130079,28.3833298],[76.9130074,28.3833288],[76.9130069,28.3833277],[76.9130065,28.3833267],[76.913006,28.3833256],[76.9130055,28.3833246],[76.9130051,28.3833235],[76.9130046,28.3833225],[76.9130041,28.3833214],[76.9130037,28.3833204],[76.9130032,28.3833193],[76.9130027,28.3833183],[76.9130023,28.3833172],[76.9130018,28.3833161],[76.9130013,28.3833151],[76.9130009,28.383314],[76.9130004,28.383313],[76.9129999,28.3833119],[76.9129995,28.3833109],[76.912999,28.3833098],[76.9129985,28.3833088],[76.9129981,28.3833077],[76.9129976,28.3833067],[76.9129971,28.3833056],[76.9129954,28.3833016],[76.9129913,28.3832925],[76.9129873,28.3832833],[76.9129832,28.3832742],[76.9129792,28.383265],[76.9129751,28.3832559],[76.9129711,28.3832467],[76.912967,28.3832376],[76.912963,28.3832284],[76.912959,28.3832193],[76.9129549,28.3832101],[76.9129509,28.383201],[76.9129469,28.3831918],[76.9129429,28.3831826],[76.9129389,28.3831735],[76.9129349,28.3831643],[76.9129309,28.3831551],[76.9129269,28.3831459],[76.912923,28.3831368],[76.912919,28.3831276],[76.9129151,28.3831184],[76.9129111,28.3831092],[76.9129072,28.3831],[76.9129033,28.3830908],[76.9128994,28.3830816],[76.9128955,28.3830724],[76.9128916,28.3830632],[76.9128878,28.383054],[76.912884,28.3830448],[76.9128801,28.3830355],[76.9128763,28.3830263],[76.9128725,28.3830171],[76.9128687,28.3830078],[76.912865,28.3829986],[76.9128613,28.3829893],[76.9128575,28.3829801],[76.9128538,28.3829708],[76.9128502,28.3829615],[76.9128465,28.3829523],[76.9128429,28.382943],[76.9128392,28.3829337],[76.9128356,28.3829244],[76.9128321,28.3829151],[76.9128285,28.3829058],[76.912825,28.3828964],[76.9128215,28.3828871],[76.9128149,28.3828694],[76.9128047,28.3828413],[76.9127948,28.3828132],[76.912785,28.382785],[76.9127755,28.3827566],[76.9127662,28.3827283],[76.9127571,28.3826998],[76.9127483,28.3826713],[76.9127397,28.3826427],[76.9127313,28.382614],[76.9127232,28.3825853],[76.9127153,28.3825565],[76.9127076,28.3825277],[76.9127002,28.3824988],[76.912693,28.3824698],[76.912686,28.3824408],[76.9126793,28.3824118],[76.9126728,28.3823827],[76.9126666,28.3823535],[76.9126606,28.3823243],[76.9126548,28.3822951],[76.9126493,28.3822658],[76.9126441,28.3822365],[76.912639,28.3822072],[76.9126342,28.3821778],[76.9126297,28.3821484],[76.9126254,28.382119],[76.9126213,28.3820895],[76.9126175,28.38206],[76.9126139,28.3820306],[76.9126106,28.382001],[76.9126075,28.3819715],[76.9126047,28.381942],[76.9126021,28.3819124],[76.9125997,28.3818829],[76.9125976,28.3818533],[76.9125958,28.3818237],[76.9125942,28.3817942],[76.9125928,28.3817646],[76.9125917,28.3817351],[76.9125908,28.3817055],[76.9125901,28.381676],[76.9125898,28.3816464],[76.9125896,28.3816169],[76.9125897,28.3815874],[76.91259,28.3815579],[76.9125904,28.381539],[76.9125906,28.3815292],[76.9125908,28.3815193],[76.9125911,28.3815095],[76.9125914,28.3814997],[76.9125917,28.3814899],[76.912592,28.3814801],[76.9125924,28.3814702],[76.9125928,28.3814604],[76.9125932,28.3814506],[76.9125936,28.3814408],[76.9125941,28.381431],[76.9125945,28.3814211],[76.912595,28.3814113],[76.9125955,28.3814015],[76.9125961,28.3813917],[76.9125966,28.3813819],[76.9125972,28.3813721],[76.9125977,28.3813623],[76.9125983,28.3813524],[76.9125989,28.3813426],[76.9125996,28.3813328],[76.9126002,28.381323],[76.9126009,28.3813132],[76.9126015,28.3813034],[76.9126022,28.3812936],[76.9126029,28.3812838],[76.9126036,28.381274],[76.9126043,28.3812642],[76.912605,28.3812544],[76.9126057,28.3812446],[76.9126065,28.3812347],[76.9126072,28.3812249],[76.912608,28.3812151],[76.9126088,28.3812053],[76.9126095,28.3811955],[76.9126103,28.3811857],[76.9126111,28.3811759],[76.9126119,28.3811661],[76.9126127,28.3811563],[76.9126135,28.3811465],[76.9126143,28.3811367],[76.9126151,28.3811269],[76.9126159,28.3811171],[76.9126167,28.3811073],[76.9126175,28.3810975],[76.9126179,28.3810921],[76.9126181,28.3810892],[76.9126184,28.3810863],[76.9126186,28.3810835],[76.9126188,28.3810806],[76.9126191,28.3810778],[76.9126193,28.3810749],[76.9126196,28.3810721],[76.9126198,28.3810692],[76.91262,28.3810664],[76.9126203,28.3810635],[76.9126205,28.3810607],[76.9126207,28.3810578],[76.912621,28.3810549],[76.9126212,28.3810521],[76.9126214,28.3810492],[76.9126217,28.3810464],[76.9126219,28.3810435],[76.9126221,28.3810407],[76.9126224,28.3810378],[76.9126226,28.381035],[76.9126228,28.3810321],[76.9126231,28.3810292],[76.9126233,28.3810264],[76.9126235,28.3810235],[76.9126238,28.3810207],[76.912624,28.3810178],[76.9126242,28.381015],[76.9126245,28.3810121],[76.9126247,28.3810093],[76.9126249,28.3810064],[76.9126252,28.3810035],[76.9126254,28.3810007],[76.9126256,28.3809978],[76.9126259,28.380995],[76.9126261,28.3809921],[76.9126263,28.3809893],[76.9126266,28.3809864],[76.9126268,28.3809836],[76.9126271,28.3809807],[76.9126273,28.3809779],[76.9126275,28.380975],[76.9126278,28.3809721],[76.912628,28.3809693],[76.9126282,28.3809664],[76.9126285,28.3809636],[76.9126292,28.3809551],[76.91263,28.3809443],[76.9126309,28.3809335],[76.9126318,28.3809227],[76.9126327,28.380912],[76.9126337,28.3809012],[76.9126346,28.3808904],[76.9126355,28.3808796],[76.9126365,28.3808688],[76.9126375,28.3808581],[76.9126385,28.3808473],[76.9126396,28.3808365],[76.9126406,28.3808258],[76.9126418,28.380815],[76.9126429,28.3808042],[76.9126441,28.3807935],[76.9126453,28.3807827],[76.9126466,28.380772],[76.9126479,28.3807612],[76.9126492,28.3807505],[76.9126506,28.3807397],[76.9126521,28.380729],[76.9126536,28.3807183],[76.9126552,28.3807076],[76.9126568,28.3806969],[76.9126585,28.3806862],[76.9126602,28.3806755],[76.9126621,28.3806648],[76.912664,28.3806541],[76.9126659,28.3806434],[76.912668,28.3806328],[76.9126701,28.3806221],[76.9126723,28.3806115],[76.9126746,28.3806009],[76.9126769,28.3805903],[76.9126794,28.3805797],[76.9126819,28.3805691],[76.9126845,28.3805585],[76.9126873,28.380548],[76.9126901,28.3805375],[76.912693,28.380527],[76.912696,28.3805165],[76.9126992,28.3805061],[76.9127024,28.3804956],[76.9127057,28.3804853],[76.9127092,28.3804749],[76.9127165,28.380454],[76.9127253,28.3804306],[76.9127347,28.3804072],[76.9127448,28.3803839],[76.9127555,28.3803607],[76.9127668,28.3803376],[76.9127788,28.3803146],[76.9127914,28.3802918],[76.9128046,28.3802691],[76.9128185,28.3802467],[76.912833,28.3802244],[76.9128481,28.3802023],[76.9128638,28.3801805],[76.9128801,28.380159],[76.9128971,28.3801378],[76.9129146,28.3801168],[76.9129327,28.3800962],[76.9129513,28.3800759],[76.9129705,28.380056],[76.9129903,28.3800365],[76.9130106,28.3800174],[76.9130313,28.3799986],[76.9130526,28.3799803],[76.9130744,28.3799625],[76.9130966,28.3799451],[76.9131192,28.3799281],[76.9131423,28.3799117],[76.9131658,28.3798957],[76.9131897,28.3798803],[76.9132139,28.3798654],[76.9132384,28.379851],[76.9132633,28.3798371],[76.9132885,28.3798238],[76.9133139,28.379811],[76.9133396,28.3797987],[76.9133655,28.3797871],[76.9133917,28.379776],[76.913418,28.3797654],[76.9134444,28.3797555],[76.913471,28.3797461],[76.9134977,28.3797372],[76.9135245,28.379729],[76.9135514,28.3797213],[76.9135783,28.3797141],[76.9136053,28.3797075],[76.9136323,28.3797015],[76.9136458,28.3796987],[76.9136578,28.3796963],[76.9136697,28.3796941],[76.9136817,28.3796919],[76.9136937,28.3796898],[76.9137057,28.3796878],[76.9137177,28.3796859],[76.9137298,28.3796841],[76.9137418,28.3796824],[76.9137539,28.3796807],[76.913766,28.3796791],[76.9137781,28.3796776],[76.9137902,28.3796762],[76.9138023,28.3796749],[76.9138145,28.3796736],[76.9138266,28.3796724],[76.9138388,28.3796713],[76.9138509,28.3796702],[76.9138631,28.3796692],[76.9138753,28.3796683],[76.9138875,28.3796674],[76.9138996,28.3796666],[76.9139118,28.3796658],[76.913924,28.3796651],[76.9139362,28.3796644],[76.9139484,28.3796638],[76.9139606,28.3796632],[76.9139728,28.3796626],[76.9139851,28.3796621],[76.9139973,28.3796617],[76.9140095,28.3796613],[76.9140217,28.3796609],[76.9140339,28.3796605],[76.9140461,28.3796602],[76.9140583,28.3796599],[76.9140706,28.3796596],[76.9140828,28.3796593],[76.914095,28.3796591],[76.9141072,28.3796589],[76.9141194,28.3796587],[76.9141316,28.3796585],[76.9141439,28.3796583],[76.9141561,28.3796582],[76.9141683,28.379658],[76.9141805,28.3796579],[76.9141927,28.3796577],[76.9142759,28.3796567],[76.9143607,28.3796556],[76.9144455,28.3796546],[76.9145303,28.3796535],[76.9146151,28.3796525],[76.9146998,28.3796514],[76.9147846,28.3796504],[76.9148694,28.3796493],[76.9149542,28.3796482],[76.915039,28.3796472],[76.9151238,28.3796461],[76.9152086,28.3796451],[76.9152934,28.379644],[76.9153782,28.379643],[76.915463,28.3796419],[76.9155478,28.3796409],[76.9156326,28.3796398],[76.9157174,28.3796388],[76.9158022,28.3796377],[76.915887,28.3796367],[76.9159718,28.3796356],[76.9160565,28.3796346],[76.9161413,28.3796335],[76.9162261,28.3796324],[76.9163109,28.3796314],[76.9163957,28.3796303],[76.9164805,28.3796293],[76.9165653,28.3796282],[76.9166501,28.3796272],[76.9167349,28.3796261],[76.9168197,28.3796251],[76.9169045,28.379624],[76.9169893,28.379623],[76.9170741,28.3796219],[76.9171589,28.3796208],[76.9172437,28.3796198],[76.9173285,28.3796187],[76.9174132,28.3796177],[76.917498,28.3796166],[76.9175828,28.3796156],[76.9176676,28.3796145],[76.9177524,28.3796135],[76.9178372,28.3796124],[76.917922,28.3796114],[76.9180068,28.3796103],[76.9180869,28.3796093],[76.9180991,28.3796092],[76.9181113,28.379609],[76.9181235,28.3796088],[76.9181357,28.3796087],[76.918148,28.3796085],[76.9181602,28.3796083],[76.9181724,28.3796081],[76.9181846,28.3796079],[76.9181968,28.3796077],[76.9182091,28.3796074],[76.9182213,28.3796071],[76.9182335,28.3796068],[76.9182457,28.3796065],[76.9182579,28.3796061],[76.9182701,28.3796057],[76.9182824,28.3796053],[76.9182946,28.3796049],[76.9183068,28.3796044],[76.918319,28.3796038],[76.9183312,28.3796032],[76.9183434,28.3796026],[76.9183556,28.3796019],[76.9183678,28.3796012],[76.91838,28.3796004],[76.9183922,28.3795996],[76.9184043,28.3795987],[76.9184165,28.3795978],[76.9184287,28.3795967],[76.9184408,28.3795957],[76.918453,28.3795945],[76.9184651,28.3795933],[76.9184773,28.3795921],[76.9184894,28.3795907],[76.9185015,28.3795893],[76.9185136,28.3795878],[76.9185257,28.3795862],[76.9185378,28.3795846],[76.9185499,28.3795828],[76.9185619,28.379581],[76.9185739,28.3795791],[76.9185859,28.3795771],[76.9185979,28.379575],[76.9186099,28.3795728],[76.9186218,28.3795706],[76.9186338,28.3795682],[76.9186483,28.3795652],[76.9186773,28.3795586],[76.9187063,28.3795515],[76.9187352,28.3795436],[76.9187641,28.3795351],[76.918793,28.379526],[76.9188217,28.3795162],[76.9188503,28.3795057],[76.9188788,28.3794945],[76.9189071,28.3794827],[76.9189351,28.3794703],[76.9189629,28.3794571],[76.9189904,28.3794433],[76.9190177,28.3794289],[76.9190446,28.3794138],[76.9190711,28.3793981],[76.9190972,28.3793817],[76.919123,28.3793648],[76.9191482,28.3793472],[76.9191731,28.3793291],[76.9191974,28.3793104],[76.9192212,28.3792911],[76.9192444,28.3792713],[76.9192671,28.3792509],[76.9192892,28.3792301],[76.9193106,28.3792088],[76.9193315,28.379187],[76.9193517,28.3791648],[76.9193712,28.3791422],[76.9193901,28.3791192],[76.9194082,28.3790959],[76.9194257,28.3790721],[76.9194424,28.3790481],[76.9194584,28.3790238],[76.9194736,28.3789992],[76.9194881,28.3789744],[76.9195019,28.3789494],[76.9195149,28.3789241],[76.9195271,28.3788987],[76.9195386,28.3788732],[76.9195493,28.3788476],[76.9195593,28.3788219],[76.9195685,28.3787961],[76.919577,28.3787702],[76.9195847,28.3787444],[76.9195917,28.3787186],[76.9195971,28.3786965],[76.9195995,28.3786859],[76.9196018,28.3786753],[76.919604,28.3786646],[76.9196061,28.378654],[76.9196081,28.3786433],[76.9196099,28.3786326],[76.9196117,28.3786219],[76.9196134,28.3786112],[76.919615,28.3786005],[76.9196164,28.3785898],[76.9196178,28.378579],[76.9196192,28.3785683],[76.9196204,28.3785575],[76.9196215,28.3785468],[76.9196226,28.378536],[76.9196236,28.3785252],[76.9196245,28.3785144],[76.9196253,28.3785037],[76.9196261,28.3784929],[76.9196268,28.3784821],[76.9196274,28.3784713],[76.9196279,28.3784605],[76.9196285,28.3784497],[76.9196289,28.3784389],[76.9196293,28.3784281],[76.9196296,28.3784173],[76.9196299,28.3784065],[76.9196302,28.3783957],[76.9196304,28.3783849],[76.9196305,28.3783741],[76.9196306,28.3783632],[76.9196307,28.3783524],[76.9196308,28.3783416],[76.9196308,28.3783308],[76.9196307,28.37832],[76.9196307,28.3783092],[76.9196306,28.3782984],[76.9196305,28.3782876],[76.9196304,28.3782768],[76.9196303,28.378266],[76.9196301,28.3782552],[76.91963,28.3782444],[76.9196298,28.3782335],[76.9196297,28.3782227],[76.9196295,28.3782119],[76.9196288,28.3781721],[76.9196272,28.3780734],[76.9196256,28.3779746],[76.9196239,28.3778758],[76.9196223,28.377777],[76.9196207,28.3776783],[76.919619,28.3775795],[76.9196174,28.3774807],[76.9196158,28.3773819],[76.9196141,28.3772831],[76.9196125,28.3771844],[76.9196109,28.3770856],[76.9196092,28.3769868],[76.9196076,28.376888],[76.919606,28.3767893],[76.9196043,28.3766905],[76.9196027,28.3765917],[76.9196011,28.3764929],[76.9195994,28.3763942],[76.9195978,28.3762954],[76.9195962,28.3761966],[76.9195945,28.3760978],[76.9195929,28.3759991],[76.9195913,28.3759003],[76.9195896,28.3758015],[76.919588,28.3757027],[76.9195864,28.3756039],[76.9195847,28.3755052],[76.9195831,28.3754064],[76.9195815,28.3753076],[76.9195798,28.3752088],[76.9195782,28.3751101],[76.9195766,28.3750113],[76.9195749,28.3749125],[76.9195733,28.3748137],[76.9195717,28.374715],[76.91957,28.3746162],[76.9195684,28.3745174],[76.9195668,28.3744186],[76.9195651,28.3743199],[76.9195635,28.3742211],[76.9195619,28.3741223],[76.9195602,28.3740235],[76.9195586,28.3739247],[76.919557,28.373826],[76.9195553,28.3737272],[76.9195543,28.3736652],[76.9195541,28.3736543],[76.9195539,28.3736435],[76.9195537,28.3736327],[76.9195536,28.3736219],[76.9195533,28.3736111],[76.9195531,28.3736003],[76.9195529,28.3735895],[76.9195526,28.3735787],[76.9195523,28.3735679],[76.919552,28.3735571],[76.9195517,28.3735463],[76.9195513,28.3735355],[76.919551,28.3735247],[76.9195505,28.3735139],[76.9195501,28.3735031],[76.9195496,28.3734923],[76.919549,28.3734815],[76.9195484,28.3734707],[76.9195478,28.3734599],[76.9195471,28.3734491],[76.9195464,28.3734383],[76.9195456,28.3734275],[76.9195447,28.3734167],[76.9195438,28.3734059],[76.9195429,28.3733952],[76.9195418,28.3733844],[76.9195407,28.3733736],[76.9195396,28.3733629],[76.9195383,28.3733521],[76.919537,28.3733414],[76.9195356,28.3733306],[76.9195341,28.3733199],[76.9195326,28.3733092],[76.9195309,28.3732985],[76.9195292,28.3732878],[76.9195274,28.3732771],[76.9195255,28.3732664],[76.9195235,28.3732558],[76.9195214,28.3732451],[76.9195192,28.3732345],[76.9195169,28.3732239],[76.9195145,28.3732133],[76.919512,28.3732027],[76.9195093,28.3731921],[76.9195066,28.3731816],[76.9195016,28.3731634],[76.919494,28.3731378],[76.9194856,28.3731122],[76.9194765,28.3730866],[76.9194666,28.3730611],[76.919456,28.3730356],[76.9194446,28.3730103],[76.9194325,28.372985],[76.9194196,28.3729599],[76.919406,28.372935],[76.9193916,28.3729103],[76.9193765,28.3728858],[76.9193606,28.3728616],[76.9193441,28.3728376],[76.9193268,28.372814],[76.9193087,28.3727907],[76.91929,28.3727677],[76.9192706,28.3727451],[76.9192505,28.3727229],[76.9192298,28.3727011],[76.9192084,28.3726798],[76.9191864,28.3726589],[76.9191638,28.3726386],[76.9191407,28.3726187],[76.9191169,28.3725994],[76.9190927,28.3725806],[76.9190679,28.3725624],[76.9190426,28.3725447],[76.9190169,28.3725277],[76.9189908,28.3725113],[76.9189642,28.3724954],[76.9189373,28.3724802],[76.9189101,28.3724657],[76.9188825,28.3724518],[76.9188546,28.3724385],[76.9188265,28.3724259],[76.9187981,28.372414],[76.9187695,28.3724028],[76.9187408,28.3723922],[76.9187119,28.3723823],[76.9186829,28.372373],[76.9186538,28.3723644],[76.9186246,28.3723565],[76.9185955,28.3723493],[76.9185663,28.3723427],[76.9185371,28.3723367],[76.9185182,28.3723332],[76.9185062,28.3723311],[76.9184942,28.3723291],[76.9184821,28.3723272],[76.9184701,28.3723254],[76.918458,28.3723237],[76.9184459,28.372322],[76.9184338,28.3723205],[76.9184217,28.372319],[76.9184096,28.3723177],[76.9183975,28.3723164],[76.9183853,28.3723152],[76.9183732,28.372314],[76.918361,28.372313],[76.9183488,28.372312],[76.9183367,28.3723111],[76.9183245,28.3723102],[76.9183123,28.3723095],[76.9183001,28.3723087],[76.9182879,28.3723081],[76.9182757,28.3723075],[76.9182635,28.3723069],[76.9182513,28.3723065],[76.9182391,28.372306],[76.9182269,28.3723056],[76.9182146,28.3723053],[76.9182024,28.372305],[76.9181902,28.3723048],[76.918178,28.3723046],[76.9181658,28.3723044],[76.9181536,28.3723043],[76.9181413,28.3723042],[76.9181291,28.3723041],[76.9181169,28.3723041],[76.9181047,28.3723041],[76.9180925,28.3723041],[76.9180802,28.3723042],[76.918068,28.3723042],[76.9180558,28.3723043],[76.9180436,28.3723044],[76.9180314,28.3723046],[76.9180191,28.3723047],[76.9180069,28.3723048],[76.9179947,28.372305],[76.9179825,28.3723051],[76.9179703,28.3723053],[76.9176693,28.3723091],[76.9172336,28.3723147],[76.916798,28.3723202],[76.9163623,28.3723258],[76.9159267,28.3723313],[76.915491,28.3723369],[76.9150554,28.3723424],[76.9146197,28.372348],[76.9141841,28.3723535],[76.9137484,28.372359],[76.9133128,28.3723646],[76.9128771,28.3723701],[76.9124415,28.3723757],[76.9120058,28.3723812],[76.9115702,28.3723867],[76.9111345,28.3723923],[76.9106989,28.3723978],[76.9102632,28.3724033],[76.9098276,28.3724088],[76.9093919,28.3724144],[76.9089563,28.3724199],[76.9085206,28.3724254],[76.908085,28.3724309],[76.9076493,28.3724365],[76.9072137,28.372442],[76.906778,28.3724475],[76.9063424,28.372453],[76.9059067,28.3724585],[76.9054711,28.3724641],[76.9050354,28.3724696],[76.9045998,28.3724751],[76.9041641,28.3724806],[76.9037285,28.3724861],[76.9032928,28.3724916],[76.9028572,28.3724971],[76.9024215,28.3725026],[76.9019858,28.3725081],[76.9015502,28.3725136],[76.9011145,28.3725191],[76.9006789,28.3725246],[76.9002432,28.3725301],[76.8998076,28.3725356],[76.8993719,28.3725411],[76.8989363,28.3725466],[76.8985006,28.3725521],[76.898065,28.3725576],[76.8979563,28.372559],[76.8979452,28.3725591],[76.897934,28.3725592],[76.8979229,28.3725594],[76.8979118,28.3725595],[76.8979007,28.3725596],[76.8978896,28.3725597],[76.8978785,28.3725598],[76.8978674,28.3725599],[76.8978563,28.3725599],[76.8978452,28.37256],[76.8978341,28.37256],[76.897823,28.37256],[76.8978118,28.37256],[76.8978007,28.3725599],[76.8977896,28.3725598],[76.8977785,28.3725597],[76.8977674,28.3725596],[76.8977563,28.3725594],[76.8977452,28.3725592],[76.8977341,28.3725589],[76.897723,28.3725586],[76.8977119,28.3725583],[76.8977008,28.3725579],[76.8976897,28.3725575],[76.8976786,28.3725571],[76.8976675,28.3725565],[76.8976564,28.372556],[76.8976453,28.3725554],[76.8976342,28.3725547],[76.8976231,28.372554],[76.8976121,28.3725532],[76.897601,28.3725523],[76.8975899,28.3725514],[76.8975789,28.3725505],[76.8975678,28.3725494],[76.8975568,28.3725483],[76.8975458,28.3725471],[76.8975347,28.3725459],[76.8975237,28.3725446],[76.8975127,28.3725432],[76.8975017,28.3725417],[76.8974908,28.3725402],[76.8974798,28.3725385],[76.8974689,28.3725368],[76.897458,28.372535],[76.897431,28.3725302],[76.8974013,28.3725243],[76.8973716,28.3725177],[76.8973419,28.3725104],[76.8973123,28.3725025],[76.8972826,28.3724938],[76.8972531,28.3724844],[76.8972237,28.3724743],[76.8971945,28.3724635],[76.8971654,28.372452],[76.8971366,28.3724398],[76.897108,28.3724269],[76.8970796,28.3724133],[76.8970516,28.3723991],[76.8970239,28.3723841],[76.8969966,28.3723685],[76.8969697,28.3723522],[76.8969433,28.3723352],[76.8969173,28.3723176],[76.8968918,28.3722994],[76.8968668,28.3722806],[76.8968423,28.3722613],[76.8968185,28.3722413],[76.8967952,28.3722208],[76.8967725,28.3721998],[76.8967505,28.3721783],[76.8967292,28.3721563],[76.8967085,28.3721338],[76.8966886,28.3721109],[76.8966693,28.3720876],[76.8966508,28.3720639],[76.8966331,28.3720399],[76.8966161,28.3720155],[76.8965998,28.3719909],[76.8965844,28.371966],[76.8965697,28.3719408],[76.8965558,28.3719155],[76.8965428,28.3718899],[76.8965305,28.3718642],[76.896519,28.3718384],[76.8965082,28.3718124],[76.8964983,28.3717864],[76.8964892,28.3717603],[76.8964808,28.3717342],[76.8964732,28.3717081],[76.8964664,28.3716821],[76.8964639,28.3716716],[76.8964617,28.371662],[76.8964595,28.3716523],[76.8964575,28.3716427],[76.8964555,28.371633],[76.8964537,28.3716233],[76.8964519,28.3716136],[76.8964502,28.3716039],[76.8964486,28.3715942],[76.896447,28.3715844],[76.8964455,28.3715747],[76.8964442,28.371565],[76.8964428,28.3715552],[76.8964416,28.3715454],[76.8964404,28.3715357],[76.8964393,28.3715259],[76.8964382,28.3715161],[76.8964372,28.3715063],[76.8964363,28.3714965],[76.8964354,28.3714867],[76.8964346,28.3714769],[76.8964339,28.3714671],[76.8964332,28.3714573],[76.8964325,28.3714475],[76.8964319,28.3714377],[76.8964313,28.3714279],[76.8964308,28.3714181],[76.8964303,28.3714083],[76.8964298,28.3713984],[76.8964294,28.3713886],[76.8964291,28.3713788],[76.8964287,28.371369],[76.8964284,28.3713591],[76.8964281,28.3713493],[76.8964278,28.3713395],[76.8964276,28.3713297],[76.8964274,28.3713199],[76.8964272,28.37131],[76.896427,28.3713002],[76.8964268,28.3712904],[76.8964267,28.3712806],[76.8964265,28.3712707],[76.8964264,28.3712609],[76.8964263,28.3712511],[76.8964261,28.3712412],[76.896426,28.3712312],[76.8964258,28.3712144],[76.8964256,28.3711977],[76.8964254,28.3711809],[76.8964252,28.3711641],[76.896425,28.3711474],[76.8964248,28.3711306],[76.8964246,28.3711139],[76.8964244,28.3710971],[76.8964241,28.3710803],[76.8964239,28.3710636],[76.8964237,28.3710468],[76.8964235,28.3710301],[76.8964233,28.3710133],[76.8964231,28.3709965],[76.8964229,28.3709798],[76.8964227,28.370963],[76.8964225,28.3709462],[76.8964223,28.3709295],[76.8964221,28.3709127],[76.8964219,28.370896],[76.8964216,28.3708792],[76.8964214,28.3708624],[76.8964212,28.3708457],[76.896421,28.3708289],[76.8964208,28.3708122],[76.8964206,28.3707954],[76.8964204,28.3707786],[76.8964202,28.3707619],[76.89642,28.3707451],[76.8964198,28.3707284],[76.8964196,28.3707116],[76.8964194,28.3706948],[76.8964191,28.3706781],[76.8964189,28.3706613],[76.8964187,28.3706446],[76.8964185,28.3706278],[76.8964183,28.370611],[76.8964181,28.3705943],[76.8964179,28.3705775],[76.8964177,28.3705607],[76.8964175,28.370544],[76.8964173,28.3705272],[76.8964171,28.3705105],[76.8964169,28.3704937],[76.8964166,28.3704769],[76.8964165,28.370461],[76.8964163,28.3704512],[76.8964162,28.3704414],[76.8964161,28.3704316],[76.8964159,28.3704217],[76.8964158,28.3704119],[76.8964156,28.3704021],[76.8964155,28.3703923],[76.8964153,28.3703824],[76.8964151,28.3703726],[76.8964149,28.3703628],[76.8964146,28.370353],[76.8964143,28.3703431],[76.8964141,28.3703333],[76.8964137,28.3703235],[76.8964134,28.3703137],[76.896413,28.3703038],[76.8964126,28.370294],[76.8964121,28.3702842],[76.8964116,28.3702744],[76.8964111,28.3702646],[76.8964105,28.3702548],[76.8964099,28.3702449],[76.8964092,28.3702351],[76.8964085,28.3702253],[76.8964077,28.3702155],[76.8964069,28.3702057],[76.896406,28.3701959],[76.8964051,28.3701861],[76.8964041,28.3701764],[76.896403,28.3701666],[76.8964019,28.3701568],[76.8964007,28.370147],[76.8963995,28.3701373],[76.8963981,28.3701275],[76.8963967,28.3701178],[76.8963953,28.370108],[76.8963937,28.3700983],[76.8963921,28.3700886],[76.8963904,28.3700789],[76.8963886,28.3700692],[76.8963867,28.3700595],[76.8963847,28.3700498],[76.8963827,28.3700402],[76.8963805,28.3700305],[76.8963783,28.3700209],[76.8963751,28.3700078],[76.8963681,28.3699817],[76.8963604,28.3699556],[76.8963519,28.3699295],[76.8963426,28.3699034],[76.8963326,28.3698774],[76.8963217,28.3698515],[76.8963101,28.3698256],[76.8962977,28.3697999],[76.8962844,28.3697744],[76.8962704,28.369749],[76.8962556,28.3697239],[76.89624,28.369699],[76.8962236,28.3696744],[76.8962065,28.36965],[76.8961886,28.3696261],[76.89617,28.3696024],[76.8961506,28.3695792],[76.8961305,28.3695563],[76.8961097,28.3695339],[76.8960882,28.369512],[76.8960661,28.3694905],[76.8960433,28.3694696],[76.8960199,28.3694491],[76.8959959,28.3694293],[76.8959713,28.36941],[76.8959462,28.3693913],[76.8959206,28.3693732],[76.8958945,28.3693557],[76.8958679,28.3693388],[76.8958409,28.3693227],[76.8958135,28.3693071],[76.8957858,28.3692923],[76.8957577,28.3692781],[76.8957293,28.3692646],[76.8957006,28.3692518],[76.8956717,28.3692398],[76.8956426,28.3692284],[76.8956133,28.3692177],[76.8955838,28.3692078],[76.8955542,28.3691985],[76.8955246,28.3691899],[76.8954949,28.3691821],[76.8954652,28.3691749],[76.8954354,28.3691685],[76.8954057,28.3691627],[76.8953817,28.3691585],[76.8953708,28.3691567],[76.8953598,28.369155],[76.8953489,28.3691534],[76.8953379,28.3691519],[76.8953269,28.3691504],[76.8953159,28.3691491],[76.8953049,28.3691478],[76.8952939,28.3691465],[76.8952828,28.3691454],[76.8952718,28.3691443],[76.8952607,28.3691433],[76.8952497,28.3691423],[76.8952386,28.3691414],[76.8952276,28.3691406],[76.8952165,28.3691398],[76.8952054,28.3691391],[76.8951943,28.3691385],[76.8951832,28.3691379],[76.8951721,28.3691373],[76.895161,28.3691368],[76.8951499,28.3691364],[76.8951388,28.369136],[76.8951277,28.3691356],[76.8951166,28.3691353],[76.8951055,28.369135],[76.8950944,28.3691348],[76.8950833,28.3691346],[76.8950722,28.3691345],[76.8950611,28.3691343],[76.89505,28.3691342],[76.8950389,28.3691342],[76.8950278,28.3691341],[76.8950167,28.3691341],[76.8950055,28.3691341],[76.8949944,28.3691341],[76.8949833,28.3691342],[76.8949722,28.3691343],[76.8949611,28.3691344],[76.89495,28.3691345],[76.8949389,28.3691346],[76.8949278,28.3691347],[76.8949167,28.3691348],[76.8949056,28.369135],[76.8948945,28.3691351],[76.8948833,28.3691353],[76.8947531,28.369137],[76.8944341,28.3691413],[76.8941152,28.3691456],[76.8937962,28.3691498],[76.8934772,28.3691541],[76.8931583,28.3691584],[76.8928393,28.3691627],[76.8925203,28.3691669],[76.8922014,28.3691712],[76.8918824,28.3691755],[76.8915634,28.3691797],[76.8912445,28.369184],[76.8909255,28.3691883],[76.8906065,28.3691926],[76.8902876,28.3691968],[76.8899686,28.3692011],[76.8896496,28.3692054],[76.8893307,28.3692096],[76.8890117,28.3692139],[76.8886927,28.3692182],[76.8883738,28.3692224],[76.8880548,28.3692267],[76.8877358,28.3692309],[76.8874169,28.3692352],[76.8870979,28.3692395],[76.8867789,28.3692437],[76.8864599,28.369248],[76.886141,28.3692522],[76.885822,28.3692565],[76.885503,28.3692608],[76.8851841,28.369265],[76.8848651,28.3692693],[76.8845461,28.3692735],[76.8842272,28.3692778],[76.8839082,28.369282],[76.8835892,28.3692863],[76.8832703,28.3692905],[76.8829513,28.3692948],[76.8826323,28.369299],[76.8823134,28.3693033],[76.8819944,28.3693075],[76.8816754,28.3693118],[76.8813564,28.369316],[76.8810375,28.3693203],[76.8807185,28.3693245],[76.8803995,28.3693288],[76.8802263,28.3693311],[76.8802141,28.3693312],[76.8802019,28.3693314],[76.8801896,28.3693315],[76.8801774,28.3693317],[76.8801652,28.3693318],[76.880153,28.3693319],[76.8801408,28.3693321],[76.8801285,28.3693321],[76.8801163,28.3693322],[76.8801041,28.3693323],[76.8800919,28.3693323],[76.8800797,28.3693323],[76.8800674,28.3693323],[76.8800552,28.3693322],[76.880043,28.3693321],[76.8800308,28.369332],[76.8800186,28.3693318],[76.8800063,28.3693316],[76.8799941,28.3693314],[76.8799819,28.3693311],[76.8799697,28.3693308],[76.8799575,28.3693304],[76.8799453,28.3693299],[76.8799331,28.3693295],[76.8799209,28.3693289],[76.8799087,28.3693283],[76.8798965,28.3693277],[76.8798843,28.3693269],[76.8798721,28.3693262],[76.8798599,28.3693253],[76.8798477,28.3693244],[76.8798355,28.3693234],[76.8798234,28.3693223],[76.8798112,28.3693212],[76.8797991,28.36932],[76.879787,28.3693187],[76.8797748,28.3693173],[76.8797627,28.3693159],[76.8797506,28.3693143],[76.8797385,28.3693127],[76.8797265,28.3693109],[76.8797144,28.3693091],[76.8797024,28.3693072],[76.8796904,28.3693052],[76.8796784,28.3693031],[76.8796568,28.369299],[76.8796277,28.369293],[76.8795985,28.3692863],[76.8795694,28.369279],[76.8795403,28.369271],[76.8795113,28.3692624],[76.8794824,28.3692531],[76.8794536,28.3692431],[76.8794249,28.3692325],[76.8793964,28.3692212],[76.8793681,28.3692092],[76.8793401,28.3691965],[76.8793123,28.3691832],[76.8792848,28.3691693],[76.8792576,28.3691547],[76.8792308,28.3691395],[76.8792043,28.3691236],[76.8791783,28.3691072],[76.8791527,28.3690901],[76.8791275,28.3690725],[76.8791028,28.3690542],[76.8790787,28.3690354],[76.8790551,28.3690161],[76.879032,28.3689962],[76.8790095,28.3689759],[76.8789876,28.368955],[76.8789663,28.3689337],[76.8789457,28.368912],[76.8789257,28.3688898],[76.8789064,28.3688672],[76.8788878,28.3688443],[76.8788698,28.368821],[76.8788526,28.3687974],[76.8788361,28.3687735],[76.8788203,28.3687493],[76.8788053,28.3687249],[76.878791,28.3687002],[76.8787775,28.3686753],[76.8787646,28.3686503],[76.8787526,28.3686251],[76.8787413,28.3685998],[76.8787307,28.3685744],[76.8787209,28.368549],[76.8787118,28.3685235],[76.8787035,28.3684979],[76.8786959,28.3684724],[76.8786916,28.3684566],[76.8786888,28.3684461],[76.8786862,28.3684355],[76.8786837,28.368425],[76.8786812,28.3684144],[76.8786789,28.3684038],[76.8786767,28.3683931],[76.8786746,28.3683825],[76.8786725,28.3683718],[76.8786706,28.3683611],[76.8786688,28.3683505],[76.878667,28.3683398],[76.8786654,28.3683291],[76.8786638,28.3683183],[76.8786623,28.3683076],[76.8786609,28.3682969],[76.8786595,28.3682861],[76.8786582,28.3682754],[76.878657,28.3682646],[76.8786559,28.3682539],[76.8786549,28.3682431],[76.8786539,28.3682323],[76.8786529,28.3682215],[76.878652,28.3682108],[76.8786512,28.3682],[76.8786505,28.3681892],[76.8786497,28.3681784],[76.8786491,28.3681676],[76.8786485,28.3681568],[76.8786479,28.368146],[76.8786474,28.3681352],[76.8786469,28.3681244],[76.8786464,28.3681136],[76.878646,28.3681028],[76.8786456,28.368092],[76.8786452,28.3680812],[76.8786449,28.3680704],[76.8786446,28.3680596],[76.8786443,28.3680488],[76.878644,28.368038],[76.8786437,28.3680272],[76.8786435,28.3680164],[76.8786433,28.3680056],[76.878643,28.3679947],[76.8786428,28.3679839],[76.8786426,28.3679731],[76.8786411,28.3678981],[76.8786391,28.3678004],[76.8786372,28.3677027],[76.8786352,28.367605],[76.8786333,28.3675073],[76.8786313,28.3674096],[76.8786294,28.3673119],[76.8786274,28.3672142],[76.8786255,28.3671165],[76.8786235,28.3670188],[76.8786216,28.3669211],[76.8786196,28.3668234],[76.8786176,28.3667257],[76.8786157,28.366628],[76.8786137,28.3665303],[76.8786118,28.3664326],[76.8786098,28.3663349],[76.8786079,28.3662372],[76.8786059,28.3661395],[76.878604,28.3660418],[76.878602,28.3659441],[76.8786001,28.3658464],[76.8785981,28.3657487],[76.8785961,28.365651],[76.8785942,28.3655533],[76.8785922,28.3654557],[76.8785903,28.365358],[76.8785883,28.3652603],[76.8785864,28.3651626],[76.8785844,28.3650649],[76.8785825,28.3649672],[76.8785805,28.3648695],[76.8785786,28.3647718],[76.8785766,28.3646741],[76.8785746,28.3645764],[76.8785727,28.3644787],[76.8785707,28.364381],[76.8785688,28.3642833],[76.8785668,28.3641856],[76.8785649,28.3640879],[76.8785629,28.3639902],[76.878561,28.3638925],[76.878559,28.3637948],[76.8785571,28.3636971],[76.8785551,28.3635994],[76.8785532,28.3635017],[76.8785526,28.3634759],[76.8785524,28.3634651],[76.8785522,28.3634543],[76.878552,28.3634435],[76.8785518,28.3634327],[76.8785516,28.3634219],[76.8785514,28.3634111],[76.8785512,28.3634003],[76.8785511,28.3633895],[76.8785509,28.3633787],[76.8785508,28.3633678],[76.8785507,28.363357],[76.8785506,28.3633462],[76.8785505,28.3633354],[76.8785505,28.3633246],[76.8785504,28.3633138],[76.8785504,28.363303],[76.8785505,28.3632922],[76.8785505,28.3632814],[76.8785506,28.3632706],[76.8785507,28.3632598],[76.8785509,28.3632489],[76.878551,28.3632381],[76.8785513,28.3632273],[76.8785515,28.3632165],[76.8785518,28.3632057],[76.8785521,28.3631949],[76.8785525,28.3631841],[76.8785529,28.3631733],[76.8785534,28.3631625],[76.8785539,28.3631517],[76.8785545,28.3631409],[76.8785551,28.3631301],[76.8785558,28.3631193],[76.8785565,28.3631085],[76.8785573,28.3630977],[76.8785581,28.363087],[76.878559,28.3630762],[76.87856,28.3630654],[76.878561,28.3630546],[76.8785621,28.3630439],[76.8785632,28.3630331],[76.8785644,28.3630223],[76.8785657,28.3630116],[76.878567,28.3630009],[76.8785685,28.3629901],[76.87857,28.362979],[76.8785716,28.3629679],[76.8785733,28.3629568],[76.8785751,28.3629456],[76.878577,28.3629345],[76.8785789,28.3629234],[76.878581,28.3629123],[76.8785831,28.3629012],[76.8785852,28.3628901],[76.8785875,28.362879],[76.8785898,28.362868],[76.8785922,28.3628569],[76.8785947,28.3628459],[76.8785973,28.3628348],[76.8786,28.3628238],[76.8786027,28.3628128],[76.8786055,28.3628018],[76.8786084,28.3627908],[76.8786114,28.3627799],[76.8786144,28.3627689],[76.8786175,28.362758],[76.8786207,28.3627471],[76.878624,28.3627362],[76.8786273,28.3627253],[76.8786308,28.3627144],[76.8786343,28.3627036],[76.8786378,28.3626928],[76.8786415,28.362682],[76.8786452,28.3626712],[76.878649,28.3626604],[76.8786529,28.3626497],[76.8786569,28.362639],[76.8786609,28.3626283],[76.878665,28.3626176],[76.8786692,28.362607],[76.8786734,28.3625964],[76.8786778,28.3625858],[76.8786822,28.3625753],[76.8786866,28.3625647],[76.8786912,28.3625542],[76.8786958,28.3625437],[76.8787005,28.3625333],[76.8787053,28.3625229],[76.8787101,28.3625125],[76.878715,28.3625021],[76.87872,28.3624918],[76.8787248,28.3624819],[76.8787298,28.362472],[76.8787348,28.3624622],[76.8787398,28.3624523],[76.8787449,28.3624425],[76.8787501,28.3624327],[76.8787553,28.3624229],[76.8787606,28.3624132],[76.878766,28.3624035],[76.8787714,28.3623938],[76.8787768,28.3623841],[76.8787823,28.3623744],[76.8787878,28.3623648],[76.8787934,28.3623552],[76.8787991,28.3623456],[76.8788048,28.362336],[76.8788105,28.3623265],[76.8788162,28.3623169],[76.878822,28.3623074],[76.8788279,28.3622979],[76.8788338,28.3622885],[76.8788397,28.362279],[76.8788456,28.3622696],[76.8788516,28.3622601],[76.8788576,28.3622507],[76.8788636,28.3622413],[76.8788697,28.3622319],[76.8788758,28.3622226],[76.8788819,28.3622132],[76.878888,28.3622039],[76.8788942,28.3621945],[76.8789004,28.3621852],[76.8789066,28.3621759],[76.8789128,28.3621666],[76.878919,28.3621573],[76.8789253,28.362148],[76.8789315,28.3621387],[76.8789378,28.3621294],[76.8789441,28.3621202],[76.8789504,28.3621109],[76.8789567,28.3621016],[76.878963,28.3620924],[76.8789693,28.3620831],[76.8789756,28.3620739],[76.8789819,28.3620646],[76.8789878,28.3620561],[76.8789889,28.3620545],[76.87899,28.3620529],[76.8789911,28.3620513],[76.8789922,28.3620496],[76.8789932,28.362048],[76.8789943,28.3620464],[76.8789954,28.3620448],[76.8789965,28.3620432],[76.8789976,28.3620416],[76.8789987,28.36204],[76.8789998,28.3620384],[76.8790009,28.3620368],[76.879002,28.3620352],[76.8790031,28.3620336],[76.8790042,28.362032],[76.8790053,28.3620304],[76.8790064,28.3620288],[76.8790075,28.3620272],[76.8790086,28.3620256],[76.8790097,28.362024],[76.8790108,28.3620224],[76.8790119,28.3620208],[76.879013,28.3620192],[76.8790141,28.3620176],[76.8790152,28.362016],[76.8790163,28.3620144],[76.8790174,28.3620128],[76.8790185,28.3620112],[76.8790195,28.3620096],[76.8790206,28.362008],[76.8790217,28.3620064],[76.8790228,28.3620047],[76.8790239,28.3620031],[76.879025,28.3620015],[76.8790261,28.3619999],[76.8790272,28.3619983],[76.8790283,28.3619967],[76.8790294,28.3619951],[76.8790305,28.3619935],[76.8790316,28.3619919],[76.8790327,28.3619903],[76.8790338,28.3619887],[76.8790349,28.3619871],[76.879036,28.3619855],[76.8790371,28.3619839],[76.8790389,28.3619812],[76.8790441,28.3619737],[76.8790493,28.3619661],[76.8790544,28.3619585],[76.8790596,28.3619509],[76.8790648,28.3619434],[76.8790699,28.3619358],[76.8790751,28.3619282],[76.8790803,28.3619207],[76.8790854,28.3619131],[76.8790906,28.3619055],[76.8790957,28.3618979],[76.8791009,28.3618903],[76.879106,28.3618828],[76.8791111,28.3618752],[76.8791163,28.3618676],[76.8791214,28.36186],[76.8791265,28.3618524],[76.8791316,28.3618448],[76.8791367,28.3618372],[76.8791418,28.3618296],[76.8791469,28.3618219],[76.879152,28.3618143],[76.879157,28.3618067],[76.8791621,28.3617991],[76.8791671,28.3617914],[76.8791722,28.3617838],[76.8791772,28.3617762],[76.8791822,28.3617685],[76.8791872,28.3617608],[76.8791922,28.3617532],[76.8791972,28.3617455],[76.8792022,28.3617378],[76.8792071,28.3617302],[76.879212,28.3617225],[76.879217,28.3617148],[76.8792219,28.3617071],[76.8792268,28.3616994],[76.8792317,28.3616916],[76.8792365,28.3616839],[76.8792414,28.3616762],[76.8792462,28.3616684],[76.879251,28.3616607],[76.8792558,28.3616529],[76.8792606,28.3616452],[76.8792654,28.3616374],[76.8792703,28.3616292],[76.8792758,28.3616201],[76.8792813,28.361611],[76.8792868,28.3616019],[76.8792922,28.3615927],[76.8792977,28.3615835],[76.879303,28.3615744],[76.8793084,28.3615652],[76.8793137,28.361556],[76.8793191,28.3615467],[76.8793243,28.3615375],[76.8793296,28.3615283],[76.8793348,28.361519],[76.87934,28.3615097],[76.8793452,28.3615005],[76.8793504,28.3614912],[76.8793555,28.3614819],[76.8793606,28.3614726],[76.8793657,28.3614632],[76.8793707,28.3614539],[76.8793757,28.3614446],[76.8793807,28.3614352],[76.8793857,28.3614258],[76.8793906,28.3614164],[76.8793955,28.361407],[76.8794004,28.3613976],[76.8794053,28.3613882],[76.8794101,28.3613788],[76.8794149,28.3613694],[76.8794197,28.3613599],[76.8794244,28.3613505],[76.8794291,28.361341],[76.8794338,28.3613315],[76.8794385,28.361322],[76.8794431,28.3613125],[76.8794478,28.361303],[76.8794523,28.3612935],[76.8794569,28.361284],[76.8794614,28.3612744],[76.8794659,28.3612649],[76.8794704,28.3612553],[76.8794748,28.3612457],[76.8794792,28.3612362],[76.8794836,28.3612266],[76.879488,28.361217],[76.8794923,28.3612074],[76.8794964,28.3611983],[76.8795001,28.36119],[76.8795037,28.3611818],[76.8795073,28.3611736],[76.8795109,28.3611653],[76.8795145,28.3611571],[76.8795181,28.3611488],[76.8795216,28.3611405],[76.8795252,28.3611322],[76.8795287,28.361124],[76.8795322,28.3611157],[76.8795357,28.3611074],[76.8795391,28.3610991],[76.8795426,28.3610908],[76.879546,28.3610825],[76.8795495,28.3610742],[76.8795529,28.3610659],[76.8795563,28.3610576],[76.8795596,28.3610492],[76.879563,28.3610409],[76.8795664,28.3610326],[76.8795697,28.3610242],[76.8795731,28.3610159],[76.8795764,28.3610076],[76.8795797,28.3609992],[76.879583,28.3609909],[76.8795863,28.3609825],[76.8795896,28.3609742],[76.8795929,28.3609658],[76.8795962,28.3609575],[76.8795994,28.3609491],[76.8796027,28.3609408],[76.8796059,28.3609324],[76.8796092,28.360924],[76.8796124,28.3609157],[76.8796157,28.3609073],[76.8796189,28.3608989],[76.8796221,28.3608906],[76.8796253,28.3608822],[76.8796286,28.3608738],[76.8796318,28.3608654],[76.879635,28.3608571],[76.8796382,28.3608487],[76.8796414,28.3608403],[76.8796446,28.3608319],[76.8796478,28.3608236],[76.8796734,28.3607569],[76.8797269,28.3606172],[76.8797804,28.3604776],[76.8798338,28.360338],[76.8798873,28.3601984],[76.8799408,28.3600588],[76.8799943,28.3599192],[76.8800478,28.3597796],[76.8801012,28.3596399],[76.8801547,28.3595003],[76.8802082,28.3593607],[76.8802617,28.3592211],[76.8803152,28.3590815],[76.8803686,28.3589419],[76.8804221,28.3588023],[76.8804756,28.3586626],[76.8805291,28.358523],[76.8805826,28.3583834],[76.880636,28.3582438],[76.8806895,28.3581042],[76.880743,28.3579646],[76.8807965,28.357825],[76.8808499,28.3576853],[76.8809034,28.3575457],[76.8809569,28.3574061],[76.8810104,28.3572665],[76.8810639,28.3571269],[76.8811173,28.3569873],[76.8811708,28.3568477],[76.8812243,28.356708],[76.8812778,28.3565684],[76.8813312,28.3564288],[76.8813847,28.3562892],[76.8814382,28.3561496],[76.8814917,28.35601],[76.8815452,28.3558704],[76.8815986,28.3557307],[76.8816521,28.3555911],[76.8817056,28.3554515],[76.8817591,28.3553119],[76.8818125,28.3551723],[76.881866,28.3550327],[76.8819195,28.3548931],[76.881973,28.3547534],[76.8820264,28.3546138],[76.8820799,28.3544742],[76.8821062,28.3544055],[76.8821087,28.354399],[76.8821112,28.3543925],[76.8821137,28.3543859],[76.8821162,28.3543794],[76.8821187,28.3543729],[76.8821212,28.3543664],[76.8821237,28.3543599],[76.8821262,28.3543534],[76.8821287,28.3543469],[76.8821312,28.3543403],[76.8821336,28.3543338],[76.8821361,28.3543273],[76.8821386,28.3543208],[76.8821411,28.3543143],[76.8821436,28.3543077],[76.882146,28.3543012],[76.8821485,28.3542947],[76.882151,28.3542882],[76.8821534,28.3542816],[76.8821559,28.3542751],[76.8821583,28.3542686],[76.8821608,28.3542621],[76.8821632,28.3542555],[76.8821657,28.354249],[76.8821681,28.3542425],[76.8821705,28.3542359],[76.882173,28.3542294],[76.8821754,28.3542229],[76.8821778,28.3542163],[76.8821802,28.3542098],[76.8821826,28.3542032],[76.882185,28.3541967],[76.8821874,28.3541902],[76.8821898,28.3541836],[76.8821922,28.3541771],[76.8821945,28.3541705],[76.8821969,28.354164],[76.8821993,28.3541574],[76.8822016,28.3541508],[76.882204,28.3541443],[76.8822063,28.3541377],[76.8822086,28.3541312],[76.8822109,28.3541246],[76.8822133,28.354118],[76.8822156,28.3541115],[76.8822177,28.3541054],[76.8822197,28.3540996],[76.8822217,28.3540937],[76.8822237,28.3540879],[76.8822257,28.3540821],[76.8822277,28.3540763],[76.8822297,28.3540705],[76.8822317,28.3540646],[76.8822337,28.3540588],[76.8822356,28.354053],[76.8822376,28.3540472],[76.8822396,28.3540413],[76.8822415,28.3540355],[76.8822434,28.3540297],[76.8822454,28.3540238],[76.8822473,28.354018],[76.8822492,28.3540122],[76.8822511,28.3540063],[76.882253,28.3540005],[76.8822549,28.3539946],[76.8822568,28.3539888],[76.8822587,28.3539829],[76.8822606,28.3539771],[76.8822625,28.3539712],[76.8822643,28.3539654],[76.8822662,28.3539595],[76.882268,28.3539537],[76.8822699,28.3539478],[76.8822717,28.353942],[76.8822736,28.3539361],[76.8822754,28.3539302],[76.8822772,28.3539244],[76.882279,28.3539185],[76.8822808,28.3539126],[76.8822826,28.3539068],[76.8822844,28.3539009],[76.8822862,28.353895],[76.882288,28.3538892],[76.8822897,28.3538833],[76.8822915,28.3538774],[76.8822932,28.3538715],[76.882295,28.3538656],[76.8822967,28.3538598],[76.8822985,28.3538539],[76.8823002,28.353848],[76.8823019,28.3538421],[76.8823038,28.3538357],[76.8823057,28.353829],[76.8823076,28.3538223],[76.8823096,28.3538157],[76.8823115,28.353809],[76.8823134,28.3538023],[76.8823152,28.3537957],[76.8823171,28.353789],[76.882319,28.3537823],[76.8823209,28.3537756],[76.8823227,28.353769],[76.8823246,28.3537623],[76.8823264,28.3537556],[76.8823283,28.3537489],[76.8823301,28.3537422],[76.8823319,28.3537355],[76.8823338,28.3537289],[76.8823356,28.3537222],[76.8823374,28.3537155],[76.8823392,28.3537088],[76.882341,28.3537021],[76.8823428,28.3536954],[76.8823446,28.3536887],[76.8823463,28.353682],[76.8823481,28.3536753],[76.8823499,28.3536686],[76.8823517,28.3536619],[76.8823535,28.3536552],[76.8823552,28.3536485],[76.882357,28.3536418],[76.8823588,28.3536351],[76.8823605,28.3536284],[76.8823623,28.3536217],[76.882364,28.353615],[76.8823658,28.3536083],[76.8823675,28.3536016],[76.8823693,28.3535949],[76.882371,28.3535882],[76.8823728,28.3535815],[76.8823745,28.3535748],[76.8823762,28.3535681],[76.882378,28.3535614],[76.8823797,28.3535547],[76.8823814,28.353548],[76.8823832,28.3535413],[76.8823849,28.3535346],[76.8824051,28.3534565],[76.8824301,28.3533602],[76.882455,28.353264],[76.8824799,28.3531677],[76.8825049,28.3530715],[76.8825298,28.3529752],[76.8825547,28.3528789],[76.8825797,28.3527827],[76.8826046,28.3526864],[76.8826295,28.3525902],[76.8826545,28.3524939],[76.8826794,28.3523976],[76.8827043,28.3523014],[76.8827293,28.3522051],[76.8827542,28.3521088],[76.8827791,28.3520126],[76.8828041,28.3519163],[76.882829,28.3518201],[76.8828539,28.3517238],[76.8828788,28.3516275],[76.8829038,28.3515313],[76.8829287,28.351435],[76.8829536,28.3513388],[76.8829786,28.3512425],[76.8830035,28.3511462],[76.8830284,28.35105],[76.8830534,28.3509537],[76.8830783,28.3508574],[76.8831032,28.3507612],[76.8831282,28.3506649],[76.8831531,28.3505687],[76.883178,28.3504724],[76.883203,28.3503761],[76.8832279,28.3502799],[76.8832528,28.3501836],[76.8832778,28.3500873],[76.8833027,28.3499911],[76.8833276,28.3498948],[76.8833526,28.3497986],[76.8833775,28.3497023],[76.8834024,28.349606],[76.8834273,28.3495098],[76.8834523,28.3494135],[76.8834772,28.3493173],[76.8835021,28.349221],[76.8835271,28.3491247],[76.8835315,28.3491077],[76.8835332,28.349101],[76.8835349,28.3490943],[76.8835367,28.3490876],[76.8835384,28.3490809],[76.8835402,28.3490742],[76.8835419,28.3490675],[76.8835436,28.3490608],[76.8835453,28.3490541],[76.8835471,28.3490474],[76.8835488,28.3490407],[76.8835505,28.349034],[76.8835523,28.3490273],[76.883554,28.3490206],[76.8835557,28.3490138],[76.8835574,28.3490071],[76.8835591,28.3490004],[76.8835608,28.3489937],[76.8835625,28.348987],[76.8835642,28.3489803],[76.8835659,28.3489736],[76.8835676,28.3489669],[76.8835693,28.3489602],[76.883571,28.3489534],[76.8835727,28.3489467],[76.8835744,28.34894],[76.883576,28.3489333],[76.8835777,28.3489266],[76.8835794,28.3489199],[76.883581,28.3489131],[76.8835827,28.3489064],[76.8835843,28.3488997],[76.883586,28.348893],[76.8835876,28.3488862],[76.8835892,28.3488795],[76.8835909,28.3488728],[76.8835925,28.3488661],[76.8835941,28.3488593],[76.8835957,28.3488526],[76.8835973,28.3488459],[76.8835989,28.3488391],[76.8836005,28.3488324],[76.883602,28.3488257],[76.8836036,28.3488189],[76.8836052,28.3488122],[76.8836067,28.3488055],[76.8836082,28.3487991],[76.8836096,28.3487927],[76.8836111,28.3487863],[76.8836125,28.3487799],[76.883614,28.3487735],[76.8836154,28.3487671],[76.8836168,28.3487607],[76.8836182,28.3487543],[76.8836196,28.3487479],[76.883621,28.3487415],[76.8836224,28.3487351],[76.8836238,28.3487287],[76.8836251,28.3487222],[76.8836265,28.3487158],[76.8836279,28.3487094],[76.8836292,28.348703],[76.8836306,28.3486966],[76.8836319,28.3486902],[76.8836332,28.3486838],[76.8836346,28.3486774],[76.8836359,28.3486709],[76.8836372,28.3486645],[76.8836385,28.3486581],[76.8836398,28.3486517],[76.883641,28.3486453],[76.8836423,28.3486388],[76.8836436,28.3486324],[76.8836448,28.348626],[76.8836461,28.3486196],[76.8836473,28.3486131],[76.8836486,28.3486067],[76.8836498,28.3486003],[76.883651,28.3485938],[76.8836523,28.3485874],[76.8836535,28.348581],[76.8836547,28.3485745],[76.8836559,28.3485681],[76.883657,28.3485617],[76.8836582,28.3485552],[76.8836594,28.3485488],[76.8836606,28.3485424],[76.8836617,28.3485359],[76.8836629,28.3485295],[76.883664,28.348523],[76.8836651,28.3485166],[76.8836663,28.3485101],[76.8836674,28.3485033],[76.8836686,28.3484965],[76.8836698,28.3484897],[76.8836709,28.3484829],[76.8836721,28.3484761],[76.8836732,28.3484693],[76.8836744,28.3484625],[76.8836755,28.3484557],[76.8836766,28.3484489],[76.8836777,28.3484421],[76.8836788,28.3484353],[76.8836799,28.3484285],[76.883681,28.3484217],[76.8836821,28.3484149],[76.8836832,28.348408],[76.8836843,28.3484012],[76.8836853,28.3483944],[76.8836864,28.3483876],[76.8836874,28.3483808],[76.8836885,28.348374],[76.8836895,28.3483672],[76.8836906,28.3483603],[76.8836916,28.3483535],[76.8836927,28.3483467],[76.8836937,28.3483399],[76.8836947,28.3483331],[76.8836958,28.3483262],[76.8836968,28.3483194],[76.8836978,28.3483126],[76.8836988,28.3483058],[76.8836998,28.348299],[76.8837008,28.3482922],[76.8837019,28.3482853],[76.8837029,28.3482785],[76.8837039,28.3482717],[76.8837049,28.3482649],[76.8837059,28.348258],[76.8837069,28.3482512],[76.8837079,28.3482444],[76.8837088,28.3482376],[76.8837098,28.3482308],[76.8837108,28.3482239],[76.8837118,28.3482171],[76.8837128,28.3482103],[76.8837138,28.3482035],[76.883717,28.3481813],[76.8837329,28.3480718],[76.8837488,28.3479623],[76.8837647,28.3478529],[76.8837806,28.3477434],[76.8837965,28.3476339],[76.8838125,28.3475244],[76.8838284,28.347415],[76.8838443,28.3473055],[76.8838602,28.347196],[76.8838761,28.3470865],[76.883892,28.346977],[76.8839079,28.3468676],[76.8839238,28.3467581],[76.8839397,28.3466486],[76.8839556,28.3465391],[76.8839715,28.3464296],[76.8839874,28.3463202],[76.8840033,28.3462107],[76.8840192,28.3461012],[76.8840351,28.3459917],[76.884051,28.3458822],[76.8840669,28.3457728],[76.8840828,28.3456633],[76.8840987,28.3455538],[76.8841147,28.3454443],[76.8841306,28.3453349],[76.8841465,28.3452254],[76.8841624,28.3451159],[76.8841783,28.3450064],[76.8841942,28.3448969],[76.8842101,28.3447875],[76.884226,28.344678],[76.8842419,28.3445685],[76.8842578,28.344459],[76.8842737,28.3443495],[76.8842896,28.3442401],[76.8843055,28.3441306],[76.8843214,28.3440211],[76.8843373,28.3439116],[76.8843532,28.3438021],[76.8843691,28.3436927],[76.884385,28.3435832],[76.8844009,28.3434737],[76.8844168,28.3433642],[76.8844328,28.3432547],[76.884445,28.3431701],[76.8844458,28.3431652],[76.8844465,28.3431604],[76.8844472,28.3431555],[76.8844479,28.3431506],[76.8844486,28.3431458],[76.8844493,28.3431409],[76.88445,28.343136],[76.8844507,28.3431311],[76.8844514,28.3431263],[76.8844521,28.3431214],[76.8844528,28.3431165],[76.8844536,28.3431116],[76.8844543,28.3431068],[76.884455,28.3431019],[76.8844557,28.343097],[76.8844564,28.3430922],[76.8844571,28.3430873],[76.8844579,28.3430824],[76.8844586,28.3430775],[76.8844593,28.3430727],[76.88446,28.3430678],[76.8844607,28.3430629],[76.8844615,28.3430581],[76.8844622,28.3430532],[76.8844629,28.3430483],[76.8844636,28.3430434],[76.8844644,28.3430386],[76.8844651,28.3430337],[76.8844658,28.3430288],[76.8844666,28.343024],[76.8844673,28.3430191],[76.8844681,28.3430142],[76.8844688,28.3430093],[76.8844695,28.3430045],[76.8844703,28.3429996],[76.884471,28.3429947],[76.8844718,28.3429899],[76.8844726,28.342985],[76.8844733,28.3429801],[76.8844741,28.3429753],[76.8844748,28.3429704],[76.8844756,28.3429655],[76.8844764,28.3429607],[76.8844771,28.3429558],[76.8844779,28.3429509],[76.8844788,28.3429456],[76.8844798,28.3429394],[76.8844808,28.3429331],[76.8844818,28.3429269],[76.8844828,28.3429206],[76.8844838,28.3429144],[76.8844848,28.3429081],[76.8844859,28.3429019],[76.8844869,28.3428956],[76.884488,28.3428894],[76.884489,28.3428832],[76.8844901,28.3428769],[76.8844911,28.3428707],[76.8844922,28.3428644],[76.8844932,28.3428582],[76.8844943,28.3428519],[76.8844954,28.3428457],[76.8844965,28.3428395],[76.8844975,28.3428332],[76.8844986,28.342827],[76.8844997,28.3428208],[76.8845008,28.3428145],[76.8845019,28.3428083],[76.8845031,28.342802],[76.8845042,28.3427958],[76.8845053,28.3427896],[76.8845064,28.3427833],[76.8845075,28.3427771],[76.8845087,28.3427709],[76.8845098,28.3427646],[76.884511,28.3427584],[76.8845121,28.3427522],[76.8845133,28.342746],[76.8845144,28.3427397],[76.8845156,28.3427335],[76.8845168,28.3427273],[76.8845179,28.342721],[76.8845191,28.3427148],[76.8845203,28.3427086],[76.8845215,28.3427024],[76.8845227,28.3426962],[76.8845239,28.3426899],[76.8845251,28.3426837],[76.8845263,28.3426775],[76.8845275,28.3426713],[76.8845287,28.342665],[76.8845298,28.3426594],[76.8845308,28.3426546],[76.8845318,28.3426497],[76.8845327,28.3426449],[76.8845337,28.34264],[76.8845346,28.3426352],[76.8845356,28.3426304],[76.8845366,28.3426255],[76.8845376,28.3426207],[76.8845385,28.3426159],[76.8845395,28.342611],[76.8845405,28.3426062],[76.8845415,28.3426013],[76.8845425,28.3425965],[76.8845435,28.3425917],[76.8845444,28.3425868],[76.8845454,28.342582],[76.8845464,28.3425772],[76.8845474,28.3425723],[76.8845484,28.3425675],[76.8845494,28.3425627],[76.8845504,28.3425578],[76.8845514,28.342553],[76.8845524,28.3425482],[76.8845534,28.3425433],[76.8845544,28.3425385],[76.8845555,28.3425337],[76.8845565,28.3425289],[76.8845575,28.342524],[76.8845585,28.3425192],[76.8845595,28.3425144],[76.8845605,28.3425095],[76.8845615,28.3425047],[76.8845625,28.3424999],[76.8845636,28.342495],[76.8845646,28.3424902],[76.8845656,28.3424854],[76.8845666,28.3424805],[76.8845676,28.3424757],[76.8845687,28.3424709],[76.8845697,28.3424661],[76.8845707,28.3424612],[76.8845717,28.3424564],[76.8845727,28.3424516],[76.8845738,28.3424467],[76.8845748,28.3424419],[76.8845819,28.3424085],[76.8845949,28.3423466],[76.884608,28.3422847],[76.8846211,28.3422229],[76.8846342,28.342161],[76.8846473,28.3420991],[76.8846603,28.3420373],[76.8846734,28.3419754],[76.8846865,28.3419135],[76.8846996,28.3418517],[76.8847127,28.3417898],[76.8847258,28.3417279],[76.8847388,28.3416661],[76.8847519,28.3416042],[76.884765,28.3415423],[76.8847781,28.3414805],[76.8847912,28.3414186],[76.8848043,28.3413567],[76.8848173,28.3412949],[76.8848304,28.341233],[76.8848435,28.3411711],[76.8848566,28.3411093],[76.8848697,28.3410474],[76.8848827,28.3409855],[76.8848958,28.3409237],[76.8849089,28.3408618],[76.884922,28.3407999],[76.8849351,28.3407381],[76.8849482,28.3406762],[76.8849612,28.3406143],[76.8849743,28.3405525],[76.8849874,28.3404906],[76.8850005,28.3404287],[76.8850136,28.3403669],[76.8850266,28.340305],[76.8850397,28.3402431],[76.8850528,28.3401813],[76.8850659,28.3401194],[76.885079,28.3400575],[76.885092,28.3399957],[76.8851051,28.3399338],[76.8851182,28.3398719],[76.8851313,28.3398101],[76.8851444,28.3397482],[76.8851575,28.3396863],[76.8851705,28.3396245],[76.8851765,28.3395963],[76.8851775,28.3395914],[76.8851785,28.3395866],[76.8851796,28.3395818],[76.8851806,28.3395769],[76.8851816,28.3395721],[76.8851826,28.3395673],[76.8851837,28.3395625],[76.8851847,28.3395576],[76.8851857,28.3395528],[76.8851867,28.339548],[76.8851878,28.3395431],[76.8851888,28.3395383],[76.8851898,28.3395335],[76.8851908,28.3395287],[76.8851919,28.3395238],[76.8851929,28.339519],[76.8851939,28.3395142],[76.885195,28.3395093],[76.885196,28.3395045],[76.885197,28.3394997],[76.8851981,28.3394949],[76.8851991,28.33949],[76.8852001,28.3394852],[76.8852012,28.3394804],[76.8852022,28.3394756],[76.8852033,28.3394707],[76.8852043,28.3394659],[76.8852053,28.3394611],[76.8852064,28.3394563],[76.8852074,28.3394514],[76.8852085,28.3394466],[76.8852096,28.3394418],[76.8852106,28.339437],[76.8852117,28.3394321],[76.8852127,28.3394273],[76.8852138,28.3394225],[76.8852149,28.3394177],[76.8852159,28.3394128],[76.885217,28.339408],[76.8852181,28.3394032],[76.8852191,28.3393984],[76.8852202,28.3393936],[76.8852213,28.3393887],[76.8852224,28.3393839],[76.8852235,28.3393791],[76.885225,28.3393723],[76.8852268,28.3393646],[76.8852285,28.3393569],[76.8852303,28.3393492],[76.8852321,28.3393415],[76.8852339,28.3393337],[76.8852357,28.339326],[76.8852375,28.3393183],[76.8852393,28.3393106],[76.8852411,28.3393029],[76.8852429,28.3392952],[76.8852447,28.3392875],[76.8852466,28.3392798],[76.8852484,28.3392721],[76.8852503,28.3392644],[76.8852521,28.3392567],[76.885254,28.339249],[76.8852559,28.3392413],[76.8852578,28.3392336],[76.8852597,28.3392259],[76.8852616,28.3392182],[76.8852635,28.3392105],[76.8852654,28.3392028],[76.8852673,28.3391951],[76.8852692,28.3391875],[76.8852712,28.3391798],[76.8852731,28.3391721],[76.8852751,28.3391644],[76.885277,28.3391567],[76.885279,28.339149],[76.885281,28.3391414],[76.8852829,28.3391337],[76.8852849,28.339126],[76.8852869,28.3391183],[76.8852889,28.3391107],[76.8852909,28.339103],[76.885293,28.3390953],[76.885295,28.3390877],[76.885297,28.33908],[76.8852991,28.3390723],[76.8853011,28.3390647],[76.8853032,28.339057],[76.8853052,28.3390494],[76.8853073,28.3390417],[76.8853094,28.3390341],[76.8853115,28.3390264],[76.885313,28.339021],[76.8853143,28.3390162],[76.8853156,28.3390114],[76.8853169,28.3390066],[76.8853182,28.3390019],[76.8853196,28.3389971],[76.8853209,28.3389923],[76.8853222,28.3389875],[76.8853235,28.3389828],[76.8853249,28.338978],[76.8853262,28.3389732],[76.8853275,28.3389685],[76.8853289,28.3389637],[76.8853302,28.3389589],[76.8853316,28.3389542],[76.8853329,28.3389494],[76.8853342,28.3389446],[76.8853356,28.3389399],[76.8853369,28.3389351],[76.8853383,28.3389303],[76.8853396,28.3389256],[76.885341,28.3389208],[76.8853424,28.338916],[76.8853437,28.3389113],[76.8853451,28.3389065],[76.8853464,28.3389017],[76.8853478,28.338897],[76.8853492,28.3388922],[76.8853505,28.3388875],[76.8853519,28.3388827],[76.8853532,28.3388779],[76.8853546,28.3388732],[76.885356,28.3388684],[76.8853574,28.3388636],[76.8853587,28.3388589],[76.8853601,28.3388541],[76.8853615,28.3388494],[76.8853628,28.3388446],[76.8853642,28.3388398],[76.8853656,28.3388351],[76.885367,28.3388303],[76.8853683,28.3388256],[76.8853697,28.3388208],[76.8853711,28.338816],[76.8853725,28.3388113],[76.8853738,28.3388065],[76.8853824,28.3387767],[76.8853923,28.3387426],[76.8854021,28.3387085],[76.885412,28.3386744],[76.8854218,28.3386403],[76.8854316,28.3386062],[76.8854415,28.3385721],[76.8854513,28.338538],[76.8854612,28.3385039],[76.885471,28.3384698],[76.8854808,28.3384357],[76.8854907,28.3384016],[76.8855005,28.3383675],[76.8855104,28.3383334],[76.8855202,28.3382993],[76.88553,28.3382652],[76.8855399,28.3382311],[76.8855497,28.338197],[76.8855596,28.3381629],[76.8855694,28.3381288],[76.8855792,28.3380947],[76.8855891,28.3380606],[76.8855989,28.3380265],[76.8856088,28.3379925],[76.8856186,28.3379584],[76.8856284,28.3379243],[76.8856383,28.3378902],[76.8856481,28.3378561],[76.885658,28.337822],[76.8856678,28.3377879],[76.8856776,28.3377538],[76.8856875,28.3377197],[76.8856973,28.3376856],[76.8857072,28.3376515],[76.885717,28.3376174],[76.8857269,28.3375833],[76.8857367,28.3375492],[76.8857465,28.3375151],[76.8857564,28.337481],[76.8857662,28.3374469],[76.8857761,28.3374128],[76.8857859,28.3373787],[76.8857957,28.3373446],[76.8858056,28.3373105],[76.8858154,28.3372764],[76.8858253,28.3372423],[76.8858276,28.3372341],[76.8858296,28.3372274],[76.8858315,28.3372207],[76.8858334,28.3372141],[76.8858353,28.3372074],[76.8858373,28.3372007],[76.8858392,28.3371941],[76.8858411,28.3371874],[76.885843,28.3371808],[76.885845,28.3371741],[76.8858469,28.3371674],[76.8858488,28.3371608],[76.8858508,28.3371541],[76.8858527,28.3371474],[76.8858546,28.3371408],[76.8858566,28.3371341],[76.8858585,28.3371275],[76.8858605,28.3371208],[76.8858624,28.3371141],[76.8858644,28.3371075],[76.8858664,28.3371008],[76.8858683,28.3370942],[76.8858703,28.3370875],[76.8858723,28.3370809],[76.8858742,28.3370742],[76.8858762,28.3370676],[76.8858782,28.3370609],[76.8858802,28.3370543],[76.8858822,28.3370476],[76.8858842,28.337041],[76.8858862,28.3370343],[76.8858882,28.3370277],[76.8858902,28.337021],[76.8858922,28.3370144],[76.8858942,28.3370077],[76.8858962,28.3370011],[76.8858983,28.3369945],[76.8859003,28.3369878],[76.8859024,28.3369812],[76.8859044,28.3369746],[76.8859065,28.3369679],[76.8859085,28.3369613],[76.8859106,28.3369547],[76.8859127,28.336948],[76.8859148,28.3369414],[76.8859169,28.3369348],[76.8859188,28.3369287],[76.8859207,28.3369226],[76.8859227,28.3369166],[76.8859246,28.3369105],[76.8859266,28.3369044],[76.8859285,28.3368983],[76.8859305,28.3368923],[76.8859325,28.3368862],[76.8859345,28.3368801],[76.8859365,28.3368741],[76.8859385,28.336868],[76.8859405,28.3368619],[76.8859425,28.3368559],[76.8859445,28.3368498],[76.8859465,28.3368438],[76.8859485,28.3368377],[76.8859506,28.3368316],[76.8859526,28.3368256],[76.8859546,28.3368195],[76.8859567,28.3368135],[76.8859588,28.3368074],[76.8859608,28.3368014],[76.8859629,28.3367953],[76.885965,28.3367893],[76.8859671,28.3367833],[76.8859691,28.3367772],[76.8859712,28.3367712],[76.8859733,28.3367652],[76.8859755,28.3367591],[76.8859776,28.3367531],[76.8859797,28.3367471],[76.8859818,28.336741],[76.885984,28.336735],[76.8859861,28.336729],[76.8859882,28.3367229],[76.8859904,28.3367169],[76.8859926,28.3367109],[76.8859947,28.3367049],[76.8859969,28.3366989],[76.8859991,28.3366929],[76.8860013,28.3366868],[76.8860035,28.3366808],[76.8860057,28.3366748],[76.8860079,28.3366688],[76.8860101,28.3366628],[76.8860123,28.3366567],[76.8860147,28.3366502],[76.8860172,28.3366437],[76.8860196,28.3366371],[76.886022,28.3366306],[76.8860245,28.3366241],[76.8860269,28.3366176],[76.8860294,28.336611],[76.8860319,28.3366045],[76.8860343,28.336598],[76.8860368,28.3365915],[76.8860393,28.336585],[76.8860418,28.3365784],[76.8860443,28.3365719],[76.8860468,28.3365654],[76.8860493,28.3365589],[76.8860518,28.3365524],[76.8860544,28.3365459],[76.8860569,28.3365394],[76.8860594,28.3365329],[76.8860619,28.3365264],[76.8860645,28.3365199],[76.886067,28.3365134],[76.8860696,28.3365069],[76.8860721,28.3365004],[76.8860747,28.3364939],[76.8860772,28.3364874],[76.8860798,28.3364809],[76.8860823,28.3364744],[76.8860849,28.3364679],[76.8860875,28.3364614],[76.88609,28.3364549],[76.8860926,28.3364484],[76.8860952,28.3364419],[76.8860978,28.3364354],[76.8861003,28.3364289],[76.8861029,28.3364225],[76.8861055,28.336416],[76.8861081,28.3364095],[76.8861107,28.336403],[76.8861133,28.3363965],[76.8861159,28.33639],[76.8861184,28.3363835],[76.886121,28.3363771],[76.8861236,28.3363706],[76.8861262,28.3363641],[76.8861312,28.3363515],[76.8861456,28.3363156],[76.8861599,28.3362796],[76.8861743,28.3362437],[76.8861886,28.3362078],[76.886203,28.3361718],[76.8862173,28.3361359],[76.8862316,28.3361],[76.886246,28.336064],[76.8862603,28.3360281],[76.8862747,28.3359922],[76.886289,28.3359562],[76.8863034,28.3359203],[76.8863177,28.3358844],[76.8863321,28.3358484],[76.8863464,28.3358125],[76.8863607,28.3357766],[76.8863751,28.3357406],[76.8863894,28.3357047],[76.8864038,28.3356688],[76.8864181,28.3356328],[76.8864325,28.3355969],[76.8864468,28.335561],[76.8864611,28.335525],[76.8864755,28.3354891],[76.8864898,28.3354532],[76.8865042,28.3354172],[76.8865185,28.3353813],[76.8865329,28.3353454],[76.8865472,28.3353094],[76.8865616,28.3352735],[76.8865759,28.3352376],[76.8865902,28.3352016],[76.8866046,28.3351657],[76.8866189,28.3351298],[76.8866333,28.3350938],[76.8866476,28.3350579],[76.886662,28.335022],[76.8866763,28.334986],[76.8866906,28.3349501],[76.886705,28.3349142],[76.8867193,28.3348782],[76.8867337,28.3348423],[76.886748,28.3348064],[76.8867624,28.3347704],[76.8867767,28.3347345],[76.886788,28.3347062],[76.8867921,28.334696],[76.8867962,28.3346858],[76.8868002,28.3346756],[76.8868043,28.3346654],[76.8868084,28.3346552],[76.8868125,28.334645],[76.8868166,28.3346348],[76.8868206,28.3346247],[76.8868247,28.3346145],[76.8868289,28.3346043],[76.886833,28.3345941],[76.8868371,28.3345839],[76.8868412,28.3345738],[76.8868454,28.3345636],[76.8868495,28.3345534],[76.8868537,28.3345433],[76.8868579,28.3345331],[76.8868621,28.334523],[76.8868663,28.3345128],[76.8868705,28.3345027],[76.8868747,28.3344925],[76.886879,28.3344824],[76.8868833,28.3344723],[76.8868876,28.3344622],[76.8868919,28.3344521],[76.8868962,28.3344419],[76.8869006,28.3344318],[76.886905,28.3344218],[76.8869094,28.3344117],[76.8869138,28.3344016],[76.8869182,28.3343915],[76.8869227,28.3343815],[76.8869272,28.3343714],[76.8869317,28.3343614],[76.8869363,28.3343513],[76.8869408,28.3343413],[76.8869454,28.3343313],[76.8869501,28.3343213],[76.8869548,28.3343113],[76.8869594,28.3343013],[76.8869642,28.3342914],[76.8869689,28.3342814],[76.8869737,28.3342715],[76.8869786,28.3342615],[76.8869834,28.3342516],[76.8869879,28.3342425],[76.8869918,28.3342348],[76.8869957,28.334227],[76.8869996,28.3342192],[76.8870035,28.3342115],[76.8870075,28.3342038],[76.8870115,28.334196],[76.8870155,28.3341883],[76.8870195,28.3341806],[76.8870236,28.3341729],[76.8870276,28.3341652],[76.8870317,28.3341575],[76.8870358,28.3341498],[76.88704,28.3341421],[76.8870441,28.3341345],[76.8870483,28.3341268],[76.8870525,28.3341192],[76.8870567,28.3341115],[76.887061,28.3341039],[76.8870653,28.3340963],[76.8870696,28.3340887],[76.8870739,28.3340811],[76.8870782,28.3340735],[76.8870826,28.3340659],[76.8870869,28.3340583],[76.8870913,28.3340508],[76.8870957,28.3340432],[76.8871002,28.3340357],[76.8871046,28.3340282],[76.8871091,28.3340206],[76.8871136,28.3340131],[76.8871182,28.3340056],[76.8871227,28.3339981],[76.8871273,28.3339907],[76.8871319,28.3339832],[76.8871365,28.3339757],[76.8871411,28.3339683],[76.8871458,28.3339609],[76.8871504,28.3339534],[76.8871551,28.333946],[76.8871598,28.3339386],[76.8871646,28.3339312],[76.8871693,28.3339238],[76.8871741,28.3339165],[76.8871789,28.3339091],[76.8871837,28.3339018],[76.8871892,28.3338935],[76.8871954,28.3338842],[76.8872016,28.3338749],[76.8872078,28.3338656],[76.8872141,28.3338563],[76.8872204,28.333847],[76.8872268,28.3338378],[76.8872332,28.3338286],[76.8872396,28.3338194],[76.887246,28.3338102],[76.8872524,28.333801],[76.8872589,28.3337918],[76.8872654,28.3337827],[76.8872719,28.3337736],[76.8872785,28.3337644],[76.8872851,28.3337553],[76.8872917,28.3337462],[76.8872983,28.3337371],[76.8873049,28.3337281],[76.8873116,28.333719],[76.8873183,28.33371],[76.8873249,28.3337009],[76.8873317,28.3336919],[76.8873384,28.3336829],[76.8873451,28.3336738],[76.8873519,28.3336648],[76.8873587,28.3336558],[76.8873654,28.3336469],[76.8873722,28.3336379],[76.8873791,28.3336289],[76.8873859,28.3336199],[76.8873927,28.333611],[76.8873996,28.333602],[76.8874064,28.3335931],[76.8874133,28.3335841],[76.8874202,28.3335752],[76.887427,28.3335663],[76.8874339,28.3335573],[76.8874408,28.3335484],[76.8874477,28.3335395],[76.8874546,28.3335306],[76.8874615,28.3335217],[76.8874684,28.3335127],[76.8874753,28.3335038],[76.8874822,28.3334949],[76.8874892,28.333486],[76.8875164,28.3334509],[76.8875595,28.3333953],[76.8876027,28.3333396],[76.8876459,28.3332839],[76.8876891,28.3332283],[76.8877322,28.3331726],[76.8877754,28.3331169],[76.8878186,28.3330613],[76.8878618,28.3330056],[76.887905,28.33295],[76.8879481,28.3328943],[76.8879913,28.3328386],[76.8880345,28.332783],[76.8880777,28.3327273],[76.8881209,28.3326716],[76.888164,28.332616],[76.8882072,28.3325603],[76.8882504,28.3325046],[76.8882936,28.332449],[76.8883368,28.3323933],[76.8883799,28.3323376],[76.8884231,28.332282],[76.8884663,28.3322263],[76.8885095,28.3321707],[76.8885526,28.332115],[76.8885958,28.3320593],[76.888639,28.3320037],[76.8886822,28.331948],[76.8887254,28.3318923],[76.8887685,28.3318367],[76.8888117,28.331781],[76.8888549,28.3317253],[76.8888981,28.3316697],[76.8889412,28.331614],[76.8889844,28.3315583],[76.8890276,28.3315027],[76.8890708,28.331447],[76.889114,28.3313913],[76.8891571,28.3313357],[76.8892003,28.33128],[76.8892435,28.3312244],[76.8892867,28.3311687],[76.8893298,28.331113],[76.889373,28.3310574],[76.8894162,28.3310017],[76.8894594,28.330946],[76.8894766,28.3309238],[76.8894798,28.3309197],[76.8894829,28.3309157],[76.8894861,28.3309116],[76.8894892,28.3309076],[76.8894923,28.3309035],[76.8894955,28.3308995],[76.8894986,28.3308954],[76.8895018,28.3308914],[76.8895049,28.3308873],[76.889508,28.3308833],[76.8895112,28.3308792],[76.8895143,28.3308752],[76.8895175,28.3308711],[76.8895206,28.3308671],[76.8895237,28.330863],[76.8895269,28.3308589],[76.88953,28.3308549],[76.8895331,28.3308508],[76.8895363,28.3308468],[76.8895394,28.3308427],[76.8895425,28.3308387],[76.8895457,28.3308346],[76.8895488,28.3308305],[76.8895519,28.3308265],[76.889555,28.3308224],[76.8895582,28.3308184],[76.8895613,28.3308143],[76.8895644,28.3308102],[76.8895675,28.3308062],[76.8895706,28.3308021],[76.8895738,28.330798],[76.8895769,28.330794],[76.88958,28.3307899],[76.8895831,28.3307858],[76.8895862,28.3307818],[76.8895893,28.3307777],[76.8895924,28.3307736],[76.8895955,28.3307695],[76.8895986,28.3307655],[76.8896017,28.3307614],[76.8896048,28.3307573],[76.8896079,28.3307532],[76.889611,28.3307491],[76.8896141,28.3307451],[76.8896172,28.330741],[76.8896213,28.3307355],[76.8896258,28.3307296],[76.8896303,28.3307236],[76.8896347,28.3307176],[76.8896392,28.3307117],[76.8896437,28.3307057],[76.8896481,28.3306997],[76.8896526,28.3306938],[76.889657,28.3306878],[76.8896615,28.3306818],[76.8896659,28.3306758],[76.8896704,28.3306698],[76.8896748,28.3306638],[76.8896792,28.3306578],[76.8896836,28.3306518],[76.889688,28.3306458],[76.8896924,28.3306398],[76.8896969,28.3306338],[76.8897012,28.3306278],[76.8897056,28.3306218],[76.88971,28.3306158],[76.8897144,28.3306098],[76.8897188,28.3306037],[76.8897232,28.3305977],[76.8897275,28.3305917],[76.8897319,28.3305857],[76.8897362,28.3305796],[76.8897406,28.3305736],[76.8897449,28.3305675],[76.8897493,28.3305615],[76.8897536,28.3305555],[76.8897579,28.3305494],[76.8897622,28.3305434],[76.8897666,28.3305373],[76.8897709,28.3305312],[76.8897752,28.3305252],[76.8897795,28.3305191],[76.8897838,28.330513],[76.8897881,28.330507],[76.8897923,28.3305009],[76.8897966,28.3304948],[76.8898009,28.3304887],[76.8898052,28.3304827],[76.8898094,28.3304766],[76.8898137,28.3304705],[76.8898179,28.3304644],[76.8898211,28.3304599],[76.889824,28.3304557],[76.8898269,28.3304515],[76.8898298,28.3304473],[76.8898327,28.3304431],[76.8898356,28.330439],[76.8898385,28.3304348],[76.8898414,28.3304306],[76.8898443,28.3304264],[76.8898472,28.3304222],[76.8898501,28.330418],[76.889853,28.3304138],[76.8898559,28.3304096],[76.8898587,28.3304054],[76.8898616,28.3304012],[76.8898645,28.330397],[76.8898674,28.3303928],[76.8898703,28.3303886],[76.8898731,28.3303844],[76.889876,28.3303802],[76.8898789,28.330376],[76.8898818,28.3303718],[76.8898846,28.3303676],[76.8898875,28.3303634],[76.8898904,28.3303592],[76.8898932,28.330355],[76.8898961,28.3303507],[76.889899,28.3303465],[76.8899018,28.3303423],[76.8899047,28.3303381],[76.8899076,28.3303339],[76.8899104,28.3303297],[76.8899133,28.3303255],[76.8899161,28.3303213],[76.889919,28.3303171],[76.8899219,28.3303129],[76.8899247,28.3303086],[76.8899276,28.3303044],[76.8899304,28.3303002],[76.8899333,28.330296],[76.8899361,28.3302918],[76.889939,28.3302876],[76.8899418,28.3302834],[76.8899447,28.3302791],[76.8899476,28.3302749],[76.8899504,28.3302707],[76.8900654,28.330101],[76.8901912,28.3299153],[76.8903171,28.3297296],[76.8904429,28.3295438],[76.8905687,28.3293581],[76.8906946,28.3291724],[76.8908204,28.3289867],[76.8909462,28.328801],[76.8910721,28.3286152],[76.8911979,28.3284295],[76.8913237,28.3282438],[76.8914495,28.3280581],[76.8915754,28.3278724],[76.8917012,28.3276866],[76.891827,28.3275009],[76.8919528,28.3273152],[76.8920787,28.3271295],[76.8922045,28.3269438],[76.8923303,28.326758],[76.8924561,28.3265723],[76.892582,28.3263866],[76.8927078,28.3262009],[76.8928336,28.3260151],[76.8929594,28.3258294],[76.8930853,28.3256437],[76.8932111,28.325458],[76.8933369,28.3252723],[76.8934627,28.3250865],[76.8935885,28.3249008],[76.8937144,28.3247151],[76.8938402,28.3245294],[76.893966,28.3243437],[76.8940918,28.3241579],[76.8942176,28.3239722],[76.8943435,28.3237865],[76.8944693,28.3236008],[76.8945951,28.323415],[76.8947209,28.3232293],[76.8948467,28.3230436],[76.8949725,28.3228579],[76.8950984,28.3226722],[76.8952242,28.3224864],[76.89535,28.3223007],[76.8954758,28.322115],[76.8956016,28.3219293],[76.8957274,28.3217435]]},"properties":{"_s":"L2_line","Drawing layer":"Alignment baseline"}},{"type":"Feature","geometry":{"type":"LineString","coordinates":[[77.037193,28.4007121],[77.0371894,28.4007117],[77.0371858,28.4007114],[77.0371822,28.400711],[77.0371786,28.4007106],[77.037175,28.4007103],[77.0371714,28.4007099],[77.0371678,28.4007096],[77.0371643,28.4007092],[77.0371607,28.4007089],[77.0371571,28.4007085],[77.0371535,28.4007082],[77.0371499,28.4007078],[77.0371463,28.4007074],[77.0371427,28.4007071],[77.0371391,28.4007067],[77.0371355,28.4007064],[77.0371319,28.400706],[77.0371283,28.4007057],[77.0371247,28.4007053],[77.0371211,28.400705],[77.0371175,28.4007046],[77.037114,28.4007042],[77.0371104,28.4007039],[77.0371068,28.4007035],[77.0371032,28.4007032],[77.0370996,28.4007028],[77.037096,28.4007025],[77.0370924,28.4007021],[77.0370888,28.4007018],[77.0370852,28.4007014],[77.0370816,28.4007011],[77.037078,28.4007007],[77.0370744,28.4007004],[77.0370708,28.4007],[77.0370672,28.4006997],[77.0370636,28.4006993],[77.03706,28.400699],[77.0370565,28.4006986],[77.0370529,28.4006983],[77.0370493,28.400698],[77.0370457,28.4006976],[77.0370421,28.4006973],[77.0370376,28.4006968],[77.0370326,28.4006964],[77.0370277,28.4006959],[77.0370228,28.4006954],[77.0370178,28.400695],[77.0370129,28.4006945],[77.0370079,28.400694],[77.037003,28.4006936],[77.0369981,28.4006931],[77.0369931,28.4006926],[77.0369882,28.4006922],[77.0369832,28.4006917],[77.0369783,28.4006913],[77.0369734,28.4006908],[77.0369684,28.4006904],[77.0369635,28.4006899],[77.0369585,28.4006894],[77.0369536,28.400689],[77.0369486,28.4006885],[77.0369437,28.4006881],[77.0369388,28.4006877],[77.0369338,28.4006872],[77.0369289,28.4006868],[77.0369239,28.4006863],[77.036919,28.4006859],[77.036914,28.4006854],[77.0369091,28.400685],[77.0369042,28.4006846],[77.0368992,28.4006841],[77.0368943,28.4006837],[77.0368893,28.4006832],[77.0368844,28.4006828],[77.0368794,28.4006824],[77.0368745,28.4006819],[77.0368696,28.4006815],[77.0368646,28.4006811],[77.0368597,28.4006807],[77.0368547,28.4006802],[77.0368498,28.4006798],[77.0368448,28.4006794],[77.0368399,28.400679],[77.0368349,28.4006785],[77.0368304,28.4006781],[77.0368268,28.4006778],[77.0368232,28.4006775],[77.0368196,28.4006772],[77.036816,28.4006769],[77.0368124,28.4006766],[77.0368088,28.4006763],[77.0368052,28.400676],[77.0368016,28.4006757],[77.036798,28.4006754],[77.0367944,28.4006751],[77.0367908,28.4006748],[77.0367872,28.4006745],[77.0367836,28.4006742],[77.03678,28.4006739],[77.0367764,28.4006736],[77.0367729,28.4006733],[77.0367693,28.400673],[77.0367657,28.4006727],[77.0367621,28.4006724],[77.0367585,28.4006721],[77.0367549,28.4006718],[77.0367513,28.4006715],[77.0367477,28.4006713],[77.0367441,28.400671],[77.0367405,28.4006707],[77.0367369,28.4006704],[77.0367333,28.4006701],[77.0367297,28.4006698],[77.0367261,28.4006695],[77.0367225,28.4006692],[77.0367189,28.4006689],[77.0367153,28.4006686],[77.0367116,28.4006683],[77.036708,28.400668],[77.0367044,28.4006677],[77.0367008,28.4006674],[77.0366972,28.4006671],[77.0366936,28.4006668],[77.03669,28.4006666],[77.0366864,28.4006663],[77.0366828,28.400666],[77.0366792,28.4006657]]},"properties":{"_s":"L2_line","Drawing layer":"Alignment baseline"}},{"type":"Feature","geometry":{"type":"LineString","coordinates":[[77.0325384,28.4003292],[77.0325348,28.4003289],[77.0325312,28.4003286],[77.0325276,28.4003283],[77.032524,28.400328],[77.0325204,28.4003277],[77.0325168,28.4003274],[77.0325132,28.4003272],[77.0325096,28.4003269],[77.032506,28.4003266],[77.0325024,28.4003263],[77.0324988,28.400326],[77.0324952,28.4003257],[77.0324916,28.4003254],[77.032488,28.4003251],[77.0324844,28.4003248],[77.0324808,28.4003245],[77.0324772,28.4003242],[77.0324736,28.400324],[77.03247,28.4003237],[77.0324664,28.4003234],[77.0324628,28.4003231],[77.0324592,28.4003228],[77.0324556,28.4003225],[77.032452,28.4003222],[77.0324484,28.4003219],[77.0324448,28.4003216],[77.0324412,28.4003214],[77.0324376,28.4003211],[77.032434,28.4003208],[77.0324304,28.4003205],[77.0324268,28.4003202],[77.0324232,28.4003199],[77.0324196,28.4003196],[77.032416,28.4003194],[77.0324124,28.4003191],[77.0324088,28.4003188],[77.0324052,28.4003185],[77.0324016,28.4003182],[77.032398,28.4003179],[77.0323944,28.4003177],[77.0323908,28.4003174],[77.0323872,28.4003171],[77.0323476,28.4003141],[77.0322899,28.4003098],[77.0322322,28.4003057],[77.0321745,28.4003018],[77.0321168,28.400298],[77.032059,28.4002944],[77.0320013,28.4002909],[77.0319435,28.4002876],[77.0318857,28.4002845],[77.0318279,28.4002816],[77.0317701,28.4002788],[77.0317122,28.4002762],[77.0316544,28.4002737],[77.0315965,28.4002714],[77.0315386,28.4002693],[77.0314807,28.4002673],[77.0314229,28.4002656],[77.031365,28.4002639],[77.0313071,28.4002625],[77.0312491,28.4002612],[77.0311912,28.4002601],[77.0311333,28.4002591],[77.0310754,28.4002583],[77.0310175,28.4002577],[77.0309595,28.4002572],[77.0309016,28.4002569],[77.0308437,28.4002568],[77.0307858,28.4002568],[77.0307278,28.400257],[77.0306699,28.4002574],[77.030612,28.4002579],[77.0305541,28.4002586],[77.0304962,28.4002595],[77.0304383,28.4002605],[77.0303804,28.4002617],[77.0303225,28.4002631],[77.0302647,28.4002646],[77.0302068,28.4002663],[77.030149,28.4002682],[77.0300911,28.4002702],[77.0300333,28.4002724],[77.0299755,28.4002748],[77.0299358,28.4002765],[77.0299322,28.4002767],[77.0299285,28.4002768],[77.0299249,28.400277],[77.0299213,28.4002771],[77.0299177,28.4002773],[77.0299141,28.4002775],[77.0299105,28.4002776],[77.0299069,28.4002778],[77.0299033,28.400278],[77.0298997,28.4002781],[77.029896,28.4002783],[77.0298924,28.4002785],[77.0298888,28.4002786],[77.0298852,28.4002788],[77.0298816,28.400279],[77.029878,28.4002791],[77.0298744,28.4002793],[77.0298708,28.4002795],[77.0298672,28.4002796],[77.0298636,28.4002798],[77.0298599,28.40028],[77.0298563,28.4002801],[77.0298527,28.4002803],[77.0298491,28.4002805],[77.0298455,28.4002806],[77.0298419,28.4002808],[77.0298383,28.400281],[77.0298347,28.4002812],[77.0298311,28.4002813],[77.0298275,28.4002815],[77.0298238,28.4002817],[77.0298202,28.4002818],[77.0298166,28.400282],[77.029813,28.4002822],[77.0298094,28.4002824],[77.0298058,28.4002825],[77.0298022,28.4002827],[77.0297986,28.4002829],[77.029795,28.4002831],[77.0297914,28.4002832],[77.0297877,28.4002834],[77.0297841,28.4002836]]},"properties":{"_s":"L2_line","Drawing layer":"Alignment baseline"}},{"type":"Feature","geometry":{"type":"LineString","coordinates":[[77.030182,28.4002645],[77.0301784,28.4002647],[77.0301748,28.4002648],[77.0301712,28.400265],[77.0301676,28.4002652],[77.0301639,28.4002654],[77.0301603,28.4002655],[77.0301567,28.4002657],[77.0301531,28.4002659],[77.0301495,28.4002661],[77.0301459,28.4002662],[77.0301423,28.4002664],[77.0301387,28.4002666],[77.0301351,28.4002667],[77.0301315,28.4002669],[77.0301278,28.4002671],[77.0301242,28.4002673],[77.0301206,28.4002674],[77.030117,28.4002676],[77.0301134,28.4002678],[77.0301098,28.4002679],[77.0301062,28.4002681],[77.0301026,28.4002683],[77.030099,28.4002684],[77.0300954,28.4002686],[77.0300917,28.4002688],[77.0300881,28.400269],[77.0300845,28.4002691],[77.0300809,28.4002693],[77.0300773,28.4002695],[77.0300737,28.4002696],[77.0300701,28.4002698],[77.0300665,28.40027],[77.0300629,28.4002701],[77.0300592,28.4002703],[77.0300556,28.4002704],[77.030052,28.4002706],[77.0300484,28.4002708],[77.0300448,28.4002709],[77.0300412,28.4002711],[77.0300376,28.4002713],[77.030034,28.4002714],[77.0300304,28.4002716],[77.0300263,28.4002718],[77.0300219,28.400272],[77.0300176,28.4002721],[77.0300133,28.4002723],[77.030009,28.4002725],[77.0300046,28.4002727],[77.0300003,28.4002729],[77.029996,28.4002731],[77.0299916,28.4002733],[77.0299873,28.4002734],[77.029983,28.4002736],[77.0299786,28.4002738],[77.0299743,28.400274],[77.02997,28.4002742],[77.0299656,28.4002743],[77.0299613,28.4002745],[77.029957,28.4002747],[77.0299526,28.4002749],[77.0299483,28.400275],[77.029944,28.4002752],[77.0299397,28.4002754],[77.0299353,28.4002756],[77.029931,28.4002757],[77.0299267,28.4002759],[77.0299223,28.4002761],[77.029918,28.4002762],[77.0299137,28.4002764],[77.0299093,28.4002766],[77.029905,28.4002767],[77.0299007,28.4002769],[77.0298963,28.4002771],[77.029892,28.4002772],[77.0298877,28.4002774],[77.0298833,28.4002775],[77.029879,28.4002777],[77.0298747,28.4002779],[77.0298703,28.400278],[77.029866,28.4002782],[77.0298617,28.4002783],[77.0298573,28.4002785],[77.029853,28.4002786],[77.0298487,28.4002788],[77.0298446,28.4002789],[77.029841,28.4002791],[77.0298374,28.4002792],[77.0298338,28.4002793],[77.0298301,28.4002794],[77.0298265,28.4002796],[77.0298229,28.4002797],[77.0298193,28.4002798],[77.0298157,28.4002799],[77.0298121,28.4002801],[77.0298085,28.4002802],[77.0298049,28.4002803],[77.0298012,28.4002804],[77.0297976,28.4002805],[77.029794,28.4002807],[77.0297904,28.4002808],[77.0297868,28.4002809],[77.0297832,28.400281],[77.0297796,28.4002811],[77.0297759,28.4002812],[77.0297723,28.4002814],[77.0297687,28.4002815],[77.0297651,28.4002816],[77.0297615,28.4002817],[77.0297579,28.4002818],[77.0297543,28.4002819],[77.0297507,28.4002821],[77.029747,28.4002822],[77.0297434,28.4002823],[77.0297398,28.4002824],[77.0297362,28.4002825],[77.0297326,28.4002826],[77.029729,28.4002827],[77.0297254,28.4002829],[77.0297218,28.400283],[77.0297181,28.4002831],[77.0297145,28.4002832],[77.0297109,28.4002833],[77.0297073,28.4002834],[77.0297037,28.4002835],[77.0297001,28.4002836],[77.0296965,28.4002838],[77.0296928,28.4002839]]},"properties":{"_s":"L2_line","Drawing layer":"Alignment baseline"}},{"type":"Feature","geometry":{"type":"LineString","coordinates":[[77.024655,28.4004314],[77.0246514,28.4004315],[77.0246478,28.4004316],[77.0246442,28.4004317],[77.0246405,28.4004318],[77.0246369,28.4004319],[77.0246333,28.400432],[77.0246297,28.4004321],[77.0246261,28.4004322],[77.0246225,28.4004323],[77.0246189,28.4004324],[77.0246153,28.4004325],[77.0246116,28.4004326],[77.024608,28.4004327],[77.0246044,28.4004328],[77.0246008,28.4004329],[77.0245972,28.4004329],[77.0245936,28.400433],[77.02459,28.4004331],[77.0245863,28.4004332],[77.0245827,28.4004333],[77.0245791,28.4004334],[77.0245755,28.4004335],[77.0245719,28.4004336],[77.0245683,28.4004337],[77.0245647,28.4004338],[77.024561,28.4004339],[77.0245574,28.400434],[77.0245538,28.4004341],[77.0245502,28.4004341],[77.0245466,28.4004342],[77.024543,28.4004343],[77.0245394,28.4004344],[77.0245357,28.4004345],[77.0245321,28.4004346],[77.0245285,28.4004347],[77.0245249,28.4004348],[77.0245213,28.4004348],[77.0245177,28.4004349],[77.0245141,28.400435],[77.0245104,28.4004351],[77.0245068,28.4004352],[77.0245032,28.4004353],[77.0244989,28.4004354],[77.0244943,28.4004355],[77.0244897,28.4004356],[77.0244851,28.4004357],[77.0244805,28.4004358],[77.0244759,28.4004359],[77.0244713,28.400436],[77.0244667,28.4004361],[77.0244621,28.4004362],[77.0244575,28.4004363],[77.0244529,28.4004363],[77.0244483,28.4004364],[77.0244437,28.4004365],[77.0244391,28.4004366],[77.0244344,28.4004367],[77.0244298,28.4004368],[77.0244252,28.4004369],[77.0244206,28.400437],[77.024416,28.4004371],[77.0244114,28.4004371],[77.0244068,28.4004372],[77.0244022,28.4004373],[77.0243976,28.4004374],[77.024393,28.4004375],[77.0243884,28.4004376],[77.0243838,28.4004376],[77.0243792,28.4004377],[77.0243745,28.4004378],[77.0243699,28.4004379],[77.0243653,28.4004379],[77.0243607,28.400438],[77.0243561,28.4004381],[77.0243515,28.4004382],[77.0243469,28.4004382],[77.0243423,28.4004383],[77.0243377,28.4004384],[77.0243331,28.4004384],[77.0243285,28.4004385],[77.0243239,28.4004386],[77.0243193,28.4004386],[77.0243146,28.4004387],[77.02431,28.4004387],[77.0243058,28.4004388],[77.0243021,28.4004388],[77.0242985,28.4004389],[77.0242949,28.4004389],[77.0242913,28.400439],[77.0242877,28.400439],[77.0242841,28.4004391],[77.0242805,28.4004391],[77.0242768,28.4004392],[77.0242732,28.4004392],[77.0242696,28.4004392],[77.024266,28.4004393],[77.0242624,28.4004393],[77.0242588,28.4004394],[77.0242552,28.4004394],[77.0242515,28.4004394],[77.0242479,28.4004395],[77.0242443,28.4004395],[77.0242407,28.4004396],[77.0242371,28.4004396],[77.0242335,28.4004396],[77.0242298,28.4004397],[77.0242262,28.4004397],[77.0242226,28.4004397],[77.024219,28.4004398],[77.0242154,28.4004398],[77.0242118,28.4004399],[77.0242082,28.4004399],[77.0242045,28.4004399],[77.0242009,28.40044],[77.0241973,28.40044],[77.0241937,28.40044],[77.0241901,28.4004401],[77.0241865,28.4004401],[77.0241828,28.4004401],[77.0241792,28.4004402],[77.0241756,28.4004402],[77.024172,28.4004402],[77.0241684,28.4004403],[77.0241648,28.4004403],[77.0241612,28.4004403],[77.0241575,28.4004404],[77.0241539,28.4004404]]},"properties":{"_s":"L2_line","Drawing layer":"Alignment baseline"}},{"type":"Feature","geometry":{"type":"LineString","coordinates":[[77.0107778,28.4005828],[77.0107742,28.4005829],[77.0107705,28.4005829],[77.0107669,28.400583],[77.0107633,28.400583],[77.0107597,28.400583],[77.0107561,28.4005831],[77.0107525,28.4005831],[77.0107489,28.4005832],[77.0107452,28.4005832],[77.0107416,28.4005833],[77.010738,28.4005833],[77.0107344,28.4005833],[77.0107308,28.4005834],[77.0107272,28.4005834],[77.0107235,28.4005835],[77.0107199,28.4005835],[77.0107163,28.4005836],[77.0107127,28.4005836],[77.0107091,28.4005836],[77.0107055,28.4005837],[77.0107019,28.4005837],[77.0106982,28.4005838],[77.0106946,28.4005838],[77.010691,28.4005839],[77.0106874,28.4005839],[77.0106838,28.400584],[77.0106802,28.400584],[77.0106765,28.4005841],[77.0106729,28.4005841],[77.0106693,28.4005842],[77.0106657,28.4005842],[77.0106621,28.4005843],[77.0106585,28.4005843],[77.0106549,28.4005844],[77.0106512,28.4005844],[77.0106476,28.4005845],[77.010644,28.4005845],[77.0106404,28.4005846],[77.0106368,28.4005846],[77.0106332,28.4005847],[77.0106296,28.4005847],[77.0106259,28.4005848],[77.0106129,28.400585],[77.0105951,28.4005853],[77.0105774,28.4005856],[77.0105596,28.4005859],[77.0105418,28.4005863],[77.0105241,28.4005866],[77.0105063,28.400587],[77.0104886,28.4005874],[77.0104708,28.4005878],[77.010453,28.4005882],[77.0104353,28.4005886],[77.0104175,28.4005891],[77.0103998,28.4005895],[77.010382,28.40059],[77.0103643,28.4005905],[77.0103465,28.400591],[77.0103287,28.4005916],[77.010311,28.4005921],[77.0102932,28.4005927],[77.0102755,28.4005932],[77.0102577,28.4005938],[77.01024,28.4005944],[77.0102222,28.400595],[77.0102045,28.4005957],[77.0101867,28.4005963],[77.010169,28.400597],[77.0101512,28.4005977],[77.0101335,28.4005984],[77.0101157,28.4005991],[77.010098,28.4005998],[77.0100802,28.4006006],[77.0100625,28.4006013],[77.0100447,28.4006021],[77.010027,28.4006029],[77.0100092,28.4006037],[77.0099915,28.4006045],[77.0099738,28.4006054],[77.009956,28.4006062],[77.0099383,28.4006071],[77.0099206,28.400608],[77.0099028,28.4006089],[77.0098851,28.4006098],[77.0098721,28.4006105],[77.0098685,28.4006107],[77.0098648,28.4006109],[77.0098612,28.4006111],[77.0098576,28.4006113],[77.009854,28.4006115],[77.0098504,28.4006117],[77.0098468,28.4006118],[77.0098432,28.400612],[77.0098396,28.4006122],[77.009836,28.4006124],[77.0098324,28.4006126],[77.0098288,28.4006128],[77.0098251,28.400613],[77.0098215,28.4006132],[77.0098179,28.4006134],[77.0098143,28.4006136],[77.0098107,28.4006138],[77.0098071,28.400614],[77.0098035,28.4006142],[77.0097999,28.4006144],[77.0097963,28.4006146],[77.0097927,28.4006148],[77.0097891,28.400615],[77.0097855,28.4006152],[77.0097818,28.4006154],[77.0097782,28.4006156],[77.0097746,28.4006158],[77.009771,28.400616],[77.0097674,28.4006162],[77.0097638,28.4006164],[77.0097602,28.4006166],[77.0097566,28.4006168],[77.009753,28.400617],[77.0097494,28.4006173],[77.0097458,28.4006175],[77.0097422,28.4006177],[77.0097385,28.4006179],[77.0097349,28.4006181],[77.0097313,28.4006183],[77.0097277,28.4006185],[77.0097241,28.4006187],[77.0097205,28.4006189]]},"properties":{"_s":"L2_line","Drawing layer":"Alignment baseline"}},{"type":"Feature","geometry":{"type":"LineString","coordinates":[[77.0093168,28.4006417],[77.0093132,28.4006419],[77.0093096,28.4006421],[77.009306,28.4006423],[77.0093024,28.4006425],[77.0092988,28.4006427],[77.0092951,28.4006429],[77.0092915,28.4006432],[77.0092879,28.4006434],[77.0092843,28.4006436],[77.0092807,28.4006438],[77.0092771,28.400644],[77.0092735,28.4006442],[77.0092699,28.4006444],[77.0092663,28.4006446],[77.0092627,28.4006448],[77.0092591,28.400645],[77.0092555,28.4006452],[77.0092518,28.4006454],[77.0092482,28.4006456],[77.0092446,28.4006458],[77.009241,28.400646],[77.0092374,28.4006462],[77.0092338,28.4006464],[77.0092302,28.4006467],[77.0092266,28.4006469],[77.009223,28.4006471],[77.0092194,28.4006473],[77.0092158,28.4006475],[77.0092122,28.4006477],[77.0092086,28.4006479],[77.0092049,28.4006481],[77.0092013,28.4006483],[77.0091977,28.4006485],[77.0091941,28.4006488],[77.0091905,28.400649],[77.0091869,28.4006492],[77.0091833,28.4006494],[77.0091797,28.4006496],[77.0091761,28.4006498],[77.0091725,28.40065],[77.0091689,28.4006503],[77.0091653,28.4006505],[77.0091335,28.4006524],[77.0090876,28.4006553],[77.0090418,28.4006583],[77.0089959,28.4006614],[77.0089501,28.4006646],[77.0089042,28.4006679],[77.0088584,28.4006713],[77.0088126,28.4006749],[77.0087668,28.4006785],[77.008721,28.4006822],[77.0086752,28.400686],[77.0086294,28.40069],[77.0085836,28.400694],[77.0085379,28.4006982],[77.0084921,28.4007024],[77.0084464,28.4007068],[77.0084006,28.4007112],[77.0083549,28.4007158],[77.0083092,28.4007205],[77.0082635,28.4007252],[77.0082179,28.4007301],[77.0081722,28.4007351],[77.0081265,28.4007402],[77.0080809,28.4007453],[77.0080353,28.4007506],[77.0079897,28.400756],[77.0079441,28.4007615],[77.0078985,28.4007671],[77.007853,28.4007728],[77.0078075,28.4007786],[77.007762,28.4007846],[77.0077165,28.4007906],[77.007671,28.4007967],[77.0076255,28.4008029],[77.0075801,28.4008092],[77.0075347,28.4008157],[77.0074893,28.4008222],[77.0074439,28.4008288],[77.0073986,28.4008356],[77.0073532,28.4008424],[77.0073079,28.4008494],[77.0072626,28.4008564],[77.0072313,28.4008613],[77.0072277,28.4008619],[77.0072242,28.4008625],[77.0072206,28.400863],[77.0072171,28.4008636],[77.0072135,28.4008642],[77.0072099,28.4008647],[77.0072064,28.4008653],[77.0072028,28.4008659],[77.0071993,28.4008664],[77.0071957,28.400867],[77.0071921,28.4008676],[77.0071886,28.4008681],[77.007185,28.4008687],[77.0071815,28.4008693],[77.0071779,28.4008699],[77.0071744,28.4008704],[77.0071708,28.400871],[77.0071672,28.4008716],[77.0071637,28.4008722],[77.0071601,28.4008727],[77.0071566,28.4008733],[77.007153,28.4008739],[77.0071495,28.4008744],[77.0071459,28.400875],[77.0071423,28.4008756],[77.0071388,28.4008762],[77.0071352,28.4008767],[77.0071317,28.4008773],[77.0071281,28.4008779],[77.0071246,28.4008785],[77.007121,28.400879],[77.0071175,28.4008796],[77.0071139,28.4008802],[77.0071103,28.4008808],[77.0071068,28.4008814],[77.0071032,28.4008819],[77.0070997,28.4008825],[77.0070961,28.4008831],[77.0070926,28.4008837],[77.007089,28.4008842],[77.0070854,28.4008848],[77.0070819,28.4008854]]},"properties":{"_s":"L2_line","Drawing layer":"Alignment baseline"}},{"type":"Feature","geometry":{"type":"LineString","coordinates":[[77.0061078,28.4010434],[77.0061043,28.401044],[77.0061007,28.4010446],[77.0060972,28.4010452],[77.0060936,28.4010457],[77.0060901,28.4010463],[77.0060865,28.4010469],[77.0060829,28.4010475],[77.0060794,28.4010481],[77.0060758,28.4010486],[77.0060723,28.4010492],[77.0060687,28.4010498],[77.0060652,28.4010504],[77.0060616,28.4010509],[77.006058,28.4010515],[77.0060545,28.4010521],[77.0060509,28.4010527],[77.0060474,28.4010532],[77.0060438,28.4010538],[77.0060403,28.4010544],[77.0060367,28.401055],[77.0060332,28.4010555],[77.0060296,28.4010561],[77.006026,28.4010567],[77.0060225,28.4010573],[77.0060189,28.4010578],[77.0060154,28.4010584],[77.0060118,28.401059],[77.0060083,28.4010595],[77.0060047,28.4010601],[77.0060011,28.4010607],[77.0059976,28.4010613],[77.005994,28.4010618],[77.0059905,28.4010624],[77.0059869,28.401063],[77.0059833,28.4010635],[77.0059798,28.4010641],[77.0059762,28.4010647],[77.0059727,28.4010652],[77.0059691,28.4010658],[77.0059656,28.4010664],[77.005962,28.4010669],[77.0059584,28.4010675],[77.0059484,28.4010691],[77.0059351,28.4010712],[77.0059219,28.4010732],[77.0059086,28.4010753],[77.0058953,28.4010774],[77.005882,28.4010794],[77.0058687,28.4010815],[77.0058554,28.4010835],[77.0058422,28.4010856],[77.0058289,28.4010876],[77.0058156,28.4010896],[77.0058023,28.4010916],[77.005789,28.4010936],[77.0057757,28.4010956],[77.0057624,28.4010975],[77.0057491,28.4010995],[77.0057358,28.4011015],[77.0057225,28.4011034],[77.0057092,28.4011054],[77.0056959,28.4011073],[77.0056826,28.4011092],[77.0056693,28.4011111],[77.0056559,28.401113],[77.0056426,28.4011149],[77.0056293,28.4011168],[77.005616,28.4011187],[77.0056027,28.4011206],[77.0055894,28.4011224],[77.005576,28.4011243],[77.0055627,28.4011261],[77.0055494,28.401128],[77.0055361,28.4011298],[77.0055227,28.4011316],[77.0055094,28.4011334],[77.0054961,28.4011352],[77.0054827,28.401137],[77.0054694,28.4011388],[77.0054561,28.4011405],[77.0054427,28.4011423],[77.0054294,28.4011441],[77.0054161,28.4011458],[77.0054027,28.4011475],[77.0053926,28.4011488],[77.0053891,28.4011493],[77.0053855,28.4011498],[77.0053819,28.4011502],[77.0053783,28.4011507],[77.0053748,28.4011511],[77.0053712,28.4011516],[77.0053676,28.4011521],[77.005364,28.4011525],[77.0053604,28.401153],[77.0053569,28.4011534],[77.0053533,28.4011539],[77.0053497,28.4011544],[77.0053461,28.4011548],[77.0053425,28.4011553],[77.005339,28.4011557],[77.0053354,28.4011562],[77.0053318,28.4011566],[77.0053282,28.4011571],[77.0053247,28.4011575],[77.0053211,28.401158],[77.0053175,28.4011584],[77.0053139,28.4011589],[77.0053103,28.4011593],[77.0053068,28.4011598],[77.0053032,28.4011602],[77.0052996,28.4011607],[77.005296,28.4011611],[77.0052924,28.4011616],[77.0052889,28.401162],[77.0052853,28.4011625],[77.0052817,28.4011629],[77.0052781,28.4011634],[77.0052745,28.4011638],[77.005271,28.4011643],[77.0052674,28.4011647],[77.0052638,28.4011652],[77.0052602,28.4011656],[77.0052566,28.4011661],[77.0052531,28.4011665],[77.0052495,28.401167],[77.0052459,28.4011674],[77.0052423,28.4011679]]},"properties":{"_s":"L2_line","Drawing layer":"Alignment baseline"}},{"type":"Feature","geometry":{"type":"LineString","coordinates":[[77.0041503,28.4013049],[77.0041467,28.4013053],[77.0041432,28.4013058],[77.0041396,28.4013062],[77.004136,28.4013067],[77.0041324,28.4013071],[77.0041288,28.4013076],[77.0041253,28.401308],[77.0041217,28.4013085],[77.0041181,28.4013089],[77.0041145,28.4013094],[77.0041109,28.4013098],[77.0041074,28.4013103],[77.0041038,28.4013107],[77.0041002,28.4013112],[77.0040966,28.4013116],[77.004093,28.4013121],[77.0040895,28.4013125],[77.0040859,28.401313],[77.0040823,28.4013134],[77.0040787,28.4013139],[77.0040752,28.4013143],[77.0040716,28.4013148],[77.004068,28.4013152],[77.0040644,28.4013157],[77.0040608,28.4013161],[77.0040573,28.4013166],[77.0040537,28.401317],[77.0040501,28.4013175],[77.0040465,28.401318],[77.0040429,28.4013184],[77.0040394,28.4013189],[77.0040358,28.4013193],[77.0040322,28.4013198],[77.0040286,28.4013202],[77.004025,28.4013207],[77.0040215,28.4013212],[77.0040179,28.4013216],[77.0040143,28.4013221],[77.0040107,28.4013225],[77.0040072,28.401323],[77.0040036,28.4013235],[77.004,28.4013239],[77.0039754,28.4013271],[77.0039404,28.4013317],[77.0039054,28.4013364],[77.0038704,28.4013411],[77.0038354,28.4013459],[77.0038004,28.4013507],[77.0037654,28.4013557],[77.0037304,28.4013606],[77.0036954,28.4013657],[77.0036605,28.4013708],[77.0036255,28.4013759],[77.0035906,28.4013811],[77.0035556,28.4013864],[77.0035207,28.4013918],[77.0034858,28.4013972],[77.0034509,28.4014026],[77.003416,28.4014082],[77.0033812,28.4014137],[77.0033463,28.4014194],[77.0033115,28.4014251],[77.0032767,28.4014309],[77.0032418,28.4014367],[77.003207,28.4014426],[77.0031722,28.4014485],[77.0031375,28.4014546],[77.0031027,28.4014606],[77.003068,28.4014668],[77.0030332,28.401473],[77.0029985,28.4014792],[77.0029638,28.4014855],[77.0029291,28.4014919],[77.0028944,28.4014984],[77.0028598,28.4015049],[77.0028251,28.4015114],[77.0027905,28.401518],[77.0027559,28.4015247],[77.0027213,28.4015315],[77.0026867,28.4015383],[77.0026521,28.4015451],[77.0026176,28.4015521],[77.002583,28.4015591],[77.0025485,28.4015661],[77.0025244,28.4015711],[77.0025208,28.4015718],[77.0025173,28.4015725],[77.0025138,28.4015733],[77.0025103,28.401574],[77.0025068,28.4015747],[77.0025032,28.4015754],[77.0024997,28.4015762],[77.0024962,28.4015769],[77.0024927,28.4015776],[77.0024892,28.4015784],[77.0024856,28.4015791],[77.0024821,28.4015798],[77.0024786,28.4015806],[77.0024751,28.4015813],[77.0024716,28.401582],[77.002468,28.4015828],[77.0024645,28.4015835],[77.002461,28.4015842],[77.0024575,28.401585],[77.002454,28.4015857],[77.0024505,28.4015864],[77.0024469,28.4015872],[77.0024434,28.4015879],[77.0024399,28.4015887],[77.0024364,28.4015894],[77.0024329,28.4015901],[77.0024293,28.4015909],[77.0024258,28.4015916],[77.0024223,28.4015923],[77.0024188,28.4015931],[77.0024153,28.4015938],[77.0024118,28.4015946],[77.0024082,28.4015953],[77.0024047,28.401596],[77.0024012,28.4015968],[77.0023977,28.4015975],[77.0023942,28.4015983],[77.0023906,28.401599],[77.0023871,28.4015997],[77.0023836,28.4016005],[77.0023801,28.4016012],[77.0023766,28.401602]]},"properties":{"_s":"L2_line","Drawing layer":"Alignment baseline"}},{"type":"Feature","geometry":{"type":"LineString","coordinates":[[76.9999174,28.402119],[76.9999139,28.4021198],[76.9999104,28.4021205],[76.9999069,28.4021213],[76.9999034,28.402122],[76.9998998,28.4021227],[76.9998963,28.4021235],[76.9998928,28.4021242],[76.9998893,28.402125],[76.9998858,28.4021257],[76.9998823,28.4021264],[76.9998787,28.4021272],[76.9998752,28.4021279],[76.9998717,28.4021287],[76.9998682,28.4021294],[76.9998647,28.4021301],[76.9998612,28.4021309],[76.9998576,28.4021316],[76.9998541,28.4021324],[76.9998506,28.4021331],[76.9998471,28.4021338],[76.9998436,28.4021346],[76.9998401,28.4021353],[76.9998365,28.4021361],[76.999833,28.4021368],[76.9998295,28.4021376],[76.999826,28.4021383],[76.9998225,28.4021391],[76.999819,28.4021398],[76.9998154,28.4021405],[76.9998119,28.4021413],[76.9998084,28.402142],[76.9998049,28.4021428],[76.9998014,28.4021435],[76.9997979,28.4021443],[76.9997943,28.402145],[76.9997908,28.4021458],[76.9997873,28.4021465],[76.9997838,28.4021473],[76.9997803,28.402148],[76.9997768,28.4021488],[76.9997733,28.4021495],[76.9997697,28.4021503],[76.9997429,28.402156],[76.9997045,28.4021644],[76.9996661,28.4021728],[76.9996277,28.4021812],[76.9995894,28.4021898],[76.999551,28.4021984],[76.9995127,28.4022071],[76.9994744,28.4022159],[76.9994361,28.4022248],[76.9993978,28.4022337],[76.9993596,28.4022427],[76.9993214,28.4022518],[76.9992832,28.4022609],[76.999245,28.4022702],[76.9992068,28.4022795],[76.9991687,28.4022889],[76.9991306,28.4022983],[76.9990925,28.4023078],[76.9990545,28.4023174],[76.9990164,28.4023271],[76.9989784,28.4023369],[76.9989404,28.4023467],[76.9989025,28.4023566],[76.9988645,28.4023666],[76.9988266,28.4023766],[76.9987887,28.4023868],[76.9987509,28.402397],[76.998713,28.4024072],[76.9986752,28.4024176],[76.9986374,28.402428],[76.9985997,28.4024385],[76.998562,28.4024491],[76.9985242,28.4024597],[76.9984866,28.4024704],[76.9984489,28.4024812],[76.9984113,28.4024921],[76.9983737,28.402503],[76.9983362,28.402514],[76.9982986,28.4025251],[76.9982611,28.4025363],[76.9982237,28.4025475],[76.9981862,28.4025588],[76.9981601,28.4025667],[76.9981567,28.4025677],[76.9981533,28.4025688],[76.9981499,28.4025698],[76.9981465,28.4025709],[76.9981431,28.4025719],[76.9981396,28.402573],[76.9981362,28.402574],[76.9981328,28.402575],[76.9981294,28.4025761],[76.998126,28.4025771],[76.9981226,28.4025782],[76.9981191,28.4025792],[76.9981157,28.4025803],[76.9981123,28.4025813],[76.9981089,28.4025824],[76.9981055,28.4025834],[76.9981021,28.4025845],[76.9980986,28.4025855],[76.9980952,28.4025866],[76.9980918,28.4025876],[76.9980884,28.4025887],[76.998085,28.4025897],[76.9980816,28.4025908],[76.9980782,28.4025918],[76.9980747,28.4025929],[76.9980713,28.4025939],[76.9980679,28.402595],[76.9980645,28.402596],[76.9980611,28.4025971],[76.9980577,28.4025981],[76.9980543,28.4025992],[76.9980508,28.4026002],[76.9980474,28.4026013],[76.998044,28.4026023],[76.9980406,28.4026034],[76.9980372,28.4026045],[76.9980338,28.4026055],[76.9980304,28.4026066],[76.9980269,28.4026076],[76.9980235,28.4026087],[76.9980201,28.4026097],[76.9980167,28.4026108]]},"properties":{"_s":"L2_line","Drawing layer":"Alignment baseline"}},{"type":"Feature","geometry":{"type":"LineString","coordinates":[[76.9962649,28.4031514],[76.9962614,28.4031525],[76.996258,28.4031535],[76.9962546,28.4031546],[76.9962512,28.4031557],[76.9962478,28.4031567],[76.9962444,28.4031578],[76.996241,28.4031588],[76.9962376,28.4031599],[76.9962341,28.4031609],[76.9962307,28.403162],[76.9962273,28.403163],[76.9962239,28.4031641],[76.9962205,28.4031651],[76.9962171,28.4031662],[76.9962137,28.4031673],[76.9962102,28.4031683],[76.9962068,28.4031694],[76.9962034,28.4031704],[76.9962,28.4031715],[76.9961966,28.4031725],[76.9961932,28.4031736],[76.9961898,28.4031746],[76.9961864,28.4031757],[76.9961829,28.4031768],[76.9961795,28.4031778],[76.9961761,28.4031789],[76.9961727,28.4031799],[76.9961693,28.403181],[76.9961659,28.4031821],[76.9961625,28.4031831],[76.9961591,28.4031842],[76.9961557,28.4031852],[76.9961522,28.4031863],[76.9961488,28.4031874],[76.9961454,28.4031884],[76.996142,28.4031895],[76.9961386,28.4031905],[76.9961352,28.4031916],[76.9961318,28.4031927],[76.9961284,28.4031937],[76.996125,28.4031948],[76.9961216,28.4031959],[76.9961028,28.4032017],[76.9960764,28.4032101],[76.9960499,28.4032184],[76.9960235,28.4032268],[76.9959972,28.4032352],[76.9959708,28.4032437],[76.9959444,28.4032522],[76.9959181,28.4032607],[76.9958918,28.4032693],[76.9958654,28.4032779],[76.9958391,28.4032866],[76.9958129,28.4032953],[76.9957866,28.403304],[76.9957603,28.4033127],[76.9957341,28.4033215],[76.9957079,28.4033304],[76.9956817,28.4033392],[76.9956555,28.4033481],[76.9956293,28.4033571],[76.9956031,28.4033661],[76.995577,28.4033751],[76.9955509,28.4033841],[76.9955247,28.4033932],[76.9954986,28.4034023],[76.9954726,28.4034115],[76.9954465,28.4034207],[76.9954205,28.4034299],[76.9953944,28.4034392],[76.9953684,28.4034485],[76.9953424,28.4034578],[76.9953164,28.4034672],[76.9952905,28.4034766],[76.9952645,28.4034861],[76.9952386,28.4034956],[76.9952127,28.4035051],[76.9951868,28.4035146],[76.9951609,28.4035242],[76.9951351,28.4035338],[76.9951092,28.4035435],[76.9950834,28.4035532],[76.9950576,28.4035629],[76.9950318,28.4035727],[76.9950135,28.4035797],[76.9950102,28.4035809],[76.9950069,28.4035822],[76.9950036,28.4035835],[76.9950002,28.4035847],[76.9949969,28.403586],[76.9949936,28.4035873],[76.9949903,28.4035885],[76.994987,28.4035898],[76.9949836,28.4035911],[76.9949803,28.4035923],[76.994977,28.4035936],[76.9949737,28.4035949],[76.9949704,28.4035961],[76.994967,28.4035974],[76.9949637,28.4035987],[76.9949604,28.4036],[76.9949571,28.4036012],[76.9949538,28.4036025],[76.9949505,28.4036038],[76.9949471,28.4036051],[76.9949438,28.4036063],[76.9949405,28.4036076],[76.9949372,28.4036089],[76.9949339,28.4036101],[76.9949306,28.4036114],[76.9949273,28.4036127],[76.9949239,28.403614],[76.9949206,28.4036152],[76.9949173,28.4036165],[76.994914,28.4036178],[76.9949107,28.4036191],[76.9949074,28.4036204],[76.994904,28.4036216],[76.9949007,28.4036229],[76.9948974,28.4036242],[76.9948941,28.4036255],[76.9948908,28.4036267],[76.9948875,28.403628],[76.9948842,28.4036293],[76.9948808,28.4036306],[76.9948775,28.4036318],[76.9948742,28.4036331]]},"properties":{"_s":"L2_line","Drawing layer":"Alignment baseline"}},{"type":"Feature","geometry":{"type":"LineString","coordinates":[[76.9917708,28.4048286],[76.9917675,28.4048299],[76.9917642,28.4048312],[76.9917609,28.4048325],[76.9917576,28.4048337],[76.9917543,28.404835],[76.991751,28.4048363],[76.9917476,28.4048376],[76.9917443,28.4048388],[76.991741,28.4048401],[76.9917377,28.4048414],[76.9917344,28.4048427],[76.9917311,28.4048439],[76.9917278,28.4048452],[76.9917244,28.4048465],[76.9917211,28.4048478],[76.9917178,28.4048491],[76.9917145,28.4048503],[76.9917112,28.4048516],[76.9917079,28.4048529],[76.9917046,28.4048542],[76.9917012,28.4048555],[76.9916979,28.4048567],[76.9916946,28.404858],[76.9916913,28.4048593],[76.991688,28.4048606],[76.9916847,28.4048619],[76.9916814,28.4048631],[76.9916781,28.4048644],[76.9916747,28.4048657],[76.9916714,28.404867],[76.9916681,28.4048683],[76.9916648,28.4048696],[76.9916615,28.4048708],[76.9916582,28.4048721],[76.9916549,28.4048734],[76.9916516,28.4048747],[76.9916483,28.404876],[76.9916449,28.4048773],[76.9916416,28.4048786],[76.9916383,28.4048798],[76.991635,28.4048811],[76.9916317,28.4048824],[76.9916181,28.4048877],[76.9915994,28.404895],[76.9915808,28.4049024],[76.9915621,28.4049097],[76.9915434,28.4049171],[76.9915248,28.4049245],[76.9915061,28.4049319],[76.9914875,28.4049393],[76.9914689,28.4049467],[76.9914502,28.4049542],[76.9914316,28.4049617],[76.991413,28.4049692],[76.9913945,28.4049767],[76.9913759,28.4049842],[76.9913573,28.4049918],[76.9913387,28.4049994],[76.9913202,28.405007],[76.9913017,28.4050146],[76.9912831,28.4050222],[76.9912646,28.4050299],[76.9912461,28.4050375],[76.9912276,28.4050452],[76.9912091,28.4050529],[76.9911906,28.4050607],[76.9911722,28.4050684],[76.9911537,28.4050762],[76.9911352,28.4050839],[76.9911168,28.4050917],[76.9910984,28.4050996],[76.99108,28.4051074],[76.9910616,28.4051153],[76.9910432,28.4051231],[76.9910248,28.405131],[76.9910064,28.4051389],[76.990988,28.4051469],[76.9909697,28.4051548],[76.9909513,28.4051628],[76.990933,28.4051708],[76.9909147,28.4051788],[76.9908963,28.4051868],[76.990878,28.4051948],[76.9908597,28.4052029],[76.9908465,28.4052088],[76.9908432,28.4052102],[76.99084,28.4052116],[76.9908368,28.4052131],[76.9908335,28.4052145],[76.9908303,28.4052159],[76.9908271,28.4052173],[76.9908238,28.4052188],[76.9908206,28.4052202],[76.9908174,28.4052216],[76.9908141,28.4052231],[76.9908109,28.4052245],[76.9908077,28.405226],[76.9908045,28.4052274],[76.9908012,28.4052288],[76.990798,28.4052303],[76.9907948,28.4052317],[76.9907915,28.4052331],[76.9907883,28.4052346],[76.9907851,28.405236],[76.9907818,28.4052375],[76.9907786,28.4052389],[76.9907754,28.4052403],[76.9907722,28.4052418],[76.9907689,28.4052432],[76.9907657,28.4052446],[76.9907625,28.4052461],[76.9907593,28.4052475],[76.990756,28.405249],[76.9907528,28.4052504],[76.9907496,28.4052518],[76.9907463,28.4052533],[76.9907431,28.4052547],[76.9907399,28.4052562],[76.9907367,28.4052576],[76.9907334,28.4052591],[76.9907302,28.4052605],[76.990727,28.4052619],[76.9907237,28.4052634],[76.9907205,28.4052648],[76.9907173,28.4052663],[76.9907141,28.4052677],[76.9907108,28.4052691]]},"properties":{"_s":"L2_line","Drawing layer":"Alignment baseline"}},{"type":"Feature","geometry":{"type":"LineString","coordinates":[[76.9879134,28.406519],[76.9879101,28.4065204],[76.9879069,28.4065219],[76.9879037,28.4065233],[76.9879005,28.4065248],[76.9878972,28.4065262],[76.987894,28.4065276],[76.9878908,28.4065291],[76.9878876,28.4065305],[76.9878843,28.406532],[76.9878811,28.4065334],[76.9878779,28.4065349],[76.9878746,28.4065363],[76.9878714,28.4065377],[76.9878682,28.4065392],[76.987865,28.4065406],[76.9878617,28.4065421],[76.9878585,28.4065435],[76.9878553,28.406545],[76.9878521,28.4065464],[76.9878488,28.4065479],[76.9878456,28.4065493],[76.9878424,28.4065507],[76.9878392,28.4065522],[76.9878359,28.4065536],[76.9878327,28.4065551],[76.9878295,28.4065565],[76.9878263,28.406558],[76.987823,28.4065594],[76.9878198,28.4065609],[76.9878166,28.4065623],[76.9878134,28.4065638],[76.9878101,28.4065652],[76.9878069,28.4065667],[76.9878037,28.4065681],[76.9878005,28.4065696],[76.9877973,28.406571],[76.987794,28.4065725],[76.9877908,28.4065739],[76.9877876,28.4065754],[76.9877844,28.4065768],[76.9877811,28.4065783],[76.9877779,28.4065797],[76.9877214,28.4066053],[76.9876385,28.4066433],[76.9875558,28.4066818],[76.9874732,28.4067206],[76.9873909,28.4067597],[76.9873088,28.4067993],[76.9872269,28.4068393],[76.9871453,28.4068797],[76.9870638,28.4069204],[76.9869826,28.4069615],[76.9869017,28.407003],[76.9868209,28.4070449],[76.9867404,28.4070872],[76.9866602,28.4071298],[76.9865801,28.4071728],[76.9865004,28.4072162],[76.9864209,28.40726],[76.9863416,28.4073041],[76.9862626,28.4073486],[76.9861839,28.4073935],[76.9861054,28.4074388],[76.9860272,28.4074844],[76.9859493,28.4075303],[76.9858716,28.4075767],[76.9857942,28.4076233],[76.9857172,28.4076704],[76.9856403,28.4077178],[76.9855638,28.4077655],[76.9854876,28.4078136],[76.9854117,28.4078621],[76.985336,28.4079108],[76.9852607,28.40796],[76.9851856,28.4080094],[76.9851109,28.4080593],[76.9850365,28.4081094],[76.9849624,28.4081599],[76.9848886,28.4082107],[76.9848151,28.4082618],[76.984742,28.4083133],[76.9846691,28.4083651],[76.9845966,28.4084172],[76.9845244,28.4084697],[76.9844756,28.4085055],[76.9844728,28.4085075],[76.98447,28.4085096],[76.9844672,28.4085116],[76.9844645,28.4085137],[76.9844617,28.4085157],[76.9844589,28.4085178],[76.9844561,28.4085198],[76.9844534,28.4085219],[76.9844506,28.4085239],[76.9844478,28.408526],[76.984445,28.408528],[76.9844423,28.4085301],[76.9844395,28.4085321],[76.9844367,28.4085342],[76.9844339,28.4085362],[76.9844312,28.4085383],[76.9844284,28.4085403],[76.9844256,28.4085424],[76.9844228,28.4085444],[76.9844201,28.4085465],[76.9844173,28.4085485],[76.9844145,28.4085506],[76.9844118,28.4085526],[76.984409,28.4085547],[76.9844062,28.4085567],[76.9844034,28.4085588],[76.9844007,28.4085609],[76.9843979,28.4085629],[76.9843951,28.408565],[76.9843924,28.408567],[76.9843896,28.4085691],[76.9843868,28.4085711],[76.984384,28.4085732],[76.9843813,28.4085752],[76.9843785,28.4085773],[76.9843757,28.4085793],[76.984373,28.4085814],[76.9843702,28.4085835],[76.9843674,28.4085855],[76.9843647,28.4085876],[76.9843619,28.4085896],[76.9843591,28.4085917]]},"properties":{"_s":"L2_line","Drawing layer":"Alignment baseline"}},{"type":"Feature","geometry":{"type":"LineString","coordinates":[[76.9841852,28.4087207],[76.9841779,28.4087262],[76.9841705,28.4087317],[76.9841631,28.4087371],[76.9841558,28.4087426],[76.9841484,28.4087481],[76.984141,28.4087535],[76.9841337,28.408759],[76.9841263,28.4087645],[76.984119,28.40877],[76.9841116,28.4087755],[76.9841043,28.408781],[76.9840969,28.4087865],[76.9840896,28.408792],[76.9840823,28.4087975],[76.984075,28.408803],[76.9840677,28.4088086],[76.9840604,28.4088141],[76.9840531,28.4088197],[76.9840458,28.4088252],[76.9840385,28.4088308],[76.9840312,28.4088364],[76.984024,28.408842],[76.9840167,28.4088476],[76.9840095,28.4088532],[76.9840023,28.4088588],[76.9839951,28.4088644],[76.9839879,28.4088701],[76.9839807,28.4088758],[76.9839736,28.4088814],[76.9839664,28.4088871],[76.9839593,28.4088928],[76.9839522,28.4088986],[76.9839451,28.4089043],[76.983938,28.4089101],[76.9839309,28.4089158],[76.9839239,28.4089216],[76.9839169,28.4089274],[76.9839098,28.4089333],[76.9839029,28.4089391],[76.9838959,28.408945],[76.983889,28.4089509],[76.983882,28.4089568],[76.9838751,28.4089627],[76.9838683,28.4089687],[76.9838614,28.4089746],[76.9838546,28.4089806],[76.9838478,28.4089867],[76.983841,28.4089927],[76.9838342,28.4089988],[76.9838275,28.4090048],[76.9838208,28.409011],[76.9838142,28.4090171],[76.9838075,28.4090233],[76.9838009,28.4090294],[76.9837943,28.4090356],[76.9837878,28.4090419],[76.9837813,28.4090481],[76.9837748,28.4090544],[76.9837629,28.4090662],[76.9837483,28.4090808],[76.9837339,28.4090955],[76.9837197,28.4091104],[76.9837056,28.4091255],[76.9836917,28.4091407],[76.983678,28.4091561],[76.9836644,28.4091716],[76.983651,28.4091873],[76.9836378,28.4092031],[76.9836248,28.4092191],[76.983612,28.4092352],[76.9835993,28.4092515],[76.9835868,28.4092679],[76.9835745,28.4092844],[76.9835625,28.4093011],[76.9835506,28.4093179],[76.9835389,28.4093348],[76.9835274,28.4093518],[76.9835161,28.409369],[76.9835051,28.4093863],[76.9834942,28.4094037],[76.9834836,28.4094212],[76.9834731,28.4094388],[76.9834629,28.4094566],[76.9834529,28.4094744],[76.9834431,28.4094923],[76.9834336,28.4095104],[76.9834243,28.4095285],[76.9834152,28.4095467],[76.9834063,28.409565],[76.9833977,28.4095834],[76.9833892,28.4096019],[76.9833811,28.4096204],[76.9833731,28.409639],[76.9833654,28.4096577],[76.9833579,28.4096765],[76.9833507,28.4096953],[76.9833437,28.4097142],[76.9833369,28.4097331],[76.9833304,28.4097521],[76.9833242,28.4097711],[76.9833181,28.4097902],[76.9833123,28.4098093],[76.9833068,28.4098285],[76.9833015,28.4098477],[76.9832964,28.4098669],[76.9832916,28.4098861],[76.983287,28.4099054],[76.9832827,28.4099247],[76.9832786,28.409944],[76.9832747,28.4099633],[76.9832711,28.4099827],[76.9832677,28.410002],[76.9832646,28.4100214],[76.9832617,28.4100407],[76.9832591,28.41006],[76.9832567,28.4100794],[76.9832552,28.410093],[76.9832549,28.4100953],[76.9832547,28.4100977],[76.9832544,28.4101],[76.9832542,28.4101023],[76.9832539,28.4101046],[76.9832537,28.4101069],[76.9832535,28.4101092],[76.9832532,28.4101115],[76.983253,28.4101138],[76.9832528,28.4101161],[76.9832526,28.4101184],[76.9832523,28.4101208],[76.9832521,28.4101231],[76.9832519,28.4101254],[76.9832517,28.4101277],[76.9832515,28.41013],[76.9832513,28.4101323],[76.9832511,28.4101346],[76.9832509,28.410137],[76.9832507,28.4101393],[76.9832505,28.4101416],[76.9832503,28.4101439],[76.9832501,28.4101462],[76.9832499,28.4101485],[76.9832497,28.4101508],[76.9832495,28.4101531],[76.9832494,28.4101555],[76.9832492,28.4101578],[76.983249,28.4101601],[76.9832488,28.4101624],[76.9832486,28.4101647],[76.9832485,28.410167],[76.9832483,28.4101694],[76.9832481,28.4101717],[76.9832479,28.410174],[76.9832478,28.4101763],[76.9832476,28.4101786],[76.9832474,28.4101809],[76.9832473,28.4101832],[76.9832471,28.4101856],[76.9832469,28.4101879],[76.9832468,28.4101902],[76.9832466,28.4101925],[76.9832464,28.4101948],[76.9832463,28.4101971],[76.9832461,28.4101995],[76.983246,28.4102018],[76.9832458,28.4102041],[76.9832457,28.4102064],[76.9832455,28.4102087],[76.9832453,28.410211],[76.9832452,28.4102133],[76.983245,28.4102157],[76.9832449,28.410218],[76.9832447,28.4102203],[76.9832446,28.4102226],[76.9832444,28.4102249],[76.9832443,28.4102272]]},"properties":{"_s":"L2_line","Drawing layer":"Alignment baseline"}}]}